[2025-10-31T01:48:49.620+0000] {processor.py:161} INFO - Started process (PID=61) to work on /opt/airflow/dags/my_dag.py
[2025-10-31T01:48:49.643+0000] {processor.py:830} INFO - Processing file /opt/airflow/dags/my_dag.py for tasks to queue
[2025-10-31T01:48:49.652+0000] {logging_mixin.py:188} INFO - [2025-10-31T01:48:49.651+0000] {dagbag.py:538} INFO - Filling up the DagBag from /opt/airflow/dags/my_dag.py
[2025-10-31T01:49:37.415+0000] {logging_mixin.py:188} INFO - [2025-10-31T01:49:37.414+0000] {timeout.py:68} ERROR - Process timed out, PID: 61
[2025-10-31T01:49:37.428+0000] {logging_mixin.py:188} WARNING - Exception ignored in: <function _collection_gced at 0x734037aa5670>
[2025-10-31T01:49:37.446+0000] {logging_mixin.py:188} WARNING - Traceback (most recent call last):
[2025-10-31T01:49:37.447+0000] {logging_mixin.py:188} WARNING -   File "/home/airflow/.local/lib/python3.8/site-packages/sqlalchemy/event/registry.py", line 53, in _collection_gced
[2025-10-31T01:49:37.453+0000] {logging_mixin.py:188} WARNING -     def _collection_gced(ref):
[2025-10-31T01:49:37.455+0000] {logging_mixin.py:188} WARNING -   File "/home/airflow/.local/lib/python3.8/site-packages/airflow/utils/timeout.py", line 69, in handle_timeout
[2025-10-31T01:49:37.459+0000] {logging_mixin.py:188} WARNING -     raise AirflowTaskTimeout(self.error_message)
[2025-10-31T01:49:37.462+0000] {logging_mixin.py:188} WARNING - airflow.exceptions.AirflowTaskTimeout: DagBag import timeout for /opt/airflow/dags/my_dag.py after 30.0s.
Please take a look at these docs to improve your DAG import time:
* https://airflow.apache.org/docs/apache-airflow/2.8.1/best-practices.html#top-level-python-code
* https://airflow.apache.org/docs/apache-airflow/2.8.1/best-practices.html#reducing-dag-complexity, PID: 61
[2025-10-31T01:50:18.222+0000] {processor.py:161} INFO - Started process (PID=82) to work on /opt/airflow/dags/my_dag.py
[2025-10-31T01:50:18.283+0000] {processor.py:830} INFO - Processing file /opt/airflow/dags/my_dag.py for tasks to queue
[2025-10-31T01:50:18.640+0000] {logging_mixin.py:188} INFO - [2025-10-31T01:50:18.550+0000] {dagbag.py:538} INFO - Filling up the DagBag from /opt/airflow/dags/my_dag.py
[2025-10-31T01:50:51.110+0000] {logging_mixin.py:188} INFO - [2025-10-31T01:50:51.097+0000] {timeout.py:68} ERROR - Process timed out, PID: 82
[2025-10-31T01:50:51.315+0000] {logging_mixin.py:188} INFO - [2025-10-31T01:50:51.114+0000] {dagbag.py:348} ERROR - Failed to import: /opt/airflow/dags/my_dag.py
Traceback (most recent call last):
  File "/home/airflow/.local/lib/python3.8/site-packages/airflow/models/dagbag.py", line 344, in parse
    loader.exec_module(new_module)
  File "<frozen importlib._bootstrap_external>", line 843, in exec_module
  File "<frozen importlib._bootstrap>", line 219, in _call_with_frames_removed
  File "/opt/airflow/dags/my_dag.py", line 7, in <module>
    import pandas as pd
  File "/home/airflow/.local/lib/python3.8/site-packages/pandas/__init__.py", line 48, in <module>
    from pandas.core.api import (
  File "/home/airflow/.local/lib/python3.8/site-packages/pandas/core/api.py", line 27, in <module>
    from pandas.core.arrays import Categorical
  File "/home/airflow/.local/lib/python3.8/site-packages/pandas/core/arrays/__init__.py", line 1, in <module>
    from pandas.core.arrays.arrow import ArrowExtensionArray
  File "/home/airflow/.local/lib/python3.8/site-packages/pandas/core/arrays/arrow/__init__.py", line 1, in <module>
    from pandas.core.arrays.arrow.array import ArrowExtensionArray
  File "/home/airflow/.local/lib/python3.8/site-packages/pandas/core/arrays/arrow/array.py", line 77, in <module>
    import pyarrow.compute as pc
  File "/home/airflow/.local/lib/python3.8/site-packages/pyarrow/compute.py", line 18, in <module>
    from pyarrow._compute import (  # noqa
  File "pyarrow/_compute.pyx", line 25, in init pyarrow._compute
  File "<frozen importlib._bootstrap>", line 1017, in _handle_fromlist
  File "/home/airflow/.local/lib/python3.8/site-packages/airflow/utils/timeout.py", line 69, in handle_timeout
    raise AirflowTaskTimeout(self.error_message)
airflow.exceptions.AirflowTaskTimeout: DagBag import timeout for /opt/airflow/dags/my_dag.py after 30.0s.
Please take a look at these docs to improve your DAG import time:
* https://airflow.apache.org/docs/apache-airflow/2.8.1/best-practices.html#top-level-python-code
* https://airflow.apache.org/docs/apache-airflow/2.8.1/best-practices.html#reducing-dag-complexity, PID: 82
[2025-10-31T01:50:51.319+0000] {processor.py:842} WARNING - No viable dags retrieved from /opt/airflow/dags/my_dag.py
[2025-10-31T01:50:52.792+0000] {processor.py:183} INFO - Processing /opt/airflow/dags/my_dag.py took 34.902 seconds
[2025-10-31T01:51:28.585+0000] {processor.py:161} INFO - Started process (PID=102) to work on /opt/airflow/dags/my_dag.py
[2025-10-31T01:51:28.688+0000] {processor.py:830} INFO - Processing file /opt/airflow/dags/my_dag.py for tasks to queue
[2025-10-31T01:51:28.765+0000] {logging_mixin.py:188} INFO - [2025-10-31T01:51:28.705+0000] {dagbag.py:538} INFO - Filling up the DagBag from /opt/airflow/dags/my_dag.py
[2025-10-31T01:52:12.969+0000] {logging_mixin.py:188} INFO - [2025-10-31T01:52:12.968+0000] {timeout.py:68} ERROR - Process timed out, PID: 102
[2025-10-31T01:52:13.100+0000] {logging_mixin.py:188} INFO - [2025-10-31T01:52:12.998+0000] {dagbag.py:348} ERROR - Failed to import: /opt/airflow/dags/my_dag.py
Traceback (most recent call last):
  File "/home/airflow/.local/lib/python3.8/site-packages/airflow/models/dagbag.py", line 344, in parse
    loader.exec_module(new_module)
  File "<frozen importlib._bootstrap_external>", line 843, in exec_module
  File "<frozen importlib._bootstrap>", line 219, in _call_with_frames_removed
  File "/opt/airflow/dags/my_dag.py", line 7, in <module>
    import pandas as pd
  File "/home/airflow/.local/lib/python3.8/site-packages/pandas/__init__.py", line 22, in <module>
    from pandas.compat import is_numpy_dev as _is_numpy_dev  # pyright: ignore # noqa:F401
  File "/home/airflow/.local/lib/python3.8/site-packages/pandas/compat/__init__.py", line 29, in <module>
    from pandas.compat.pyarrow import (
  File "/home/airflow/.local/lib/python3.8/site-packages/pandas/compat/pyarrow.py", line 8, in <module>
    import pyarrow as pa
  File "/home/airflow/.local/lib/python3.8/site-packages/pyarrow/__init__.py", line 65, in <module>
    import pyarrow.lib as _lib
  File "<frozen importlib._bootstrap>", line 389, in parent
  File "/home/airflow/.local/lib/python3.8/site-packages/airflow/utils/timeout.py", line 69, in handle_timeout
    raise AirflowTaskTimeout(self.error_message)
airflow.exceptions.AirflowTaskTimeout: DagBag import timeout for /opt/airflow/dags/my_dag.py after 30.0s.
Please take a look at these docs to improve your DAG import time:
* https://airflow.apache.org/docs/apache-airflow/2.8.1/best-practices.html#top-level-python-code
* https://airflow.apache.org/docs/apache-airflow/2.8.1/best-practices.html#reducing-dag-complexity, PID: 102
[2025-10-31T01:52:13.106+0000] {processor.py:842} WARNING - No viable dags retrieved from /opt/airflow/dags/my_dag.py
[2025-10-31T01:53:17.682+0000] {processor.py:161} INFO - Started process (PID=127) to work on /opt/airflow/dags/my_dag.py
[2025-10-31T01:53:17.735+0000] {processor.py:830} INFO - Processing file /opt/airflow/dags/my_dag.py for tasks to queue
[2025-10-31T01:53:17.847+0000] {logging_mixin.py:188} INFO - [2025-10-31T01:53:17.846+0000] {dagbag.py:538} INFO - Filling up the DagBag from /opt/airflow/dags/my_dag.py
[2025-10-31T01:53:55.528+0000] {logging_mixin.py:188} INFO - [2025-10-31T01:53:55.507+0000] {timeout.py:68} ERROR - Process timed out, PID: 127
[2025-10-31T01:53:56.269+0000] {logging_mixin.py:188} INFO - [2025-10-31T01:53:55.857+0000] {dagbag.py:348} ERROR - Failed to import: /opt/airflow/dags/my_dag.py
Traceback (most recent call last):
  File "/home/airflow/.local/lib/python3.8/site-packages/airflow/models/dagbag.py", line 344, in parse
    loader.exec_module(new_module)
  File "<frozen importlib._bootstrap_external>", line 843, in exec_module
  File "<frozen importlib._bootstrap>", line 219, in _call_with_frames_removed
  File "/opt/airflow/dags/my_dag.py", line 7, in <module>
    import pandas as pd
  File "/home/airflow/.local/lib/python3.8/site-packages/pandas/__init__.py", line 22, in <module>
    from pandas.compat import is_numpy_dev as _is_numpy_dev  # pyright: ignore # noqa:F401
  File "/home/airflow/.local/lib/python3.8/site-packages/pandas/compat/__init__.py", line 25, in <module>
    from pandas.compat.numpy import (
  File "/home/airflow/.local/lib/python3.8/site-packages/pandas/compat/numpy/__init__.py", line 4, in <module>
    from pandas.util.version import Version
  File "/home/airflow/.local/lib/python3.8/site-packages/pandas/util/__init__.py", line 2, in <module>
    from pandas.util._decorators import (  # noqa:F401
  File "/home/airflow/.local/lib/python3.8/site-packages/pandas/util/_decorators.py", line 14, in <module>
    from pandas._libs.properties import cache_readonly
  File "/home/airflow/.local/lib/python3.8/site-packages/pandas/_libs/__init__.py", line 13, in <module>
    from pandas._libs.interval import Interval
  File "pandas/_libs/interval.pyx", line 1, in init pandas._libs.interval
  File "pandas/_libs/hashtable.pyx", line 1, in init pandas._libs.hashtable
  File "pandas/_libs/missing.pyx", line 1, in init pandas._libs.missing
  File "/home/airflow/.local/lib/python3.8/site-packages/pandas/_libs/tslibs/__init__.py", line 39, in <module>
    from pandas._libs.tslibs.conversion import localize_pydatetime
  File "pandas/_libs/tslibs/conversion.pyx", line 1, in init pandas._libs.tslibs.conversion
  File "pandas/_libs/tslibs/offsets.pyx", line 1, in init pandas._libs.tslibs.offsets
  File "pandas/_libs/tslibs/timestamps.pyx", line 1, in init pandas._libs.tslibs.timestamps
  File "pandas/_libs/tslibs/timedeltas.pyx", line 1, in init pandas._libs.tslibs.timedeltas
  File "<frozen importlib._bootstrap>", line 194, in _lock_unlock_module
  File "/home/airflow/.local/lib/python3.8/site-packages/airflow/utils/timeout.py", line 69, in handle_timeout
    raise AirflowTaskTimeout(self.error_message)
airflow.exceptions.AirflowTaskTimeout: DagBag import timeout for /opt/airflow/dags/my_dag.py after 30.0s.
Please take a look at these docs to improve your DAG import time:
* https://airflow.apache.org/docs/apache-airflow/2.8.1/best-practices.html#top-level-python-code
* https://airflow.apache.org/docs/apache-airflow/2.8.1/best-practices.html#reducing-dag-complexity, PID: 127
[2025-10-31T01:53:56.292+0000] {processor.py:842} WARNING - No viable dags retrieved from /opt/airflow/dags/my_dag.py
[2025-10-31T01:53:57.511+0000] {processor.py:183} INFO - Processing /opt/airflow/dags/my_dag.py took 37.924 seconds
[2025-10-31T02:01:31.488+0000] {processor.py:161} INFO - Started process (PID=58) to work on /opt/airflow/dags/my_dag.py
[2025-10-31T02:01:31.510+0000] {processor.py:830} INFO - Processing file /opt/airflow/dags/my_dag.py for tasks to queue
[2025-10-31T02:01:31.525+0000] {logging_mixin.py:188} INFO - [2025-10-31T02:01:31.523+0000] {dagbag.py:538} INFO - Filling up the DagBag from /opt/airflow/dags/my_dag.py
[2025-10-31T02:01:44.306+0000] {processor.py:840} INFO - DAG(s) 'my_dag' retrieved from /opt/airflow/dags/my_dag.py
[2025-10-31T02:01:46.068+0000] {logging_mixin.py:188} INFO - [2025-10-31T02:01:46.067+0000] {dag.py:3036} INFO - Sync 1 DAGs
[2025-10-31T02:01:46.148+0000] {logging_mixin.py:188} INFO - [2025-10-31T02:01:46.148+0000] {dag.py:3823} INFO - Setting next_dagrun for my_dag to None, run_after=None
[2025-10-31T02:01:46.391+0000] {processor.py:183} INFO - Processing /opt/airflow/dags/my_dag.py took 13.743 seconds
[2025-10-31T02:02:17.485+0000] {processor.py:161} INFO - Started process (PID=79) to work on /opt/airflow/dags/my_dag.py
[2025-10-31T02:02:17.487+0000] {processor.py:830} INFO - Processing file /opt/airflow/dags/my_dag.py for tasks to queue
[2025-10-31T02:02:17.493+0000] {logging_mixin.py:188} INFO - [2025-10-31T02:02:17.492+0000] {dagbag.py:538} INFO - Filling up the DagBag from /opt/airflow/dags/my_dag.py
[2025-10-31T02:02:20.189+0000] {processor.py:840} INFO - DAG(s) 'my_dag' retrieved from /opt/airflow/dags/my_dag.py
[2025-10-31T02:02:20.458+0000] {logging_mixin.py:188} INFO - [2025-10-31T02:02:20.455+0000] {dag.py:3036} INFO - Sync 1 DAGs
[2025-10-31T02:02:20.640+0000] {logging_mixin.py:188} INFO - [2025-10-31T02:02:20.640+0000] {dag.py:3823} INFO - Setting next_dagrun for my_dag to None, run_after=None
[2025-10-31T02:02:20.738+0000] {processor.py:183} INFO - Processing /opt/airflow/dags/my_dag.py took 3.262 seconds
[2025-10-31T02:02:51.301+0000] {processor.py:161} INFO - Started process (PID=98) to work on /opt/airflow/dags/my_dag.py
[2025-10-31T02:02:51.344+0000] {processor.py:830} INFO - Processing file /opt/airflow/dags/my_dag.py for tasks to queue
[2025-10-31T02:02:51.355+0000] {logging_mixin.py:188} INFO - [2025-10-31T02:02:51.354+0000] {dagbag.py:538} INFO - Filling up the DagBag from /opt/airflow/dags/my_dag.py
[2025-10-31T02:02:54.052+0000] {processor.py:840} INFO - DAG(s) 'my_dag' retrieved from /opt/airflow/dags/my_dag.py
[2025-10-31T02:02:55.047+0000] {logging_mixin.py:188} INFO - [2025-10-31T02:02:55.046+0000] {dag.py:3036} INFO - Sync 1 DAGs
[2025-10-31T02:02:55.173+0000] {logging_mixin.py:188} INFO - [2025-10-31T02:02:55.173+0000] {dag.py:3823} INFO - Setting next_dagrun for my_dag to None, run_after=None
[2025-10-31T02:02:55.578+0000] {processor.py:183} INFO - Processing /opt/airflow/dags/my_dag.py took 4.287 seconds
[2025-10-31T02:03:26.027+0000] {processor.py:161} INFO - Started process (PID=109) to work on /opt/airflow/dags/my_dag.py
[2025-10-31T02:03:26.038+0000] {processor.py:830} INFO - Processing file /opt/airflow/dags/my_dag.py for tasks to queue
[2025-10-31T02:03:26.047+0000] {logging_mixin.py:188} INFO - [2025-10-31T02:03:26.046+0000] {dagbag.py:538} INFO - Filling up the DagBag from /opt/airflow/dags/my_dag.py
[2025-10-31T02:03:28.452+0000] {processor.py:840} INFO - DAG(s) 'my_dag' retrieved from /opt/airflow/dags/my_dag.py
[2025-10-31T02:03:28.587+0000] {logging_mixin.py:188} INFO - [2025-10-31T02:03:28.586+0000] {dag.py:3036} INFO - Sync 1 DAGs
[2025-10-31T02:03:28.695+0000] {logging_mixin.py:188} INFO - [2025-10-31T02:03:28.685+0000] {dag.py:3823} INFO - Setting next_dagrun for my_dag to None, run_after=None
[2025-10-31T02:03:29.744+0000] {processor.py:183} INFO - Processing /opt/airflow/dags/my_dag.py took 3.736 seconds
[2025-10-31T02:04:01.191+0000] {processor.py:161} INFO - Started process (PID=121) to work on /opt/airflow/dags/my_dag.py
[2025-10-31T02:04:01.196+0000] {processor.py:830} INFO - Processing file /opt/airflow/dags/my_dag.py for tasks to queue
[2025-10-31T02:04:01.223+0000] {logging_mixin.py:188} INFO - [2025-10-31T02:04:01.222+0000] {dagbag.py:538} INFO - Filling up the DagBag from /opt/airflow/dags/my_dag.py
[2025-10-31T02:04:03.701+0000] {processor.py:840} INFO - DAG(s) 'my_dag' retrieved from /opt/airflow/dags/my_dag.py
[2025-10-31T02:04:03.814+0000] {logging_mixin.py:188} INFO - [2025-10-31T02:04:03.813+0000] {dag.py:3036} INFO - Sync 1 DAGs
[2025-10-31T02:04:04.124+0000] {logging_mixin.py:188} INFO - [2025-10-31T02:04:04.123+0000] {dag.py:3823} INFO - Setting next_dagrun for my_dag to None, run_after=None
[2025-10-31T02:04:04.383+0000] {processor.py:183} INFO - Processing /opt/airflow/dags/my_dag.py took 3.210 seconds
[2025-10-31T02:04:35.588+0000] {processor.py:161} INFO - Started process (PID=133) to work on /opt/airflow/dags/my_dag.py
[2025-10-31T02:04:35.590+0000] {processor.py:830} INFO - Processing file /opt/airflow/dags/my_dag.py for tasks to queue
[2025-10-31T02:04:35.610+0000] {logging_mixin.py:188} INFO - [2025-10-31T02:04:35.603+0000] {dagbag.py:538} INFO - Filling up the DagBag from /opt/airflow/dags/my_dag.py
[2025-10-31T02:04:37.696+0000] {processor.py:840} INFO - DAG(s) 'my_dag' retrieved from /opt/airflow/dags/my_dag.py
[2025-10-31T02:04:38.068+0000] {logging_mixin.py:188} INFO - [2025-10-31T02:04:38.066+0000] {dag.py:3036} INFO - Sync 1 DAGs
[2025-10-31T02:04:38.096+0000] {logging_mixin.py:188} INFO - [2025-10-31T02:04:38.096+0000] {dag.py:3823} INFO - Setting next_dagrun for my_dag to None, run_after=None
[2025-10-31T02:04:38.213+0000] {processor.py:183} INFO - Processing /opt/airflow/dags/my_dag.py took 2.656 seconds
[2025-10-31T02:05:09.821+0000] {processor.py:161} INFO - Started process (PID=145) to work on /opt/airflow/dags/my_dag.py
[2025-10-31T02:05:09.825+0000] {processor.py:830} INFO - Processing file /opt/airflow/dags/my_dag.py for tasks to queue
[2025-10-31T02:05:09.830+0000] {logging_mixin.py:188} INFO - [2025-10-31T02:05:09.829+0000] {dagbag.py:538} INFO - Filling up the DagBag from /opt/airflow/dags/my_dag.py
[2025-10-31T02:05:12.356+0000] {processor.py:840} INFO - DAG(s) 'my_dag' retrieved from /opt/airflow/dags/my_dag.py
[2025-10-31T02:05:12.495+0000] {logging_mixin.py:188} INFO - [2025-10-31T02:05:12.493+0000] {dag.py:3036} INFO - Sync 1 DAGs
[2025-10-31T02:05:12.581+0000] {logging_mixin.py:188} INFO - [2025-10-31T02:05:12.581+0000] {dag.py:3823} INFO - Setting next_dagrun for my_dag to None, run_after=None
[2025-10-31T02:05:12.978+0000] {processor.py:183} INFO - Processing /opt/airflow/dags/my_dag.py took 3.191 seconds
[2025-10-31T02:05:44.034+0000] {processor.py:161} INFO - Started process (PID=157) to work on /opt/airflow/dags/my_dag.py
[2025-10-31T02:05:44.039+0000] {processor.py:830} INFO - Processing file /opt/airflow/dags/my_dag.py for tasks to queue
[2025-10-31T02:05:44.059+0000] {logging_mixin.py:188} INFO - [2025-10-31T02:05:44.058+0000] {dagbag.py:538} INFO - Filling up the DagBag from /opt/airflow/dags/my_dag.py
[2025-10-31T02:06:11.989+0000] {processor.py:840} INFO - DAG(s) 'my_dag' retrieved from /opt/airflow/dags/my_dag.py
[2025-10-31T02:06:12.503+0000] {logging_mixin.py:188} INFO - [2025-10-31T02:06:12.502+0000] {dag.py:3036} INFO - Sync 1 DAGs
[2025-10-31T02:06:12.930+0000] {logging_mixin.py:188} INFO - [2025-10-31T02:06:12.929+0000] {dag.py:3823} INFO - Setting next_dagrun for my_dag to None, run_after=None
[2025-10-31T02:06:13.175+0000] {processor.py:183} INFO - Processing /opt/airflow/dags/my_dag.py took 27.888 seconds
[2025-10-31T02:06:48.774+0000] {processor.py:161} INFO - Started process (PID=177) to work on /opt/airflow/dags/my_dag.py
[2025-10-31T02:06:48.812+0000] {processor.py:830} INFO - Processing file /opt/airflow/dags/my_dag.py for tasks to queue
[2025-10-31T02:06:49.856+0000] {logging_mixin.py:188} INFO - [2025-10-31T02:06:49.801+0000] {dagbag.py:538} INFO - Filling up the DagBag from /opt/airflow/dags/my_dag.py
[2025-10-31T02:07:27.278+0000] {logging_mixin.py:188} INFO - [2025-10-31T02:07:27.264+0000] {timeout.py:68} ERROR - Process timed out, PID: 177
[2025-10-31T02:07:29.024+0000] {logging_mixin.py:188} INFO - [2025-10-31T02:07:27.404+0000] {dagbag.py:348} ERROR - Failed to import: /opt/airflow/dags/my_dag.py
Traceback (most recent call last):
  File "/home/airflow/.local/lib/python3.8/site-packages/airflow/models/dagbag.py", line 344, in parse
    loader.exec_module(new_module)
  File "<frozen importlib._bootstrap_external>", line 843, in exec_module
  File "<frozen importlib._bootstrap>", line 219, in _call_with_frames_removed
  File "/opt/airflow/dags/my_dag.py", line 7, in <module>
    import pandas as pd
  File "/home/airflow/.local/lib/python3.8/site-packages/pandas/__init__.py", line 48, in <module>
    from pandas.core.api import (
  File "/home/airflow/.local/lib/python3.8/site-packages/pandas/core/api.py", line 27, in <module>
    from pandas.core.arrays import Categorical
  File "/home/airflow/.local/lib/python3.8/site-packages/pandas/core/arrays/__init__.py", line 1, in <module>
    from pandas.core.arrays.arrow import ArrowExtensionArray
  File "/home/airflow/.local/lib/python3.8/site-packages/pandas/core/arrays/arrow/__init__.py", line 1, in <module>
    from pandas.core.arrays.arrow.array import ArrowExtensionArray
  File "/home/airflow/.local/lib/python3.8/site-packages/pandas/core/arrays/arrow/array.py", line 77, in <module>
    import pyarrow.compute as pc
  File "/home/airflow/.local/lib/python3.8/site-packages/pyarrow/compute.py", line 18, in <module>
    from pyarrow._compute import (  # noqa
  File "pyarrow/_compute.pyx", line 1501, in init pyarrow._compute
  File "pyarrow/_compute.pyx", line 829, in pyarrow._compute._min_count_doc
  File "/home/airflow/.local/lib/python3.8/site-packages/airflow/utils/timeout.py", line 69, in handle_timeout
    raise AirflowTaskTimeout(self.error_message)
airflow.exceptions.AirflowTaskTimeout: DagBag import timeout for /opt/airflow/dags/my_dag.py after 30.0s.
Please take a look at these docs to improve your DAG import time:
* https://airflow.apache.org/docs/apache-airflow/2.8.1/best-practices.html#top-level-python-code
* https://airflow.apache.org/docs/apache-airflow/2.8.1/best-practices.html#reducing-dag-complexity, PID: 177
[2025-10-31T02:07:29.061+0000] {processor.py:842} WARNING - No viable dags retrieved from /opt/airflow/dags/my_dag.py
[2025-10-31T02:07:30.288+0000] {processor.py:183} INFO - Processing /opt/airflow/dags/my_dag.py took 40.887 seconds
[2025-10-31T02:08:01.539+0000] {processor.py:161} INFO - Started process (PID=196) to work on /opt/airflow/dags/my_dag.py
[2025-10-31T02:08:02.092+0000] {processor.py:830} INFO - Processing file /opt/airflow/dags/my_dag.py for tasks to queue
[2025-10-31T02:08:03.388+0000] {logging_mixin.py:188} INFO - [2025-10-31T02:08:03.322+0000] {dagbag.py:538} INFO - Filling up the DagBag from /opt/airflow/dags/my_dag.py
[2025-10-31T02:09:22.902+0000] {processor.py:161} INFO - Started process (PID=219) to work on /opt/airflow/dags/my_dag.py
[2025-10-31T02:09:22.973+0000] {processor.py:830} INFO - Processing file /opt/airflow/dags/my_dag.py for tasks to queue
[2025-10-31T02:09:23.019+0000] {logging_mixin.py:188} INFO - [2025-10-31T02:09:23.006+0000] {dagbag.py:538} INFO - Filling up the DagBag from /opt/airflow/dags/my_dag.py
[2025-10-31T02:10:07.878+0000] {logging_mixin.py:188} INFO - [2025-10-31T02:10:07.877+0000] {timeout.py:68} ERROR - Process timed out, PID: 219
[2025-10-31T02:10:07.894+0000] {logging_mixin.py:188} WARNING - Exception ignored in: <function _collection_gced at 0x76f6785e9670>
[2025-10-31T02:10:07.895+0000] {logging_mixin.py:188} WARNING - Traceback (most recent call last):
[2025-10-31T02:10:08.004+0000] {logging_mixin.py:188} WARNING -   File "/home/airflow/.local/lib/python3.8/site-packages/sqlalchemy/event/registry.py", line 53, in _collection_gced
[2025-10-31T02:10:08.030+0000] {logging_mixin.py:188} WARNING -     def _collection_gced(ref):
[2025-10-31T02:10:08.031+0000] {logging_mixin.py:188} WARNING -   File "/home/airflow/.local/lib/python3.8/site-packages/airflow/utils/timeout.py", line 69, in handle_timeout
[2025-10-31T02:10:08.032+0000] {logging_mixin.py:188} WARNING -     raise AirflowTaskTimeout(self.error_message)
[2025-10-31T02:10:08.033+0000] {logging_mixin.py:188} WARNING - airflow.exceptions.AirflowTaskTimeout: DagBag import timeout for /opt/airflow/dags/my_dag.py after 30.0s.
Please take a look at these docs to improve your DAG import time:
* https://airflow.apache.org/docs/apache-airflow/2.8.1/best-practices.html#top-level-python-code
* https://airflow.apache.org/docs/apache-airflow/2.8.1/best-practices.html#reducing-dag-complexity, PID: 219
[2025-10-31T02:10:09.855+0000] {processor.py:840} INFO - DAG(s) 'my_dag' retrieved from /opt/airflow/dags/my_dag.py
[2025-10-31T02:10:11.338+0000] {logging_mixin.py:188} INFO - [2025-10-31T02:10:11.335+0000] {dag.py:3036} INFO - Sync 1 DAGs
[2025-10-31T02:10:11.410+0000] {logging_mixin.py:188} INFO - [2025-10-31T02:10:11.410+0000] {dag.py:3823} INFO - Setting next_dagrun for my_dag to None, run_after=None
[2025-10-31T02:10:11.704+0000] {processor.py:183} INFO - Processing /opt/airflow/dags/my_dag.py took 46.547 seconds
[2025-10-31T02:10:42.251+0000] {processor.py:161} INFO - Started process (PID=247) to work on /opt/airflow/dags/my_dag.py
[2025-10-31T02:10:42.264+0000] {processor.py:830} INFO - Processing file /opt/airflow/dags/my_dag.py for tasks to queue
[2025-10-31T02:10:42.275+0000] {logging_mixin.py:188} INFO - [2025-10-31T02:10:42.274+0000] {dagbag.py:538} INFO - Filling up the DagBag from /opt/airflow/dags/my_dag.py
[2025-10-31T02:10:58.138+0000] {processor.py:840} INFO - DAG(s) 'my_dag' retrieved from /opt/airflow/dags/my_dag.py
[2025-10-31T02:10:58.251+0000] {logging_mixin.py:188} INFO - [2025-10-31T02:10:58.250+0000] {dag.py:3036} INFO - Sync 1 DAGs
[2025-10-31T02:10:58.321+0000] {logging_mixin.py:188} INFO - [2025-10-31T02:10:58.320+0000] {dag.py:3823} INFO - Setting next_dagrun for my_dag to None, run_after=None
[2025-10-31T02:10:58.399+0000] {processor.py:183} INFO - Processing /opt/airflow/dags/my_dag.py took 16.156 seconds
[2025-10-31T02:11:29.304+0000] {processor.py:161} INFO - Started process (PID=261) to work on /opt/airflow/dags/my_dag.py
[2025-10-31T02:11:29.315+0000] {processor.py:830} INFO - Processing file /opt/airflow/dags/my_dag.py for tasks to queue
[2025-10-31T02:11:29.326+0000] {logging_mixin.py:188} INFO - [2025-10-31T02:11:29.322+0000] {dagbag.py:538} INFO - Filling up the DagBag from /opt/airflow/dags/my_dag.py
[2025-10-31T02:11:34.018+0000] {processor.py:840} INFO - DAG(s) 'my_dag' retrieved from /opt/airflow/dags/my_dag.py
[2025-10-31T02:11:34.061+0000] {logging_mixin.py:188} INFO - [2025-10-31T02:11:34.060+0000] {dag.py:3036} INFO - Sync 1 DAGs
[2025-10-31T02:11:34.081+0000] {logging_mixin.py:188} INFO - [2025-10-31T02:11:34.080+0000] {dag.py:3823} INFO - Setting next_dagrun for my_dag to None, run_after=None
[2025-10-31T02:11:34.215+0000] {processor.py:183} INFO - Processing /opt/airflow/dags/my_dag.py took 4.940 seconds
[2025-10-31T02:12:04.427+0000] {processor.py:161} INFO - Started process (PID=273) to work on /opt/airflow/dags/my_dag.py
[2025-10-31T02:12:04.443+0000] {processor.py:830} INFO - Processing file /opt/airflow/dags/my_dag.py for tasks to queue
[2025-10-31T02:12:04.447+0000] {logging_mixin.py:188} INFO - [2025-10-31T02:12:04.446+0000] {dagbag.py:538} INFO - Filling up the DagBag from /opt/airflow/dags/my_dag.py
[2025-10-31T02:12:08.224+0000] {processor.py:840} INFO - DAG(s) 'my_dag' retrieved from /opt/airflow/dags/my_dag.py
[2025-10-31T02:12:08.409+0000] {logging_mixin.py:188} INFO - [2025-10-31T02:12:08.408+0000] {dag.py:3036} INFO - Sync 1 DAGs
[2025-10-31T02:12:08.472+0000] {logging_mixin.py:188} INFO - [2025-10-31T02:12:08.471+0000] {dag.py:3823} INFO - Setting next_dagrun for my_dag to None, run_after=None
[2025-10-31T02:12:08.814+0000] {processor.py:183} INFO - Processing /opt/airflow/dags/my_dag.py took 4.405 seconds
[2025-10-31T02:12:41.882+0000] {processor.py:161} INFO - Started process (PID=290) to work on /opt/airflow/dags/my_dag.py
[2025-10-31T02:12:41.891+0000] {processor.py:830} INFO - Processing file /opt/airflow/dags/my_dag.py for tasks to queue
[2025-10-31T02:12:41.895+0000] {logging_mixin.py:188} INFO - [2025-10-31T02:12:41.894+0000] {dagbag.py:538} INFO - Filling up the DagBag from /opt/airflow/dags/my_dag.py
[2025-10-31T02:12:46.390+0000] {processor.py:840} INFO - DAG(s) 'my_dag' retrieved from /opt/airflow/dags/my_dag.py
[2025-10-31T02:12:46.467+0000] {logging_mixin.py:188} INFO - [2025-10-31T02:12:46.465+0000] {dag.py:3036} INFO - Sync 1 DAGs
[2025-10-31T02:12:46.505+0000] {logging_mixin.py:188} INFO - [2025-10-31T02:12:46.504+0000] {dag.py:3823} INFO - Setting next_dagrun for my_dag to None, run_after=None
[2025-10-31T02:12:46.677+0000] {processor.py:183} INFO - Processing /opt/airflow/dags/my_dag.py took 4.809 seconds
[2025-10-31T02:13:16.928+0000] {processor.py:161} INFO - Started process (PID=303) to work on /opt/airflow/dags/my_dag.py
[2025-10-31T02:13:16.931+0000] {processor.py:830} INFO - Processing file /opt/airflow/dags/my_dag.py for tasks to queue
[2025-10-31T02:13:16.934+0000] {logging_mixin.py:188} INFO - [2025-10-31T02:13:16.933+0000] {dagbag.py:538} INFO - Filling up the DagBag from /opt/airflow/dags/my_dag.py
[2025-10-31T02:13:20.033+0000] {processor.py:840} INFO - DAG(s) 'my_dag' retrieved from /opt/airflow/dags/my_dag.py
[2025-10-31T02:13:20.107+0000] {logging_mixin.py:188} INFO - [2025-10-31T02:13:20.106+0000] {dag.py:3036} INFO - Sync 1 DAGs
[2025-10-31T02:13:20.142+0000] {logging_mixin.py:188} INFO - [2025-10-31T02:13:20.141+0000] {dag.py:3823} INFO - Setting next_dagrun for my_dag to None, run_after=None
[2025-10-31T02:13:20.221+0000] {processor.py:183} INFO - Processing /opt/airflow/dags/my_dag.py took 3.303 seconds
[2025-10-31T02:13:50.967+0000] {processor.py:161} INFO - Started process (PID=315) to work on /opt/airflow/dags/my_dag.py
[2025-10-31T02:13:50.970+0000] {processor.py:830} INFO - Processing file /opt/airflow/dags/my_dag.py for tasks to queue
[2025-10-31T02:13:50.974+0000] {logging_mixin.py:188} INFO - [2025-10-31T02:13:50.972+0000] {dagbag.py:538} INFO - Filling up the DagBag from /opt/airflow/dags/my_dag.py
[2025-10-31T02:13:53.329+0000] {processor.py:840} INFO - DAG(s) 'my_dag' retrieved from /opt/airflow/dags/my_dag.py
[2025-10-31T02:13:53.493+0000] {logging_mixin.py:188} INFO - [2025-10-31T02:13:53.491+0000] {dag.py:3036} INFO - Sync 1 DAGs
[2025-10-31T02:13:53.538+0000] {logging_mixin.py:188} INFO - [2025-10-31T02:13:53.537+0000] {dag.py:3823} INFO - Setting next_dagrun for my_dag to None, run_after=None
[2025-10-31T02:13:53.667+0000] {processor.py:183} INFO - Processing /opt/airflow/dags/my_dag.py took 2.717 seconds
[2025-10-31T02:14:24.369+0000] {processor.py:161} INFO - Started process (PID=327) to work on /opt/airflow/dags/my_dag.py
[2025-10-31T02:14:24.442+0000] {processor.py:830} INFO - Processing file /opt/airflow/dags/my_dag.py for tasks to queue
[2025-10-31T02:14:24.445+0000] {logging_mixin.py:188} INFO - [2025-10-31T02:14:24.444+0000] {dagbag.py:538} INFO - Filling up the DagBag from /opt/airflow/dags/my_dag.py
[2025-10-31T02:14:27.370+0000] {processor.py:840} INFO - DAG(s) 'my_dag' retrieved from /opt/airflow/dags/my_dag.py
[2025-10-31T02:14:27.508+0000] {logging_mixin.py:188} INFO - [2025-10-31T02:14:27.507+0000] {dag.py:3036} INFO - Sync 1 DAGs
[2025-10-31T02:14:27.575+0000] {logging_mixin.py:188} INFO - [2025-10-31T02:14:27.575+0000] {dag.py:3823} INFO - Setting next_dagrun for my_dag to None, run_after=None
[2025-10-31T02:14:27.686+0000] {processor.py:183} INFO - Processing /opt/airflow/dags/my_dag.py took 3.337 seconds
[2025-10-31T02:14:58.356+0000] {processor.py:161} INFO - Started process (PID=339) to work on /opt/airflow/dags/my_dag.py
[2025-10-31T02:14:58.368+0000] {processor.py:830} INFO - Processing file /opt/airflow/dags/my_dag.py for tasks to queue
[2025-10-31T02:14:58.373+0000] {logging_mixin.py:188} INFO - [2025-10-31T02:14:58.372+0000] {dagbag.py:538} INFO - Filling up the DagBag from /opt/airflow/dags/my_dag.py
[2025-10-31T02:15:01.518+0000] {processor.py:840} INFO - DAG(s) 'my_dag' retrieved from /opt/airflow/dags/my_dag.py
[2025-10-31T02:15:01.614+0000] {logging_mixin.py:188} INFO - [2025-10-31T02:15:01.610+0000] {dag.py:3036} INFO - Sync 1 DAGs
[2025-10-31T02:15:01.658+0000] {logging_mixin.py:188} INFO - [2025-10-31T02:15:01.658+0000] {dag.py:3823} INFO - Setting next_dagrun for my_dag to None, run_after=None
[2025-10-31T02:15:01.743+0000] {processor.py:183} INFO - Processing /opt/airflow/dags/my_dag.py took 3.416 seconds
[2025-10-31T02:15:32.381+0000] {processor.py:161} INFO - Started process (PID=351) to work on /opt/airflow/dags/my_dag.py
[2025-10-31T02:15:32.384+0000] {processor.py:830} INFO - Processing file /opt/airflow/dags/my_dag.py for tasks to queue
[2025-10-31T02:15:32.386+0000] {logging_mixin.py:188} INFO - [2025-10-31T02:15:32.386+0000] {dagbag.py:538} INFO - Filling up the DagBag from /opt/airflow/dags/my_dag.py
[2025-10-31T02:15:33.943+0000] {processor.py:840} INFO - DAG(s) 'my_dag' retrieved from /opt/airflow/dags/my_dag.py
[2025-10-31T02:15:34.312+0000] {logging_mixin.py:188} INFO - [2025-10-31T02:15:34.311+0000] {dag.py:3036} INFO - Sync 1 DAGs
[2025-10-31T02:15:34.334+0000] {logging_mixin.py:188} INFO - [2025-10-31T02:15:34.333+0000] {dag.py:3823} INFO - Setting next_dagrun for my_dag to None, run_after=None
[2025-10-31T02:15:34.421+0000] {processor.py:183} INFO - Processing /opt/airflow/dags/my_dag.py took 2.068 seconds
[2025-10-31T02:16:05.404+0000] {processor.py:161} INFO - Started process (PID=363) to work on /opt/airflow/dags/my_dag.py
[2025-10-31T02:16:05.406+0000] {processor.py:830} INFO - Processing file /opt/airflow/dags/my_dag.py for tasks to queue
[2025-10-31T02:16:05.411+0000] {logging_mixin.py:188} INFO - [2025-10-31T02:16:05.408+0000] {dagbag.py:538} INFO - Filling up the DagBag from /opt/airflow/dags/my_dag.py
[2025-10-31T02:16:06.790+0000] {processor.py:840} INFO - DAG(s) 'my_dag' retrieved from /opt/airflow/dags/my_dag.py
[2025-10-31T02:16:06.824+0000] {logging_mixin.py:188} INFO - [2025-10-31T02:16:06.823+0000] {dag.py:3036} INFO - Sync 1 DAGs
[2025-10-31T02:16:06.840+0000] {logging_mixin.py:188} INFO - [2025-10-31T02:16:06.840+0000] {dag.py:3823} INFO - Setting next_dagrun for my_dag to None, run_after=None
[2025-10-31T02:16:06.986+0000] {processor.py:183} INFO - Processing /opt/airflow/dags/my_dag.py took 1.590 seconds
[2025-10-31T02:16:38.009+0000] {processor.py:161} INFO - Started process (PID=378) to work on /opt/airflow/dags/my_dag.py
[2025-10-31T02:16:38.012+0000] {processor.py:830} INFO - Processing file /opt/airflow/dags/my_dag.py for tasks to queue
[2025-10-31T02:16:38.014+0000] {logging_mixin.py:188} INFO - [2025-10-31T02:16:38.013+0000] {dagbag.py:538} INFO - Filling up the DagBag from /opt/airflow/dags/my_dag.py
[2025-10-31T02:16:39.369+0000] {processor.py:840} INFO - DAG(s) 'my_dag' retrieved from /opt/airflow/dags/my_dag.py
[2025-10-31T02:16:39.416+0000] {logging_mixin.py:188} INFO - [2025-10-31T02:16:39.412+0000] {dag.py:3036} INFO - Sync 1 DAGs
[2025-10-31T02:16:39.442+0000] {logging_mixin.py:188} INFO - [2025-10-31T02:16:39.442+0000] {dag.py:3823} INFO - Setting next_dagrun for my_dag to None, run_after=None
[2025-10-31T02:16:39.516+0000] {processor.py:183} INFO - Processing /opt/airflow/dags/my_dag.py took 1.516 seconds
[2025-10-31T02:17:14.343+0000] {processor.py:161} INFO - Started process (PID=389) to work on /opt/airflow/dags/my_dag.py
[2025-10-31T02:17:14.383+0000] {processor.py:830} INFO - Processing file /opt/airflow/dags/my_dag.py for tasks to queue
[2025-10-31T02:17:14.414+0000] {logging_mixin.py:188} INFO - [2025-10-31T02:17:14.412+0000] {dagbag.py:538} INFO - Filling up the DagBag from /opt/airflow/dags/my_dag.py
[2025-10-31T02:17:18.966+0000] {processor.py:840} INFO - DAG(s) 'my_dag' retrieved from /opt/airflow/dags/my_dag.py
[2025-10-31T02:17:19.007+0000] {logging_mixin.py:188} INFO - [2025-10-31T02:17:19.006+0000] {dag.py:3036} INFO - Sync 1 DAGs
[2025-10-31T02:17:19.026+0000] {logging_mixin.py:188} INFO - [2025-10-31T02:17:19.025+0000] {dag.py:3823} INFO - Setting next_dagrun for my_dag to None, run_after=None
[2025-10-31T02:17:19.076+0000] {processor.py:183} INFO - Processing /opt/airflow/dags/my_dag.py took 4.754 seconds
[2025-10-31T02:17:49.275+0000] {processor.py:161} INFO - Started process (PID=402) to work on /opt/airflow/dags/my_dag.py
[2025-10-31T02:17:49.277+0000] {processor.py:830} INFO - Processing file /opt/airflow/dags/my_dag.py for tasks to queue
[2025-10-31T02:17:49.279+0000] {logging_mixin.py:188} INFO - [2025-10-31T02:17:49.279+0000] {dagbag.py:538} INFO - Filling up the DagBag from /opt/airflow/dags/my_dag.py
[2025-10-31T02:17:50.859+0000] {processor.py:840} INFO - DAG(s) 'my_dag' retrieved from /opt/airflow/dags/my_dag.py
[2025-10-31T02:17:50.953+0000] {logging_mixin.py:188} INFO - [2025-10-31T02:17:50.951+0000] {dag.py:3036} INFO - Sync 1 DAGs
[2025-10-31T02:17:51.005+0000] {logging_mixin.py:188} INFO - [2025-10-31T02:17:51.004+0000] {dag.py:3823} INFO - Setting next_dagrun for my_dag to None, run_after=None
[2025-10-31T02:17:51.109+0000] {processor.py:183} INFO - Processing /opt/airflow/dags/my_dag.py took 1.843 seconds
[2025-10-31T02:18:24.312+0000] {processor.py:161} INFO - Started process (PID=414) to work on /opt/airflow/dags/my_dag.py
[2025-10-31T02:18:24.444+0000] {processor.py:830} INFO - Processing file /opt/airflow/dags/my_dag.py for tasks to queue
[2025-10-31T02:18:24.533+0000] {logging_mixin.py:188} INFO - [2025-10-31T02:18:24.532+0000] {dagbag.py:538} INFO - Filling up the DagBag from /opt/airflow/dags/my_dag.py
[2025-10-31T02:18:30.113+0000] {processor.py:840} INFO - DAG(s) 'my_dag' retrieved from /opt/airflow/dags/my_dag.py
[2025-10-31T02:18:30.237+0000] {logging_mixin.py:188} INFO - [2025-10-31T02:18:30.235+0000] {dag.py:3036} INFO - Sync 1 DAGs
[2025-10-31T02:18:30.300+0000] {logging_mixin.py:188} INFO - [2025-10-31T02:18:30.299+0000] {dag.py:3823} INFO - Setting next_dagrun for my_dag to None, run_after=None
[2025-10-31T02:18:30.584+0000] {processor.py:183} INFO - Processing /opt/airflow/dags/my_dag.py took 4.759 seconds
[2025-10-31T02:19:01.072+0000] {processor.py:161} INFO - Started process (PID=432) to work on /opt/airflow/dags/my_dag.py
[2025-10-31T02:19:01.079+0000] {processor.py:830} INFO - Processing file /opt/airflow/dags/my_dag.py for tasks to queue
[2025-10-31T02:19:01.086+0000] {logging_mixin.py:188} INFO - [2025-10-31T02:19:01.085+0000] {dagbag.py:538} INFO - Filling up the DagBag from /opt/airflow/dags/my_dag.py
[2025-10-31T02:19:05.440+0000] {processor.py:840} INFO - DAG(s) 'my_dag' retrieved from /opt/airflow/dags/my_dag.py
[2025-10-31T02:19:05.590+0000] {logging_mixin.py:188} INFO - [2025-10-31T02:19:05.580+0000] {dag.py:3036} INFO - Sync 1 DAGs
[2025-10-31T02:19:05.667+0000] {logging_mixin.py:188} INFO - [2025-10-31T02:19:05.666+0000] {dag.py:3823} INFO - Setting next_dagrun for my_dag to None, run_after=None
[2025-10-31T02:19:06.014+0000] {processor.py:183} INFO - Processing /opt/airflow/dags/my_dag.py took 4.960 seconds
[2025-10-31T02:19:36.930+0000] {processor.py:161} INFO - Started process (PID=445) to work on /opt/airflow/dags/my_dag.py
[2025-10-31T02:19:36.933+0000] {processor.py:830} INFO - Processing file /opt/airflow/dags/my_dag.py for tasks to queue
[2025-10-31T02:19:36.937+0000] {logging_mixin.py:188} INFO - [2025-10-31T02:19:36.937+0000] {dagbag.py:538} INFO - Filling up the DagBag from /opt/airflow/dags/my_dag.py
[2025-10-31T02:19:38.151+0000] {processor.py:840} INFO - DAG(s) 'my_dag' retrieved from /opt/airflow/dags/my_dag.py
[2025-10-31T02:19:38.195+0000] {logging_mixin.py:188} INFO - [2025-10-31T02:19:38.194+0000] {dag.py:3036} INFO - Sync 1 DAGs
[2025-10-31T02:19:38.218+0000] {logging_mixin.py:188} INFO - [2025-10-31T02:19:38.217+0000] {dag.py:3823} INFO - Setting next_dagrun for my_dag to None, run_after=None
[2025-10-31T02:19:38.480+0000] {processor.py:183} INFO - Processing /opt/airflow/dags/my_dag.py took 1.560 seconds
[2025-10-31T02:20:10.197+0000] {processor.py:161} INFO - Started process (PID=457) to work on /opt/airflow/dags/my_dag.py
[2025-10-31T02:20:10.226+0000] {processor.py:830} INFO - Processing file /opt/airflow/dags/my_dag.py for tasks to queue
[2025-10-31T02:20:10.242+0000] {logging_mixin.py:188} INFO - [2025-10-31T02:20:10.235+0000] {dagbag.py:538} INFO - Filling up the DagBag from /opt/airflow/dags/my_dag.py
[2025-10-31T02:20:14.915+0000] {processor.py:840} INFO - DAG(s) 'my_dag' retrieved from /opt/airflow/dags/my_dag.py
[2025-10-31T02:20:14.991+0000] {logging_mixin.py:188} INFO - [2025-10-31T02:20:14.989+0000] {dag.py:3036} INFO - Sync 1 DAGs
[2025-10-31T02:20:15.071+0000] {logging_mixin.py:188} INFO - [2025-10-31T02:20:15.071+0000] {dag.py:3823} INFO - Setting next_dagrun for my_dag to None, run_after=None
[2025-10-31T02:20:15.218+0000] {processor.py:183} INFO - Processing /opt/airflow/dags/my_dag.py took 5.039 seconds
[2025-10-31T02:20:45.504+0000] {processor.py:161} INFO - Started process (PID=469) to work on /opt/airflow/dags/my_dag.py
[2025-10-31T02:20:45.506+0000] {processor.py:830} INFO - Processing file /opt/airflow/dags/my_dag.py for tasks to queue
[2025-10-31T02:20:45.508+0000] {logging_mixin.py:188} INFO - [2025-10-31T02:20:45.508+0000] {dagbag.py:538} INFO - Filling up the DagBag from /opt/airflow/dags/my_dag.py
[2025-10-31T02:20:47.825+0000] {processor.py:840} INFO - DAG(s) 'my_dag' retrieved from /opt/airflow/dags/my_dag.py
[2025-10-31T02:20:47.923+0000] {logging_mixin.py:188} INFO - [2025-10-31T02:20:47.922+0000] {dag.py:3036} INFO - Sync 1 DAGs
[2025-10-31T02:20:47.965+0000] {logging_mixin.py:188} INFO - [2025-10-31T02:20:47.965+0000] {dag.py:3823} INFO - Setting next_dagrun for my_dag to None, run_after=None
[2025-10-31T02:20:48.108+0000] {processor.py:183} INFO - Processing /opt/airflow/dags/my_dag.py took 2.613 seconds
[2025-10-31T02:21:18.669+0000] {processor.py:161} INFO - Started process (PID=481) to work on /opt/airflow/dags/my_dag.py
[2025-10-31T02:21:18.671+0000] {processor.py:830} INFO - Processing file /opt/airflow/dags/my_dag.py for tasks to queue
[2025-10-31T02:21:18.675+0000] {logging_mixin.py:188} INFO - [2025-10-31T02:21:18.674+0000] {dagbag.py:538} INFO - Filling up the DagBag from /opt/airflow/dags/my_dag.py
[2025-10-31T02:21:19.736+0000] {processor.py:840} INFO - DAG(s) 'my_dag' retrieved from /opt/airflow/dags/my_dag.py
[2025-10-31T02:21:19.796+0000] {logging_mixin.py:188} INFO - [2025-10-31T02:21:19.795+0000] {dag.py:3036} INFO - Sync 1 DAGs
[2025-10-31T02:21:19.821+0000] {logging_mixin.py:188} INFO - [2025-10-31T02:21:19.821+0000] {dag.py:3823} INFO - Setting next_dagrun for my_dag to None, run_after=None
[2025-10-31T02:21:19.869+0000] {processor.py:183} INFO - Processing /opt/airflow/dags/my_dag.py took 1.207 seconds
[2025-10-31T02:21:50.138+0000] {processor.py:161} INFO - Started process (PID=493) to work on /opt/airflow/dags/my_dag.py
[2025-10-31T02:21:50.140+0000] {processor.py:830} INFO - Processing file /opt/airflow/dags/my_dag.py for tasks to queue
[2025-10-31T02:21:50.142+0000] {logging_mixin.py:188} INFO - [2025-10-31T02:21:50.142+0000] {dagbag.py:538} INFO - Filling up the DagBag from /opt/airflow/dags/my_dag.py
[2025-10-31T02:21:51.078+0000] {processor.py:840} INFO - DAG(s) 'my_dag' retrieved from /opt/airflow/dags/my_dag.py
[2025-10-31T02:21:51.151+0000] {logging_mixin.py:188} INFO - [2025-10-31T02:21:51.149+0000] {dag.py:3036} INFO - Sync 1 DAGs
[2025-10-31T02:21:51.419+0000] {logging_mixin.py:188} INFO - [2025-10-31T02:21:51.418+0000] {dag.py:3823} INFO - Setting next_dagrun for my_dag to None, run_after=None
[2025-10-31T02:21:51.568+0000] {processor.py:183} INFO - Processing /opt/airflow/dags/my_dag.py took 1.436 seconds
[2025-10-31T02:22:21.980+0000] {processor.py:161} INFO - Started process (PID=505) to work on /opt/airflow/dags/my_dag.py
[2025-10-31T02:22:21.982+0000] {processor.py:830} INFO - Processing file /opt/airflow/dags/my_dag.py for tasks to queue
[2025-10-31T02:22:21.985+0000] {logging_mixin.py:188} INFO - [2025-10-31T02:22:21.984+0000] {dagbag.py:538} INFO - Filling up the DagBag from /opt/airflow/dags/my_dag.py
[2025-10-31T02:22:23.603+0000] {processor.py:840} INFO - DAG(s) 'my_dag' retrieved from /opt/airflow/dags/my_dag.py
[2025-10-31T02:22:23.681+0000] {logging_mixin.py:188} INFO - [2025-10-31T02:22:23.679+0000] {dag.py:3036} INFO - Sync 1 DAGs
[2025-10-31T02:22:23.729+0000] {logging_mixin.py:188} INFO - [2025-10-31T02:22:23.728+0000] {dag.py:3823} INFO - Setting next_dagrun for my_dag to None, run_after=None
[2025-10-31T02:22:23.857+0000] {processor.py:183} INFO - Processing /opt/airflow/dags/my_dag.py took 1.886 seconds
[2025-10-31T02:23:02.073+0000] {processor.py:161} INFO - Started process (PID=517) to work on /opt/airflow/dags/my_dag.py
[2025-10-31T02:23:02.118+0000] {processor.py:830} INFO - Processing file /opt/airflow/dags/my_dag.py for tasks to queue
[2025-10-31T02:23:02.171+0000] {logging_mixin.py:188} INFO - [2025-10-31T02:23:02.170+0000] {dagbag.py:538} INFO - Filling up the DagBag from /opt/airflow/dags/my_dag.py
[2025-10-31T02:23:33.712+0000] {logging_mixin.py:188} INFO - [2025-10-31T02:23:33.711+0000] {timeout.py:68} ERROR - Process timed out, PID: 517
[2025-10-31T02:23:34.819+0000] {logging_mixin.py:188} INFO - [2025-10-31T02:23:33.729+0000] {dagbag.py:348} ERROR - Failed to import: /opt/airflow/dags/my_dag.py
Traceback (most recent call last):
  File "/home/airflow/.local/lib/python3.8/site-packages/airflow/models/dagbag.py", line 344, in parse
    loader.exec_module(new_module)
  File "<frozen importlib._bootstrap_external>", line 843, in exec_module
  File "<frozen importlib._bootstrap>", line 219, in _call_with_frames_removed
  File "/opt/airflow/dags/my_dag.py", line 7, in <module>
    import pandas as pd
  File "/home/airflow/.local/lib/python3.8/site-packages/pandas/__init__.py", line 22, in <module>
    from pandas.compat import is_numpy_dev as _is_numpy_dev  # pyright: ignore # noqa:F401
  File "/home/airflow/.local/lib/python3.8/site-packages/pandas/compat/__init__.py", line 25, in <module>
    from pandas.compat.numpy import (
  File "/home/airflow/.local/lib/python3.8/site-packages/pandas/compat/numpy/__init__.py", line 4, in <module>
    from pandas.util.version import Version
  File "/home/airflow/.local/lib/python3.8/site-packages/pandas/util/__init__.py", line 8, in <module>
    from pandas.core.util.hashing import (  # noqa:F401
  File "/home/airflow/.local/lib/python3.8/site-packages/pandas/core/util/hashing.py", line 24, in <module>
    from pandas.core.dtypes.common import (
  File "/home/airflow/.local/lib/python3.8/site-packages/pandas/core/dtypes/common.py", line 26, in <module>
    from pandas.core.dtypes.base import _registry as registry
  File "/home/airflow/.local/lib/python3.8/site-packages/pandas/core/dtypes/base.py", line 26, in <module>
    from pandas.core.dtypes.generic import (
  File "/home/airflow/.local/lib/python3.8/site-packages/pandas/core/dtypes/generic.py", line 74, in <module>
    create_pandas_abc_type("ABCTimedeltaIndex", "_typ", ("timedeltaindex",)),
  File "/home/airflow/.local/lib/python3.8/site-packages/pandas/core/dtypes/generic.py", line 57, in create_pandas_abc_type
    return meta(name, (), dct)
  File "/home/airflow/.local/lib/python3.8/site-packages/airflow/utils/timeout.py", line 69, in handle_timeout
    raise AirflowTaskTimeout(self.error_message)
airflow.exceptions.AirflowTaskTimeout: DagBag import timeout for /opt/airflow/dags/my_dag.py after 30.0s.
Please take a look at these docs to improve your DAG import time:
* https://airflow.apache.org/docs/apache-airflow/2.8.1/best-practices.html#top-level-python-code
* https://airflow.apache.org/docs/apache-airflow/2.8.1/best-practices.html#reducing-dag-complexity, PID: 517
[2025-10-31T02:23:34.835+0000] {processor.py:842} WARNING - No viable dags retrieved from /opt/airflow/dags/my_dag.py
[2025-10-31T02:23:35.429+0000] {processor.py:183} INFO - Processing /opt/airflow/dags/my_dag.py took 32.030 seconds
[2025-10-31T02:24:06.719+0000] {processor.py:161} INFO - Started process (PID=534) to work on /opt/airflow/dags/my_dag.py
[2025-10-31T02:24:06.727+0000] {processor.py:830} INFO - Processing file /opt/airflow/dags/my_dag.py for tasks to queue
[2025-10-31T02:24:06.740+0000] {logging_mixin.py:188} INFO - [2025-10-31T02:24:06.739+0000] {dagbag.py:538} INFO - Filling up the DagBag from /opt/airflow/dags/my_dag.py
[2025-10-31T02:24:18.779+0000] {processor.py:840} INFO - DAG(s) 'my_dag' retrieved from /opt/airflow/dags/my_dag.py
[2025-10-31T02:24:20.709+0000] {logging_mixin.py:188} INFO - [2025-10-31T02:24:20.708+0000] {dag.py:3036} INFO - Sync 1 DAGs
[2025-10-31T02:24:20.781+0000] {logging_mixin.py:188} INFO - [2025-10-31T02:24:20.780+0000] {dag.py:3823} INFO - Setting next_dagrun for my_dag to None, run_after=None
[2025-10-31T02:24:20.891+0000] {processor.py:183} INFO - Processing /opt/airflow/dags/my_dag.py took 12.820 seconds
[2025-10-31T02:24:51.104+0000] {processor.py:161} INFO - Started process (PID=548) to work on /opt/airflow/dags/my_dag.py
[2025-10-31T02:24:51.111+0000] {processor.py:830} INFO - Processing file /opt/airflow/dags/my_dag.py for tasks to queue
[2025-10-31T02:24:51.114+0000] {logging_mixin.py:188} INFO - [2025-10-31T02:24:51.113+0000] {dagbag.py:538} INFO - Filling up the DagBag from /opt/airflow/dags/my_dag.py
[2025-10-31T02:24:52.323+0000] {processor.py:840} INFO - DAG(s) 'my_dag' retrieved from /opt/airflow/dags/my_dag.py
[2025-10-31T02:24:52.365+0000] {logging_mixin.py:188} INFO - [2025-10-31T02:24:52.364+0000] {dag.py:3036} INFO - Sync 1 DAGs
[2025-10-31T02:24:52.380+0000] {logging_mixin.py:188} INFO - [2025-10-31T02:24:52.380+0000] {dag.py:3823} INFO - Setting next_dagrun for my_dag to None, run_after=None
[2025-10-31T02:24:52.997+0000] {processor.py:183} INFO - Processing /opt/airflow/dags/my_dag.py took 1.907 seconds
[2025-10-31T02:25:23.568+0000] {processor.py:161} INFO - Started process (PID=559) to work on /opt/airflow/dags/my_dag.py
[2025-10-31T02:25:23.572+0000] {processor.py:830} INFO - Processing file /opt/airflow/dags/my_dag.py for tasks to queue
[2025-10-31T02:25:23.574+0000] {logging_mixin.py:188} INFO - [2025-10-31T02:25:23.573+0000] {dagbag.py:538} INFO - Filling up the DagBag from /opt/airflow/dags/my_dag.py
[2025-10-31T02:25:24.720+0000] {processor.py:840} INFO - DAG(s) 'my_dag' retrieved from /opt/airflow/dags/my_dag.py
[2025-10-31T02:25:24.759+0000] {logging_mixin.py:188} INFO - [2025-10-31T02:25:24.758+0000] {dag.py:3036} INFO - Sync 1 DAGs
[2025-10-31T02:25:24.778+0000] {logging_mixin.py:188} INFO - [2025-10-31T02:25:24.778+0000] {dag.py:3823} INFO - Setting next_dagrun for my_dag to None, run_after=None
[2025-10-31T02:25:24.820+0000] {processor.py:183} INFO - Processing /opt/airflow/dags/my_dag.py took 1.265 seconds
[2025-10-31T02:25:55.242+0000] {processor.py:161} INFO - Started process (PID=571) to work on /opt/airflow/dags/my_dag.py
[2025-10-31T02:25:55.246+0000] {processor.py:830} INFO - Processing file /opt/airflow/dags/my_dag.py for tasks to queue
[2025-10-31T02:25:55.258+0000] {logging_mixin.py:188} INFO - [2025-10-31T02:25:55.248+0000] {dagbag.py:538} INFO - Filling up the DagBag from /opt/airflow/dags/my_dag.py
[2025-10-31T02:25:56.539+0000] {processor.py:840} INFO - DAG(s) 'my_dag' retrieved from /opt/airflow/dags/my_dag.py
[2025-10-31T02:25:56.636+0000] {logging_mixin.py:188} INFO - [2025-10-31T02:25:56.625+0000] {dag.py:3036} INFO - Sync 1 DAGs
[2025-10-31T02:25:56.695+0000] {logging_mixin.py:188} INFO - [2025-10-31T02:25:56.694+0000] {dag.py:3823} INFO - Setting next_dagrun for my_dag to None, run_after=None
[2025-10-31T02:25:56.781+0000] {processor.py:183} INFO - Processing /opt/airflow/dags/my_dag.py took 1.548 seconds
[2025-10-31T02:26:27.133+0000] {processor.py:161} INFO - Started process (PID=583) to work on /opt/airflow/dags/my_dag.py
[2025-10-31T02:26:27.136+0000] {processor.py:830} INFO - Processing file /opt/airflow/dags/my_dag.py for tasks to queue
[2025-10-31T02:26:27.139+0000] {logging_mixin.py:188} INFO - [2025-10-31T02:26:27.138+0000] {dagbag.py:538} INFO - Filling up the DagBag from /opt/airflow/dags/my_dag.py
[2025-10-31T02:26:29.459+0000] {processor.py:840} INFO - DAG(s) 'my_dag' retrieved from /opt/airflow/dags/my_dag.py
[2025-10-31T02:26:29.608+0000] {logging_mixin.py:188} INFO - [2025-10-31T02:26:29.601+0000] {dag.py:3036} INFO - Sync 1 DAGs
[2025-10-31T02:26:29.752+0000] {logging_mixin.py:188} INFO - [2025-10-31T02:26:29.751+0000] {dag.py:3823} INFO - Setting next_dagrun for my_dag to None, run_after=None
[2025-10-31T02:26:29.952+0000] {processor.py:183} INFO - Processing /opt/airflow/dags/my_dag.py took 2.832 seconds
[2025-10-31T02:27:01.005+0000] {processor.py:161} INFO - Started process (PID=595) to work on /opt/airflow/dags/my_dag.py
[2025-10-31T02:27:01.015+0000] {processor.py:830} INFO - Processing file /opt/airflow/dags/my_dag.py for tasks to queue
[2025-10-31T02:27:01.020+0000] {logging_mixin.py:188} INFO - [2025-10-31T02:27:01.019+0000] {dagbag.py:538} INFO - Filling up the DagBag from /opt/airflow/dags/my_dag.py
[2025-10-31T02:27:03.035+0000] {processor.py:840} INFO - DAG(s) 'my_dag' retrieved from /opt/airflow/dags/my_dag.py
[2025-10-31T02:27:03.167+0000] {logging_mixin.py:188} INFO - [2025-10-31T02:27:03.166+0000] {dag.py:3036} INFO - Sync 1 DAGs
[2025-10-31T02:27:03.245+0000] {logging_mixin.py:188} INFO - [2025-10-31T02:27:03.244+0000] {dag.py:3823} INFO - Setting next_dagrun for my_dag to None, run_after=None
[2025-10-31T02:27:03.376+0000] {processor.py:183} INFO - Processing /opt/airflow/dags/my_dag.py took 2.379 seconds
[2025-10-31T02:27:33.583+0000] {processor.py:161} INFO - Started process (PID=608) to work on /opt/airflow/dags/my_dag.py
[2025-10-31T02:27:33.585+0000] {processor.py:830} INFO - Processing file /opt/airflow/dags/my_dag.py for tasks to queue
[2025-10-31T02:27:33.588+0000] {logging_mixin.py:188} INFO - [2025-10-31T02:27:33.587+0000] {dagbag.py:538} INFO - Filling up the DagBag from /opt/airflow/dags/my_dag.py
[2025-10-31T02:27:34.922+0000] {processor.py:840} INFO - DAG(s) 'my_dag' retrieved from /opt/airflow/dags/my_dag.py
[2025-10-31T02:27:34.963+0000] {logging_mixin.py:188} INFO - [2025-10-31T02:27:34.963+0000] {dag.py:3036} INFO - Sync 1 DAGs
[2025-10-31T02:27:34.984+0000] {logging_mixin.py:188} INFO - [2025-10-31T02:27:34.984+0000] {dag.py:3823} INFO - Setting next_dagrun for my_dag to None, run_after=None
[2025-10-31T02:27:35.055+0000] {processor.py:183} INFO - Processing /opt/airflow/dags/my_dag.py took 1.478 seconds
[2025-10-31T02:28:05.435+0000] {processor.py:161} INFO - Started process (PID=620) to work on /opt/airflow/dags/my_dag.py
[2025-10-31T02:28:05.438+0000] {processor.py:830} INFO - Processing file /opt/airflow/dags/my_dag.py for tasks to queue
[2025-10-31T02:28:05.440+0000] {logging_mixin.py:188} INFO - [2025-10-31T02:28:05.439+0000] {dagbag.py:538} INFO - Filling up the DagBag from /opt/airflow/dags/my_dag.py
[2025-10-31T02:28:06.495+0000] {processor.py:840} INFO - DAG(s) 'my_dag' retrieved from /opt/airflow/dags/my_dag.py
[2025-10-31T02:28:06.546+0000] {logging_mixin.py:188} INFO - [2025-10-31T02:28:06.545+0000] {dag.py:3036} INFO - Sync 1 DAGs
[2025-10-31T02:28:06.564+0000] {logging_mixin.py:188} INFO - [2025-10-31T02:28:06.563+0000] {dag.py:3823} INFO - Setting next_dagrun for my_dag to None, run_after=None
[2025-10-31T02:28:07.322+0000] {processor.py:183} INFO - Processing /opt/airflow/dags/my_dag.py took 1.902 seconds
[2025-10-31T02:28:38.224+0000] {processor.py:161} INFO - Started process (PID=631) to work on /opt/airflow/dags/my_dag.py
[2025-10-31T02:28:38.244+0000] {processor.py:830} INFO - Processing file /opt/airflow/dags/my_dag.py for tasks to queue
[2025-10-31T02:28:38.264+0000] {logging_mixin.py:188} INFO - [2025-10-31T02:28:38.263+0000] {dagbag.py:538} INFO - Filling up the DagBag from /opt/airflow/dags/my_dag.py
[2025-10-31T02:28:43.910+0000] {processor.py:840} INFO - DAG(s) 'my_dag' retrieved from /opt/airflow/dags/my_dag.py
[2025-10-31T02:28:44.037+0000] {logging_mixin.py:188} INFO - [2025-10-31T02:28:44.036+0000] {dag.py:3036} INFO - Sync 1 DAGs
[2025-10-31T02:28:44.105+0000] {logging_mixin.py:188} INFO - [2025-10-31T02:28:44.104+0000] {dag.py:3823} INFO - Setting next_dagrun for my_dag to None, run_after=None
[2025-10-31T02:28:44.197+0000] {processor.py:183} INFO - Processing /opt/airflow/dags/my_dag.py took 6.005 seconds
[2025-10-31T02:29:14.564+0000] {processor.py:161} INFO - Started process (PID=643) to work on /opt/airflow/dags/my_dag.py
[2025-10-31T02:29:14.568+0000] {processor.py:830} INFO - Processing file /opt/airflow/dags/my_dag.py for tasks to queue
[2025-10-31T02:29:14.573+0000] {logging_mixin.py:188} INFO - [2025-10-31T02:29:14.571+0000] {dagbag.py:538} INFO - Filling up the DagBag from /opt/airflow/dags/my_dag.py
[2025-10-31T02:29:18.132+0000] {processor.py:840} INFO - DAG(s) 'my_dag' retrieved from /opt/airflow/dags/my_dag.py
[2025-10-31T02:29:18.464+0000] {logging_mixin.py:188} INFO - [2025-10-31T02:29:18.463+0000] {dag.py:3036} INFO - Sync 1 DAGs
[2025-10-31T02:29:18.585+0000] {logging_mixin.py:188} INFO - [2025-10-31T02:29:18.585+0000] {dag.py:3823} INFO - Setting next_dagrun for my_dag to None, run_after=None
[2025-10-31T02:29:18.881+0000] {processor.py:183} INFO - Processing /opt/airflow/dags/my_dag.py took 4.343 seconds
[2025-10-31T02:29:49.615+0000] {processor.py:161} INFO - Started process (PID=655) to work on /opt/airflow/dags/my_dag.py
[2025-10-31T02:29:49.618+0000] {processor.py:830} INFO - Processing file /opt/airflow/dags/my_dag.py for tasks to queue
[2025-10-31T02:29:49.621+0000] {logging_mixin.py:188} INFO - [2025-10-31T02:29:49.620+0000] {dagbag.py:538} INFO - Filling up the DagBag from /opt/airflow/dags/my_dag.py
[2025-10-31T02:29:51.582+0000] {processor.py:840} INFO - DAG(s) 'my_dag' retrieved from /opt/airflow/dags/my_dag.py
[2025-10-31T02:29:51.720+0000] {logging_mixin.py:188} INFO - [2025-10-31T02:29:51.718+0000] {dag.py:3036} INFO - Sync 1 DAGs
[2025-10-31T02:29:51.788+0000] {logging_mixin.py:188} INFO - [2025-10-31T02:29:51.787+0000] {dag.py:3823} INFO - Setting next_dagrun for my_dag to None, run_after=None
[2025-10-31T02:29:51.929+0000] {processor.py:183} INFO - Processing /opt/airflow/dags/my_dag.py took 2.323 seconds
[2025-10-31T02:30:22.344+0000] {processor.py:161} INFO - Started process (PID=667) to work on /opt/airflow/dags/my_dag.py
[2025-10-31T02:30:22.345+0000] {processor.py:830} INFO - Processing file /opt/airflow/dags/my_dag.py for tasks to queue
[2025-10-31T02:30:22.347+0000] {logging_mixin.py:188} INFO - [2025-10-31T02:30:22.347+0000] {dagbag.py:538} INFO - Filling up the DagBag from /opt/airflow/dags/my_dag.py
[2025-10-31T02:30:23.188+0000] {processor.py:840} INFO - DAG(s) 'my_dag' retrieved from /opt/airflow/dags/my_dag.py
[2025-10-31T02:30:23.224+0000] {logging_mixin.py:188} INFO - [2025-10-31T02:30:23.221+0000] {dag.py:3036} INFO - Sync 1 DAGs
[2025-10-31T02:30:23.243+0000] {logging_mixin.py:188} INFO - [2025-10-31T02:30:23.243+0000] {dag.py:3823} INFO - Setting next_dagrun for my_dag to None, run_after=None
[2025-10-31T02:30:23.375+0000] {processor.py:183} INFO - Processing /opt/airflow/dags/my_dag.py took 1.038 seconds
[2025-10-31T02:30:59.217+0000] {processor.py:161} INFO - Started process (PID=679) to work on /opt/airflow/dags/my_dag.py
[2025-10-31T02:30:59.230+0000] {processor.py:830} INFO - Processing file /opt/airflow/dags/my_dag.py for tasks to queue
[2025-10-31T02:30:59.238+0000] {logging_mixin.py:188} INFO - [2025-10-31T02:30:59.237+0000] {dagbag.py:538} INFO - Filling up the DagBag from /opt/airflow/dags/my_dag.py
[2025-10-31T02:31:32.615+0000] {logging_mixin.py:188} INFO - [2025-10-31T02:31:31.970+0000] {timeout.py:68} ERROR - Process timed out, PID: 679
[2025-10-31T02:31:32.638+0000] {logging_mixin.py:188} WARNING - Exception ignored in: <function _collection_gced at 0x76f6785e9670>
[2025-10-31T02:31:32.643+0000] {logging_mixin.py:188} WARNING - Traceback (most recent call last):
[2025-10-31T02:31:32.649+0000] {logging_mixin.py:188} WARNING -   File "/home/airflow/.local/lib/python3.8/site-packages/sqlalchemy/event/registry.py", line 53, in _collection_gced
[2025-10-31T02:31:32.702+0000] {logging_mixin.py:188} WARNING -     def _collection_gced(ref):
[2025-10-31T02:31:32.711+0000] {logging_mixin.py:188} WARNING -   File "/home/airflow/.local/lib/python3.8/site-packages/airflow/utils/timeout.py", line 69, in handle_timeout
[2025-10-31T02:31:32.723+0000] {logging_mixin.py:188} WARNING -     raise AirflowTaskTimeout(self.error_message)
[2025-10-31T02:31:32.727+0000] {logging_mixin.py:188} WARNING - airflow.exceptions.AirflowTaskTimeout: DagBag import timeout for /opt/airflow/dags/my_dag.py after 30.0s.
Please take a look at these docs to improve your DAG import time:
* https://airflow.apache.org/docs/apache-airflow/2.8.1/best-practices.html#top-level-python-code
* https://airflow.apache.org/docs/apache-airflow/2.8.1/best-practices.html#reducing-dag-complexity, PID: 679
[2025-10-31T02:31:36.186+0000] {processor.py:840} INFO - DAG(s) 'my_dag' retrieved from /opt/airflow/dags/my_dag.py
[2025-10-31T02:31:36.871+0000] {logging_mixin.py:188} INFO - [2025-10-31T02:31:36.869+0000] {dag.py:3036} INFO - Sync 1 DAGs
[2025-10-31T02:31:37.134+0000] {logging_mixin.py:188} INFO - [2025-10-31T02:31:37.133+0000] {dag.py:3823} INFO - Setting next_dagrun for my_dag to None, run_after=None
[2025-10-31T02:31:37.231+0000] {processor.py:183} INFO - Processing /opt/airflow/dags/my_dag.py took 35.900 seconds
[2025-10-31T02:32:07.858+0000] {processor.py:161} INFO - Started process (PID=701) to work on /opt/airflow/dags/my_dag.py
[2025-10-31T02:32:07.865+0000] {processor.py:830} INFO - Processing file /opt/airflow/dags/my_dag.py for tasks to queue
[2025-10-31T02:32:07.874+0000] {logging_mixin.py:188} INFO - [2025-10-31T02:32:07.872+0000] {dagbag.py:538} INFO - Filling up the DagBag from /opt/airflow/dags/my_dag.py
[2025-10-31T02:32:10.230+0000] {processor.py:840} INFO - DAG(s) 'my_dag' retrieved from /opt/airflow/dags/my_dag.py
[2025-10-31T02:32:10.293+0000] {logging_mixin.py:188} INFO - [2025-10-31T02:32:10.292+0000] {dag.py:3036} INFO - Sync 1 DAGs
[2025-10-31T02:32:10.344+0000] {logging_mixin.py:188} INFO - [2025-10-31T02:32:10.344+0000] {dag.py:3823} INFO - Setting next_dagrun for my_dag to None, run_after=None
[2025-10-31T02:32:10.491+0000] {processor.py:183} INFO - Processing /opt/airflow/dags/my_dag.py took 2.647 seconds
[2025-10-31T02:32:41.164+0000] {processor.py:161} INFO - Started process (PID=715) to work on /opt/airflow/dags/my_dag.py
[2025-10-31T02:32:41.168+0000] {processor.py:830} INFO - Processing file /opt/airflow/dags/my_dag.py for tasks to queue
[2025-10-31T02:32:41.213+0000] {logging_mixin.py:188} INFO - [2025-10-31T02:32:41.212+0000] {dagbag.py:538} INFO - Filling up the DagBag from /opt/airflow/dags/my_dag.py
[2025-10-31T02:32:43.744+0000] {processor.py:840} INFO - DAG(s) 'my_dag' retrieved from /opt/airflow/dags/my_dag.py
[2025-10-31T02:32:43.837+0000] {logging_mixin.py:188} INFO - [2025-10-31T02:32:43.836+0000] {dag.py:3036} INFO - Sync 1 DAGs
[2025-10-31T02:32:43.910+0000] {logging_mixin.py:188} INFO - [2025-10-31T02:32:43.910+0000] {dag.py:3823} INFO - Setting next_dagrun for my_dag to None, run_after=None
[2025-10-31T02:32:44.012+0000] {processor.py:183} INFO - Processing /opt/airflow/dags/my_dag.py took 2.866 seconds
[2025-10-31T02:33:15.005+0000] {processor.py:161} INFO - Started process (PID=727) to work on /opt/airflow/dags/my_dag.py
[2025-10-31T02:33:15.018+0000] {processor.py:830} INFO - Processing file /opt/airflow/dags/my_dag.py for tasks to queue
[2025-10-31T02:33:15.022+0000] {logging_mixin.py:188} INFO - [2025-10-31T02:33:15.022+0000] {dagbag.py:538} INFO - Filling up the DagBag from /opt/airflow/dags/my_dag.py
[2025-10-31T02:33:19.178+0000] {processor.py:840} INFO - DAG(s) 'my_dag' retrieved from /opt/airflow/dags/my_dag.py
[2025-10-31T02:33:19.366+0000] {logging_mixin.py:188} INFO - [2025-10-31T02:33:19.365+0000] {dag.py:3036} INFO - Sync 1 DAGs
[2025-10-31T02:33:19.549+0000] {logging_mixin.py:188} INFO - [2025-10-31T02:33:19.548+0000] {dag.py:3823} INFO - Setting next_dagrun for my_dag to None, run_after=None
[2025-10-31T02:33:19.753+0000] {processor.py:183} INFO - Processing /opt/airflow/dags/my_dag.py took 4.765 seconds
[2025-10-31T02:33:50.089+0000] {processor.py:161} INFO - Started process (PID=739) to work on /opt/airflow/dags/my_dag.py
[2025-10-31T02:33:50.092+0000] {processor.py:830} INFO - Processing file /opt/airflow/dags/my_dag.py for tasks to queue
[2025-10-31T02:33:50.095+0000] {logging_mixin.py:188} INFO - [2025-10-31T02:33:50.095+0000] {dagbag.py:538} INFO - Filling up the DagBag from /opt/airflow/dags/my_dag.py
[2025-10-31T02:33:51.329+0000] {processor.py:840} INFO - DAG(s) 'my_dag' retrieved from /opt/airflow/dags/my_dag.py
[2025-10-31T02:33:51.446+0000] {logging_mixin.py:188} INFO - [2025-10-31T02:33:51.442+0000] {dag.py:3036} INFO - Sync 1 DAGs
[2025-10-31T02:33:51.481+0000] {logging_mixin.py:188} INFO - [2025-10-31T02:33:51.480+0000] {dag.py:3823} INFO - Setting next_dagrun for my_dag to None, run_after=None
[2025-10-31T02:33:51.512+0000] {processor.py:183} INFO - Processing /opt/airflow/dags/my_dag.py took 1.432 seconds
[2025-10-31T02:34:22.138+0000] {processor.py:161} INFO - Started process (PID=757) to work on /opt/airflow/dags/my_dag.py
[2025-10-31T02:34:22.140+0000] {processor.py:830} INFO - Processing file /opt/airflow/dags/my_dag.py for tasks to queue
[2025-10-31T02:34:22.142+0000] {logging_mixin.py:188} INFO - [2025-10-31T02:34:22.142+0000] {dagbag.py:538} INFO - Filling up the DagBag from /opt/airflow/dags/my_dag.py
[2025-10-31T02:34:23.878+0000] {processor.py:840} INFO - DAG(s) 'my_dag' retrieved from /opt/airflow/dags/my_dag.py
[2025-10-31T02:34:24.059+0000] {logging_mixin.py:188} INFO - [2025-10-31T02:34:24.058+0000] {dag.py:3036} INFO - Sync 1 DAGs
[2025-10-31T02:34:24.087+0000] {logging_mixin.py:188} INFO - [2025-10-31T02:34:24.086+0000] {dag.py:3823} INFO - Setting next_dagrun for my_dag to None, run_after=None
[2025-10-31T02:34:24.197+0000] {processor.py:183} INFO - Processing /opt/airflow/dags/my_dag.py took 2.067 seconds
[2025-10-31T02:34:55.090+0000] {processor.py:161} INFO - Started process (PID=769) to work on /opt/airflow/dags/my_dag.py
[2025-10-31T02:34:55.093+0000] {processor.py:830} INFO - Processing file /opt/airflow/dags/my_dag.py for tasks to queue
[2025-10-31T02:34:55.095+0000] {logging_mixin.py:188} INFO - [2025-10-31T02:34:55.094+0000] {dagbag.py:538} INFO - Filling up the DagBag from /opt/airflow/dags/my_dag.py
[2025-10-31T02:34:56.727+0000] {processor.py:840} INFO - DAG(s) 'my_dag' retrieved from /opt/airflow/dags/my_dag.py
[2025-10-31T02:34:56.767+0000] {logging_mixin.py:188} INFO - [2025-10-31T02:34:56.766+0000] {dag.py:3036} INFO - Sync 1 DAGs
[2025-10-31T02:34:56.834+0000] {logging_mixin.py:188} INFO - [2025-10-31T02:34:56.833+0000] {dag.py:3823} INFO - Setting next_dagrun for my_dag to None, run_after=None
[2025-10-31T02:34:56.929+0000] {processor.py:183} INFO - Processing /opt/airflow/dags/my_dag.py took 1.845 seconds
[2025-10-31T02:35:27.649+0000] {processor.py:161} INFO - Started process (PID=781) to work on /opt/airflow/dags/my_dag.py
[2025-10-31T02:35:27.651+0000] {processor.py:830} INFO - Processing file /opt/airflow/dags/my_dag.py for tasks to queue
[2025-10-31T02:35:27.655+0000] {logging_mixin.py:188} INFO - [2025-10-31T02:35:27.654+0000] {dagbag.py:538} INFO - Filling up the DagBag from /opt/airflow/dags/my_dag.py
[2025-10-31T02:35:28.484+0000] {processor.py:840} INFO - DAG(s) 'my_dag' retrieved from /opt/airflow/dags/my_dag.py
[2025-10-31T02:35:28.536+0000] {logging_mixin.py:188} INFO - [2025-10-31T02:35:28.535+0000] {dag.py:3036} INFO - Sync 1 DAGs
[2025-10-31T02:35:28.552+0000] {logging_mixin.py:188} INFO - [2025-10-31T02:35:28.552+0000] {dag.py:3823} INFO - Setting next_dagrun for my_dag to None, run_after=None
[2025-10-31T02:35:28.710+0000] {processor.py:183} INFO - Processing /opt/airflow/dags/my_dag.py took 1.072 seconds
[2025-10-31T02:35:59.777+0000] {processor.py:161} INFO - Started process (PID=793) to work on /opt/airflow/dags/my_dag.py
[2025-10-31T02:35:59.790+0000] {processor.py:830} INFO - Processing file /opt/airflow/dags/my_dag.py for tasks to queue
[2025-10-31T02:35:59.795+0000] {logging_mixin.py:188} INFO - [2025-10-31T02:35:59.794+0000] {dagbag.py:538} INFO - Filling up the DagBag from /opt/airflow/dags/my_dag.py
[2025-10-31T02:36:01.826+0000] {processor.py:840} INFO - DAG(s) 'my_dag' retrieved from /opt/airflow/dags/my_dag.py
[2025-10-31T02:36:01.889+0000] {logging_mixin.py:188} INFO - [2025-10-31T02:36:01.887+0000] {dag.py:3036} INFO - Sync 1 DAGs
[2025-10-31T02:36:01.920+0000] {logging_mixin.py:188} INFO - [2025-10-31T02:36:01.919+0000] {dag.py:3823} INFO - Setting next_dagrun for my_dag to None, run_after=None
[2025-10-31T02:36:01.969+0000] {processor.py:183} INFO - Processing /opt/airflow/dags/my_dag.py took 2.203 seconds
[2025-10-31T02:36:32.666+0000] {processor.py:161} INFO - Started process (PID=804) to work on /opt/airflow/dags/my_dag.py
[2025-10-31T02:36:32.667+0000] {processor.py:830} INFO - Processing file /opt/airflow/dags/my_dag.py for tasks to queue
[2025-10-31T02:36:32.669+0000] {logging_mixin.py:188} INFO - [2025-10-31T02:36:32.669+0000] {dagbag.py:538} INFO - Filling up the DagBag from /opt/airflow/dags/my_dag.py
[2025-10-31T02:36:33.440+0000] {processor.py:840} INFO - DAG(s) 'my_dag' retrieved from /opt/airflow/dags/my_dag.py
[2025-10-31T02:36:33.486+0000] {logging_mixin.py:188} INFO - [2025-10-31T02:36:33.485+0000] {dag.py:3036} INFO - Sync 1 DAGs
[2025-10-31T02:36:33.504+0000] {logging_mixin.py:188} INFO - [2025-10-31T02:36:33.504+0000] {dag.py:3823} INFO - Setting next_dagrun for my_dag to None, run_after=None
[2025-10-31T02:36:33.594+0000] {processor.py:183} INFO - Processing /opt/airflow/dags/my_dag.py took 0.933 seconds
[2025-10-31T02:37:03.875+0000] {processor.py:161} INFO - Started process (PID=816) to work on /opt/airflow/dags/my_dag.py
[2025-10-31T02:37:03.878+0000] {processor.py:830} INFO - Processing file /opt/airflow/dags/my_dag.py for tasks to queue
[2025-10-31T02:37:03.880+0000] {logging_mixin.py:188} INFO - [2025-10-31T02:37:03.879+0000] {dagbag.py:538} INFO - Filling up the DagBag from /opt/airflow/dags/my_dag.py
[2025-10-31T02:37:04.953+0000] {processor.py:840} INFO - DAG(s) 'my_dag' retrieved from /opt/airflow/dags/my_dag.py
[2025-10-31T02:37:05.087+0000] {logging_mixin.py:188} INFO - [2025-10-31T02:37:05.086+0000] {dag.py:3036} INFO - Sync 1 DAGs
[2025-10-31T02:37:05.118+0000] {logging_mixin.py:188} INFO - [2025-10-31T02:37:05.118+0000] {dag.py:3823} INFO - Setting next_dagrun for my_dag to None, run_after=None
[2025-10-31T02:37:05.152+0000] {processor.py:183} INFO - Processing /opt/airflow/dags/my_dag.py took 1.287 seconds
[2025-10-31T02:37:35.797+0000] {processor.py:161} INFO - Started process (PID=828) to work on /opt/airflow/dags/my_dag.py
[2025-10-31T02:37:35.800+0000] {processor.py:830} INFO - Processing file /opt/airflow/dags/my_dag.py for tasks to queue
[2025-10-31T02:37:35.803+0000] {logging_mixin.py:188} INFO - [2025-10-31T02:37:35.802+0000] {dagbag.py:538} INFO - Filling up the DagBag from /opt/airflow/dags/my_dag.py
[2025-10-31T02:37:37.527+0000] {processor.py:840} INFO - DAG(s) 'my_dag' retrieved from /opt/airflow/dags/my_dag.py
[2025-10-31T02:37:37.609+0000] {logging_mixin.py:188} INFO - [2025-10-31T02:37:37.608+0000] {dag.py:3036} INFO - Sync 1 DAGs
[2025-10-31T02:37:37.710+0000] {logging_mixin.py:188} INFO - [2025-10-31T02:37:37.709+0000] {dag.py:3823} INFO - Setting next_dagrun for my_dag to None, run_after=None
[2025-10-31T02:37:37.858+0000] {processor.py:183} INFO - Processing /opt/airflow/dags/my_dag.py took 2.069 seconds
[2025-10-31T02:38:08.186+0000] {processor.py:161} INFO - Started process (PID=840) to work on /opt/airflow/dags/my_dag.py
[2025-10-31T02:38:08.193+0000] {processor.py:830} INFO - Processing file /opt/airflow/dags/my_dag.py for tasks to queue
[2025-10-31T02:38:08.196+0000] {logging_mixin.py:188} INFO - [2025-10-31T02:38:08.195+0000] {dagbag.py:538} INFO - Filling up the DagBag from /opt/airflow/dags/my_dag.py
[2025-10-31T02:38:09.677+0000] {processor.py:840} INFO - DAG(s) 'my_dag' retrieved from /opt/airflow/dags/my_dag.py
[2025-10-31T02:38:09.757+0000] {logging_mixin.py:188} INFO - [2025-10-31T02:38:09.755+0000] {dag.py:3036} INFO - Sync 1 DAGs
[2025-10-31T02:38:09.785+0000] {logging_mixin.py:188} INFO - [2025-10-31T02:38:09.785+0000] {dag.py:3823} INFO - Setting next_dagrun for my_dag to None, run_after=None
[2025-10-31T02:38:09.891+0000] {processor.py:183} INFO - Processing /opt/airflow/dags/my_dag.py took 1.717 seconds
[2025-10-31T02:38:40.426+0000] {processor.py:161} INFO - Started process (PID=853) to work on /opt/airflow/dags/my_dag.py
[2025-10-31T02:38:40.429+0000] {processor.py:830} INFO - Processing file /opt/airflow/dags/my_dag.py for tasks to queue
[2025-10-31T02:38:40.432+0000] {logging_mixin.py:188} INFO - [2025-10-31T02:38:40.431+0000] {dagbag.py:538} INFO - Filling up the DagBag from /opt/airflow/dags/my_dag.py
[2025-10-31T02:38:41.836+0000] {processor.py:840} INFO - DAG(s) 'my_dag' retrieved from /opt/airflow/dags/my_dag.py
[2025-10-31T02:38:42.121+0000] {logging_mixin.py:188} INFO - [2025-10-31T02:38:42.120+0000] {dag.py:3036} INFO - Sync 1 DAGs
[2025-10-31T02:38:42.147+0000] {logging_mixin.py:188} INFO - [2025-10-31T02:38:42.146+0000] {dag.py:3823} INFO - Setting next_dagrun for my_dag to None, run_after=None
[2025-10-31T02:38:42.204+0000] {processor.py:183} INFO - Processing /opt/airflow/dags/my_dag.py took 1.788 seconds
[2025-10-31T02:39:12.594+0000] {processor.py:161} INFO - Started process (PID=865) to work on /opt/airflow/dags/my_dag.py
[2025-10-31T02:39:12.596+0000] {processor.py:830} INFO - Processing file /opt/airflow/dags/my_dag.py for tasks to queue
[2025-10-31T02:39:12.598+0000] {logging_mixin.py:188} INFO - [2025-10-31T02:39:12.598+0000] {dagbag.py:538} INFO - Filling up the DagBag from /opt/airflow/dags/my_dag.py
[2025-10-31T02:39:13.579+0000] {processor.py:840} INFO - DAG(s) 'my_dag' retrieved from /opt/airflow/dags/my_dag.py
[2025-10-31T02:39:13.617+0000] {logging_mixin.py:188} INFO - [2025-10-31T02:39:13.616+0000] {dag.py:3036} INFO - Sync 1 DAGs
[2025-10-31T02:39:13.631+0000] {logging_mixin.py:188} INFO - [2025-10-31T02:39:13.631+0000] {dag.py:3823} INFO - Setting next_dagrun for my_dag to None, run_after=None
[2025-10-31T02:39:13.711+0000] {processor.py:183} INFO - Processing /opt/airflow/dags/my_dag.py took 1.125 seconds
[2025-10-31T02:39:44.317+0000] {processor.py:161} INFO - Started process (PID=877) to work on /opt/airflow/dags/my_dag.py
[2025-10-31T02:39:44.320+0000] {processor.py:830} INFO - Processing file /opt/airflow/dags/my_dag.py for tasks to queue
[2025-10-31T02:39:44.322+0000] {logging_mixin.py:188} INFO - [2025-10-31T02:39:44.321+0000] {dagbag.py:538} INFO - Filling up the DagBag from /opt/airflow/dags/my_dag.py
[2025-10-31T02:39:45.015+0000] {processor.py:840} INFO - DAG(s) 'my_dag' retrieved from /opt/airflow/dags/my_dag.py
[2025-10-31T02:39:45.058+0000] {logging_mixin.py:188} INFO - [2025-10-31T02:39:45.057+0000] {dag.py:3036} INFO - Sync 1 DAGs
[2025-10-31T02:39:45.076+0000] {logging_mixin.py:188} INFO - [2025-10-31T02:39:45.076+0000] {dag.py:3823} INFO - Setting next_dagrun for my_dag to None, run_after=None
[2025-10-31T02:39:45.179+0000] {processor.py:183} INFO - Processing /opt/airflow/dags/my_dag.py took 0.868 seconds
[2025-10-31T02:40:16.058+0000] {processor.py:161} INFO - Started process (PID=889) to work on /opt/airflow/dags/my_dag.py
[2025-10-31T02:40:16.061+0000] {processor.py:830} INFO - Processing file /opt/airflow/dags/my_dag.py for tasks to queue
[2025-10-31T02:40:16.063+0000] {logging_mixin.py:188} INFO - [2025-10-31T02:40:16.062+0000] {dagbag.py:538} INFO - Filling up the DagBag from /opt/airflow/dags/my_dag.py
[2025-10-31T02:40:16.891+0000] {processor.py:840} INFO - DAG(s) 'my_dag' retrieved from /opt/airflow/dags/my_dag.py
[2025-10-31T02:40:16.941+0000] {logging_mixin.py:188} INFO - [2025-10-31T02:40:16.940+0000] {dag.py:3036} INFO - Sync 1 DAGs
[2025-10-31T02:40:16.968+0000] {logging_mixin.py:188} INFO - [2025-10-31T02:40:16.968+0000] {dag.py:3823} INFO - Setting next_dagrun for my_dag to None, run_after=None
[2025-10-31T02:40:17.012+0000] {processor.py:183} INFO - Processing /opt/airflow/dags/my_dag.py took 0.959 seconds
[2025-10-31T02:40:47.155+0000] {processor.py:161} INFO - Started process (PID=900) to work on /opt/airflow/dags/my_dag.py
[2025-10-31T02:40:47.158+0000] {processor.py:830} INFO - Processing file /opt/airflow/dags/my_dag.py for tasks to queue
[2025-10-31T02:40:47.159+0000] {logging_mixin.py:188} INFO - [2025-10-31T02:40:47.159+0000] {dagbag.py:538} INFO - Filling up the DagBag from /opt/airflow/dags/my_dag.py
[2025-10-31T02:40:48.413+0000] {processor.py:840} INFO - DAG(s) 'my_dag' retrieved from /opt/airflow/dags/my_dag.py
[2025-10-31T02:40:48.473+0000] {logging_mixin.py:188} INFO - [2025-10-31T02:40:48.472+0000] {dag.py:3036} INFO - Sync 1 DAGs
[2025-10-31T02:40:48.498+0000] {logging_mixin.py:188} INFO - [2025-10-31T02:40:48.497+0000] {dag.py:3823} INFO - Setting next_dagrun for my_dag to None, run_after=None
[2025-10-31T02:40:48.539+0000] {processor.py:183} INFO - Processing /opt/airflow/dags/my_dag.py took 1.395 seconds
[2025-10-31T02:41:19.177+0000] {processor.py:161} INFO - Started process (PID=912) to work on /opt/airflow/dags/my_dag.py
[2025-10-31T02:41:19.179+0000] {processor.py:830} INFO - Processing file /opt/airflow/dags/my_dag.py for tasks to queue
[2025-10-31T02:41:19.181+0000] {logging_mixin.py:188} INFO - [2025-10-31T02:41:19.180+0000] {dagbag.py:538} INFO - Filling up the DagBag from /opt/airflow/dags/my_dag.py
[2025-10-31T02:41:20.057+0000] {processor.py:840} INFO - DAG(s) 'my_dag' retrieved from /opt/airflow/dags/my_dag.py
[2025-10-31T02:41:20.112+0000] {logging_mixin.py:188} INFO - [2025-10-31T02:41:20.111+0000] {dag.py:3036} INFO - Sync 1 DAGs
[2025-10-31T02:41:20.138+0000] {logging_mixin.py:188} INFO - [2025-10-31T02:41:20.137+0000] {dag.py:3823} INFO - Setting next_dagrun for my_dag to None, run_after=None
[2025-10-31T02:41:20.243+0000] {processor.py:183} INFO - Processing /opt/airflow/dags/my_dag.py took 1.074 seconds
[2025-10-31T02:41:50.415+0000] {processor.py:161} INFO - Started process (PID=924) to work on /opt/airflow/dags/my_dag.py
[2025-10-31T02:41:50.417+0000] {processor.py:830} INFO - Processing file /opt/airflow/dags/my_dag.py for tasks to queue
[2025-10-31T02:41:50.420+0000] {logging_mixin.py:188} INFO - [2025-10-31T02:41:50.419+0000] {dagbag.py:538} INFO - Filling up the DagBag from /opt/airflow/dags/my_dag.py
[2025-10-31T02:41:51.303+0000] {processor.py:840} INFO - DAG(s) 'my_dag' retrieved from /opt/airflow/dags/my_dag.py
[2025-10-31T02:41:51.333+0000] {logging_mixin.py:188} INFO - [2025-10-31T02:41:51.332+0000] {dag.py:3036} INFO - Sync 1 DAGs
[2025-10-31T02:41:51.347+0000] {logging_mixin.py:188} INFO - [2025-10-31T02:41:51.346+0000] {dag.py:3823} INFO - Setting next_dagrun for my_dag to None, run_after=None
[2025-10-31T02:41:51.418+0000] {processor.py:183} INFO - Processing /opt/airflow/dags/my_dag.py took 1.013 seconds
[2025-10-31T02:42:21.888+0000] {processor.py:161} INFO - Started process (PID=936) to work on /opt/airflow/dags/my_dag.py
[2025-10-31T02:42:21.903+0000] {processor.py:830} INFO - Processing file /opt/airflow/dags/my_dag.py for tasks to queue
[2025-10-31T02:42:21.914+0000] {logging_mixin.py:188} INFO - [2025-10-31T02:42:21.913+0000] {dagbag.py:538} INFO - Filling up the DagBag from /opt/airflow/dags/my_dag.py
[2025-10-31T02:42:23.409+0000] {processor.py:840} INFO - DAG(s) 'my_dag' retrieved from /opt/airflow/dags/my_dag.py
[2025-10-31T02:42:23.455+0000] {logging_mixin.py:188} INFO - [2025-10-31T02:42:23.455+0000] {dag.py:3036} INFO - Sync 1 DAGs
[2025-10-31T02:42:23.483+0000] {logging_mixin.py:188} INFO - [2025-10-31T02:42:23.480+0000] {dag.py:3823} INFO - Setting next_dagrun for my_dag to None, run_after=None
[2025-10-31T02:42:23.587+0000] {processor.py:183} INFO - Processing /opt/airflow/dags/my_dag.py took 1.709 seconds
[2025-10-31T02:42:55.241+0000] {processor.py:161} INFO - Started process (PID=949) to work on /opt/airflow/dags/my_dag.py
[2025-10-31T02:42:55.243+0000] {processor.py:830} INFO - Processing file /opt/airflow/dags/my_dag.py for tasks to queue
[2025-10-31T02:42:55.246+0000] {logging_mixin.py:188} INFO - [2025-10-31T02:42:55.245+0000] {dagbag.py:538} INFO - Filling up the DagBag from /opt/airflow/dags/my_dag.py
[2025-10-31T02:42:57.361+0000] {processor.py:840} INFO - DAG(s) 'my_dag' retrieved from /opt/airflow/dags/my_dag.py
[2025-10-31T02:42:57.409+0000] {logging_mixin.py:188} INFO - [2025-10-31T02:42:57.408+0000] {dag.py:3036} INFO - Sync 1 DAGs
[2025-10-31T02:42:57.435+0000] {logging_mixin.py:188} INFO - [2025-10-31T02:42:57.434+0000] {dag.py:3823} INFO - Setting next_dagrun for my_dag to None, run_after=None
[2025-10-31T02:42:57.507+0000] {processor.py:183} INFO - Processing /opt/airflow/dags/my_dag.py took 2.275 seconds
[2025-10-31T02:43:27.748+0000] {processor.py:161} INFO - Started process (PID=961) to work on /opt/airflow/dags/my_dag.py
[2025-10-31T02:43:27.751+0000] {processor.py:830} INFO - Processing file /opt/airflow/dags/my_dag.py for tasks to queue
[2025-10-31T02:43:27.753+0000] {logging_mixin.py:188} INFO - [2025-10-31T02:43:27.752+0000] {dagbag.py:538} INFO - Filling up the DagBag from /opt/airflow/dags/my_dag.py
[2025-10-31T02:43:30.248+0000] {processor.py:840} INFO - DAG(s) 'my_dag' retrieved from /opt/airflow/dags/my_dag.py
[2025-10-31T02:43:30.368+0000] {logging_mixin.py:188} INFO - [2025-10-31T02:43:30.366+0000] {dag.py:3036} INFO - Sync 1 DAGs
[2025-10-31T02:43:30.441+0000] {logging_mixin.py:188} INFO - [2025-10-31T02:43:30.440+0000] {dag.py:3823} INFO - Setting next_dagrun for my_dag to None, run_after=None
[2025-10-31T02:43:30.535+0000] {processor.py:183} INFO - Processing /opt/airflow/dags/my_dag.py took 2.803 seconds
[2025-10-31T02:44:00.740+0000] {processor.py:161} INFO - Started process (PID=973) to work on /opt/airflow/dags/my_dag.py
[2025-10-31T02:44:00.742+0000] {processor.py:830} INFO - Processing file /opt/airflow/dags/my_dag.py for tasks to queue
[2025-10-31T02:44:00.744+0000] {logging_mixin.py:188} INFO - [2025-10-31T02:44:00.743+0000] {dagbag.py:538} INFO - Filling up the DagBag from /opt/airflow/dags/my_dag.py
[2025-10-31T02:44:01.539+0000] {processor.py:840} INFO - DAG(s) 'my_dag' retrieved from /opt/airflow/dags/my_dag.py
[2025-10-31T02:44:01.571+0000] {logging_mixin.py:188} INFO - [2025-10-31T02:44:01.571+0000] {dag.py:3036} INFO - Sync 1 DAGs
[2025-10-31T02:44:01.585+0000] {logging_mixin.py:188} INFO - [2025-10-31T02:44:01.585+0000] {dag.py:3823} INFO - Setting next_dagrun for my_dag to None, run_after=None
[2025-10-31T02:44:01.627+0000] {processor.py:183} INFO - Processing /opt/airflow/dags/my_dag.py took 0.894 seconds
[2025-10-31T02:44:32.624+0000] {processor.py:161} INFO - Started process (PID=986) to work on /opt/airflow/dags/my_dag.py
[2025-10-31T02:44:32.626+0000] {processor.py:830} INFO - Processing file /opt/airflow/dags/my_dag.py for tasks to queue
[2025-10-31T02:44:32.628+0000] {logging_mixin.py:188} INFO - [2025-10-31T02:44:32.627+0000] {dagbag.py:538} INFO - Filling up the DagBag from /opt/airflow/dags/my_dag.py
[2025-10-31T02:44:33.549+0000] {processor.py:840} INFO - DAG(s) 'my_dag' retrieved from /opt/airflow/dags/my_dag.py
[2025-10-31T02:44:33.676+0000] {logging_mixin.py:188} INFO - [2025-10-31T02:44:33.675+0000] {dag.py:3036} INFO - Sync 1 DAGs
[2025-10-31T02:44:33.696+0000] {logging_mixin.py:188} INFO - [2025-10-31T02:44:33.695+0000] {dag.py:3823} INFO - Setting next_dagrun for my_dag to None, run_after=None
[2025-10-31T02:44:33.754+0000] {processor.py:183} INFO - Processing /opt/airflow/dags/my_dag.py took 1.136 seconds
[2025-10-31T02:45:04.759+0000] {processor.py:161} INFO - Started process (PID=998) to work on /opt/airflow/dags/my_dag.py
[2025-10-31T02:45:04.768+0000] {processor.py:830} INFO - Processing file /opt/airflow/dags/my_dag.py for tasks to queue
[2025-10-31T02:45:04.781+0000] {logging_mixin.py:188} INFO - [2025-10-31T02:45:04.780+0000] {dagbag.py:538} INFO - Filling up the DagBag from /opt/airflow/dags/my_dag.py
[2025-10-31T02:45:09.197+0000] {processor.py:840} INFO - DAG(s) 'my_dag' retrieved from /opt/airflow/dags/my_dag.py
[2025-10-31T02:45:09.278+0000] {logging_mixin.py:188} INFO - [2025-10-31T02:45:09.277+0000] {dag.py:3036} INFO - Sync 1 DAGs
[2025-10-31T02:45:09.337+0000] {logging_mixin.py:188} INFO - [2025-10-31T02:45:09.337+0000] {dag.py:3823} INFO - Setting next_dagrun for my_dag to None, run_after=None
[2025-10-31T02:45:09.495+0000] {processor.py:183} INFO - Processing /opt/airflow/dags/my_dag.py took 4.801 seconds
[2025-10-31T02:45:39.997+0000] {processor.py:161} INFO - Started process (PID=1010) to work on /opt/airflow/dags/my_dag.py
[2025-10-31T02:45:40.023+0000] {processor.py:830} INFO - Processing file /opt/airflow/dags/my_dag.py for tasks to queue
[2025-10-31T02:45:40.025+0000] {logging_mixin.py:188} INFO - [2025-10-31T02:45:40.025+0000] {dagbag.py:538} INFO - Filling up the DagBag from /opt/airflow/dags/my_dag.py
[2025-10-31T02:45:40.933+0000] {processor.py:840} INFO - DAG(s) 'my_dag' retrieved from /opt/airflow/dags/my_dag.py
[2025-10-31T02:45:40.967+0000] {logging_mixin.py:188} INFO - [2025-10-31T02:45:40.967+0000] {dag.py:3036} INFO - Sync 1 DAGs
[2025-10-31T02:45:41.018+0000] {logging_mixin.py:188} INFO - [2025-10-31T02:45:41.017+0000] {dag.py:3823} INFO - Setting next_dagrun for my_dag to None, run_after=None
[2025-10-31T02:45:41.124+0000] {processor.py:183} INFO - Processing /opt/airflow/dags/my_dag.py took 1.134 seconds
[2025-10-31T02:46:11.747+0000] {processor.py:161} INFO - Started process (PID=1022) to work on /opt/airflow/dags/my_dag.py
[2025-10-31T02:46:11.749+0000] {processor.py:830} INFO - Processing file /opt/airflow/dags/my_dag.py for tasks to queue
[2025-10-31T02:46:11.752+0000] {logging_mixin.py:188} INFO - [2025-10-31T02:46:11.751+0000] {dagbag.py:538} INFO - Filling up the DagBag from /opt/airflow/dags/my_dag.py
[2025-10-31T02:46:12.633+0000] {processor.py:840} INFO - DAG(s) 'my_dag' retrieved from /opt/airflow/dags/my_dag.py
[2025-10-31T02:46:12.672+0000] {logging_mixin.py:188} INFO - [2025-10-31T02:46:12.668+0000] {dag.py:3036} INFO - Sync 1 DAGs
[2025-10-31T02:46:12.689+0000] {logging_mixin.py:188} INFO - [2025-10-31T02:46:12.688+0000] {dag.py:3823} INFO - Setting next_dagrun for my_dag to None, run_after=None
[2025-10-31T02:46:12.752+0000] {processor.py:183} INFO - Processing /opt/airflow/dags/my_dag.py took 1.012 seconds
[2025-10-31T02:46:42.916+0000] {processor.py:161} INFO - Started process (PID=1034) to work on /opt/airflow/dags/my_dag.py
[2025-10-31T02:46:42.918+0000] {processor.py:830} INFO - Processing file /opt/airflow/dags/my_dag.py for tasks to queue
[2025-10-31T02:46:42.920+0000] {logging_mixin.py:188} INFO - [2025-10-31T02:46:42.919+0000] {dagbag.py:538} INFO - Filling up the DagBag from /opt/airflow/dags/my_dag.py
[2025-10-31T02:46:48.103+0000] {processor.py:840} INFO - DAG(s) 'my_dag' retrieved from /opt/airflow/dags/my_dag.py
[2025-10-31T02:46:48.236+0000] {logging_mixin.py:188} INFO - [2025-10-31T02:46:48.235+0000] {dag.py:3036} INFO - Sync 1 DAGs
[2025-10-31T02:46:48.304+0000] {logging_mixin.py:188} INFO - [2025-10-31T02:46:48.303+0000] {dag.py:3823} INFO - Setting next_dagrun for my_dag to None, run_after=None
[2025-10-31T02:46:48.426+0000] {processor.py:183} INFO - Processing /opt/airflow/dags/my_dag.py took 3.833 seconds
[2025-10-31T02:47:20.331+0000] {processor.py:161} INFO - Started process (PID=1048) to work on /opt/airflow/dags/my_dag.py
[2025-10-31T02:47:20.333+0000] {processor.py:830} INFO - Processing file /opt/airflow/dags/my_dag.py for tasks to queue
[2025-10-31T02:47:20.336+0000] {logging_mixin.py:188} INFO - [2025-10-31T02:47:20.335+0000] {dagbag.py:538} INFO - Filling up the DagBag from /opt/airflow/dags/my_dag.py
[2025-10-31T02:47:21.547+0000] {processor.py:840} INFO - DAG(s) 'my_dag' retrieved from /opt/airflow/dags/my_dag.py
[2025-10-31T02:47:21.603+0000] {logging_mixin.py:188} INFO - [2025-10-31T02:47:21.602+0000] {dag.py:3036} INFO - Sync 1 DAGs
[2025-10-31T02:47:21.718+0000] {logging_mixin.py:188} INFO - [2025-10-31T02:47:21.718+0000] {dag.py:3823} INFO - Setting next_dagrun for my_dag to None, run_after=None
[2025-10-31T02:47:21.822+0000] {processor.py:183} INFO - Processing /opt/airflow/dags/my_dag.py took 1.504 seconds
[2025-10-31T02:47:52.581+0000] {processor.py:161} INFO - Started process (PID=1061) to work on /opt/airflow/dags/my_dag.py
[2025-10-31T02:47:52.587+0000] {processor.py:830} INFO - Processing file /opt/airflow/dags/my_dag.py for tasks to queue
[2025-10-31T02:47:52.588+0000] {logging_mixin.py:188} INFO - [2025-10-31T02:47:52.588+0000] {dagbag.py:538} INFO - Filling up the DagBag from /opt/airflow/dags/my_dag.py
[2025-10-31T02:47:53.593+0000] {processor.py:840} INFO - DAG(s) 'my_dag' retrieved from /opt/airflow/dags/my_dag.py
[2025-10-31T02:47:53.626+0000] {logging_mixin.py:188} INFO - [2025-10-31T02:47:53.625+0000] {dag.py:3036} INFO - Sync 1 DAGs
[2025-10-31T02:47:53.641+0000] {logging_mixin.py:188} INFO - [2025-10-31T02:47:53.640+0000] {dag.py:3823} INFO - Setting next_dagrun for my_dag to None, run_after=None
[2025-10-31T02:47:55.856+0000] {processor.py:183} INFO - Processing /opt/airflow/dags/my_dag.py took 3.282 seconds
[2025-10-31T02:48:26.456+0000] {processor.py:161} INFO - Started process (PID=1073) to work on /opt/airflow/dags/my_dag.py
[2025-10-31T02:48:26.459+0000] {processor.py:830} INFO - Processing file /opt/airflow/dags/my_dag.py for tasks to queue
[2025-10-31T02:48:26.462+0000] {logging_mixin.py:188} INFO - [2025-10-31T02:48:26.462+0000] {dagbag.py:538} INFO - Filling up the DagBag from /opt/airflow/dags/my_dag.py
[2025-10-31T02:48:27.579+0000] {processor.py:840} INFO - DAG(s) 'my_dag' retrieved from /opt/airflow/dags/my_dag.py
[2025-10-31T02:48:27.614+0000] {logging_mixin.py:188} INFO - [2025-10-31T02:48:27.613+0000] {dag.py:3036} INFO - Sync 1 DAGs
[2025-10-31T02:48:27.630+0000] {logging_mixin.py:188} INFO - [2025-10-31T02:48:27.629+0000] {dag.py:3823} INFO - Setting next_dagrun for my_dag to None, run_after=None
[2025-10-31T02:48:27.705+0000] {processor.py:183} INFO - Processing /opt/airflow/dags/my_dag.py took 1.259 seconds
[2025-10-31T02:48:58.354+0000] {processor.py:161} INFO - Started process (PID=1084) to work on /opt/airflow/dags/my_dag.py
[2025-10-31T02:48:58.357+0000] {processor.py:830} INFO - Processing file /opt/airflow/dags/my_dag.py for tasks to queue
[2025-10-31T02:48:58.359+0000] {logging_mixin.py:188} INFO - [2025-10-31T02:48:58.359+0000] {dagbag.py:538} INFO - Filling up the DagBag from /opt/airflow/dags/my_dag.py
[2025-10-31T02:48:59.319+0000] {processor.py:840} INFO - DAG(s) 'my_dag' retrieved from /opt/airflow/dags/my_dag.py
[2025-10-31T02:48:59.353+0000] {logging_mixin.py:188} INFO - [2025-10-31T02:48:59.352+0000] {dag.py:3036} INFO - Sync 1 DAGs
[2025-10-31T02:48:59.370+0000] {logging_mixin.py:188} INFO - [2025-10-31T02:48:59.369+0000] {dag.py:3823} INFO - Setting next_dagrun for my_dag to None, run_after=None
[2025-10-31T02:48:59.574+0000] {processor.py:183} INFO - Processing /opt/airflow/dags/my_dag.py took 1.226 seconds
[2025-10-31T02:49:30.261+0000] {processor.py:161} INFO - Started process (PID=1095) to work on /opt/airflow/dags/my_dag.py
[2025-10-31T02:49:30.264+0000] {processor.py:830} INFO - Processing file /opt/airflow/dags/my_dag.py for tasks to queue
[2025-10-31T02:49:30.267+0000] {logging_mixin.py:188} INFO - [2025-10-31T02:49:30.266+0000] {dagbag.py:538} INFO - Filling up the DagBag from /opt/airflow/dags/my_dag.py
[2025-10-31T02:49:31.531+0000] {processor.py:840} INFO - DAG(s) 'my_dag' retrieved from /opt/airflow/dags/my_dag.py
[2025-10-31T02:49:31.595+0000] {logging_mixin.py:188} INFO - [2025-10-31T02:49:31.594+0000] {dag.py:3036} INFO - Sync 1 DAGs
[2025-10-31T02:49:31.617+0000] {logging_mixin.py:188} INFO - [2025-10-31T02:49:31.616+0000] {dag.py:3823} INFO - Setting next_dagrun for my_dag to None, run_after=None
[2025-10-31T02:49:31.678+0000] {processor.py:183} INFO - Processing /opt/airflow/dags/my_dag.py took 1.427 seconds
[2025-10-31T02:50:02.005+0000] {processor.py:161} INFO - Started process (PID=1108) to work on /opt/airflow/dags/my_dag.py
[2025-10-31T02:50:02.008+0000] {processor.py:830} INFO - Processing file /opt/airflow/dags/my_dag.py for tasks to queue
[2025-10-31T02:50:02.010+0000] {logging_mixin.py:188} INFO - [2025-10-31T02:50:02.009+0000] {dagbag.py:538} INFO - Filling up the DagBag from /opt/airflow/dags/my_dag.py
[2025-10-31T02:50:02.766+0000] {processor.py:840} INFO - DAG(s) 'my_dag' retrieved from /opt/airflow/dags/my_dag.py
[2025-10-31T02:50:02.799+0000] {logging_mixin.py:188} INFO - [2025-10-31T02:50:02.798+0000] {dag.py:3036} INFO - Sync 1 DAGs
[2025-10-31T02:50:02.813+0000] {logging_mixin.py:188} INFO - [2025-10-31T02:50:02.813+0000] {dag.py:3823} INFO - Setting next_dagrun for my_dag to None, run_after=None
[2025-10-31T02:50:02.846+0000] {processor.py:183} INFO - Processing /opt/airflow/dags/my_dag.py took 0.850 seconds
[2025-10-31T02:50:33.672+0000] {processor.py:161} INFO - Started process (PID=1120) to work on /opt/airflow/dags/my_dag.py
[2025-10-31T02:50:33.674+0000] {processor.py:830} INFO - Processing file /opt/airflow/dags/my_dag.py for tasks to queue
[2025-10-31T02:50:33.677+0000] {logging_mixin.py:188} INFO - [2025-10-31T02:50:33.676+0000] {dagbag.py:538} INFO - Filling up the DagBag from /opt/airflow/dags/my_dag.py
[2025-10-31T02:50:35.615+0000] {processor.py:840} INFO - DAG(s) 'my_dag' retrieved from /opt/airflow/dags/my_dag.py
[2025-10-31T02:50:36.161+0000] {logging_mixin.py:188} INFO - [2025-10-31T02:50:36.160+0000] {dag.py:3036} INFO - Sync 1 DAGs
[2025-10-31T02:50:36.378+0000] {logging_mixin.py:188} INFO - [2025-10-31T02:50:36.363+0000] {dag.py:3823} INFO - Setting next_dagrun for my_dag to None, run_after=None
[2025-10-31T02:50:36.836+0000] {processor.py:183} INFO - Processing /opt/airflow/dags/my_dag.py took 3.169 seconds
[2025-10-31T02:51:07.181+0000] {processor.py:161} INFO - Started process (PID=1132) to work on /opt/airflow/dags/my_dag.py
[2025-10-31T02:51:07.184+0000] {processor.py:830} INFO - Processing file /opt/airflow/dags/my_dag.py for tasks to queue
[2025-10-31T02:51:07.190+0000] {logging_mixin.py:188} INFO - [2025-10-31T02:51:07.189+0000] {dagbag.py:538} INFO - Filling up the DagBag from /opt/airflow/dags/my_dag.py
[2025-10-31T02:51:08.208+0000] {processor.py:840} INFO - DAG(s) 'my_dag' retrieved from /opt/airflow/dags/my_dag.py
[2025-10-31T02:51:08.245+0000] {logging_mixin.py:188} INFO - [2025-10-31T02:51:08.244+0000] {dag.py:3036} INFO - Sync 1 DAGs
[2025-10-31T02:51:08.260+0000] {logging_mixin.py:188} INFO - [2025-10-31T02:51:08.260+0000] {dag.py:3823} INFO - Setting next_dagrun for my_dag to None, run_after=None
[2025-10-31T02:51:08.296+0000] {processor.py:183} INFO - Processing /opt/airflow/dags/my_dag.py took 1.128 seconds
[2025-10-31T02:51:38.595+0000] {processor.py:161} INFO - Started process (PID=1144) to work on /opt/airflow/dags/my_dag.py
[2025-10-31T02:51:38.597+0000] {processor.py:830} INFO - Processing file /opt/airflow/dags/my_dag.py for tasks to queue
[2025-10-31T02:51:38.600+0000] {logging_mixin.py:188} INFO - [2025-10-31T02:51:38.599+0000] {dagbag.py:538} INFO - Filling up the DagBag from /opt/airflow/dags/my_dag.py
[2025-10-31T02:51:39.619+0000] {processor.py:840} INFO - DAG(s) 'my_dag' retrieved from /opt/airflow/dags/my_dag.py
[2025-10-31T02:51:39.661+0000] {logging_mixin.py:188} INFO - [2025-10-31T02:51:39.660+0000] {dag.py:3036} INFO - Sync 1 DAGs
[2025-10-31T02:51:39.693+0000] {logging_mixin.py:188} INFO - [2025-10-31T02:51:39.693+0000] {dag.py:3823} INFO - Setting next_dagrun for my_dag to None, run_after=None
[2025-10-31T02:51:39.951+0000] {processor.py:183} INFO - Processing /opt/airflow/dags/my_dag.py took 1.366 seconds
[2025-10-31T02:52:10.541+0000] {processor.py:161} INFO - Started process (PID=1156) to work on /opt/airflow/dags/my_dag.py
[2025-10-31T02:52:10.543+0000] {processor.py:830} INFO - Processing file /opt/airflow/dags/my_dag.py for tasks to queue
[2025-10-31T02:52:10.545+0000] {logging_mixin.py:188} INFO - [2025-10-31T02:52:10.545+0000] {dagbag.py:538} INFO - Filling up the DagBag from /opt/airflow/dags/my_dag.py
[2025-10-31T02:52:12.184+0000] {processor.py:840} INFO - DAG(s) 'my_dag' retrieved from /opt/airflow/dags/my_dag.py
[2025-10-31T02:52:12.235+0000] {logging_mixin.py:188} INFO - [2025-10-31T02:52:12.233+0000] {dag.py:3036} INFO - Sync 1 DAGs
[2025-10-31T02:52:12.255+0000] {logging_mixin.py:188} INFO - [2025-10-31T02:52:12.255+0000] {dag.py:3823} INFO - Setting next_dagrun for my_dag to None, run_after=None
[2025-10-31T02:52:12.476+0000] {processor.py:183} INFO - Processing /opt/airflow/dags/my_dag.py took 1.942 seconds
[2025-10-31T02:52:43.213+0000] {processor.py:161} INFO - Started process (PID=1168) to work on /opt/airflow/dags/my_dag.py
[2025-10-31T02:52:43.217+0000] {processor.py:830} INFO - Processing file /opt/airflow/dags/my_dag.py for tasks to queue
[2025-10-31T02:52:43.221+0000] {logging_mixin.py:188} INFO - [2025-10-31T02:52:43.220+0000] {dagbag.py:538} INFO - Filling up the DagBag from /opt/airflow/dags/my_dag.py
[2025-10-31T02:52:44.592+0000] {processor.py:840} INFO - DAG(s) 'my_dag' retrieved from /opt/airflow/dags/my_dag.py
[2025-10-31T02:52:44.726+0000] {logging_mixin.py:188} INFO - [2025-10-31T02:52:44.725+0000] {dag.py:3036} INFO - Sync 1 DAGs
[2025-10-31T02:52:44.781+0000] {logging_mixin.py:188} INFO - [2025-10-31T02:52:44.781+0000] {dag.py:3823} INFO - Setting next_dagrun for my_dag to None, run_after=None
[2025-10-31T02:52:44.857+0000] {processor.py:183} INFO - Processing /opt/airflow/dags/my_dag.py took 1.645 seconds
[2025-10-31T02:53:15.522+0000] {processor.py:161} INFO - Started process (PID=1180) to work on /opt/airflow/dags/my_dag.py
[2025-10-31T02:53:15.536+0000] {processor.py:830} INFO - Processing file /opt/airflow/dags/my_dag.py for tasks to queue
[2025-10-31T02:53:15.549+0000] {logging_mixin.py:188} INFO - [2025-10-31T02:53:15.548+0000] {dagbag.py:538} INFO - Filling up the DagBag from /opt/airflow/dags/my_dag.py
[2025-10-31T02:53:18.991+0000] {processor.py:840} INFO - DAG(s) 'my_dag' retrieved from /opt/airflow/dags/my_dag.py
[2025-10-31T02:53:19.103+0000] {logging_mixin.py:188} INFO - [2025-10-31T02:53:19.102+0000] {dag.py:3036} INFO - Sync 1 DAGs
[2025-10-31T02:53:19.157+0000] {logging_mixin.py:188} INFO - [2025-10-31T02:53:19.156+0000] {dag.py:3823} INFO - Setting next_dagrun for my_dag to None, run_after=None
[2025-10-31T02:53:19.226+0000] {processor.py:183} INFO - Processing /opt/airflow/dags/my_dag.py took 3.737 seconds
[2025-10-31T02:53:50.363+0000] {processor.py:161} INFO - Started process (PID=1192) to work on /opt/airflow/dags/my_dag.py
[2025-10-31T02:53:50.370+0000] {processor.py:830} INFO - Processing file /opt/airflow/dags/my_dag.py for tasks to queue
[2025-10-31T02:53:50.376+0000] {logging_mixin.py:188} INFO - [2025-10-31T02:53:50.375+0000] {dagbag.py:538} INFO - Filling up the DagBag from /opt/airflow/dags/my_dag.py
[2025-10-31T02:53:52.406+0000] {processor.py:840} INFO - DAG(s) 'my_dag' retrieved from /opt/airflow/dags/my_dag.py
[2025-10-31T02:53:52.621+0000] {logging_mixin.py:188} INFO - [2025-10-31T02:53:52.620+0000] {dag.py:3036} INFO - Sync 1 DAGs
[2025-10-31T02:53:52.703+0000] {logging_mixin.py:188} INFO - [2025-10-31T02:53:52.703+0000] {dag.py:3823} INFO - Setting next_dagrun for my_dag to None, run_after=None
[2025-10-31T02:53:52.832+0000] {processor.py:183} INFO - Processing /opt/airflow/dags/my_dag.py took 2.477 seconds
[2025-10-31T02:54:24.207+0000] {processor.py:161} INFO - Started process (PID=1204) to work on /opt/airflow/dags/my_dag.py
[2025-10-31T02:54:24.226+0000] {processor.py:830} INFO - Processing file /opt/airflow/dags/my_dag.py for tasks to queue
[2025-10-31T02:54:24.255+0000] {logging_mixin.py:188} INFO - [2025-10-31T02:54:24.254+0000] {dagbag.py:538} INFO - Filling up the DagBag from /opt/airflow/dags/my_dag.py
[2025-10-31T02:54:29.831+0000] {processor.py:840} INFO - DAG(s) 'my_dag' retrieved from /opt/airflow/dags/my_dag.py
[2025-10-31T02:54:30.047+0000] {logging_mixin.py:188} INFO - [2025-10-31T02:54:30.045+0000] {dag.py:3036} INFO - Sync 1 DAGs
[2025-10-31T02:54:30.183+0000] {logging_mixin.py:188} INFO - [2025-10-31T02:54:30.182+0000] {dag.py:3823} INFO - Setting next_dagrun for my_dag to None, run_after=None
[2025-10-31T02:54:30.393+0000] {processor.py:183} INFO - Processing /opt/airflow/dags/my_dag.py took 6.216 seconds
[2025-10-31T02:55:00.950+0000] {processor.py:161} INFO - Started process (PID=1215) to work on /opt/airflow/dags/my_dag.py
[2025-10-31T02:55:00.954+0000] {processor.py:830} INFO - Processing file /opt/airflow/dags/my_dag.py for tasks to queue
[2025-10-31T02:55:00.980+0000] {logging_mixin.py:188} INFO - [2025-10-31T02:55:00.967+0000] {dagbag.py:538} INFO - Filling up the DagBag from /opt/airflow/dags/my_dag.py
[2025-10-31T02:55:05.316+0000] {processor.py:840} INFO - DAG(s) 'my_dag' retrieved from /opt/airflow/dags/my_dag.py
[2025-10-31T02:55:05.515+0000] {logging_mixin.py:188} INFO - [2025-10-31T02:55:05.514+0000] {dag.py:3036} INFO - Sync 1 DAGs
[2025-10-31T02:55:05.690+0000] {logging_mixin.py:188} INFO - [2025-10-31T02:55:05.689+0000] {dag.py:3823} INFO - Setting next_dagrun for my_dag to None, run_after=None
[2025-10-31T02:55:06.062+0000] {processor.py:183} INFO - Processing /opt/airflow/dags/my_dag.py took 5.151 seconds
[2025-10-31T02:55:37.194+0000] {processor.py:161} INFO - Started process (PID=1233) to work on /opt/airflow/dags/my_dag.py
[2025-10-31T02:55:37.196+0000] {processor.py:830} INFO - Processing file /opt/airflow/dags/my_dag.py for tasks to queue
[2025-10-31T02:55:37.203+0000] {logging_mixin.py:188} INFO - [2025-10-31T02:55:37.198+0000] {dagbag.py:538} INFO - Filling up the DagBag from /opt/airflow/dags/my_dag.py
[2025-10-31T02:55:40.474+0000] {processor.py:840} INFO - DAG(s) 'my_dag' retrieved from /opt/airflow/dags/my_dag.py
[2025-10-31T02:55:40.602+0000] {logging_mixin.py:188} INFO - [2025-10-31T02:55:40.590+0000] {dag.py:3036} INFO - Sync 1 DAGs
[2025-10-31T02:55:40.680+0000] {logging_mixin.py:188} INFO - [2025-10-31T02:55:40.680+0000] {dag.py:3823} INFO - Setting next_dagrun for my_dag to None, run_after=None
[2025-10-31T02:55:40.764+0000] {processor.py:183} INFO - Processing /opt/airflow/dags/my_dag.py took 3.584 seconds
[2025-10-31T02:56:11.336+0000] {processor.py:161} INFO - Started process (PID=1245) to work on /opt/airflow/dags/my_dag.py
[2025-10-31T02:56:11.339+0000] {processor.py:830} INFO - Processing file /opt/airflow/dags/my_dag.py for tasks to queue
[2025-10-31T02:56:11.351+0000] {logging_mixin.py:188} INFO - [2025-10-31T02:56:11.340+0000] {dagbag.py:538} INFO - Filling up the DagBag from /opt/airflow/dags/my_dag.py
[2025-10-31T02:56:15.619+0000] {processor.py:840} INFO - DAG(s) 'my_dag' retrieved from /opt/airflow/dags/my_dag.py
[2025-10-31T02:56:15.830+0000] {logging_mixin.py:188} INFO - [2025-10-31T02:56:15.828+0000] {dag.py:3036} INFO - Sync 1 DAGs
[2025-10-31T02:56:15.869+0000] {logging_mixin.py:188} INFO - [2025-10-31T02:56:15.869+0000] {dag.py:3823} INFO - Setting next_dagrun for my_dag to None, run_after=None
[2025-10-31T02:56:16.251+0000] {processor.py:183} INFO - Processing /opt/airflow/dags/my_dag.py took 3.459 seconds
[2025-10-31T02:56:48.013+0000] {processor.py:161} INFO - Started process (PID=1259) to work on /opt/airflow/dags/my_dag.py
[2025-10-31T02:56:48.017+0000] {processor.py:830} INFO - Processing file /opt/airflow/dags/my_dag.py for tasks to queue
[2025-10-31T02:56:48.022+0000] {logging_mixin.py:188} INFO - [2025-10-31T02:56:48.021+0000] {dagbag.py:538} INFO - Filling up the DagBag from /opt/airflow/dags/my_dag.py
[2025-10-31T02:56:50.014+0000] {processor.py:840} INFO - DAG(s) 'my_dag' retrieved from /opt/airflow/dags/my_dag.py
[2025-10-31T02:56:50.109+0000] {logging_mixin.py:188} INFO - [2025-10-31T02:56:50.108+0000] {dag.py:3036} INFO - Sync 1 DAGs
[2025-10-31T02:56:50.153+0000] {logging_mixin.py:188} INFO - [2025-10-31T02:56:50.153+0000] {dag.py:3823} INFO - Setting next_dagrun for my_dag to None, run_after=None
[2025-10-31T02:56:50.228+0000] {processor.py:183} INFO - Processing /opt/airflow/dags/my_dag.py took 2.223 seconds
[2025-10-31T02:57:21.347+0000] {processor.py:161} INFO - Started process (PID=1273) to work on /opt/airflow/dags/my_dag.py
[2025-10-31T02:57:21.363+0000] {processor.py:830} INFO - Processing file /opt/airflow/dags/my_dag.py for tasks to queue
[2025-10-31T02:57:21.374+0000] {logging_mixin.py:188} INFO - [2025-10-31T02:57:21.373+0000] {dagbag.py:538} INFO - Filling up the DagBag from /opt/airflow/dags/my_dag.py
[2025-10-31T02:57:24.324+0000] {processor.py:840} INFO - DAG(s) 'my_dag' retrieved from /opt/airflow/dags/my_dag.py
[2025-10-31T02:57:24.418+0000] {logging_mixin.py:188} INFO - [2025-10-31T02:57:24.417+0000] {dag.py:3036} INFO - Sync 1 DAGs
[2025-10-31T02:57:24.469+0000] {logging_mixin.py:188} INFO - [2025-10-31T02:57:24.468+0000] {dag.py:3823} INFO - Setting next_dagrun for my_dag to None, run_after=None
[2025-10-31T02:57:24.705+0000] {processor.py:183} INFO - Processing /opt/airflow/dags/my_dag.py took 3.368 seconds
[2025-10-31T02:57:55.917+0000] {processor.py:161} INFO - Started process (PID=1285) to work on /opt/airflow/dags/my_dag.py
[2025-10-31T02:57:55.948+0000] {processor.py:830} INFO - Processing file /opt/airflow/dags/my_dag.py for tasks to queue
[2025-10-31T02:57:55.966+0000] {logging_mixin.py:188} INFO - [2025-10-31T02:57:55.965+0000] {dagbag.py:538} INFO - Filling up the DagBag from /opt/airflow/dags/my_dag.py
[2025-10-31T02:57:58.906+0000] {processor.py:840} INFO - DAG(s) 'my_dag' retrieved from /opt/airflow/dags/my_dag.py
[2025-10-31T02:57:58.997+0000] {logging_mixin.py:188} INFO - [2025-10-31T02:57:58.996+0000] {dag.py:3036} INFO - Sync 1 DAGs
[2025-10-31T02:57:59.045+0000] {logging_mixin.py:188} INFO - [2025-10-31T02:57:59.044+0000] {dag.py:3823} INFO - Setting next_dagrun for my_dag to None, run_after=None
[2025-10-31T02:57:59.102+0000] {processor.py:183} INFO - Processing /opt/airflow/dags/my_dag.py took 3.203 seconds
[2025-10-31T02:58:29.516+0000] {processor.py:161} INFO - Started process (PID=1297) to work on /opt/airflow/dags/my_dag.py
[2025-10-31T02:58:29.518+0000] {processor.py:830} INFO - Processing file /opt/airflow/dags/my_dag.py for tasks to queue
[2025-10-31T02:58:29.521+0000] {logging_mixin.py:188} INFO - [2025-10-31T02:58:29.520+0000] {dagbag.py:538} INFO - Filling up the DagBag from /opt/airflow/dags/my_dag.py
[2025-10-31T02:58:31.331+0000] {processor.py:840} INFO - DAG(s) 'my_dag' retrieved from /opt/airflow/dags/my_dag.py
[2025-10-31T02:58:31.434+0000] {logging_mixin.py:188} INFO - [2025-10-31T02:58:31.425+0000] {dag.py:3036} INFO - Sync 1 DAGs
[2025-10-31T02:58:31.512+0000] {logging_mixin.py:188} INFO - [2025-10-31T02:58:31.511+0000] {dag.py:3823} INFO - Setting next_dagrun for my_dag to None, run_after=None
[2025-10-31T02:58:31.624+0000] {processor.py:183} INFO - Processing /opt/airflow/dags/my_dag.py took 2.118 seconds
[2025-10-31T02:59:02.449+0000] {processor.py:161} INFO - Started process (PID=1309) to work on /opt/airflow/dags/my_dag.py
[2025-10-31T02:59:02.503+0000] {processor.py:830} INFO - Processing file /opt/airflow/dags/my_dag.py for tasks to queue
[2025-10-31T02:59:02.537+0000] {logging_mixin.py:188} INFO - [2025-10-31T02:59:02.536+0000] {dagbag.py:538} INFO - Filling up the DagBag from /opt/airflow/dags/my_dag.py
[2025-10-31T02:59:06.086+0000] {processor.py:840} INFO - DAG(s) 'my_dag' retrieved from /opt/airflow/dags/my_dag.py
[2025-10-31T02:59:06.242+0000] {logging_mixin.py:188} INFO - [2025-10-31T02:59:06.241+0000] {dag.py:3036} INFO - Sync 1 DAGs
[2025-10-31T02:59:06.331+0000] {logging_mixin.py:188} INFO - [2025-10-31T02:59:06.330+0000] {dag.py:3823} INFO - Setting next_dagrun for my_dag to None, run_after=None
[2025-10-31T02:59:06.578+0000] {processor.py:183} INFO - Processing /opt/airflow/dags/my_dag.py took 4.149 seconds
[2025-10-31T02:59:37.106+0000] {processor.py:161} INFO - Started process (PID=1321) to work on /opt/airflow/dags/my_dag.py
[2025-10-31T02:59:37.109+0000] {processor.py:830} INFO - Processing file /opt/airflow/dags/my_dag.py for tasks to queue
[2025-10-31T02:59:37.122+0000] {logging_mixin.py:188} INFO - [2025-10-31T02:59:37.121+0000] {dagbag.py:538} INFO - Filling up the DagBag from /opt/airflow/dags/my_dag.py
[2025-10-31T02:59:40.142+0000] {processor.py:840} INFO - DAG(s) 'my_dag' retrieved from /opt/airflow/dags/my_dag.py
[2025-10-31T02:59:40.352+0000] {logging_mixin.py:188} INFO - [2025-10-31T02:59:40.340+0000] {dag.py:3036} INFO - Sync 1 DAGs
[2025-10-31T02:59:40.468+0000] {logging_mixin.py:188} INFO - [2025-10-31T02:59:40.467+0000] {dag.py:3823} INFO - Setting next_dagrun for my_dag to None, run_after=None
[2025-10-31T02:59:40.677+0000] {processor.py:183} INFO - Processing /opt/airflow/dags/my_dag.py took 3.602 seconds
[2025-10-31T03:00:11.495+0000] {processor.py:161} INFO - Started process (PID=1333) to work on /opt/airflow/dags/my_dag.py
[2025-10-31T03:00:11.508+0000] {processor.py:830} INFO - Processing file /opt/airflow/dags/my_dag.py for tasks to queue
[2025-10-31T03:00:11.513+0000] {logging_mixin.py:188} INFO - [2025-10-31T03:00:11.512+0000] {dagbag.py:538} INFO - Filling up the DagBag from /opt/airflow/dags/my_dag.py
[2025-10-31T03:00:15.874+0000] {processor.py:840} INFO - DAG(s) 'my_dag' retrieved from /opt/airflow/dags/my_dag.py
[2025-10-31T03:00:16.191+0000] {logging_mixin.py:188} INFO - [2025-10-31T03:00:16.189+0000] {dag.py:3036} INFO - Sync 1 DAGs
[2025-10-31T03:00:16.346+0000] {logging_mixin.py:188} INFO - [2025-10-31T03:00:16.345+0000] {dag.py:3823} INFO - Setting next_dagrun for my_dag to None, run_after=None
[2025-10-31T03:00:16.508+0000] {processor.py:183} INFO - Processing /opt/airflow/dags/my_dag.py took 5.032 seconds
[2025-10-31T03:00:46.906+0000] {processor.py:161} INFO - Started process (PID=1345) to work on /opt/airflow/dags/my_dag.py
[2025-10-31T03:00:46.908+0000] {processor.py:830} INFO - Processing file /opt/airflow/dags/my_dag.py for tasks to queue
[2025-10-31T03:00:46.912+0000] {logging_mixin.py:188} INFO - [2025-10-31T03:00:46.910+0000] {dagbag.py:538} INFO - Filling up the DagBag from /opt/airflow/dags/my_dag.py
[2025-10-31T03:00:55.768+0000] {processor.py:840} INFO - DAG(s) 'my_dag' retrieved from /opt/airflow/dags/my_dag.py
[2025-10-31T03:00:58.484+0000] {logging_mixin.py:188} INFO - [2025-10-31T03:00:58.472+0000] {dag.py:3036} INFO - Sync 1 DAGs
[2025-10-31T03:00:58.651+0000] {logging_mixin.py:188} INFO - [2025-10-31T03:00:58.650+0000] {dag.py:3823} INFO - Setting next_dagrun for my_dag to None, run_after=None
[2025-10-31T03:00:58.946+0000] {processor.py:183} INFO - Processing /opt/airflow/dags/my_dag.py took 10.569 seconds
[2025-10-31T03:01:30.357+0000] {processor.py:161} INFO - Started process (PID=1363) to work on /opt/airflow/dags/my_dag.py
[2025-10-31T03:01:30.381+0000] {processor.py:830} INFO - Processing file /opt/airflow/dags/my_dag.py for tasks to queue
[2025-10-31T03:01:30.395+0000] {logging_mixin.py:188} INFO - [2025-10-31T03:01:30.394+0000] {dagbag.py:538} INFO - Filling up the DagBag from /opt/airflow/dags/my_dag.py
[2025-10-31T03:01:35.515+0000] {processor.py:840} INFO - DAG(s) 'my_dag' retrieved from /opt/airflow/dags/my_dag.py
[2025-10-31T03:01:37.143+0000] {logging_mixin.py:188} INFO - [2025-10-31T03:01:37.128+0000] {dag.py:3036} INFO - Sync 1 DAGs
[2025-10-31T03:01:37.444+0000] {logging_mixin.py:188} INFO - [2025-10-31T03:01:37.443+0000] {dag.py:3823} INFO - Setting next_dagrun for my_dag to None, run_after=None
[2025-10-31T03:01:38.160+0000] {processor.py:183} INFO - Processing /opt/airflow/dags/my_dag.py took 7.825 seconds
[2025-10-31T03:02:08.562+0000] {processor.py:161} INFO - Started process (PID=1377) to work on /opt/airflow/dags/my_dag.py
[2025-10-31T03:02:08.565+0000] {processor.py:830} INFO - Processing file /opt/airflow/dags/my_dag.py for tasks to queue
[2025-10-31T03:02:08.574+0000] {logging_mixin.py:188} INFO - [2025-10-31T03:02:08.572+0000] {dagbag.py:538} INFO - Filling up the DagBag from /opt/airflow/dags/my_dag.py
[2025-10-31T03:02:10.688+0000] {processor.py:840} INFO - DAG(s) 'my_dag' retrieved from /opt/airflow/dags/my_dag.py
[2025-10-31T03:02:10.842+0000] {logging_mixin.py:188} INFO - [2025-10-31T03:02:10.841+0000] {dag.py:3036} INFO - Sync 1 DAGs
[2025-10-31T03:02:10.953+0000] {logging_mixin.py:188} INFO - [2025-10-31T03:02:10.952+0000] {dag.py:3823} INFO - Setting next_dagrun for my_dag to None, run_after=None
[2025-10-31T03:02:11.448+0000] {processor.py:183} INFO - Processing /opt/airflow/dags/my_dag.py took 2.914 seconds
[2025-10-31T03:02:42.026+0000] {processor.py:161} INFO - Started process (PID=1388) to work on /opt/airflow/dags/my_dag.py
[2025-10-31T03:02:42.039+0000] {processor.py:830} INFO - Processing file /opt/airflow/dags/my_dag.py for tasks to queue
[2025-10-31T03:02:42.042+0000] {logging_mixin.py:188} INFO - [2025-10-31T03:02:42.041+0000] {dagbag.py:538} INFO - Filling up the DagBag from /opt/airflow/dags/my_dag.py
[2025-10-31T03:02:46.739+0000] {processor.py:840} INFO - DAG(s) 'my_dag' retrieved from /opt/airflow/dags/my_dag.py
[2025-10-31T03:02:46.816+0000] {logging_mixin.py:188} INFO - [2025-10-31T03:02:46.815+0000] {dag.py:3036} INFO - Sync 1 DAGs
[2025-10-31T03:02:46.894+0000] {logging_mixin.py:188} INFO - [2025-10-31T03:02:46.894+0000] {dag.py:3823} INFO - Setting next_dagrun for my_dag to None, run_after=None
[2025-10-31T03:02:47.267+0000] {processor.py:183} INFO - Processing /opt/airflow/dags/my_dag.py took 5.287 seconds
[2025-10-31T03:03:18.748+0000] {processor.py:161} INFO - Started process (PID=1402) to work on /opt/airflow/dags/my_dag.py
[2025-10-31T03:03:18.753+0000] {processor.py:830} INFO - Processing file /opt/airflow/dags/my_dag.py for tasks to queue
[2025-10-31T03:03:18.756+0000] {logging_mixin.py:188} INFO - [2025-10-31T03:03:18.755+0000] {dagbag.py:538} INFO - Filling up the DagBag from /opt/airflow/dags/my_dag.py
[2025-10-31T03:03:23.359+0000] {processor.py:840} INFO - DAG(s) 'my_dag' retrieved from /opt/airflow/dags/my_dag.py
[2025-10-31T03:03:23.573+0000] {logging_mixin.py:188} INFO - [2025-10-31T03:03:23.571+0000] {dag.py:3036} INFO - Sync 1 DAGs
[2025-10-31T03:03:23.680+0000] {logging_mixin.py:188} INFO - [2025-10-31T03:03:23.679+0000] {dag.py:3823} INFO - Setting next_dagrun for my_dag to None, run_after=None
[2025-10-31T03:03:23.855+0000] {processor.py:183} INFO - Processing /opt/airflow/dags/my_dag.py took 5.283 seconds
[2025-10-31T03:03:54.494+0000] {processor.py:161} INFO - Started process (PID=1414) to work on /opt/airflow/dags/my_dag.py
[2025-10-31T03:03:54.506+0000] {processor.py:830} INFO - Processing file /opt/airflow/dags/my_dag.py for tasks to queue
[2025-10-31T03:03:54.509+0000] {logging_mixin.py:188} INFO - [2025-10-31T03:03:54.508+0000] {dagbag.py:538} INFO - Filling up the DagBag from /opt/airflow/dags/my_dag.py
[2025-10-31T03:04:10.519+0000] {processor.py:840} INFO - DAG(s) 'my_dag' retrieved from /opt/airflow/dags/my_dag.py
[2025-10-31T03:04:12.831+0000] {logging_mixin.py:188} INFO - [2025-10-31T03:04:12.830+0000] {dag.py:3036} INFO - Sync 1 DAGs
[2025-10-31T03:04:13.363+0000] {logging_mixin.py:188} INFO - [2025-10-31T03:04:13.361+0000] {dag.py:3823} INFO - Setting next_dagrun for my_dag to None, run_after=None
[2025-10-31T03:04:13.866+0000] {processor.py:183} INFO - Processing /opt/airflow/dags/my_dag.py took 17.874 seconds
[2025-10-31T03:04:44.962+0000] {processor.py:161} INFO - Started process (PID=1433) to work on /opt/airflow/dags/my_dag.py
[2025-10-31T03:04:44.967+0000] {processor.py:830} INFO - Processing file /opt/airflow/dags/my_dag.py for tasks to queue
[2025-10-31T03:04:44.972+0000] {logging_mixin.py:188} INFO - [2025-10-31T03:04:44.971+0000] {dagbag.py:538} INFO - Filling up the DagBag from /opt/airflow/dags/my_dag.py
[2025-10-31T03:04:58.684+0000] {processor.py:840} INFO - DAG(s) 'my_dag' retrieved from /opt/airflow/dags/my_dag.py
[2025-10-31T03:04:59.453+0000] {logging_mixin.py:188} INFO - [2025-10-31T03:04:59.408+0000] {dag.py:3036} INFO - Sync 1 DAGs
[2025-10-31T03:05:00.013+0000] {logging_mixin.py:188} INFO - [2025-10-31T03:05:00.012+0000] {dag.py:3823} INFO - Setting next_dagrun for my_dag to None, run_after=None
[2025-10-31T03:05:00.873+0000] {processor.py:183} INFO - Processing /opt/airflow/dags/my_dag.py took 15.931 seconds
[2025-10-31T03:05:31.717+0000] {processor.py:161} INFO - Started process (PID=1447) to work on /opt/airflow/dags/my_dag.py
[2025-10-31T03:05:31.753+0000] {processor.py:830} INFO - Processing file /opt/airflow/dags/my_dag.py for tasks to queue
[2025-10-31T03:05:31.767+0000] {logging_mixin.py:188} INFO - [2025-10-31T03:05:31.766+0000] {dagbag.py:538} INFO - Filling up the DagBag from /opt/airflow/dags/my_dag.py
[2025-10-31T03:05:36.581+0000] {processor.py:840} INFO - DAG(s) 'my_dag' retrieved from /opt/airflow/dags/my_dag.py
[2025-10-31T03:05:36.812+0000] {logging_mixin.py:188} INFO - [2025-10-31T03:05:36.810+0000] {dag.py:3036} INFO - Sync 1 DAGs
[2025-10-31T03:05:36.892+0000] {logging_mixin.py:188} INFO - [2025-10-31T03:05:36.891+0000] {dag.py:3823} INFO - Setting next_dagrun for my_dag to None, run_after=None
[2025-10-31T03:05:37.067+0000] {processor.py:183} INFO - Processing /opt/airflow/dags/my_dag.py took 5.361 seconds
[2025-10-31T03:06:08.380+0000] {processor.py:161} INFO - Started process (PID=1461) to work on /opt/airflow/dags/my_dag.py
[2025-10-31T03:06:08.384+0000] {processor.py:830} INFO - Processing file /opt/airflow/dags/my_dag.py for tasks to queue
[2025-10-31T03:06:08.396+0000] {logging_mixin.py:188} INFO - [2025-10-31T03:06:08.395+0000] {dagbag.py:538} INFO - Filling up the DagBag from /opt/airflow/dags/my_dag.py
[2025-10-31T03:06:14.579+0000] {processor.py:840} INFO - DAG(s) 'my_dag' retrieved from /opt/airflow/dags/my_dag.py
[2025-10-31T03:06:14.785+0000] {logging_mixin.py:188} INFO - [2025-10-31T03:06:14.774+0000] {dag.py:3036} INFO - Sync 1 DAGs
[2025-10-31T03:06:14.912+0000] {logging_mixin.py:188} INFO - [2025-10-31T03:06:14.912+0000] {dag.py:3823} INFO - Setting next_dagrun for my_dag to None, run_after=None
[2025-10-31T03:06:15.163+0000] {processor.py:183} INFO - Processing /opt/airflow/dags/my_dag.py took 5.282 seconds
[2025-10-31T03:06:46.813+0000] {processor.py:161} INFO - Started process (PID=1473) to work on /opt/airflow/dags/my_dag.py
[2025-10-31T03:06:47.000+0000] {processor.py:830} INFO - Processing file /opt/airflow/dags/my_dag.py for tasks to queue
[2025-10-31T03:06:47.004+0000] {logging_mixin.py:188} INFO - [2025-10-31T03:06:47.003+0000] {dagbag.py:538} INFO - Filling up the DagBag from /opt/airflow/dags/my_dag.py
[2025-10-31T03:06:51.833+0000] {processor.py:840} INFO - DAG(s) 'my_dag' retrieved from /opt/airflow/dags/my_dag.py
[2025-10-31T03:06:52.007+0000] {logging_mixin.py:188} INFO - [2025-10-31T03:06:52.006+0000] {dag.py:3036} INFO - Sync 1 DAGs
[2025-10-31T03:06:52.129+0000] {logging_mixin.py:188} INFO - [2025-10-31T03:06:52.128+0000] {dag.py:3823} INFO - Setting next_dagrun for my_dag to None, run_after=None
[2025-10-31T03:06:52.335+0000] {processor.py:183} INFO - Processing /opt/airflow/dags/my_dag.py took 5.541 seconds
[2025-10-31T03:07:23.328+0000] {processor.py:161} INFO - Started process (PID=1485) to work on /opt/airflow/dags/my_dag.py
[2025-10-31T03:07:23.352+0000] {processor.py:830} INFO - Processing file /opt/airflow/dags/my_dag.py for tasks to queue
[2025-10-31T03:07:23.378+0000] {logging_mixin.py:188} INFO - [2025-10-31T03:07:23.377+0000] {dagbag.py:538} INFO - Filling up the DagBag from /opt/airflow/dags/my_dag.py
[2025-10-31T03:07:29.326+0000] {processor.py:840} INFO - DAG(s) 'my_dag' retrieved from /opt/airflow/dags/my_dag.py
[2025-10-31T03:07:29.567+0000] {logging_mixin.py:188} INFO - [2025-10-31T03:07:29.566+0000] {dag.py:3036} INFO - Sync 1 DAGs
[2025-10-31T03:07:29.663+0000] {logging_mixin.py:188} INFO - [2025-10-31T03:07:29.662+0000] {dag.py:3823} INFO - Setting next_dagrun for my_dag to None, run_after=None
[2025-10-31T03:07:29.975+0000] {processor.py:183} INFO - Processing /opt/airflow/dags/my_dag.py took 6.689 seconds
[2025-10-31T03:08:03.695+0000] {processor.py:161} INFO - Started process (PID=1504) to work on /opt/airflow/dags/my_dag.py
[2025-10-31T03:08:03.718+0000] {processor.py:830} INFO - Processing file /opt/airflow/dags/my_dag.py for tasks to queue
[2025-10-31T03:08:03.814+0000] {logging_mixin.py:188} INFO - [2025-10-31T03:08:03.813+0000] {dagbag.py:538} INFO - Filling up the DagBag from /opt/airflow/dags/my_dag.py
[2025-10-31T03:08:10.542+0000] {processor.py:840} INFO - DAG(s) 'my_dag' retrieved from /opt/airflow/dags/my_dag.py
[2025-10-31T03:08:10.739+0000] {logging_mixin.py:188} INFO - [2025-10-31T03:08:10.725+0000] {dag.py:3036} INFO - Sync 1 DAGs
[2025-10-31T03:08:10.833+0000] {logging_mixin.py:188} INFO - [2025-10-31T03:08:10.832+0000] {dag.py:3823} INFO - Setting next_dagrun for my_dag to None, run_after=None
[2025-10-31T03:08:11.296+0000] {processor.py:183} INFO - Processing /opt/airflow/dags/my_dag.py took 7.634 seconds
[2025-10-31T03:08:42.042+0000] {processor.py:161} INFO - Started process (PID=1517) to work on /opt/airflow/dags/my_dag.py
[2025-10-31T03:08:42.046+0000] {processor.py:830} INFO - Processing file /opt/airflow/dags/my_dag.py for tasks to queue
[2025-10-31T03:08:42.049+0000] {logging_mixin.py:188} INFO - [2025-10-31T03:08:42.048+0000] {dagbag.py:538} INFO - Filling up the DagBag from /opt/airflow/dags/my_dag.py
[2025-10-31T03:08:45.559+0000] {processor.py:840} INFO - DAG(s) 'my_dag' retrieved from /opt/airflow/dags/my_dag.py
[2025-10-31T03:08:45.849+0000] {logging_mixin.py:188} INFO - [2025-10-31T03:08:45.848+0000] {dag.py:3036} INFO - Sync 1 DAGs
[2025-10-31T03:08:45.966+0000] {logging_mixin.py:188} INFO - [2025-10-31T03:08:45.966+0000] {dag.py:3823} INFO - Setting next_dagrun for my_dag to None, run_after=None
[2025-10-31T03:08:46.279+0000] {processor.py:183} INFO - Processing /opt/airflow/dags/my_dag.py took 4.269 seconds
[2025-10-31T03:09:16.616+0000] {processor.py:161} INFO - Started process (PID=1529) to work on /opt/airflow/dags/my_dag.py
[2025-10-31T03:09:16.621+0000] {processor.py:830} INFO - Processing file /opt/airflow/dags/my_dag.py for tasks to queue
[2025-10-31T03:09:16.630+0000] {logging_mixin.py:188} INFO - [2025-10-31T03:09:16.629+0000] {dagbag.py:538} INFO - Filling up the DagBag from /opt/airflow/dags/my_dag.py
[2025-10-31T03:09:20.502+0000] {processor.py:840} INFO - DAG(s) 'my_dag' retrieved from /opt/airflow/dags/my_dag.py
[2025-10-31T03:09:20.651+0000] {logging_mixin.py:188} INFO - [2025-10-31T03:09:20.644+0000] {dag.py:3036} INFO - Sync 1 DAGs
[2025-10-31T03:09:20.708+0000] {logging_mixin.py:188} INFO - [2025-10-31T03:09:20.706+0000] {dag.py:3823} INFO - Setting next_dagrun for my_dag to None, run_after=None
[2025-10-31T03:09:20.877+0000] {processor.py:183} INFO - Processing /opt/airflow/dags/my_dag.py took 4.287 seconds
[2025-10-31T03:09:51.542+0000] {processor.py:161} INFO - Started process (PID=1543) to work on /opt/airflow/dags/my_dag.py
[2025-10-31T03:09:51.546+0000] {processor.py:830} INFO - Processing file /opt/airflow/dags/my_dag.py for tasks to queue
[2025-10-31T03:09:51.549+0000] {logging_mixin.py:188} INFO - [2025-10-31T03:09:51.548+0000] {dagbag.py:538} INFO - Filling up the DagBag from /opt/airflow/dags/my_dag.py
[2025-10-31T03:09:52.688+0000] {processor.py:840} INFO - DAG(s) 'my_dag' retrieved from /opt/airflow/dags/my_dag.py
[2025-10-31T03:09:52.729+0000] {logging_mixin.py:188} INFO - [2025-10-31T03:09:52.728+0000] {dag.py:3036} INFO - Sync 1 DAGs
[2025-10-31T03:09:52.748+0000] {logging_mixin.py:188} INFO - [2025-10-31T03:09:52.748+0000] {dag.py:3823} INFO - Setting next_dagrun for my_dag to None, run_after=None
[2025-10-31T03:09:52.909+0000] {processor.py:183} INFO - Processing /opt/airflow/dags/my_dag.py took 1.376 seconds
[2025-10-31T03:10:23.201+0000] {processor.py:161} INFO - Started process (PID=1555) to work on /opt/airflow/dags/my_dag.py
[2025-10-31T03:10:23.210+0000] {processor.py:830} INFO - Processing file /opt/airflow/dags/my_dag.py for tasks to queue
[2025-10-31T03:10:23.214+0000] {logging_mixin.py:188} INFO - [2025-10-31T03:10:23.211+0000] {dagbag.py:538} INFO - Filling up the DagBag from /opt/airflow/dags/my_dag.py
[2025-10-31T03:10:24.464+0000] {processor.py:840} INFO - DAG(s) 'my_dag' retrieved from /opt/airflow/dags/my_dag.py
[2025-10-31T03:10:24.955+0000] {logging_mixin.py:188} INFO - [2025-10-31T03:10:24.954+0000] {dag.py:3036} INFO - Sync 1 DAGs
[2025-10-31T03:10:25.079+0000] {logging_mixin.py:188} INFO - [2025-10-31T03:10:25.078+0000] {dag.py:3823} INFO - Setting next_dagrun for my_dag to None, run_after=None
[2025-10-31T03:10:25.229+0000] {processor.py:183} INFO - Processing /opt/airflow/dags/my_dag.py took 2.041 seconds
[2025-10-31T03:10:55.712+0000] {processor.py:161} INFO - Started process (PID=1567) to work on /opt/airflow/dags/my_dag.py
[2025-10-31T03:10:55.714+0000] {processor.py:830} INFO - Processing file /opt/airflow/dags/my_dag.py for tasks to queue
[2025-10-31T03:10:55.716+0000] {logging_mixin.py:188} INFO - [2025-10-31T03:10:55.715+0000] {dagbag.py:538} INFO - Filling up the DagBag from /opt/airflow/dags/my_dag.py
[2025-10-31T03:10:59.049+0000] {processor.py:840} INFO - DAG(s) 'my_dag' retrieved from /opt/airflow/dags/my_dag.py
[2025-10-31T03:10:59.107+0000] {logging_mixin.py:188} INFO - [2025-10-31T03:10:59.106+0000] {dag.py:3036} INFO - Sync 1 DAGs
[2025-10-31T03:10:59.131+0000] {logging_mixin.py:188} INFO - [2025-10-31T03:10:59.131+0000] {dag.py:3823} INFO - Setting next_dagrun for my_dag to None, run_after=None
[2025-10-31T03:10:59.196+0000] {processor.py:183} INFO - Processing /opt/airflow/dags/my_dag.py took 2.015 seconds
[2025-10-31T03:11:30.585+0000] {processor.py:161} INFO - Started process (PID=1579) to work on /opt/airflow/dags/my_dag.py
[2025-10-31T03:11:30.932+0000] {processor.py:830} INFO - Processing file /opt/airflow/dags/my_dag.py for tasks to queue
[2025-10-31T03:11:30.993+0000] {logging_mixin.py:188} INFO - [2025-10-31T03:11:30.992+0000] {dagbag.py:538} INFO - Filling up the DagBag from /opt/airflow/dags/my_dag.py
[2025-10-31T03:11:36.117+0000] {processor.py:840} INFO - DAG(s) 'my_dag' retrieved from /opt/airflow/dags/my_dag.py
[2025-10-31T03:11:36.911+0000] {logging_mixin.py:188} INFO - [2025-10-31T03:11:36.909+0000] {dag.py:3036} INFO - Sync 1 DAGs
[2025-10-31T03:11:37.034+0000] {logging_mixin.py:188} INFO - [2025-10-31T03:11:37.033+0000] {dag.py:3823} INFO - Setting next_dagrun for my_dag to None, run_after=None
[2025-10-31T03:11:37.211+0000] {processor.py:183} INFO - Processing /opt/airflow/dags/my_dag.py took 6.649 seconds
[2025-10-31T03:12:08.137+0000] {processor.py:161} INFO - Started process (PID=1591) to work on /opt/airflow/dags/my_dag.py
[2025-10-31T03:12:08.162+0000] {processor.py:830} INFO - Processing file /opt/airflow/dags/my_dag.py for tasks to queue
[2025-10-31T03:12:08.181+0000] {logging_mixin.py:188} INFO - [2025-10-31T03:12:08.180+0000] {dagbag.py:538} INFO - Filling up the DagBag from /opt/airflow/dags/my_dag.py
[2025-10-31T03:12:12.304+0000] {processor.py:840} INFO - DAG(s) 'my_dag' retrieved from /opt/airflow/dags/my_dag.py
[2025-10-31T03:12:12.493+0000] {logging_mixin.py:188} INFO - [2025-10-31T03:12:12.492+0000] {dag.py:3036} INFO - Sync 1 DAGs
[2025-10-31T03:12:12.599+0000] {logging_mixin.py:188} INFO - [2025-10-31T03:12:12.599+0000] {dag.py:3823} INFO - Setting next_dagrun for my_dag to None, run_after=None
[2025-10-31T03:12:12.992+0000] {processor.py:183} INFO - Processing /opt/airflow/dags/my_dag.py took 4.873 seconds
[2025-10-31T03:12:43.297+0000] {processor.py:161} INFO - Started process (PID=1602) to work on /opt/airflow/dags/my_dag.py
[2025-10-31T03:12:43.301+0000] {processor.py:830} INFO - Processing file /opt/airflow/dags/my_dag.py for tasks to queue
[2025-10-31T03:12:43.304+0000] {logging_mixin.py:188} INFO - [2025-10-31T03:12:43.303+0000] {dagbag.py:538} INFO - Filling up the DagBag from /opt/airflow/dags/my_dag.py
[2025-10-31T03:12:45.572+0000] {processor.py:840} INFO - DAG(s) 'my_dag' retrieved from /opt/airflow/dags/my_dag.py
[2025-10-31T03:12:45.687+0000] {logging_mixin.py:188} INFO - [2025-10-31T03:12:45.686+0000] {dag.py:3036} INFO - Sync 1 DAGs
[2025-10-31T03:12:45.740+0000] {logging_mixin.py:188} INFO - [2025-10-31T03:12:45.740+0000] {dag.py:3823} INFO - Setting next_dagrun for my_dag to None, run_after=None
[2025-10-31T03:12:45.809+0000] {processor.py:183} INFO - Processing /opt/airflow/dags/my_dag.py took 2.522 seconds
[2025-10-31T03:13:16.499+0000] {processor.py:161} INFO - Started process (PID=1614) to work on /opt/airflow/dags/my_dag.py
[2025-10-31T03:13:16.512+0000] {processor.py:830} INFO - Processing file /opt/airflow/dags/my_dag.py for tasks to queue
[2025-10-31T03:13:16.517+0000] {logging_mixin.py:188} INFO - [2025-10-31T03:13:16.516+0000] {dagbag.py:538} INFO - Filling up the DagBag from /opt/airflow/dags/my_dag.py
[2025-10-31T03:13:20.885+0000] {processor.py:840} INFO - DAG(s) 'my_dag' retrieved from /opt/airflow/dags/my_dag.py
[2025-10-31T03:13:21.046+0000] {logging_mixin.py:188} INFO - [2025-10-31T03:13:21.044+0000] {dag.py:3036} INFO - Sync 1 DAGs
[2025-10-31T03:13:21.156+0000] {logging_mixin.py:188} INFO - [2025-10-31T03:13:21.155+0000] {dag.py:3823} INFO - Setting next_dagrun for my_dag to None, run_after=None
[2025-10-31T03:13:22.343+0000] {processor.py:183} INFO - Processing /opt/airflow/dags/my_dag.py took 5.864 seconds
[2025-10-31T03:13:53.318+0000] {processor.py:161} INFO - Started process (PID=1633) to work on /opt/airflow/dags/my_dag.py
[2025-10-31T03:13:53.356+0000] {processor.py:830} INFO - Processing file /opt/airflow/dags/my_dag.py for tasks to queue
[2025-10-31T03:13:53.364+0000] {logging_mixin.py:188} INFO - [2025-10-31T03:13:53.363+0000] {dagbag.py:538} INFO - Filling up the DagBag from /opt/airflow/dags/my_dag.py
[2025-10-31T03:14:00.941+0000] {processor.py:840} INFO - DAG(s) 'my_dag' retrieved from /opt/airflow/dags/my_dag.py
[2025-10-31T03:14:01.107+0000] {logging_mixin.py:188} INFO - [2025-10-31T03:14:01.104+0000] {dag.py:3036} INFO - Sync 1 DAGs
[2025-10-31T03:14:01.187+0000] {logging_mixin.py:188} INFO - [2025-10-31T03:14:01.187+0000] {dag.py:3823} INFO - Setting next_dagrun for my_dag to None, run_after=None
[2025-10-31T03:14:01.315+0000] {processor.py:183} INFO - Processing /opt/airflow/dags/my_dag.py took 8.016 seconds
[2025-10-31T03:14:32.256+0000] {processor.py:161} INFO - Started process (PID=1646) to work on /opt/airflow/dags/my_dag.py
[2025-10-31T03:14:32.285+0000] {processor.py:830} INFO - Processing file /opt/airflow/dags/my_dag.py for tasks to queue
[2025-10-31T03:14:32.301+0000] {logging_mixin.py:188} INFO - [2025-10-31T03:14:32.300+0000] {dagbag.py:538} INFO - Filling up the DagBag from /opt/airflow/dags/my_dag.py
[2025-10-31T03:14:36.958+0000] {processor.py:840} INFO - DAG(s) 'my_dag' retrieved from /opt/airflow/dags/my_dag.py
[2025-10-31T03:14:37.695+0000] {logging_mixin.py:188} INFO - [2025-10-31T03:14:37.619+0000] {dag.py:3036} INFO - Sync 1 DAGs
[2025-10-31T03:14:38.907+0000] {logging_mixin.py:188} INFO - [2025-10-31T03:14:38.907+0000] {dag.py:3823} INFO - Setting next_dagrun for my_dag to None, run_after=None
[2025-10-31T03:14:40.154+0000] {processor.py:183} INFO - Processing /opt/airflow/dags/my_dag.py took 6.430 seconds
[2025-10-31T03:15:11.515+0000] {processor.py:161} INFO - Started process (PID=1659) to work on /opt/airflow/dags/my_dag.py
[2025-10-31T03:15:11.517+0000] {processor.py:830} INFO - Processing file /opt/airflow/dags/my_dag.py for tasks to queue
[2025-10-31T03:15:11.521+0000] {logging_mixin.py:188} INFO - [2025-10-31T03:15:11.520+0000] {dagbag.py:538} INFO - Filling up the DagBag from /opt/airflow/dags/my_dag.py
[2025-10-31T03:15:15.889+0000] {processor.py:840} INFO - DAG(s) 'my_dag' retrieved from /opt/airflow/dags/my_dag.py
[2025-10-31T03:15:16.091+0000] {logging_mixin.py:188} INFO - [2025-10-31T03:15:16.090+0000] {dag.py:3036} INFO - Sync 1 DAGs
[2025-10-31T03:15:16.227+0000] {logging_mixin.py:188} INFO - [2025-10-31T03:15:16.226+0000] {dag.py:3823} INFO - Setting next_dagrun for my_dag to None, run_after=None
[2025-10-31T03:15:16.389+0000] {processor.py:183} INFO - Processing /opt/airflow/dags/my_dag.py took 4.887 seconds
[2025-10-31T03:15:47.973+0000] {processor.py:161} INFO - Started process (PID=1672) to work on /opt/airflow/dags/my_dag.py
[2025-10-31T03:15:48.002+0000] {processor.py:830} INFO - Processing file /opt/airflow/dags/my_dag.py for tasks to queue
[2025-10-31T03:15:48.017+0000] {logging_mixin.py:188} INFO - [2025-10-31T03:15:48.008+0000] {dagbag.py:538} INFO - Filling up the DagBag from /opt/airflow/dags/my_dag.py
[2025-10-31T03:15:50.535+0000] {processor.py:840} INFO - DAG(s) 'my_dag' retrieved from /opt/airflow/dags/my_dag.py
[2025-10-31T03:15:50.635+0000] {logging_mixin.py:188} INFO - [2025-10-31T03:15:50.634+0000] {dag.py:3036} INFO - Sync 1 DAGs
[2025-10-31T03:15:50.686+0000] {logging_mixin.py:188} INFO - [2025-10-31T03:15:50.685+0000] {dag.py:3823} INFO - Setting next_dagrun for my_dag to None, run_after=None
[2025-10-31T03:15:50.753+0000] {processor.py:183} INFO - Processing /opt/airflow/dags/my_dag.py took 2.824 seconds
[2025-10-31T03:16:21.234+0000] {processor.py:161} INFO - Started process (PID=1684) to work on /opt/airflow/dags/my_dag.py
[2025-10-31T03:16:21.236+0000] {processor.py:830} INFO - Processing file /opt/airflow/dags/my_dag.py for tasks to queue
[2025-10-31T03:16:21.238+0000] {logging_mixin.py:188} INFO - [2025-10-31T03:16:21.238+0000] {dagbag.py:538} INFO - Filling up the DagBag from /opt/airflow/dags/my_dag.py
[2025-10-31T03:16:24.358+0000] {processor.py:840} INFO - DAG(s) 'my_dag' retrieved from /opt/airflow/dags/my_dag.py
[2025-10-31T03:16:24.534+0000] {logging_mixin.py:188} INFO - [2025-10-31T03:16:24.533+0000] {dag.py:3036} INFO - Sync 1 DAGs
[2025-10-31T03:16:24.611+0000] {logging_mixin.py:188} INFO - [2025-10-31T03:16:24.610+0000] {dag.py:3823} INFO - Setting next_dagrun for my_dag to None, run_after=None
[2025-10-31T03:16:24.821+0000] {processor.py:183} INFO - Processing /opt/airflow/dags/my_dag.py took 3.601 seconds
[2025-10-31T03:16:55.144+0000] {processor.py:161} INFO - Started process (PID=1696) to work on /opt/airflow/dags/my_dag.py
[2025-10-31T03:16:55.147+0000] {processor.py:830} INFO - Processing file /opt/airflow/dags/my_dag.py for tasks to queue
[2025-10-31T03:16:55.149+0000] {logging_mixin.py:188} INFO - [2025-10-31T03:16:55.149+0000] {dagbag.py:538} INFO - Filling up the DagBag from /opt/airflow/dags/my_dag.py
[2025-10-31T03:16:56.445+0000] {processor.py:840} INFO - DAG(s) 'my_dag' retrieved from /opt/airflow/dags/my_dag.py
[2025-10-31T03:16:56.527+0000] {logging_mixin.py:188} INFO - [2025-10-31T03:16:56.525+0000] {dag.py:3036} INFO - Sync 1 DAGs
[2025-10-31T03:16:56.583+0000] {logging_mixin.py:188} INFO - [2025-10-31T03:16:56.582+0000] {dag.py:3823} INFO - Setting next_dagrun for my_dag to None, run_after=None
[2025-10-31T03:16:56.667+0000] {processor.py:183} INFO - Processing /opt/airflow/dags/my_dag.py took 1.532 seconds
[2025-10-31T03:17:27.305+0000] {processor.py:161} INFO - Started process (PID=1708) to work on /opt/airflow/dags/my_dag.py
[2025-10-31T03:17:27.308+0000] {processor.py:830} INFO - Processing file /opt/airflow/dags/my_dag.py for tasks to queue
[2025-10-31T03:17:27.320+0000] {logging_mixin.py:188} INFO - [2025-10-31T03:17:27.309+0000] {dagbag.py:538} INFO - Filling up the DagBag from /opt/airflow/dags/my_dag.py
[2025-10-31T03:17:30.013+0000] {processor.py:840} INFO - DAG(s) 'my_dag' retrieved from /opt/airflow/dags/my_dag.py
[2025-10-31T03:17:30.092+0000] {logging_mixin.py:188} INFO - [2025-10-31T03:17:30.091+0000] {dag.py:3036} INFO - Sync 1 DAGs
[2025-10-31T03:17:30.125+0000] {logging_mixin.py:188} INFO - [2025-10-31T03:17:30.124+0000] {dag.py:3823} INFO - Setting next_dagrun for my_dag to None, run_after=None
[2025-10-31T03:17:30.317+0000] {processor.py:183} INFO - Processing /opt/airflow/dags/my_dag.py took 3.041 seconds
[2025-10-31T03:18:00.888+0000] {processor.py:161} INFO - Started process (PID=1721) to work on /opt/airflow/dags/my_dag.py
[2025-10-31T03:18:00.890+0000] {processor.py:830} INFO - Processing file /opt/airflow/dags/my_dag.py for tasks to queue
[2025-10-31T03:18:00.893+0000] {logging_mixin.py:188} INFO - [2025-10-31T03:18:00.892+0000] {dagbag.py:538} INFO - Filling up the DagBag from /opt/airflow/dags/my_dag.py
[2025-10-31T03:18:02.354+0000] {processor.py:840} INFO - DAG(s) 'my_dag' retrieved from /opt/airflow/dags/my_dag.py
[2025-10-31T03:18:02.444+0000] {logging_mixin.py:188} INFO - [2025-10-31T03:18:02.442+0000] {dag.py:3036} INFO - Sync 1 DAGs
[2025-10-31T03:18:02.472+0000] {logging_mixin.py:188} INFO - [2025-10-31T03:18:02.472+0000] {dag.py:3823} INFO - Setting next_dagrun for my_dag to None, run_after=None
[2025-10-31T03:18:02.562+0000] {processor.py:183} INFO - Processing /opt/airflow/dags/my_dag.py took 1.681 seconds
[2025-10-31T03:18:33.366+0000] {processor.py:161} INFO - Started process (PID=1733) to work on /opt/airflow/dags/my_dag.py
[2025-10-31T03:18:33.369+0000] {processor.py:830} INFO - Processing file /opt/airflow/dags/my_dag.py for tasks to queue
[2025-10-31T03:18:33.371+0000] {logging_mixin.py:188} INFO - [2025-10-31T03:18:33.370+0000] {dagbag.py:538} INFO - Filling up the DagBag from /opt/airflow/dags/my_dag.py
[2025-10-31T03:18:35.511+0000] {processor.py:840} INFO - DAG(s) 'my_dag' retrieved from /opt/airflow/dags/my_dag.py
[2025-10-31T03:18:35.661+0000] {logging_mixin.py:188} INFO - [2025-10-31T03:18:35.659+0000] {dag.py:3036} INFO - Sync 1 DAGs
[2025-10-31T03:18:35.717+0000] {logging_mixin.py:188} INFO - [2025-10-31T03:18:35.716+0000] {dag.py:3823} INFO - Setting next_dagrun for my_dag to None, run_after=None
[2025-10-31T03:18:35.883+0000] {processor.py:183} INFO - Processing /opt/airflow/dags/my_dag.py took 2.525 seconds
[2025-10-31T03:19:06.183+0000] {processor.py:161} INFO - Started process (PID=1746) to work on /opt/airflow/dags/my_dag.py
[2025-10-31T03:19:06.188+0000] {processor.py:830} INFO - Processing file /opt/airflow/dags/my_dag.py for tasks to queue
[2025-10-31T03:19:06.192+0000] {logging_mixin.py:188} INFO - [2025-10-31T03:19:06.191+0000] {dagbag.py:538} INFO - Filling up the DagBag from /opt/airflow/dags/my_dag.py
[2025-10-31T03:19:08.115+0000] {processor.py:840} INFO - DAG(s) 'my_dag' retrieved from /opt/airflow/dags/my_dag.py
[2025-10-31T03:19:08.178+0000] {logging_mixin.py:188} INFO - [2025-10-31T03:19:08.176+0000] {dag.py:3036} INFO - Sync 1 DAGs
[2025-10-31T03:19:08.219+0000] {logging_mixin.py:188} INFO - [2025-10-31T03:19:08.217+0000] {dag.py:3823} INFO - Setting next_dagrun for my_dag to None, run_after=None
[2025-10-31T03:19:08.305+0000] {processor.py:183} INFO - Processing /opt/airflow/dags/my_dag.py took 2.132 seconds
[2025-10-31T03:19:38.712+0000] {processor.py:161} INFO - Started process (PID=1759) to work on /opt/airflow/dags/my_dag.py
[2025-10-31T03:19:38.715+0000] {processor.py:830} INFO - Processing file /opt/airflow/dags/my_dag.py for tasks to queue
[2025-10-31T03:19:38.719+0000] {logging_mixin.py:188} INFO - [2025-10-31T03:19:38.718+0000] {dagbag.py:538} INFO - Filling up the DagBag from /opt/airflow/dags/my_dag.py
[2025-10-31T03:19:41.021+0000] {processor.py:840} INFO - DAG(s) 'my_dag' retrieved from /opt/airflow/dags/my_dag.py
[2025-10-31T03:19:41.140+0000] {logging_mixin.py:188} INFO - [2025-10-31T03:19:41.137+0000] {dag.py:3036} INFO - Sync 1 DAGs
[2025-10-31T03:19:41.199+0000] {logging_mixin.py:188} INFO - [2025-10-31T03:19:41.199+0000] {dag.py:3823} INFO - Setting next_dagrun for my_dag to None, run_after=None
[2025-10-31T03:19:41.287+0000] {processor.py:183} INFO - Processing /opt/airflow/dags/my_dag.py took 2.587 seconds
[2025-10-31T03:20:11.481+0000] {processor.py:161} INFO - Started process (PID=1771) to work on /opt/airflow/dags/my_dag.py
[2025-10-31T03:20:11.486+0000] {processor.py:830} INFO - Processing file /opt/airflow/dags/my_dag.py for tasks to queue
[2025-10-31T03:20:11.490+0000] {logging_mixin.py:188} INFO - [2025-10-31T03:20:11.488+0000] {dagbag.py:538} INFO - Filling up the DagBag from /opt/airflow/dags/my_dag.py
[2025-10-31T03:20:13.283+0000] {processor.py:840} INFO - DAG(s) 'my_dag' retrieved from /opt/airflow/dags/my_dag.py
[2025-10-31T03:20:13.365+0000] {logging_mixin.py:188} INFO - [2025-10-31T03:20:13.364+0000] {dag.py:3036} INFO - Sync 1 DAGs
[2025-10-31T03:20:13.459+0000] {logging_mixin.py:188} INFO - [2025-10-31T03:20:13.459+0000] {dag.py:3823} INFO - Setting next_dagrun for my_dag to None, run_after=None
[2025-10-31T03:20:13.542+0000] {processor.py:183} INFO - Processing /opt/airflow/dags/my_dag.py took 2.073 seconds
[2025-10-31T03:20:43.878+0000] {processor.py:161} INFO - Started process (PID=1782) to work on /opt/airflow/dags/my_dag.py
[2025-10-31T03:20:43.890+0000] {processor.py:830} INFO - Processing file /opt/airflow/dags/my_dag.py for tasks to queue
[2025-10-31T03:20:43.894+0000] {logging_mixin.py:188} INFO - [2025-10-31T03:20:43.893+0000] {dagbag.py:538} INFO - Filling up the DagBag from /opt/airflow/dags/my_dag.py
[2025-10-31T03:20:46.556+0000] {processor.py:840} INFO - DAG(s) 'my_dag' retrieved from /opt/airflow/dags/my_dag.py
[2025-10-31T03:20:46.668+0000] {logging_mixin.py:188} INFO - [2025-10-31T03:20:46.664+0000] {dag.py:3036} INFO - Sync 1 DAGs
[2025-10-31T03:20:46.891+0000] {logging_mixin.py:188} INFO - [2025-10-31T03:20:46.877+0000] {dag.py:3823} INFO - Setting next_dagrun for my_dag to None, run_after=None
[2025-10-31T03:20:47.108+0000] {processor.py:183} INFO - Processing /opt/airflow/dags/my_dag.py took 3.248 seconds
[2025-10-31T03:21:17.532+0000] {processor.py:161} INFO - Started process (PID=1795) to work on /opt/airflow/dags/my_dag.py
[2025-10-31T03:21:17.535+0000] {processor.py:830} INFO - Processing file /opt/airflow/dags/my_dag.py for tasks to queue
[2025-10-31T03:21:17.546+0000] {logging_mixin.py:188} INFO - [2025-10-31T03:21:17.546+0000] {dagbag.py:538} INFO - Filling up the DagBag from /opt/airflow/dags/my_dag.py
[2025-10-31T03:21:21.173+0000] {processor.py:840} INFO - DAG(s) 'my_dag' retrieved from /opt/airflow/dags/my_dag.py
[2025-10-31T03:21:21.281+0000] {logging_mixin.py:188} INFO - [2025-10-31T03:21:21.280+0000] {dag.py:3036} INFO - Sync 1 DAGs
[2025-10-31T03:21:21.353+0000] {logging_mixin.py:188} INFO - [2025-10-31T03:21:21.353+0000] {dag.py:3823} INFO - Setting next_dagrun for my_dag to None, run_after=None
[2025-10-31T03:21:21.405+0000] {processor.py:183} INFO - Processing /opt/airflow/dags/my_dag.py took 3.893 seconds
[2025-10-31T03:21:51.812+0000] {processor.py:161} INFO - Started process (PID=1813) to work on /opt/airflow/dags/my_dag.py
[2025-10-31T03:21:51.816+0000] {processor.py:830} INFO - Processing file /opt/airflow/dags/my_dag.py for tasks to queue
[2025-10-31T03:21:51.828+0000] {logging_mixin.py:188} INFO - [2025-10-31T03:21:51.826+0000] {dagbag.py:538} INFO - Filling up the DagBag from /opt/airflow/dags/my_dag.py
[2025-10-31T03:21:54.960+0000] {processor.py:840} INFO - DAG(s) 'my_dag' retrieved from /opt/airflow/dags/my_dag.py
[2025-10-31T03:21:55.078+0000] {logging_mixin.py:188} INFO - [2025-10-31T03:21:55.068+0000] {dag.py:3036} INFO - Sync 1 DAGs
[2025-10-31T03:21:55.142+0000] {logging_mixin.py:188} INFO - [2025-10-31T03:21:55.142+0000] {dag.py:3823} INFO - Setting next_dagrun for my_dag to None, run_after=None
[2025-10-31T03:21:55.267+0000] {processor.py:183} INFO - Processing /opt/airflow/dags/my_dag.py took 3.627 seconds
[2025-10-31T03:22:26.288+0000] {processor.py:161} INFO - Started process (PID=1825) to work on /opt/airflow/dags/my_dag.py
[2025-10-31T03:22:26.304+0000] {processor.py:830} INFO - Processing file /opt/airflow/dags/my_dag.py for tasks to queue
[2025-10-31T03:22:26.307+0000] {logging_mixin.py:188} INFO - [2025-10-31T03:22:26.306+0000] {dagbag.py:538} INFO - Filling up the DagBag from /opt/airflow/dags/my_dag.py
[2025-10-31T03:22:29.279+0000] {processor.py:840} INFO - DAG(s) 'my_dag' retrieved from /opt/airflow/dags/my_dag.py
[2025-10-31T03:22:29.387+0000] {logging_mixin.py:188} INFO - [2025-10-31T03:22:29.382+0000] {dag.py:3036} INFO - Sync 1 DAGs
[2025-10-31T03:22:29.496+0000] {logging_mixin.py:188} INFO - [2025-10-31T03:22:29.495+0000] {dag.py:3823} INFO - Setting next_dagrun for my_dag to None, run_after=None
[2025-10-31T03:22:30.026+0000] {processor.py:183} INFO - Processing /opt/airflow/dags/my_dag.py took 3.756 seconds
[2025-10-31T03:23:01.151+0000] {processor.py:161} INFO - Started process (PID=1837) to work on /opt/airflow/dags/my_dag.py
[2025-10-31T03:23:01.168+0000] {processor.py:830} INFO - Processing file /opt/airflow/dags/my_dag.py for tasks to queue
[2025-10-31T03:23:01.173+0000] {logging_mixin.py:188} INFO - [2025-10-31T03:23:01.172+0000] {dagbag.py:538} INFO - Filling up the DagBag from /opt/airflow/dags/my_dag.py
[2025-10-31T03:23:07.404+0000] {processor.py:840} INFO - DAG(s) 'my_dag' retrieved from /opt/airflow/dags/my_dag.py
[2025-10-31T03:23:09.602+0000] {logging_mixin.py:188} INFO - [2025-10-31T03:23:09.601+0000] {dag.py:3036} INFO - Sync 1 DAGs
[2025-10-31T03:23:09.650+0000] {logging_mixin.py:188} INFO - [2025-10-31T03:23:09.650+0000] {dag.py:3823} INFO - Setting next_dagrun for my_dag to None, run_after=None
[2025-10-31T03:23:09.766+0000] {processor.py:183} INFO - Processing /opt/airflow/dags/my_dag.py took 7.089 seconds
[2025-10-31T03:23:41.788+0000] {processor.py:161} INFO - Started process (PID=1851) to work on /opt/airflow/dags/my_dag.py
[2025-10-31T03:23:41.908+0000] {processor.py:830} INFO - Processing file /opt/airflow/dags/my_dag.py for tasks to queue
[2025-10-31T03:23:41.997+0000] {logging_mixin.py:188} INFO - [2025-10-31T03:23:41.974+0000] {dagbag.py:538} INFO - Filling up the DagBag from /opt/airflow/dags/my_dag.py
[2025-10-31T03:23:54.998+0000] {processor.py:840} INFO - DAG(s) 'my_dag' retrieved from /opt/airflow/dags/my_dag.py
[2025-10-31T03:23:55.432+0000] {logging_mixin.py:188} INFO - [2025-10-31T03:23:55.431+0000] {dag.py:3036} INFO - Sync 1 DAGs
[2025-10-31T03:23:55.838+0000] {logging_mixin.py:188} INFO - [2025-10-31T03:23:55.837+0000] {dag.py:3823} INFO - Setting next_dagrun for my_dag to None, run_after=None
[2025-10-31T03:23:56.810+0000] {processor.py:183} INFO - Processing /opt/airflow/dags/my_dag.py took 15.274 seconds
[2025-10-31T03:24:27.894+0000] {processor.py:161} INFO - Started process (PID=1864) to work on /opt/airflow/dags/my_dag.py
[2025-10-31T03:24:27.910+0000] {processor.py:830} INFO - Processing file /opt/airflow/dags/my_dag.py for tasks to queue
[2025-10-31T03:24:27.921+0000] {logging_mixin.py:188} INFO - [2025-10-31T03:24:27.920+0000] {dagbag.py:538} INFO - Filling up the DagBag from /opt/airflow/dags/my_dag.py
[2025-10-31T03:24:32.130+0000] {processor.py:840} INFO - DAG(s) 'my_dag' retrieved from /opt/airflow/dags/my_dag.py
[2025-10-31T03:24:32.554+0000] {logging_mixin.py:188} INFO - [2025-10-31T03:24:32.552+0000] {dag.py:3036} INFO - Sync 1 DAGs
[2025-10-31T03:24:32.588+0000] {logging_mixin.py:188} INFO - [2025-10-31T03:24:32.588+0000] {dag.py:3823} INFO - Setting next_dagrun for my_dag to None, run_after=None
[2025-10-31T03:24:32.743+0000] {processor.py:183} INFO - Processing /opt/airflow/dags/my_dag.py took 4.867 seconds
[2025-10-31T03:25:03.329+0000] {processor.py:161} INFO - Started process (PID=1878) to work on /opt/airflow/dags/my_dag.py
[2025-10-31T03:25:03.336+0000] {processor.py:830} INFO - Processing file /opt/airflow/dags/my_dag.py for tasks to queue
[2025-10-31T03:25:03.340+0000] {logging_mixin.py:188} INFO - [2025-10-31T03:25:03.338+0000] {dagbag.py:538} INFO - Filling up the DagBag from /opt/airflow/dags/my_dag.py
[2025-10-31T03:25:06.358+0000] {processor.py:840} INFO - DAG(s) 'my_dag' retrieved from /opt/airflow/dags/my_dag.py
[2025-10-31T03:25:06.572+0000] {logging_mixin.py:188} INFO - [2025-10-31T03:25:06.564+0000] {dag.py:3036} INFO - Sync 1 DAGs
[2025-10-31T03:25:06.665+0000] {logging_mixin.py:188} INFO - [2025-10-31T03:25:06.661+0000] {dag.py:3823} INFO - Setting next_dagrun for my_dag to None, run_after=None
[2025-10-31T03:25:07.783+0000] {processor.py:183} INFO - Processing /opt/airflow/dags/my_dag.py took 4.518 seconds
[2025-10-31T03:25:39.243+0000] {processor.py:161} INFO - Started process (PID=1896) to work on /opt/airflow/dags/my_dag.py
[2025-10-31T03:25:39.255+0000] {processor.py:830} INFO - Processing file /opt/airflow/dags/my_dag.py for tasks to queue
[2025-10-31T03:25:39.263+0000] {logging_mixin.py:188} INFO - [2025-10-31T03:25:39.258+0000] {dagbag.py:538} INFO - Filling up the DagBag from /opt/airflow/dags/my_dag.py
[2025-10-31T03:25:47.688+0000] {processor.py:840} INFO - DAG(s) 'my_dag' retrieved from /opt/airflow/dags/my_dag.py
[2025-10-31T03:25:48.569+0000] {logging_mixin.py:188} INFO - [2025-10-31T03:25:48.568+0000] {dag.py:3036} INFO - Sync 1 DAGs
[2025-10-31T03:25:48.677+0000] {logging_mixin.py:188} INFO - [2025-10-31T03:25:48.676+0000] {dag.py:3823} INFO - Setting next_dagrun for my_dag to None, run_after=None
[2025-10-31T03:25:49.180+0000] {processor.py:183} INFO - Processing /opt/airflow/dags/my_dag.py took 8.435 seconds
[2025-10-31T03:26:21.218+0000] {processor.py:161} INFO - Started process (PID=1910) to work on /opt/airflow/dags/my_dag.py
[2025-10-31T03:26:21.235+0000] {processor.py:830} INFO - Processing file /opt/airflow/dags/my_dag.py for tasks to queue
[2025-10-31T03:26:21.251+0000] {logging_mixin.py:188} INFO - [2025-10-31T03:26:21.250+0000] {dagbag.py:538} INFO - Filling up the DagBag from /opt/airflow/dags/my_dag.py
[2025-10-31T03:26:32.290+0000] {processor.py:840} INFO - DAG(s) 'my_dag' retrieved from /opt/airflow/dags/my_dag.py
[2025-10-31T03:26:32.429+0000] {logging_mixin.py:188} INFO - [2025-10-31T03:26:32.428+0000] {dag.py:3036} INFO - Sync 1 DAGs
[2025-10-31T03:26:32.489+0000] {logging_mixin.py:188} INFO - [2025-10-31T03:26:32.489+0000] {dag.py:3823} INFO - Setting next_dagrun for my_dag to None, run_after=None
[2025-10-31T03:26:32.740+0000] {processor.py:183} INFO - Processing /opt/airflow/dags/my_dag.py took 11.605 seconds
[2025-10-31T03:27:13.520+0000] {processor.py:161} INFO - Started process (PID=1928) to work on /opt/airflow/dags/my_dag.py
[2025-10-31T03:27:13.536+0000] {processor.py:830} INFO - Processing file /opt/airflow/dags/my_dag.py for tasks to queue
[2025-10-31T03:27:13.612+0000] {logging_mixin.py:188} INFO - [2025-10-31T03:27:13.611+0000] {dagbag.py:538} INFO - Filling up the DagBag from /opt/airflow/dags/my_dag.py
[2025-10-31T03:27:26.836+0000] {processor.py:840} INFO - DAG(s) 'my_dag' retrieved from /opt/airflow/dags/my_dag.py
[2025-10-31T03:27:27.020+0000] {logging_mixin.py:188} INFO - [2025-10-31T03:27:27.019+0000] {dag.py:3036} INFO - Sync 1 DAGs
[2025-10-31T03:27:27.124+0000] {logging_mixin.py:188} INFO - [2025-10-31T03:27:27.124+0000] {dag.py:3823} INFO - Setting next_dagrun for my_dag to None, run_after=None
[2025-10-31T03:27:27.323+0000] {processor.py:183} INFO - Processing /opt/airflow/dags/my_dag.py took 12.388 seconds
[2025-10-31T03:27:57.873+0000] {processor.py:161} INFO - Started process (PID=1942) to work on /opt/airflow/dags/my_dag.py
[2025-10-31T03:27:57.886+0000] {processor.py:830} INFO - Processing file /opt/airflow/dags/my_dag.py for tasks to queue
[2025-10-31T03:27:57.889+0000] {logging_mixin.py:188} INFO - [2025-10-31T03:27:57.888+0000] {dagbag.py:538} INFO - Filling up the DagBag from /opt/airflow/dags/my_dag.py
[2025-10-31T03:28:02.510+0000] {processor.py:840} INFO - DAG(s) 'my_dag' retrieved from /opt/airflow/dags/my_dag.py
[2025-10-31T03:28:03.696+0000] {logging_mixin.py:188} INFO - [2025-10-31T03:28:03.682+0000] {dag.py:3036} INFO - Sync 1 DAGs
[2025-10-31T03:28:04.490+0000] {logging_mixin.py:188} INFO - [2025-10-31T03:28:04.490+0000] {dag.py:3823} INFO - Setting next_dagrun for my_dag to None, run_after=None
[2025-10-31T03:28:05.004+0000] {processor.py:183} INFO - Processing /opt/airflow/dags/my_dag.py took 7.149 seconds
[2025-10-31T03:28:35.709+0000] {processor.py:161} INFO - Started process (PID=1954) to work on /opt/airflow/dags/my_dag.py
[2025-10-31T03:28:35.725+0000] {processor.py:830} INFO - Processing file /opt/airflow/dags/my_dag.py for tasks to queue
[2025-10-31T03:28:35.736+0000] {logging_mixin.py:188} INFO - [2025-10-31T03:28:35.735+0000] {dagbag.py:538} INFO - Filling up the DagBag from /opt/airflow/dags/my_dag.py
[2025-10-31T03:28:40.494+0000] {processor.py:840} INFO - DAG(s) 'my_dag' retrieved from /opt/airflow/dags/my_dag.py
[2025-10-31T03:28:40.576+0000] {logging_mixin.py:188} INFO - [2025-10-31T03:28:40.575+0000] {dag.py:3036} INFO - Sync 1 DAGs
[2025-10-31T03:28:40.660+0000] {logging_mixin.py:188} INFO - [2025-10-31T03:28:40.659+0000] {dag.py:3823} INFO - Setting next_dagrun for my_dag to None, run_after=None
[2025-10-31T03:28:40.882+0000] {processor.py:183} INFO - Processing /opt/airflow/dags/my_dag.py took 5.192 seconds
[2025-10-31T03:29:11.275+0000] {processor.py:161} INFO - Started process (PID=1965) to work on /opt/airflow/dags/my_dag.py
[2025-10-31T03:29:11.278+0000] {processor.py:830} INFO - Processing file /opt/airflow/dags/my_dag.py for tasks to queue
[2025-10-31T03:29:11.281+0000] {logging_mixin.py:188} INFO - [2025-10-31T03:29:11.280+0000] {dagbag.py:538} INFO - Filling up the DagBag from /opt/airflow/dags/my_dag.py
[2025-10-31T03:29:18.858+0000] {processor.py:840} INFO - DAG(s) 'my_dag' retrieved from /opt/airflow/dags/my_dag.py
[2025-10-31T03:29:32.119+0000] {logging_mixin.py:188} INFO - [2025-10-31T03:29:32.117+0000] {dag.py:3036} INFO - Sync 1 DAGs
[2025-10-31T03:29:32.671+0000] {logging_mixin.py:188} INFO - [2025-10-31T03:29:32.671+0000] {dag.py:3823} INFO - Setting next_dagrun for my_dag to None, run_after=None
[2025-10-31T03:29:32.943+0000] {processor.py:183} INFO - Processing /opt/airflow/dags/my_dag.py took 20.161 seconds
[2025-10-31T03:30:03.329+0000] {processor.py:161} INFO - Started process (PID=1978) to work on /opt/airflow/dags/my_dag.py
[2025-10-31T03:30:03.347+0000] {processor.py:830} INFO - Processing file /opt/airflow/dags/my_dag.py for tasks to queue
[2025-10-31T03:30:03.352+0000] {logging_mixin.py:188} INFO - [2025-10-31T03:30:03.352+0000] {dagbag.py:538} INFO - Filling up the DagBag from /opt/airflow/dags/my_dag.py
[2025-10-31T03:30:11.000+0000] {processor.py:840} INFO - DAG(s) 'my_dag' retrieved from /opt/airflow/dags/my_dag.py
[2025-10-31T03:30:11.208+0000] {logging_mixin.py:188} INFO - [2025-10-31T03:30:11.207+0000] {dag.py:3036} INFO - Sync 1 DAGs
[2025-10-31T03:30:11.313+0000] {logging_mixin.py:188} INFO - [2025-10-31T03:30:11.313+0000] {dag.py:3823} INFO - Setting next_dagrun for my_dag to None, run_after=None
[2025-10-31T03:30:11.446+0000] {processor.py:183} INFO - Processing /opt/airflow/dags/my_dag.py took 8.126 seconds
[2025-10-31T03:30:42.567+0000] {processor.py:161} INFO - Started process (PID=1999) to work on /opt/airflow/dags/my_dag.py
[2025-10-31T03:30:42.574+0000] {processor.py:830} INFO - Processing file /opt/airflow/dags/my_dag.py for tasks to queue
[2025-10-31T03:30:42.580+0000] {logging_mixin.py:188} INFO - [2025-10-31T03:30:42.580+0000] {dagbag.py:538} INFO - Filling up the DagBag from /opt/airflow/dags/my_dag.py
[2025-10-31T03:30:47.303+0000] {processor.py:840} INFO - DAG(s) 'my_dag' retrieved from /opt/airflow/dags/my_dag.py
[2025-10-31T03:30:47.541+0000] {logging_mixin.py:188} INFO - [2025-10-31T03:30:47.539+0000] {dag.py:3036} INFO - Sync 1 DAGs
[2025-10-31T03:30:47.583+0000] {logging_mixin.py:188} INFO - [2025-10-31T03:30:47.582+0000] {dag.py:3823} INFO - Setting next_dagrun for my_dag to None, run_after=None
[2025-10-31T03:30:47.852+0000] {processor.py:183} INFO - Processing /opt/airflow/dags/my_dag.py took 5.488 seconds
[2025-10-31T03:31:18.266+0000] {processor.py:161} INFO - Started process (PID=2012) to work on /opt/airflow/dags/my_dag.py
[2025-10-31T03:31:18.275+0000] {processor.py:830} INFO - Processing file /opt/airflow/dags/my_dag.py for tasks to queue
[2025-10-31T03:31:18.278+0000] {logging_mixin.py:188} INFO - [2025-10-31T03:31:18.277+0000] {dagbag.py:538} INFO - Filling up the DagBag from /opt/airflow/dags/my_dag.py
[2025-10-31T03:31:21.407+0000] {processor.py:840} INFO - DAG(s) 'my_dag' retrieved from /opt/airflow/dags/my_dag.py
[2025-10-31T03:31:21.667+0000] {logging_mixin.py:188} INFO - [2025-10-31T03:31:21.666+0000] {dag.py:3036} INFO - Sync 1 DAGs
[2025-10-31T03:31:21.752+0000] {logging_mixin.py:188} INFO - [2025-10-31T03:31:21.751+0000] {dag.py:3823} INFO - Setting next_dagrun for my_dag to None, run_after=None
[2025-10-31T03:31:21.911+0000] {processor.py:183} INFO - Processing /opt/airflow/dags/my_dag.py took 3.660 seconds
[2025-10-31T03:31:52.262+0000] {processor.py:161} INFO - Started process (PID=2024) to work on /opt/airflow/dags/my_dag.py
[2025-10-31T03:31:52.272+0000] {processor.py:830} INFO - Processing file /opt/airflow/dags/my_dag.py for tasks to queue
[2025-10-31T03:31:52.275+0000] {logging_mixin.py:188} INFO - [2025-10-31T03:31:52.274+0000] {dagbag.py:538} INFO - Filling up the DagBag from /opt/airflow/dags/my_dag.py
[2025-10-31T03:31:55.821+0000] {processor.py:840} INFO - DAG(s) 'my_dag' retrieved from /opt/airflow/dags/my_dag.py
[2025-10-31T03:31:56.003+0000] {logging_mixin.py:188} INFO - [2025-10-31T03:31:56.002+0000] {dag.py:3036} INFO - Sync 1 DAGs
[2025-10-31T03:31:56.060+0000] {logging_mixin.py:188} INFO - [2025-10-31T03:31:56.059+0000] {dag.py:3823} INFO - Setting next_dagrun for my_dag to None, run_after=None
[2025-10-31T03:31:56.115+0000] {processor.py:183} INFO - Processing /opt/airflow/dags/my_dag.py took 3.865 seconds
[2025-10-31T03:32:26.452+0000] {processor.py:161} INFO - Started process (PID=2036) to work on /opt/airflow/dags/my_dag.py
[2025-10-31T03:32:26.456+0000] {processor.py:830} INFO - Processing file /opt/airflow/dags/my_dag.py for tasks to queue
[2025-10-31T03:32:26.464+0000] {logging_mixin.py:188} INFO - [2025-10-31T03:32:26.463+0000] {dagbag.py:538} INFO - Filling up the DagBag from /opt/airflow/dags/my_dag.py
[2025-10-31T03:32:29.907+0000] {processor.py:840} INFO - DAG(s) 'my_dag' retrieved from /opt/airflow/dags/my_dag.py
[2025-10-31T03:32:30.080+0000] {logging_mixin.py:188} INFO - [2025-10-31T03:32:30.078+0000] {dag.py:3036} INFO - Sync 1 DAGs
[2025-10-31T03:32:30.146+0000] {logging_mixin.py:188} INFO - [2025-10-31T03:32:30.145+0000] {dag.py:3823} INFO - Setting next_dagrun for my_dag to None, run_after=None
[2025-10-31T03:32:30.333+0000] {processor.py:183} INFO - Processing /opt/airflow/dags/my_dag.py took 3.900 seconds
[2025-10-31T03:33:00.725+0000] {processor.py:161} INFO - Started process (PID=2047) to work on /opt/airflow/dags/my_dag.py
[2025-10-31T03:33:00.728+0000] {processor.py:830} INFO - Processing file /opt/airflow/dags/my_dag.py for tasks to queue
[2025-10-31T03:33:00.731+0000] {logging_mixin.py:188} INFO - [2025-10-31T03:33:00.730+0000] {dagbag.py:538} INFO - Filling up the DagBag from /opt/airflow/dags/my_dag.py
[2025-10-31T03:33:03.698+0000] {processor.py:840} INFO - DAG(s) 'my_dag' retrieved from /opt/airflow/dags/my_dag.py
[2025-10-31T03:33:04.742+0000] {logging_mixin.py:188} INFO - [2025-10-31T03:33:04.737+0000] {dag.py:3036} INFO - Sync 1 DAGs
[2025-10-31T03:33:04.823+0000] {logging_mixin.py:188} INFO - [2025-10-31T03:33:04.822+0000] {dag.py:3823} INFO - Setting next_dagrun for my_dag to None, run_after=None
[2025-10-31T03:33:04.971+0000] {processor.py:183} INFO - Processing /opt/airflow/dags/my_dag.py took 2.746 seconds
[2025-10-31T03:33:37.236+0000] {processor.py:161} INFO - Started process (PID=2059) to work on /opt/airflow/dags/my_dag.py
[2025-10-31T03:33:37.239+0000] {processor.py:830} INFO - Processing file /opt/airflow/dags/my_dag.py for tasks to queue
[2025-10-31T03:33:37.251+0000] {logging_mixin.py:188} INFO - [2025-10-31T03:33:37.250+0000] {dagbag.py:538} INFO - Filling up the DagBag from /opt/airflow/dags/my_dag.py
[2025-10-31T03:33:41.435+0000] {processor.py:840} INFO - DAG(s) 'my_dag' retrieved from /opt/airflow/dags/my_dag.py
[2025-10-31T03:33:41.581+0000] {logging_mixin.py:188} INFO - [2025-10-31T03:33:41.579+0000] {dag.py:3036} INFO - Sync 1 DAGs
[2025-10-31T03:33:41.657+0000] {logging_mixin.py:188} INFO - [2025-10-31T03:33:41.656+0000] {dag.py:3823} INFO - Setting next_dagrun for my_dag to None, run_after=None
[2025-10-31T03:33:41.779+0000] {processor.py:183} INFO - Processing /opt/airflow/dags/my_dag.py took 4.566 seconds
[2025-10-31T03:34:12.955+0000] {processor.py:161} INFO - Started process (PID=2071) to work on /opt/airflow/dags/my_dag.py
[2025-10-31T03:34:12.958+0000] {processor.py:830} INFO - Processing file /opt/airflow/dags/my_dag.py for tasks to queue
[2025-10-31T03:34:12.961+0000] {logging_mixin.py:188} INFO - [2025-10-31T03:34:12.960+0000] {dagbag.py:538} INFO - Filling up the DagBag from /opt/airflow/dags/my_dag.py
[2025-10-31T03:34:16.844+0000] {processor.py:840} INFO - DAG(s) 'my_dag' retrieved from /opt/airflow/dags/my_dag.py
[2025-10-31T03:34:17.100+0000] {logging_mixin.py:188} INFO - [2025-10-31T03:34:17.099+0000] {dag.py:3036} INFO - Sync 1 DAGs
[2025-10-31T03:34:17.228+0000] {logging_mixin.py:188} INFO - [2025-10-31T03:34:17.227+0000] {dag.py:3823} INFO - Setting next_dagrun for my_dag to None, run_after=None
[2025-10-31T03:34:17.533+0000] {processor.py:183} INFO - Processing /opt/airflow/dags/my_dag.py took 4.590 seconds
[2025-10-31T03:34:50.094+0000] {processor.py:161} INFO - Started process (PID=2083) to work on /opt/airflow/dags/my_dag.py
[2025-10-31T03:34:50.112+0000] {processor.py:830} INFO - Processing file /opt/airflow/dags/my_dag.py for tasks to queue
[2025-10-31T03:34:50.115+0000] {logging_mixin.py:188} INFO - [2025-10-31T03:34:50.114+0000] {dagbag.py:538} INFO - Filling up the DagBag from /opt/airflow/dags/my_dag.py
[2025-10-31T03:35:03.066+0000] {processor.py:840} INFO - DAG(s) 'my_dag' retrieved from /opt/airflow/dags/my_dag.py
[2025-10-31T03:35:07.607+0000] {logging_mixin.py:188} INFO - [2025-10-31T03:35:07.606+0000] {dag.py:3036} INFO - Sync 1 DAGs
[2025-10-31T03:35:08.399+0000] {logging_mixin.py:188} INFO - [2025-10-31T03:35:08.398+0000] {dag.py:3823} INFO - Setting next_dagrun for my_dag to None, run_after=None
[2025-10-31T03:35:13.760+0000] {processor.py:183} INFO - Processing /opt/airflow/dags/my_dag.py took 23.140 seconds
[2025-10-31T03:35:44.665+0000] {processor.py:161} INFO - Started process (PID=2104) to work on /opt/airflow/dags/my_dag.py
[2025-10-31T03:35:44.670+0000] {processor.py:830} INFO - Processing file /opt/airflow/dags/my_dag.py for tasks to queue
[2025-10-31T03:35:44.693+0000] {logging_mixin.py:188} INFO - [2025-10-31T03:35:44.682+0000] {dagbag.py:538} INFO - Filling up the DagBag from /opt/airflow/dags/my_dag.py
[2025-10-31T03:35:53.536+0000] {processor.py:840} INFO - DAG(s) 'my_dag' retrieved from /opt/airflow/dags/my_dag.py
[2025-10-31T03:35:54.246+0000] {logging_mixin.py:188} INFO - [2025-10-31T03:35:54.245+0000] {dag.py:3036} INFO - Sync 1 DAGs
[2025-10-31T03:35:54.534+0000] {logging_mixin.py:188} INFO - [2025-10-31T03:35:54.533+0000] {dag.py:3823} INFO - Setting next_dagrun for my_dag to None, run_after=None
[2025-10-31T03:35:55.241+0000] {processor.py:183} INFO - Processing /opt/airflow/dags/my_dag.py took 10.591 seconds
[2025-10-31T03:36:27.385+0000] {processor.py:161} INFO - Started process (PID=2117) to work on /opt/airflow/dags/my_dag.py
[2025-10-31T03:36:27.420+0000] {processor.py:830} INFO - Processing file /opt/airflow/dags/my_dag.py for tasks to queue
[2025-10-31T03:36:27.436+0000] {logging_mixin.py:188} INFO - [2025-10-31T03:36:27.435+0000] {dagbag.py:538} INFO - Filling up the DagBag from /opt/airflow/dags/my_dag.py
[2025-10-31T03:36:49.120+0000] {processor.py:840} INFO - DAG(s) 'my_dag' retrieved from /opt/airflow/dags/my_dag.py
[2025-10-31T03:36:52.965+0000] {logging_mixin.py:188} INFO - [2025-10-31T03:36:52.947+0000] {dag.py:3036} INFO - Sync 1 DAGs
[2025-10-31T03:36:53.849+0000] {logging_mixin.py:188} INFO - [2025-10-31T03:36:53.831+0000] {dag.py:3823} INFO - Setting next_dagrun for my_dag to None, run_after=None
[2025-10-31T03:36:55.099+0000] {processor.py:183} INFO - Processing /opt/airflow/dags/my_dag.py took 26.276 seconds
[2025-10-31T03:37:26.400+0000] {processor.py:161} INFO - Started process (PID=2136) to work on /opt/airflow/dags/my_dag.py
[2025-10-31T03:37:26.479+0000] {processor.py:830} INFO - Processing file /opt/airflow/dags/my_dag.py for tasks to queue
[2025-10-31T03:37:26.584+0000] {logging_mixin.py:188} INFO - [2025-10-31T03:37:26.553+0000] {dagbag.py:538} INFO - Filling up the DagBag from /opt/airflow/dags/my_dag.py
[2025-10-31T03:38:00.723+0000] {logging_mixin.py:188} INFO - [2025-10-31T03:38:00.721+0000] {timeout.py:68} ERROR - Process timed out, PID: 2136
[2025-10-31T03:38:00.724+0000] {logging_mixin.py:188} WARNING - Exception ignored in: <function _collection_gced at 0x76f6785e9670>
[2025-10-31T03:38:00.725+0000] {logging_mixin.py:188} WARNING - Traceback (most recent call last):
[2025-10-31T03:38:00.726+0000] {logging_mixin.py:188} WARNING -   File "/home/airflow/.local/lib/python3.8/site-packages/sqlalchemy/event/registry.py", line 53, in _collection_gced
[2025-10-31T03:38:00.744+0000] {logging_mixin.py:188} WARNING -     def _collection_gced(ref):
[2025-10-31T03:38:00.746+0000] {logging_mixin.py:188} WARNING -   File "/home/airflow/.local/lib/python3.8/site-packages/airflow/utils/timeout.py", line 69, in handle_timeout
[2025-10-31T03:38:00.757+0000] {logging_mixin.py:188} WARNING -     raise AirflowTaskTimeout(self.error_message)
[2025-10-31T03:38:00.759+0000] {logging_mixin.py:188} WARNING - airflow.exceptions.AirflowTaskTimeout: DagBag import timeout for /opt/airflow/dags/my_dag.py after 30.0s.
Please take a look at these docs to improve your DAG import time:
* https://airflow.apache.org/docs/apache-airflow/2.8.1/best-practices.html#top-level-python-code
* https://airflow.apache.org/docs/apache-airflow/2.8.1/best-practices.html#reducing-dag-complexity, PID: 2136
[2025-10-31T03:38:02.565+0000] {processor.py:840} INFO - DAG(s) 'my_dag' retrieved from /opt/airflow/dags/my_dag.py
[2025-10-31T03:38:02.833+0000] {logging_mixin.py:188} INFO - [2025-10-31T03:38:02.833+0000] {dag.py:3036} INFO - Sync 1 DAGs
[2025-10-31T03:38:02.946+0000] {logging_mixin.py:188} INFO - [2025-10-31T03:38:02.946+0000] {dag.py:3823} INFO - Setting next_dagrun for my_dag to None, run_after=None
[2025-10-31T03:38:03.130+0000] {processor.py:183} INFO - Processing /opt/airflow/dags/my_dag.py took 35.254 seconds
[2025-10-31T03:38:33.823+0000] {processor.py:161} INFO - Started process (PID=2158) to work on /opt/airflow/dags/my_dag.py
[2025-10-31T03:38:33.826+0000] {processor.py:830} INFO - Processing file /opt/airflow/dags/my_dag.py for tasks to queue
[2025-10-31T03:38:33.828+0000] {logging_mixin.py:188} INFO - [2025-10-31T03:38:33.828+0000] {dagbag.py:538} INFO - Filling up the DagBag from /opt/airflow/dags/my_dag.py
[2025-10-31T03:39:04.242+0000] {processor.py:840} INFO - DAG(s) 'my_dag' retrieved from /opt/airflow/dags/my_dag.py
[2025-10-31T03:39:04.385+0000] {logging_mixin.py:188} INFO - [2025-10-31T03:39:04.383+0000] {dag.py:3036} INFO - Sync 1 DAGs
[2025-10-31T03:39:04.511+0000] {logging_mixin.py:188} INFO - [2025-10-31T03:39:04.502+0000] {dag.py:3823} INFO - Setting next_dagrun for my_dag to None, run_after=None
[2025-10-31T03:39:04.709+0000] {processor.py:183} INFO - Processing /opt/airflow/dags/my_dag.py took 29.360 seconds
[2025-10-31T03:39:39.731+0000] {processor.py:161} INFO - Started process (PID=2178) to work on /opt/airflow/dags/my_dag.py
[2025-10-31T03:39:39.738+0000] {processor.py:830} INFO - Processing file /opt/airflow/dags/my_dag.py for tasks to queue
[2025-10-31T03:39:39.748+0000] {logging_mixin.py:188} INFO - [2025-10-31T03:39:39.747+0000] {dagbag.py:538} INFO - Filling up the DagBag from /opt/airflow/dags/my_dag.py
[2025-10-31T03:39:52.901+0000] {processor.py:840} INFO - DAG(s) 'my_dag' retrieved from /opt/airflow/dags/my_dag.py
[2025-10-31T03:39:53.137+0000] {logging_mixin.py:188} INFO - [2025-10-31T03:39:53.135+0000] {dag.py:3036} INFO - Sync 1 DAGs
[2025-10-31T03:39:53.304+0000] {logging_mixin.py:188} INFO - [2025-10-31T03:39:53.303+0000] {dag.py:3823} INFO - Setting next_dagrun for my_dag to None, run_after=None
[2025-10-31T03:39:53.485+0000] {processor.py:183} INFO - Processing /opt/airflow/dags/my_dag.py took 13.771 seconds
[2025-10-31T03:40:24.556+0000] {processor.py:161} INFO - Started process (PID=2191) to work on /opt/airflow/dags/my_dag.py
[2025-10-31T03:40:24.562+0000] {processor.py:830} INFO - Processing file /opt/airflow/dags/my_dag.py for tasks to queue
[2025-10-31T03:40:24.575+0000] {logging_mixin.py:188} INFO - [2025-10-31T03:40:24.574+0000] {dagbag.py:538} INFO - Filling up the DagBag from /opt/airflow/dags/my_dag.py
[2025-10-31T03:40:28.716+0000] {processor.py:840} INFO - DAG(s) 'my_dag' retrieved from /opt/airflow/dags/my_dag.py
[2025-10-31T03:40:28.800+0000] {logging_mixin.py:188} INFO - [2025-10-31T03:40:28.799+0000] {dag.py:3036} INFO - Sync 1 DAGs
[2025-10-31T03:40:28.825+0000] {logging_mixin.py:188} INFO - [2025-10-31T03:40:28.825+0000] {dag.py:3823} INFO - Setting next_dagrun for my_dag to None, run_after=None
[2025-10-31T03:40:28.927+0000] {processor.py:183} INFO - Processing /opt/airflow/dags/my_dag.py took 2.857 seconds
[2025-10-31T03:41:00.247+0000] {processor.py:161} INFO - Started process (PID=2208) to work on /opt/airflow/dags/my_dag.py
[2025-10-31T03:41:00.250+0000] {processor.py:830} INFO - Processing file /opt/airflow/dags/my_dag.py for tasks to queue
[2025-10-31T03:41:00.255+0000] {logging_mixin.py:188} INFO - [2025-10-31T03:41:00.254+0000] {dagbag.py:538} INFO - Filling up the DagBag from /opt/airflow/dags/my_dag.py
[2025-10-31T03:41:03.704+0000] {processor.py:840} INFO - DAG(s) 'my_dag' retrieved from /opt/airflow/dags/my_dag.py
[2025-10-31T03:41:03.886+0000] {logging_mixin.py:188} INFO - [2025-10-31T03:41:03.885+0000] {dag.py:3036} INFO - Sync 1 DAGs
[2025-10-31T03:41:03.959+0000] {logging_mixin.py:188} INFO - [2025-10-31T03:41:03.959+0000] {dag.py:3823} INFO - Setting next_dagrun for my_dag to None, run_after=None
[2025-10-31T03:41:04.104+0000] {processor.py:183} INFO - Processing /opt/airflow/dags/my_dag.py took 3.871 seconds
[2025-10-31T03:41:35.419+0000] {processor.py:161} INFO - Started process (PID=2221) to work on /opt/airflow/dags/my_dag.py
[2025-10-31T03:41:35.422+0000] {processor.py:830} INFO - Processing file /opt/airflow/dags/my_dag.py for tasks to queue
[2025-10-31T03:41:35.424+0000] {logging_mixin.py:188} INFO - [2025-10-31T03:41:35.423+0000] {dagbag.py:538} INFO - Filling up the DagBag from /opt/airflow/dags/my_dag.py
[2025-10-31T03:41:37.525+0000] {processor.py:840} INFO - DAG(s) 'my_dag' retrieved from /opt/airflow/dags/my_dag.py
[2025-10-31T03:41:37.593+0000] {logging_mixin.py:188} INFO - [2025-10-31T03:41:37.592+0000] {dag.py:3036} INFO - Sync 1 DAGs
[2025-10-31T03:41:37.656+0000] {logging_mixin.py:188} INFO - [2025-10-31T03:41:37.645+0000] {dag.py:3823} INFO - Setting next_dagrun for my_dag to None, run_after=None
[2025-10-31T03:41:38.140+0000] {processor.py:183} INFO - Processing /opt/airflow/dags/my_dag.py took 2.729 seconds
[2025-10-31T03:42:09.718+0000] {processor.py:161} INFO - Started process (PID=2234) to work on /opt/airflow/dags/my_dag.py
[2025-10-31T03:42:09.853+0000] {processor.py:830} INFO - Processing file /opt/airflow/dags/my_dag.py for tasks to queue
[2025-10-31T03:42:09.865+0000] {logging_mixin.py:188} INFO - [2025-10-31T03:42:09.864+0000] {dagbag.py:538} INFO - Filling up the DagBag from /opt/airflow/dags/my_dag.py
[2025-10-31T03:42:13.706+0000] {processor.py:840} INFO - DAG(s) 'my_dag' retrieved from /opt/airflow/dags/my_dag.py
[2025-10-31T03:42:14.018+0000] {logging_mixin.py:188} INFO - [2025-10-31T03:42:14.017+0000] {dag.py:3036} INFO - Sync 1 DAGs
[2025-10-31T03:42:14.275+0000] {logging_mixin.py:188} INFO - [2025-10-31T03:42:14.247+0000] {dag.py:3823} INFO - Setting next_dagrun for my_dag to None, run_after=None
[2025-10-31T03:42:14.657+0000] {processor.py:183} INFO - Processing /opt/airflow/dags/my_dag.py took 5.043 seconds
[2025-10-31T03:42:45.601+0000] {processor.py:161} INFO - Started process (PID=2245) to work on /opt/airflow/dags/my_dag.py
[2025-10-31T03:42:45.610+0000] {processor.py:830} INFO - Processing file /opt/airflow/dags/my_dag.py for tasks to queue
[2025-10-31T03:42:45.623+0000] {logging_mixin.py:188} INFO - [2025-10-31T03:42:45.622+0000] {dagbag.py:538} INFO - Filling up the DagBag from /opt/airflow/dags/my_dag.py
[2025-10-31T03:42:48.702+0000] {processor.py:840} INFO - DAG(s) 'my_dag' retrieved from /opt/airflow/dags/my_dag.py
[2025-10-31T03:42:48.853+0000] {logging_mixin.py:188} INFO - [2025-10-31T03:42:48.852+0000] {dag.py:3036} INFO - Sync 1 DAGs
[2025-10-31T03:42:48.947+0000] {logging_mixin.py:188} INFO - [2025-10-31T03:42:48.946+0000] {dag.py:3823} INFO - Setting next_dagrun for my_dag to None, run_after=None
[2025-10-31T03:42:49.414+0000] {processor.py:183} INFO - Processing /opt/airflow/dags/my_dag.py took 3.853 seconds
[2025-10-31T03:43:19.880+0000] {processor.py:161} INFO - Started process (PID=2259) to work on /opt/airflow/dags/my_dag.py
[2025-10-31T03:43:19.884+0000] {processor.py:830} INFO - Processing file /opt/airflow/dags/my_dag.py for tasks to queue
[2025-10-31T03:43:19.890+0000] {logging_mixin.py:188} INFO - [2025-10-31T03:43:19.889+0000] {dagbag.py:538} INFO - Filling up the DagBag from /opt/airflow/dags/my_dag.py
[2025-10-31T03:43:23.072+0000] {processor.py:840} INFO - DAG(s) 'my_dag' retrieved from /opt/airflow/dags/my_dag.py
[2025-10-31T03:43:23.287+0000] {logging_mixin.py:188} INFO - [2025-10-31T03:43:23.283+0000] {dag.py:3036} INFO - Sync 1 DAGs
[2025-10-31T03:43:23.333+0000] {logging_mixin.py:188} INFO - [2025-10-31T03:43:23.332+0000] {dag.py:3823} INFO - Setting next_dagrun for my_dag to None, run_after=None
[2025-10-31T03:43:24.321+0000] {processor.py:183} INFO - Processing /opt/airflow/dags/my_dag.py took 4.459 seconds
[2025-10-31T03:43:55.082+0000] {processor.py:161} INFO - Started process (PID=2272) to work on /opt/airflow/dags/my_dag.py
[2025-10-31T03:43:55.084+0000] {processor.py:830} INFO - Processing file /opt/airflow/dags/my_dag.py for tasks to queue
[2025-10-31T03:43:55.097+0000] {logging_mixin.py:188} INFO - [2025-10-31T03:43:55.097+0000] {dagbag.py:538} INFO - Filling up the DagBag from /opt/airflow/dags/my_dag.py
[2025-10-31T03:43:57.550+0000] {processor.py:840} INFO - DAG(s) 'my_dag' retrieved from /opt/airflow/dags/my_dag.py
[2025-10-31T03:43:57.627+0000] {logging_mixin.py:188} INFO - [2025-10-31T03:43:57.626+0000] {dag.py:3036} INFO - Sync 1 DAGs
[2025-10-31T03:43:57.682+0000] {logging_mixin.py:188} INFO - [2025-10-31T03:43:57.674+0000] {dag.py:3823} INFO - Setting next_dagrun for my_dag to None, run_after=None
[2025-10-31T03:43:57.803+0000] {processor.py:183} INFO - Processing /opt/airflow/dags/my_dag.py took 2.756 seconds
[2025-10-31T03:44:28.076+0000] {processor.py:161} INFO - Started process (PID=2284) to work on /opt/airflow/dags/my_dag.py
[2025-10-31T03:44:28.078+0000] {processor.py:830} INFO - Processing file /opt/airflow/dags/my_dag.py for tasks to queue
[2025-10-31T03:44:28.081+0000] {logging_mixin.py:188} INFO - [2025-10-31T03:44:28.080+0000] {dagbag.py:538} INFO - Filling up the DagBag from /opt/airflow/dags/my_dag.py
[2025-10-31T03:44:31.254+0000] {processor.py:840} INFO - DAG(s) 'my_dag' retrieved from /opt/airflow/dags/my_dag.py
[2025-10-31T03:44:31.342+0000] {logging_mixin.py:188} INFO - [2025-10-31T03:44:31.341+0000] {dag.py:3036} INFO - Sync 1 DAGs
[2025-10-31T03:44:31.383+0000] {logging_mixin.py:188} INFO - [2025-10-31T03:44:31.383+0000] {dag.py:3823} INFO - Setting next_dagrun for my_dag to None, run_after=None
[2025-10-31T03:44:31.526+0000] {processor.py:183} INFO - Processing /opt/airflow/dags/my_dag.py took 3.468 seconds
[2025-10-31T03:45:02.178+0000] {processor.py:161} INFO - Started process (PID=2296) to work on /opt/airflow/dags/my_dag.py
[2025-10-31T03:45:02.186+0000] {processor.py:830} INFO - Processing file /opt/airflow/dags/my_dag.py for tasks to queue
[2025-10-31T03:45:02.190+0000] {logging_mixin.py:188} INFO - [2025-10-31T03:45:02.188+0000] {dagbag.py:538} INFO - Filling up the DagBag from /opt/airflow/dags/my_dag.py
[2025-10-31T03:45:05.751+0000] {processor.py:840} INFO - DAG(s) 'my_dag' retrieved from /opt/airflow/dags/my_dag.py
[2025-10-31T03:45:05.823+0000] {logging_mixin.py:188} INFO - [2025-10-31T03:45:05.821+0000] {dag.py:3036} INFO - Sync 1 DAGs
[2025-10-31T03:45:05.856+0000] {logging_mixin.py:188} INFO - [2025-10-31T03:45:05.856+0000] {dag.py:3823} INFO - Setting next_dagrun for my_dag to None, run_after=None
[2025-10-31T03:45:05.952+0000] {processor.py:183} INFO - Processing /opt/airflow/dags/my_dag.py took 3.794 seconds
[2025-10-31T03:45:36.210+0000] {processor.py:161} INFO - Started process (PID=2308) to work on /opt/airflow/dags/my_dag.py
[2025-10-31T03:45:36.215+0000] {processor.py:830} INFO - Processing file /opt/airflow/dags/my_dag.py for tasks to queue
[2025-10-31T03:45:36.218+0000] {logging_mixin.py:188} INFO - [2025-10-31T03:45:36.218+0000] {dagbag.py:538} INFO - Filling up the DagBag from /opt/airflow/dags/my_dag.py
[2025-10-31T03:45:40.986+0000] {processor.py:840} INFO - DAG(s) 'my_dag' retrieved from /opt/airflow/dags/my_dag.py
[2025-10-31T03:45:41.271+0000] {logging_mixin.py:188} INFO - [2025-10-31T03:45:41.270+0000] {dag.py:3036} INFO - Sync 1 DAGs
[2025-10-31T03:45:41.386+0000] {logging_mixin.py:188} INFO - [2025-10-31T03:45:41.385+0000] {dag.py:3823} INFO - Setting next_dagrun for my_dag to None, run_after=None
[2025-10-31T03:45:42.225+0000] {processor.py:183} INFO - Processing /opt/airflow/dags/my_dag.py took 5.284 seconds
[2025-10-31T03:46:12.627+0000] {processor.py:161} INFO - Started process (PID=2320) to work on /opt/airflow/dags/my_dag.py
[2025-10-31T03:46:12.638+0000] {processor.py:830} INFO - Processing file /opt/airflow/dags/my_dag.py for tasks to queue
[2025-10-31T03:46:12.647+0000] {logging_mixin.py:188} INFO - [2025-10-31T03:46:12.647+0000] {dagbag.py:538} INFO - Filling up the DagBag from /opt/airflow/dags/my_dag.py
[2025-10-31T03:46:17.186+0000] {processor.py:840} INFO - DAG(s) 'my_dag' retrieved from /opt/airflow/dags/my_dag.py
[2025-10-31T03:46:17.422+0000] {logging_mixin.py:188} INFO - [2025-10-31T03:46:17.419+0000] {dag.py:3036} INFO - Sync 1 DAGs
[2025-10-31T03:46:17.594+0000] {logging_mixin.py:188} INFO - [2025-10-31T03:46:17.593+0000] {dag.py:3823} INFO - Setting next_dagrun for my_dag to None, run_after=None
[2025-10-31T03:46:17.750+0000] {processor.py:183} INFO - Processing /opt/airflow/dags/my_dag.py took 3.585 seconds
[2025-10-31T03:46:48.122+0000] {processor.py:161} INFO - Started process (PID=2332) to work on /opt/airflow/dags/my_dag.py
[2025-10-31T03:46:48.132+0000] {processor.py:830} INFO - Processing file /opt/airflow/dags/my_dag.py for tasks to queue
[2025-10-31T03:46:48.135+0000] {logging_mixin.py:188} INFO - [2025-10-31T03:46:48.134+0000] {dagbag.py:538} INFO - Filling up the DagBag from /opt/airflow/dags/my_dag.py
[2025-10-31T03:46:49.377+0000] {processor.py:840} INFO - DAG(s) 'my_dag' retrieved from /opt/airflow/dags/my_dag.py
[2025-10-31T03:46:49.451+0000] {logging_mixin.py:188} INFO - [2025-10-31T03:46:49.450+0000] {dag.py:3036} INFO - Sync 1 DAGs
[2025-10-31T03:46:49.473+0000] {logging_mixin.py:188} INFO - [2025-10-31T03:46:49.472+0000] {dag.py:3823} INFO - Setting next_dagrun for my_dag to None, run_after=None
[2025-10-31T03:46:49.605+0000] {processor.py:183} INFO - Processing /opt/airflow/dags/my_dag.py took 1.496 seconds
[2025-10-31T03:47:20.031+0000] {processor.py:161} INFO - Started process (PID=2343) to work on /opt/airflow/dags/my_dag.py
[2025-10-31T03:47:20.034+0000] {processor.py:830} INFO - Processing file /opt/airflow/dags/my_dag.py for tasks to queue
[2025-10-31T03:47:20.036+0000] {logging_mixin.py:188} INFO - [2025-10-31T03:47:20.036+0000] {dagbag.py:538} INFO - Filling up the DagBag from /opt/airflow/dags/my_dag.py
[2025-10-31T03:47:22.195+0000] {processor.py:840} INFO - DAG(s) 'my_dag' retrieved from /opt/airflow/dags/my_dag.py
[2025-10-31T03:47:22.362+0000] {logging_mixin.py:188} INFO - [2025-10-31T03:47:22.361+0000] {dag.py:3036} INFO - Sync 1 DAGs
[2025-10-31T03:47:22.446+0000] {logging_mixin.py:188} INFO - [2025-10-31T03:47:22.446+0000] {dag.py:3823} INFO - Setting next_dagrun for my_dag to None, run_after=None
[2025-10-31T03:47:22.575+0000] {processor.py:183} INFO - Processing /opt/airflow/dags/my_dag.py took 2.557 seconds
[2025-10-31T03:47:53.710+0000] {processor.py:161} INFO - Started process (PID=2355) to work on /opt/airflow/dags/my_dag.py
[2025-10-31T03:47:53.778+0000] {processor.py:830} INFO - Processing file /opt/airflow/dags/my_dag.py for tasks to queue
[2025-10-31T03:47:53.856+0000] {logging_mixin.py:188} INFO - [2025-10-31T03:47:53.855+0000] {dagbag.py:538} INFO - Filling up the DagBag from /opt/airflow/dags/my_dag.py
[2025-10-31T03:48:07.676+0000] {processor.py:840} INFO - DAG(s) 'my_dag' retrieved from /opt/airflow/dags/my_dag.py
[2025-10-31T03:48:07.788+0000] {logging_mixin.py:188} INFO - [2025-10-31T03:48:07.787+0000] {dag.py:3036} INFO - Sync 1 DAGs
[2025-10-31T03:48:07.847+0000] {logging_mixin.py:188} INFO - [2025-10-31T03:48:07.846+0000] {dag.py:3823} INFO - Setting next_dagrun for my_dag to None, run_after=None
[2025-10-31T03:48:08.059+0000] {processor.py:183} INFO - Processing /opt/airflow/dags/my_dag.py took 14.507 seconds
[2025-10-31T03:48:38.934+0000] {processor.py:161} INFO - Started process (PID=2376) to work on /opt/airflow/dags/my_dag.py
[2025-10-31T03:48:38.947+0000] {processor.py:830} INFO - Processing file /opt/airflow/dags/my_dag.py for tasks to queue
[2025-10-31T03:48:38.950+0000] {logging_mixin.py:188} INFO - [2025-10-31T03:48:38.949+0000] {dagbag.py:538} INFO - Filling up the DagBag from /opt/airflow/dags/my_dag.py
[2025-10-31T03:48:43.673+0000] {processor.py:840} INFO - DAG(s) 'my_dag' retrieved from /opt/airflow/dags/my_dag.py
[2025-10-31T03:48:43.799+0000] {logging_mixin.py:188} INFO - [2025-10-31T03:48:43.798+0000] {dag.py:3036} INFO - Sync 1 DAGs
[2025-10-31T03:48:43.861+0000] {logging_mixin.py:188} INFO - [2025-10-31T03:48:43.861+0000] {dag.py:3823} INFO - Setting next_dagrun for my_dag to None, run_after=None
[2025-10-31T03:48:43.988+0000] {processor.py:183} INFO - Processing /opt/airflow/dags/my_dag.py took 5.137 seconds
[2025-10-31T03:49:14.807+0000] {processor.py:161} INFO - Started process (PID=2390) to work on /opt/airflow/dags/my_dag.py
[2025-10-31T03:49:14.809+0000] {processor.py:830} INFO - Processing file /opt/airflow/dags/my_dag.py for tasks to queue
[2025-10-31T03:49:14.820+0000] {logging_mixin.py:188} INFO - [2025-10-31T03:49:14.818+0000] {dagbag.py:538} INFO - Filling up the DagBag from /opt/airflow/dags/my_dag.py
[2025-10-31T03:49:18.195+0000] {processor.py:840} INFO - DAG(s) 'my_dag' retrieved from /opt/airflow/dags/my_dag.py
[2025-10-31T03:49:18.353+0000] {logging_mixin.py:188} INFO - [2025-10-31T03:49:18.351+0000] {dag.py:3036} INFO - Sync 1 DAGs
[2025-10-31T03:49:18.379+0000] {logging_mixin.py:188} INFO - [2025-10-31T03:49:18.379+0000] {dag.py:3823} INFO - Setting next_dagrun for my_dag to None, run_after=None
[2025-10-31T03:49:18.508+0000] {processor.py:183} INFO - Processing /opt/airflow/dags/my_dag.py took 3.733 seconds
[2025-10-31T03:49:49.212+0000] {processor.py:161} INFO - Started process (PID=2402) to work on /opt/airflow/dags/my_dag.py
[2025-10-31T03:49:49.219+0000] {processor.py:830} INFO - Processing file /opt/airflow/dags/my_dag.py for tasks to queue
[2025-10-31T03:49:49.226+0000] {logging_mixin.py:188} INFO - [2025-10-31T03:49:49.225+0000] {dagbag.py:538} INFO - Filling up the DagBag from /opt/airflow/dags/my_dag.py
[2025-10-31T03:49:52.529+0000] {processor.py:840} INFO - DAG(s) 'my_dag' retrieved from /opt/airflow/dags/my_dag.py
[2025-10-31T03:49:52.647+0000] {logging_mixin.py:188} INFO - [2025-10-31T03:49:52.646+0000] {dag.py:3036} INFO - Sync 1 DAGs
[2025-10-31T03:49:52.697+0000] {logging_mixin.py:188} INFO - [2025-10-31T03:49:52.697+0000] {dag.py:3823} INFO - Setting next_dagrun for my_dag to None, run_after=None
[2025-10-31T03:49:52.770+0000] {processor.py:183} INFO - Processing /opt/airflow/dags/my_dag.py took 3.599 seconds
[2025-10-31T03:50:23.962+0000] {processor.py:161} INFO - Started process (PID=2414) to work on /opt/airflow/dags/my_dag.py
[2025-10-31T03:50:23.966+0000] {processor.py:830} INFO - Processing file /opt/airflow/dags/my_dag.py for tasks to queue
[2025-10-31T03:50:23.968+0000] {logging_mixin.py:188} INFO - [2025-10-31T03:50:23.968+0000] {dagbag.py:538} INFO - Filling up the DagBag from /opt/airflow/dags/my_dag.py
[2025-10-31T03:50:26.595+0000] {processor.py:840} INFO - DAG(s) 'my_dag' retrieved from /opt/airflow/dags/my_dag.py
[2025-10-31T03:50:27.610+0000] {logging_mixin.py:188} INFO - [2025-10-31T03:50:27.609+0000] {dag.py:3036} INFO - Sync 1 DAGs
[2025-10-31T03:50:27.633+0000] {logging_mixin.py:188} INFO - [2025-10-31T03:50:27.632+0000] {dag.py:3823} INFO - Setting next_dagrun for my_dag to None, run_after=None
[2025-10-31T03:50:27.872+0000] {processor.py:183} INFO - Processing /opt/airflow/dags/my_dag.py took 2.364 seconds
[2025-10-31T03:50:59.218+0000] {processor.py:161} INFO - Started process (PID=2426) to work on /opt/airflow/dags/my_dag.py
[2025-10-31T03:50:59.223+0000] {processor.py:830} INFO - Processing file /opt/airflow/dags/my_dag.py for tasks to queue
[2025-10-31T03:50:59.226+0000] {logging_mixin.py:188} INFO - [2025-10-31T03:50:59.225+0000] {dagbag.py:538} INFO - Filling up the DagBag from /opt/airflow/dags/my_dag.py
[2025-10-31T03:51:01.263+0000] {processor.py:840} INFO - DAG(s) 'my_dag' retrieved from /opt/airflow/dags/my_dag.py
[2025-10-31T03:51:01.391+0000] {logging_mixin.py:188} INFO - [2025-10-31T03:51:01.380+0000] {dag.py:3036} INFO - Sync 1 DAGs
[2025-10-31T03:51:01.481+0000] {logging_mixin.py:188} INFO - [2025-10-31T03:51:01.473+0000] {dag.py:3823} INFO - Setting next_dagrun for my_dag to None, run_after=None
[2025-10-31T03:51:01.591+0000] {processor.py:183} INFO - Processing /opt/airflow/dags/my_dag.py took 2.397 seconds
[2025-10-31T03:51:33.601+0000] {processor.py:161} INFO - Started process (PID=2438) to work on /opt/airflow/dags/my_dag.py
[2025-10-31T03:51:33.624+0000] {processor.py:830} INFO - Processing file /opt/airflow/dags/my_dag.py for tasks to queue
[2025-10-31T03:51:33.645+0000] {logging_mixin.py:188} INFO - [2025-10-31T03:51:33.644+0000] {dagbag.py:538} INFO - Filling up the DagBag from /opt/airflow/dags/my_dag.py
[2025-10-31T03:58:51.701+0000] {processor.py:161} INFO - Started process (PID=63) to work on /opt/airflow/dags/my_dag.py
[2025-10-31T03:58:51.705+0000] {processor.py:830} INFO - Processing file /opt/airflow/dags/my_dag.py for tasks to queue
[2025-10-31T03:58:51.711+0000] {logging_mixin.py:188} INFO - [2025-10-31T03:58:51.710+0000] {dagbag.py:538} INFO - Filling up the DagBag from /opt/airflow/dags/my_dag.py
[2025-10-31T03:59:12.373+0000] {processor.py:840} INFO - DAG(s) 'my_dag' retrieved from /opt/airflow/dags/my_dag.py
[2025-10-31T03:59:12.705+0000] {logging_mixin.py:188} INFO - [2025-10-31T03:59:12.704+0000] {dag.py:3036} INFO - Sync 1 DAGs
[2025-10-31T03:59:12.733+0000] {logging_mixin.py:188} INFO - [2025-10-31T03:59:12.731+0000] {dag.py:3823} INFO - Setting next_dagrun for my_dag to None, run_after=None
[2025-10-31T03:59:12.841+0000] {processor.py:183} INFO - Processing /opt/airflow/dags/my_dag.py took 20.355 seconds
[2025-10-31T03:59:43.385+0000] {processor.py:161} INFO - Started process (PID=82) to work on /opt/airflow/dags/my_dag.py
[2025-10-31T03:59:43.483+0000] {processor.py:830} INFO - Processing file /opt/airflow/dags/my_dag.py for tasks to queue
[2025-10-31T03:59:43.490+0000] {logging_mixin.py:188} INFO - [2025-10-31T03:59:43.490+0000] {dagbag.py:538} INFO - Filling up the DagBag from /opt/airflow/dags/my_dag.py
[2025-10-31T03:59:45.375+0000] {processor.py:840} INFO - DAG(s) 'my_dag' retrieved from /opt/airflow/dags/my_dag.py
[2025-10-31T03:59:47.223+0000] {logging_mixin.py:188} INFO - [2025-10-31T03:59:47.216+0000] {dag.py:3036} INFO - Sync 1 DAGs
[2025-10-31T03:59:47.668+0000] {logging_mixin.py:188} INFO - [2025-10-31T03:59:47.667+0000] {dag.py:3823} INFO - Setting next_dagrun for my_dag to None, run_after=None
[2025-10-31T03:59:48.098+0000] {processor.py:183} INFO - Processing /opt/airflow/dags/my_dag.py took 4.723 seconds
[2025-10-31T04:00:28.686+0000] {processor.py:161} INFO - Started process (PID=93) to work on /opt/airflow/dags/my_dag.py
[2025-10-31T04:00:29.274+0000] {processor.py:830} INFO - Processing file /opt/airflow/dags/my_dag.py for tasks to queue
[2025-10-31T04:00:31.007+0000] {logging_mixin.py:188} INFO - [2025-10-31T04:00:30.890+0000] {dagbag.py:538} INFO - Filling up the DagBag from /opt/airflow/dags/my_dag.py
[2025-10-31T04:01:09.585+0000] {logging_mixin.py:188} INFO - [2025-10-31T04:01:09.584+0000] {timeout.py:68} ERROR - Process timed out, PID: 93
[2025-10-31T04:01:09.597+0000] {logging_mixin.py:188} WARNING - Exception ignored in: <function _collection_gced at 0x7126e21a9670>
[2025-10-31T04:01:09.599+0000] {logging_mixin.py:188} WARNING - Traceback (most recent call last):
[2025-10-31T04:01:09.600+0000] {logging_mixin.py:188} WARNING -   File "/home/airflow/.local/lib/python3.8/site-packages/sqlalchemy/event/registry.py", line 53, in _collection_gced
[2025-10-31T04:01:09.603+0000] {logging_mixin.py:188} WARNING -     def _collection_gced(ref):
[2025-10-31T04:01:09.604+0000] {logging_mixin.py:188} WARNING -   File "/home/airflow/.local/lib/python3.8/site-packages/airflow/utils/timeout.py", line 69, in handle_timeout
[2025-10-31T04:01:09.606+0000] {logging_mixin.py:188} WARNING -     raise AirflowTaskTimeout(self.error_message)
[2025-10-31T04:01:09.607+0000] {logging_mixin.py:188} WARNING - airflow.exceptions.AirflowTaskTimeout: DagBag import timeout for /opt/airflow/dags/my_dag.py after 30.0s.
Please take a look at these docs to improve your DAG import time:
* https://airflow.apache.org/docs/apache-airflow/2.8.1/best-practices.html#top-level-python-code
* https://airflow.apache.org/docs/apache-airflow/2.8.1/best-practices.html#reducing-dag-complexity, PID: 93
[2025-10-31T04:01:10.122+0000] {processor.py:840} INFO - DAG(s) 'my_dag' retrieved from /opt/airflow/dags/my_dag.py
[2025-10-31T04:01:11.378+0000] {logging_mixin.py:188} INFO - [2025-10-31T04:01:11.366+0000] {dag.py:3036} INFO - Sync 1 DAGs
[2025-10-31T04:01:11.461+0000] {logging_mixin.py:188} INFO - [2025-10-31T04:01:11.461+0000] {dag.py:3823} INFO - Setting next_dagrun for my_dag to None, run_after=None
[2025-10-31T04:01:11.847+0000] {processor.py:183} INFO - Processing /opt/airflow/dags/my_dag.py took 43.194 seconds
[2025-10-31T04:02:12.660+0000] {processor.py:161} INFO - Started process (PID=120) to work on /opt/airflow/dags/my_dag.py
[2025-10-31T04:02:12.860+0000] {processor.py:830} INFO - Processing file /opt/airflow/dags/my_dag.py for tasks to queue
[2025-10-31T04:02:13.009+0000] {logging_mixin.py:188} INFO - [2025-10-31T04:02:12.987+0000] {dagbag.py:538} INFO - Filling up the DagBag from /opt/airflow/dags/my_dag.py
[2025-10-31T04:02:35.444+0000] {processor.py:840} INFO - DAG(s) 'my_dag' retrieved from /opt/airflow/dags/my_dag.py
[2025-10-31T04:02:35.535+0000] {logging_mixin.py:188} INFO - [2025-10-31T04:02:35.533+0000] {dag.py:3036} INFO - Sync 1 DAGs
[2025-10-31T04:02:35.562+0000] {logging_mixin.py:188} INFO - [2025-10-31T04:02:35.561+0000] {dag.py:3823} INFO - Setting next_dagrun for my_dag to None, run_after=None
[2025-10-31T04:02:35.800+0000] {processor.py:183} INFO - Processing /opt/airflow/dags/my_dag.py took 22.750 seconds
[2025-10-31T04:03:08.007+0000] {processor.py:161} INFO - Started process (PID=133) to work on /opt/airflow/dags/my_dag.py
[2025-10-31T04:03:08.026+0000] {processor.py:830} INFO - Processing file /opt/airflow/dags/my_dag.py for tasks to queue
[2025-10-31T04:03:08.078+0000] {logging_mixin.py:188} INFO - [2025-10-31T04:03:08.077+0000] {dagbag.py:538} INFO - Filling up the DagBag from /opt/airflow/dags/my_dag.py
[2025-10-31T04:03:32.764+0000] {processor.py:840} INFO - DAG(s) 'my_dag' retrieved from /opt/airflow/dags/my_dag.py
[2025-10-31T04:03:32.876+0000] {logging_mixin.py:188} INFO - [2025-10-31T04:03:32.872+0000] {dag.py:3036} INFO - Sync 1 DAGs
[2025-10-31T04:03:32.957+0000] {logging_mixin.py:188} INFO - [2025-10-31T04:03:32.956+0000] {dag.py:3823} INFO - Setting next_dagrun for my_dag to None, run_after=None
[2025-10-31T04:03:33.358+0000] {processor.py:183} INFO - Processing /opt/airflow/dags/my_dag.py took 25.440 seconds
[2025-10-31T04:04:09.025+0000] {processor.py:161} INFO - Started process (PID=155) to work on /opt/airflow/dags/my_dag.py
[2025-10-31T04:04:09.069+0000] {processor.py:830} INFO - Processing file /opt/airflow/dags/my_dag.py for tasks to queue
[2025-10-31T04:04:09.084+0000] {logging_mixin.py:188} INFO - [2025-10-31T04:04:09.083+0000] {dagbag.py:538} INFO - Filling up the DagBag from /opt/airflow/dags/my_dag.py
[2025-10-31T04:04:18.624+0000] {processor.py:840} INFO - DAG(s) 'my_dag' retrieved from /opt/airflow/dags/my_dag.py
[2025-10-31T04:04:18.873+0000] {logging_mixin.py:188} INFO - [2025-10-31T04:04:18.858+0000] {dag.py:3036} INFO - Sync 1 DAGs
[2025-10-31T04:04:18.989+0000] {logging_mixin.py:188} INFO - [2025-10-31T04:04:18.988+0000] {dag.py:3823} INFO - Setting next_dagrun for my_dag to None, run_after=None
[2025-10-31T04:04:19.114+0000] {processor.py:183} INFO - Processing /opt/airflow/dags/my_dag.py took 10.138 seconds
[2025-10-31T04:04:53.252+0000] {processor.py:161} INFO - Started process (PID=167) to work on /opt/airflow/dags/my_dag.py
[2025-10-31T04:04:53.373+0000] {processor.py:830} INFO - Processing file /opt/airflow/dags/my_dag.py for tasks to queue
[2025-10-31T04:04:53.675+0000] {logging_mixin.py:188} INFO - [2025-10-31T04:04:53.669+0000] {dagbag.py:538} INFO - Filling up the DagBag from /opt/airflow/dags/my_dag.py
[2025-10-31T04:05:25.941+0000] {logging_mixin.py:188} INFO - [2025-10-31T04:05:25.921+0000] {timeout.py:68} ERROR - Process timed out, PID: 167
[2025-10-31T04:05:30.272+0000] {logging_mixin.py:188} INFO - [2025-10-31T04:05:26.012+0000] {dagbag.py:348} ERROR - Failed to import: /opt/airflow/dags/my_dag.py
Traceback (most recent call last):
  File "/home/airflow/.local/lib/python3.8/site-packages/airflow/models/dagbag.py", line 344, in parse
    loader.exec_module(new_module)
  File "<frozen importlib._bootstrap_external>", line 843, in exec_module
  File "<frozen importlib._bootstrap>", line 219, in _call_with_frames_removed
  File "/opt/airflow/dags/my_dag.py", line 7, in <module>
    import pandas as pd
  File "/home/airflow/.local/lib/python3.8/site-packages/pandas/__init__.py", line 48, in <module>
    from pandas.core.api import (
  File "/home/airflow/.local/lib/python3.8/site-packages/pandas/core/api.py", line 47, in <module>
    from pandas.core.groupby import (
  File "/home/airflow/.local/lib/python3.8/site-packages/pandas/core/groupby/__init__.py", line 1, in <module>
    from pandas.core.groupby.generic import (
  File "/home/airflow/.local/lib/python3.8/site-packages/pandas/core/groupby/generic.py", line 79, in <module>
    from pandas.core.groupby.groupby import (
  File "/home/airflow/.local/lib/python3.8/site-packages/pandas/core/groupby/groupby.py", line 111, in <module>
    from pandas.core.groupby import (
  File "<frozen importlib._bootstrap>", line 991, in _find_and_load
  File "<frozen importlib._bootstrap>", line 975, in _find_and_load_unlocked
  File "<frozen importlib._bootstrap>", line 671, in _load_unlocked
  File "<frozen importlib._bootstrap_external>", line 839, in exec_module
  File "<frozen importlib._bootstrap_external>", line 971, in get_code
  File "<frozen importlib._bootstrap_external>", line 640, in _compile_bytecode
  File "/home/airflow/.local/lib/python3.8/site-packages/airflow/utils/timeout.py", line 69, in handle_timeout
    raise AirflowTaskTimeout(self.error_message)
airflow.exceptions.AirflowTaskTimeout: DagBag import timeout for /opt/airflow/dags/my_dag.py after 30.0s.
Please take a look at these docs to improve your DAG import time:
* https://airflow.apache.org/docs/apache-airflow/2.8.1/best-practices.html#top-level-python-code
* https://airflow.apache.org/docs/apache-airflow/2.8.1/best-practices.html#reducing-dag-complexity, PID: 167
[2025-10-31T04:05:30.312+0000] {processor.py:842} WARNING - No viable dags retrieved from /opt/airflow/dags/my_dag.py
[2025-10-31T04:05:38.308+0000] {processor.py:183} INFO - Processing /opt/airflow/dags/my_dag.py took 44.735 seconds
[2025-10-31T04:06:09.918+0000] {processor.py:161} INFO - Started process (PID=188) to work on /opt/airflow/dags/my_dag.py
[2025-10-31T04:06:09.922+0000] {processor.py:830} INFO - Processing file /opt/airflow/dags/my_dag.py for tasks to queue
[2025-10-31T04:06:09.943+0000] {logging_mixin.py:188} INFO - [2025-10-31T04:06:09.933+0000] {dagbag.py:538} INFO - Filling up the DagBag from /opt/airflow/dags/my_dag.py
[2025-10-31T04:06:16.329+0000] {processor.py:840} INFO - DAG(s) 'my_dag' retrieved from /opt/airflow/dags/my_dag.py
[2025-10-31T04:06:17.637+0000] {logging_mixin.py:188} INFO - [2025-10-31T04:06:17.634+0000] {dag.py:3036} INFO - Sync 1 DAGs
[2025-10-31T04:06:17.690+0000] {logging_mixin.py:188} INFO - [2025-10-31T04:06:17.689+0000] {dag.py:3823} INFO - Setting next_dagrun for my_dag to None, run_after=None
[2025-10-31T04:06:17.822+0000] {processor.py:183} INFO - Processing /opt/airflow/dags/my_dag.py took 6.352 seconds
[2025-10-31T04:06:48.657+0000] {processor.py:161} INFO - Started process (PID=209) to work on /opt/airflow/dags/my_dag.py
[2025-10-31T04:06:48.660+0000] {processor.py:830} INFO - Processing file /opt/airflow/dags/my_dag.py for tasks to queue
[2025-10-31T04:06:48.662+0000] {logging_mixin.py:188} INFO - [2025-10-31T04:06:48.661+0000] {dagbag.py:538} INFO - Filling up the DagBag from /opt/airflow/dags/my_dag.py
[2025-10-31T04:06:51.596+0000] {processor.py:840} INFO - DAG(s) 'my_dag' retrieved from /opt/airflow/dags/my_dag.py
[2025-10-31T04:06:52.417+0000] {logging_mixin.py:188} INFO - [2025-10-31T04:06:52.416+0000] {dag.py:3036} INFO - Sync 1 DAGs
[2025-10-31T04:06:52.779+0000] {logging_mixin.py:188} INFO - [2025-10-31T04:06:52.779+0000] {dag.py:3823} INFO - Setting next_dagrun for my_dag to None, run_after=None
[2025-10-31T04:06:52.955+0000] {processor.py:183} INFO - Processing /opt/airflow/dags/my_dag.py took 4.309 seconds
[2025-10-31T06:05:08.520+0000] {processor.py:161} INFO - Started process (PID=50) to work on /opt/airflow/dags/my_dag.py
[2025-10-31T06:05:08.534+0000] {processor.py:830} INFO - Processing file /opt/airflow/dags/my_dag.py for tasks to queue
[2025-10-31T06:05:08.540+0000] {logging_mixin.py:188} INFO - [2025-10-31T06:05:08.539+0000] {dagbag.py:538} INFO - Filling up the DagBag from /opt/airflow/dags/my_dag.py
[2025-10-31T06:05:16.907+0000] {processor.py:840} INFO - DAG(s) 'my_dag' retrieved from /opt/airflow/dags/my_dag.py
[2025-10-31T06:05:16.956+0000] {logging_mixin.py:188} INFO - [2025-10-31T06:05:16.955+0000] {dag.py:3036} INFO - Sync 1 DAGs
[2025-10-31T06:05:16.973+0000] {logging_mixin.py:188} INFO - [2025-10-31T06:05:16.973+0000] {dag.py:3823} INFO - Setting next_dagrun for my_dag to None, run_after=None
[2025-10-31T06:05:17.022+0000] {processor.py:183} INFO - Processing /opt/airflow/dags/my_dag.py took 6.686 seconds
[2025-10-31T06:05:47.611+0000] {processor.py:161} INFO - Started process (PID=63) to work on /opt/airflow/dags/my_dag.py
[2025-10-31T06:05:47.615+0000] {processor.py:830} INFO - Processing file /opt/airflow/dags/my_dag.py for tasks to queue
[2025-10-31T06:05:47.620+0000] {logging_mixin.py:188} INFO - [2025-10-31T06:05:47.619+0000] {dagbag.py:538} INFO - Filling up the DagBag from /opt/airflow/dags/my_dag.py
[2025-10-31T06:05:50.104+0000] {processor.py:840} INFO - DAG(s) 'my_dag' retrieved from /opt/airflow/dags/my_dag.py
[2025-10-31T06:05:50.191+0000] {logging_mixin.py:188} INFO - [2025-10-31T06:05:50.190+0000] {dag.py:3036} INFO - Sync 1 DAGs
[2025-10-31T06:05:50.229+0000] {logging_mixin.py:188} INFO - [2025-10-31T06:05:50.229+0000] {dag.py:3823} INFO - Setting next_dagrun for my_dag to None, run_after=None
[2025-10-31T06:05:50.266+0000] {processor.py:183} INFO - Processing /opt/airflow/dags/my_dag.py took 2.665 seconds
[2025-10-31T06:06:20.819+0000] {processor.py:161} INFO - Started process (PID=75) to work on /opt/airflow/dags/my_dag.py
[2025-10-31T06:06:20.821+0000] {processor.py:830} INFO - Processing file /opt/airflow/dags/my_dag.py for tasks to queue
[2025-10-31T06:06:20.826+0000] {logging_mixin.py:188} INFO - [2025-10-31T06:06:20.826+0000] {dagbag.py:538} INFO - Filling up the DagBag from /opt/airflow/dags/my_dag.py
[2025-10-31T06:06:21.985+0000] {processor.py:840} INFO - DAG(s) 'my_dag' retrieved from /opt/airflow/dags/my_dag.py
[2025-10-31T06:06:22.121+0000] {logging_mixin.py:188} INFO - [2025-10-31T06:06:22.119+0000] {dag.py:3036} INFO - Sync 1 DAGs
[2025-10-31T06:06:22.158+0000] {logging_mixin.py:188} INFO - [2025-10-31T06:06:22.158+0000] {dag.py:3823} INFO - Setting next_dagrun for my_dag to None, run_after=None
[2025-10-31T06:06:22.222+0000] {processor.py:183} INFO - Processing /opt/airflow/dags/my_dag.py took 1.414 seconds
[2025-10-31T06:06:56.349+0000] {processor.py:161} INFO - Started process (PID=87) to work on /opt/airflow/dags/my_dag.py
[2025-10-31T06:06:56.447+0000] {processor.py:830} INFO - Processing file /opt/airflow/dags/my_dag.py for tasks to queue
[2025-10-31T06:06:56.558+0000] {logging_mixin.py:188} INFO - [2025-10-31T06:06:56.558+0000] {dagbag.py:538} INFO - Filling up the DagBag from /opt/airflow/dags/my_dag.py
[2025-10-31T06:06:59.252+0000] {processor.py:840} INFO - DAG(s) 'my_dag' retrieved from /opt/airflow/dags/my_dag.py
[2025-10-31T06:06:59.502+0000] {logging_mixin.py:188} INFO - [2025-10-31T06:06:59.501+0000] {dag.py:3036} INFO - Sync 1 DAGs
[2025-10-31T06:06:59.629+0000] {logging_mixin.py:188} INFO - [2025-10-31T06:06:59.628+0000] {dag.py:3823} INFO - Setting next_dagrun for my_dag to None, run_after=None
[2025-10-31T06:06:59.781+0000] {processor.py:183} INFO - Processing /opt/airflow/dags/my_dag.py took 3.450 seconds
[2025-10-31T06:07:30.246+0000] {processor.py:161} INFO - Started process (PID=100) to work on /opt/airflow/dags/my_dag.py
[2025-10-31T06:07:30.259+0000] {processor.py:830} INFO - Processing file /opt/airflow/dags/my_dag.py for tasks to queue
[2025-10-31T06:07:30.264+0000] {logging_mixin.py:188} INFO - [2025-10-31T06:07:30.264+0000] {dagbag.py:538} INFO - Filling up the DagBag from /opt/airflow/dags/my_dag.py
[2025-10-31T06:07:33.928+0000] {processor.py:840} INFO - DAG(s) 'my_dag' retrieved from /opt/airflow/dags/my_dag.py
[2025-10-31T06:07:34.121+0000] {logging_mixin.py:188} INFO - [2025-10-31T06:07:34.120+0000] {dag.py:3036} INFO - Sync 1 DAGs
[2025-10-31T06:07:34.192+0000] {logging_mixin.py:188} INFO - [2025-10-31T06:07:34.191+0000] {dag.py:3823} INFO - Setting next_dagrun for my_dag to None, run_after=None
[2025-10-31T06:07:34.455+0000] {processor.py:183} INFO - Processing /opt/airflow/dags/my_dag.py took 4.227 seconds
[2025-10-31T06:08:05.335+0000] {processor.py:161} INFO - Started process (PID=112) to work on /opt/airflow/dags/my_dag.py
[2025-10-31T06:08:05.338+0000] {processor.py:830} INFO - Processing file /opt/airflow/dags/my_dag.py for tasks to queue
[2025-10-31T06:08:05.344+0000] {logging_mixin.py:188} INFO - [2025-10-31T06:08:05.343+0000] {dagbag.py:538} INFO - Filling up the DagBag from /opt/airflow/dags/my_dag.py
[2025-10-31T06:08:07.893+0000] {processor.py:840} INFO - DAG(s) 'my_dag' retrieved from /opt/airflow/dags/my_dag.py
[2025-10-31T06:08:08.012+0000] {logging_mixin.py:188} INFO - [2025-10-31T06:08:08.011+0000] {dag.py:3036} INFO - Sync 1 DAGs
[2025-10-31T06:08:08.064+0000] {logging_mixin.py:188} INFO - [2025-10-31T06:08:08.064+0000] {dag.py:3823} INFO - Setting next_dagrun for my_dag to None, run_after=None
[2025-10-31T06:08:08.171+0000] {processor.py:183} INFO - Processing /opt/airflow/dags/my_dag.py took 2.844 seconds
[2025-10-31T06:11:36.552+0000] {processor.py:161} INFO - Started process (PID=38) to work on /opt/airflow/dags/my_dag.py
[2025-10-31T06:11:36.570+0000] {processor.py:830} INFO - Processing file /opt/airflow/dags/my_dag.py for tasks to queue
[2025-10-31T06:11:36.578+0000] {logging_mixin.py:188} INFO - [2025-10-31T06:11:36.578+0000] {dagbag.py:538} INFO - Filling up the DagBag from /opt/airflow/dags/my_dag.py
[2025-10-31T06:11:42.127+0000] {processor.py:840} INFO - DAG(s) 'my_dag' retrieved from /opt/airflow/dags/my_dag.py
[2025-10-31T06:11:42.792+0000] {logging_mixin.py:188} INFO - [2025-10-31T06:11:42.791+0000] {dag.py:3036} INFO - Sync 1 DAGs
[2025-10-31T06:11:42.826+0000] {logging_mixin.py:188} INFO - [2025-10-31T06:11:42.825+0000] {dag.py:3823} INFO - Setting next_dagrun for my_dag to None, run_after=None
[2025-10-31T06:11:42.883+0000] {processor.py:183} INFO - Processing /opt/airflow/dags/my_dag.py took 3.975 seconds
[2025-10-31T06:12:13.406+0000] {processor.py:161} INFO - Started process (PID=52) to work on /opt/airflow/dags/my_dag.py
[2025-10-31T06:12:13.408+0000] {processor.py:830} INFO - Processing file /opt/airflow/dags/my_dag.py for tasks to queue
[2025-10-31T06:12:13.414+0000] {logging_mixin.py:188} INFO - [2025-10-31T06:12:13.413+0000] {dagbag.py:538} INFO - Filling up the DagBag from /opt/airflow/dags/my_dag.py
[2025-10-31T06:12:15.458+0000] {processor.py:840} INFO - DAG(s) 'my_dag' retrieved from /opt/airflow/dags/my_dag.py
[2025-10-31T06:12:15.580+0000] {logging_mixin.py:188} INFO - [2025-10-31T06:12:15.579+0000] {dag.py:3036} INFO - Sync 1 DAGs
[2025-10-31T06:12:15.666+0000] {logging_mixin.py:188} INFO - [2025-10-31T06:12:15.665+0000] {dag.py:3823} INFO - Setting next_dagrun for my_dag to None, run_after=None
[2025-10-31T06:12:15.892+0000] {processor.py:183} INFO - Processing /opt/airflow/dags/my_dag.py took 2.492 seconds
[2025-10-31T06:12:46.190+0000] {processor.py:161} INFO - Started process (PID=64) to work on /opt/airflow/dags/my_dag.py
[2025-10-31T06:12:46.205+0000] {processor.py:830} INFO - Processing file /opt/airflow/dags/my_dag.py for tasks to queue
[2025-10-31T06:12:46.228+0000] {logging_mixin.py:188} INFO - [2025-10-31T06:12:46.227+0000] {dagbag.py:538} INFO - Filling up the DagBag from /opt/airflow/dags/my_dag.py
[2025-10-31T06:12:48.659+0000] {processor.py:840} INFO - DAG(s) 'my_dag' retrieved from /opt/airflow/dags/my_dag.py
[2025-10-31T06:12:48.805+0000] {logging_mixin.py:188} INFO - [2025-10-31T06:12:48.789+0000] {dag.py:3036} INFO - Sync 1 DAGs
[2025-10-31T06:12:48.869+0000] {logging_mixin.py:188} INFO - [2025-10-31T06:12:48.869+0000] {dag.py:3823} INFO - Setting next_dagrun for my_dag to None, run_after=None
[2025-10-31T06:12:48.975+0000] {processor.py:183} INFO - Processing /opt/airflow/dags/my_dag.py took 2.803 seconds
[2025-10-31T06:13:19.078+0000] {processor.py:161} INFO - Started process (PID=75) to work on /opt/airflow/dags/my_dag.py
[2025-10-31T06:13:19.080+0000] {processor.py:830} INFO - Processing file /opt/airflow/dags/my_dag.py for tasks to queue
[2025-10-31T06:13:19.084+0000] {logging_mixin.py:188} INFO - [2025-10-31T06:13:19.084+0000] {dagbag.py:538} INFO - Filling up the DagBag from /opt/airflow/dags/my_dag.py
[2025-10-31T06:13:20.066+0000] {processor.py:840} INFO - DAG(s) 'my_dag' retrieved from /opt/airflow/dags/my_dag.py
[2025-10-31T06:13:20.098+0000] {logging_mixin.py:188} INFO - [2025-10-31T06:13:20.097+0000] {dag.py:3036} INFO - Sync 1 DAGs
[2025-10-31T06:13:20.112+0000] {logging_mixin.py:188} INFO - [2025-10-31T06:13:20.112+0000] {dag.py:3823} INFO - Setting next_dagrun for my_dag to None, run_after=None
[2025-10-31T06:13:20.196+0000] {processor.py:183} INFO - Processing /opt/airflow/dags/my_dag.py took 1.124 seconds
[2025-10-31T06:13:50.518+0000] {processor.py:161} INFO - Started process (PID=87) to work on /opt/airflow/dags/my_dag.py
[2025-10-31T06:13:50.521+0000] {processor.py:830} INFO - Processing file /opt/airflow/dags/my_dag.py for tasks to queue
[2025-10-31T06:13:50.526+0000] {logging_mixin.py:188} INFO - [2025-10-31T06:13:50.526+0000] {dagbag.py:538} INFO - Filling up the DagBag from /opt/airflow/dags/my_dag.py
[2025-10-31T06:13:51.711+0000] {processor.py:840} INFO - DAG(s) 'my_dag' retrieved from /opt/airflow/dags/my_dag.py
[2025-10-31T06:13:51.765+0000] {logging_mixin.py:188} INFO - [2025-10-31T06:13:51.764+0000] {dag.py:3036} INFO - Sync 1 DAGs
[2025-10-31T06:13:51.797+0000] {logging_mixin.py:188} INFO - [2025-10-31T06:13:51.796+0000] {dag.py:3823} INFO - Setting next_dagrun for my_dag to None, run_after=None
[2025-10-31T06:13:51.909+0000] {processor.py:183} INFO - Processing /opt/airflow/dags/my_dag.py took 1.402 seconds
[2025-10-31T06:14:22.672+0000] {processor.py:161} INFO - Started process (PID=99) to work on /opt/airflow/dags/my_dag.py
[2025-10-31T06:14:22.674+0000] {processor.py:830} INFO - Processing file /opt/airflow/dags/my_dag.py for tasks to queue
[2025-10-31T06:14:22.679+0000] {logging_mixin.py:188} INFO - [2025-10-31T06:14:22.678+0000] {dagbag.py:538} INFO - Filling up the DagBag from /opt/airflow/dags/my_dag.py
[2025-10-31T06:14:25.394+0000] {processor.py:840} INFO - DAG(s) 'my_dag' retrieved from /opt/airflow/dags/my_dag.py
[2025-10-31T06:14:25.663+0000] {logging_mixin.py:188} INFO - [2025-10-31T06:14:25.662+0000] {dag.py:3036} INFO - Sync 1 DAGs
[2025-10-31T06:14:25.686+0000] {logging_mixin.py:188} INFO - [2025-10-31T06:14:25.685+0000] {dag.py:3823} INFO - Setting next_dagrun for my_dag to None, run_after=None
[2025-10-31T06:14:25.735+0000] {processor.py:183} INFO - Processing /opt/airflow/dags/my_dag.py took 3.071 seconds
[2025-10-31T06:14:57.649+0000] {processor.py:161} INFO - Started process (PID=111) to work on /opt/airflow/dags/my_dag.py
[2025-10-31T06:14:57.655+0000] {processor.py:830} INFO - Processing file /opt/airflow/dags/my_dag.py for tasks to queue
[2025-10-31T06:14:57.663+0000] {logging_mixin.py:188} INFO - [2025-10-31T06:14:57.661+0000] {dagbag.py:538} INFO - Filling up the DagBag from /opt/airflow/dags/my_dag.py
[2025-10-31T06:15:06.661+0000] {processor.py:840} INFO - DAG(s) 'my_dag' retrieved from /opt/airflow/dags/my_dag.py
[2025-10-31T06:15:07.024+0000] {logging_mixin.py:188} INFO - [2025-10-31T06:15:07.023+0000] {dag.py:3036} INFO - Sync 1 DAGs
[2025-10-31T06:15:07.057+0000] {logging_mixin.py:188} INFO - [2025-10-31T06:15:07.056+0000] {dag.py:3823} INFO - Setting next_dagrun for my_dag to None, run_after=None
[2025-10-31T06:15:07.227+0000] {processor.py:183} INFO - Processing /opt/airflow/dags/my_dag.py took 9.597 seconds
[2025-10-31T06:15:41.433+0000] {processor.py:161} INFO - Started process (PID=123) to work on /opt/airflow/dags/my_dag.py
[2025-10-31T06:15:41.452+0000] {processor.py:830} INFO - Processing file /opt/airflow/dags/my_dag.py for tasks to queue
[2025-10-31T06:15:41.590+0000] {logging_mixin.py:188} INFO - [2025-10-31T06:15:41.589+0000] {dagbag.py:538} INFO - Filling up the DagBag from /opt/airflow/dags/my_dag.py
[2025-10-31T06:15:49.713+0000] {processor.py:840} INFO - DAG(s) 'my_dag' retrieved from /opt/airflow/dags/my_dag.py
[2025-10-31T06:15:50.021+0000] {logging_mixin.py:188} INFO - [2025-10-31T06:15:50.020+0000] {dag.py:3036} INFO - Sync 1 DAGs
[2025-10-31T06:15:50.186+0000] {logging_mixin.py:188} INFO - [2025-10-31T06:15:50.185+0000] {dag.py:3823} INFO - Setting next_dagrun for my_dag to None, run_after=None
[2025-10-31T06:15:50.353+0000] {processor.py:183} INFO - Processing /opt/airflow/dags/my_dag.py took 9.296 seconds
[2025-10-31T06:16:21.533+0000] {processor.py:161} INFO - Started process (PID=144) to work on /opt/airflow/dags/my_dag.py
[2025-10-31T06:16:21.561+0000] {processor.py:830} INFO - Processing file /opt/airflow/dags/my_dag.py for tasks to queue
[2025-10-31T06:16:21.572+0000] {logging_mixin.py:188} INFO - [2025-10-31T06:16:21.571+0000] {dagbag.py:538} INFO - Filling up the DagBag from /opt/airflow/dags/my_dag.py
[2025-10-31T06:16:23.961+0000] {processor.py:840} INFO - DAG(s) 'my_dag' retrieved from /opt/airflow/dags/my_dag.py
[2025-10-31T06:16:24.044+0000] {logging_mixin.py:188} INFO - [2025-10-31T06:16:24.041+0000] {dag.py:3036} INFO - Sync 1 DAGs
[2025-10-31T06:16:24.089+0000] {logging_mixin.py:188} INFO - [2025-10-31T06:16:24.087+0000] {dag.py:3823} INFO - Setting next_dagrun for my_dag to None, run_after=None
[2025-10-31T06:16:24.140+0000] {processor.py:183} INFO - Processing /opt/airflow/dags/my_dag.py took 2.635 seconds
[2025-10-31T06:16:57.040+0000] {processor.py:161} INFO - Started process (PID=156) to work on /opt/airflow/dags/my_dag.py
[2025-10-31T06:16:57.062+0000] {processor.py:830} INFO - Processing file /opt/airflow/dags/my_dag.py for tasks to queue
[2025-10-31T06:16:57.121+0000] {logging_mixin.py:188} INFO - [2025-10-31T06:16:57.120+0000] {dagbag.py:538} INFO - Filling up the DagBag from /opt/airflow/dags/my_dag.py
[2025-10-31T06:17:03.135+0000] {processor.py:840} INFO - DAG(s) 'my_dag' retrieved from /opt/airflow/dags/my_dag.py
[2025-10-31T06:17:03.226+0000] {logging_mixin.py:188} INFO - [2025-10-31T06:17:03.216+0000] {dag.py:3036} INFO - Sync 1 DAGs
[2025-10-31T06:17:03.337+0000] {logging_mixin.py:188} INFO - [2025-10-31T06:17:03.336+0000] {dag.py:3823} INFO - Setting next_dagrun for my_dag to None, run_after=None
[2025-10-31T06:17:03.457+0000] {processor.py:183} INFO - Processing /opt/airflow/dags/my_dag.py took 4.730 seconds
[2025-10-31T06:17:36.464+0000] {processor.py:161} INFO - Started process (PID=170) to work on /opt/airflow/dags/my_dag.py
[2025-10-31T06:17:36.476+0000] {processor.py:830} INFO - Processing file /opt/airflow/dags/my_dag.py for tasks to queue
[2025-10-31T06:17:36.630+0000] {logging_mixin.py:188} INFO - [2025-10-31T06:17:36.614+0000] {dagbag.py:538} INFO - Filling up the DagBag from /opt/airflow/dags/my_dag.py
[2025-10-31T06:17:44.930+0000] {processor.py:840} INFO - DAG(s) 'my_dag' retrieved from /opt/airflow/dags/my_dag.py
[2025-10-31T06:17:45.011+0000] {logging_mixin.py:188} INFO - [2025-10-31T06:17:45.010+0000] {dag.py:3036} INFO - Sync 1 DAGs
[2025-10-31T06:17:45.026+0000] {logging_mixin.py:188} INFO - [2025-10-31T06:17:45.025+0000] {dag.py:3823} INFO - Setting next_dagrun for my_dag to None, run_after=None
[2025-10-31T06:17:45.123+0000] {processor.py:183} INFO - Processing /opt/airflow/dags/my_dag.py took 8.864 seconds
[2025-10-31T06:18:15.242+0000] {processor.py:161} INFO - Started process (PID=183) to work on /opt/airflow/dags/my_dag.py
[2025-10-31T06:18:15.244+0000] {processor.py:830} INFO - Processing file /opt/airflow/dags/my_dag.py for tasks to queue
[2025-10-31T06:18:15.249+0000] {logging_mixin.py:188} INFO - [2025-10-31T06:18:15.248+0000] {dagbag.py:538} INFO - Filling up the DagBag from /opt/airflow/dags/my_dag.py
[2025-10-31T06:18:17.070+0000] {processor.py:840} INFO - DAG(s) 'my_dag' retrieved from /opt/airflow/dags/my_dag.py
[2025-10-31T06:18:17.128+0000] {logging_mixin.py:188} INFO - [2025-10-31T06:18:17.125+0000] {dag.py:3036} INFO - Sync 1 DAGs
[2025-10-31T06:18:17.184+0000] {logging_mixin.py:188} INFO - [2025-10-31T06:18:17.183+0000] {dag.py:3823} INFO - Setting next_dagrun for my_dag to None, run_after=None
[2025-10-31T06:18:17.539+0000] {processor.py:183} INFO - Processing /opt/airflow/dags/my_dag.py took 2.305 seconds
[2025-10-31T06:18:47.842+0000] {processor.py:161} INFO - Started process (PID=195) to work on /opt/airflow/dags/my_dag.py
[2025-10-31T06:18:47.843+0000] {processor.py:830} INFO - Processing file /opt/airflow/dags/my_dag.py for tasks to queue
[2025-10-31T06:18:47.847+0000] {logging_mixin.py:188} INFO - [2025-10-31T06:18:47.846+0000] {dagbag.py:538} INFO - Filling up the DagBag from /opt/airflow/dags/my_dag.py
[2025-10-31T06:18:48.722+0000] {processor.py:840} INFO - DAG(s) 'my_dag' retrieved from /opt/airflow/dags/my_dag.py
[2025-10-31T06:18:48.752+0000] {logging_mixin.py:188} INFO - [2025-10-31T06:18:48.752+0000] {dag.py:3036} INFO - Sync 1 DAGs
[2025-10-31T06:18:48.774+0000] {logging_mixin.py:188} INFO - [2025-10-31T06:18:48.774+0000] {dag.py:3823} INFO - Setting next_dagrun for my_dag to None, run_after=None
[2025-10-31T06:18:48.921+0000] {processor.py:183} INFO - Processing /opt/airflow/dags/my_dag.py took 1.086 seconds
[2025-10-31T06:19:19.378+0000] {processor.py:161} INFO - Started process (PID=207) to work on /opt/airflow/dags/my_dag.py
[2025-10-31T06:19:19.380+0000] {processor.py:830} INFO - Processing file /opt/airflow/dags/my_dag.py for tasks to queue
[2025-10-31T06:19:19.384+0000] {logging_mixin.py:188} INFO - [2025-10-31T06:19:19.383+0000] {dagbag.py:538} INFO - Filling up the DagBag from /opt/airflow/dags/my_dag.py
[2025-10-31T06:19:20.507+0000] {processor.py:840} INFO - DAG(s) 'my_dag' retrieved from /opt/airflow/dags/my_dag.py
[2025-10-31T06:19:20.681+0000] {logging_mixin.py:188} INFO - [2025-10-31T06:19:20.667+0000] {dag.py:3036} INFO - Sync 1 DAGs
[2025-10-31T06:19:20.715+0000] {logging_mixin.py:188} INFO - [2025-10-31T06:19:20.715+0000] {dag.py:3823} INFO - Setting next_dagrun for my_dag to None, run_after=None
[2025-10-31T06:19:20.801+0000] {processor.py:183} INFO - Processing /opt/airflow/dags/my_dag.py took 1.430 seconds
[2025-10-31T06:19:51.367+0000] {processor.py:161} INFO - Started process (PID=219) to work on /opt/airflow/dags/my_dag.py
[2025-10-31T06:19:51.380+0000] {processor.py:830} INFO - Processing file /opt/airflow/dags/my_dag.py for tasks to queue
[2025-10-31T06:19:51.385+0000] {logging_mixin.py:188} INFO - [2025-10-31T06:19:51.384+0000] {dagbag.py:538} INFO - Filling up the DagBag from /opt/airflow/dags/my_dag.py
[2025-10-31T06:19:53.919+0000] {processor.py:840} INFO - DAG(s) 'my_dag' retrieved from /opt/airflow/dags/my_dag.py
[2025-10-31T06:19:53.976+0000] {logging_mixin.py:188} INFO - [2025-10-31T06:19:53.974+0000] {dag.py:3036} INFO - Sync 1 DAGs
[2025-10-31T06:19:54.025+0000] {logging_mixin.py:188} INFO - [2025-10-31T06:19:54.025+0000] {dag.py:3823} INFO - Setting next_dagrun for my_dag to None, run_after=None
[2025-10-31T06:19:54.158+0000] {processor.py:183} INFO - Processing /opt/airflow/dags/my_dag.py took 2.803 seconds
[2025-10-31T06:20:24.972+0000] {processor.py:161} INFO - Started process (PID=232) to work on /opt/airflow/dags/my_dag.py
[2025-10-31T06:20:25.050+0000] {processor.py:830} INFO - Processing file /opt/airflow/dags/my_dag.py for tasks to queue
[2025-10-31T06:20:25.155+0000] {logging_mixin.py:188} INFO - [2025-10-31T06:20:25.136+0000] {dagbag.py:538} INFO - Filling up the DagBag from /opt/airflow/dags/my_dag.py
[2025-10-31T06:20:29.588+0000] {processor.py:840} INFO - DAG(s) 'my_dag' retrieved from /opt/airflow/dags/my_dag.py
[2025-10-31T06:20:29.906+0000] {logging_mixin.py:188} INFO - [2025-10-31T06:20:29.905+0000] {dag.py:3036} INFO - Sync 1 DAGs
[2025-10-31T06:20:30.127+0000] {logging_mixin.py:188} INFO - [2025-10-31T06:20:30.127+0000] {dag.py:3823} INFO - Setting next_dagrun for my_dag to None, run_after=None
[2025-10-31T06:20:30.352+0000] {processor.py:183} INFO - Processing /opt/airflow/dags/my_dag.py took 5.652 seconds
[2025-10-31T06:21:00.803+0000] {processor.py:161} INFO - Started process (PID=244) to work on /opt/airflow/dags/my_dag.py
[2025-10-31T06:21:00.805+0000] {processor.py:830} INFO - Processing file /opt/airflow/dags/my_dag.py for tasks to queue
[2025-10-31T06:21:00.811+0000] {logging_mixin.py:188} INFO - [2025-10-31T06:21:00.810+0000] {dagbag.py:538} INFO - Filling up the DagBag from /opt/airflow/dags/my_dag.py
[2025-10-31T06:21:03.914+0000] {processor.py:840} INFO - DAG(s) 'my_dag' retrieved from /opt/airflow/dags/my_dag.py
[2025-10-31T06:21:03.957+0000] {logging_mixin.py:188} INFO - [2025-10-31T06:21:03.957+0000] {dag.py:3036} INFO - Sync 1 DAGs
[2025-10-31T06:21:03.976+0000] {logging_mixin.py:188} INFO - [2025-10-31T06:21:03.975+0000] {dag.py:3823} INFO - Setting next_dagrun for my_dag to None, run_after=None
[2025-10-31T06:21:04.090+0000] {processor.py:183} INFO - Processing /opt/airflow/dags/my_dag.py took 3.294 seconds
[2025-10-31T06:21:35.116+0000] {processor.py:161} INFO - Started process (PID=257) to work on /opt/airflow/dags/my_dag.py
[2025-10-31T06:21:35.121+0000] {processor.py:830} INFO - Processing file /opt/airflow/dags/my_dag.py for tasks to queue
[2025-10-31T06:21:35.125+0000] {logging_mixin.py:188} INFO - [2025-10-31T06:21:35.124+0000] {dagbag.py:538} INFO - Filling up the DagBag from /opt/airflow/dags/my_dag.py
[2025-10-31T06:21:35.932+0000] {processor.py:840} INFO - DAG(s) 'my_dag' retrieved from /opt/airflow/dags/my_dag.py
[2025-10-31T06:21:35.965+0000] {logging_mixin.py:188} INFO - [2025-10-31T06:21:35.964+0000] {dag.py:3036} INFO - Sync 1 DAGs
[2025-10-31T06:21:35.980+0000] {logging_mixin.py:188} INFO - [2025-10-31T06:21:35.980+0000] {dag.py:3823} INFO - Setting next_dagrun for my_dag to None, run_after=None
[2025-10-31T06:21:36.102+0000] {processor.py:183} INFO - Processing /opt/airflow/dags/my_dag.py took 0.995 seconds
[2025-10-31T06:22:06.497+0000] {processor.py:161} INFO - Started process (PID=269) to work on /opt/airflow/dags/my_dag.py
[2025-10-31T06:22:06.501+0000] {processor.py:830} INFO - Processing file /opt/airflow/dags/my_dag.py for tasks to queue
[2025-10-31T06:22:06.506+0000] {logging_mixin.py:188} INFO - [2025-10-31T06:22:06.505+0000] {dagbag.py:538} INFO - Filling up the DagBag from /opt/airflow/dags/my_dag.py
[2025-10-31T06:22:07.397+0000] {processor.py:840} INFO - DAG(s) 'my_dag' retrieved from /opt/airflow/dags/my_dag.py
[2025-10-31T06:22:07.430+0000] {logging_mixin.py:188} INFO - [2025-10-31T06:22:07.429+0000] {dag.py:3036} INFO - Sync 1 DAGs
[2025-10-31T06:22:07.462+0000] {logging_mixin.py:188} INFO - [2025-10-31T06:22:07.461+0000] {dag.py:3823} INFO - Setting next_dagrun for my_dag to None, run_after=None
[2025-10-31T06:22:07.580+0000] {processor.py:183} INFO - Processing /opt/airflow/dags/my_dag.py took 1.092 seconds
[2025-10-31T06:22:37.779+0000] {processor.py:161} INFO - Started process (PID=282) to work on /opt/airflow/dags/my_dag.py
[2025-10-31T06:22:37.783+0000] {processor.py:830} INFO - Processing file /opt/airflow/dags/my_dag.py for tasks to queue
[2025-10-31T06:22:37.787+0000] {logging_mixin.py:188} INFO - [2025-10-31T06:22:37.786+0000] {dagbag.py:538} INFO - Filling up the DagBag from /opt/airflow/dags/my_dag.py
[2025-10-31T06:22:38.757+0000] {processor.py:840} INFO - DAG(s) 'my_dag' retrieved from /opt/airflow/dags/my_dag.py
[2025-10-31T06:22:38.810+0000] {logging_mixin.py:188} INFO - [2025-10-31T06:22:38.808+0000] {dag.py:3036} INFO - Sync 1 DAGs
[2025-10-31T06:22:38.831+0000] {logging_mixin.py:188} INFO - [2025-10-31T06:22:38.829+0000] {dag.py:3823} INFO - Setting next_dagrun for my_dag to None, run_after=None
[2025-10-31T06:22:38.895+0000] {processor.py:183} INFO - Processing /opt/airflow/dags/my_dag.py took 1.125 seconds
[2025-10-31T06:23:09.186+0000] {processor.py:161} INFO - Started process (PID=294) to work on /opt/airflow/dags/my_dag.py
[2025-10-31T06:23:09.188+0000] {processor.py:830} INFO - Processing file /opt/airflow/dags/my_dag.py for tasks to queue
[2025-10-31T06:23:09.191+0000] {logging_mixin.py:188} INFO - [2025-10-31T06:23:09.191+0000] {dagbag.py:538} INFO - Filling up the DagBag from /opt/airflow/dags/my_dag.py
[2025-10-31T06:23:10.087+0000] {processor.py:840} INFO - DAG(s) 'my_dag' retrieved from /opt/airflow/dags/my_dag.py
[2025-10-31T06:23:10.135+0000] {logging_mixin.py:188} INFO - [2025-10-31T06:23:10.134+0000] {dag.py:3036} INFO - Sync 1 DAGs
[2025-10-31T06:23:10.188+0000] {logging_mixin.py:188} INFO - [2025-10-31T06:23:10.183+0000] {dag.py:3823} INFO - Setting next_dagrun for my_dag to None, run_after=None
[2025-10-31T06:23:10.285+0000] {processor.py:183} INFO - Processing /opt/airflow/dags/my_dag.py took 1.105 seconds
[2025-10-31T06:23:40.474+0000] {processor.py:161} INFO - Started process (PID=306) to work on /opt/airflow/dags/my_dag.py
[2025-10-31T06:23:40.483+0000] {processor.py:830} INFO - Processing file /opt/airflow/dags/my_dag.py for tasks to queue
[2025-10-31T06:23:40.490+0000] {logging_mixin.py:188} INFO - [2025-10-31T06:23:40.489+0000] {dagbag.py:538} INFO - Filling up the DagBag from /opt/airflow/dags/my_dag.py
[2025-10-31T06:23:41.272+0000] {processor.py:840} INFO - DAG(s) 'my_dag' retrieved from /opt/airflow/dags/my_dag.py
[2025-10-31T06:23:41.305+0000] {logging_mixin.py:188} INFO - [2025-10-31T06:23:41.304+0000] {dag.py:3036} INFO - Sync 1 DAGs
[2025-10-31T06:23:41.321+0000] {logging_mixin.py:188} INFO - [2025-10-31T06:23:41.321+0000] {dag.py:3823} INFO - Setting next_dagrun for my_dag to None, run_after=None
[2025-10-31T06:23:41.357+0000] {processor.py:183} INFO - Processing /opt/airflow/dags/my_dag.py took 0.893 seconds
[2025-10-31T06:24:11.561+0000] {processor.py:161} INFO - Started process (PID=318) to work on /opt/airflow/dags/my_dag.py
[2025-10-31T06:24:11.563+0000] {processor.py:830} INFO - Processing file /opt/airflow/dags/my_dag.py for tasks to queue
[2025-10-31T06:24:11.568+0000] {logging_mixin.py:188} INFO - [2025-10-31T06:24:11.567+0000] {dagbag.py:538} INFO - Filling up the DagBag from /opt/airflow/dags/my_dag.py
[2025-10-31T06:24:12.517+0000] {processor.py:840} INFO - DAG(s) 'my_dag' retrieved from /opt/airflow/dags/my_dag.py
[2025-10-31T06:24:12.603+0000] {logging_mixin.py:188} INFO - [2025-10-31T06:24:12.602+0000] {dag.py:3036} INFO - Sync 1 DAGs
[2025-10-31T06:24:12.648+0000] {logging_mixin.py:188} INFO - [2025-10-31T06:24:12.647+0000] {dag.py:3823} INFO - Setting next_dagrun for my_dag to None, run_after=None
[2025-10-31T06:24:12.732+0000] {processor.py:183} INFO - Processing /opt/airflow/dags/my_dag.py took 1.178 seconds
[2025-10-31T06:24:43.305+0000] {processor.py:161} INFO - Started process (PID=330) to work on /opt/airflow/dags/my_dag.py
[2025-10-31T06:24:43.307+0000] {processor.py:830} INFO - Processing file /opt/airflow/dags/my_dag.py for tasks to queue
[2025-10-31T06:24:43.311+0000] {logging_mixin.py:188} INFO - [2025-10-31T06:24:43.311+0000] {dagbag.py:538} INFO - Filling up the DagBag from /opt/airflow/dags/my_dag.py
[2025-10-31T06:24:44.374+0000] {processor.py:840} INFO - DAG(s) 'my_dag' retrieved from /opt/airflow/dags/my_dag.py
[2025-10-31T06:24:44.410+0000] {logging_mixin.py:188} INFO - [2025-10-31T06:24:44.409+0000] {dag.py:3036} INFO - Sync 1 DAGs
[2025-10-31T06:24:44.424+0000] {logging_mixin.py:188} INFO - [2025-10-31T06:24:44.424+0000] {dag.py:3823} INFO - Setting next_dagrun for my_dag to None, run_after=None
[2025-10-31T06:24:44.510+0000] {processor.py:183} INFO - Processing /opt/airflow/dags/my_dag.py took 1.213 seconds
[2025-10-31T06:25:14.892+0000] {processor.py:161} INFO - Started process (PID=342) to work on /opt/airflow/dags/my_dag.py
[2025-10-31T06:25:14.894+0000] {processor.py:830} INFO - Processing file /opt/airflow/dags/my_dag.py for tasks to queue
[2025-10-31T06:25:14.905+0000] {logging_mixin.py:188} INFO - [2025-10-31T06:25:14.902+0000] {dagbag.py:538} INFO - Filling up the DagBag from /opt/airflow/dags/my_dag.py
[2025-10-31T06:25:16.585+0000] {processor.py:840} INFO - DAG(s) 'my_dag' retrieved from /opt/airflow/dags/my_dag.py
[2025-10-31T06:25:16.633+0000] {logging_mixin.py:188} INFO - [2025-10-31T06:25:16.632+0000] {dag.py:3036} INFO - Sync 1 DAGs
[2025-10-31T06:25:16.649+0000] {logging_mixin.py:188} INFO - [2025-10-31T06:25:16.648+0000] {dag.py:3823} INFO - Setting next_dagrun for my_dag to None, run_after=None
[2025-10-31T06:25:16.699+0000] {processor.py:183} INFO - Processing /opt/airflow/dags/my_dag.py took 1.822 seconds
[2025-10-31T06:25:46.984+0000] {processor.py:161} INFO - Started process (PID=355) to work on /opt/airflow/dags/my_dag.py
[2025-10-31T06:25:46.990+0000] {processor.py:830} INFO - Processing file /opt/airflow/dags/my_dag.py for tasks to queue
[2025-10-31T06:25:46.998+0000] {logging_mixin.py:188} INFO - [2025-10-31T06:25:46.997+0000] {dagbag.py:538} INFO - Filling up the DagBag from /opt/airflow/dags/my_dag.py
[2025-10-31T06:25:47.935+0000] {processor.py:840} INFO - DAG(s) 'my_dag' retrieved from /opt/airflow/dags/my_dag.py
[2025-10-31T06:25:47.975+0000] {logging_mixin.py:188} INFO - [2025-10-31T06:25:47.973+0000] {dag.py:3036} INFO - Sync 1 DAGs
[2025-10-31T06:25:47.998+0000] {logging_mixin.py:188} INFO - [2025-10-31T06:25:47.998+0000] {dag.py:3823} INFO - Setting next_dagrun for my_dag to None, run_after=None
[2025-10-31T06:25:48.149+0000] {processor.py:183} INFO - Processing /opt/airflow/dags/my_dag.py took 1.175 seconds
[2025-10-31T06:26:18.698+0000] {processor.py:161} INFO - Started process (PID=368) to work on /opt/airflow/dags/my_dag.py
[2025-10-31T06:26:18.701+0000] {processor.py:830} INFO - Processing file /opt/airflow/dags/my_dag.py for tasks to queue
[2025-10-31T06:26:18.705+0000] {logging_mixin.py:188} INFO - [2025-10-31T06:26:18.704+0000] {dagbag.py:538} INFO - Filling up the DagBag from /opt/airflow/dags/my_dag.py
[2025-10-31T06:26:19.928+0000] {processor.py:840} INFO - DAG(s) 'my_dag' retrieved from /opt/airflow/dags/my_dag.py
[2025-10-31T06:26:19.993+0000] {logging_mixin.py:188} INFO - [2025-10-31T06:26:19.991+0000] {dag.py:3036} INFO - Sync 1 DAGs
[2025-10-31T06:26:20.015+0000] {logging_mixin.py:188} INFO - [2025-10-31T06:26:20.015+0000] {dag.py:3823} INFO - Setting next_dagrun for my_dag to None, run_after=None
[2025-10-31T06:26:20.164+0000] {processor.py:183} INFO - Processing /opt/airflow/dags/my_dag.py took 1.473 seconds
[2025-10-31T06:26:50.502+0000] {processor.py:161} INFO - Started process (PID=380) to work on /opt/airflow/dags/my_dag.py
[2025-10-31T06:26:50.511+0000] {processor.py:830} INFO - Processing file /opt/airflow/dags/my_dag.py for tasks to queue
[2025-10-31T06:26:50.516+0000] {logging_mixin.py:188} INFO - [2025-10-31T06:26:50.515+0000] {dagbag.py:538} INFO - Filling up the DagBag from /opt/airflow/dags/my_dag.py
[2025-10-31T06:26:51.700+0000] {processor.py:840} INFO - DAG(s) 'my_dag' retrieved from /opt/airflow/dags/my_dag.py
[2025-10-31T06:26:51.751+0000] {logging_mixin.py:188} INFO - [2025-10-31T06:26:51.750+0000] {dag.py:3036} INFO - Sync 1 DAGs
[2025-10-31T06:26:51.769+0000] {logging_mixin.py:188} INFO - [2025-10-31T06:26:51.768+0000] {dag.py:3823} INFO - Setting next_dagrun for my_dag to None, run_after=None
[2025-10-31T06:26:51.804+0000] {processor.py:183} INFO - Processing /opt/airflow/dags/my_dag.py took 1.320 seconds
[2025-10-31T06:27:22.479+0000] {processor.py:161} INFO - Started process (PID=391) to work on /opt/airflow/dags/my_dag.py
[2025-10-31T06:27:22.481+0000] {processor.py:830} INFO - Processing file /opt/airflow/dags/my_dag.py for tasks to queue
[2025-10-31T06:27:22.486+0000] {logging_mixin.py:188} INFO - [2025-10-31T06:27:22.486+0000] {dagbag.py:538} INFO - Filling up the DagBag from /opt/airflow/dags/my_dag.py
[2025-10-31T06:27:23.832+0000] {processor.py:840} INFO - DAG(s) 'my_dag' retrieved from /opt/airflow/dags/my_dag.py
[2025-10-31T06:27:23.870+0000] {logging_mixin.py:188} INFO - [2025-10-31T06:27:23.869+0000] {dag.py:3036} INFO - Sync 1 DAGs
[2025-10-31T06:27:23.886+0000] {logging_mixin.py:188} INFO - [2025-10-31T06:27:23.885+0000] {dag.py:3823} INFO - Setting next_dagrun for my_dag to None, run_after=None
[2025-10-31T06:27:24.205+0000] {processor.py:183} INFO - Processing /opt/airflow/dags/my_dag.py took 1.737 seconds
[2025-10-31T06:27:57.351+0000] {processor.py:161} INFO - Started process (PID=403) to work on /opt/airflow/dags/my_dag.py
[2025-10-31T06:27:57.358+0000] {processor.py:830} INFO - Processing file /opt/airflow/dags/my_dag.py for tasks to queue
[2025-10-31T06:27:57.379+0000] {logging_mixin.py:188} INFO - [2025-10-31T06:27:57.373+0000] {dagbag.py:538} INFO - Filling up the DagBag from /opt/airflow/dags/my_dag.py
[2025-10-31T06:27:59.042+0000] {processor.py:840} INFO - DAG(s) 'my_dag' retrieved from /opt/airflow/dags/my_dag.py
[2025-10-31T06:27:59.134+0000] {logging_mixin.py:188} INFO - [2025-10-31T06:27:59.133+0000] {dag.py:3036} INFO - Sync 1 DAGs
[2025-10-31T06:27:59.172+0000] {logging_mixin.py:188} INFO - [2025-10-31T06:27:59.171+0000] {dag.py:3823} INFO - Setting next_dagrun for my_dag to None, run_after=None
[2025-10-31T06:27:59.227+0000] {processor.py:183} INFO - Processing /opt/airflow/dags/my_dag.py took 1.899 seconds
[2025-10-31T06:28:29.582+0000] {processor.py:161} INFO - Started process (PID=416) to work on /opt/airflow/dags/my_dag.py
[2025-10-31T06:28:29.584+0000] {processor.py:830} INFO - Processing file /opt/airflow/dags/my_dag.py for tasks to queue
[2025-10-31T06:28:29.588+0000] {logging_mixin.py:188} INFO - [2025-10-31T06:28:29.587+0000] {dagbag.py:538} INFO - Filling up the DagBag from /opt/airflow/dags/my_dag.py
[2025-10-31T06:28:30.664+0000] {processor.py:840} INFO - DAG(s) 'my_dag' retrieved from /opt/airflow/dags/my_dag.py
[2025-10-31T06:28:30.774+0000] {logging_mixin.py:188} INFO - [2025-10-31T06:28:30.773+0000] {dag.py:3036} INFO - Sync 1 DAGs
[2025-10-31T06:28:30.834+0000] {logging_mixin.py:188} INFO - [2025-10-31T06:28:30.833+0000] {dag.py:3823} INFO - Setting next_dagrun for my_dag to None, run_after=None
[2025-10-31T06:28:30.936+0000] {processor.py:183} INFO - Processing /opt/airflow/dags/my_dag.py took 1.362 seconds
[2025-10-31T06:29:01.411+0000] {processor.py:161} INFO - Started process (PID=428) to work on /opt/airflow/dags/my_dag.py
[2025-10-31T06:29:01.413+0000] {processor.py:830} INFO - Processing file /opt/airflow/dags/my_dag.py for tasks to queue
[2025-10-31T06:29:01.417+0000] {logging_mixin.py:188} INFO - [2025-10-31T06:29:01.417+0000] {dagbag.py:538} INFO - Filling up the DagBag from /opt/airflow/dags/my_dag.py
[2025-10-31T06:29:02.454+0000] {processor.py:840} INFO - DAG(s) 'my_dag' retrieved from /opt/airflow/dags/my_dag.py
[2025-10-31T06:29:02.539+0000] {logging_mixin.py:188} INFO - [2025-10-31T06:29:02.530+0000] {dag.py:3036} INFO - Sync 1 DAGs
[2025-10-31T06:29:02.570+0000] {logging_mixin.py:188} INFO - [2025-10-31T06:29:02.570+0000] {dag.py:3823} INFO - Setting next_dagrun for my_dag to None, run_after=None
[2025-10-31T06:29:02.610+0000] {processor.py:183} INFO - Processing /opt/airflow/dags/my_dag.py took 1.207 seconds
[2025-10-31T06:29:33.347+0000] {processor.py:161} INFO - Started process (PID=439) to work on /opt/airflow/dags/my_dag.py
[2025-10-31T06:29:33.350+0000] {processor.py:830} INFO - Processing file /opt/airflow/dags/my_dag.py for tasks to queue
[2025-10-31T06:29:33.354+0000] {logging_mixin.py:188} INFO - [2025-10-31T06:29:33.353+0000] {dagbag.py:538} INFO - Filling up the DagBag from /opt/airflow/dags/my_dag.py
[2025-10-31T06:29:34.582+0000] {processor.py:840} INFO - DAG(s) 'my_dag' retrieved from /opt/airflow/dags/my_dag.py
[2025-10-31T06:29:34.737+0000] {logging_mixin.py:188} INFO - [2025-10-31T06:29:34.736+0000] {dag.py:3036} INFO - Sync 1 DAGs
[2025-10-31T06:29:34.792+0000] {logging_mixin.py:188} INFO - [2025-10-31T06:29:34.792+0000] {dag.py:3823} INFO - Setting next_dagrun for my_dag to None, run_after=None
[2025-10-31T06:29:34.836+0000] {processor.py:183} INFO - Processing /opt/airflow/dags/my_dag.py took 1.496 seconds
[2025-10-31T06:30:09.928+0000] {processor.py:161} INFO - Started process (PID=453) to work on /opt/airflow/dags/my_dag.py
[2025-10-31T06:30:09.941+0000] {processor.py:830} INFO - Processing file /opt/airflow/dags/my_dag.py for tasks to queue
[2025-10-31T06:30:09.955+0000] {logging_mixin.py:188} INFO - [2025-10-31T06:30:09.955+0000] {dagbag.py:538} INFO - Filling up the DagBag from /opt/airflow/dags/my_dag.py
[2025-10-31T06:30:13.922+0000] {processor.py:840} INFO - DAG(s) 'my_dag' retrieved from /opt/airflow/dags/my_dag.py
[2025-10-31T06:30:14.067+0000] {logging_mixin.py:188} INFO - [2025-10-31T06:30:14.065+0000] {dag.py:3036} INFO - Sync 1 DAGs
[2025-10-31T06:30:14.263+0000] {logging_mixin.py:188} INFO - [2025-10-31T06:30:14.262+0000] {dag.py:3823} INFO - Setting next_dagrun for my_dag to None, run_after=None
[2025-10-31T06:30:14.576+0000] {processor.py:183} INFO - Processing /opt/airflow/dags/my_dag.py took 4.667 seconds
[2025-10-31T06:30:45.446+0000] {processor.py:161} INFO - Started process (PID=465) to work on /opt/airflow/dags/my_dag.py
[2025-10-31T06:30:45.448+0000] {processor.py:830} INFO - Processing file /opt/airflow/dags/my_dag.py for tasks to queue
[2025-10-31T06:30:45.453+0000] {logging_mixin.py:188} INFO - [2025-10-31T06:30:45.453+0000] {dagbag.py:538} INFO - Filling up the DagBag from /opt/airflow/dags/my_dag.py
[2025-10-31T06:30:46.772+0000] {processor.py:840} INFO - DAG(s) 'my_dag' retrieved from /opt/airflow/dags/my_dag.py
[2025-10-31T06:30:46.822+0000] {logging_mixin.py:188} INFO - [2025-10-31T06:30:46.821+0000] {dag.py:3036} INFO - Sync 1 DAGs
[2025-10-31T06:30:46.839+0000] {logging_mixin.py:188} INFO - [2025-10-31T06:30:46.839+0000] {dag.py:3823} INFO - Setting next_dagrun for my_dag to None, run_after=None
[2025-10-31T06:30:46.874+0000] {processor.py:183} INFO - Processing /opt/airflow/dags/my_dag.py took 1.436 seconds
[2025-10-31T06:31:17.578+0000] {processor.py:161} INFO - Started process (PID=477) to work on /opt/airflow/dags/my_dag.py
[2025-10-31T06:31:17.580+0000] {processor.py:830} INFO - Processing file /opt/airflow/dags/my_dag.py for tasks to queue
[2025-10-31T06:31:17.587+0000] {logging_mixin.py:188} INFO - [2025-10-31T06:31:17.587+0000] {dagbag.py:538} INFO - Filling up the DagBag from /opt/airflow/dags/my_dag.py
[2025-10-31T06:31:20.080+0000] {processor.py:840} INFO - DAG(s) 'my_dag' retrieved from /opt/airflow/dags/my_dag.py
[2025-10-31T06:31:20.145+0000] {logging_mixin.py:188} INFO - [2025-10-31T06:31:20.144+0000] {dag.py:3036} INFO - Sync 1 DAGs
[2025-10-31T06:31:20.197+0000] {logging_mixin.py:188} INFO - [2025-10-31T06:31:20.196+0000] {dag.py:3823} INFO - Setting next_dagrun for my_dag to None, run_after=None
[2025-10-31T06:31:20.307+0000] {processor.py:183} INFO - Processing /opt/airflow/dags/my_dag.py took 2.738 seconds
[2025-10-31T06:31:51.204+0000] {processor.py:161} INFO - Started process (PID=489) to work on /opt/airflow/dags/my_dag.py
[2025-10-31T06:31:51.209+0000] {processor.py:830} INFO - Processing file /opt/airflow/dags/my_dag.py for tasks to queue
[2025-10-31T06:31:51.224+0000] {logging_mixin.py:188} INFO - [2025-10-31T06:31:51.222+0000] {dagbag.py:538} INFO - Filling up the DagBag from /opt/airflow/dags/my_dag.py
[2025-10-31T06:31:53.732+0000] {processor.py:840} INFO - DAG(s) 'my_dag' retrieved from /opt/airflow/dags/my_dag.py
[2025-10-31T06:31:53.886+0000] {logging_mixin.py:188} INFO - [2025-10-31T06:31:53.885+0000] {dag.py:3036} INFO - Sync 1 DAGs
[2025-10-31T06:31:53.962+0000] {logging_mixin.py:188} INFO - [2025-10-31T06:31:53.961+0000] {dag.py:3823} INFO - Setting next_dagrun for my_dag to None, run_after=None
[2025-10-31T06:31:54.025+0000] {processor.py:183} INFO - Processing /opt/airflow/dags/my_dag.py took 2.840 seconds
[2025-10-31T06:32:24.109+0000] {processor.py:161} INFO - Started process (PID=501) to work on /opt/airflow/dags/my_dag.py
[2025-10-31T06:32:24.111+0000] {processor.py:830} INFO - Processing file /opt/airflow/dags/my_dag.py for tasks to queue
[2025-10-31T06:32:24.117+0000] {logging_mixin.py:188} INFO - [2025-10-31T06:32:24.116+0000] {dagbag.py:538} INFO - Filling up the DagBag from /opt/airflow/dags/my_dag.py
[2025-10-31T06:32:25.530+0000] {processor.py:840} INFO - DAG(s) 'my_dag' retrieved from /opt/airflow/dags/my_dag.py
[2025-10-31T06:32:25.576+0000] {logging_mixin.py:188} INFO - [2025-10-31T06:32:25.574+0000] {dag.py:3036} INFO - Sync 1 DAGs
[2025-10-31T06:32:25.595+0000] {logging_mixin.py:188} INFO - [2025-10-31T06:32:25.594+0000] {dag.py:3823} INFO - Setting next_dagrun for my_dag to None, run_after=None
[2025-10-31T06:32:25.631+0000] {processor.py:183} INFO - Processing /opt/airflow/dags/my_dag.py took 1.530 seconds
[2025-10-31T06:32:55.832+0000] {processor.py:161} INFO - Started process (PID=513) to work on /opt/airflow/dags/my_dag.py
[2025-10-31T06:32:55.834+0000] {processor.py:830} INFO - Processing file /opt/airflow/dags/my_dag.py for tasks to queue
[2025-10-31T06:32:55.837+0000] {logging_mixin.py:188} INFO - [2025-10-31T06:32:55.837+0000] {dagbag.py:538} INFO - Filling up the DagBag from /opt/airflow/dags/my_dag.py
[2025-10-31T06:32:56.712+0000] {processor.py:840} INFO - DAG(s) 'my_dag' retrieved from /opt/airflow/dags/my_dag.py
[2025-10-31T06:32:56.762+0000] {logging_mixin.py:188} INFO - [2025-10-31T06:32:56.762+0000] {dag.py:3036} INFO - Sync 1 DAGs
[2025-10-31T06:32:56.782+0000] {logging_mixin.py:188} INFO - [2025-10-31T06:32:56.781+0000] {dag.py:3823} INFO - Setting next_dagrun for my_dag to None, run_after=None
[2025-10-31T06:32:56.824+0000] {processor.py:183} INFO - Processing /opt/airflow/dags/my_dag.py took 0.998 seconds
[2025-10-31T06:33:27.354+0000] {processor.py:161} INFO - Started process (PID=525) to work on /opt/airflow/dags/my_dag.py
[2025-10-31T06:33:27.358+0000] {processor.py:830} INFO - Processing file /opt/airflow/dags/my_dag.py for tasks to queue
[2025-10-31T06:33:27.362+0000] {logging_mixin.py:188} INFO - [2025-10-31T06:33:27.362+0000] {dagbag.py:538} INFO - Filling up the DagBag from /opt/airflow/dags/my_dag.py
[2025-10-31T06:33:28.513+0000] {processor.py:840} INFO - DAG(s) 'my_dag' retrieved from /opt/airflow/dags/my_dag.py
[2025-10-31T06:33:28.552+0000] {logging_mixin.py:188} INFO - [2025-10-31T06:33:28.550+0000] {dag.py:3036} INFO - Sync 1 DAGs
[2025-10-31T06:33:28.588+0000] {logging_mixin.py:188} INFO - [2025-10-31T06:33:28.587+0000] {dag.py:3823} INFO - Setting next_dagrun for my_dag to None, run_after=None
[2025-10-31T06:33:28.639+0000] {processor.py:183} INFO - Processing /opt/airflow/dags/my_dag.py took 1.300 seconds
[2025-10-31T06:33:58.793+0000] {processor.py:161} INFO - Started process (PID=537) to work on /opt/airflow/dags/my_dag.py
[2025-10-31T06:33:58.795+0000] {processor.py:830} INFO - Processing file /opt/airflow/dags/my_dag.py for tasks to queue
[2025-10-31T06:33:58.800+0000] {logging_mixin.py:188} INFO - [2025-10-31T06:33:58.799+0000] {dagbag.py:538} INFO - Filling up the DagBag from /opt/airflow/dags/my_dag.py
[2025-10-31T06:34:00.109+0000] {processor.py:840} INFO - DAG(s) 'my_dag' retrieved from /opt/airflow/dags/my_dag.py
[2025-10-31T06:34:00.177+0000] {logging_mixin.py:188} INFO - [2025-10-31T06:34:00.176+0000] {dag.py:3036} INFO - Sync 1 DAGs
[2025-10-31T06:34:00.207+0000] {logging_mixin.py:188} INFO - [2025-10-31T06:34:00.207+0000] {dag.py:3823} INFO - Setting next_dagrun for my_dag to None, run_after=None
[2025-10-31T06:34:00.372+0000] {processor.py:183} INFO - Processing /opt/airflow/dags/my_dag.py took 1.588 seconds
[2025-10-31T06:34:31.492+0000] {processor.py:161} INFO - Started process (PID=549) to work on /opt/airflow/dags/my_dag.py
[2025-10-31T06:34:31.497+0000] {processor.py:830} INFO - Processing file /opt/airflow/dags/my_dag.py for tasks to queue
[2025-10-31T06:34:31.543+0000] {logging_mixin.py:188} INFO - [2025-10-31T06:34:31.542+0000] {dagbag.py:538} INFO - Filling up the DagBag from /opt/airflow/dags/my_dag.py
[2025-10-31T06:34:33.780+0000] {processor.py:840} INFO - DAG(s) 'my_dag' retrieved from /opt/airflow/dags/my_dag.py
[2025-10-31T06:34:33.885+0000] {logging_mixin.py:188} INFO - [2025-10-31T06:34:33.883+0000] {dag.py:3036} INFO - Sync 1 DAGs
[2025-10-31T06:34:33.918+0000] {logging_mixin.py:188} INFO - [2025-10-31T06:34:33.918+0000] {dag.py:3823} INFO - Setting next_dagrun for my_dag to None, run_after=None
[2025-10-31T06:34:33.970+0000] {processor.py:183} INFO - Processing /opt/airflow/dags/my_dag.py took 2.501 seconds
[2025-10-31T06:35:04.651+0000] {processor.py:161} INFO - Started process (PID=561) to work on /opt/airflow/dags/my_dag.py
[2025-10-31T06:35:04.655+0000] {processor.py:830} INFO - Processing file /opt/airflow/dags/my_dag.py for tasks to queue
[2025-10-31T06:35:04.661+0000] {logging_mixin.py:188} INFO - [2025-10-31T06:35:04.660+0000] {dagbag.py:538} INFO - Filling up the DagBag from /opt/airflow/dags/my_dag.py
[2025-10-31T06:35:05.586+0000] {processor.py:840} INFO - DAG(s) 'my_dag' retrieved from /opt/airflow/dags/my_dag.py
[2025-10-31T06:35:05.626+0000] {logging_mixin.py:188} INFO - [2025-10-31T06:35:05.624+0000] {dag.py:3036} INFO - Sync 1 DAGs
[2025-10-31T06:35:05.644+0000] {logging_mixin.py:188} INFO - [2025-10-31T06:35:05.644+0000] {dag.py:3823} INFO - Setting next_dagrun for my_dag to None, run_after=None
[2025-10-31T06:35:05.678+0000] {processor.py:183} INFO - Processing /opt/airflow/dags/my_dag.py took 1.036 seconds
[2025-10-31T06:35:36.214+0000] {processor.py:161} INFO - Started process (PID=573) to work on /opt/airflow/dags/my_dag.py
[2025-10-31T06:35:36.215+0000] {processor.py:830} INFO - Processing file /opt/airflow/dags/my_dag.py for tasks to queue
[2025-10-31T06:35:36.219+0000] {logging_mixin.py:188} INFO - [2025-10-31T06:35:36.218+0000] {dagbag.py:538} INFO - Filling up the DagBag from /opt/airflow/dags/my_dag.py
[2025-10-31T06:35:37.076+0000] {processor.py:840} INFO - DAG(s) 'my_dag' retrieved from /opt/airflow/dags/my_dag.py
[2025-10-31T06:35:37.111+0000] {logging_mixin.py:188} INFO - [2025-10-31T06:35:37.109+0000] {dag.py:3036} INFO - Sync 1 DAGs
[2025-10-31T06:35:37.125+0000] {logging_mixin.py:188} INFO - [2025-10-31T06:35:37.125+0000] {dag.py:3823} INFO - Setting next_dagrun for my_dag to None, run_after=None
[2025-10-31T06:35:37.156+0000] {processor.py:183} INFO - Processing /opt/airflow/dags/my_dag.py took 0.948 seconds
[2025-10-31T06:36:08.473+0000] {processor.py:161} INFO - Started process (PID=584) to work on /opt/airflow/dags/my_dag.py
[2025-10-31T06:36:08.475+0000] {processor.py:830} INFO - Processing file /opt/airflow/dags/my_dag.py for tasks to queue
[2025-10-31T06:36:08.480+0000] {logging_mixin.py:188} INFO - [2025-10-31T06:36:08.479+0000] {dagbag.py:538} INFO - Filling up the DagBag from /opt/airflow/dags/my_dag.py
[2025-10-31T06:36:09.496+0000] {processor.py:840} INFO - DAG(s) 'my_dag' retrieved from /opt/airflow/dags/my_dag.py
[2025-10-31T06:36:09.557+0000] {logging_mixin.py:188} INFO - [2025-10-31T06:36:09.552+0000] {dag.py:3036} INFO - Sync 1 DAGs
[2025-10-31T06:36:09.580+0000] {logging_mixin.py:188} INFO - [2025-10-31T06:36:09.580+0000] {dag.py:3823} INFO - Setting next_dagrun for my_dag to None, run_after=None
[2025-10-31T06:36:09.614+0000] {processor.py:183} INFO - Processing /opt/airflow/dags/my_dag.py took 1.147 seconds
[2025-10-31T06:36:41.803+0000] {processor.py:161} INFO - Started process (PID=596) to work on /opt/airflow/dags/my_dag.py
[2025-10-31T06:36:41.808+0000] {processor.py:830} INFO - Processing file /opt/airflow/dags/my_dag.py for tasks to queue
[2025-10-31T06:36:41.814+0000] {logging_mixin.py:188} INFO - [2025-10-31T06:36:41.813+0000] {dagbag.py:538} INFO - Filling up the DagBag from /opt/airflow/dags/my_dag.py
[2025-10-31T06:36:44.406+0000] {processor.py:840} INFO - DAG(s) 'my_dag' retrieved from /opt/airflow/dags/my_dag.py
[2025-10-31T06:36:44.494+0000] {logging_mixin.py:188} INFO - [2025-10-31T06:36:44.493+0000] {dag.py:3036} INFO - Sync 1 DAGs
[2025-10-31T06:36:44.540+0000] {logging_mixin.py:188} INFO - [2025-10-31T06:36:44.539+0000] {dag.py:3823} INFO - Setting next_dagrun for my_dag to None, run_after=None
[2025-10-31T06:36:44.693+0000] {processor.py:183} INFO - Processing /opt/airflow/dags/my_dag.py took 2.900 seconds
[2025-10-31T06:37:16.599+0000] {processor.py:161} INFO - Started process (PID=609) to work on /opt/airflow/dags/my_dag.py
[2025-10-31T06:37:16.627+0000] {processor.py:830} INFO - Processing file /opt/airflow/dags/my_dag.py for tasks to queue
[2025-10-31T06:37:16.658+0000] {logging_mixin.py:188} INFO - [2025-10-31T06:37:16.657+0000] {dagbag.py:538} INFO - Filling up the DagBag from /opt/airflow/dags/my_dag.py
[2025-10-31T06:37:20.403+0000] {processor.py:840} INFO - DAG(s) 'my_dag' retrieved from /opt/airflow/dags/my_dag.py
[2025-10-31T06:37:20.489+0000] {logging_mixin.py:188} INFO - [2025-10-31T06:37:20.487+0000] {dag.py:3036} INFO - Sync 1 DAGs
[2025-10-31T06:37:20.539+0000] {logging_mixin.py:188} INFO - [2025-10-31T06:37:20.539+0000] {dag.py:3823} INFO - Setting next_dagrun for my_dag to None, run_after=None
[2025-10-31T06:37:20.640+0000] {processor.py:183} INFO - Processing /opt/airflow/dags/my_dag.py took 4.095 seconds
[2025-10-31T12:53:33.187+0000] {processor.py:161} INFO - Started process (PID=49) to work on /opt/airflow/dags/my_dag.py
[2025-10-31T12:53:33.202+0000] {processor.py:830} INFO - Processing file /opt/airflow/dags/my_dag.py for tasks to queue
[2025-10-31T12:53:33.246+0000] {logging_mixin.py:188} INFO - [2025-10-31T12:53:33.245+0000] {dagbag.py:538} INFO - Filling up the DagBag from /opt/airflow/dags/my_dag.py
[2025-10-31T12:53:45.302+0000] {processor.py:840} INFO - DAG(s) 'my_dag' retrieved from /opt/airflow/dags/my_dag.py
[2025-10-31T12:53:45.394+0000] {logging_mixin.py:188} INFO - [2025-10-31T12:53:45.393+0000] {dag.py:3036} INFO - Sync 1 DAGs
[2025-10-31T12:53:45.479+0000] {logging_mixin.py:188} INFO - [2025-10-31T12:53:45.478+0000] {dag.py:3823} INFO - Setting next_dagrun for my_dag to None, run_after=None
[2025-10-31T12:53:45.584+0000] {processor.py:183} INFO - Processing /opt/airflow/dags/my_dag.py took 11.466 seconds
[2025-10-31T12:54:20.162+0000] {processor.py:161} INFO - Started process (PID=62) to work on /opt/airflow/dags/my_dag.py
[2025-10-31T12:54:20.369+0000] {processor.py:830} INFO - Processing file /opt/airflow/dags/my_dag.py for tasks to queue
[2025-10-31T12:54:20.545+0000] {logging_mixin.py:188} INFO - [2025-10-31T12:54:20.544+0000] {dagbag.py:538} INFO - Filling up the DagBag from /opt/airflow/dags/my_dag.py
[2025-10-31T12:54:35.087+0000] {processor.py:840} INFO - DAG(s) 'my_dag' retrieved from /opt/airflow/dags/my_dag.py
[2025-10-31T12:54:35.523+0000] {logging_mixin.py:188} INFO - [2025-10-31T12:54:35.514+0000] {dag.py:3036} INFO - Sync 1 DAGs
[2025-10-31T12:54:36.157+0000] {logging_mixin.py:188} INFO - [2025-10-31T12:54:36.156+0000] {dag.py:3823} INFO - Setting next_dagrun for my_dag to None, run_after=None
[2025-10-31T12:54:36.824+0000] {processor.py:183} INFO - Processing /opt/airflow/dags/my_dag.py took 17.835 seconds
[2025-10-31T12:55:08.839+0000] {processor.py:161} INFO - Started process (PID=81) to work on /opt/airflow/dags/my_dag.py
[2025-10-31T12:55:08.866+0000] {processor.py:830} INFO - Processing file /opt/airflow/dags/my_dag.py for tasks to queue
[2025-10-31T12:55:09.268+0000] {logging_mixin.py:188} INFO - [2025-10-31T12:55:09.235+0000] {dagbag.py:538} INFO - Filling up the DagBag from /opt/airflow/dags/my_dag.py
[2025-10-31T12:55:24.898+0000] {processor.py:840} INFO - DAG(s) 'my_dag' retrieved from /opt/airflow/dags/my_dag.py
[2025-10-31T12:55:25.027+0000] {logging_mixin.py:188} INFO - [2025-10-31T12:55:25.026+0000] {dag.py:3036} INFO - Sync 1 DAGs
[2025-10-31T12:55:25.104+0000] {logging_mixin.py:188} INFO - [2025-10-31T12:55:25.103+0000] {dag.py:3823} INFO - Setting next_dagrun for my_dag to None, run_after=None
[2025-10-31T12:55:25.195+0000] {processor.py:183} INFO - Processing /opt/airflow/dags/my_dag.py took 14.170 seconds
[2025-10-31T12:55:56.671+0000] {processor.py:161} INFO - Started process (PID=97) to work on /opt/airflow/dags/my_dag.py
[2025-10-31T12:55:56.673+0000] {processor.py:830} INFO - Processing file /opt/airflow/dags/my_dag.py for tasks to queue
[2025-10-31T12:55:56.678+0000] {logging_mixin.py:188} INFO - [2025-10-31T12:55:56.677+0000] {dagbag.py:538} INFO - Filling up the DagBag from /opt/airflow/dags/my_dag.py
[2025-10-31T12:56:01.179+0000] {processor.py:840} INFO - DAG(s) 'my_dag' retrieved from /opt/airflow/dags/my_dag.py
[2025-10-31T12:56:01.420+0000] {logging_mixin.py:188} INFO - [2025-10-31T12:56:01.415+0000] {dag.py:3036} INFO - Sync 1 DAGs
[2025-10-31T12:56:01.492+0000] {logging_mixin.py:188} INFO - [2025-10-31T12:56:01.492+0000] {dag.py:3823} INFO - Setting next_dagrun for my_dag to None, run_after=None
[2025-10-31T12:56:01.620+0000] {processor.py:183} INFO - Processing /opt/airflow/dags/my_dag.py took 4.961 seconds
[2025-10-31T12:56:32.329+0000] {processor.py:161} INFO - Started process (PID=108) to work on /opt/airflow/dags/my_dag.py
[2025-10-31T12:56:32.338+0000] {processor.py:830} INFO - Processing file /opt/airflow/dags/my_dag.py for tasks to queue
[2025-10-31T12:56:32.366+0000] {logging_mixin.py:188} INFO - [2025-10-31T12:56:32.365+0000] {dagbag.py:538} INFO - Filling up the DagBag from /opt/airflow/dags/my_dag.py
[2025-10-31T12:56:36.874+0000] {processor.py:840} INFO - DAG(s) 'my_dag' retrieved from /opt/airflow/dags/my_dag.py
[2025-10-31T12:56:37.153+0000] {logging_mixin.py:188} INFO - [2025-10-31T12:56:37.152+0000] {dag.py:3036} INFO - Sync 1 DAGs
[2025-10-31T12:56:37.241+0000] {logging_mixin.py:188} INFO - [2025-10-31T12:56:37.240+0000] {dag.py:3823} INFO - Setting next_dagrun for my_dag to None, run_after=None
[2025-10-31T12:56:37.438+0000] {processor.py:183} INFO - Processing /opt/airflow/dags/my_dag.py took 5.154 seconds
[2025-10-31T12:57:08.772+0000] {processor.py:161} INFO - Started process (PID=126) to work on /opt/airflow/dags/my_dag.py
[2025-10-31T12:57:08.776+0000] {processor.py:830} INFO - Processing file /opt/airflow/dags/my_dag.py for tasks to queue
[2025-10-31T12:57:08.786+0000] {logging_mixin.py:188} INFO - [2025-10-31T12:57:08.785+0000] {dagbag.py:538} INFO - Filling up the DagBag from /opt/airflow/dags/my_dag.py
[2025-10-31T12:57:11.041+0000] {processor.py:840} INFO - DAG(s) 'my_dag' retrieved from /opt/airflow/dags/my_dag.py
[2025-10-31T12:57:11.223+0000] {logging_mixin.py:188} INFO - [2025-10-31T12:57:11.222+0000] {dag.py:3036} INFO - Sync 1 DAGs
[2025-10-31T12:57:11.341+0000] {logging_mixin.py:188} INFO - [2025-10-31T12:57:11.340+0000] {dag.py:3823} INFO - Setting next_dagrun for my_dag to None, run_after=None
[2025-10-31T12:57:11.656+0000] {processor.py:183} INFO - Processing /opt/airflow/dags/my_dag.py took 2.900 seconds
[2025-10-31T12:57:43.451+0000] {processor.py:161} INFO - Started process (PID=139) to work on /opt/airflow/dags/my_dag.py
[2025-10-31T12:57:43.464+0000] {processor.py:830} INFO - Processing file /opt/airflow/dags/my_dag.py for tasks to queue
[2025-10-31T12:57:43.504+0000] {logging_mixin.py:188} INFO - [2025-10-31T12:57:43.502+0000] {dagbag.py:538} INFO - Filling up the DagBag from /opt/airflow/dags/my_dag.py
[2025-10-31T12:57:51.628+0000] {processor.py:840} INFO - DAG(s) 'my_dag' retrieved from /opt/airflow/dags/my_dag.py
[2025-10-31T12:57:52.789+0000] {logging_mixin.py:188} INFO - [2025-10-31T12:57:52.787+0000] {dag.py:3036} INFO - Sync 1 DAGs
[2025-10-31T12:57:52.997+0000] {logging_mixin.py:188} INFO - [2025-10-31T12:57:52.997+0000] {dag.py:3823} INFO - Setting next_dagrun for my_dag to None, run_after=None
[2025-10-31T12:57:53.474+0000] {processor.py:183} INFO - Processing /opt/airflow/dags/my_dag.py took 10.031 seconds
[2025-10-31T12:58:25.234+0000] {processor.py:161} INFO - Started process (PID=151) to work on /opt/airflow/dags/my_dag.py
[2025-10-31T12:58:25.308+0000] {processor.py:830} INFO - Processing file /opt/airflow/dags/my_dag.py for tasks to queue
[2025-10-31T12:58:25.572+0000] {logging_mixin.py:188} INFO - [2025-10-31T12:58:25.543+0000] {dagbag.py:538} INFO - Filling up the DagBag from /opt/airflow/dags/my_dag.py
[2025-10-31T12:58:58.644+0000] {logging_mixin.py:188} INFO - [2025-10-31T12:58:58.641+0000] {timeout.py:68} ERROR - Process timed out, PID: 151
[2025-10-31T12:58:58.969+0000] {logging_mixin.py:188} INFO - [2025-10-31T12:58:58.661+0000] {dagbag.py:348} ERROR - Failed to import: /opt/airflow/dags/my_dag.py
Traceback (most recent call last):
  File "/home/airflow/.local/lib/python3.8/site-packages/airflow/models/dagbag.py", line 344, in parse
    loader.exec_module(new_module)
  File "<frozen importlib._bootstrap_external>", line 843, in exec_module
  File "<frozen importlib._bootstrap>", line 219, in _call_with_frames_removed
  File "/opt/airflow/dags/my_dag.py", line 7, in <module>
    import pandas as pd
  File "/home/airflow/.local/lib/python3.8/site-packages/pandas/__init__.py", line 48, in <module>
    from pandas.core.api import (
  File "/home/airflow/.local/lib/python3.8/site-packages/pandas/core/api.py", line 47, in <module>
    from pandas.core.groupby import (
  File "/home/airflow/.local/lib/python3.8/site-packages/pandas/core/groupby/__init__.py", line 1, in <module>
    from pandas.core.groupby.generic import (
  File "/home/airflow/.local/lib/python3.8/site-packages/pandas/core/groupby/generic.py", line 70, in <module>
    from pandas.core.apply import (
  File "<frozen importlib._bootstrap>", line 991, in _find_and_load
  File "<frozen importlib._bootstrap>", line 975, in _find_and_load_unlocked
  File "<frozen importlib._bootstrap>", line 671, in _load_unlocked
  File "<frozen importlib._bootstrap_external>", line 839, in exec_module
  File "<frozen importlib._bootstrap_external>", line 934, in get_code
  File "<frozen importlib._bootstrap_external>", line 1032, in get_data
  File "/home/airflow/.local/lib/python3.8/site-packages/airflow/utils/timeout.py", line 69, in handle_timeout
    raise AirflowTaskTimeout(self.error_message)
airflow.exceptions.AirflowTaskTimeout: DagBag import timeout for /opt/airflow/dags/my_dag.py after 30.0s.
Please take a look at these docs to improve your DAG import time:
* https://airflow.apache.org/docs/apache-airflow/2.8.1/best-practices.html#top-level-python-code
* https://airflow.apache.org/docs/apache-airflow/2.8.1/best-practices.html#reducing-dag-complexity, PID: 151
[2025-10-31T12:58:58.975+0000] {processor.py:842} WARNING - No viable dags retrieved from /opt/airflow/dags/my_dag.py
[2025-10-31T12:58:59.457+0000] {processor.py:183} INFO - Processing /opt/airflow/dags/my_dag.py took 31.998 seconds
[2025-10-31T12:59:29.700+0000] {processor.py:161} INFO - Started process (PID=170) to work on /opt/airflow/dags/my_dag.py
[2025-10-31T12:59:29.702+0000] {processor.py:830} INFO - Processing file /opt/airflow/dags/my_dag.py for tasks to queue
[2025-10-31T12:59:29.707+0000] {logging_mixin.py:188} INFO - [2025-10-31T12:59:29.706+0000] {dagbag.py:538} INFO - Filling up the DagBag from /opt/airflow/dags/my_dag.py
[2025-10-31T12:59:35.216+0000] {processor.py:840} INFO - DAG(s) 'my_dag' retrieved from /opt/airflow/dags/my_dag.py
[2025-10-31T12:59:36.459+0000] {logging_mixin.py:188} INFO - [2025-10-31T12:59:36.458+0000] {dag.py:3036} INFO - Sync 1 DAGs
[2025-10-31T12:59:36.532+0000] {logging_mixin.py:188} INFO - [2025-10-31T12:59:36.531+0000] {dag.py:3823} INFO - Setting next_dagrun for my_dag to None, run_after=None
[2025-10-31T12:59:36.655+0000] {processor.py:183} INFO - Processing /opt/airflow/dags/my_dag.py took 6.962 seconds
[2025-10-31T13:00:07.482+0000] {processor.py:161} INFO - Started process (PID=185) to work on /opt/airflow/dags/my_dag.py
[2025-10-31T13:00:07.485+0000] {processor.py:830} INFO - Processing file /opt/airflow/dags/my_dag.py for tasks to queue
[2025-10-31T13:00:07.496+0000] {logging_mixin.py:188} INFO - [2025-10-31T13:00:07.495+0000] {dagbag.py:538} INFO - Filling up the DagBag from /opt/airflow/dags/my_dag.py
[2025-10-31T13:00:09.331+0000] {processor.py:840} INFO - DAG(s) 'my_dag' retrieved from /opt/airflow/dags/my_dag.py
[2025-10-31T13:00:09.373+0000] {logging_mixin.py:188} INFO - [2025-10-31T13:00:09.372+0000] {dag.py:3036} INFO - Sync 1 DAGs
[2025-10-31T13:00:09.405+0000] {logging_mixin.py:188} INFO - [2025-10-31T13:00:09.404+0000] {dag.py:3823} INFO - Setting next_dagrun for my_dag to None, run_after=None
[2025-10-31T13:00:09.500+0000] {processor.py:183} INFO - Processing /opt/airflow/dags/my_dag.py took 2.036 seconds
[2025-10-31T13:00:40.003+0000] {processor.py:161} INFO - Started process (PID=197) to work on /opt/airflow/dags/my_dag.py
[2025-10-31T13:00:40.005+0000] {processor.py:830} INFO - Processing file /opt/airflow/dags/my_dag.py for tasks to queue
[2025-10-31T13:00:40.009+0000] {logging_mixin.py:188} INFO - [2025-10-31T13:00:40.007+0000] {dagbag.py:538} INFO - Filling up the DagBag from /opt/airflow/dags/my_dag.py
[2025-10-31T13:00:42.229+0000] {processor.py:840} INFO - DAG(s) 'my_dag' retrieved from /opt/airflow/dags/my_dag.py
[2025-10-31T13:00:42.352+0000] {logging_mixin.py:188} INFO - [2025-10-31T13:00:42.350+0000] {dag.py:3036} INFO - Sync 1 DAGs
[2025-10-31T13:00:42.406+0000] {logging_mixin.py:188} INFO - [2025-10-31T13:00:42.405+0000] {dag.py:3823} INFO - Setting next_dagrun for my_dag to None, run_after=None
[2025-10-31T13:00:42.489+0000] {processor.py:183} INFO - Processing /opt/airflow/dags/my_dag.py took 2.495 seconds
[2025-10-31T13:01:12.836+0000] {processor.py:161} INFO - Started process (PID=209) to work on /opt/airflow/dags/my_dag.py
[2025-10-31T13:01:12.838+0000] {processor.py:830} INFO - Processing file /opt/airflow/dags/my_dag.py for tasks to queue
[2025-10-31T13:01:12.840+0000] {logging_mixin.py:188} INFO - [2025-10-31T13:01:12.840+0000] {dagbag.py:538} INFO - Filling up the DagBag from /opt/airflow/dags/my_dag.py
[2025-10-31T13:01:13.871+0000] {processor.py:840} INFO - DAG(s) 'my_dag' retrieved from /opt/airflow/dags/my_dag.py
[2025-10-31T13:01:13.919+0000] {logging_mixin.py:188} INFO - [2025-10-31T13:01:13.919+0000] {dag.py:3036} INFO - Sync 1 DAGs
[2025-10-31T13:01:13.939+0000] {logging_mixin.py:188} INFO - [2025-10-31T13:01:13.939+0000] {dag.py:3823} INFO - Setting next_dagrun for my_dag to None, run_after=None
[2025-10-31T13:01:13.975+0000] {processor.py:183} INFO - Processing /opt/airflow/dags/my_dag.py took 1.145 seconds
[2025-10-31T13:01:44.527+0000] {processor.py:161} INFO - Started process (PID=221) to work on /opt/airflow/dags/my_dag.py
[2025-10-31T13:01:44.529+0000] {processor.py:830} INFO - Processing file /opt/airflow/dags/my_dag.py for tasks to queue
[2025-10-31T13:01:44.532+0000] {logging_mixin.py:188} INFO - [2025-10-31T13:01:44.531+0000] {dagbag.py:538} INFO - Filling up the DagBag from /opt/airflow/dags/my_dag.py
[2025-10-31T13:01:45.866+0000] {processor.py:840} INFO - DAG(s) 'my_dag' retrieved from /opt/airflow/dags/my_dag.py
[2025-10-31T13:01:45.921+0000] {logging_mixin.py:188} INFO - [2025-10-31T13:01:45.920+0000] {dag.py:3036} INFO - Sync 1 DAGs
[2025-10-31T13:01:45.939+0000] {logging_mixin.py:188} INFO - [2025-10-31T13:01:45.938+0000] {dag.py:3823} INFO - Setting next_dagrun for my_dag to None, run_after=None
[2025-10-31T13:01:45.982+0000] {processor.py:183} INFO - Processing /opt/airflow/dags/my_dag.py took 1.464 seconds
[2025-10-31T13:02:18.617+0000] {processor.py:161} INFO - Started process (PID=233) to work on /opt/airflow/dags/my_dag.py
[2025-10-31T13:02:18.644+0000] {processor.py:830} INFO - Processing file /opt/airflow/dags/my_dag.py for tasks to queue
[2025-10-31T13:02:18.688+0000] {logging_mixin.py:188} INFO - [2025-10-31T13:02:18.688+0000] {dagbag.py:538} INFO - Filling up the DagBag from /opt/airflow/dags/my_dag.py
[2025-10-31T13:02:28.356+0000] {processor.py:840} INFO - DAG(s) 'my_dag' retrieved from /opt/airflow/dags/my_dag.py
[2025-10-31T13:02:28.461+0000] {logging_mixin.py:188} INFO - [2025-10-31T13:02:28.459+0000] {dag.py:3036} INFO - Sync 1 DAGs
[2025-10-31T13:02:28.557+0000] {logging_mixin.py:188} INFO - [2025-10-31T13:02:28.556+0000] {dag.py:3823} INFO - Setting next_dagrun for my_dag to None, run_after=None
[2025-10-31T13:02:28.954+0000] {processor.py:183} INFO - Processing /opt/airflow/dags/my_dag.py took 7.732 seconds
[2025-10-31T13:02:59.798+0000] {processor.py:161} INFO - Started process (PID=244) to work on /opt/airflow/dags/my_dag.py
[2025-10-31T13:02:59.818+0000] {processor.py:830} INFO - Processing file /opt/airflow/dags/my_dag.py for tasks to queue
[2025-10-31T13:02:59.826+0000] {logging_mixin.py:188} INFO - [2025-10-31T13:02:59.825+0000] {dagbag.py:538} INFO - Filling up the DagBag from /opt/airflow/dags/my_dag.py
[2025-10-31T13:03:03.578+0000] {processor.py:840} INFO - DAG(s) 'my_dag' retrieved from /opt/airflow/dags/my_dag.py
[2025-10-31T13:03:03.869+0000] {logging_mixin.py:188} INFO - [2025-10-31T13:03:03.860+0000] {dag.py:3036} INFO - Sync 1 DAGs
[2025-10-31T13:03:04.241+0000] {logging_mixin.py:188} INFO - [2025-10-31T13:03:04.240+0000] {dag.py:3823} INFO - Setting next_dagrun for my_dag to None, run_after=None
[2025-10-31T13:03:04.425+0000] {processor.py:183} INFO - Processing /opt/airflow/dags/my_dag.py took 4.645 seconds
[2025-10-31T13:03:40.761+0000] {processor.py:161} INFO - Started process (PID=256) to work on /opt/airflow/dags/my_dag.py
[2025-10-31T13:03:40.774+0000] {processor.py:830} INFO - Processing file /opt/airflow/dags/my_dag.py for tasks to queue
[2025-10-31T13:03:40.899+0000] {logging_mixin.py:188} INFO - [2025-10-31T13:03:40.868+0000] {dagbag.py:538} INFO - Filling up the DagBag from /opt/airflow/dags/my_dag.py
[2025-10-31T13:03:51.911+0000] {processor.py:840} INFO - DAG(s) 'my_dag' retrieved from /opt/airflow/dags/my_dag.py
[2025-10-31T13:03:54.584+0000] {logging_mixin.py:188} INFO - [2025-10-31T13:03:54.582+0000] {dag.py:3036} INFO - Sync 1 DAGs
[2025-10-31T13:03:55.743+0000] {logging_mixin.py:188} INFO - [2025-10-31T13:03:55.742+0000] {dag.py:3823} INFO - Setting next_dagrun for my_dag to None, run_after=None
[2025-10-31T13:03:57.432+0000] {processor.py:183} INFO - Processing /opt/airflow/dags/my_dag.py took 16.788 seconds
[2025-10-31T13:04:28.379+0000] {processor.py:161} INFO - Started process (PID=270) to work on /opt/airflow/dags/my_dag.py
[2025-10-31T13:04:28.383+0000] {processor.py:830} INFO - Processing file /opt/airflow/dags/my_dag.py for tasks to queue
[2025-10-31T13:04:28.395+0000] {logging_mixin.py:188} INFO - [2025-10-31T13:04:28.394+0000] {dagbag.py:538} INFO - Filling up the DagBag from /opt/airflow/dags/my_dag.py
[2025-10-31T13:04:36.624+0000] {processor.py:840} INFO - DAG(s) 'my_dag' retrieved from /opt/airflow/dags/my_dag.py
[2025-10-31T13:04:37.869+0000] {logging_mixin.py:188} INFO - [2025-10-31T13:04:37.864+0000] {dag.py:3036} INFO - Sync 1 DAGs
[2025-10-31T13:04:39.941+0000] {logging_mixin.py:188} INFO - [2025-10-31T13:04:39.936+0000] {dag.py:3823} INFO - Setting next_dagrun for my_dag to None, run_after=None
[2025-10-31T13:04:40.531+0000] {processor.py:183} INFO - Processing /opt/airflow/dags/my_dag.py took 9.480 seconds
[2025-10-31T13:05:11.078+0000] {processor.py:161} INFO - Started process (PID=288) to work on /opt/airflow/dags/my_dag.py
[2025-10-31T13:05:11.114+0000] {processor.py:830} INFO - Processing file /opt/airflow/dags/my_dag.py for tasks to queue
[2025-10-31T13:05:11.129+0000] {logging_mixin.py:188} INFO - [2025-10-31T13:05:11.128+0000] {dagbag.py:538} INFO - Filling up the DagBag from /opt/airflow/dags/my_dag.py
[2025-10-31T13:05:20.301+0000] {processor.py:840} INFO - DAG(s) 'my_dag' retrieved from /opt/airflow/dags/my_dag.py
[2025-10-31T13:05:21.016+0000] {logging_mixin.py:188} INFO - [2025-10-31T13:05:21.015+0000] {dag.py:3036} INFO - Sync 1 DAGs
[2025-10-31T13:05:21.193+0000] {logging_mixin.py:188} INFO - [2025-10-31T13:05:21.192+0000] {dag.py:3823} INFO - Setting next_dagrun for my_dag to None, run_after=None
[2025-10-31T13:05:23.057+0000] {processor.py:183} INFO - Processing /opt/airflow/dags/my_dag.py took 12.010 seconds
[2025-10-31T13:05:55.432+0000] {processor.py:161} INFO - Started process (PID=301) to work on /opt/airflow/dags/my_dag.py
[2025-10-31T13:05:55.436+0000] {processor.py:830} INFO - Processing file /opt/airflow/dags/my_dag.py for tasks to queue
[2025-10-31T13:05:55.440+0000] {logging_mixin.py:188} INFO - [2025-10-31T13:05:55.439+0000] {dagbag.py:538} INFO - Filling up the DagBag from /opt/airflow/dags/my_dag.py
[2025-10-31T13:05:58.914+0000] {processor.py:840} INFO - DAG(s) 'my_dag' retrieved from /opt/airflow/dags/my_dag.py
[2025-10-31T13:05:59.061+0000] {logging_mixin.py:188} INFO - [2025-10-31T13:05:59.051+0000] {dag.py:3036} INFO - Sync 1 DAGs
[2025-10-31T13:05:59.128+0000] {logging_mixin.py:188} INFO - [2025-10-31T13:05:59.128+0000] {dag.py:3823} INFO - Setting next_dagrun for my_dag to None, run_after=None
[2025-10-31T13:05:59.232+0000] {processor.py:183} INFO - Processing /opt/airflow/dags/my_dag.py took 3.819 seconds
[2025-10-31T13:06:29.757+0000] {processor.py:161} INFO - Started process (PID=315) to work on /opt/airflow/dags/my_dag.py
[2025-10-31T13:06:29.764+0000] {processor.py:830} INFO - Processing file /opt/airflow/dags/my_dag.py for tasks to queue
[2025-10-31T13:06:29.793+0000] {logging_mixin.py:188} INFO - [2025-10-31T13:06:29.792+0000] {dagbag.py:538} INFO - Filling up the DagBag from /opt/airflow/dags/my_dag.py
[2025-10-31T13:06:33.348+0000] {processor.py:840} INFO - DAG(s) 'my_dag' retrieved from /opt/airflow/dags/my_dag.py
[2025-10-31T13:06:33.682+0000] {logging_mixin.py:188} INFO - [2025-10-31T13:06:33.681+0000] {dag.py:3036} INFO - Sync 1 DAGs
[2025-10-31T13:06:33.743+0000] {logging_mixin.py:188} INFO - [2025-10-31T13:06:33.742+0000] {dag.py:3823} INFO - Setting next_dagrun for my_dag to None, run_after=None
[2025-10-31T13:06:33.900+0000] {processor.py:183} INFO - Processing /opt/airflow/dags/my_dag.py took 4.159 seconds
[2025-10-31T13:07:04.513+0000] {processor.py:161} INFO - Started process (PID=327) to work on /opt/airflow/dags/my_dag.py
[2025-10-31T13:07:04.521+0000] {processor.py:830} INFO - Processing file /opt/airflow/dags/my_dag.py for tasks to queue
[2025-10-31T13:07:04.528+0000] {logging_mixin.py:188} INFO - [2025-10-31T13:07:04.526+0000] {dagbag.py:538} INFO - Filling up the DagBag from /opt/airflow/dags/my_dag.py
[2025-10-31T13:07:10.001+0000] {processor.py:840} INFO - DAG(s) 'my_dag' retrieved from /opt/airflow/dags/my_dag.py
[2025-10-31T13:07:10.990+0000] {logging_mixin.py:188} INFO - [2025-10-31T13:07:10.988+0000] {dag.py:3036} INFO - Sync 1 DAGs
[2025-10-31T13:07:11.186+0000] {logging_mixin.py:188} INFO - [2025-10-31T13:07:11.186+0000] {dag.py:3823} INFO - Setting next_dagrun for my_dag to None, run_after=None
[2025-10-31T13:07:13.297+0000] {processor.py:183} INFO - Processing /opt/airflow/dags/my_dag.py took 8.810 seconds
[2025-10-31T13:07:44.902+0000] {processor.py:161} INFO - Started process (PID=340) to work on /opt/airflow/dags/my_dag.py
[2025-10-31T13:07:44.917+0000] {processor.py:830} INFO - Processing file /opt/airflow/dags/my_dag.py for tasks to queue
[2025-10-31T13:07:44.932+0000] {logging_mixin.py:188} INFO - [2025-10-31T13:07:44.931+0000] {dagbag.py:538} INFO - Filling up the DagBag from /opt/airflow/dags/my_dag.py
[2025-10-31T13:07:48.677+0000] {processor.py:840} INFO - DAG(s) 'my_dag' retrieved from /opt/airflow/dags/my_dag.py
[2025-10-31T13:07:48.744+0000] {logging_mixin.py:188} INFO - [2025-10-31T13:07:48.743+0000] {dag.py:3036} INFO - Sync 1 DAGs
[2025-10-31T13:07:48.823+0000] {logging_mixin.py:188} INFO - [2025-10-31T13:07:48.822+0000] {dag.py:3823} INFO - Setting next_dagrun for my_dag to None, run_after=None
[2025-10-31T13:07:51.885+0000] {processor.py:183} INFO - Processing /opt/airflow/dags/my_dag.py took 4.290 seconds
[2025-10-31T13:08:24.945+0000] {processor.py:161} INFO - Started process (PID=357) to work on /opt/airflow/dags/my_dag.py
[2025-10-31T13:08:24.960+0000] {processor.py:830} INFO - Processing file /opt/airflow/dags/my_dag.py for tasks to queue
[2025-10-31T13:08:24.965+0000] {logging_mixin.py:188} INFO - [2025-10-31T13:08:24.963+0000] {dagbag.py:538} INFO - Filling up the DagBag from /opt/airflow/dags/my_dag.py
[2025-10-31T13:08:27.477+0000] {processor.py:840} INFO - DAG(s) 'my_dag' retrieved from /opt/airflow/dags/my_dag.py
[2025-10-31T13:08:27.592+0000] {logging_mixin.py:188} INFO - [2025-10-31T13:08:27.591+0000] {dag.py:3036} INFO - Sync 1 DAGs
[2025-10-31T13:08:27.665+0000] {logging_mixin.py:188} INFO - [2025-10-31T13:08:27.665+0000] {dag.py:3823} INFO - Setting next_dagrun for my_dag to None, run_after=None
[2025-10-31T13:08:27.718+0000] {processor.py:183} INFO - Processing /opt/airflow/dags/my_dag.py took 2.803 seconds
[2025-10-31T13:08:58.878+0000] {processor.py:161} INFO - Started process (PID=369) to work on /opt/airflow/dags/my_dag.py
[2025-10-31T13:08:58.884+0000] {processor.py:830} INFO - Processing file /opt/airflow/dags/my_dag.py for tasks to queue
[2025-10-31T13:08:58.886+0000] {logging_mixin.py:188} INFO - [2025-10-31T13:08:58.886+0000] {dagbag.py:538} INFO - Filling up the DagBag from /opt/airflow/dags/my_dag.py
[2025-10-31T13:09:00.489+0000] {processor.py:840} INFO - DAG(s) 'my_dag' retrieved from /opt/airflow/dags/my_dag.py
[2025-10-31T13:09:00.555+0000] {logging_mixin.py:188} INFO - [2025-10-31T13:09:00.554+0000] {dag.py:3036} INFO - Sync 1 DAGs
[2025-10-31T13:09:00.617+0000] {logging_mixin.py:188} INFO - [2025-10-31T13:09:00.616+0000] {dag.py:3823} INFO - Setting next_dagrun for my_dag to None, run_after=None
[2025-10-31T13:09:00.735+0000] {processor.py:183} INFO - Processing /opt/airflow/dags/my_dag.py took 1.872 seconds
[2025-10-31T13:09:31.444+0000] {processor.py:161} INFO - Started process (PID=381) to work on /opt/airflow/dags/my_dag.py
[2025-10-31T13:09:31.505+0000] {processor.py:830} INFO - Processing file /opt/airflow/dags/my_dag.py for tasks to queue
[2025-10-31T13:09:31.524+0000] {logging_mixin.py:188} INFO - [2025-10-31T13:09:31.522+0000] {dagbag.py:538} INFO - Filling up the DagBag from /opt/airflow/dags/my_dag.py
[2025-10-31T13:09:32.776+0000] {processor.py:840} INFO - DAG(s) 'my_dag' retrieved from /opt/airflow/dags/my_dag.py
[2025-10-31T13:09:32.843+0000] {logging_mixin.py:188} INFO - [2025-10-31T13:09:32.840+0000] {dag.py:3036} INFO - Sync 1 DAGs
[2025-10-31T13:09:32.864+0000] {logging_mixin.py:188} INFO - [2025-10-31T13:09:32.863+0000] {dag.py:3823} INFO - Setting next_dagrun for my_dag to None, run_after=None
[2025-10-31T13:09:32.911+0000] {processor.py:183} INFO - Processing /opt/airflow/dags/my_dag.py took 1.485 seconds
[2025-10-31T13:10:03.511+0000] {processor.py:161} INFO - Started process (PID=387) to work on /opt/airflow/dags/my_dag.py
[2025-10-31T13:10:03.513+0000] {processor.py:830} INFO - Processing file /opt/airflow/dags/my_dag.py for tasks to queue
[2025-10-31T13:10:03.514+0000] {logging_mixin.py:188} INFO - [2025-10-31T13:10:03.514+0000] {dagbag.py:538} INFO - Filling up the DagBag from /opt/airflow/dags/my_dag.py
[2025-10-31T13:10:04.495+0000] {processor.py:840} INFO - DAG(s) 'my_dag' retrieved from /opt/airflow/dags/my_dag.py
[2025-10-31T13:10:04.655+0000] {logging_mixin.py:188} INFO - [2025-10-31T13:10:04.654+0000] {dag.py:3036} INFO - Sync 1 DAGs
[2025-10-31T13:10:04.671+0000] {logging_mixin.py:188} INFO - [2025-10-31T13:10:04.671+0000] {dag.py:3823} INFO - Setting next_dagrun for my_dag to None, run_after=None
[2025-10-31T13:10:04.764+0000] {processor.py:183} INFO - Processing /opt/airflow/dags/my_dag.py took 1.258 seconds
[2025-10-31T13:10:35.709+0000] {processor.py:161} INFO - Started process (PID=399) to work on /opt/airflow/dags/my_dag.py
[2025-10-31T13:10:35.711+0000] {processor.py:830} INFO - Processing file /opt/airflow/dags/my_dag.py for tasks to queue
[2025-10-31T13:10:35.713+0000] {logging_mixin.py:188} INFO - [2025-10-31T13:10:35.713+0000] {dagbag.py:538} INFO - Filling up the DagBag from /opt/airflow/dags/my_dag.py
[2025-10-31T13:10:36.724+0000] {processor.py:840} INFO - DAG(s) 'my_dag' retrieved from /opt/airflow/dags/my_dag.py
[2025-10-31T13:10:37.138+0000] {logging_mixin.py:188} INFO - [2025-10-31T13:10:37.137+0000] {dag.py:3036} INFO - Sync 1 DAGs
[2025-10-31T13:10:37.168+0000] {logging_mixin.py:188} INFO - [2025-10-31T13:10:37.167+0000] {dag.py:3823} INFO - Setting next_dagrun for my_dag to None, run_after=None
[2025-10-31T13:10:37.487+0000] {processor.py:183} INFO - Processing /opt/airflow/dags/my_dag.py took 1.785 seconds
[2025-10-31T13:11:09.996+0000] {processor.py:161} INFO - Started process (PID=420) to work on /opt/airflow/dags/my_dag.py
[2025-10-31T13:11:10.000+0000] {processor.py:830} INFO - Processing file /opt/airflow/dags/my_dag.py for tasks to queue
[2025-10-31T13:11:10.003+0000] {logging_mixin.py:188} INFO - [2025-10-31T13:11:10.002+0000] {dagbag.py:538} INFO - Filling up the DagBag from /opt/airflow/dags/my_dag.py
[2025-10-31T13:11:11.300+0000] {processor.py:840} INFO - DAG(s) 'my_dag' retrieved from /opt/airflow/dags/my_dag.py
[2025-10-31T13:11:11.536+0000] {logging_mixin.py:188} INFO - [2025-10-31T13:11:11.529+0000] {dag.py:3036} INFO - Sync 1 DAGs
[2025-10-31T13:11:11.611+0000] {logging_mixin.py:188} INFO - [2025-10-31T13:11:11.611+0000] {dag.py:3823} INFO - Setting next_dagrun for my_dag to None, run_after=None
[2025-10-31T13:11:12.039+0000] {processor.py:183} INFO - Processing /opt/airflow/dags/my_dag.py took 2.054 seconds
[2025-10-31T13:11:42.319+0000] {processor.py:161} INFO - Started process (PID=427) to work on /opt/airflow/dags/my_dag.py
[2025-10-31T13:11:42.321+0000] {processor.py:830} INFO - Processing file /opt/airflow/dags/my_dag.py for tasks to queue
[2025-10-31T13:11:42.323+0000] {logging_mixin.py:188} INFO - [2025-10-31T13:11:42.323+0000] {dagbag.py:538} INFO - Filling up the DagBag from /opt/airflow/dags/my_dag.py
[2025-10-31T13:11:44.378+0000] {processor.py:840} INFO - DAG(s) 'my_dag' retrieved from /opt/airflow/dags/my_dag.py
[2025-10-31T13:11:44.717+0000] {logging_mixin.py:188} INFO - [2025-10-31T13:11:44.715+0000] {dag.py:3036} INFO - Sync 1 DAGs
[2025-10-31T13:11:44.787+0000] {logging_mixin.py:188} INFO - [2025-10-31T13:11:44.787+0000] {dag.py:3823} INFO - Setting next_dagrun for my_dag to None, run_after=None
[2025-10-31T13:11:44.934+0000] {processor.py:183} INFO - Processing /opt/airflow/dags/my_dag.py took 2.623 seconds
[2025-10-31T13:12:15.535+0000] {processor.py:161} INFO - Started process (PID=439) to work on /opt/airflow/dags/my_dag.py
[2025-10-31T13:12:15.537+0000] {processor.py:830} INFO - Processing file /opt/airflow/dags/my_dag.py for tasks to queue
[2025-10-31T13:12:15.539+0000] {logging_mixin.py:188} INFO - [2025-10-31T13:12:15.539+0000] {dagbag.py:538} INFO - Filling up the DagBag from /opt/airflow/dags/my_dag.py
[2025-10-31T13:12:16.316+0000] {processor.py:840} INFO - DAG(s) 'my_dag' retrieved from /opt/airflow/dags/my_dag.py
[2025-10-31T13:12:16.352+0000] {logging_mixin.py:188} INFO - [2025-10-31T13:12:16.351+0000] {dag.py:3036} INFO - Sync 1 DAGs
[2025-10-31T13:12:16.368+0000] {logging_mixin.py:188} INFO - [2025-10-31T13:12:16.367+0000] {dag.py:3823} INFO - Setting next_dagrun for my_dag to None, run_after=None
[2025-10-31T13:12:16.634+0000] {processor.py:183} INFO - Processing /opt/airflow/dags/my_dag.py took 1.105 seconds
[2025-10-31T13:12:47.758+0000] {processor.py:161} INFO - Started process (PID=450) to work on /opt/airflow/dags/my_dag.py
[2025-10-31T13:12:47.765+0000] {processor.py:830} INFO - Processing file /opt/airflow/dags/my_dag.py for tasks to queue
[2025-10-31T13:12:47.767+0000] {logging_mixin.py:188} INFO - [2025-10-31T13:12:47.766+0000] {dagbag.py:538} INFO - Filling up the DagBag from /opt/airflow/dags/my_dag.py
[2025-10-31T13:12:49.371+0000] {processor.py:840} INFO - DAG(s) 'my_dag' retrieved from /opt/airflow/dags/my_dag.py
[2025-10-31T13:12:49.432+0000] {logging_mixin.py:188} INFO - [2025-10-31T13:12:49.431+0000] {dag.py:3036} INFO - Sync 1 DAGs
[2025-10-31T13:12:49.450+0000] {logging_mixin.py:188} INFO - [2025-10-31T13:12:49.450+0000] {dag.py:3823} INFO - Setting next_dagrun for my_dag to None, run_after=None
[2025-10-31T13:12:49.501+0000] {processor.py:183} INFO - Processing /opt/airflow/dags/my_dag.py took 1.761 seconds
[2025-10-31T13:13:20.751+0000] {processor.py:161} INFO - Started process (PID=462) to work on /opt/airflow/dags/my_dag.py
[2025-10-31T13:13:20.758+0000] {processor.py:830} INFO - Processing file /opt/airflow/dags/my_dag.py for tasks to queue
[2025-10-31T13:13:20.765+0000] {logging_mixin.py:188} INFO - [2025-10-31T13:13:20.762+0000] {dagbag.py:538} INFO - Filling up the DagBag from /opt/airflow/dags/my_dag.py
[2025-10-31T13:13:22.382+0000] {processor.py:840} INFO - DAG(s) 'my_dag' retrieved from /opt/airflow/dags/my_dag.py
[2025-10-31T13:13:22.606+0000] {logging_mixin.py:188} INFO - [2025-10-31T13:13:22.597+0000] {dag.py:3036} INFO - Sync 1 DAGs
[2025-10-31T13:13:22.652+0000] {logging_mixin.py:188} INFO - [2025-10-31T13:13:22.651+0000] {dag.py:3823} INFO - Setting next_dagrun for my_dag to None, run_after=None
[2025-10-31T13:13:22.838+0000] {processor.py:183} INFO - Processing /opt/airflow/dags/my_dag.py took 2.105 seconds
[2025-10-31T13:13:53.215+0000] {processor.py:161} INFO - Started process (PID=475) to work on /opt/airflow/dags/my_dag.py
[2025-10-31T13:13:53.218+0000] {processor.py:830} INFO - Processing file /opt/airflow/dags/my_dag.py for tasks to queue
[2025-10-31T13:13:53.223+0000] {logging_mixin.py:188} INFO - [2025-10-31T13:13:53.221+0000] {dagbag.py:538} INFO - Filling up the DagBag from /opt/airflow/dags/my_dag.py
[2025-10-31T13:13:54.349+0000] {processor.py:840} INFO - DAG(s) 'my_dag' retrieved from /opt/airflow/dags/my_dag.py
[2025-10-31T13:13:54.428+0000] {logging_mixin.py:188} INFO - [2025-10-31T13:13:54.427+0000] {dag.py:3036} INFO - Sync 1 DAGs
[2025-10-31T13:13:54.463+0000] {logging_mixin.py:188} INFO - [2025-10-31T13:13:54.462+0000] {dag.py:3823} INFO - Setting next_dagrun for my_dag to None, run_after=None
[2025-10-31T13:13:54.553+0000] {processor.py:183} INFO - Processing /opt/airflow/dags/my_dag.py took 1.350 seconds
[2025-10-31T13:14:25.421+0000] {processor.py:161} INFO - Started process (PID=486) to work on /opt/airflow/dags/my_dag.py
[2025-10-31T13:14:25.424+0000] {processor.py:830} INFO - Processing file /opt/airflow/dags/my_dag.py for tasks to queue
[2025-10-31T13:14:25.425+0000] {logging_mixin.py:188} INFO - [2025-10-31T13:14:25.425+0000] {dagbag.py:538} INFO - Filling up the DagBag from /opt/airflow/dags/my_dag.py
[2025-10-31T13:14:26.988+0000] {processor.py:840} INFO - DAG(s) 'my_dag' retrieved from /opt/airflow/dags/my_dag.py
[2025-10-31T13:14:27.078+0000] {logging_mixin.py:188} INFO - [2025-10-31T13:14:27.077+0000] {dag.py:3036} INFO - Sync 1 DAGs
[2025-10-31T13:14:27.110+0000] {logging_mixin.py:188} INFO - [2025-10-31T13:14:27.110+0000] {dag.py:3823} INFO - Setting next_dagrun for my_dag to None, run_after=None
[2025-10-31T13:14:27.171+0000] {processor.py:183} INFO - Processing /opt/airflow/dags/my_dag.py took 1.759 seconds
[2025-10-31T13:14:58.938+0000] {processor.py:161} INFO - Started process (PID=498) to work on /opt/airflow/dags/my_dag.py
[2025-10-31T13:14:58.941+0000] {processor.py:830} INFO - Processing file /opt/airflow/dags/my_dag.py for tasks to queue
[2025-10-31T13:14:58.943+0000] {logging_mixin.py:188} INFO - [2025-10-31T13:14:58.942+0000] {dagbag.py:538} INFO - Filling up the DagBag from /opt/airflow/dags/my_dag.py
[2025-10-31T13:15:01.728+0000] {processor.py:840} INFO - DAG(s) 'my_dag' retrieved from /opt/airflow/dags/my_dag.py
[2025-10-31T13:15:01.841+0000] {logging_mixin.py:188} INFO - [2025-10-31T13:15:01.839+0000] {dag.py:3036} INFO - Sync 1 DAGs
[2025-10-31T13:15:01.902+0000] {logging_mixin.py:188} INFO - [2025-10-31T13:15:01.901+0000] {dag.py:3823} INFO - Setting next_dagrun for my_dag to None, run_after=None
[2025-10-31T13:15:01.991+0000] {processor.py:183} INFO - Processing /opt/airflow/dags/my_dag.py took 3.065 seconds
[2025-10-31T13:15:34.649+0000] {processor.py:161} INFO - Started process (PID=518) to work on /opt/airflow/dags/my_dag.py
[2025-10-31T13:15:34.654+0000] {processor.py:830} INFO - Processing file /opt/airflow/dags/my_dag.py for tasks to queue
[2025-10-31T13:15:34.658+0000] {logging_mixin.py:188} INFO - [2025-10-31T13:15:34.657+0000] {dagbag.py:538} INFO - Filling up the DagBag from /opt/airflow/dags/my_dag.py
[2025-10-31T13:15:36.618+0000] {processor.py:840} INFO - DAG(s) 'my_dag' retrieved from /opt/airflow/dags/my_dag.py
[2025-10-31T13:15:36.689+0000] {logging_mixin.py:188} INFO - [2025-10-31T13:15:36.688+0000] {dag.py:3036} INFO - Sync 1 DAGs
[2025-10-31T13:15:36.741+0000] {logging_mixin.py:188} INFO - [2025-10-31T13:15:36.740+0000] {dag.py:3823} INFO - Setting next_dagrun for my_dag to None, run_after=None
[2025-10-31T13:15:36.884+0000] {processor.py:183} INFO - Processing /opt/airflow/dags/my_dag.py took 2.262 seconds
[2025-10-31T13:16:08.128+0000] {processor.py:161} INFO - Started process (PID=530) to work on /opt/airflow/dags/my_dag.py
[2025-10-31T13:16:08.131+0000] {processor.py:830} INFO - Processing file /opt/airflow/dags/my_dag.py for tasks to queue
[2025-10-31T13:16:08.133+0000] {logging_mixin.py:188} INFO - [2025-10-31T13:16:08.132+0000] {dagbag.py:538} INFO - Filling up the DagBag from /opt/airflow/dags/my_dag.py
[2025-10-31T13:16:09.755+0000] {processor.py:840} INFO - DAG(s) 'my_dag' retrieved from /opt/airflow/dags/my_dag.py
[2025-10-31T13:16:09.818+0000] {logging_mixin.py:188} INFO - [2025-10-31T13:16:09.814+0000] {dag.py:3036} INFO - Sync 1 DAGs
[2025-10-31T13:16:10.189+0000] {logging_mixin.py:188} INFO - [2025-10-31T13:16:10.188+0000] {dag.py:3823} INFO - Setting next_dagrun for my_dag to None, run_after=None
[2025-10-31T13:16:10.258+0000] {processor.py:183} INFO - Processing /opt/airflow/dags/my_dag.py took 2.139 seconds
[2025-10-31T13:16:40.582+0000] {processor.py:161} INFO - Started process (PID=542) to work on /opt/airflow/dags/my_dag.py
[2025-10-31T13:16:40.584+0000] {processor.py:830} INFO - Processing file /opt/airflow/dags/my_dag.py for tasks to queue
[2025-10-31T13:16:40.586+0000] {logging_mixin.py:188} INFO - [2025-10-31T13:16:40.585+0000] {dagbag.py:538} INFO - Filling up the DagBag from /opt/airflow/dags/my_dag.py
[2025-10-31T13:16:43.396+0000] {processor.py:840} INFO - DAG(s) 'my_dag' retrieved from /opt/airflow/dags/my_dag.py
[2025-10-31T13:16:43.538+0000] {logging_mixin.py:188} INFO - [2025-10-31T13:16:43.537+0000] {dag.py:3036} INFO - Sync 1 DAGs
[2025-10-31T13:16:43.615+0000] {logging_mixin.py:188} INFO - [2025-10-31T13:16:43.615+0000] {dag.py:3823} INFO - Setting next_dagrun for my_dag to None, run_after=None
[2025-10-31T13:16:43.885+0000] {processor.py:183} INFO - Processing /opt/airflow/dags/my_dag.py took 3.314 seconds
[2025-10-31T13:17:14.182+0000] {processor.py:161} INFO - Started process (PID=554) to work on /opt/airflow/dags/my_dag.py
[2025-10-31T13:17:14.185+0000] {processor.py:830} INFO - Processing file /opt/airflow/dags/my_dag.py for tasks to queue
[2025-10-31T13:17:14.187+0000] {logging_mixin.py:188} INFO - [2025-10-31T13:17:14.187+0000] {dagbag.py:538} INFO - Filling up the DagBag from /opt/airflow/dags/my_dag.py
[2025-10-31T13:17:14.935+0000] {processor.py:840} INFO - DAG(s) 'my_dag' retrieved from /opt/airflow/dags/my_dag.py
[2025-10-31T13:17:14.967+0000] {logging_mixin.py:188} INFO - [2025-10-31T13:17:14.966+0000] {dag.py:3036} INFO - Sync 1 DAGs
[2025-10-31T13:17:14.982+0000] {logging_mixin.py:188} INFO - [2025-10-31T13:17:14.982+0000] {dag.py:3823} INFO - Setting next_dagrun for my_dag to None, run_after=None
[2025-10-31T13:17:15.032+0000] {processor.py:183} INFO - Processing /opt/airflow/dags/my_dag.py took 0.864 seconds
[2025-10-31T13:17:45.277+0000] {processor.py:161} INFO - Started process (PID=560) to work on /opt/airflow/dags/my_dag.py
[2025-10-31T13:17:45.279+0000] {processor.py:830} INFO - Processing file /opt/airflow/dags/my_dag.py for tasks to queue
[2025-10-31T13:17:45.280+0000] {logging_mixin.py:188} INFO - [2025-10-31T13:17:45.280+0000] {dagbag.py:538} INFO - Filling up the DagBag from /opt/airflow/dags/my_dag.py
[2025-10-31T13:17:46.374+0000] {processor.py:840} INFO - DAG(s) 'my_dag' retrieved from /opt/airflow/dags/my_dag.py
[2025-10-31T13:17:46.484+0000] {logging_mixin.py:188} INFO - [2025-10-31T13:17:46.483+0000] {dag.py:3036} INFO - Sync 1 DAGs
[2025-10-31T13:17:46.516+0000] {logging_mixin.py:188} INFO - [2025-10-31T13:17:46.515+0000] {dag.py:3823} INFO - Setting next_dagrun for my_dag to None, run_after=None
[2025-10-31T13:17:46.563+0000] {processor.py:183} INFO - Processing /opt/airflow/dags/my_dag.py took 1.292 seconds
[2025-10-31T13:18:16.825+0000] {processor.py:161} INFO - Started process (PID=572) to work on /opt/airflow/dags/my_dag.py
[2025-10-31T13:18:16.828+0000] {processor.py:830} INFO - Processing file /opt/airflow/dags/my_dag.py for tasks to queue
[2025-10-31T13:18:16.830+0000] {logging_mixin.py:188} INFO - [2025-10-31T13:18:16.830+0000] {dagbag.py:538} INFO - Filling up the DagBag from /opt/airflow/dags/my_dag.py
[2025-10-31T13:18:17.844+0000] {processor.py:840} INFO - DAG(s) 'my_dag' retrieved from /opt/airflow/dags/my_dag.py
[2025-10-31T13:18:17.895+0000] {logging_mixin.py:188} INFO - [2025-10-31T13:18:17.894+0000] {dag.py:3036} INFO - Sync 1 DAGs
[2025-10-31T13:18:17.910+0000] {logging_mixin.py:188} INFO - [2025-10-31T13:18:17.910+0000] {dag.py:3823} INFO - Setting next_dagrun for my_dag to None, run_after=None
[2025-10-31T13:18:17.944+0000] {processor.py:183} INFO - Processing /opt/airflow/dags/my_dag.py took 1.129 seconds
[2025-10-31T13:18:48.590+0000] {processor.py:161} INFO - Started process (PID=584) to work on /opt/airflow/dags/my_dag.py
[2025-10-31T13:18:48.591+0000] {processor.py:830} INFO - Processing file /opt/airflow/dags/my_dag.py for tasks to queue
[2025-10-31T13:18:48.594+0000] {logging_mixin.py:188} INFO - [2025-10-31T13:18:48.593+0000] {dagbag.py:538} INFO - Filling up the DagBag from /opt/airflow/dags/my_dag.py
[2025-10-31T13:18:49.743+0000] {processor.py:840} INFO - DAG(s) 'my_dag' retrieved from /opt/airflow/dags/my_dag.py
[2025-10-31T13:18:49.796+0000] {logging_mixin.py:188} INFO - [2025-10-31T13:18:49.794+0000] {dag.py:3036} INFO - Sync 1 DAGs
[2025-10-31T13:18:49.828+0000] {logging_mixin.py:188} INFO - [2025-10-31T13:18:49.827+0000] {dag.py:3823} INFO - Setting next_dagrun for my_dag to None, run_after=None
[2025-10-31T13:18:49.876+0000] {processor.py:183} INFO - Processing /opt/airflow/dags/my_dag.py took 1.294 seconds
[2025-10-31T13:19:20.447+0000] {processor.py:161} INFO - Started process (PID=596) to work on /opt/airflow/dags/my_dag.py
[2025-10-31T13:19:20.449+0000] {processor.py:830} INFO - Processing file /opt/airflow/dags/my_dag.py for tasks to queue
[2025-10-31T13:19:20.451+0000] {logging_mixin.py:188} INFO - [2025-10-31T13:19:20.450+0000] {dagbag.py:538} INFO - Filling up the DagBag from /opt/airflow/dags/my_dag.py
[2025-10-31T13:19:21.155+0000] {processor.py:840} INFO - DAG(s) 'my_dag' retrieved from /opt/airflow/dags/my_dag.py
[2025-10-31T13:19:21.190+0000] {logging_mixin.py:188} INFO - [2025-10-31T13:19:21.188+0000] {dag.py:3036} INFO - Sync 1 DAGs
[2025-10-31T13:19:21.205+0000] {logging_mixin.py:188} INFO - [2025-10-31T13:19:21.205+0000] {dag.py:3823} INFO - Setting next_dagrun for my_dag to None, run_after=None
[2025-10-31T13:19:21.240+0000] {processor.py:183} INFO - Processing /opt/airflow/dags/my_dag.py took 0.799 seconds
[2025-10-31T13:19:53.077+0000] {processor.py:161} INFO - Started process (PID=607) to work on /opt/airflow/dags/my_dag.py
[2025-10-31T13:19:53.080+0000] {processor.py:830} INFO - Processing file /opt/airflow/dags/my_dag.py for tasks to queue
[2025-10-31T13:19:53.082+0000] {logging_mixin.py:188} INFO - [2025-10-31T13:19:53.081+0000] {dagbag.py:538} INFO - Filling up the DagBag from /opt/airflow/dags/my_dag.py
[2025-10-31T13:19:54.113+0000] {processor.py:840} INFO - DAG(s) 'my_dag' retrieved from /opt/airflow/dags/my_dag.py
[2025-10-31T13:19:54.152+0000] {logging_mixin.py:188} INFO - [2025-10-31T13:19:54.151+0000] {dag.py:3036} INFO - Sync 1 DAGs
[2025-10-31T13:19:54.169+0000] {logging_mixin.py:188} INFO - [2025-10-31T13:19:54.168+0000] {dag.py:3823} INFO - Setting next_dagrun for my_dag to None, run_after=None
[2025-10-31T13:19:54.207+0000] {processor.py:183} INFO - Processing /opt/airflow/dags/my_dag.py took 1.139 seconds
[2025-10-31T13:20:26.050+0000] {processor.py:161} INFO - Started process (PID=619) to work on /opt/airflow/dags/my_dag.py
[2025-10-31T13:20:26.054+0000] {processor.py:830} INFO - Processing file /opt/airflow/dags/my_dag.py for tasks to queue
[2025-10-31T13:20:26.056+0000] {logging_mixin.py:188} INFO - [2025-10-31T13:20:26.056+0000] {dagbag.py:538} INFO - Filling up the DagBag from /opt/airflow/dags/my_dag.py
[2025-10-31T13:20:27.532+0000] {processor.py:840} INFO - DAG(s) 'my_dag' retrieved from /opt/airflow/dags/my_dag.py
[2025-10-31T13:20:27.597+0000] {logging_mixin.py:188} INFO - [2025-10-31T13:20:27.595+0000] {dag.py:3036} INFO - Sync 1 DAGs
[2025-10-31T13:20:27.632+0000] {logging_mixin.py:188} INFO - [2025-10-31T13:20:27.632+0000] {dag.py:3823} INFO - Setting next_dagrun for my_dag to None, run_after=None
[2025-10-31T13:20:27.679+0000] {processor.py:183} INFO - Processing /opt/airflow/dags/my_dag.py took 1.638 seconds
[2025-10-31T13:20:58.547+0000] {processor.py:161} INFO - Started process (PID=631) to work on /opt/airflow/dags/my_dag.py
[2025-10-31T13:20:58.549+0000] {processor.py:830} INFO - Processing file /opt/airflow/dags/my_dag.py for tasks to queue
[2025-10-31T13:20:58.551+0000] {logging_mixin.py:188} INFO - [2025-10-31T13:20:58.550+0000] {dagbag.py:538} INFO - Filling up the DagBag from /opt/airflow/dags/my_dag.py
[2025-10-31T13:20:59.542+0000] {processor.py:840} INFO - DAG(s) 'my_dag' retrieved from /opt/airflow/dags/my_dag.py
[2025-10-31T13:20:59.576+0000] {logging_mixin.py:188} INFO - [2025-10-31T13:20:59.576+0000] {dag.py:3036} INFO - Sync 1 DAGs
[2025-10-31T13:20:59.603+0000] {logging_mixin.py:188} INFO - [2025-10-31T13:20:59.603+0000] {dag.py:3823} INFO - Setting next_dagrun for my_dag to None, run_after=None
[2025-10-31T13:20:59.648+0000] {processor.py:183} INFO - Processing /opt/airflow/dags/my_dag.py took 1.107 seconds
[2025-10-31T13:21:31.161+0000] {processor.py:161} INFO - Started process (PID=643) to work on /opt/airflow/dags/my_dag.py
[2025-10-31T13:21:31.163+0000] {processor.py:830} INFO - Processing file /opt/airflow/dags/my_dag.py for tasks to queue
[2025-10-31T13:21:31.165+0000] {logging_mixin.py:188} INFO - [2025-10-31T13:21:31.164+0000] {dagbag.py:538} INFO - Filling up the DagBag from /opt/airflow/dags/my_dag.py
[2025-10-31T13:21:32.035+0000] {processor.py:840} INFO - DAG(s) 'my_dag' retrieved from /opt/airflow/dags/my_dag.py
[2025-10-31T13:21:32.066+0000] {logging_mixin.py:188} INFO - [2025-10-31T13:21:32.065+0000] {dag.py:3036} INFO - Sync 1 DAGs
[2025-10-31T13:21:32.081+0000] {logging_mixin.py:188} INFO - [2025-10-31T13:21:32.080+0000] {dag.py:3823} INFO - Setting next_dagrun for my_dag to None, run_after=None
[2025-10-31T13:21:32.112+0000] {processor.py:183} INFO - Processing /opt/airflow/dags/my_dag.py took 0.962 seconds
[2025-10-31T13:22:04.625+0000] {processor.py:161} INFO - Started process (PID=655) to work on /opt/airflow/dags/my_dag.py
[2025-10-31T13:22:04.628+0000] {processor.py:830} INFO - Processing file /opt/airflow/dags/my_dag.py for tasks to queue
[2025-10-31T13:22:04.631+0000] {logging_mixin.py:188} INFO - [2025-10-31T13:22:04.630+0000] {dagbag.py:538} INFO - Filling up the DagBag from /opt/airflow/dags/my_dag.py
[2025-10-31T13:22:05.580+0000] {processor.py:840} INFO - DAG(s) 'my_dag' retrieved from /opt/airflow/dags/my_dag.py
[2025-10-31T13:22:05.638+0000] {logging_mixin.py:188} INFO - [2025-10-31T13:22:05.637+0000] {dag.py:3036} INFO - Sync 1 DAGs
[2025-10-31T13:22:05.659+0000] {logging_mixin.py:188} INFO - [2025-10-31T13:22:05.658+0000] {dag.py:3823} INFO - Setting next_dagrun for my_dag to None, run_after=None
[2025-10-31T13:22:05.703+0000] {processor.py:183} INFO - Processing /opt/airflow/dags/my_dag.py took 1.087 seconds
[2025-10-31T13:22:37.151+0000] {processor.py:161} INFO - Started process (PID=667) to work on /opt/airflow/dags/my_dag.py
[2025-10-31T13:22:37.153+0000] {processor.py:830} INFO - Processing file /opt/airflow/dags/my_dag.py for tasks to queue
[2025-10-31T13:22:37.156+0000] {logging_mixin.py:188} INFO - [2025-10-31T13:22:37.155+0000] {dagbag.py:538} INFO - Filling up the DagBag from /opt/airflow/dags/my_dag.py
[2025-10-31T13:22:38.058+0000] {processor.py:840} INFO - DAG(s) 'my_dag' retrieved from /opt/airflow/dags/my_dag.py
[2025-10-31T13:22:38.119+0000] {logging_mixin.py:188} INFO - [2025-10-31T13:22:38.118+0000] {dag.py:3036} INFO - Sync 1 DAGs
[2025-10-31T13:22:38.135+0000] {logging_mixin.py:188} INFO - [2025-10-31T13:22:38.134+0000] {dag.py:3823} INFO - Setting next_dagrun for my_dag to None, run_after=None
[2025-10-31T13:22:38.188+0000] {processor.py:183} INFO - Processing /opt/airflow/dags/my_dag.py took 1.046 seconds
[2025-10-31T13:23:10.263+0000] {processor.py:161} INFO - Started process (PID=679) to work on /opt/airflow/dags/my_dag.py
[2025-10-31T13:23:10.265+0000] {processor.py:830} INFO - Processing file /opt/airflow/dags/my_dag.py for tasks to queue
[2025-10-31T13:23:10.268+0000] {logging_mixin.py:188} INFO - [2025-10-31T13:23:10.267+0000] {dagbag.py:538} INFO - Filling up the DagBag from /opt/airflow/dags/my_dag.py
[2025-10-31T13:23:11.030+0000] {processor.py:840} INFO - DAG(s) 'my_dag' retrieved from /opt/airflow/dags/my_dag.py
[2025-10-31T13:23:11.090+0000] {logging_mixin.py:188} INFO - [2025-10-31T13:23:11.089+0000] {dag.py:3036} INFO - Sync 1 DAGs
[2025-10-31T13:23:11.122+0000] {logging_mixin.py:188} INFO - [2025-10-31T13:23:11.121+0000] {dag.py:3823} INFO - Setting next_dagrun for my_dag to None, run_after=None
[2025-10-31T13:23:11.160+0000] {processor.py:183} INFO - Processing /opt/airflow/dags/my_dag.py took 0.906 seconds
[2025-10-31T13:23:42.554+0000] {processor.py:161} INFO - Started process (PID=691) to work on /opt/airflow/dags/my_dag.py
[2025-10-31T13:23:42.556+0000] {processor.py:830} INFO - Processing file /opt/airflow/dags/my_dag.py for tasks to queue
[2025-10-31T13:23:42.558+0000] {logging_mixin.py:188} INFO - [2025-10-31T13:23:42.558+0000] {dagbag.py:538} INFO - Filling up the DagBag from /opt/airflow/dags/my_dag.py
[2025-10-31T13:23:43.710+0000] {processor.py:840} INFO - DAG(s) 'my_dag' retrieved from /opt/airflow/dags/my_dag.py
[2025-10-31T13:23:43.753+0000] {logging_mixin.py:188} INFO - [2025-10-31T13:23:43.752+0000] {dag.py:3036} INFO - Sync 1 DAGs
[2025-10-31T13:23:43.776+0000] {logging_mixin.py:188} INFO - [2025-10-31T13:23:43.775+0000] {dag.py:3823} INFO - Setting next_dagrun for my_dag to None, run_after=None
[2025-10-31T13:23:43.810+0000] {processor.py:183} INFO - Processing /opt/airflow/dags/my_dag.py took 1.263 seconds
[2025-10-31T13:24:14.745+0000] {processor.py:161} INFO - Started process (PID=703) to work on /opt/airflow/dags/my_dag.py
[2025-10-31T13:24:14.750+0000] {processor.py:830} INFO - Processing file /opt/airflow/dags/my_dag.py for tasks to queue
[2025-10-31T13:24:14.753+0000] {logging_mixin.py:188} INFO - [2025-10-31T13:24:14.752+0000] {dagbag.py:538} INFO - Filling up the DagBag from /opt/airflow/dags/my_dag.py
[2025-10-31T13:24:15.514+0000] {processor.py:840} INFO - DAG(s) 'my_dag' retrieved from /opt/airflow/dags/my_dag.py
[2025-10-31T13:24:15.545+0000] {logging_mixin.py:188} INFO - [2025-10-31T13:24:15.544+0000] {dag.py:3036} INFO - Sync 1 DAGs
[2025-10-31T13:24:15.560+0000] {logging_mixin.py:188} INFO - [2025-10-31T13:24:15.559+0000] {dag.py:3823} INFO - Setting next_dagrun for my_dag to None, run_after=None
[2025-10-31T13:24:15.593+0000] {processor.py:183} INFO - Processing /opt/airflow/dags/my_dag.py took 0.856 seconds
[2025-10-31T13:24:47.722+0000] {processor.py:161} INFO - Started process (PID=715) to work on /opt/airflow/dags/my_dag.py
[2025-10-31T13:24:47.724+0000] {processor.py:830} INFO - Processing file /opt/airflow/dags/my_dag.py for tasks to queue
[2025-10-31T13:24:47.727+0000] {logging_mixin.py:188} INFO - [2025-10-31T13:24:47.726+0000] {dagbag.py:538} INFO - Filling up the DagBag from /opt/airflow/dags/my_dag.py
[2025-10-31T13:24:48.440+0000] {processor.py:840} INFO - DAG(s) 'my_dag' retrieved from /opt/airflow/dags/my_dag.py
[2025-10-31T13:24:48.472+0000] {logging_mixin.py:188} INFO - [2025-10-31T13:24:48.471+0000] {dag.py:3036} INFO - Sync 1 DAGs
[2025-10-31T13:24:48.489+0000] {logging_mixin.py:188} INFO - [2025-10-31T13:24:48.489+0000] {dag.py:3823} INFO - Setting next_dagrun for my_dag to None, run_after=None
[2025-10-31T13:24:48.527+0000] {processor.py:183} INFO - Processing /opt/airflow/dags/my_dag.py took 0.811 seconds
[2025-10-31T13:25:20.271+0000] {processor.py:161} INFO - Started process (PID=726) to work on /opt/airflow/dags/my_dag.py
[2025-10-31T13:25:20.275+0000] {processor.py:830} INFO - Processing file /opt/airflow/dags/my_dag.py for tasks to queue
[2025-10-31T13:25:20.278+0000] {logging_mixin.py:188} INFO - [2025-10-31T13:25:20.277+0000] {dagbag.py:538} INFO - Filling up the DagBag from /opt/airflow/dags/my_dag.py
[2025-10-31T13:25:21.050+0000] {processor.py:840} INFO - DAG(s) 'my_dag' retrieved from /opt/airflow/dags/my_dag.py
[2025-10-31T13:25:21.085+0000] {logging_mixin.py:188} INFO - [2025-10-31T13:25:21.084+0000] {dag.py:3036} INFO - Sync 1 DAGs
[2025-10-31T13:25:21.100+0000] {logging_mixin.py:188} INFO - [2025-10-31T13:25:21.100+0000] {dag.py:3823} INFO - Setting next_dagrun for my_dag to None, run_after=None
[2025-10-31T13:25:21.131+0000] {processor.py:183} INFO - Processing /opt/airflow/dags/my_dag.py took 0.870 seconds
[2025-10-31T13:25:53.334+0000] {processor.py:161} INFO - Started process (PID=738) to work on /opt/airflow/dags/my_dag.py
[2025-10-31T13:25:53.336+0000] {processor.py:830} INFO - Processing file /opt/airflow/dags/my_dag.py for tasks to queue
[2025-10-31T13:25:53.339+0000] {logging_mixin.py:188} INFO - [2025-10-31T13:25:53.338+0000] {dagbag.py:538} INFO - Filling up the DagBag from /opt/airflow/dags/my_dag.py
[2025-10-31T13:25:54.597+0000] {processor.py:840} INFO - DAG(s) 'my_dag' retrieved from /opt/airflow/dags/my_dag.py
[2025-10-31T13:25:54.629+0000] {logging_mixin.py:188} INFO - [2025-10-31T13:25:54.628+0000] {dag.py:3036} INFO - Sync 1 DAGs
[2025-10-31T13:25:54.644+0000] {logging_mixin.py:188} INFO - [2025-10-31T13:25:54.644+0000] {dag.py:3823} INFO - Setting next_dagrun for my_dag to None, run_after=None
[2025-10-31T13:25:54.678+0000] {processor.py:183} INFO - Processing /opt/airflow/dags/my_dag.py took 1.353 seconds
[2025-10-31T13:26:26.446+0000] {processor.py:161} INFO - Started process (PID=750) to work on /opt/airflow/dags/my_dag.py
[2025-10-31T13:26:26.448+0000] {processor.py:830} INFO - Processing file /opt/airflow/dags/my_dag.py for tasks to queue
[2025-10-31T13:26:26.450+0000] {logging_mixin.py:188} INFO - [2025-10-31T13:26:26.450+0000] {dagbag.py:538} INFO - Filling up the DagBag from /opt/airflow/dags/my_dag.py
[2025-10-31T13:26:27.312+0000] {processor.py:840} INFO - DAG(s) 'my_dag' retrieved from /opt/airflow/dags/my_dag.py
[2025-10-31T13:26:27.352+0000] {logging_mixin.py:188} INFO - [2025-10-31T13:26:27.351+0000] {dag.py:3036} INFO - Sync 1 DAGs
[2025-10-31T13:26:27.367+0000] {logging_mixin.py:188} INFO - [2025-10-31T13:26:27.366+0000] {dag.py:3823} INFO - Setting next_dagrun for my_dag to None, run_after=None
[2025-10-31T13:26:27.399+0000] {processor.py:183} INFO - Processing /opt/airflow/dags/my_dag.py took 0.960 seconds
[2025-10-31T13:26:58.536+0000] {processor.py:161} INFO - Started process (PID=762) to work on /opt/airflow/dags/my_dag.py
[2025-10-31T13:26:58.553+0000] {processor.py:830} INFO - Processing file /opt/airflow/dags/my_dag.py for tasks to queue
[2025-10-31T13:26:58.556+0000] {logging_mixin.py:188} INFO - [2025-10-31T13:26:58.555+0000] {dagbag.py:538} INFO - Filling up the DagBag from /opt/airflow/dags/my_dag.py
[2025-10-31T13:27:01.062+0000] {processor.py:840} INFO - DAG(s) 'my_dag' retrieved from /opt/airflow/dags/my_dag.py
[2025-10-31T13:27:01.182+0000] {logging_mixin.py:188} INFO - [2025-10-31T13:27:01.181+0000] {dag.py:3036} INFO - Sync 1 DAGs
[2025-10-31T13:27:01.320+0000] {logging_mixin.py:188} INFO - [2025-10-31T13:27:01.320+0000] {dag.py:3823} INFO - Setting next_dagrun for my_dag to None, run_after=None
[2025-10-31T13:27:01.437+0000] {processor.py:183} INFO - Processing /opt/airflow/dags/my_dag.py took 2.926 seconds
[2025-10-31T13:27:31.776+0000] {processor.py:161} INFO - Started process (PID=775) to work on /opt/airflow/dags/my_dag.py
[2025-10-31T13:27:31.778+0000] {processor.py:830} INFO - Processing file /opt/airflow/dags/my_dag.py for tasks to queue
[2025-10-31T13:27:31.780+0000] {logging_mixin.py:188} INFO - [2025-10-31T13:27:31.780+0000] {dagbag.py:538} INFO - Filling up the DagBag from /opt/airflow/dags/my_dag.py
[2025-10-31T13:27:32.512+0000] {processor.py:840} INFO - DAG(s) 'my_dag' retrieved from /opt/airflow/dags/my_dag.py
[2025-10-31T13:27:32.555+0000] {logging_mixin.py:188} INFO - [2025-10-31T13:27:32.554+0000] {dag.py:3036} INFO - Sync 1 DAGs
[2025-10-31T13:27:32.573+0000] {logging_mixin.py:188} INFO - [2025-10-31T13:27:32.573+0000] {dag.py:3823} INFO - Setting next_dagrun for my_dag to None, run_after=None
[2025-10-31T13:27:32.648+0000] {processor.py:183} INFO - Processing /opt/airflow/dags/my_dag.py took 0.881 seconds
[2025-10-31T13:28:05.202+0000] {processor.py:161} INFO - Started process (PID=787) to work on /opt/airflow/dags/my_dag.py
[2025-10-31T13:28:05.204+0000] {processor.py:830} INFO - Processing file /opt/airflow/dags/my_dag.py for tasks to queue
[2025-10-31T13:28:05.208+0000] {logging_mixin.py:188} INFO - [2025-10-31T13:28:05.207+0000] {dagbag.py:538} INFO - Filling up the DagBag from /opt/airflow/dags/my_dag.py
[2025-10-31T13:28:06.428+0000] {processor.py:840} INFO - DAG(s) 'my_dag' retrieved from /opt/airflow/dags/my_dag.py
[2025-10-31T13:28:06.460+0000] {logging_mixin.py:188} INFO - [2025-10-31T13:28:06.459+0000] {dag.py:3036} INFO - Sync 1 DAGs
[2025-10-31T13:28:06.475+0000] {logging_mixin.py:188} INFO - [2025-10-31T13:28:06.475+0000] {dag.py:3823} INFO - Setting next_dagrun for my_dag to None, run_after=None
[2025-10-31T13:28:06.785+0000] {processor.py:183} INFO - Processing /opt/airflow/dags/my_dag.py took 1.593 seconds
[2025-10-31T13:28:37.692+0000] {processor.py:161} INFO - Started process (PID=800) to work on /opt/airflow/dags/my_dag.py
[2025-10-31T13:28:37.694+0000] {processor.py:830} INFO - Processing file /opt/airflow/dags/my_dag.py for tasks to queue
[2025-10-31T13:28:37.696+0000] {logging_mixin.py:188} INFO - [2025-10-31T13:28:37.696+0000] {dagbag.py:538} INFO - Filling up the DagBag from /opt/airflow/dags/my_dag.py
[2025-10-31T13:28:38.488+0000] {processor.py:840} INFO - DAG(s) 'my_dag' retrieved from /opt/airflow/dags/my_dag.py
[2025-10-31T13:28:38.525+0000] {logging_mixin.py:188} INFO - [2025-10-31T13:28:38.523+0000] {dag.py:3036} INFO - Sync 1 DAGs
[2025-10-31T13:28:38.542+0000] {logging_mixin.py:188} INFO - [2025-10-31T13:28:38.542+0000] {dag.py:3823} INFO - Setting next_dagrun for my_dag to None, run_after=None
[2025-10-31T13:28:38.580+0000] {processor.py:183} INFO - Processing /opt/airflow/dags/my_dag.py took 0.897 seconds
[2025-10-31T13:29:09.595+0000] {processor.py:161} INFO - Started process (PID=811) to work on /opt/airflow/dags/my_dag.py
[2025-10-31T13:29:09.597+0000] {processor.py:830} INFO - Processing file /opt/airflow/dags/my_dag.py for tasks to queue
[2025-10-31T13:29:09.600+0000] {logging_mixin.py:188} INFO - [2025-10-31T13:29:09.599+0000] {dagbag.py:538} INFO - Filling up the DagBag from /opt/airflow/dags/my_dag.py
[2025-10-31T13:29:11.602+0000] {processor.py:840} INFO - DAG(s) 'my_dag' retrieved from /opt/airflow/dags/my_dag.py
[2025-10-31T13:29:11.771+0000] {logging_mixin.py:188} INFO - [2025-10-31T13:29:11.765+0000] {dag.py:3036} INFO - Sync 1 DAGs
[2025-10-31T13:29:12.028+0000] {logging_mixin.py:188} INFO - [2025-10-31T13:29:12.027+0000] {dag.py:3823} INFO - Setting next_dagrun for my_dag to None, run_after=None
[2025-10-31T13:29:12.142+0000] {processor.py:183} INFO - Processing /opt/airflow/dags/my_dag.py took 2.561 seconds
[2025-10-31T13:29:42.957+0000] {processor.py:161} INFO - Started process (PID=823) to work on /opt/airflow/dags/my_dag.py
[2025-10-31T13:29:42.960+0000] {processor.py:830} INFO - Processing file /opt/airflow/dags/my_dag.py for tasks to queue
[2025-10-31T13:29:42.962+0000] {logging_mixin.py:188} INFO - [2025-10-31T13:29:42.961+0000] {dagbag.py:538} INFO - Filling up the DagBag from /opt/airflow/dags/my_dag.py
[2025-10-31T13:29:45.974+0000] {processor.py:840} INFO - DAG(s) 'my_dag' retrieved from /opt/airflow/dags/my_dag.py
[2025-10-31T13:29:46.216+0000] {logging_mixin.py:188} INFO - [2025-10-31T13:29:46.215+0000] {dag.py:3036} INFO - Sync 1 DAGs
[2025-10-31T13:29:46.344+0000] {logging_mixin.py:188} INFO - [2025-10-31T13:29:46.344+0000] {dag.py:3823} INFO - Setting next_dagrun for my_dag to None, run_after=None
[2025-10-31T13:29:46.504+0000] {processor.py:183} INFO - Processing /opt/airflow/dags/my_dag.py took 3.557 seconds
[2025-10-31T13:30:16.640+0000] {processor.py:161} INFO - Started process (PID=836) to work on /opt/airflow/dags/my_dag.py
[2025-10-31T13:30:16.643+0000] {processor.py:830} INFO - Processing file /opt/airflow/dags/my_dag.py for tasks to queue
[2025-10-31T13:30:16.645+0000] {logging_mixin.py:188} INFO - [2025-10-31T13:30:16.644+0000] {dagbag.py:538} INFO - Filling up the DagBag from /opt/airflow/dags/my_dag.py
[2025-10-31T13:30:17.737+0000] {processor.py:840} INFO - DAG(s) 'my_dag' retrieved from /opt/airflow/dags/my_dag.py
[2025-10-31T13:30:17.778+0000] {logging_mixin.py:188} INFO - [2025-10-31T13:30:17.777+0000] {dag.py:3036} INFO - Sync 1 DAGs
[2025-10-31T13:30:17.795+0000] {logging_mixin.py:188} INFO - [2025-10-31T13:30:17.795+0000] {dag.py:3823} INFO - Setting next_dagrun for my_dag to None, run_after=None
[2025-10-31T13:30:17.836+0000] {processor.py:183} INFO - Processing /opt/airflow/dags/my_dag.py took 1.204 seconds
[2025-10-31T13:30:48.709+0000] {processor.py:161} INFO - Started process (PID=848) to work on /opt/airflow/dags/my_dag.py
[2025-10-31T13:30:48.712+0000] {processor.py:830} INFO - Processing file /opt/airflow/dags/my_dag.py for tasks to queue
[2025-10-31T13:30:48.716+0000] {logging_mixin.py:188} INFO - [2025-10-31T13:30:48.715+0000] {dagbag.py:538} INFO - Filling up the DagBag from /opt/airflow/dags/my_dag.py
[2025-10-31T13:30:49.584+0000] {processor.py:840} INFO - DAG(s) 'my_dag' retrieved from /opt/airflow/dags/my_dag.py
[2025-10-31T13:30:49.617+0000] {logging_mixin.py:188} INFO - [2025-10-31T13:30:49.616+0000] {dag.py:3036} INFO - Sync 1 DAGs
[2025-10-31T13:30:49.631+0000] {logging_mixin.py:188} INFO - [2025-10-31T13:30:49.631+0000] {dag.py:3823} INFO - Setting next_dagrun for my_dag to None, run_after=None
[2025-10-31T13:30:49.668+0000] {processor.py:183} INFO - Processing /opt/airflow/dags/my_dag.py took 0.968 seconds
[2025-10-31T13:31:20.515+0000] {processor.py:161} INFO - Started process (PID=858) to work on /opt/airflow/dags/my_dag.py
[2025-10-31T13:31:20.523+0000] {processor.py:830} INFO - Processing file /opt/airflow/dags/my_dag.py for tasks to queue
[2025-10-31T13:31:20.526+0000] {logging_mixin.py:188} INFO - [2025-10-31T13:31:20.525+0000] {dagbag.py:538} INFO - Filling up the DagBag from /opt/airflow/dags/my_dag.py
[2025-10-31T13:31:21.392+0000] {processor.py:840} INFO - DAG(s) 'my_dag' retrieved from /opt/airflow/dags/my_dag.py
[2025-10-31T13:31:21.423+0000] {logging_mixin.py:188} INFO - [2025-10-31T13:31:21.422+0000] {dag.py:3036} INFO - Sync 1 DAGs
[2025-10-31T13:31:21.438+0000] {logging_mixin.py:188} INFO - [2025-10-31T13:31:21.438+0000] {dag.py:3823} INFO - Setting next_dagrun for my_dag to None, run_after=None
[2025-10-31T13:31:21.472+0000] {processor.py:183} INFO - Processing /opt/airflow/dags/my_dag.py took 0.965 seconds
[2025-10-31T13:31:53.236+0000] {processor.py:161} INFO - Started process (PID=870) to work on /opt/airflow/dags/my_dag.py
[2025-10-31T13:31:53.238+0000] {processor.py:830} INFO - Processing file /opt/airflow/dags/my_dag.py for tasks to queue
[2025-10-31T13:31:53.242+0000] {logging_mixin.py:188} INFO - [2025-10-31T13:31:53.241+0000] {dagbag.py:538} INFO - Filling up the DagBag from /opt/airflow/dags/my_dag.py
[2025-10-31T13:31:54.375+0000] {processor.py:840} INFO - DAG(s) 'my_dag' retrieved from /opt/airflow/dags/my_dag.py
[2025-10-31T13:31:54.412+0000] {logging_mixin.py:188} INFO - [2025-10-31T13:31:54.410+0000] {dag.py:3036} INFO - Sync 1 DAGs
[2025-10-31T13:31:54.426+0000] {logging_mixin.py:188} INFO - [2025-10-31T13:31:54.426+0000] {dag.py:3823} INFO - Setting next_dagrun for my_dag to None, run_after=None
[2025-10-31T13:31:54.463+0000] {processor.py:183} INFO - Processing /opt/airflow/dags/my_dag.py took 1.236 seconds
[2025-10-31T13:32:26.172+0000] {processor.py:161} INFO - Started process (PID=882) to work on /opt/airflow/dags/my_dag.py
[2025-10-31T13:32:26.175+0000] {processor.py:830} INFO - Processing file /opt/airflow/dags/my_dag.py for tasks to queue
[2025-10-31T13:32:26.178+0000] {logging_mixin.py:188} INFO - [2025-10-31T13:32:26.177+0000] {dagbag.py:538} INFO - Filling up the DagBag from /opt/airflow/dags/my_dag.py
[2025-10-31T13:32:27.658+0000] {processor.py:840} INFO - DAG(s) 'my_dag' retrieved from /opt/airflow/dags/my_dag.py
[2025-10-31T13:32:27.702+0000] {logging_mixin.py:188} INFO - [2025-10-31T13:32:27.701+0000] {dag.py:3036} INFO - Sync 1 DAGs
[2025-10-31T13:32:27.724+0000] {logging_mixin.py:188} INFO - [2025-10-31T13:32:27.724+0000] {dag.py:3823} INFO - Setting next_dagrun for my_dag to None, run_after=None
[2025-10-31T13:32:27.763+0000] {processor.py:183} INFO - Processing /opt/airflow/dags/my_dag.py took 1.600 seconds
[2025-10-31T13:32:58.435+0000] {processor.py:161} INFO - Started process (PID=894) to work on /opt/airflow/dags/my_dag.py
[2025-10-31T13:32:58.438+0000] {processor.py:830} INFO - Processing file /opt/airflow/dags/my_dag.py for tasks to queue
[2025-10-31T13:32:58.440+0000] {logging_mixin.py:188} INFO - [2025-10-31T13:32:58.440+0000] {dagbag.py:538} INFO - Filling up the DagBag from /opt/airflow/dags/my_dag.py
[2025-10-31T13:32:59.767+0000] {processor.py:840} INFO - DAG(s) 'my_dag' retrieved from /opt/airflow/dags/my_dag.py
[2025-10-31T13:32:59.799+0000] {logging_mixin.py:188} INFO - [2025-10-31T13:32:59.798+0000] {dag.py:3036} INFO - Sync 1 DAGs
[2025-10-31T13:32:59.813+0000] {logging_mixin.py:188} INFO - [2025-10-31T13:32:59.812+0000] {dag.py:3823} INFO - Setting next_dagrun for my_dag to None, run_after=None
[2025-10-31T13:32:59.856+0000] {processor.py:183} INFO - Processing /opt/airflow/dags/my_dag.py took 1.429 seconds
[2025-10-31T13:33:32.748+0000] {processor.py:161} INFO - Started process (PID=906) to work on /opt/airflow/dags/my_dag.py
[2025-10-31T13:33:32.751+0000] {processor.py:830} INFO - Processing file /opt/airflow/dags/my_dag.py for tasks to queue
[2025-10-31T13:33:32.755+0000] {logging_mixin.py:188} INFO - [2025-10-31T13:33:32.753+0000] {dagbag.py:538} INFO - Filling up the DagBag from /opt/airflow/dags/my_dag.py
[2025-10-31T13:33:34.432+0000] {processor.py:840} INFO - DAG(s) 'my_dag' retrieved from /opt/airflow/dags/my_dag.py
[2025-10-31T13:33:34.513+0000] {logging_mixin.py:188} INFO - [2025-10-31T13:33:34.503+0000] {dag.py:3036} INFO - Sync 1 DAGs
[2025-10-31T13:33:34.559+0000] {logging_mixin.py:188} INFO - [2025-10-31T13:33:34.559+0000] {dag.py:3823} INFO - Setting next_dagrun for my_dag to None, run_after=None
[2025-10-31T13:33:34.640+0000] {processor.py:183} INFO - Processing /opt/airflow/dags/my_dag.py took 1.903 seconds
[2025-10-31T13:34:04.863+0000] {processor.py:161} INFO - Started process (PID=919) to work on /opt/airflow/dags/my_dag.py
[2025-10-31T13:34:04.866+0000] {processor.py:830} INFO - Processing file /opt/airflow/dags/my_dag.py for tasks to queue
[2025-10-31T13:34:04.868+0000] {logging_mixin.py:188} INFO - [2025-10-31T13:34:04.867+0000] {dagbag.py:538} INFO - Filling up the DagBag from /opt/airflow/dags/my_dag.py
[2025-10-31T13:34:06.838+0000] {processor.py:840} INFO - DAG(s) 'my_dag' retrieved from /opt/airflow/dags/my_dag.py
[2025-10-31T13:34:06.907+0000] {logging_mixin.py:188} INFO - [2025-10-31T13:34:06.906+0000] {dag.py:3036} INFO - Sync 1 DAGs
[2025-10-31T13:34:06.943+0000] {logging_mixin.py:188} INFO - [2025-10-31T13:34:06.942+0000] {dag.py:3823} INFO - Setting next_dagrun for my_dag to None, run_after=None
[2025-10-31T13:34:06.979+0000] {processor.py:183} INFO - Processing /opt/airflow/dags/my_dag.py took 2.124 seconds
[2025-10-31T13:34:39.220+0000] {processor.py:161} INFO - Started process (PID=931) to work on /opt/airflow/dags/my_dag.py
[2025-10-31T13:34:39.237+0000] {processor.py:830} INFO - Processing file /opt/airflow/dags/my_dag.py for tasks to queue
[2025-10-31T13:34:39.240+0000] {logging_mixin.py:188} INFO - [2025-10-31T13:34:39.239+0000] {dagbag.py:538} INFO - Filling up the DagBag from /opt/airflow/dags/my_dag.py
[2025-10-31T13:34:40.705+0000] {processor.py:840} INFO - DAG(s) 'my_dag' retrieved from /opt/airflow/dags/my_dag.py
[2025-10-31T13:34:40.822+0000] {logging_mixin.py:188} INFO - [2025-10-31T13:34:40.820+0000] {dag.py:3036} INFO - Sync 1 DAGs
[2025-10-31T13:34:40.883+0000] {logging_mixin.py:188} INFO - [2025-10-31T13:34:40.883+0000] {dag.py:3823} INFO - Setting next_dagrun for my_dag to None, run_after=None
[2025-10-31T13:34:40.942+0000] {processor.py:183} INFO - Processing /opt/airflow/dags/my_dag.py took 1.746 seconds
[2025-10-31T13:35:11.230+0000] {processor.py:161} INFO - Started process (PID=942) to work on /opt/airflow/dags/my_dag.py
[2025-10-31T13:35:11.233+0000] {processor.py:830} INFO - Processing file /opt/airflow/dags/my_dag.py for tasks to queue
[2025-10-31T13:35:11.235+0000] {logging_mixin.py:188} INFO - [2025-10-31T13:35:11.235+0000] {dagbag.py:538} INFO - Filling up the DagBag from /opt/airflow/dags/my_dag.py
[2025-10-31T13:35:12.285+0000] {processor.py:840} INFO - DAG(s) 'my_dag' retrieved from /opt/airflow/dags/my_dag.py
[2025-10-31T13:35:12.320+0000] {logging_mixin.py:188} INFO - [2025-10-31T13:35:12.319+0000] {dag.py:3036} INFO - Sync 1 DAGs
[2025-10-31T13:35:12.344+0000] {logging_mixin.py:188} INFO - [2025-10-31T13:35:12.344+0000] {dag.py:3823} INFO - Setting next_dagrun for my_dag to None, run_after=None
[2025-10-31T13:35:12.405+0000] {processor.py:183} INFO - Processing /opt/airflow/dags/my_dag.py took 1.188 seconds
[2025-10-31T13:35:44.329+0000] {processor.py:161} INFO - Started process (PID=954) to work on /opt/airflow/dags/my_dag.py
[2025-10-31T13:35:44.340+0000] {processor.py:830} INFO - Processing file /opt/airflow/dags/my_dag.py for tasks to queue
[2025-10-31T13:35:44.347+0000] {logging_mixin.py:188} INFO - [2025-10-31T13:35:44.347+0000] {dagbag.py:538} INFO - Filling up the DagBag from /opt/airflow/dags/my_dag.py
[2025-10-31T13:35:46.614+0000] {processor.py:840} INFO - DAG(s) 'my_dag' retrieved from /opt/airflow/dags/my_dag.py
[2025-10-31T13:35:46.668+0000] {logging_mixin.py:188} INFO - [2025-10-31T13:35:46.665+0000] {dag.py:3036} INFO - Sync 1 DAGs
[2025-10-31T13:35:46.711+0000] {logging_mixin.py:188} INFO - [2025-10-31T13:35:46.711+0000] {dag.py:3823} INFO - Setting next_dagrun for my_dag to None, run_after=None
[2025-10-31T13:35:46.774+0000] {processor.py:183} INFO - Processing /opt/airflow/dags/my_dag.py took 2.464 seconds
[2025-10-31T13:36:17.748+0000] {processor.py:161} INFO - Started process (PID=966) to work on /opt/airflow/dags/my_dag.py
[2025-10-31T13:36:17.758+0000] {processor.py:830} INFO - Processing file /opt/airflow/dags/my_dag.py for tasks to queue
[2025-10-31T13:36:17.761+0000] {logging_mixin.py:188} INFO - [2025-10-31T13:36:17.760+0000] {dagbag.py:538} INFO - Filling up the DagBag from /opt/airflow/dags/my_dag.py
[2025-10-31T13:36:19.939+0000] {processor.py:840} INFO - DAG(s) 'my_dag' retrieved from /opt/airflow/dags/my_dag.py
[2025-10-31T13:36:20.078+0000] {logging_mixin.py:188} INFO - [2025-10-31T13:36:20.075+0000] {dag.py:3036} INFO - Sync 1 DAGs
[2025-10-31T13:36:20.127+0000] {logging_mixin.py:188} INFO - [2025-10-31T13:36:20.126+0000] {dag.py:3823} INFO - Setting next_dagrun for my_dag to None, run_after=None
[2025-10-31T13:36:20.170+0000] {processor.py:183} INFO - Processing /opt/airflow/dags/my_dag.py took 2.441 seconds
[2025-10-31T13:36:50.618+0000] {processor.py:161} INFO - Started process (PID=978) to work on /opt/airflow/dags/my_dag.py
[2025-10-31T13:36:50.624+0000] {processor.py:830} INFO - Processing file /opt/airflow/dags/my_dag.py for tasks to queue
[2025-10-31T13:36:50.628+0000] {logging_mixin.py:188} INFO - [2025-10-31T13:36:50.627+0000] {dagbag.py:538} INFO - Filling up the DagBag from /opt/airflow/dags/my_dag.py
[2025-10-31T13:36:52.263+0000] {processor.py:840} INFO - DAG(s) 'my_dag' retrieved from /opt/airflow/dags/my_dag.py
[2025-10-31T13:36:52.325+0000] {logging_mixin.py:188} INFO - [2025-10-31T13:36:52.324+0000] {dag.py:3036} INFO - Sync 1 DAGs
[2025-10-31T13:36:52.360+0000] {logging_mixin.py:188} INFO - [2025-10-31T13:36:52.359+0000] {dag.py:3823} INFO - Setting next_dagrun for my_dag to None, run_after=None
[2025-10-31T13:36:52.419+0000] {processor.py:183} INFO - Processing /opt/airflow/dags/my_dag.py took 1.818 seconds
[2025-10-31T13:37:23.004+0000] {processor.py:161} INFO - Started process (PID=990) to work on /opt/airflow/dags/my_dag.py
[2025-10-31T13:37:23.007+0000] {processor.py:830} INFO - Processing file /opt/airflow/dags/my_dag.py for tasks to queue
[2025-10-31T13:37:23.010+0000] {logging_mixin.py:188} INFO - [2025-10-31T13:37:23.009+0000] {dagbag.py:538} INFO - Filling up the DagBag from /opt/airflow/dags/my_dag.py
[2025-10-31T13:37:24.282+0000] {processor.py:840} INFO - DAG(s) 'my_dag' retrieved from /opt/airflow/dags/my_dag.py
[2025-10-31T13:37:24.452+0000] {logging_mixin.py:188} INFO - [2025-10-31T13:37:24.450+0000] {dag.py:3036} INFO - Sync 1 DAGs
[2025-10-31T13:37:24.526+0000] {logging_mixin.py:188} INFO - [2025-10-31T13:37:24.525+0000] {dag.py:3823} INFO - Setting next_dagrun for my_dag to None, run_after=None
[2025-10-31T13:37:24.613+0000] {processor.py:183} INFO - Processing /opt/airflow/dags/my_dag.py took 1.615 seconds
[2025-10-31T13:37:55.741+0000] {processor.py:161} INFO - Started process (PID=1002) to work on /opt/airflow/dags/my_dag.py
[2025-10-31T13:37:55.776+0000] {processor.py:830} INFO - Processing file /opt/airflow/dags/my_dag.py for tasks to queue
[2025-10-31T13:37:55.786+0000] {logging_mixin.py:188} INFO - [2025-10-31T13:37:55.785+0000] {dagbag.py:538} INFO - Filling up the DagBag from /opt/airflow/dags/my_dag.py
[2025-10-31T13:37:57.815+0000] {processor.py:840} INFO - DAG(s) 'my_dag' retrieved from /opt/airflow/dags/my_dag.py
[2025-10-31T13:37:57.867+0000] {logging_mixin.py:188} INFO - [2025-10-31T13:37:57.865+0000] {dag.py:3036} INFO - Sync 1 DAGs
[2025-10-31T13:37:57.911+0000] {logging_mixin.py:188} INFO - [2025-10-31T13:37:57.910+0000] {dag.py:3823} INFO - Setting next_dagrun for my_dag to None, run_after=None
[2025-10-31T13:37:57.997+0000] {processor.py:183} INFO - Processing /opt/airflow/dags/my_dag.py took 2.264 seconds
[2025-10-31T13:38:28.788+0000] {processor.py:161} INFO - Started process (PID=1014) to work on /opt/airflow/dags/my_dag.py
[2025-10-31T13:38:28.790+0000] {processor.py:830} INFO - Processing file /opt/airflow/dags/my_dag.py for tasks to queue
[2025-10-31T13:38:28.793+0000] {logging_mixin.py:188} INFO - [2025-10-31T13:38:28.792+0000] {dagbag.py:538} INFO - Filling up the DagBag from /opt/airflow/dags/my_dag.py
[2025-10-31T13:38:29.793+0000] {processor.py:840} INFO - DAG(s) 'my_dag' retrieved from /opt/airflow/dags/my_dag.py
[2025-10-31T13:38:29.879+0000] {logging_mixin.py:188} INFO - [2025-10-31T13:38:29.877+0000] {dag.py:3036} INFO - Sync 1 DAGs
[2025-10-31T13:38:29.905+0000] {logging_mixin.py:188} INFO - [2025-10-31T13:38:29.904+0000] {dag.py:3823} INFO - Setting next_dagrun for my_dag to None, run_after=None
[2025-10-31T13:38:29.955+0000] {processor.py:183} INFO - Processing /opt/airflow/dags/my_dag.py took 1.173 seconds
[2025-10-31T13:39:00.197+0000] {processor.py:161} INFO - Started process (PID=1026) to work on /opt/airflow/dags/my_dag.py
[2025-10-31T13:39:00.202+0000] {processor.py:830} INFO - Processing file /opt/airflow/dags/my_dag.py for tasks to queue
[2025-10-31T13:39:00.205+0000] {logging_mixin.py:188} INFO - [2025-10-31T13:39:00.204+0000] {dagbag.py:538} INFO - Filling up the DagBag from /opt/airflow/dags/my_dag.py
[2025-10-31T13:39:01.368+0000] {processor.py:840} INFO - DAG(s) 'my_dag' retrieved from /opt/airflow/dags/my_dag.py
[2025-10-31T13:39:01.435+0000] {logging_mixin.py:188} INFO - [2025-10-31T13:39:01.434+0000] {dag.py:3036} INFO - Sync 1 DAGs
[2025-10-31T13:39:01.468+0000] {logging_mixin.py:188} INFO - [2025-10-31T13:39:01.468+0000] {dag.py:3823} INFO - Setting next_dagrun for my_dag to None, run_after=None
[2025-10-31T13:39:01.500+0000] {processor.py:183} INFO - Processing /opt/airflow/dags/my_dag.py took 1.314 seconds
[2025-10-31T13:39:32.873+0000] {processor.py:161} INFO - Started process (PID=1037) to work on /opt/airflow/dags/my_dag.py
[2025-10-31T13:39:32.876+0000] {processor.py:830} INFO - Processing file /opt/airflow/dags/my_dag.py for tasks to queue
[2025-10-31T13:39:32.879+0000] {logging_mixin.py:188} INFO - [2025-10-31T13:39:32.878+0000] {dagbag.py:538} INFO - Filling up the DagBag from /opt/airflow/dags/my_dag.py
[2025-10-31T13:39:33.798+0000] {processor.py:840} INFO - DAG(s) 'my_dag' retrieved from /opt/airflow/dags/my_dag.py
[2025-10-31T13:39:33.860+0000] {logging_mixin.py:188} INFO - [2025-10-31T13:39:33.859+0000] {dag.py:3036} INFO - Sync 1 DAGs
[2025-10-31T13:39:33.902+0000] {logging_mixin.py:188} INFO - [2025-10-31T13:39:33.900+0000] {dag.py:3823} INFO - Setting next_dagrun for my_dag to None, run_after=None
[2025-10-31T13:39:33.987+0000] {processor.py:183} INFO - Processing /opt/airflow/dags/my_dag.py took 1.125 seconds
[2025-10-31T13:40:06.208+0000] {processor.py:161} INFO - Started process (PID=1049) to work on /opt/airflow/dags/my_dag.py
[2025-10-31T13:40:06.225+0000] {processor.py:830} INFO - Processing file /opt/airflow/dags/my_dag.py for tasks to queue
[2025-10-31T13:40:06.228+0000] {logging_mixin.py:188} INFO - [2025-10-31T13:40:06.227+0000] {dagbag.py:538} INFO - Filling up the DagBag from /opt/airflow/dags/my_dag.py
[2025-10-31T13:40:08.861+0000] {processor.py:840} INFO - DAG(s) 'my_dag' retrieved from /opt/airflow/dags/my_dag.py
[2025-10-31T13:40:08.997+0000] {logging_mixin.py:188} INFO - [2025-10-31T13:40:08.996+0000] {dag.py:3036} INFO - Sync 1 DAGs
[2025-10-31T13:40:09.078+0000] {logging_mixin.py:188} INFO - [2025-10-31T13:40:09.077+0000] {dag.py:3823} INFO - Setting next_dagrun for my_dag to None, run_after=None
[2025-10-31T13:40:09.249+0000] {processor.py:183} INFO - Processing /opt/airflow/dags/my_dag.py took 3.057 seconds
[2025-10-31T13:40:40.188+0000] {processor.py:161} INFO - Started process (PID=1062) to work on /opt/airflow/dags/my_dag.py
[2025-10-31T13:40:40.191+0000] {processor.py:830} INFO - Processing file /opt/airflow/dags/my_dag.py for tasks to queue
[2025-10-31T13:40:40.193+0000] {logging_mixin.py:188} INFO - [2025-10-31T13:40:40.192+0000] {dagbag.py:538} INFO - Filling up the DagBag from /opt/airflow/dags/my_dag.py
[2025-10-31T13:40:41.270+0000] {processor.py:840} INFO - DAG(s) 'my_dag' retrieved from /opt/airflow/dags/my_dag.py
[2025-10-31T13:40:41.319+0000] {logging_mixin.py:188} INFO - [2025-10-31T13:40:41.317+0000] {dag.py:3036} INFO - Sync 1 DAGs
[2025-10-31T13:40:41.347+0000] {logging_mixin.py:188} INFO - [2025-10-31T13:40:41.346+0000] {dag.py:3823} INFO - Setting next_dagrun for my_dag to None, run_after=None
[2025-10-31T13:40:41.391+0000] {processor.py:183} INFO - Processing /opt/airflow/dags/my_dag.py took 1.210 seconds
[2025-10-31T13:41:12.281+0000] {processor.py:161} INFO - Started process (PID=1073) to work on /opt/airflow/dags/my_dag.py
[2025-10-31T13:41:12.283+0000] {processor.py:830} INFO - Processing file /opt/airflow/dags/my_dag.py for tasks to queue
[2025-10-31T13:41:12.286+0000] {logging_mixin.py:188} INFO - [2025-10-31T13:41:12.285+0000] {dagbag.py:538} INFO - Filling up the DagBag from /opt/airflow/dags/my_dag.py
[2025-10-31T13:41:13.134+0000] {processor.py:840} INFO - DAG(s) 'my_dag' retrieved from /opt/airflow/dags/my_dag.py
[2025-10-31T13:41:13.175+0000] {logging_mixin.py:188} INFO - [2025-10-31T13:41:13.173+0000] {dag.py:3036} INFO - Sync 1 DAGs
[2025-10-31T13:41:13.196+0000] {logging_mixin.py:188} INFO - [2025-10-31T13:41:13.196+0000] {dag.py:3823} INFO - Setting next_dagrun for my_dag to None, run_after=None
[2025-10-31T13:41:13.246+0000] {processor.py:183} INFO - Processing /opt/airflow/dags/my_dag.py took 0.972 seconds
[2025-10-31T13:41:43.455+0000] {processor.py:161} INFO - Started process (PID=1085) to work on /opt/airflow/dags/my_dag.py
[2025-10-31T13:41:43.458+0000] {processor.py:830} INFO - Processing file /opt/airflow/dags/my_dag.py for tasks to queue
[2025-10-31T13:41:43.460+0000] {logging_mixin.py:188} INFO - [2025-10-31T13:41:43.459+0000] {dagbag.py:538} INFO - Filling up the DagBag from /opt/airflow/dags/my_dag.py
[2025-10-31T13:41:44.657+0000] {processor.py:840} INFO - DAG(s) 'my_dag' retrieved from /opt/airflow/dags/my_dag.py
[2025-10-31T13:41:44.787+0000] {logging_mixin.py:188} INFO - [2025-10-31T13:41:44.786+0000] {dag.py:3036} INFO - Sync 1 DAGs
[2025-10-31T13:41:44.888+0000] {logging_mixin.py:188} INFO - [2025-10-31T13:41:44.887+0000] {dag.py:3823} INFO - Setting next_dagrun for my_dag to None, run_after=None
[2025-10-31T13:41:45.153+0000] {processor.py:183} INFO - Processing /opt/airflow/dags/my_dag.py took 1.705 seconds
[2025-10-31T13:42:16.380+0000] {processor.py:161} INFO - Started process (PID=1097) to work on /opt/airflow/dags/my_dag.py
[2025-10-31T13:42:16.382+0000] {processor.py:830} INFO - Processing file /opt/airflow/dags/my_dag.py for tasks to queue
[2025-10-31T13:42:16.387+0000] {logging_mixin.py:188} INFO - [2025-10-31T13:42:16.386+0000] {dagbag.py:538} INFO - Filling up the DagBag from /opt/airflow/dags/my_dag.py
[2025-10-31T13:42:17.842+0000] {processor.py:840} INFO - DAG(s) 'my_dag' retrieved from /opt/airflow/dags/my_dag.py
[2025-10-31T13:42:17.904+0000] {logging_mixin.py:188} INFO - [2025-10-31T13:42:17.903+0000] {dag.py:3036} INFO - Sync 1 DAGs
[2025-10-31T13:42:17.928+0000] {logging_mixin.py:188} INFO - [2025-10-31T13:42:17.927+0000] {dag.py:3823} INFO - Setting next_dagrun for my_dag to None, run_after=None
[2025-10-31T13:42:17.971+0000] {processor.py:183} INFO - Processing /opt/airflow/dags/my_dag.py took 1.599 seconds
[2025-10-31T13:42:48.885+0000] {processor.py:161} INFO - Started process (PID=1110) to work on /opt/airflow/dags/my_dag.py
[2025-10-31T13:42:48.892+0000] {processor.py:830} INFO - Processing file /opt/airflow/dags/my_dag.py for tasks to queue
[2025-10-31T13:42:48.895+0000] {logging_mixin.py:188} INFO - [2025-10-31T13:42:48.894+0000] {dagbag.py:538} INFO - Filling up the DagBag from /opt/airflow/dags/my_dag.py
[2025-10-31T13:42:50.235+0000] {processor.py:840} INFO - DAG(s) 'my_dag' retrieved from /opt/airflow/dags/my_dag.py
[2025-10-31T13:42:50.302+0000] {logging_mixin.py:188} INFO - [2025-10-31T13:42:50.301+0000] {dag.py:3036} INFO - Sync 1 DAGs
[2025-10-31T13:42:50.332+0000] {logging_mixin.py:188} INFO - [2025-10-31T13:42:50.331+0000] {dag.py:3823} INFO - Setting next_dagrun for my_dag to None, run_after=None
[2025-10-31T13:42:50.403+0000] {processor.py:183} INFO - Processing /opt/airflow/dags/my_dag.py took 1.529 seconds
[2025-10-31T13:43:21.161+0000] {processor.py:161} INFO - Started process (PID=1122) to work on /opt/airflow/dags/my_dag.py
[2025-10-31T13:43:21.163+0000] {processor.py:830} INFO - Processing file /opt/airflow/dags/my_dag.py for tasks to queue
[2025-10-31T13:43:21.165+0000] {logging_mixin.py:188} INFO - [2025-10-31T13:43:21.165+0000] {dagbag.py:538} INFO - Filling up the DagBag from /opt/airflow/dags/my_dag.py
[2025-10-31T13:43:22.118+0000] {processor.py:840} INFO - DAG(s) 'my_dag' retrieved from /opt/airflow/dags/my_dag.py
[2025-10-31T13:43:22.168+0000] {logging_mixin.py:188} INFO - [2025-10-31T13:43:22.167+0000] {dag.py:3036} INFO - Sync 1 DAGs
[2025-10-31T13:43:22.191+0000] {logging_mixin.py:188} INFO - [2025-10-31T13:43:22.190+0000] {dag.py:3823} INFO - Setting next_dagrun for my_dag to None, run_after=None
[2025-10-31T13:43:22.248+0000] {processor.py:183} INFO - Processing /opt/airflow/dags/my_dag.py took 1.093 seconds
[2025-10-31T13:43:55.536+0000] {processor.py:161} INFO - Started process (PID=1133) to work on /opt/airflow/dags/my_dag.py
[2025-10-31T13:43:55.549+0000] {processor.py:830} INFO - Processing file /opt/airflow/dags/my_dag.py for tasks to queue
[2025-10-31T13:43:55.559+0000] {logging_mixin.py:188} INFO - [2025-10-31T13:43:55.559+0000] {dagbag.py:538} INFO - Filling up the DagBag from /opt/airflow/dags/my_dag.py
[2025-10-31T13:43:58.057+0000] {processor.py:840} INFO - DAG(s) 'my_dag' retrieved from /opt/airflow/dags/my_dag.py
[2025-10-31T13:43:58.150+0000] {logging_mixin.py:188} INFO - [2025-10-31T13:43:58.148+0000] {dag.py:3036} INFO - Sync 1 DAGs
[2025-10-31T13:43:58.240+0000] {logging_mixin.py:188} INFO - [2025-10-31T13:43:58.239+0000] {dag.py:3823} INFO - Setting next_dagrun for my_dag to None, run_after=None
[2025-10-31T13:43:58.348+0000] {processor.py:183} INFO - Processing /opt/airflow/dags/my_dag.py took 2.828 seconds
[2025-10-31T13:44:29.088+0000] {processor.py:161} INFO - Started process (PID=1146) to work on /opt/airflow/dags/my_dag.py
[2025-10-31T13:44:29.091+0000] {processor.py:830} INFO - Processing file /opt/airflow/dags/my_dag.py for tasks to queue
[2025-10-31T13:44:29.094+0000] {logging_mixin.py:188} INFO - [2025-10-31T13:44:29.093+0000] {dagbag.py:538} INFO - Filling up the DagBag from /opt/airflow/dags/my_dag.py
[2025-10-31T13:44:30.548+0000] {processor.py:840} INFO - DAG(s) 'my_dag' retrieved from /opt/airflow/dags/my_dag.py
[2025-10-31T13:44:30.595+0000] {logging_mixin.py:188} INFO - [2025-10-31T13:44:30.594+0000] {dag.py:3036} INFO - Sync 1 DAGs
[2025-10-31T13:44:30.638+0000] {logging_mixin.py:188} INFO - [2025-10-31T13:44:30.638+0000] {dag.py:3823} INFO - Setting next_dagrun for my_dag to None, run_after=None
[2025-10-31T13:44:30.746+0000] {processor.py:183} INFO - Processing /opt/airflow/dags/my_dag.py took 1.666 seconds
[2025-10-31T13:45:01.092+0000] {processor.py:161} INFO - Started process (PID=1158) to work on /opt/airflow/dags/my_dag.py
[2025-10-31T13:45:01.095+0000] {processor.py:830} INFO - Processing file /opt/airflow/dags/my_dag.py for tasks to queue
[2025-10-31T13:45:01.097+0000] {logging_mixin.py:188} INFO - [2025-10-31T13:45:01.096+0000] {dagbag.py:538} INFO - Filling up the DagBag from /opt/airflow/dags/my_dag.py
[2025-10-31T13:45:02.426+0000] {processor.py:840} INFO - DAG(s) 'my_dag' retrieved from /opt/airflow/dags/my_dag.py
[2025-10-31T13:45:02.469+0000] {logging_mixin.py:188} INFO - [2025-10-31T13:45:02.469+0000] {dag.py:3036} INFO - Sync 1 DAGs
[2025-10-31T13:45:02.493+0000] {logging_mixin.py:188} INFO - [2025-10-31T13:45:02.493+0000] {dag.py:3823} INFO - Setting next_dagrun for my_dag to None, run_after=None
[2025-10-31T13:45:02.548+0000] {processor.py:183} INFO - Processing /opt/airflow/dags/my_dag.py took 1.462 seconds
[2025-10-31T13:45:33.235+0000] {processor.py:161} INFO - Started process (PID=1170) to work on /opt/airflow/dags/my_dag.py
[2025-10-31T13:45:33.238+0000] {processor.py:830} INFO - Processing file /opt/airflow/dags/my_dag.py for tasks to queue
[2025-10-31T13:45:33.241+0000] {logging_mixin.py:188} INFO - [2025-10-31T13:45:33.240+0000] {dagbag.py:538} INFO - Filling up the DagBag from /opt/airflow/dags/my_dag.py
[2025-10-31T13:45:34.083+0000] {processor.py:840} INFO - DAG(s) 'my_dag' retrieved from /opt/airflow/dags/my_dag.py
[2025-10-31T13:45:34.117+0000] {logging_mixin.py:188} INFO - [2025-10-31T13:45:34.117+0000] {dag.py:3036} INFO - Sync 1 DAGs
[2025-10-31T13:45:34.131+0000] {logging_mixin.py:188} INFO - [2025-10-31T13:45:34.131+0000] {dag.py:3823} INFO - Setting next_dagrun for my_dag to None, run_after=None
[2025-10-31T13:45:34.189+0000] {processor.py:183} INFO - Processing /opt/airflow/dags/my_dag.py took 0.969 seconds
[2025-10-31T13:46:05.500+0000] {processor.py:161} INFO - Started process (PID=1180) to work on /opt/airflow/dags/my_dag.py
[2025-10-31T13:46:05.508+0000] {processor.py:830} INFO - Processing file /opt/airflow/dags/my_dag.py for tasks to queue
[2025-10-31T13:46:05.519+0000] {logging_mixin.py:188} INFO - [2025-10-31T13:46:05.516+0000] {dagbag.py:538} INFO - Filling up the DagBag from /opt/airflow/dags/my_dag.py
[2025-10-31T13:46:07.555+0000] {processor.py:840} INFO - DAG(s) 'my_dag' retrieved from /opt/airflow/dags/my_dag.py
[2025-10-31T13:46:07.655+0000] {logging_mixin.py:188} INFO - [2025-10-31T13:46:07.654+0000] {dag.py:3036} INFO - Sync 1 DAGs
[2025-10-31T13:46:07.696+0000] {logging_mixin.py:188} INFO - [2025-10-31T13:46:07.695+0000] {dag.py:3823} INFO - Setting next_dagrun for my_dag to None, run_after=None
[2025-10-31T13:46:07.836+0000] {processor.py:183} INFO - Processing /opt/airflow/dags/my_dag.py took 2.353 seconds
[2025-10-31T13:46:38.580+0000] {processor.py:161} INFO - Started process (PID=1193) to work on /opt/airflow/dags/my_dag.py
[2025-10-31T13:46:38.582+0000] {processor.py:830} INFO - Processing file /opt/airflow/dags/my_dag.py for tasks to queue
[2025-10-31T13:46:38.584+0000] {logging_mixin.py:188} INFO - [2025-10-31T13:46:38.584+0000] {dagbag.py:538} INFO - Filling up the DagBag from /opt/airflow/dags/my_dag.py
[2025-10-31T13:46:39.456+0000] {processor.py:840} INFO - DAG(s) 'my_dag' retrieved from /opt/airflow/dags/my_dag.py
[2025-10-31T13:46:39.537+0000] {logging_mixin.py:188} INFO - [2025-10-31T13:46:39.536+0000] {dag.py:3036} INFO - Sync 1 DAGs
[2025-10-31T13:46:39.593+0000] {logging_mixin.py:188} INFO - [2025-10-31T13:46:39.593+0000] {dag.py:3823} INFO - Setting next_dagrun for my_dag to None, run_after=None
[2025-10-31T13:46:39.661+0000] {processor.py:183} INFO - Processing /opt/airflow/dags/my_dag.py took 1.086 seconds
[2025-10-31T13:47:10.964+0000] {processor.py:161} INFO - Started process (PID=1205) to work on /opt/airflow/dags/my_dag.py
[2025-10-31T13:47:10.969+0000] {processor.py:830} INFO - Processing file /opt/airflow/dags/my_dag.py for tasks to queue
[2025-10-31T13:47:10.972+0000] {logging_mixin.py:188} INFO - [2025-10-31T13:47:10.972+0000] {dagbag.py:538} INFO - Filling up the DagBag from /opt/airflow/dags/my_dag.py
[2025-10-31T13:47:11.902+0000] {processor.py:840} INFO - DAG(s) 'my_dag' retrieved from /opt/airflow/dags/my_dag.py
[2025-10-31T13:47:11.949+0000] {logging_mixin.py:188} INFO - [2025-10-31T13:47:11.949+0000] {dag.py:3036} INFO - Sync 1 DAGs
[2025-10-31T13:47:12.131+0000] {logging_mixin.py:188} INFO - [2025-10-31T13:47:12.130+0000] {dag.py:3823} INFO - Setting next_dagrun for my_dag to None, run_after=None
[2025-10-31T13:47:12.175+0000] {processor.py:183} INFO - Processing /opt/airflow/dags/my_dag.py took 1.220 seconds
[2025-10-31T13:47:43.244+0000] {processor.py:161} INFO - Started process (PID=1218) to work on /opt/airflow/dags/my_dag.py
[2025-10-31T13:47:43.247+0000] {processor.py:830} INFO - Processing file /opt/airflow/dags/my_dag.py for tasks to queue
[2025-10-31T13:47:43.249+0000] {logging_mixin.py:188} INFO - [2025-10-31T13:47:43.248+0000] {dagbag.py:538} INFO - Filling up the DagBag from /opt/airflow/dags/my_dag.py
[2025-10-31T13:47:44.067+0000] {processor.py:840} INFO - DAG(s) 'my_dag' retrieved from /opt/airflow/dags/my_dag.py
[2025-10-31T13:47:44.096+0000] {logging_mixin.py:188} INFO - [2025-10-31T13:47:44.095+0000] {dag.py:3036} INFO - Sync 1 DAGs
[2025-10-31T13:47:44.114+0000] {logging_mixin.py:188} INFO - [2025-10-31T13:47:44.114+0000] {dag.py:3823} INFO - Setting next_dagrun for my_dag to None, run_after=None
[2025-10-31T13:47:44.369+0000] {processor.py:183} INFO - Processing /opt/airflow/dags/my_dag.py took 1.132 seconds
[2025-10-31T13:48:18.995+0000] {processor.py:161} INFO - Started process (PID=1230) to work on /opt/airflow/dags/my_dag.py
[2025-10-31T13:48:19.014+0000] {processor.py:830} INFO - Processing file /opt/airflow/dags/my_dag.py for tasks to queue
[2025-10-31T13:48:19.024+0000] {logging_mixin.py:188} INFO - [2025-10-31T13:48:19.023+0000] {dagbag.py:538} INFO - Filling up the DagBag from /opt/airflow/dags/my_dag.py
[2025-10-31T13:48:23.103+0000] {processor.py:840} INFO - DAG(s) 'my_dag' retrieved from /opt/airflow/dags/my_dag.py
[2025-10-31T13:48:23.206+0000] {logging_mixin.py:188} INFO - [2025-10-31T13:48:23.205+0000] {dag.py:3036} INFO - Sync 1 DAGs
[2025-10-31T13:48:23.255+0000] {logging_mixin.py:188} INFO - [2025-10-31T13:48:23.254+0000] {dag.py:3823} INFO - Setting next_dagrun for my_dag to None, run_after=None
[2025-10-31T13:48:23.351+0000] {processor.py:183} INFO - Processing /opt/airflow/dags/my_dag.py took 4.375 seconds
[2025-10-31T13:48:54.216+0000] {processor.py:161} INFO - Started process (PID=1243) to work on /opt/airflow/dags/my_dag.py
[2025-10-31T13:48:54.219+0000] {processor.py:830} INFO - Processing file /opt/airflow/dags/my_dag.py for tasks to queue
[2025-10-31T13:48:54.220+0000] {logging_mixin.py:188} INFO - [2025-10-31T13:48:54.220+0000] {dagbag.py:538} INFO - Filling up the DagBag from /opt/airflow/dags/my_dag.py
[2025-10-31T13:48:55.832+0000] {processor.py:840} INFO - DAG(s) 'my_dag' retrieved from /opt/airflow/dags/my_dag.py
[2025-10-31T13:48:56.146+0000] {logging_mixin.py:188} INFO - [2025-10-31T13:48:56.146+0000] {dag.py:3036} INFO - Sync 1 DAGs
[2025-10-31T13:48:56.174+0000] {logging_mixin.py:188} INFO - [2025-10-31T13:48:56.174+0000] {dag.py:3823} INFO - Setting next_dagrun for my_dag to None, run_after=None
[2025-10-31T13:48:56.469+0000] {processor.py:183} INFO - Processing /opt/airflow/dags/my_dag.py took 2.265 seconds
[2025-10-31T13:49:26.691+0000] {processor.py:161} INFO - Started process (PID=1255) to work on /opt/airflow/dags/my_dag.py
[2025-10-31T13:49:26.693+0000] {processor.py:830} INFO - Processing file /opt/airflow/dags/my_dag.py for tasks to queue
[2025-10-31T13:49:26.696+0000] {logging_mixin.py:188} INFO - [2025-10-31T13:49:26.696+0000] {dagbag.py:538} INFO - Filling up the DagBag from /opt/airflow/dags/my_dag.py
[2025-10-31T13:49:27.527+0000] {processor.py:840} INFO - DAG(s) 'my_dag' retrieved from /opt/airflow/dags/my_dag.py
[2025-10-31T13:49:27.754+0000] {logging_mixin.py:188} INFO - [2025-10-31T13:49:27.753+0000] {dag.py:3036} INFO - Sync 1 DAGs
[2025-10-31T13:49:27.769+0000] {logging_mixin.py:188} INFO - [2025-10-31T13:49:27.769+0000] {dag.py:3823} INFO - Setting next_dagrun for my_dag to None, run_after=None
[2025-10-31T13:49:27.863+0000] {processor.py:183} INFO - Processing /opt/airflow/dags/my_dag.py took 1.180 seconds
[2025-10-31T13:49:58.855+0000] {processor.py:161} INFO - Started process (PID=1267) to work on /opt/airflow/dags/my_dag.py
[2025-10-31T13:49:58.858+0000] {processor.py:830} INFO - Processing file /opt/airflow/dags/my_dag.py for tasks to queue
[2025-10-31T13:49:58.860+0000] {logging_mixin.py:188} INFO - [2025-10-31T13:49:58.859+0000] {dagbag.py:538} INFO - Filling up the DagBag from /opt/airflow/dags/my_dag.py
[2025-10-31T13:49:59.874+0000] {processor.py:840} INFO - DAG(s) 'my_dag' retrieved from /opt/airflow/dags/my_dag.py
[2025-10-31T13:49:59.951+0000] {logging_mixin.py:188} INFO - [2025-10-31T13:49:59.950+0000] {dag.py:3036} INFO - Sync 1 DAGs
[2025-10-31T13:49:59.968+0000] {logging_mixin.py:188} INFO - [2025-10-31T13:49:59.967+0000] {dag.py:3823} INFO - Setting next_dagrun for my_dag to None, run_after=None
[2025-10-31T13:50:00.042+0000] {processor.py:183} INFO - Processing /opt/airflow/dags/my_dag.py took 1.196 seconds
[2025-10-31T13:50:30.817+0000] {processor.py:161} INFO - Started process (PID=1279) to work on /opt/airflow/dags/my_dag.py
[2025-10-31T13:50:30.819+0000] {processor.py:830} INFO - Processing file /opt/airflow/dags/my_dag.py for tasks to queue
[2025-10-31T13:50:30.821+0000] {logging_mixin.py:188} INFO - [2025-10-31T13:50:30.820+0000] {dagbag.py:538} INFO - Filling up the DagBag from /opt/airflow/dags/my_dag.py
[2025-10-31T13:50:31.955+0000] {processor.py:840} INFO - DAG(s) 'my_dag' retrieved from /opt/airflow/dags/my_dag.py
[2025-10-31T13:50:32.010+0000] {logging_mixin.py:188} INFO - [2025-10-31T13:50:32.006+0000] {dag.py:3036} INFO - Sync 1 DAGs
[2025-10-31T13:50:32.029+0000] {logging_mixin.py:188} INFO - [2025-10-31T13:50:32.029+0000] {dag.py:3823} INFO - Setting next_dagrun for my_dag to None, run_after=None
[2025-10-31T13:50:32.074+0000] {processor.py:183} INFO - Processing /opt/airflow/dags/my_dag.py took 1.264 seconds
[2025-10-31T13:51:04.256+0000] {processor.py:161} INFO - Started process (PID=1291) to work on /opt/airflow/dags/my_dag.py
[2025-10-31T13:51:04.289+0000] {processor.py:830} INFO - Processing file /opt/airflow/dags/my_dag.py for tasks to queue
[2025-10-31T13:51:04.326+0000] {logging_mixin.py:188} INFO - [2025-10-31T13:51:04.325+0000] {dagbag.py:538} INFO - Filling up the DagBag from /opt/airflow/dags/my_dag.py
[2025-10-31T13:51:08.112+0000] {processor.py:840} INFO - DAG(s) 'my_dag' retrieved from /opt/airflow/dags/my_dag.py
[2025-10-31T13:51:08.235+0000] {logging_mixin.py:188} INFO - [2025-10-31T13:51:08.234+0000] {dag.py:3036} INFO - Sync 1 DAGs
[2025-10-31T13:51:08.318+0000] {logging_mixin.py:188} INFO - [2025-10-31T13:51:08.318+0000] {dag.py:3823} INFO - Setting next_dagrun for my_dag to None, run_after=None
[2025-10-31T13:51:08.447+0000] {processor.py:183} INFO - Processing /opt/airflow/dags/my_dag.py took 4.210 seconds
[2025-10-31T13:51:38.964+0000] {processor.py:161} INFO - Started process (PID=1303) to work on /opt/airflow/dags/my_dag.py
[2025-10-31T13:51:38.967+0000] {processor.py:830} INFO - Processing file /opt/airflow/dags/my_dag.py for tasks to queue
[2025-10-31T13:51:38.969+0000] {logging_mixin.py:188} INFO - [2025-10-31T13:51:38.969+0000] {dagbag.py:538} INFO - Filling up the DagBag from /opt/airflow/dags/my_dag.py
[2025-10-31T13:51:40.014+0000] {processor.py:840} INFO - DAG(s) 'my_dag' retrieved from /opt/airflow/dags/my_dag.py
[2025-10-31T13:51:40.215+0000] {logging_mixin.py:188} INFO - [2025-10-31T13:51:40.215+0000] {dag.py:3036} INFO - Sync 1 DAGs
[2025-10-31T13:51:40.495+0000] {logging_mixin.py:188} INFO - [2025-10-31T13:51:40.494+0000] {dag.py:3823} INFO - Setting next_dagrun for my_dag to None, run_after=None
[2025-10-31T13:51:40.646+0000] {processor.py:183} INFO - Processing /opt/airflow/dags/my_dag.py took 1.697 seconds
[2025-10-31T13:52:10.898+0000] {processor.py:161} INFO - Started process (PID=1315) to work on /opt/airflow/dags/my_dag.py
[2025-10-31T13:52:10.902+0000] {processor.py:830} INFO - Processing file /opt/airflow/dags/my_dag.py for tasks to queue
[2025-10-31T13:52:10.903+0000] {logging_mixin.py:188} INFO - [2025-10-31T13:52:10.903+0000] {dagbag.py:538} INFO - Filling up the DagBag from /opt/airflow/dags/my_dag.py
[2025-10-31T13:52:11.786+0000] {processor.py:840} INFO - DAG(s) 'my_dag' retrieved from /opt/airflow/dags/my_dag.py
[2025-10-31T13:52:11.816+0000] {logging_mixin.py:188} INFO - [2025-10-31T13:52:11.816+0000] {dag.py:3036} INFO - Sync 1 DAGs
[2025-10-31T13:52:11.830+0000] {logging_mixin.py:188} INFO - [2025-10-31T13:52:11.829+0000] {dag.py:3823} INFO - Setting next_dagrun for my_dag to None, run_after=None
[2025-10-31T13:52:12.167+0000] {processor.py:183} INFO - Processing /opt/airflow/dags/my_dag.py took 1.276 seconds
[2025-10-31T13:52:42.628+0000] {processor.py:161} INFO - Started process (PID=1327) to work on /opt/airflow/dags/my_dag.py
[2025-10-31T13:52:42.630+0000] {processor.py:830} INFO - Processing file /opt/airflow/dags/my_dag.py for tasks to queue
[2025-10-31T13:52:42.633+0000] {logging_mixin.py:188} INFO - [2025-10-31T13:52:42.632+0000] {dagbag.py:538} INFO - Filling up the DagBag from /opt/airflow/dags/my_dag.py
[2025-10-31T13:52:43.369+0000] {processor.py:840} INFO - DAG(s) 'my_dag' retrieved from /opt/airflow/dags/my_dag.py
[2025-10-31T13:52:43.398+0000] {logging_mixin.py:188} INFO - [2025-10-31T13:52:43.397+0000] {dag.py:3036} INFO - Sync 1 DAGs
[2025-10-31T13:52:43.411+0000] {logging_mixin.py:188} INFO - [2025-10-31T13:52:43.410+0000] {dag.py:3823} INFO - Setting next_dagrun for my_dag to None, run_after=None
[2025-10-31T13:52:43.441+0000] {processor.py:183} INFO - Processing /opt/airflow/dags/my_dag.py took 0.819 seconds
[2025-10-31T13:53:14.158+0000] {processor.py:161} INFO - Started process (PID=1339) to work on /opt/airflow/dags/my_dag.py
[2025-10-31T13:53:14.160+0000] {processor.py:830} INFO - Processing file /opt/airflow/dags/my_dag.py for tasks to queue
[2025-10-31T13:53:14.162+0000] {logging_mixin.py:188} INFO - [2025-10-31T13:53:14.161+0000] {dagbag.py:538} INFO - Filling up the DagBag from /opt/airflow/dags/my_dag.py
[2025-10-31T13:53:14.959+0000] {processor.py:840} INFO - DAG(s) 'my_dag' retrieved from /opt/airflow/dags/my_dag.py
[2025-10-31T13:53:15.009+0000] {logging_mixin.py:188} INFO - [2025-10-31T13:53:15.008+0000] {dag.py:3036} INFO - Sync 1 DAGs
[2025-10-31T13:53:15.030+0000] {logging_mixin.py:188} INFO - [2025-10-31T13:53:15.030+0000] {dag.py:3823} INFO - Setting next_dagrun for my_dag to None, run_after=None
[2025-10-31T13:53:15.063+0000] {processor.py:183} INFO - Processing /opt/airflow/dags/my_dag.py took 0.910 seconds
[2025-10-31T13:53:45.789+0000] {processor.py:161} INFO - Started process (PID=1351) to work on /opt/airflow/dags/my_dag.py
[2025-10-31T13:53:45.791+0000] {processor.py:830} INFO - Processing file /opt/airflow/dags/my_dag.py for tasks to queue
[2025-10-31T13:53:45.794+0000] {logging_mixin.py:188} INFO - [2025-10-31T13:53:45.793+0000] {dagbag.py:538} INFO - Filling up the DagBag from /opt/airflow/dags/my_dag.py
[2025-10-31T13:53:46.511+0000] {processor.py:840} INFO - DAG(s) 'my_dag' retrieved from /opt/airflow/dags/my_dag.py
[2025-10-31T13:53:46.542+0000] {logging_mixin.py:188} INFO - [2025-10-31T13:53:46.540+0000] {dag.py:3036} INFO - Sync 1 DAGs
[2025-10-31T13:53:46.556+0000] {logging_mixin.py:188} INFO - [2025-10-31T13:53:46.555+0000] {dag.py:3823} INFO - Setting next_dagrun for my_dag to None, run_after=None
[2025-10-31T13:53:46.592+0000] {processor.py:183} INFO - Processing /opt/airflow/dags/my_dag.py took 0.809 seconds
[2025-10-31T13:54:17.169+0000] {processor.py:161} INFO - Started process (PID=1363) to work on /opt/airflow/dags/my_dag.py
[2025-10-31T13:54:17.171+0000] {processor.py:830} INFO - Processing file /opt/airflow/dags/my_dag.py for tasks to queue
[2025-10-31T13:54:17.173+0000] {logging_mixin.py:188} INFO - [2025-10-31T13:54:17.172+0000] {dagbag.py:538} INFO - Filling up the DagBag from /opt/airflow/dags/my_dag.py
[2025-10-31T13:54:17.842+0000] {processor.py:840} INFO - DAG(s) 'my_dag' retrieved from /opt/airflow/dags/my_dag.py
[2025-10-31T13:54:17.884+0000] {logging_mixin.py:188} INFO - [2025-10-31T13:54:17.883+0000] {dag.py:3036} INFO - Sync 1 DAGs
[2025-10-31T13:54:17.903+0000] {logging_mixin.py:188} INFO - [2025-10-31T13:54:17.903+0000] {dag.py:3823} INFO - Setting next_dagrun for my_dag to None, run_after=None
[2025-10-31T13:54:17.938+0000] {processor.py:183} INFO - Processing /opt/airflow/dags/my_dag.py took 0.775 seconds
[2025-10-31T13:54:48.401+0000] {processor.py:161} INFO - Started process (PID=1375) to work on /opt/airflow/dags/my_dag.py
[2025-10-31T13:54:48.403+0000] {processor.py:830} INFO - Processing file /opt/airflow/dags/my_dag.py for tasks to queue
[2025-10-31T13:54:48.405+0000] {logging_mixin.py:188} INFO - [2025-10-31T13:54:48.404+0000] {dagbag.py:538} INFO - Filling up the DagBag from /opt/airflow/dags/my_dag.py
[2025-10-31T13:54:49.050+0000] {processor.py:840} INFO - DAG(s) 'my_dag' retrieved from /opt/airflow/dags/my_dag.py
[2025-10-31T13:54:49.084+0000] {logging_mixin.py:188} INFO - [2025-10-31T13:54:49.083+0000] {dag.py:3036} INFO - Sync 1 DAGs
[2025-10-31T13:54:49.099+0000] {logging_mixin.py:188} INFO - [2025-10-31T13:54:49.099+0000] {dag.py:3823} INFO - Setting next_dagrun for my_dag to None, run_after=None
[2025-10-31T13:54:49.135+0000] {processor.py:183} INFO - Processing /opt/airflow/dags/my_dag.py took 0.743 seconds
[2025-10-31T13:55:20.963+0000] {processor.py:161} INFO - Started process (PID=1386) to work on /opt/airflow/dags/my_dag.py
[2025-10-31T13:55:20.966+0000] {processor.py:830} INFO - Processing file /opt/airflow/dags/my_dag.py for tasks to queue
[2025-10-31T13:55:20.969+0000] {logging_mixin.py:188} INFO - [2025-10-31T13:55:20.968+0000] {dagbag.py:538} INFO - Filling up the DagBag from /opt/airflow/dags/my_dag.py
[2025-10-31T13:55:21.815+0000] {processor.py:840} INFO - DAG(s) 'my_dag' retrieved from /opt/airflow/dags/my_dag.py
[2025-10-31T13:55:21.851+0000] {logging_mixin.py:188} INFO - [2025-10-31T13:55:21.850+0000] {dag.py:3036} INFO - Sync 1 DAGs
[2025-10-31T13:55:21.870+0000] {logging_mixin.py:188} INFO - [2025-10-31T13:55:21.869+0000] {dag.py:3823} INFO - Setting next_dagrun for my_dag to None, run_after=None
[2025-10-31T13:55:21.910+0000] {processor.py:183} INFO - Processing /opt/airflow/dags/my_dag.py took 0.955 seconds
[2025-10-31T13:55:53.479+0000] {processor.py:161} INFO - Started process (PID=1398) to work on /opt/airflow/dags/my_dag.py
[2025-10-31T13:55:53.481+0000] {processor.py:830} INFO - Processing file /opt/airflow/dags/my_dag.py for tasks to queue
[2025-10-31T13:55:53.484+0000] {logging_mixin.py:188} INFO - [2025-10-31T13:55:53.482+0000] {dagbag.py:538} INFO - Filling up the DagBag from /opt/airflow/dags/my_dag.py
[2025-10-31T13:55:54.209+0000] {processor.py:840} INFO - DAG(s) 'my_dag' retrieved from /opt/airflow/dags/my_dag.py
[2025-10-31T13:55:54.241+0000] {logging_mixin.py:188} INFO - [2025-10-31T13:55:54.240+0000] {dag.py:3036} INFO - Sync 1 DAGs
[2025-10-31T13:55:54.261+0000] {logging_mixin.py:188} INFO - [2025-10-31T13:55:54.261+0000] {dag.py:3823} INFO - Setting next_dagrun for my_dag to None, run_after=None
[2025-10-31T13:55:54.300+0000] {processor.py:183} INFO - Processing /opt/airflow/dags/my_dag.py took 0.827 seconds
[2025-10-31T13:56:24.393+0000] {processor.py:161} INFO - Started process (PID=1411) to work on /opt/airflow/dags/my_dag.py
[2025-10-31T13:56:24.394+0000] {processor.py:830} INFO - Processing file /opt/airflow/dags/my_dag.py for tasks to queue
[2025-10-31T13:56:24.396+0000] {logging_mixin.py:188} INFO - [2025-10-31T13:56:24.396+0000] {dagbag.py:538} INFO - Filling up the DagBag from /opt/airflow/dags/my_dag.py
[2025-10-31T13:56:25.061+0000] {processor.py:840} INFO - DAG(s) 'my_dag' retrieved from /opt/airflow/dags/my_dag.py
[2025-10-31T13:56:25.098+0000] {logging_mixin.py:188} INFO - [2025-10-31T13:56:25.097+0000] {dag.py:3036} INFO - Sync 1 DAGs
[2025-10-31T13:56:25.118+0000] {logging_mixin.py:188} INFO - [2025-10-31T13:56:25.117+0000] {dag.py:3823} INFO - Setting next_dagrun for my_dag to None, run_after=None
[2025-10-31T13:56:25.156+0000] {processor.py:183} INFO - Processing /opt/airflow/dags/my_dag.py took 0.769 seconds
[2025-10-31T13:56:56.558+0000] {processor.py:161} INFO - Started process (PID=1423) to work on /opt/airflow/dags/my_dag.py
[2025-10-31T13:56:56.561+0000] {processor.py:830} INFO - Processing file /opt/airflow/dags/my_dag.py for tasks to queue
[2025-10-31T13:56:56.563+0000] {logging_mixin.py:188} INFO - [2025-10-31T13:56:56.563+0000] {dagbag.py:538} INFO - Filling up the DagBag from /opt/airflow/dags/my_dag.py
[2025-10-31T13:56:57.326+0000] {processor.py:840} INFO - DAG(s) 'my_dag' retrieved from /opt/airflow/dags/my_dag.py
[2025-10-31T13:56:57.361+0000] {logging_mixin.py:188} INFO - [2025-10-31T13:56:57.359+0000] {dag.py:3036} INFO - Sync 1 DAGs
[2025-10-31T13:56:57.376+0000] {logging_mixin.py:188} INFO - [2025-10-31T13:56:57.375+0000] {dag.py:3823} INFO - Setting next_dagrun for my_dag to None, run_after=None
[2025-10-31T13:56:58.053+0000] {processor.py:183} INFO - Processing /opt/airflow/dags/my_dag.py took 1.504 seconds
[2025-10-31T13:57:28.238+0000] {processor.py:161} INFO - Started process (PID=1436) to work on /opt/airflow/dags/my_dag.py
[2025-10-31T13:57:28.241+0000] {processor.py:830} INFO - Processing file /opt/airflow/dags/my_dag.py for tasks to queue
[2025-10-31T13:57:28.243+0000] {logging_mixin.py:188} INFO - [2025-10-31T13:57:28.242+0000] {dagbag.py:538} INFO - Filling up the DagBag from /opt/airflow/dags/my_dag.py
[2025-10-31T13:57:27.672+0000] {processor.py:840} INFO - DAG(s) 'my_dag' retrieved from /opt/airflow/dags/my_dag.py
[2025-10-31T13:57:27.705+0000] {logging_mixin.py:188} INFO - [2025-10-31T13:57:27.705+0000] {dag.py:3036} INFO - Sync 1 DAGs
[2025-10-31T13:57:27.719+0000] {logging_mixin.py:188} INFO - [2025-10-31T13:57:27.718+0000] {dag.py:3823} INFO - Setting next_dagrun for my_dag to None, run_after=None
[2025-10-31T13:57:27.999+0000] {processor.py:183} INFO - Processing /opt/airflow/dags/my_dag.py took 1.020 seconds
[2025-10-31T13:58:03.809+0000] {processor.py:161} INFO - Started process (PID=1448) to work on /opt/airflow/dags/my_dag.py
[2025-10-31T13:58:03.811+0000] {processor.py:830} INFO - Processing file /opt/airflow/dags/my_dag.py for tasks to queue
[2025-10-31T13:58:03.813+0000] {logging_mixin.py:188} INFO - [2025-10-31T13:58:03.812+0000] {dagbag.py:538} INFO - Filling up the DagBag from /opt/airflow/dags/my_dag.py
[2025-10-31T13:58:04.615+0000] {processor.py:840} INFO - DAG(s) 'my_dag' retrieved from /opt/airflow/dags/my_dag.py
[2025-10-31T13:58:04.648+0000] {logging_mixin.py:188} INFO - [2025-10-31T13:58:04.647+0000] {dag.py:3036} INFO - Sync 1 DAGs
[2025-10-31T13:58:04.663+0000] {logging_mixin.py:188} INFO - [2025-10-31T13:58:04.662+0000] {dag.py:3823} INFO - Setting next_dagrun for my_dag to None, run_after=None
[2025-10-31T13:58:04.696+0000] {processor.py:183} INFO - Processing /opt/airflow/dags/my_dag.py took 0.895 seconds
[2025-10-31T13:58:34.782+0000] {processor.py:161} INFO - Started process (PID=1460) to work on /opt/airflow/dags/my_dag.py
[2025-10-31T13:58:34.784+0000] {processor.py:830} INFO - Processing file /opt/airflow/dags/my_dag.py for tasks to queue
[2025-10-31T13:58:34.787+0000] {logging_mixin.py:188} INFO - [2025-10-31T13:58:34.786+0000] {dagbag.py:538} INFO - Filling up the DagBag from /opt/airflow/dags/my_dag.py
[2025-10-31T13:58:35.593+0000] {processor.py:840} INFO - DAG(s) 'my_dag' retrieved from /opt/airflow/dags/my_dag.py
[2025-10-31T13:58:35.627+0000] {logging_mixin.py:188} INFO - [2025-10-31T13:58:35.626+0000] {dag.py:3036} INFO - Sync 1 DAGs
[2025-10-31T13:58:35.646+0000] {logging_mixin.py:188} INFO - [2025-10-31T13:58:35.646+0000] {dag.py:3823} INFO - Setting next_dagrun for my_dag to None, run_after=None
[2025-10-31T13:58:36.252+0000] {processor.py:183} INFO - Processing /opt/airflow/dags/my_dag.py took 1.476 seconds
[2025-10-31T13:59:06.474+0000] {processor.py:161} INFO - Started process (PID=1472) to work on /opt/airflow/dags/my_dag.py
[2025-10-31T13:59:06.476+0000] {processor.py:830} INFO - Processing file /opt/airflow/dags/my_dag.py for tasks to queue
[2025-10-31T13:59:06.478+0000] {logging_mixin.py:188} INFO - [2025-10-31T13:59:06.477+0000] {dagbag.py:538} INFO - Filling up the DagBag from /opt/airflow/dags/my_dag.py
[2025-10-31T13:59:07.356+0000] {processor.py:840} INFO - DAG(s) 'my_dag' retrieved from /opt/airflow/dags/my_dag.py
[2025-10-31T13:59:07.386+0000] {logging_mixin.py:188} INFO - [2025-10-31T13:59:07.386+0000] {dag.py:3036} INFO - Sync 1 DAGs
[2025-10-31T13:59:07.400+0000] {logging_mixin.py:188} INFO - [2025-10-31T13:59:07.399+0000] {dag.py:3823} INFO - Setting next_dagrun for my_dag to None, run_after=None
[2025-10-31T13:59:07.442+0000] {processor.py:183} INFO - Processing /opt/airflow/dags/my_dag.py took 0.975 seconds
[2025-10-31T13:59:38.518+0000] {processor.py:161} INFO - Started process (PID=1484) to work on /opt/airflow/dags/my_dag.py
[2025-10-31T13:59:38.521+0000] {processor.py:830} INFO - Processing file /opt/airflow/dags/my_dag.py for tasks to queue
[2025-10-31T13:59:38.533+0000] {logging_mixin.py:188} INFO - [2025-10-31T13:59:38.526+0000] {dagbag.py:538} INFO - Filling up the DagBag from /opt/airflow/dags/my_dag.py
[2025-10-31T13:59:40.442+0000] {processor.py:840} INFO - DAG(s) 'my_dag' retrieved from /opt/airflow/dags/my_dag.py
[2025-10-31T13:59:40.508+0000] {logging_mixin.py:188} INFO - [2025-10-31T13:59:40.508+0000] {dag.py:3036} INFO - Sync 1 DAGs
[2025-10-31T13:59:40.529+0000] {logging_mixin.py:188} INFO - [2025-10-31T13:59:40.529+0000] {dag.py:3823} INFO - Setting next_dagrun for my_dag to None, run_after=None
[2025-10-31T13:59:40.565+0000] {processor.py:183} INFO - Processing /opt/airflow/dags/my_dag.py took 2.055 seconds
[2025-10-31T14:00:11.001+0000] {processor.py:161} INFO - Started process (PID=1496) to work on /opt/airflow/dags/my_dag.py
[2025-10-31T14:00:11.007+0000] {processor.py:830} INFO - Processing file /opt/airflow/dags/my_dag.py for tasks to queue
[2025-10-31T14:00:11.013+0000] {logging_mixin.py:188} INFO - [2025-10-31T14:00:11.012+0000] {dagbag.py:538} INFO - Filling up the DagBag from /opt/airflow/dags/my_dag.py
[2025-10-31T14:00:11.788+0000] {processor.py:840} INFO - DAG(s) 'my_dag' retrieved from /opt/airflow/dags/my_dag.py
[2025-10-31T14:00:11.824+0000] {logging_mixin.py:188} INFO - [2025-10-31T14:00:11.822+0000] {dag.py:3036} INFO - Sync 1 DAGs
[2025-10-31T14:00:11.840+0000] {logging_mixin.py:188} INFO - [2025-10-31T14:00:11.839+0000] {dag.py:3823} INFO - Setting next_dagrun for my_dag to None, run_after=None
[2025-10-31T14:00:11.872+0000] {processor.py:183} INFO - Processing /opt/airflow/dags/my_dag.py took 0.882 seconds
[2025-10-31T14:00:42.367+0000] {processor.py:161} INFO - Started process (PID=1508) to work on /opt/airflow/dags/my_dag.py
[2025-10-31T14:00:42.370+0000] {processor.py:830} INFO - Processing file /opt/airflow/dags/my_dag.py for tasks to queue
[2025-10-31T14:00:42.373+0000] {logging_mixin.py:188} INFO - [2025-10-31T14:00:42.372+0000] {dagbag.py:538} INFO - Filling up the DagBag from /opt/airflow/dags/my_dag.py
[2025-10-31T14:00:43.337+0000] {processor.py:840} INFO - DAG(s) 'my_dag' retrieved from /opt/airflow/dags/my_dag.py
[2025-10-31T14:00:43.426+0000] {logging_mixin.py:188} INFO - [2025-10-31T14:00:43.425+0000] {dag.py:3036} INFO - Sync 1 DAGs
[2025-10-31T14:00:43.455+0000] {logging_mixin.py:188} INFO - [2025-10-31T14:00:43.454+0000] {dag.py:3823} INFO - Setting next_dagrun for my_dag to None, run_after=None
[2025-10-31T14:00:43.494+0000] {processor.py:183} INFO - Processing /opt/airflow/dags/my_dag.py took 1.137 seconds
[2025-10-31T14:01:14.439+0000] {processor.py:161} INFO - Started process (PID=1519) to work on /opt/airflow/dags/my_dag.py
[2025-10-31T14:01:14.441+0000] {processor.py:830} INFO - Processing file /opt/airflow/dags/my_dag.py for tasks to queue
[2025-10-31T14:01:14.444+0000] {logging_mixin.py:188} INFO - [2025-10-31T14:01:14.443+0000] {dagbag.py:538} INFO - Filling up the DagBag from /opt/airflow/dags/my_dag.py
[2025-10-31T14:01:16.268+0000] {processor.py:840} INFO - DAG(s) 'my_dag' retrieved from /opt/airflow/dags/my_dag.py
[2025-10-31T14:01:16.352+0000] {logging_mixin.py:188} INFO - [2025-10-31T14:01:16.351+0000] {dag.py:3036} INFO - Sync 1 DAGs
[2025-10-31T14:01:16.369+0000] {logging_mixin.py:188} INFO - [2025-10-31T14:01:16.369+0000] {dag.py:3823} INFO - Setting next_dagrun for my_dag to None, run_after=None
[2025-10-31T14:01:16.430+0000] {processor.py:183} INFO - Processing /opt/airflow/dags/my_dag.py took 1.998 seconds
[2025-10-31T14:01:47.280+0000] {processor.py:161} INFO - Started process (PID=1531) to work on /opt/airflow/dags/my_dag.py
[2025-10-31T14:01:47.285+0000] {processor.py:830} INFO - Processing file /opt/airflow/dags/my_dag.py for tasks to queue
[2025-10-31T14:01:47.294+0000] {logging_mixin.py:188} INFO - [2025-10-31T14:01:47.292+0000] {dagbag.py:538} INFO - Filling up the DagBag from /opt/airflow/dags/my_dag.py
[2025-10-31T14:01:51.467+0000] {processor.py:840} INFO - DAG(s) 'my_dag' retrieved from /opt/airflow/dags/my_dag.py
[2025-10-31T14:01:51.508+0000] {logging_mixin.py:188} INFO - [2025-10-31T14:01:51.508+0000] {dag.py:3036} INFO - Sync 1 DAGs
[2025-10-31T14:01:51.527+0000] {logging_mixin.py:188} INFO - [2025-10-31T14:01:51.527+0000] {dag.py:3823} INFO - Setting next_dagrun for my_dag to None, run_after=None
[2025-10-31T14:01:51.563+0000] {processor.py:183} INFO - Processing /opt/airflow/dags/my_dag.py took 4.306 seconds
[2025-10-31T14:02:22.016+0000] {processor.py:161} INFO - Started process (PID=1544) to work on /opt/airflow/dags/my_dag.py
[2025-10-31T14:02:22.018+0000] {processor.py:830} INFO - Processing file /opt/airflow/dags/my_dag.py for tasks to queue
[2025-10-31T14:02:22.020+0000] {logging_mixin.py:188} INFO - [2025-10-31T14:02:22.019+0000] {dagbag.py:538} INFO - Filling up the DagBag from /opt/airflow/dags/my_dag.py
[2025-10-31T14:02:23.223+0000] {processor.py:840} INFO - DAG(s) 'my_dag' retrieved from /opt/airflow/dags/my_dag.py
[2025-10-31T14:02:23.276+0000] {logging_mixin.py:188} INFO - [2025-10-31T14:02:23.275+0000] {dag.py:3036} INFO - Sync 1 DAGs
[2025-10-31T14:02:23.302+0000] {logging_mixin.py:188} INFO - [2025-10-31T14:02:23.302+0000] {dag.py:3823} INFO - Setting next_dagrun for my_dag to None, run_after=None
[2025-10-31T14:02:23.667+0000] {processor.py:183} INFO - Processing /opt/airflow/dags/my_dag.py took 1.659 seconds
[2025-10-31T14:02:54.092+0000] {processor.py:161} INFO - Started process (PID=1556) to work on /opt/airflow/dags/my_dag.py
[2025-10-31T14:02:54.094+0000] {processor.py:830} INFO - Processing file /opt/airflow/dags/my_dag.py for tasks to queue
[2025-10-31T14:02:54.096+0000] {logging_mixin.py:188} INFO - [2025-10-31T14:02:54.095+0000] {dagbag.py:538} INFO - Filling up the DagBag from /opt/airflow/dags/my_dag.py
[2025-10-31T14:02:54.920+0000] {processor.py:840} INFO - DAG(s) 'my_dag' retrieved from /opt/airflow/dags/my_dag.py
[2025-10-31T14:02:54.960+0000] {logging_mixin.py:188} INFO - [2025-10-31T14:02:54.958+0000] {dag.py:3036} INFO - Sync 1 DAGs
[2025-10-31T14:02:54.979+0000] {logging_mixin.py:188} INFO - [2025-10-31T14:02:54.979+0000] {dag.py:3823} INFO - Setting next_dagrun for my_dag to None, run_after=None
[2025-10-31T14:02:55.135+0000] {processor.py:183} INFO - Processing /opt/airflow/dags/my_dag.py took 1.049 seconds
[2025-10-31T14:03:25.292+0000] {processor.py:161} INFO - Started process (PID=1568) to work on /opt/airflow/dags/my_dag.py
[2025-10-31T14:03:25.313+0000] {processor.py:830} INFO - Processing file /opt/airflow/dags/my_dag.py for tasks to queue
[2025-10-31T14:03:25.318+0000] {logging_mixin.py:188} INFO - [2025-10-31T14:03:25.317+0000] {dagbag.py:538} INFO - Filling up the DagBag from /opt/airflow/dags/my_dag.py
[2025-10-31T14:03:26.998+0000] {processor.py:840} INFO - DAG(s) 'my_dag' retrieved from /opt/airflow/dags/my_dag.py
[2025-10-31T14:03:27.050+0000] {logging_mixin.py:188} INFO - [2025-10-31T14:03:27.049+0000] {dag.py:3036} INFO - Sync 1 DAGs
[2025-10-31T14:03:27.079+0000] {logging_mixin.py:188} INFO - [2025-10-31T14:03:27.078+0000] {dag.py:3823} INFO - Setting next_dagrun for my_dag to None, run_after=None
[2025-10-31T14:03:27.171+0000] {processor.py:183} INFO - Processing /opt/airflow/dags/my_dag.py took 1.888 seconds
[2025-10-31T14:03:57.385+0000] {processor.py:161} INFO - Started process (PID=1579) to work on /opt/airflow/dags/my_dag.py
[2025-10-31T14:03:57.388+0000] {processor.py:830} INFO - Processing file /opt/airflow/dags/my_dag.py for tasks to queue
[2025-10-31T14:03:57.390+0000] {logging_mixin.py:188} INFO - [2025-10-31T14:03:57.389+0000] {dagbag.py:538} INFO - Filling up the DagBag from /opt/airflow/dags/my_dag.py
[2025-10-31T14:03:58.859+0000] {processor.py:840} INFO - DAG(s) 'my_dag' retrieved from /opt/airflow/dags/my_dag.py
[2025-10-31T14:03:58.893+0000] {logging_mixin.py:188} INFO - [2025-10-31T14:03:58.892+0000] {dag.py:3036} INFO - Sync 1 DAGs
[2025-10-31T14:03:58.909+0000] {logging_mixin.py:188} INFO - [2025-10-31T14:03:58.909+0000] {dag.py:3823} INFO - Setting next_dagrun for my_dag to None, run_after=None
[2025-10-31T14:03:58.946+0000] {processor.py:183} INFO - Processing /opt/airflow/dags/my_dag.py took 1.571 seconds
[2025-10-31T14:04:30.407+0000] {processor.py:161} INFO - Started process (PID=1592) to work on /opt/airflow/dags/my_dag.py
[2025-10-31T14:04:30.410+0000] {processor.py:830} INFO - Processing file /opt/airflow/dags/my_dag.py for tasks to queue
[2025-10-31T14:04:30.413+0000] {logging_mixin.py:188} INFO - [2025-10-31T14:04:30.412+0000] {dagbag.py:538} INFO - Filling up the DagBag from /opt/airflow/dags/my_dag.py
[2025-10-31T14:04:31.213+0000] {processor.py:840} INFO - DAG(s) 'my_dag' retrieved from /opt/airflow/dags/my_dag.py
[2025-10-31T14:04:31.261+0000] {logging_mixin.py:188} INFO - [2025-10-31T14:04:31.260+0000] {dag.py:3036} INFO - Sync 1 DAGs
[2025-10-31T14:04:31.280+0000] {logging_mixin.py:188} INFO - [2025-10-31T14:04:31.279+0000] {dag.py:3823} INFO - Setting next_dagrun for my_dag to None, run_after=None
[2025-10-31T14:04:31.328+0000] {processor.py:183} INFO - Processing /opt/airflow/dags/my_dag.py took 0.928 seconds
[2025-10-31T14:05:03.546+0000] {processor.py:161} INFO - Started process (PID=1604) to work on /opt/airflow/dags/my_dag.py
[2025-10-31T14:05:03.551+0000] {processor.py:830} INFO - Processing file /opt/airflow/dags/my_dag.py for tasks to queue
[2025-10-31T14:05:03.555+0000] {logging_mixin.py:188} INFO - [2025-10-31T14:05:03.554+0000] {dagbag.py:538} INFO - Filling up the DagBag from /opt/airflow/dags/my_dag.py
[2025-10-31T14:05:05.014+0000] {processor.py:840} INFO - DAG(s) 'my_dag' retrieved from /opt/airflow/dags/my_dag.py
[2025-10-31T14:05:05.062+0000] {logging_mixin.py:188} INFO - [2025-10-31T14:05:05.061+0000] {dag.py:3036} INFO - Sync 1 DAGs
[2025-10-31T14:05:05.080+0000] {logging_mixin.py:188} INFO - [2025-10-31T14:05:05.080+0000] {dag.py:3823} INFO - Setting next_dagrun for my_dag to None, run_after=None
[2025-10-31T14:05:05.118+0000] {processor.py:183} INFO - Processing /opt/airflow/dags/my_dag.py took 1.583 seconds
[2025-10-31T14:05:35.827+0000] {processor.py:161} INFO - Started process (PID=1617) to work on /opt/airflow/dags/my_dag.py
[2025-10-31T14:05:35.834+0000] {processor.py:830} INFO - Processing file /opt/airflow/dags/my_dag.py for tasks to queue
[2025-10-31T14:05:35.840+0000] {logging_mixin.py:188} INFO - [2025-10-31T14:05:35.839+0000] {dagbag.py:538} INFO - Filling up the DagBag from /opt/airflow/dags/my_dag.py
[2025-10-31T14:05:36.984+0000] {processor.py:840} INFO - DAG(s) 'my_dag' retrieved from /opt/airflow/dags/my_dag.py
[2025-10-31T14:05:37.022+0000] {logging_mixin.py:188} INFO - [2025-10-31T14:05:37.021+0000] {dag.py:3036} INFO - Sync 1 DAGs
[2025-10-31T14:05:37.047+0000] {logging_mixin.py:188} INFO - [2025-10-31T14:05:37.046+0000] {dag.py:3823} INFO - Setting next_dagrun for my_dag to None, run_after=None
[2025-10-31T14:05:37.117+0000] {processor.py:183} INFO - Processing /opt/airflow/dags/my_dag.py took 1.309 seconds
[2025-10-31T14:06:08.754+0000] {processor.py:161} INFO - Started process (PID=1629) to work on /opt/airflow/dags/my_dag.py
[2025-10-31T14:06:08.757+0000] {processor.py:830} INFO - Processing file /opt/airflow/dags/my_dag.py for tasks to queue
[2025-10-31T14:06:08.760+0000] {logging_mixin.py:188} INFO - [2025-10-31T14:06:08.759+0000] {dagbag.py:538} INFO - Filling up the DagBag from /opt/airflow/dags/my_dag.py
[2025-10-31T14:06:10.349+0000] {processor.py:840} INFO - DAG(s) 'my_dag' retrieved from /opt/airflow/dags/my_dag.py
[2025-10-31T14:06:10.386+0000] {logging_mixin.py:188} INFO - [2025-10-31T14:06:10.386+0000] {dag.py:3036} INFO - Sync 1 DAGs
[2025-10-31T14:06:10.407+0000] {logging_mixin.py:188} INFO - [2025-10-31T14:06:10.406+0000] {dag.py:3823} INFO - Setting next_dagrun for my_dag to None, run_after=None
[2025-10-31T14:06:10.438+0000] {processor.py:183} INFO - Processing /opt/airflow/dags/my_dag.py took 1.697 seconds
[2025-10-31T14:06:40.741+0000] {processor.py:161} INFO - Started process (PID=1642) to work on /opt/airflow/dags/my_dag.py
[2025-10-31T14:06:40.745+0000] {processor.py:830} INFO - Processing file /opt/airflow/dags/my_dag.py for tasks to queue
[2025-10-31T14:06:40.748+0000] {logging_mixin.py:188} INFO - [2025-10-31T14:06:40.747+0000] {dagbag.py:538} INFO - Filling up the DagBag from /opt/airflow/dags/my_dag.py
[2025-10-31T14:06:41.573+0000] {processor.py:840} INFO - DAG(s) 'my_dag' retrieved from /opt/airflow/dags/my_dag.py
[2025-10-31T14:06:41.618+0000] {logging_mixin.py:188} INFO - [2025-10-31T14:06:41.617+0000] {dag.py:3036} INFO - Sync 1 DAGs
[2025-10-31T14:06:41.633+0000] {logging_mixin.py:188} INFO - [2025-10-31T14:06:41.633+0000] {dag.py:3823} INFO - Setting next_dagrun for my_dag to None, run_after=None
[2025-10-31T14:06:41.671+0000] {processor.py:183} INFO - Processing /opt/airflow/dags/my_dag.py took 0.939 seconds
[2025-10-31T14:07:10.150+0000] {processor.py:161} INFO - Started process (PID=1654) to work on /opt/airflow/dags/my_dag.py
[2025-10-31T14:07:10.153+0000] {processor.py:830} INFO - Processing file /opt/airflow/dags/my_dag.py for tasks to queue
[2025-10-31T14:07:10.155+0000] {logging_mixin.py:188} INFO - [2025-10-31T14:07:10.154+0000] {dagbag.py:538} INFO - Filling up the DagBag from /opt/airflow/dags/my_dag.py
[2025-10-31T14:07:11.417+0000] {processor.py:840} INFO - DAG(s) 'my_dag' retrieved from /opt/airflow/dags/my_dag.py
[2025-10-31T14:07:11.481+0000] {logging_mixin.py:188} INFO - [2025-10-31T14:07:11.480+0000] {dag.py:3036} INFO - Sync 1 DAGs
[2025-10-31T14:07:11.509+0000] {logging_mixin.py:188} INFO - [2025-10-31T14:07:11.508+0000] {dag.py:3823} INFO - Setting next_dagrun for my_dag to None, run_after=None
[2025-10-31T14:07:11.557+0000] {processor.py:183} INFO - Processing /opt/airflow/dags/my_dag.py took 1.416 seconds
[2025-10-31T14:07:41.816+0000] {processor.py:161} INFO - Started process (PID=1665) to work on /opt/airflow/dags/my_dag.py
[2025-10-31T14:07:41.818+0000] {processor.py:830} INFO - Processing file /opt/airflow/dags/my_dag.py for tasks to queue
[2025-10-31T14:07:41.820+0000] {logging_mixin.py:188} INFO - [2025-10-31T14:07:41.820+0000] {dagbag.py:538} INFO - Filling up the DagBag from /opt/airflow/dags/my_dag.py
[2025-10-31T14:07:43.107+0000] {processor.py:840} INFO - DAG(s) 'my_dag' retrieved from /opt/airflow/dags/my_dag.py
[2025-10-31T14:07:43.180+0000] {logging_mixin.py:188} INFO - [2025-10-31T14:07:43.170+0000] {dag.py:3036} INFO - Sync 1 DAGs
[2025-10-31T14:07:43.232+0000] {logging_mixin.py:188} INFO - [2025-10-31T14:07:43.232+0000] {dag.py:3823} INFO - Setting next_dagrun for my_dag to None, run_after=None
[2025-10-31T14:07:43.322+0000] {processor.py:183} INFO - Processing /opt/airflow/dags/my_dag.py took 1.514 seconds
[2025-10-31T14:08:13.564+0000] {processor.py:161} INFO - Started process (PID=1679) to work on /opt/airflow/dags/my_dag.py
[2025-10-31T14:08:13.566+0000] {processor.py:830} INFO - Processing file /opt/airflow/dags/my_dag.py for tasks to queue
[2025-10-31T14:08:13.568+0000] {logging_mixin.py:188} INFO - [2025-10-31T14:08:13.567+0000] {dagbag.py:538} INFO - Filling up the DagBag from /opt/airflow/dags/my_dag.py
[2025-10-31T14:08:15.113+0000] {processor.py:840} INFO - DAG(s) 'my_dag' retrieved from /opt/airflow/dags/my_dag.py
[2025-10-31T14:08:15.167+0000] {logging_mixin.py:188} INFO - [2025-10-31T14:08:15.161+0000] {dag.py:3036} INFO - Sync 1 DAGs
[2025-10-31T14:08:15.193+0000] {logging_mixin.py:188} INFO - [2025-10-31T14:08:15.193+0000] {dag.py:3823} INFO - Setting next_dagrun for my_dag to None, run_after=None
[2025-10-31T14:08:15.337+0000] {processor.py:183} INFO - Processing /opt/airflow/dags/my_dag.py took 1.786 seconds
[2025-10-31T14:08:45.865+0000] {processor.py:161} INFO - Started process (PID=1691) to work on /opt/airflow/dags/my_dag.py
[2025-10-31T14:08:45.867+0000] {processor.py:830} INFO - Processing file /opt/airflow/dags/my_dag.py for tasks to queue
[2025-10-31T14:08:45.870+0000] {logging_mixin.py:188} INFO - [2025-10-31T14:08:45.869+0000] {dagbag.py:538} INFO - Filling up the DagBag from /opt/airflow/dags/my_dag.py
[2025-10-31T14:08:47.208+0000] {processor.py:840} INFO - DAG(s) 'my_dag' retrieved from /opt/airflow/dags/my_dag.py
[2025-10-31T14:08:47.264+0000] {logging_mixin.py:188} INFO - [2025-10-31T14:08:47.263+0000] {dag.py:3036} INFO - Sync 1 DAGs
[2025-10-31T14:08:47.290+0000] {logging_mixin.py:188} INFO - [2025-10-31T14:08:47.290+0000] {dag.py:3823} INFO - Setting next_dagrun for my_dag to None, run_after=None
[2025-10-31T14:08:47.520+0000] {processor.py:183} INFO - Processing /opt/airflow/dags/my_dag.py took 1.673 seconds
[2025-10-31T14:09:18.075+0000] {processor.py:161} INFO - Started process (PID=1703) to work on /opt/airflow/dags/my_dag.py
[2025-10-31T14:09:18.078+0000] {processor.py:830} INFO - Processing file /opt/airflow/dags/my_dag.py for tasks to queue
[2025-10-31T14:09:18.080+0000] {logging_mixin.py:188} INFO - [2025-10-31T14:09:18.079+0000] {dagbag.py:538} INFO - Filling up the DagBag from /opt/airflow/dags/my_dag.py
[2025-10-31T14:09:19.094+0000] {processor.py:840} INFO - DAG(s) 'my_dag' retrieved from /opt/airflow/dags/my_dag.py
[2025-10-31T14:09:19.146+0000] {logging_mixin.py:188} INFO - [2025-10-31T14:09:19.145+0000] {dag.py:3036} INFO - Sync 1 DAGs
[2025-10-31T14:09:19.173+0000] {logging_mixin.py:188} INFO - [2025-10-31T14:09:19.173+0000] {dag.py:3823} INFO - Setting next_dagrun for my_dag to None, run_after=None
[2025-10-31T14:09:19.213+0000] {processor.py:183} INFO - Processing /opt/airflow/dags/my_dag.py took 1.146 seconds
[2025-10-31T14:09:49.892+0000] {processor.py:161} INFO - Started process (PID=1715) to work on /opt/airflow/dags/my_dag.py
[2025-10-31T14:09:49.896+0000] {processor.py:830} INFO - Processing file /opt/airflow/dags/my_dag.py for tasks to queue
[2025-10-31T14:09:49.899+0000] {logging_mixin.py:188} INFO - [2025-10-31T14:09:49.898+0000] {dagbag.py:538} INFO - Filling up the DagBag from /opt/airflow/dags/my_dag.py
[2025-10-31T14:09:51.091+0000] {processor.py:840} INFO - DAG(s) 'my_dag' retrieved from /opt/airflow/dags/my_dag.py
[2025-10-31T14:09:51.132+0000] {logging_mixin.py:188} INFO - [2025-10-31T14:09:51.131+0000] {dag.py:3036} INFO - Sync 1 DAGs
[2025-10-31T14:09:51.159+0000] {logging_mixin.py:188} INFO - [2025-10-31T14:09:51.158+0000] {dag.py:3823} INFO - Setting next_dagrun for my_dag to None, run_after=None
[2025-10-31T14:09:51.206+0000] {processor.py:183} INFO - Processing /opt/airflow/dags/my_dag.py took 1.321 seconds
[2025-10-31T14:10:22.364+0000] {processor.py:161} INFO - Started process (PID=1727) to work on /opt/airflow/dags/my_dag.py
[2025-10-31T14:10:22.367+0000] {processor.py:830} INFO - Processing file /opt/airflow/dags/my_dag.py for tasks to queue
[2025-10-31T14:10:22.369+0000] {logging_mixin.py:188} INFO - [2025-10-31T14:10:22.368+0000] {dagbag.py:538} INFO - Filling up the DagBag from /opt/airflow/dags/my_dag.py
[2025-10-31T14:10:23.943+0000] {processor.py:840} INFO - DAG(s) 'my_dag' retrieved from /opt/airflow/dags/my_dag.py
[2025-10-31T14:10:24.019+0000] {logging_mixin.py:188} INFO - [2025-10-31T14:10:24.018+0000] {dag.py:3036} INFO - Sync 1 DAGs
[2025-10-31T14:10:24.046+0000] {logging_mixin.py:188} INFO - [2025-10-31T14:10:24.046+0000] {dag.py:3823} INFO - Setting next_dagrun for my_dag to None, run_after=None
[2025-10-31T14:10:24.093+0000] {processor.py:183} INFO - Processing /opt/airflow/dags/my_dag.py took 1.736 seconds
[2025-10-31T14:10:54.805+0000] {processor.py:161} INFO - Started process (PID=1740) to work on /opt/airflow/dags/my_dag.py
[2025-10-31T14:10:54.807+0000] {processor.py:830} INFO - Processing file /opt/airflow/dags/my_dag.py for tasks to queue
[2025-10-31T14:10:54.810+0000] {logging_mixin.py:188} INFO - [2025-10-31T14:10:54.809+0000] {dagbag.py:538} INFO - Filling up the DagBag from /opt/airflow/dags/my_dag.py
[2025-10-31T14:10:55.782+0000] {processor.py:840} INFO - DAG(s) 'my_dag' retrieved from /opt/airflow/dags/my_dag.py
[2025-10-31T14:10:55.823+0000] {logging_mixin.py:188} INFO - [2025-10-31T14:10:55.822+0000] {dag.py:3036} INFO - Sync 1 DAGs
[2025-10-31T14:10:55.846+0000] {logging_mixin.py:188} INFO - [2025-10-31T14:10:55.846+0000] {dag.py:3823} INFO - Setting next_dagrun for my_dag to None, run_after=None
[2025-10-31T14:10:55.887+0000] {processor.py:183} INFO - Processing /opt/airflow/dags/my_dag.py took 1.087 seconds
[2025-10-31T14:11:26.568+0000] {processor.py:161} INFO - Started process (PID=1752) to work on /opt/airflow/dags/my_dag.py
[2025-10-31T14:11:26.570+0000] {processor.py:830} INFO - Processing file /opt/airflow/dags/my_dag.py for tasks to queue
[2025-10-31T14:11:26.571+0000] {logging_mixin.py:188} INFO - [2025-10-31T14:11:26.571+0000] {dagbag.py:538} INFO - Filling up the DagBag from /opt/airflow/dags/my_dag.py
[2025-10-31T14:11:27.499+0000] {processor.py:840} INFO - DAG(s) 'my_dag' retrieved from /opt/airflow/dags/my_dag.py
[2025-10-31T14:11:27.529+0000] {logging_mixin.py:188} INFO - [2025-10-31T14:11:27.529+0000] {dag.py:3036} INFO - Sync 1 DAGs
[2025-10-31T14:11:27.542+0000] {logging_mixin.py:188} INFO - [2025-10-31T14:11:27.542+0000] {dag.py:3823} INFO - Setting next_dagrun for my_dag to None, run_after=None
[2025-10-31T14:11:27.579+0000] {processor.py:183} INFO - Processing /opt/airflow/dags/my_dag.py took 1.016 seconds
[2025-10-31T14:11:57.944+0000] {processor.py:161} INFO - Started process (PID=1763) to work on /opt/airflow/dags/my_dag.py
[2025-10-31T14:11:57.950+0000] {processor.py:830} INFO - Processing file /opt/airflow/dags/my_dag.py for tasks to queue
[2025-10-31T14:11:57.953+0000] {logging_mixin.py:188} INFO - [2025-10-31T14:11:57.952+0000] {dagbag.py:538} INFO - Filling up the DagBag from /opt/airflow/dags/my_dag.py
[2025-10-31T14:11:58.902+0000] {processor.py:840} INFO - DAG(s) 'my_dag' retrieved from /opt/airflow/dags/my_dag.py
[2025-10-31T14:11:59.004+0000] {logging_mixin.py:188} INFO - [2025-10-31T14:11:59.000+0000] {dag.py:3036} INFO - Sync 1 DAGs
[2025-10-31T14:11:59.060+0000] {logging_mixin.py:188} INFO - [2025-10-31T14:11:59.059+0000] {dag.py:3823} INFO - Setting next_dagrun for my_dag to None, run_after=None
[2025-10-31T14:11:59.165+0000] {processor.py:183} INFO - Processing /opt/airflow/dags/my_dag.py took 1.230 seconds
[2025-10-31T14:12:30.266+0000] {processor.py:161} INFO - Started process (PID=1775) to work on /opt/airflow/dags/my_dag.py
[2025-10-31T14:12:30.268+0000] {processor.py:830} INFO - Processing file /opt/airflow/dags/my_dag.py for tasks to queue
[2025-10-31T14:12:30.271+0000] {logging_mixin.py:188} INFO - [2025-10-31T14:12:30.270+0000] {dagbag.py:538} INFO - Filling up the DagBag from /opt/airflow/dags/my_dag.py
[2025-10-31T14:12:32.476+0000] {processor.py:840} INFO - DAG(s) 'my_dag' retrieved from /opt/airflow/dags/my_dag.py
[2025-10-31T14:12:32.597+0000] {logging_mixin.py:188} INFO - [2025-10-31T14:12:32.596+0000] {dag.py:3036} INFO - Sync 1 DAGs
[2025-10-31T14:12:32.641+0000] {logging_mixin.py:188} INFO - [2025-10-31T14:12:32.640+0000] {dag.py:3823} INFO - Setting next_dagrun for my_dag to None, run_after=None
[2025-10-31T14:12:32.717+0000] {processor.py:183} INFO - Processing /opt/airflow/dags/my_dag.py took 2.458 seconds
[2025-10-31T14:13:03.068+0000] {processor.py:161} INFO - Started process (PID=1787) to work on /opt/airflow/dags/my_dag.py
[2025-10-31T14:13:03.070+0000] {processor.py:830} INFO - Processing file /opt/airflow/dags/my_dag.py for tasks to queue
[2025-10-31T14:13:03.074+0000] {logging_mixin.py:188} INFO - [2025-10-31T14:13:03.072+0000] {dagbag.py:538} INFO - Filling up the DagBag from /opt/airflow/dags/my_dag.py
[2025-10-31T14:13:04.152+0000] {processor.py:840} INFO - DAG(s) 'my_dag' retrieved from /opt/airflow/dags/my_dag.py
[2025-10-31T14:13:04.209+0000] {logging_mixin.py:188} INFO - [2025-10-31T14:13:04.207+0000] {dag.py:3036} INFO - Sync 1 DAGs
[2025-10-31T14:13:04.234+0000] {logging_mixin.py:188} INFO - [2025-10-31T14:13:04.233+0000] {dag.py:3823} INFO - Setting next_dagrun for my_dag to None, run_after=None
[2025-10-31T14:13:04.282+0000] {processor.py:183} INFO - Processing /opt/airflow/dags/my_dag.py took 1.231 seconds
[2025-10-31T14:13:34.781+0000] {processor.py:161} INFO - Started process (PID=1799) to work on /opt/airflow/dags/my_dag.py
[2025-10-31T14:13:34.788+0000] {processor.py:830} INFO - Processing file /opt/airflow/dags/my_dag.py for tasks to queue
[2025-10-31T14:13:34.793+0000] {logging_mixin.py:188} INFO - [2025-10-31T14:13:34.791+0000] {dagbag.py:538} INFO - Filling up the DagBag from /opt/airflow/dags/my_dag.py
[2025-10-31T14:13:35.747+0000] {processor.py:840} INFO - DAG(s) 'my_dag' retrieved from /opt/airflow/dags/my_dag.py
[2025-10-31T14:13:35.791+0000] {logging_mixin.py:188} INFO - [2025-10-31T14:13:35.790+0000] {dag.py:3036} INFO - Sync 1 DAGs
[2025-10-31T14:13:35.806+0000] {logging_mixin.py:188} INFO - [2025-10-31T14:13:35.806+0000] {dag.py:3823} INFO - Setting next_dagrun for my_dag to None, run_after=None
[2025-10-31T14:13:35.846+0000] {processor.py:183} INFO - Processing /opt/airflow/dags/my_dag.py took 1.079 seconds
[2025-10-31T14:14:06.267+0000] {processor.py:161} INFO - Started process (PID=1811) to work on /opt/airflow/dags/my_dag.py
[2025-10-31T14:14:06.270+0000] {processor.py:830} INFO - Processing file /opt/airflow/dags/my_dag.py for tasks to queue
[2025-10-31T14:14:06.272+0000] {logging_mixin.py:188} INFO - [2025-10-31T14:14:06.271+0000] {dagbag.py:538} INFO - Filling up the DagBag from /opt/airflow/dags/my_dag.py
[2025-10-31T14:14:07.314+0000] {processor.py:840} INFO - DAG(s) 'my_dag' retrieved from /opt/airflow/dags/my_dag.py
[2025-10-31T14:14:07.373+0000] {logging_mixin.py:188} INFO - [2025-10-31T14:14:07.372+0000] {dag.py:3036} INFO - Sync 1 DAGs
[2025-10-31T14:14:07.402+0000] {logging_mixin.py:188} INFO - [2025-10-31T14:14:07.402+0000] {dag.py:3823} INFO - Setting next_dagrun for my_dag to None, run_after=None
[2025-10-31T14:14:07.451+0000] {processor.py:183} INFO - Processing /opt/airflow/dags/my_dag.py took 1.193 seconds
[2025-10-31T14:14:37.767+0000] {processor.py:161} INFO - Started process (PID=1817) to work on /opt/airflow/dags/my_dag.py
[2025-10-31T14:14:37.769+0000] {processor.py:830} INFO - Processing file /opt/airflow/dags/my_dag.py for tasks to queue
[2025-10-31T14:14:37.771+0000] {logging_mixin.py:188} INFO - [2025-10-31T14:14:37.771+0000] {dagbag.py:538} INFO - Filling up the DagBag from /opt/airflow/dags/my_dag.py
[2025-10-31T14:14:39.282+0000] {processor.py:840} INFO - DAG(s) 'my_dag' retrieved from /opt/airflow/dags/my_dag.py
[2025-10-31T14:14:39.326+0000] {logging_mixin.py:188} INFO - [2025-10-31T14:14:39.325+0000] {dag.py:3036} INFO - Sync 1 DAGs
[2025-10-31T14:14:39.356+0000] {logging_mixin.py:188} INFO - [2025-10-31T14:14:39.355+0000] {dag.py:3823} INFO - Setting next_dagrun for my_dag to None, run_after=None
[2025-10-31T14:14:39.406+0000] {processor.py:183} INFO - Processing /opt/airflow/dags/my_dag.py took 1.648 seconds
[2025-10-31T14:15:10.639+0000] {processor.py:161} INFO - Started process (PID=1829) to work on /opt/airflow/dags/my_dag.py
[2025-10-31T14:15:10.649+0000] {processor.py:830} INFO - Processing file /opt/airflow/dags/my_dag.py for tasks to queue
[2025-10-31T14:15:10.651+0000] {logging_mixin.py:188} INFO - [2025-10-31T14:15:10.650+0000] {dagbag.py:538} INFO - Filling up the DagBag from /opt/airflow/dags/my_dag.py
[2025-10-31T14:15:13.021+0000] {processor.py:840} INFO - DAG(s) 'my_dag' retrieved from /opt/airflow/dags/my_dag.py
[2025-10-31T14:15:13.075+0000] {logging_mixin.py:188} INFO - [2025-10-31T14:15:13.073+0000] {dag.py:3036} INFO - Sync 1 DAGs
[2025-10-31T14:15:13.104+0000] {logging_mixin.py:188} INFO - [2025-10-31T14:15:13.103+0000] {dag.py:3823} INFO - Setting next_dagrun for my_dag to None, run_after=None
[2025-10-31T14:15:13.173+0000] {processor.py:183} INFO - Processing /opt/airflow/dags/my_dag.py took 2.541 seconds
[2025-10-31T14:15:43.568+0000] {processor.py:161} INFO - Started process (PID=1841) to work on /opt/airflow/dags/my_dag.py
[2025-10-31T14:15:43.570+0000] {processor.py:830} INFO - Processing file /opt/airflow/dags/my_dag.py for tasks to queue
[2025-10-31T14:15:43.573+0000] {logging_mixin.py:188} INFO - [2025-10-31T14:15:43.572+0000] {dagbag.py:538} INFO - Filling up the DagBag from /opt/airflow/dags/my_dag.py
[2025-10-31T14:15:44.416+0000] {processor.py:840} INFO - DAG(s) 'my_dag' retrieved from /opt/airflow/dags/my_dag.py
[2025-10-31T14:15:44.456+0000] {logging_mixin.py:188} INFO - [2025-10-31T14:15:44.455+0000] {dag.py:3036} INFO - Sync 1 DAGs
[2025-10-31T14:15:44.470+0000] {logging_mixin.py:188} INFO - [2025-10-31T14:15:44.470+0000] {dag.py:3823} INFO - Setting next_dagrun for my_dag to None, run_after=None
[2025-10-31T14:15:44.497+0000] {processor.py:183} INFO - Processing /opt/airflow/dags/my_dag.py took 0.936 seconds
[2025-10-31T14:16:14.850+0000] {processor.py:161} INFO - Started process (PID=1853) to work on /opt/airflow/dags/my_dag.py
[2025-10-31T14:16:14.856+0000] {processor.py:830} INFO - Processing file /opt/airflow/dags/my_dag.py for tasks to queue
[2025-10-31T14:16:14.860+0000] {logging_mixin.py:188} INFO - [2025-10-31T14:16:14.858+0000] {dagbag.py:538} INFO - Filling up the DagBag from /opt/airflow/dags/my_dag.py
[2025-10-31T14:16:16.039+0000] {processor.py:840} INFO - DAG(s) 'my_dag' retrieved from /opt/airflow/dags/my_dag.py
[2025-10-31T14:16:16.146+0000] {logging_mixin.py:188} INFO - [2025-10-31T14:16:16.145+0000] {dag.py:3036} INFO - Sync 1 DAGs
[2025-10-31T14:16:16.212+0000] {logging_mixin.py:188} INFO - [2025-10-31T14:16:16.211+0000] {dag.py:3823} INFO - Setting next_dagrun for my_dag to None, run_after=None
[2025-10-31T14:16:16.248+0000] {processor.py:183} INFO - Processing /opt/airflow/dags/my_dag.py took 1.405 seconds
[2025-10-31T14:16:46.842+0000] {processor.py:161} INFO - Started process (PID=1865) to work on /opt/airflow/dags/my_dag.py
[2025-10-31T14:16:46.843+0000] {processor.py:830} INFO - Processing file /opt/airflow/dags/my_dag.py for tasks to queue
[2025-10-31T14:16:46.846+0000] {logging_mixin.py:188} INFO - [2025-10-31T14:16:46.846+0000] {dagbag.py:538} INFO - Filling up the DagBag from /opt/airflow/dags/my_dag.py
[2025-10-31T14:16:47.469+0000] {processor.py:840} INFO - DAG(s) 'my_dag' retrieved from /opt/airflow/dags/my_dag.py
[2025-10-31T14:16:47.506+0000] {logging_mixin.py:188} INFO - [2025-10-31T14:16:47.505+0000] {dag.py:3036} INFO - Sync 1 DAGs
[2025-10-31T14:16:47.520+0000] {logging_mixin.py:188} INFO - [2025-10-31T14:16:47.520+0000] {dag.py:3823} INFO - Setting next_dagrun for my_dag to None, run_after=None
[2025-10-31T14:16:47.712+0000] {processor.py:183} INFO - Processing /opt/airflow/dags/my_dag.py took 0.876 seconds
[2025-10-31T14:17:18.049+0000] {processor.py:161} INFO - Started process (PID=1877) to work on /opt/airflow/dags/my_dag.py
[2025-10-31T14:17:18.051+0000] {processor.py:830} INFO - Processing file /opt/airflow/dags/my_dag.py for tasks to queue
[2025-10-31T14:17:18.055+0000] {logging_mixin.py:188} INFO - [2025-10-31T14:17:18.054+0000] {dagbag.py:538} INFO - Filling up the DagBag from /opt/airflow/dags/my_dag.py
[2025-10-31T14:17:18.972+0000] {processor.py:840} INFO - DAG(s) 'my_dag' retrieved from /opt/airflow/dags/my_dag.py
[2025-10-31T14:17:19.066+0000] {logging_mixin.py:188} INFO - [2025-10-31T14:17:19.065+0000] {dag.py:3036} INFO - Sync 1 DAGs
[2025-10-31T14:17:19.091+0000] {logging_mixin.py:188} INFO - [2025-10-31T14:17:19.091+0000] {dag.py:3823} INFO - Setting next_dagrun for my_dag to None, run_after=None
[2025-10-31T14:17:19.325+0000] {processor.py:183} INFO - Processing /opt/airflow/dags/my_dag.py took 1.281 seconds
[2025-10-31T14:17:49.723+0000] {processor.py:161} INFO - Started process (PID=1889) to work on /opt/airflow/dags/my_dag.py
[2025-10-31T14:17:49.725+0000] {processor.py:830} INFO - Processing file /opt/airflow/dags/my_dag.py for tasks to queue
[2025-10-31T14:17:49.726+0000] {logging_mixin.py:188} INFO - [2025-10-31T14:17:49.726+0000] {dagbag.py:538} INFO - Filling up the DagBag from /opt/airflow/dags/my_dag.py
[2025-10-31T14:17:50.736+0000] {processor.py:840} INFO - DAG(s) 'my_dag' retrieved from /opt/airflow/dags/my_dag.py
[2025-10-31T14:17:50.782+0000] {logging_mixin.py:188} INFO - [2025-10-31T14:17:50.781+0000] {dag.py:3036} INFO - Sync 1 DAGs
[2025-10-31T14:17:50.818+0000] {logging_mixin.py:188} INFO - [2025-10-31T14:17:50.818+0000] {dag.py:3823} INFO - Setting next_dagrun for my_dag to None, run_after=None
[2025-10-31T14:17:50.986+0000] {processor.py:183} INFO - Processing /opt/airflow/dags/my_dag.py took 1.269 seconds
[2025-10-31T14:18:21.520+0000] {processor.py:161} INFO - Started process (PID=1901) to work on /opt/airflow/dags/my_dag.py
[2025-10-31T14:18:21.522+0000] {processor.py:830} INFO - Processing file /opt/airflow/dags/my_dag.py for tasks to queue
[2025-10-31T14:18:21.524+0000] {logging_mixin.py:188} INFO - [2025-10-31T14:18:21.523+0000] {dagbag.py:538} INFO - Filling up the DagBag from /opt/airflow/dags/my_dag.py
[2025-10-31T14:18:22.315+0000] {processor.py:840} INFO - DAG(s) 'my_dag' retrieved from /opt/airflow/dags/my_dag.py
[2025-10-31T14:18:22.386+0000] {logging_mixin.py:188} INFO - [2025-10-31T14:18:22.385+0000] {dag.py:3036} INFO - Sync 1 DAGs
[2025-10-31T14:18:22.405+0000] {logging_mixin.py:188} INFO - [2025-10-31T14:18:22.404+0000] {dag.py:3823} INFO - Setting next_dagrun for my_dag to None, run_after=None
[2025-10-31T14:18:22.437+0000] {processor.py:183} INFO - Processing /opt/airflow/dags/my_dag.py took 0.923 seconds
[2025-10-31T14:18:52.715+0000] {processor.py:161} INFO - Started process (PID=1913) to work on /opt/airflow/dags/my_dag.py
[2025-10-31T14:18:52.718+0000] {processor.py:830} INFO - Processing file /opt/airflow/dags/my_dag.py for tasks to queue
[2025-10-31T14:18:52.719+0000] {logging_mixin.py:188} INFO - [2025-10-31T14:18:52.719+0000] {dagbag.py:538} INFO - Filling up the DagBag from /opt/airflow/dags/my_dag.py
[2025-10-31T14:18:54.060+0000] {processor.py:840} INFO - DAG(s) 'my_dag' retrieved from /opt/airflow/dags/my_dag.py
[2025-10-31T14:18:54.092+0000] {logging_mixin.py:188} INFO - [2025-10-31T14:18:54.091+0000] {dag.py:3036} INFO - Sync 1 DAGs
[2025-10-31T14:18:54.109+0000] {logging_mixin.py:188} INFO - [2025-10-31T14:18:54.109+0000] {dag.py:3823} INFO - Setting next_dagrun for my_dag to None, run_after=None
[2025-10-31T14:18:54.144+0000] {processor.py:183} INFO - Processing /opt/airflow/dags/my_dag.py took 1.437 seconds
[2025-10-31T14:19:24.939+0000] {processor.py:161} INFO - Started process (PID=1926) to work on /opt/airflow/dags/my_dag.py
[2025-10-31T14:19:24.941+0000] {processor.py:830} INFO - Processing file /opt/airflow/dags/my_dag.py for tasks to queue
[2025-10-31T14:19:24.944+0000] {logging_mixin.py:188} INFO - [2025-10-31T14:19:24.943+0000] {dagbag.py:538} INFO - Filling up the DagBag from /opt/airflow/dags/my_dag.py
[2025-10-31T14:19:29.880+0000] {processor.py:840} INFO - DAG(s) 'my_dag' retrieved from /opt/airflow/dags/my_dag.py
[2025-10-31T14:19:29.909+0000] {logging_mixin.py:188} INFO - [2025-10-31T14:19:29.908+0000] {dag.py:3036} INFO - Sync 1 DAGs
[2025-10-31T14:19:29.922+0000] {logging_mixin.py:188} INFO - [2025-10-31T14:19:29.922+0000] {dag.py:3823} INFO - Setting next_dagrun for my_dag to None, run_after=None
[2025-10-31T14:19:29.953+0000] {processor.py:183} INFO - Processing /opt/airflow/dags/my_dag.py took 0.779 seconds
[2025-10-31T14:20:01.326+0000] {processor.py:161} INFO - Started process (PID=1939) to work on /opt/airflow/dags/my_dag.py
[2025-10-31T14:20:01.331+0000] {processor.py:830} INFO - Processing file /opt/airflow/dags/my_dag.py for tasks to queue
[2025-10-31T14:20:01.343+0000] {logging_mixin.py:188} INFO - [2025-10-31T14:20:01.341+0000] {dagbag.py:538} INFO - Filling up the DagBag from /opt/airflow/dags/my_dag.py
[2025-10-31T14:20:04.292+0000] {processor.py:840} INFO - DAG(s) 'my_dag' retrieved from /opt/airflow/dags/my_dag.py
[2025-10-31T14:20:05.073+0000] {logging_mixin.py:188} INFO - [2025-10-31T14:20:05.065+0000] {dag.py:3036} INFO - Sync 1 DAGs
[2025-10-31T14:20:05.151+0000] {logging_mixin.py:188} INFO - [2025-10-31T14:20:05.151+0000] {dag.py:3823} INFO - Setting next_dagrun for my_dag to None, run_after=None
[2025-10-31T14:20:05.656+0000] {processor.py:183} INFO - Processing /opt/airflow/dags/my_dag.py took 4.357 seconds
[2025-10-31T14:20:36.250+0000] {processor.py:161} INFO - Started process (PID=1951) to work on /opt/airflow/dags/my_dag.py
[2025-10-31T14:20:36.253+0000] {processor.py:830} INFO - Processing file /opt/airflow/dags/my_dag.py for tasks to queue
[2025-10-31T14:20:36.255+0000] {logging_mixin.py:188} INFO - [2025-10-31T14:20:36.254+0000] {dagbag.py:538} INFO - Filling up the DagBag from /opt/airflow/dags/my_dag.py
[2025-10-31T14:20:37.947+0000] {processor.py:840} INFO - DAG(s) 'my_dag' retrieved from /opt/airflow/dags/my_dag.py
[2025-10-31T14:20:37.993+0000] {logging_mixin.py:188} INFO - [2025-10-31T14:20:37.992+0000] {dag.py:3036} INFO - Sync 1 DAGs
[2025-10-31T14:20:38.012+0000] {logging_mixin.py:188} INFO - [2025-10-31T14:20:38.012+0000] {dag.py:3823} INFO - Setting next_dagrun for my_dag to None, run_after=None
[2025-10-31T14:20:38.317+0000] {processor.py:183} INFO - Processing /opt/airflow/dags/my_dag.py took 2.076 seconds
[2025-10-31T14:21:08.432+0000] {processor.py:161} INFO - Started process (PID=1963) to work on /opt/airflow/dags/my_dag.py
[2025-10-31T14:21:08.434+0000] {processor.py:830} INFO - Processing file /opt/airflow/dags/my_dag.py for tasks to queue
[2025-10-31T14:21:08.436+0000] {logging_mixin.py:188} INFO - [2025-10-31T14:21:08.435+0000] {dagbag.py:538} INFO - Filling up the DagBag from /opt/airflow/dags/my_dag.py
[2025-10-31T14:21:09.324+0000] {processor.py:840} INFO - DAG(s) 'my_dag' retrieved from /opt/airflow/dags/my_dag.py
[2025-10-31T14:21:09.374+0000] {logging_mixin.py:188} INFO - [2025-10-31T14:21:09.373+0000] {dag.py:3036} INFO - Sync 1 DAGs
[2025-10-31T14:21:09.396+0000] {logging_mixin.py:188} INFO - [2025-10-31T14:21:09.396+0000] {dag.py:3823} INFO - Setting next_dagrun for my_dag to None, run_after=None
[2025-10-31T14:21:09.453+0000] {processor.py:183} INFO - Processing /opt/airflow/dags/my_dag.py took 1.028 seconds
[2025-10-31T14:21:40.316+0000] {processor.py:161} INFO - Started process (PID=1975) to work on /opt/airflow/dags/my_dag.py
[2025-10-31T14:21:40.318+0000] {processor.py:830} INFO - Processing file /opt/airflow/dags/my_dag.py for tasks to queue
[2025-10-31T14:21:40.322+0000] {logging_mixin.py:188} INFO - [2025-10-31T14:21:40.321+0000] {dagbag.py:538} INFO - Filling up the DagBag from /opt/airflow/dags/my_dag.py
[2025-10-31T14:21:42.620+0000] {processor.py:840} INFO - DAG(s) 'my_dag' retrieved from /opt/airflow/dags/my_dag.py
[2025-10-31T14:21:42.715+0000] {logging_mixin.py:188} INFO - [2025-10-31T14:21:42.714+0000] {dag.py:3036} INFO - Sync 1 DAGs
[2025-10-31T14:21:42.789+0000] {logging_mixin.py:188} INFO - [2025-10-31T14:21:42.788+0000] {dag.py:3823} INFO - Setting next_dagrun for my_dag to None, run_after=None
[2025-10-31T14:21:42.880+0000] {processor.py:183} INFO - Processing /opt/airflow/dags/my_dag.py took 2.575 seconds
[2025-10-31T14:22:13.210+0000] {processor.py:161} INFO - Started process (PID=1987) to work on /opt/airflow/dags/my_dag.py
[2025-10-31T14:22:13.212+0000] {processor.py:830} INFO - Processing file /opt/airflow/dags/my_dag.py for tasks to queue
[2025-10-31T14:22:13.214+0000] {logging_mixin.py:188} INFO - [2025-10-31T14:22:13.213+0000] {dagbag.py:538} INFO - Filling up the DagBag from /opt/airflow/dags/my_dag.py
[2025-10-31T14:22:14.059+0000] {processor.py:840} INFO - DAG(s) 'my_dag' retrieved from /opt/airflow/dags/my_dag.py
[2025-10-31T14:22:14.100+0000] {logging_mixin.py:188} INFO - [2025-10-31T14:22:14.099+0000] {dag.py:3036} INFO - Sync 1 DAGs
[2025-10-31T14:22:14.115+0000] {logging_mixin.py:188} INFO - [2025-10-31T14:22:14.115+0000] {dag.py:3823} INFO - Setting next_dagrun for my_dag to None, run_after=None
[2025-10-31T14:22:14.144+0000] {processor.py:183} INFO - Processing /opt/airflow/dags/my_dag.py took 0.940 seconds
[2025-10-31T14:22:45.390+0000] {processor.py:161} INFO - Started process (PID=1999) to work on /opt/airflow/dags/my_dag.py
[2025-10-31T14:22:45.392+0000] {processor.py:830} INFO - Processing file /opt/airflow/dags/my_dag.py for tasks to queue
[2025-10-31T14:22:45.395+0000] {logging_mixin.py:188} INFO - [2025-10-31T14:22:45.394+0000] {dagbag.py:538} INFO - Filling up the DagBag from /opt/airflow/dags/my_dag.py
[2025-10-31T14:22:46.298+0000] {processor.py:840} INFO - DAG(s) 'my_dag' retrieved from /opt/airflow/dags/my_dag.py
[2025-10-31T14:22:46.340+0000] {logging_mixin.py:188} INFO - [2025-10-31T14:22:46.339+0000] {dag.py:3036} INFO - Sync 1 DAGs
[2025-10-31T14:22:46.355+0000] {logging_mixin.py:188} INFO - [2025-10-31T14:22:46.355+0000] {dag.py:3823} INFO - Setting next_dagrun for my_dag to None, run_after=None
[2025-10-31T14:22:46.403+0000] {processor.py:183} INFO - Processing /opt/airflow/dags/my_dag.py took 1.020 seconds
[2025-10-31T14:23:16.861+0000] {processor.py:161} INFO - Started process (PID=2011) to work on /opt/airflow/dags/my_dag.py
[2025-10-31T14:23:16.863+0000] {processor.py:830} INFO - Processing file /opt/airflow/dags/my_dag.py for tasks to queue
[2025-10-31T14:23:16.865+0000] {logging_mixin.py:188} INFO - [2025-10-31T14:23:16.865+0000] {dagbag.py:538} INFO - Filling up the DagBag from /opt/airflow/dags/my_dag.py
[2025-10-31T14:23:17.943+0000] {processor.py:840} INFO - DAG(s) 'my_dag' retrieved from /opt/airflow/dags/my_dag.py
[2025-10-31T14:23:17.980+0000] {logging_mixin.py:188} INFO - [2025-10-31T14:23:17.979+0000] {dag.py:3036} INFO - Sync 1 DAGs
[2025-10-31T14:23:17.994+0000] {logging_mixin.py:188} INFO - [2025-10-31T14:23:17.994+0000] {dag.py:3823} INFO - Setting next_dagrun for my_dag to None, run_after=None
[2025-10-31T14:23:18.026+0000] {processor.py:183} INFO - Processing /opt/airflow/dags/my_dag.py took 1.171 seconds
[2025-10-31T14:23:49.023+0000] {processor.py:161} INFO - Started process (PID=2023) to work on /opt/airflow/dags/my_dag.py
[2025-10-31T14:23:49.045+0000] {processor.py:830} INFO - Processing file /opt/airflow/dags/my_dag.py for tasks to queue
[2025-10-31T14:23:49.057+0000] {logging_mixin.py:188} INFO - [2025-10-31T14:23:49.056+0000] {dagbag.py:538} INFO - Filling up the DagBag from /opt/airflow/dags/my_dag.py
[2025-10-31T14:23:50.583+0000] {processor.py:840} INFO - DAG(s) 'my_dag' retrieved from /opt/airflow/dags/my_dag.py
[2025-10-31T14:23:50.629+0000] {logging_mixin.py:188} INFO - [2025-10-31T14:23:50.628+0000] {dag.py:3036} INFO - Sync 1 DAGs
[2025-10-31T14:23:50.645+0000] {logging_mixin.py:188} INFO - [2025-10-31T14:23:50.645+0000] {dag.py:3823} INFO - Setting next_dagrun for my_dag to None, run_after=None
[2025-10-31T14:23:50.676+0000] {processor.py:183} INFO - Processing /opt/airflow/dags/my_dag.py took 1.662 seconds
[2025-10-31T14:24:20.903+0000] {processor.py:161} INFO - Started process (PID=2035) to work on /opt/airflow/dags/my_dag.py
[2025-10-31T14:24:20.905+0000] {processor.py:830} INFO - Processing file /opt/airflow/dags/my_dag.py for tasks to queue
[2025-10-31T14:24:20.907+0000] {logging_mixin.py:188} INFO - [2025-10-31T14:24:20.906+0000] {dagbag.py:538} INFO - Filling up the DagBag from /opt/airflow/dags/my_dag.py
[2025-10-31T14:24:21.686+0000] {processor.py:840} INFO - DAG(s) 'my_dag' retrieved from /opt/airflow/dags/my_dag.py
[2025-10-31T14:24:21.726+0000] {logging_mixin.py:188} INFO - [2025-10-31T14:24:21.724+0000] {dag.py:3036} INFO - Sync 1 DAGs
[2025-10-31T14:24:21.754+0000] {logging_mixin.py:188} INFO - [2025-10-31T14:24:21.753+0000] {dag.py:3823} INFO - Setting next_dagrun for my_dag to None, run_after=None
[2025-10-31T14:24:21.786+0000] {processor.py:183} INFO - Processing /opt/airflow/dags/my_dag.py took 0.890 seconds
[2025-10-31T14:24:52.317+0000] {processor.py:161} INFO - Started process (PID=2047) to work on /opt/airflow/dags/my_dag.py
[2025-10-31T14:24:52.319+0000] {processor.py:830} INFO - Processing file /opt/airflow/dags/my_dag.py for tasks to queue
[2025-10-31T14:24:52.322+0000] {logging_mixin.py:188} INFO - [2025-10-31T14:24:52.321+0000] {dagbag.py:538} INFO - Filling up the DagBag from /opt/airflow/dags/my_dag.py
[2025-10-31T14:24:54.260+0000] {processor.py:840} INFO - DAG(s) 'my_dag' retrieved from /opt/airflow/dags/my_dag.py
[2025-10-31T14:24:54.292+0000] {logging_mixin.py:188} INFO - [2025-10-31T14:24:54.291+0000] {dag.py:3036} INFO - Sync 1 DAGs
[2025-10-31T14:24:54.314+0000] {logging_mixin.py:188} INFO - [2025-10-31T14:24:54.313+0000] {dag.py:3823} INFO - Setting next_dagrun for my_dag to None, run_after=None
[2025-10-31T14:24:54.356+0000] {processor.py:183} INFO - Processing /opt/airflow/dags/my_dag.py took 2.055 seconds
[2025-10-31T14:25:24.984+0000] {processor.py:161} INFO - Started process (PID=2061) to work on /opt/airflow/dags/my_dag.py
[2025-10-31T14:25:24.986+0000] {processor.py:830} INFO - Processing file /opt/airflow/dags/my_dag.py for tasks to queue
[2025-10-31T14:25:24.988+0000] {logging_mixin.py:188} INFO - [2025-10-31T14:25:24.987+0000] {dagbag.py:538} INFO - Filling up the DagBag from /opt/airflow/dags/my_dag.py
[2025-10-31T14:25:26.208+0000] {processor.py:840} INFO - DAG(s) 'my_dag' retrieved from /opt/airflow/dags/my_dag.py
[2025-10-31T14:25:26.243+0000] {logging_mixin.py:188} INFO - [2025-10-31T14:25:26.242+0000] {dag.py:3036} INFO - Sync 1 DAGs
[2025-10-31T14:25:26.258+0000] {logging_mixin.py:188} INFO - [2025-10-31T14:25:26.258+0000] {dag.py:3823} INFO - Setting next_dagrun for my_dag to None, run_after=None
[2025-10-31T14:25:26.310+0000] {processor.py:183} INFO - Processing /opt/airflow/dags/my_dag.py took 1.335 seconds
[2025-10-31T14:25:56.565+0000] {processor.py:161} INFO - Started process (PID=2073) to work on /opt/airflow/dags/my_dag.py
[2025-10-31T14:25:56.569+0000] {processor.py:830} INFO - Processing file /opt/airflow/dags/my_dag.py for tasks to queue
[2025-10-31T14:25:56.578+0000] {logging_mixin.py:188} INFO - [2025-10-31T14:25:56.576+0000] {dagbag.py:538} INFO - Filling up the DagBag from /opt/airflow/dags/my_dag.py
[2025-10-31T14:25:57.514+0000] {processor.py:840} INFO - DAG(s) 'my_dag' retrieved from /opt/airflow/dags/my_dag.py
[2025-10-31T14:25:57.567+0000] {logging_mixin.py:188} INFO - [2025-10-31T14:25:57.566+0000] {dag.py:3036} INFO - Sync 1 DAGs
[2025-10-31T14:25:57.601+0000] {logging_mixin.py:188} INFO - [2025-10-31T14:25:57.601+0000] {dag.py:3823} INFO - Setting next_dagrun for my_dag to None, run_after=None
[2025-10-31T14:25:57.647+0000] {processor.py:183} INFO - Processing /opt/airflow/dags/my_dag.py took 1.097 seconds
[2025-10-31T14:26:27.788+0000] {processor.py:161} INFO - Started process (PID=2085) to work on /opt/airflow/dags/my_dag.py
[2025-10-31T14:26:27.791+0000] {processor.py:830} INFO - Processing file /opt/airflow/dags/my_dag.py for tasks to queue
[2025-10-31T14:26:27.792+0000] {logging_mixin.py:188} INFO - [2025-10-31T14:26:27.792+0000] {dagbag.py:538} INFO - Filling up the DagBag from /opt/airflow/dags/my_dag.py
[2025-10-31T14:26:28.503+0000] {processor.py:840} INFO - DAG(s) 'my_dag' retrieved from /opt/airflow/dags/my_dag.py
[2025-10-31T14:26:28.533+0000] {logging_mixin.py:188} INFO - [2025-10-31T14:26:28.532+0000] {dag.py:3036} INFO - Sync 1 DAGs
[2025-10-31T14:26:28.547+0000] {logging_mixin.py:188} INFO - [2025-10-31T14:26:28.546+0000] {dag.py:3823} INFO - Setting next_dagrun for my_dag to None, run_after=None
[2025-10-31T14:26:28.632+0000] {processor.py:183} INFO - Processing /opt/airflow/dags/my_dag.py took 0.851 seconds
[2025-10-31T14:26:59.544+0000] {processor.py:161} INFO - Started process (PID=2097) to work on /opt/airflow/dags/my_dag.py
[2025-10-31T14:26:59.547+0000] {processor.py:830} INFO - Processing file /opt/airflow/dags/my_dag.py for tasks to queue
[2025-10-31T14:26:59.552+0000] {logging_mixin.py:188} INFO - [2025-10-31T14:26:59.551+0000] {dagbag.py:538} INFO - Filling up the DagBag from /opt/airflow/dags/my_dag.py
[2025-10-31T14:27:00.215+0000] {processor.py:840} INFO - DAG(s) 'my_dag' retrieved from /opt/airflow/dags/my_dag.py
[2025-10-31T14:27:00.247+0000] {logging_mixin.py:188} INFO - [2025-10-31T14:27:00.246+0000] {dag.py:3036} INFO - Sync 1 DAGs
[2025-10-31T14:27:00.262+0000] {logging_mixin.py:188} INFO - [2025-10-31T14:27:00.262+0000] {dag.py:3823} INFO - Setting next_dagrun for my_dag to None, run_after=None
[2025-10-31T14:27:00.318+0000] {processor.py:183} INFO - Processing /opt/airflow/dags/my_dag.py took 0.783 seconds
[2025-10-31T14:27:31.023+0000] {processor.py:161} INFO - Started process (PID=2108) to work on /opt/airflow/dags/my_dag.py
[2025-10-31T14:27:31.025+0000] {processor.py:830} INFO - Processing file /opt/airflow/dags/my_dag.py for tasks to queue
[2025-10-31T14:27:31.028+0000] {logging_mixin.py:188} INFO - [2025-10-31T14:27:31.027+0000] {dagbag.py:538} INFO - Filling up the DagBag from /opt/airflow/dags/my_dag.py
[2025-10-31T14:27:31.876+0000] {processor.py:840} INFO - DAG(s) 'my_dag' retrieved from /opt/airflow/dags/my_dag.py
[2025-10-31T14:27:31.935+0000] {logging_mixin.py:188} INFO - [2025-10-31T14:27:31.934+0000] {dag.py:3036} INFO - Sync 1 DAGs
[2025-10-31T14:27:31.957+0000] {logging_mixin.py:188} INFO - [2025-10-31T14:27:31.956+0000] {dag.py:3823} INFO - Setting next_dagrun for my_dag to None, run_after=None
[2025-10-31T14:27:32.022+0000] {processor.py:183} INFO - Processing /opt/airflow/dags/my_dag.py took 1.006 seconds
[2025-10-31T14:28:02.980+0000] {processor.py:161} INFO - Started process (PID=2120) to work on /opt/airflow/dags/my_dag.py
[2025-10-31T14:28:02.982+0000] {processor.py:830} INFO - Processing file /opt/airflow/dags/my_dag.py for tasks to queue
[2025-10-31T14:28:02.984+0000] {logging_mixin.py:188} INFO - [2025-10-31T14:28:02.984+0000] {dagbag.py:538} INFO - Filling up the DagBag from /opt/airflow/dags/my_dag.py
[2025-10-31T14:28:04.884+0000] {processor.py:840} INFO - DAG(s) 'my_dag' retrieved from /opt/airflow/dags/my_dag.py
[2025-10-31T14:28:04.912+0000] {logging_mixin.py:188} INFO - [2025-10-31T14:28:04.912+0000] {dag.py:3036} INFO - Sync 1 DAGs
[2025-10-31T14:28:04.927+0000] {logging_mixin.py:188} INFO - [2025-10-31T14:28:04.926+0000] {dag.py:3823} INFO - Setting next_dagrun for my_dag to None, run_after=None
[2025-10-31T14:28:04.965+0000] {processor.py:183} INFO - Processing /opt/airflow/dags/my_dag.py took 1.991 seconds
[2025-10-31T14:28:35.285+0000] {processor.py:161} INFO - Started process (PID=2132) to work on /opt/airflow/dags/my_dag.py
[2025-10-31T14:28:35.288+0000] {processor.py:830} INFO - Processing file /opt/airflow/dags/my_dag.py for tasks to queue
[2025-10-31T14:28:35.290+0000] {logging_mixin.py:188} INFO - [2025-10-31T14:28:35.289+0000] {dagbag.py:538} INFO - Filling up the DagBag from /opt/airflow/dags/my_dag.py
[2025-10-31T14:28:36.019+0000] {processor.py:840} INFO - DAG(s) 'my_dag' retrieved from /opt/airflow/dags/my_dag.py
[2025-10-31T14:28:36.057+0000] {logging_mixin.py:188} INFO - [2025-10-31T14:28:36.056+0000] {dag.py:3036} INFO - Sync 1 DAGs
[2025-10-31T14:28:36.073+0000] {logging_mixin.py:188} INFO - [2025-10-31T14:28:36.072+0000] {dag.py:3823} INFO - Setting next_dagrun for my_dag to None, run_after=None
[2025-10-31T14:28:36.102+0000] {processor.py:183} INFO - Processing /opt/airflow/dags/my_dag.py took 0.825 seconds
[2025-10-31T14:29:06.232+0000] {processor.py:161} INFO - Started process (PID=2144) to work on /opt/airflow/dags/my_dag.py
[2025-10-31T14:29:06.234+0000] {processor.py:830} INFO - Processing file /opt/airflow/dags/my_dag.py for tasks to queue
[2025-10-31T14:29:06.237+0000] {logging_mixin.py:188} INFO - [2025-10-31T14:29:06.236+0000] {dagbag.py:538} INFO - Filling up the DagBag from /opt/airflow/dags/my_dag.py
[2025-10-31T14:29:07.085+0000] {processor.py:840} INFO - DAG(s) 'my_dag' retrieved from /opt/airflow/dags/my_dag.py
[2025-10-31T14:29:07.133+0000] {logging_mixin.py:188} INFO - [2025-10-31T14:29:07.132+0000] {dag.py:3036} INFO - Sync 1 DAGs
[2025-10-31T14:29:07.160+0000] {logging_mixin.py:188} INFO - [2025-10-31T14:29:07.159+0000] {dag.py:3823} INFO - Setting next_dagrun for my_dag to None, run_after=None
[2025-10-31T14:29:07.201+0000] {processor.py:183} INFO - Processing /opt/airflow/dags/my_dag.py took 0.975 seconds
[2025-10-31T14:29:37.373+0000] {processor.py:161} INFO - Started process (PID=2156) to work on /opt/airflow/dags/my_dag.py
[2025-10-31T14:29:37.375+0000] {processor.py:830} INFO - Processing file /opt/airflow/dags/my_dag.py for tasks to queue
[2025-10-31T14:29:37.379+0000] {logging_mixin.py:188} INFO - [2025-10-31T14:29:37.379+0000] {dagbag.py:538} INFO - Filling up the DagBag from /opt/airflow/dags/my_dag.py
[2025-10-31T14:29:38.336+0000] {processor.py:840} INFO - DAG(s) 'my_dag' retrieved from /opt/airflow/dags/my_dag.py
[2025-10-31T14:29:38.373+0000] {logging_mixin.py:188} INFO - [2025-10-31T14:29:38.372+0000] {dag.py:3036} INFO - Sync 1 DAGs
[2025-10-31T14:29:38.386+0000] {logging_mixin.py:188} INFO - [2025-10-31T14:29:38.385+0000] {dag.py:3823} INFO - Setting next_dagrun for my_dag to None, run_after=None
[2025-10-31T14:29:38.425+0000] {processor.py:183} INFO - Processing /opt/airflow/dags/my_dag.py took 1.058 seconds
[2025-10-31T14:30:08.604+0000] {processor.py:161} INFO - Started process (PID=2168) to work on /opt/airflow/dags/my_dag.py
[2025-10-31T14:30:08.606+0000] {processor.py:830} INFO - Processing file /opt/airflow/dags/my_dag.py for tasks to queue
[2025-10-31T14:30:08.607+0000] {logging_mixin.py:188} INFO - [2025-10-31T14:30:08.607+0000] {dagbag.py:538} INFO - Filling up the DagBag from /opt/airflow/dags/my_dag.py
[2025-10-31T14:30:09.552+0000] {processor.py:840} INFO - DAG(s) 'my_dag' retrieved from /opt/airflow/dags/my_dag.py
[2025-10-31T14:30:09.617+0000] {logging_mixin.py:188} INFO - [2025-10-31T14:30:09.614+0000] {dag.py:3036} INFO - Sync 1 DAGs
[2025-10-31T14:30:09.650+0000] {logging_mixin.py:188} INFO - [2025-10-31T14:30:09.650+0000] {dag.py:3823} INFO - Setting next_dagrun for my_dag to None, run_after=None
[2025-10-31T14:30:09.679+0000] {processor.py:183} INFO - Processing /opt/airflow/dags/my_dag.py took 1.081 seconds
[2025-10-31T14:30:40.271+0000] {processor.py:161} INFO - Started process (PID=2179) to work on /opt/airflow/dags/my_dag.py
[2025-10-31T14:30:40.273+0000] {processor.py:830} INFO - Processing file /opt/airflow/dags/my_dag.py for tasks to queue
[2025-10-31T14:30:40.275+0000] {logging_mixin.py:188} INFO - [2025-10-31T14:30:40.274+0000] {dagbag.py:538} INFO - Filling up the DagBag from /opt/airflow/dags/my_dag.py
[2025-10-31T14:30:41.895+0000] {processor.py:840} INFO - DAG(s) 'my_dag' retrieved from /opt/airflow/dags/my_dag.py
[2025-10-31T14:30:41.929+0000] {logging_mixin.py:188} INFO - [2025-10-31T14:30:41.928+0000] {dag.py:3036} INFO - Sync 1 DAGs
[2025-10-31T14:30:41.945+0000] {logging_mixin.py:188} INFO - [2025-10-31T14:30:41.944+0000] {dag.py:3823} INFO - Setting next_dagrun for my_dag to None, run_after=None
[2025-10-31T14:30:41.988+0000] {processor.py:183} INFO - Processing /opt/airflow/dags/my_dag.py took 1.723 seconds
[2025-10-31T14:31:12.751+0000] {processor.py:161} INFO - Started process (PID=2191) to work on /opt/airflow/dags/my_dag.py
[2025-10-31T14:31:12.756+0000] {processor.py:830} INFO - Processing file /opt/airflow/dags/my_dag.py for tasks to queue
[2025-10-31T14:31:12.759+0000] {logging_mixin.py:188} INFO - [2025-10-31T14:31:12.759+0000] {dagbag.py:538} INFO - Filling up the DagBag from /opt/airflow/dags/my_dag.py
[2025-10-31T14:31:13.796+0000] {processor.py:840} INFO - DAG(s) 'my_dag' retrieved from /opt/airflow/dags/my_dag.py
[2025-10-31T14:31:13.830+0000] {logging_mixin.py:188} INFO - [2025-10-31T14:31:13.830+0000] {dag.py:3036} INFO - Sync 1 DAGs
[2025-10-31T14:31:13.844+0000] {logging_mixin.py:188} INFO - [2025-10-31T14:31:13.844+0000] {dag.py:3823} INFO - Setting next_dagrun for my_dag to None, run_after=None
[2025-10-31T14:31:13.887+0000] {processor.py:183} INFO - Processing /opt/airflow/dags/my_dag.py took 1.142 seconds
[2025-10-31T14:31:44.557+0000] {processor.py:161} INFO - Started process (PID=2202) to work on /opt/airflow/dags/my_dag.py
[2025-10-31T14:31:44.588+0000] {processor.py:830} INFO - Processing file /opt/airflow/dags/my_dag.py for tasks to queue
[2025-10-31T14:31:44.591+0000] {logging_mixin.py:188} INFO - [2025-10-31T14:31:44.591+0000] {dagbag.py:538} INFO - Filling up the DagBag from /opt/airflow/dags/my_dag.py
[2025-10-31T14:31:46.011+0000] {processor.py:840} INFO - DAG(s) 'my_dag' retrieved from /opt/airflow/dags/my_dag.py
[2025-10-31T14:31:46.058+0000] {logging_mixin.py:188} INFO - [2025-10-31T14:31:46.056+0000] {dag.py:3036} INFO - Sync 1 DAGs
[2025-10-31T14:31:46.081+0000] {logging_mixin.py:188} INFO - [2025-10-31T14:31:46.080+0000] {dag.py:3823} INFO - Setting next_dagrun for my_dag to None, run_after=None
[2025-10-31T14:31:46.134+0000] {processor.py:183} INFO - Processing /opt/airflow/dags/my_dag.py took 1.593 seconds
[2025-10-31T14:32:17.014+0000] {processor.py:161} INFO - Started process (PID=2214) to work on /opt/airflow/dags/my_dag.py
[2025-10-31T14:32:17.017+0000] {processor.py:830} INFO - Processing file /opt/airflow/dags/my_dag.py for tasks to queue
[2025-10-31T14:32:17.019+0000] {logging_mixin.py:188} INFO - [2025-10-31T14:32:17.018+0000] {dagbag.py:538} INFO - Filling up the DagBag from /opt/airflow/dags/my_dag.py
[2025-10-31T14:32:17.796+0000] {processor.py:840} INFO - DAG(s) 'my_dag' retrieved from /opt/airflow/dags/my_dag.py
[2025-10-31T14:32:17.829+0000] {logging_mixin.py:188} INFO - [2025-10-31T14:32:17.828+0000] {dag.py:3036} INFO - Sync 1 DAGs
[2025-10-31T14:32:17.843+0000] {logging_mixin.py:188} INFO - [2025-10-31T14:32:17.843+0000] {dag.py:3823} INFO - Setting next_dagrun for my_dag to None, run_after=None
[2025-10-31T14:32:17.881+0000] {processor.py:183} INFO - Processing /opt/airflow/dags/my_dag.py took 0.875 seconds
[2025-10-31T14:32:48.570+0000] {processor.py:161} INFO - Started process (PID=2226) to work on /opt/airflow/dags/my_dag.py
[2025-10-31T14:32:48.572+0000] {processor.py:830} INFO - Processing file /opt/airflow/dags/my_dag.py for tasks to queue
[2025-10-31T14:32:48.574+0000] {logging_mixin.py:188} INFO - [2025-10-31T14:32:48.573+0000] {dagbag.py:538} INFO - Filling up the DagBag from /opt/airflow/dags/my_dag.py
[2025-10-31T14:32:49.220+0000] {processor.py:840} INFO - DAG(s) 'my_dag' retrieved from /opt/airflow/dags/my_dag.py
[2025-10-31T14:32:49.248+0000] {logging_mixin.py:188} INFO - [2025-10-31T14:32:49.247+0000] {dag.py:3036} INFO - Sync 1 DAGs
[2025-10-31T14:32:49.261+0000] {logging_mixin.py:188} INFO - [2025-10-31T14:32:49.261+0000] {dag.py:3823} INFO - Setting next_dagrun for my_dag to None, run_after=None
[2025-10-31T14:32:49.290+0000] {processor.py:183} INFO - Processing /opt/airflow/dags/my_dag.py took 0.727 seconds
[2025-10-31T14:33:20.570+0000] {processor.py:161} INFO - Started process (PID=2238) to work on /opt/airflow/dags/my_dag.py
[2025-10-31T14:33:20.572+0000] {processor.py:830} INFO - Processing file /opt/airflow/dags/my_dag.py for tasks to queue
[2025-10-31T14:33:20.574+0000] {logging_mixin.py:188} INFO - [2025-10-31T14:33:20.574+0000] {dagbag.py:538} INFO - Filling up the DagBag from /opt/airflow/dags/my_dag.py
[2025-10-31T14:33:21.540+0000] {processor.py:840} INFO - DAG(s) 'my_dag' retrieved from /opt/airflow/dags/my_dag.py
[2025-10-31T14:33:21.600+0000] {logging_mixin.py:188} INFO - [2025-10-31T14:33:21.599+0000] {dag.py:3036} INFO - Sync 1 DAGs
[2025-10-31T14:33:21.627+0000] {logging_mixin.py:188} INFO - [2025-10-31T14:33:21.626+0000] {dag.py:3823} INFO - Setting next_dagrun for my_dag to None, run_after=None
[2025-10-31T14:33:21.716+0000] {processor.py:183} INFO - Processing /opt/airflow/dags/my_dag.py took 1.154 seconds
[2025-10-31T14:33:52.557+0000] {processor.py:161} INFO - Started process (PID=2250) to work on /opt/airflow/dags/my_dag.py
[2025-10-31T14:33:52.559+0000] {processor.py:830} INFO - Processing file /opt/airflow/dags/my_dag.py for tasks to queue
[2025-10-31T14:33:52.561+0000] {logging_mixin.py:188} INFO - [2025-10-31T14:33:52.560+0000] {dagbag.py:538} INFO - Filling up the DagBag from /opt/airflow/dags/my_dag.py
[2025-10-31T14:33:53.638+0000] {processor.py:840} INFO - DAG(s) 'my_dag' retrieved from /opt/airflow/dags/my_dag.py
[2025-10-31T14:33:53.668+0000] {logging_mixin.py:188} INFO - [2025-10-31T14:33:53.667+0000] {dag.py:3036} INFO - Sync 1 DAGs
[2025-10-31T14:33:53.684+0000] {logging_mixin.py:188} INFO - [2025-10-31T14:33:53.684+0000] {dag.py:3823} INFO - Setting next_dagrun for my_dag to None, run_after=None
[2025-10-31T14:33:53.717+0000] {processor.py:183} INFO - Processing /opt/airflow/dags/my_dag.py took 1.166 seconds
[2025-10-31T14:34:25.669+0000] {processor.py:161} INFO - Started process (PID=2261) to work on /opt/airflow/dags/my_dag.py
[2025-10-31T14:34:25.671+0000] {processor.py:830} INFO - Processing file /opt/airflow/dags/my_dag.py for tasks to queue
[2025-10-31T14:34:25.674+0000] {logging_mixin.py:188} INFO - [2025-10-31T14:34:25.673+0000] {dagbag.py:538} INFO - Filling up the DagBag from /opt/airflow/dags/my_dag.py
[2025-10-31T14:34:26.480+0000] {processor.py:840} INFO - DAG(s) 'my_dag' retrieved from /opt/airflow/dags/my_dag.py
[2025-10-31T14:34:26.519+0000] {logging_mixin.py:188} INFO - [2025-10-31T14:34:26.518+0000] {dag.py:3036} INFO - Sync 1 DAGs
[2025-10-31T14:34:26.534+0000] {logging_mixin.py:188} INFO - [2025-10-31T14:34:26.534+0000] {dag.py:3823} INFO - Setting next_dagrun for my_dag to None, run_after=None
[2025-10-31T14:34:26.563+0000] {processor.py:183} INFO - Processing /opt/airflow/dags/my_dag.py took 0.903 seconds
[2025-10-31T14:34:57.909+0000] {processor.py:161} INFO - Started process (PID=2273) to work on /opt/airflow/dags/my_dag.py
[2025-10-31T14:34:57.912+0000] {processor.py:830} INFO - Processing file /opt/airflow/dags/my_dag.py for tasks to queue
[2025-10-31T14:34:57.915+0000] {logging_mixin.py:188} INFO - [2025-10-31T14:34:57.914+0000] {dagbag.py:538} INFO - Filling up the DagBag from /opt/airflow/dags/my_dag.py
[2025-10-31T14:34:59.067+0000] {processor.py:840} INFO - DAG(s) 'my_dag' retrieved from /opt/airflow/dags/my_dag.py
[2025-10-31T14:34:59.101+0000] {logging_mixin.py:188} INFO - [2025-10-31T14:34:59.100+0000] {dag.py:3036} INFO - Sync 1 DAGs
[2025-10-31T14:34:59.115+0000] {logging_mixin.py:188} INFO - [2025-10-31T14:34:59.114+0000] {dag.py:3823} INFO - Setting next_dagrun for my_dag to None, run_after=None
[2025-10-31T14:34:59.146+0000] {processor.py:183} INFO - Processing /opt/airflow/dags/my_dag.py took 1.249 seconds
[2025-10-31T14:35:30.868+0000] {processor.py:161} INFO - Started process (PID=2285) to work on /opt/airflow/dags/my_dag.py
[2025-10-31T14:35:30.870+0000] {processor.py:830} INFO - Processing file /opt/airflow/dags/my_dag.py for tasks to queue
[2025-10-31T14:35:30.873+0000] {logging_mixin.py:188} INFO - [2025-10-31T14:35:30.872+0000] {dagbag.py:538} INFO - Filling up the DagBag from /opt/airflow/dags/my_dag.py
[2025-10-31T14:35:31.681+0000] {processor.py:840} INFO - DAG(s) 'my_dag' retrieved from /opt/airflow/dags/my_dag.py
[2025-10-31T14:35:31.739+0000] {logging_mixin.py:188} INFO - [2025-10-31T14:35:31.735+0000] {dag.py:3036} INFO - Sync 1 DAGs
[2025-10-31T14:35:31.770+0000] {logging_mixin.py:188} INFO - [2025-10-31T14:35:31.770+0000] {dag.py:3823} INFO - Setting next_dagrun for my_dag to None, run_after=None
[2025-10-31T14:35:31.826+0000] {processor.py:183} INFO - Processing /opt/airflow/dags/my_dag.py took 0.966 seconds
[2025-10-31T14:36:03.796+0000] {processor.py:161} INFO - Started process (PID=2297) to work on /opt/airflow/dags/my_dag.py
[2025-10-31T14:36:03.799+0000] {processor.py:830} INFO - Processing file /opt/airflow/dags/my_dag.py for tasks to queue
[2025-10-31T14:36:03.802+0000] {logging_mixin.py:188} INFO - [2025-10-31T14:36:03.801+0000] {dagbag.py:538} INFO - Filling up the DagBag from /opt/airflow/dags/my_dag.py
[2025-10-31T14:36:05.188+0000] {processor.py:840} INFO - DAG(s) 'my_dag' retrieved from /opt/airflow/dags/my_dag.py
[2025-10-31T14:36:05.283+0000] {logging_mixin.py:188} INFO - [2025-10-31T14:36:05.283+0000] {dag.py:3036} INFO - Sync 1 DAGs
[2025-10-31T14:36:05.310+0000] {logging_mixin.py:188} INFO - [2025-10-31T14:36:05.309+0000] {dag.py:3823} INFO - Setting next_dagrun for my_dag to None, run_after=None
[2025-10-31T14:36:05.505+0000] {processor.py:183} INFO - Processing /opt/airflow/dags/my_dag.py took 1.727 seconds
[2025-10-31T14:36:40.098+0000] {processor.py:161} INFO - Started process (PID=2310) to work on /opt/airflow/dags/my_dag.py
[2025-10-31T14:36:40.111+0000] {processor.py:830} INFO - Processing file /opt/airflow/dags/my_dag.py for tasks to queue
[2025-10-31T14:36:40.114+0000] {logging_mixin.py:188} INFO - [2025-10-31T14:36:40.113+0000] {dagbag.py:538} INFO - Filling up the DagBag from /opt/airflow/dags/my_dag.py
[2025-10-31T14:36:43.297+0000] {processor.py:840} INFO - DAG(s) 'my_dag' retrieved from /opt/airflow/dags/my_dag.py
[2025-10-31T14:36:43.328+0000] {logging_mixin.py:188} INFO - [2025-10-31T14:36:43.327+0000] {dag.py:3036} INFO - Sync 1 DAGs
[2025-10-31T14:36:43.394+0000] {logging_mixin.py:188} INFO - [2025-10-31T14:36:43.394+0000] {dag.py:3823} INFO - Setting next_dagrun for my_dag to None, run_after=None
[2025-10-31T14:36:43.867+0000] {processor.py:183} INFO - Processing /opt/airflow/dags/my_dag.py took 3.794 seconds
[2025-10-31T14:37:20.260+0000] {processor.py:161} INFO - Started process (PID=2321) to work on /opt/airflow/dags/my_dag.py
[2025-10-31T14:37:20.288+0000] {processor.py:830} INFO - Processing file /opt/airflow/dags/my_dag.py for tasks to queue
[2025-10-31T14:37:20.303+0000] {logging_mixin.py:188} INFO - [2025-10-31T14:37:20.303+0000] {dagbag.py:538} INFO - Filling up the DagBag from /opt/airflow/dags/my_dag.py
[2025-10-31T14:37:25.070+0000] {processor.py:840} INFO - DAG(s) 'my_dag' retrieved from /opt/airflow/dags/my_dag.py
[2025-10-31T14:37:25.245+0000] {logging_mixin.py:188} INFO - [2025-10-31T14:37:25.244+0000] {dag.py:3036} INFO - Sync 1 DAGs
[2025-10-31T14:37:25.345+0000] {logging_mixin.py:188} INFO - [2025-10-31T14:37:25.344+0000] {dag.py:3823} INFO - Setting next_dagrun for my_dag to None, run_after=None
[2025-10-31T14:37:25.568+0000] {processor.py:183} INFO - Processing /opt/airflow/dags/my_dag.py took 5.343 seconds
[2025-10-31T14:37:56.399+0000] {processor.py:161} INFO - Started process (PID=2334) to work on /opt/airflow/dags/my_dag.py
[2025-10-31T14:37:56.405+0000] {processor.py:830} INFO - Processing file /opt/airflow/dags/my_dag.py for tasks to queue
[2025-10-31T14:37:56.408+0000] {logging_mixin.py:188} INFO - [2025-10-31T14:37:56.407+0000] {dagbag.py:538} INFO - Filling up the DagBag from /opt/airflow/dags/my_dag.py
[2025-10-31T14:37:58.625+0000] {processor.py:840} INFO - DAG(s) 'my_dag' retrieved from /opt/airflow/dags/my_dag.py
[2025-10-31T14:37:58.813+0000] {logging_mixin.py:188} INFO - [2025-10-31T14:37:58.804+0000] {dag.py:3036} INFO - Sync 1 DAGs
[2025-10-31T14:37:58.962+0000] {logging_mixin.py:188} INFO - [2025-10-31T14:37:58.962+0000] {dag.py:3823} INFO - Setting next_dagrun for my_dag to None, run_after=None
[2025-10-31T14:37:59.116+0000] {processor.py:183} INFO - Processing /opt/airflow/dags/my_dag.py took 2.734 seconds
[2025-10-31T14:38:30.006+0000] {processor.py:161} INFO - Started process (PID=2346) to work on /opt/airflow/dags/my_dag.py
[2025-10-31T14:38:30.011+0000] {processor.py:830} INFO - Processing file /opt/airflow/dags/my_dag.py for tasks to queue
[2025-10-31T14:38:30.023+0000] {logging_mixin.py:188} INFO - [2025-10-31T14:38:30.022+0000] {dagbag.py:538} INFO - Filling up the DagBag from /opt/airflow/dags/my_dag.py
[2025-10-31T14:38:33.684+0000] {processor.py:840} INFO - DAG(s) 'my_dag' retrieved from /opt/airflow/dags/my_dag.py
[2025-10-31T14:38:33.843+0000] {logging_mixin.py:188} INFO - [2025-10-31T14:38:33.842+0000] {dag.py:3036} INFO - Sync 1 DAGs
[2025-10-31T14:38:33.861+0000] {logging_mixin.py:188} INFO - [2025-10-31T14:38:33.860+0000] {dag.py:3823} INFO - Setting next_dagrun for my_dag to None, run_after=None
[2025-10-31T14:38:34.330+0000] {processor.py:183} INFO - Processing /opt/airflow/dags/my_dag.py took 4.338 seconds
[2025-10-31T14:39:05.186+0000] {processor.py:161} INFO - Started process (PID=2358) to work on /opt/airflow/dags/my_dag.py
[2025-10-31T14:39:05.187+0000] {processor.py:830} INFO - Processing file /opt/airflow/dags/my_dag.py for tasks to queue
[2025-10-31T14:39:05.192+0000] {logging_mixin.py:188} INFO - [2025-10-31T14:39:05.190+0000] {dagbag.py:538} INFO - Filling up the DagBag from /opt/airflow/dags/my_dag.py
[2025-10-31T14:39:09.193+0000] {processor.py:840} INFO - DAG(s) 'my_dag' retrieved from /opt/airflow/dags/my_dag.py
[2025-10-31T14:39:09.405+0000] {logging_mixin.py:188} INFO - [2025-10-31T14:39:09.404+0000] {dag.py:3036} INFO - Sync 1 DAGs
[2025-10-31T14:39:09.494+0000] {logging_mixin.py:188} INFO - [2025-10-31T14:39:09.494+0000] {dag.py:3823} INFO - Setting next_dagrun for my_dag to None, run_after=None
[2025-10-31T14:39:09.700+0000] {processor.py:183} INFO - Processing /opt/airflow/dags/my_dag.py took 4.524 seconds
[2025-10-31T14:39:40.728+0000] {processor.py:161} INFO - Started process (PID=2370) to work on /opt/airflow/dags/my_dag.py
[2025-10-31T14:39:40.730+0000] {processor.py:830} INFO - Processing file /opt/airflow/dags/my_dag.py for tasks to queue
[2025-10-31T14:39:40.732+0000] {logging_mixin.py:188} INFO - [2025-10-31T14:39:40.731+0000] {dagbag.py:538} INFO - Filling up the DagBag from /opt/airflow/dags/my_dag.py
[2025-10-31T14:39:41.778+0000] {processor.py:840} INFO - DAG(s) 'my_dag' retrieved from /opt/airflow/dags/my_dag.py
[2025-10-31T14:39:41.886+0000] {logging_mixin.py:188} INFO - [2025-10-31T14:39:41.885+0000] {dag.py:3036} INFO - Sync 1 DAGs
[2025-10-31T14:39:42.195+0000] {logging_mixin.py:188} INFO - [2025-10-31T14:39:42.194+0000] {dag.py:3823} INFO - Setting next_dagrun for my_dag to None, run_after=None
[2025-10-31T14:39:42.472+0000] {processor.py:183} INFO - Processing /opt/airflow/dags/my_dag.py took 1.752 seconds
[2025-10-31T14:40:12.792+0000] {processor.py:161} INFO - Started process (PID=2382) to work on /opt/airflow/dags/my_dag.py
[2025-10-31T14:40:12.831+0000] {processor.py:830} INFO - Processing file /opt/airflow/dags/my_dag.py for tasks to queue
[2025-10-31T14:40:12.871+0000] {logging_mixin.py:188} INFO - [2025-10-31T14:40:12.870+0000] {dagbag.py:538} INFO - Filling up the DagBag from /opt/airflow/dags/my_dag.py
[2025-10-31T14:40:14.671+0000] {processor.py:840} INFO - DAG(s) 'my_dag' retrieved from /opt/airflow/dags/my_dag.py
[2025-10-31T14:40:14.728+0000] {logging_mixin.py:188} INFO - [2025-10-31T14:40:14.725+0000] {dag.py:3036} INFO - Sync 1 DAGs
[2025-10-31T14:40:14.787+0000] {logging_mixin.py:188} INFO - [2025-10-31T14:40:14.787+0000] {dag.py:3823} INFO - Setting next_dagrun for my_dag to None, run_after=None
[2025-10-31T14:40:14.907+0000] {processor.py:183} INFO - Processing /opt/airflow/dags/my_dag.py took 2.131 seconds
[2025-10-31T14:40:45.606+0000] {processor.py:161} INFO - Started process (PID=2393) to work on /opt/airflow/dags/my_dag.py
[2025-10-31T14:40:45.609+0000] {processor.py:830} INFO - Processing file /opt/airflow/dags/my_dag.py for tasks to queue
[2025-10-31T14:40:45.611+0000] {logging_mixin.py:188} INFO - [2025-10-31T14:40:45.610+0000] {dagbag.py:538} INFO - Filling up the DagBag from /opt/airflow/dags/my_dag.py
[2025-10-31T14:40:46.637+0000] {processor.py:840} INFO - DAG(s) 'my_dag' retrieved from /opt/airflow/dags/my_dag.py
[2025-10-31T14:40:46.793+0000] {logging_mixin.py:188} INFO - [2025-10-31T14:40:46.783+0000] {dag.py:3036} INFO - Sync 1 DAGs
[2025-10-31T14:40:46.838+0000] {logging_mixin.py:188} INFO - [2025-10-31T14:40:46.838+0000] {dag.py:3823} INFO - Setting next_dagrun for my_dag to None, run_after=None
[2025-10-31T14:40:46.921+0000] {processor.py:183} INFO - Processing /opt/airflow/dags/my_dag.py took 1.326 seconds
[2025-10-31T14:41:17.839+0000] {processor.py:161} INFO - Started process (PID=2405) to work on /opt/airflow/dags/my_dag.py
[2025-10-31T14:41:17.843+0000] {processor.py:830} INFO - Processing file /opt/airflow/dags/my_dag.py for tasks to queue
[2025-10-31T14:41:17.848+0000] {logging_mixin.py:188} INFO - [2025-10-31T14:41:17.847+0000] {dagbag.py:538} INFO - Filling up the DagBag from /opt/airflow/dags/my_dag.py
[2025-10-31T14:41:19.458+0000] {processor.py:840} INFO - DAG(s) 'my_dag' retrieved from /opt/airflow/dags/my_dag.py
[2025-10-31T14:41:19.525+0000] {logging_mixin.py:188} INFO - [2025-10-31T14:41:19.524+0000] {dag.py:3036} INFO - Sync 1 DAGs
[2025-10-31T14:41:19.571+0000] {logging_mixin.py:188} INFO - [2025-10-31T14:41:19.570+0000] {dag.py:3823} INFO - Setting next_dagrun for my_dag to None, run_after=None
[2025-10-31T14:41:19.750+0000] {processor.py:183} INFO - Processing /opt/airflow/dags/my_dag.py took 1.936 seconds
[2025-10-31T14:41:49.928+0000] {processor.py:161} INFO - Started process (PID=2417) to work on /opt/airflow/dags/my_dag.py
[2025-10-31T14:41:49.931+0000] {processor.py:830} INFO - Processing file /opt/airflow/dags/my_dag.py for tasks to queue
[2025-10-31T14:41:49.933+0000] {logging_mixin.py:188} INFO - [2025-10-31T14:41:49.933+0000] {dagbag.py:538} INFO - Filling up the DagBag from /opt/airflow/dags/my_dag.py
[2025-10-31T14:41:51.150+0000] {processor.py:840} INFO - DAG(s) 'my_dag' retrieved from /opt/airflow/dags/my_dag.py
[2025-10-31T14:41:51.215+0000] {logging_mixin.py:188} INFO - [2025-10-31T14:41:51.214+0000] {dag.py:3036} INFO - Sync 1 DAGs
[2025-10-31T14:41:51.231+0000] {logging_mixin.py:188} INFO - [2025-10-31T14:41:51.230+0000] {dag.py:3823} INFO - Setting next_dagrun for my_dag to None, run_after=None
[2025-10-31T14:41:51.445+0000] {processor.py:183} INFO - Processing /opt/airflow/dags/my_dag.py took 1.527 seconds
[2025-10-31T14:42:22.830+0000] {processor.py:161} INFO - Started process (PID=2429) to work on /opt/airflow/dags/my_dag.py
[2025-10-31T14:42:22.834+0000] {processor.py:830} INFO - Processing file /opt/airflow/dags/my_dag.py for tasks to queue
[2025-10-31T14:42:22.837+0000] {logging_mixin.py:188} INFO - [2025-10-31T14:42:22.836+0000] {dagbag.py:538} INFO - Filling up the DagBag from /opt/airflow/dags/my_dag.py
[2025-10-31T14:42:24.405+0000] {processor.py:840} INFO - DAG(s) 'my_dag' retrieved from /opt/airflow/dags/my_dag.py
[2025-10-31T14:42:24.455+0000] {logging_mixin.py:188} INFO - [2025-10-31T14:42:24.454+0000] {dag.py:3036} INFO - Sync 1 DAGs
[2025-10-31T14:42:24.473+0000] {logging_mixin.py:188} INFO - [2025-10-31T14:42:24.472+0000] {dag.py:3823} INFO - Setting next_dagrun for my_dag to None, run_after=None
[2025-10-31T14:42:24.602+0000] {processor.py:183} INFO - Processing /opt/airflow/dags/my_dag.py took 1.785 seconds
[2025-10-31T14:42:54.889+0000] {processor.py:161} INFO - Started process (PID=2441) to work on /opt/airflow/dags/my_dag.py
[2025-10-31T14:42:54.891+0000] {processor.py:830} INFO - Processing file /opt/airflow/dags/my_dag.py for tasks to queue
[2025-10-31T14:42:54.893+0000] {logging_mixin.py:188} INFO - [2025-10-31T14:42:54.893+0000] {dagbag.py:538} INFO - Filling up the DagBag from /opt/airflow/dags/my_dag.py
[2025-10-31T14:42:55.595+0000] {processor.py:840} INFO - DAG(s) 'my_dag' retrieved from /opt/airflow/dags/my_dag.py
[2025-10-31T14:42:55.628+0000] {logging_mixin.py:188} INFO - [2025-10-31T14:42:55.627+0000] {dag.py:3036} INFO - Sync 1 DAGs
[2025-10-31T14:42:55.642+0000] {logging_mixin.py:188} INFO - [2025-10-31T14:42:55.642+0000] {dag.py:3823} INFO - Setting next_dagrun for my_dag to None, run_after=None
[2025-10-31T14:42:55.737+0000] {processor.py:183} INFO - Processing /opt/airflow/dags/my_dag.py took 0.854 seconds
[2025-10-31T14:43:25.952+0000] {processor.py:161} INFO - Started process (PID=2453) to work on /opt/airflow/dags/my_dag.py
[2025-10-31T14:43:25.955+0000] {processor.py:830} INFO - Processing file /opt/airflow/dags/my_dag.py for tasks to queue
[2025-10-31T14:43:25.958+0000] {logging_mixin.py:188} INFO - [2025-10-31T14:43:25.957+0000] {dagbag.py:538} INFO - Filling up the DagBag from /opt/airflow/dags/my_dag.py
[2025-10-31T14:43:26.871+0000] {processor.py:840} INFO - DAG(s) 'my_dag' retrieved from /opt/airflow/dags/my_dag.py
[2025-10-31T14:43:26.928+0000] {logging_mixin.py:188} INFO - [2025-10-31T14:43:26.927+0000] {dag.py:3036} INFO - Sync 1 DAGs
[2025-10-31T14:43:26.951+0000] {logging_mixin.py:188} INFO - [2025-10-31T14:43:26.950+0000] {dag.py:3823} INFO - Setting next_dagrun for my_dag to None, run_after=None
[2025-10-31T14:43:26.989+0000] {processor.py:183} INFO - Processing /opt/airflow/dags/my_dag.py took 1.046 seconds
[2025-10-31T14:43:57.524+0000] {processor.py:161} INFO - Started process (PID=2465) to work on /opt/airflow/dags/my_dag.py
[2025-10-31T14:43:57.528+0000] {processor.py:830} INFO - Processing file /opt/airflow/dags/my_dag.py for tasks to queue
[2025-10-31T14:43:57.533+0000] {logging_mixin.py:188} INFO - [2025-10-31T14:43:57.532+0000] {dagbag.py:538} INFO - Filling up the DagBag from /opt/airflow/dags/my_dag.py
[2025-10-31T14:43:59.984+0000] {processor.py:840} INFO - DAG(s) 'my_dag' retrieved from /opt/airflow/dags/my_dag.py
[2025-10-31T14:44:00.263+0000] {logging_mixin.py:188} INFO - [2025-10-31T14:44:00.262+0000] {dag.py:3036} INFO - Sync 1 DAGs
[2025-10-31T14:44:00.434+0000] {logging_mixin.py:188} INFO - [2025-10-31T14:44:00.433+0000] {dag.py:3823} INFO - Setting next_dagrun for my_dag to None, run_after=None
[2025-10-31T14:44:00.565+0000] {processor.py:183} INFO - Processing /opt/airflow/dags/my_dag.py took 3.054 seconds
[2025-10-31T14:44:31.732+0000] {processor.py:161} INFO - Started process (PID=2477) to work on /opt/airflow/dags/my_dag.py
[2025-10-31T14:44:31.735+0000] {processor.py:830} INFO - Processing file /opt/airflow/dags/my_dag.py for tasks to queue
[2025-10-31T14:44:31.738+0000] {logging_mixin.py:188} INFO - [2025-10-31T14:44:31.737+0000] {dagbag.py:538} INFO - Filling up the DagBag from /opt/airflow/dags/my_dag.py
[2025-10-31T14:44:33.666+0000] {processor.py:840} INFO - DAG(s) 'my_dag' retrieved from /opt/airflow/dags/my_dag.py
[2025-10-31T14:44:33.726+0000] {logging_mixin.py:188} INFO - [2025-10-31T14:44:33.725+0000] {dag.py:3036} INFO - Sync 1 DAGs
[2025-10-31T14:44:33.775+0000] {logging_mixin.py:188} INFO - [2025-10-31T14:44:33.775+0000] {dag.py:3823} INFO - Setting next_dagrun for my_dag to None, run_after=None
[2025-10-31T14:44:33.867+0000] {processor.py:183} INFO - Processing /opt/airflow/dags/my_dag.py took 2.143 seconds
[2025-10-31T14:45:04.467+0000] {processor.py:161} INFO - Started process (PID=2488) to work on /opt/airflow/dags/my_dag.py
[2025-10-31T14:45:04.469+0000] {processor.py:830} INFO - Processing file /opt/airflow/dags/my_dag.py for tasks to queue
[2025-10-31T14:45:04.471+0000] {logging_mixin.py:188} INFO - [2025-10-31T14:45:04.470+0000] {dagbag.py:538} INFO - Filling up the DagBag from /opt/airflow/dags/my_dag.py
[2025-10-31T14:45:06.168+0000] {processor.py:840} INFO - DAG(s) 'my_dag' retrieved from /opt/airflow/dags/my_dag.py
[2025-10-31T14:45:06.278+0000] {logging_mixin.py:188} INFO - [2025-10-31T14:45:06.277+0000] {dag.py:3036} INFO - Sync 1 DAGs
[2025-10-31T14:45:06.313+0000] {logging_mixin.py:188} INFO - [2025-10-31T14:45:06.312+0000] {dag.py:3823} INFO - Setting next_dagrun for my_dag to None, run_after=None
[2025-10-31T14:45:06.450+0000] {processor.py:183} INFO - Processing /opt/airflow/dags/my_dag.py took 1.989 seconds
[2025-10-31T14:45:36.892+0000] {processor.py:161} INFO - Started process (PID=2499) to work on /opt/airflow/dags/my_dag.py
[2025-10-31T14:45:36.894+0000] {processor.py:830} INFO - Processing file /opt/airflow/dags/my_dag.py for tasks to queue
[2025-10-31T14:45:36.897+0000] {logging_mixin.py:188} INFO - [2025-10-31T14:45:36.896+0000] {dagbag.py:538} INFO - Filling up the DagBag from /opt/airflow/dags/my_dag.py
[2025-10-31T14:45:37.931+0000] {processor.py:840} INFO - DAG(s) 'my_dag' retrieved from /opt/airflow/dags/my_dag.py
[2025-10-31T14:45:37.973+0000] {logging_mixin.py:188} INFO - [2025-10-31T14:45:37.972+0000] {dag.py:3036} INFO - Sync 1 DAGs
[2025-10-31T14:45:37.986+0000] {logging_mixin.py:188} INFO - [2025-10-31T14:45:37.986+0000] {dag.py:3823} INFO - Setting next_dagrun for my_dag to None, run_after=None
[2025-10-31T14:45:38.036+0000] {processor.py:183} INFO - Processing /opt/airflow/dags/my_dag.py took 1.153 seconds
[2025-10-31T14:46:08.342+0000] {processor.py:161} INFO - Started process (PID=2511) to work on /opt/airflow/dags/my_dag.py
[2025-10-31T14:46:08.344+0000] {processor.py:830} INFO - Processing file /opt/airflow/dags/my_dag.py for tasks to queue
[2025-10-31T14:46:08.347+0000] {logging_mixin.py:188} INFO - [2025-10-31T14:46:08.346+0000] {dagbag.py:538} INFO - Filling up the DagBag from /opt/airflow/dags/my_dag.py
[2025-10-31T14:46:09.357+0000] {processor.py:840} INFO - DAG(s) 'my_dag' retrieved from /opt/airflow/dags/my_dag.py
[2025-10-31T14:46:09.443+0000] {logging_mixin.py:188} INFO - [2025-10-31T14:46:09.442+0000] {dag.py:3036} INFO - Sync 1 DAGs
[2025-10-31T14:46:09.465+0000] {logging_mixin.py:188} INFO - [2025-10-31T14:46:09.464+0000] {dag.py:3823} INFO - Setting next_dagrun for my_dag to None, run_after=None
[2025-10-31T14:46:09.527+0000] {processor.py:183} INFO - Processing /opt/airflow/dags/my_dag.py took 1.193 seconds
[2025-10-31T14:46:39.826+0000] {processor.py:161} INFO - Started process (PID=2523) to work on /opt/airflow/dags/my_dag.py
[2025-10-31T14:46:39.829+0000] {processor.py:830} INFO - Processing file /opt/airflow/dags/my_dag.py for tasks to queue
[2025-10-31T14:46:39.831+0000] {logging_mixin.py:188} INFO - [2025-10-31T14:46:39.830+0000] {dagbag.py:538} INFO - Filling up the DagBag from /opt/airflow/dags/my_dag.py
[2025-10-31T14:46:40.912+0000] {processor.py:840} INFO - DAG(s) 'my_dag' retrieved from /opt/airflow/dags/my_dag.py
[2025-10-31T14:46:40.941+0000] {logging_mixin.py:188} INFO - [2025-10-31T14:46:40.940+0000] {dag.py:3036} INFO - Sync 1 DAGs
[2025-10-31T14:46:40.956+0000] {logging_mixin.py:188} INFO - [2025-10-31T14:46:40.956+0000] {dag.py:3823} INFO - Setting next_dagrun for my_dag to None, run_after=None
[2025-10-31T14:46:40.986+0000] {processor.py:183} INFO - Processing /opt/airflow/dags/my_dag.py took 1.168 seconds
[2025-10-31T14:47:11.872+0000] {processor.py:161} INFO - Started process (PID=2535) to work on /opt/airflow/dags/my_dag.py
[2025-10-31T14:47:11.877+0000] {processor.py:830} INFO - Processing file /opt/airflow/dags/my_dag.py for tasks to queue
[2025-10-31T14:47:11.882+0000] {logging_mixin.py:188} INFO - [2025-10-31T14:47:11.880+0000] {dagbag.py:538} INFO - Filling up the DagBag from /opt/airflow/dags/my_dag.py
[2025-10-31T14:47:12.901+0000] {processor.py:840} INFO - DAG(s) 'my_dag' retrieved from /opt/airflow/dags/my_dag.py
[2025-10-31T14:47:12.942+0000] {logging_mixin.py:188} INFO - [2025-10-31T14:47:12.941+0000] {dag.py:3036} INFO - Sync 1 DAGs
[2025-10-31T14:47:12.966+0000] {logging_mixin.py:188} INFO - [2025-10-31T14:47:12.965+0000] {dag.py:3823} INFO - Setting next_dagrun for my_dag to None, run_after=None
[2025-10-31T14:47:13.030+0000] {processor.py:183} INFO - Processing /opt/airflow/dags/my_dag.py took 1.165 seconds
[2025-10-31T14:47:43.395+0000] {processor.py:161} INFO - Started process (PID=2547) to work on /opt/airflow/dags/my_dag.py
[2025-10-31T14:47:43.398+0000] {processor.py:830} INFO - Processing file /opt/airflow/dags/my_dag.py for tasks to queue
[2025-10-31T14:47:43.404+0000] {logging_mixin.py:188} INFO - [2025-10-31T14:47:43.403+0000] {dagbag.py:538} INFO - Filling up the DagBag from /opt/airflow/dags/my_dag.py
[2025-10-31T14:47:44.196+0000] {processor.py:840} INFO - DAG(s) 'my_dag' retrieved from /opt/airflow/dags/my_dag.py
[2025-10-31T14:47:44.231+0000] {logging_mixin.py:188} INFO - [2025-10-31T14:47:44.230+0000] {dag.py:3036} INFO - Sync 1 DAGs
[2025-10-31T14:47:44.246+0000] {logging_mixin.py:188} INFO - [2025-10-31T14:47:44.246+0000] {dag.py:3823} INFO - Setting next_dagrun for my_dag to None, run_after=None
[2025-10-31T14:47:44.281+0000] {processor.py:183} INFO - Processing /opt/airflow/dags/my_dag.py took 0.893 seconds
[2025-10-31T14:48:14.490+0000] {processor.py:161} INFO - Started process (PID=2559) to work on /opt/airflow/dags/my_dag.py
[2025-10-31T14:48:14.493+0000] {processor.py:830} INFO - Processing file /opt/airflow/dags/my_dag.py for tasks to queue
[2025-10-31T14:48:14.495+0000] {logging_mixin.py:188} INFO - [2025-10-31T14:48:14.494+0000] {dagbag.py:538} INFO - Filling up the DagBag from /opt/airflow/dags/my_dag.py
[2025-10-31T14:48:15.402+0000] {processor.py:840} INFO - DAG(s) 'my_dag' retrieved from /opt/airflow/dags/my_dag.py
[2025-10-31T14:48:15.442+0000] {logging_mixin.py:188} INFO - [2025-10-31T14:48:15.441+0000] {dag.py:3036} INFO - Sync 1 DAGs
[2025-10-31T14:48:15.489+0000] {logging_mixin.py:188} INFO - [2025-10-31T14:48:15.488+0000] {dag.py:3823} INFO - Setting next_dagrun for my_dag to None, run_after=None
[2025-10-31T14:48:15.554+0000] {processor.py:183} INFO - Processing /opt/airflow/dags/my_dag.py took 1.070 seconds
[2025-10-31T14:48:45.905+0000] {processor.py:161} INFO - Started process (PID=2571) to work on /opt/airflow/dags/my_dag.py
[2025-10-31T14:48:45.907+0000] {processor.py:830} INFO - Processing file /opt/airflow/dags/my_dag.py for tasks to queue
[2025-10-31T14:48:45.908+0000] {logging_mixin.py:188} INFO - [2025-10-31T14:48:45.908+0000] {dagbag.py:538} INFO - Filling up the DagBag from /opt/airflow/dags/my_dag.py
[2025-10-31T14:48:46.693+0000] {processor.py:840} INFO - DAG(s) 'my_dag' retrieved from /opt/airflow/dags/my_dag.py
[2025-10-31T14:48:46.738+0000] {logging_mixin.py:188} INFO - [2025-10-31T14:48:46.737+0000] {dag.py:3036} INFO - Sync 1 DAGs
[2025-10-31T14:48:46.777+0000] {logging_mixin.py:188} INFO - [2025-10-31T14:48:46.777+0000] {dag.py:3823} INFO - Setting next_dagrun for my_dag to None, run_after=None
[2025-10-31T14:48:46.843+0000] {processor.py:183} INFO - Processing /opt/airflow/dags/my_dag.py took 0.943 seconds
[2025-10-31T14:49:17.070+0000] {processor.py:161} INFO - Started process (PID=2583) to work on /opt/airflow/dags/my_dag.py
[2025-10-31T14:49:17.071+0000] {processor.py:830} INFO - Processing file /opt/airflow/dags/my_dag.py for tasks to queue
[2025-10-31T14:49:17.073+0000] {logging_mixin.py:188} INFO - [2025-10-31T14:49:17.073+0000] {dagbag.py:538} INFO - Filling up the DagBag from /opt/airflow/dags/my_dag.py
[2025-10-31T14:49:17.737+0000] {processor.py:840} INFO - DAG(s) 'my_dag' retrieved from /opt/airflow/dags/my_dag.py
[2025-10-31T14:49:17.771+0000] {logging_mixin.py:188} INFO - [2025-10-31T14:49:17.771+0000] {dag.py:3036} INFO - Sync 1 DAGs
[2025-10-31T14:49:17.787+0000] {logging_mixin.py:188} INFO - [2025-10-31T14:49:17.787+0000] {dag.py:3823} INFO - Setting next_dagrun for my_dag to None, run_after=None
[2025-10-31T14:49:17.818+0000] {processor.py:183} INFO - Processing /opt/airflow/dags/my_dag.py took 0.754 seconds
[2025-10-31T14:49:48.011+0000] {processor.py:161} INFO - Started process (PID=2595) to work on /opt/airflow/dags/my_dag.py
[2025-10-31T14:49:48.014+0000] {processor.py:830} INFO - Processing file /opt/airflow/dags/my_dag.py for tasks to queue
[2025-10-31T14:49:48.016+0000] {logging_mixin.py:188} INFO - [2025-10-31T14:49:48.015+0000] {dagbag.py:538} INFO - Filling up the DagBag from /opt/airflow/dags/my_dag.py
[2025-10-31T14:49:49.179+0000] {processor.py:840} INFO - DAG(s) 'my_dag' retrieved from /opt/airflow/dags/my_dag.py
[2025-10-31T14:49:49.212+0000] {logging_mixin.py:188} INFO - [2025-10-31T14:49:49.211+0000] {dag.py:3036} INFO - Sync 1 DAGs
[2025-10-31T14:49:49.227+0000] {logging_mixin.py:188} INFO - [2025-10-31T14:49:49.226+0000] {dag.py:3823} INFO - Setting next_dagrun for my_dag to None, run_after=None
[2025-10-31T14:49:49.257+0000] {processor.py:183} INFO - Processing /opt/airflow/dags/my_dag.py took 1.254 seconds
[2025-10-31T14:50:19.444+0000] {processor.py:161} INFO - Started process (PID=2607) to work on /opt/airflow/dags/my_dag.py
[2025-10-31T14:50:19.446+0000] {processor.py:830} INFO - Processing file /opt/airflow/dags/my_dag.py for tasks to queue
[2025-10-31T14:50:19.448+0000] {logging_mixin.py:188} INFO - [2025-10-31T14:50:19.448+0000] {dagbag.py:538} INFO - Filling up the DagBag from /opt/airflow/dags/my_dag.py
[2025-10-31T14:50:20.409+0000] {processor.py:840} INFO - DAG(s) 'my_dag' retrieved from /opt/airflow/dags/my_dag.py
[2025-10-31T14:50:20.451+0000] {logging_mixin.py:188} INFO - [2025-10-31T14:50:20.450+0000] {dag.py:3036} INFO - Sync 1 DAGs
[2025-10-31T14:50:20.473+0000] {logging_mixin.py:188} INFO - [2025-10-31T14:50:20.473+0000] {dag.py:3823} INFO - Setting next_dagrun for my_dag to None, run_after=None
[2025-10-31T14:50:21.712+0000] {processor.py:183} INFO - Processing /opt/airflow/dags/my_dag.py took 2.278 seconds
[2025-10-31T14:50:52.377+0000] {processor.py:161} INFO - Started process (PID=2620) to work on /opt/airflow/dags/my_dag.py
[2025-10-31T14:50:52.379+0000] {processor.py:830} INFO - Processing file /opt/airflow/dags/my_dag.py for tasks to queue
[2025-10-31T14:50:52.381+0000] {logging_mixin.py:188} INFO - [2025-10-31T14:50:52.380+0000] {dagbag.py:538} INFO - Filling up the DagBag from /opt/airflow/dags/my_dag.py
[2025-10-31T14:50:53.070+0000] {processor.py:840} INFO - DAG(s) 'my_dag' retrieved from /opt/airflow/dags/my_dag.py
[2025-10-31T14:50:53.103+0000] {logging_mixin.py:188} INFO - [2025-10-31T14:50:53.102+0000] {dag.py:3036} INFO - Sync 1 DAGs
[2025-10-31T14:50:53.119+0000] {logging_mixin.py:188} INFO - [2025-10-31T14:50:53.118+0000] {dag.py:3823} INFO - Setting next_dagrun for my_dag to None, run_after=None
[2025-10-31T14:50:53.150+0000] {processor.py:183} INFO - Processing /opt/airflow/dags/my_dag.py took 0.781 seconds
[2025-10-31T14:51:23.394+0000] {processor.py:161} INFO - Started process (PID=2632) to work on /opt/airflow/dags/my_dag.py
[2025-10-31T14:51:23.396+0000] {processor.py:830} INFO - Processing file /opt/airflow/dags/my_dag.py for tasks to queue
[2025-10-31T14:51:23.399+0000] {logging_mixin.py:188} INFO - [2025-10-31T14:51:23.399+0000] {dagbag.py:538} INFO - Filling up the DagBag from /opt/airflow/dags/my_dag.py
[2025-10-31T14:51:24.149+0000] {processor.py:840} INFO - DAG(s) 'my_dag' retrieved from /opt/airflow/dags/my_dag.py
[2025-10-31T14:51:24.200+0000] {logging_mixin.py:188} INFO - [2025-10-31T14:51:24.199+0000] {dag.py:3036} INFO - Sync 1 DAGs
[2025-10-31T14:51:24.217+0000] {logging_mixin.py:188} INFO - [2025-10-31T14:51:24.216+0000] {dag.py:3823} INFO - Setting next_dagrun for my_dag to None, run_after=None
[2025-10-31T14:51:24.262+0000] {processor.py:183} INFO - Processing /opt/airflow/dags/my_dag.py took 0.873 seconds
[2025-10-31T14:51:54.437+0000] {processor.py:161} INFO - Started process (PID=2644) to work on /opt/airflow/dags/my_dag.py
[2025-10-31T14:51:54.440+0000] {processor.py:830} INFO - Processing file /opt/airflow/dags/my_dag.py for tasks to queue
[2025-10-31T14:51:54.442+0000] {logging_mixin.py:188} INFO - [2025-10-31T14:51:54.442+0000] {dagbag.py:538} INFO - Filling up the DagBag from /opt/airflow/dags/my_dag.py
[2025-10-31T14:51:55.338+0000] {processor.py:840} INFO - DAG(s) 'my_dag' retrieved from /opt/airflow/dags/my_dag.py
[2025-10-31T14:51:55.367+0000] {logging_mixin.py:188} INFO - [2025-10-31T14:51:55.366+0000] {dag.py:3036} INFO - Sync 1 DAGs
[2025-10-31T14:51:55.387+0000] {logging_mixin.py:188} INFO - [2025-10-31T14:51:55.387+0000] {dag.py:3823} INFO - Setting next_dagrun for my_dag to None, run_after=None
[2025-10-31T14:51:55.427+0000] {processor.py:183} INFO - Processing /opt/airflow/dags/my_dag.py took 1.000 seconds
[2025-10-31T14:52:26.266+0000] {processor.py:161} INFO - Started process (PID=2650) to work on /opt/airflow/dags/my_dag.py
[2025-10-31T14:52:26.268+0000] {processor.py:830} INFO - Processing file /opt/airflow/dags/my_dag.py for tasks to queue
[2025-10-31T14:52:26.271+0000] {logging_mixin.py:188} INFO - [2025-10-31T14:52:26.270+0000] {dagbag.py:538} INFO - Filling up the DagBag from /opt/airflow/dags/my_dag.py
[2025-10-31T14:52:27.290+0000] {processor.py:840} INFO - DAG(s) 'my_dag' retrieved from /opt/airflow/dags/my_dag.py
[2025-10-31T14:52:27.320+0000] {logging_mixin.py:188} INFO - [2025-10-31T14:52:27.320+0000] {dag.py:3036} INFO - Sync 1 DAGs
[2025-10-31T14:52:27.335+0000] {logging_mixin.py:188} INFO - [2025-10-31T14:52:27.334+0000] {dag.py:3823} INFO - Setting next_dagrun for my_dag to None, run_after=None
[2025-10-31T14:52:27.365+0000] {processor.py:183} INFO - Processing /opt/airflow/dags/my_dag.py took 1.107 seconds
[2025-10-31T14:52:57.810+0000] {processor.py:161} INFO - Started process (PID=2662) to work on /opt/airflow/dags/my_dag.py
[2025-10-31T14:52:57.813+0000] {processor.py:830} INFO - Processing file /opt/airflow/dags/my_dag.py for tasks to queue
[2025-10-31T14:52:57.816+0000] {logging_mixin.py:188} INFO - [2025-10-31T14:52:57.815+0000] {dagbag.py:538} INFO - Filling up the DagBag from /opt/airflow/dags/my_dag.py
[2025-10-31T14:52:59.083+0000] {processor.py:840} INFO - DAG(s) 'my_dag' retrieved from /opt/airflow/dags/my_dag.py
[2025-10-31T14:52:59.115+0000] {logging_mixin.py:188} INFO - [2025-10-31T14:52:59.114+0000] {dag.py:3036} INFO - Sync 1 DAGs
[2025-10-31T14:52:59.130+0000] {logging_mixin.py:188} INFO - [2025-10-31T14:52:59.129+0000] {dag.py:3823} INFO - Setting next_dagrun for my_dag to None, run_after=None
[2025-10-31T14:52:59.161+0000] {processor.py:183} INFO - Processing /opt/airflow/dags/my_dag.py took 1.358 seconds
[2025-10-31T14:53:30.277+0000] {processor.py:161} INFO - Started process (PID=2673) to work on /opt/airflow/dags/my_dag.py
[2025-10-31T14:53:30.279+0000] {processor.py:830} INFO - Processing file /opt/airflow/dags/my_dag.py for tasks to queue
[2025-10-31T14:53:30.282+0000] {logging_mixin.py:188} INFO - [2025-10-31T14:53:30.281+0000] {dagbag.py:538} INFO - Filling up the DagBag from /opt/airflow/dags/my_dag.py
[2025-10-31T14:53:31.948+0000] {processor.py:840} INFO - DAG(s) 'my_dag' retrieved from /opt/airflow/dags/my_dag.py
[2025-10-31T14:53:32.000+0000] {logging_mixin.py:188} INFO - [2025-10-31T14:53:31.999+0000] {dag.py:3036} INFO - Sync 1 DAGs
[2025-10-31T14:53:32.037+0000] {logging_mixin.py:188} INFO - [2025-10-31T14:53:32.036+0000] {dag.py:3823} INFO - Setting next_dagrun for my_dag to None, run_after=None
[2025-10-31T14:53:32.118+0000] {processor.py:183} INFO - Processing /opt/airflow/dags/my_dag.py took 1.850 seconds
[2025-10-31T14:54:03.443+0000] {processor.py:161} INFO - Started process (PID=2686) to work on /opt/airflow/dags/my_dag.py
[2025-10-31T14:54:03.447+0000] {processor.py:830} INFO - Processing file /opt/airflow/dags/my_dag.py for tasks to queue
[2025-10-31T14:54:03.450+0000] {logging_mixin.py:188} INFO - [2025-10-31T14:54:03.449+0000] {dagbag.py:538} INFO - Filling up the DagBag from /opt/airflow/dags/my_dag.py
[2025-10-31T14:54:04.211+0000] {processor.py:840} INFO - DAG(s) 'my_dag' retrieved from /opt/airflow/dags/my_dag.py
[2025-10-31T14:54:04.242+0000] {logging_mixin.py:188} INFO - [2025-10-31T14:54:04.242+0000] {dag.py:3036} INFO - Sync 1 DAGs
[2025-10-31T14:54:04.256+0000] {logging_mixin.py:188} INFO - [2025-10-31T14:54:04.256+0000] {dag.py:3823} INFO - Setting next_dagrun for my_dag to None, run_after=None
[2025-10-31T14:54:04.293+0000] {processor.py:183} INFO - Processing /opt/airflow/dags/my_dag.py took 0.863 seconds
[2025-10-31T14:54:36.334+0000] {processor.py:161} INFO - Started process (PID=2698) to work on /opt/airflow/dags/my_dag.py
[2025-10-31T14:54:36.336+0000] {processor.py:830} INFO - Processing file /opt/airflow/dags/my_dag.py for tasks to queue
[2025-10-31T14:54:36.340+0000] {logging_mixin.py:188} INFO - [2025-10-31T14:54:36.339+0000] {dagbag.py:538} INFO - Filling up the DagBag from /opt/airflow/dags/my_dag.py
[2025-10-31T14:54:37.420+0000] {processor.py:840} INFO - DAG(s) 'my_dag' retrieved from /opt/airflow/dags/my_dag.py
[2025-10-31T14:54:37.522+0000] {logging_mixin.py:188} INFO - [2025-10-31T14:54:37.520+0000] {dag.py:3036} INFO - Sync 1 DAGs
[2025-10-31T14:54:37.581+0000] {logging_mixin.py:188} INFO - [2025-10-31T14:54:37.580+0000] {dag.py:3823} INFO - Setting next_dagrun for my_dag to None, run_after=None
[2025-10-31T14:54:37.626+0000] {processor.py:183} INFO - Processing /opt/airflow/dags/my_dag.py took 1.301 seconds
[2025-10-31T14:55:08.971+0000] {processor.py:161} INFO - Started process (PID=2710) to work on /opt/airflow/dags/my_dag.py
[2025-10-31T14:55:08.975+0000] {processor.py:830} INFO - Processing file /opt/airflow/dags/my_dag.py for tasks to queue
[2025-10-31T14:55:08.979+0000] {logging_mixin.py:188} INFO - [2025-10-31T14:55:08.977+0000] {dagbag.py:538} INFO - Filling up the DagBag from /opt/airflow/dags/my_dag.py
[2025-10-31T14:55:09.769+0000] {processor.py:840} INFO - DAG(s) 'my_dag' retrieved from /opt/airflow/dags/my_dag.py
[2025-10-31T14:55:09.812+0000] {logging_mixin.py:188} INFO - [2025-10-31T14:55:09.811+0000] {dag.py:3036} INFO - Sync 1 DAGs
[2025-10-31T14:55:09.829+0000] {logging_mixin.py:188} INFO - [2025-10-31T14:55:09.829+0000] {dag.py:3823} INFO - Setting next_dagrun for my_dag to None, run_after=None
[2025-10-31T14:55:09.874+0000] {processor.py:183} INFO - Processing /opt/airflow/dags/my_dag.py took 0.919 seconds
[2025-10-31T14:55:41.323+0000] {processor.py:161} INFO - Started process (PID=2722) to work on /opt/airflow/dags/my_dag.py
[2025-10-31T14:55:41.325+0000] {processor.py:830} INFO - Processing file /opt/airflow/dags/my_dag.py for tasks to queue
[2025-10-31T14:55:41.327+0000] {logging_mixin.py:188} INFO - [2025-10-31T14:55:41.326+0000] {dagbag.py:538} INFO - Filling up the DagBag from /opt/airflow/dags/my_dag.py
[2025-10-31T14:55:42.078+0000] {processor.py:840} INFO - DAG(s) 'my_dag' retrieved from /opt/airflow/dags/my_dag.py
[2025-10-31T14:55:42.113+0000] {logging_mixin.py:188} INFO - [2025-10-31T14:55:42.113+0000] {dag.py:3036} INFO - Sync 1 DAGs
[2025-10-31T14:55:42.140+0000] {logging_mixin.py:188} INFO - [2025-10-31T14:55:42.139+0000] {dag.py:3823} INFO - Setting next_dagrun for my_dag to None, run_after=None
[2025-10-31T14:55:42.175+0000] {processor.py:183} INFO - Processing /opt/airflow/dags/my_dag.py took 0.860 seconds
[2025-10-31T14:56:14.279+0000] {processor.py:161} INFO - Started process (PID=2734) to work on /opt/airflow/dags/my_dag.py
[2025-10-31T14:56:14.287+0000] {processor.py:830} INFO - Processing file /opt/airflow/dags/my_dag.py for tasks to queue
[2025-10-31T14:56:14.290+0000] {logging_mixin.py:188} INFO - [2025-10-31T14:56:14.289+0000] {dagbag.py:538} INFO - Filling up the DagBag from /opt/airflow/dags/my_dag.py
[2025-10-31T14:56:16.835+0000] {processor.py:840} INFO - DAG(s) 'my_dag' retrieved from /opt/airflow/dags/my_dag.py
[2025-10-31T14:56:16.878+0000] {logging_mixin.py:188} INFO - [2025-10-31T14:56:16.878+0000] {dag.py:3036} INFO - Sync 1 DAGs
[2025-10-31T14:56:16.897+0000] {logging_mixin.py:188} INFO - [2025-10-31T14:56:16.896+0000] {dag.py:3823} INFO - Setting next_dagrun for my_dag to None, run_after=None
[2025-10-31T14:56:16.944+0000] {processor.py:183} INFO - Processing /opt/airflow/dags/my_dag.py took 2.674 seconds
[2025-10-31T14:56:47.872+0000] {processor.py:161} INFO - Started process (PID=2746) to work on /opt/airflow/dags/my_dag.py
[2025-10-31T14:56:47.875+0000] {processor.py:830} INFO - Processing file /opt/airflow/dags/my_dag.py for tasks to queue
[2025-10-31T14:56:47.878+0000] {logging_mixin.py:188} INFO - [2025-10-31T14:56:47.877+0000] {dagbag.py:538} INFO - Filling up the DagBag from /opt/airflow/dags/my_dag.py
[2025-10-31T14:56:48.949+0000] {processor.py:840} INFO - DAG(s) 'my_dag' retrieved from /opt/airflow/dags/my_dag.py
[2025-10-31T14:56:48.982+0000] {logging_mixin.py:188} INFO - [2025-10-31T14:56:48.981+0000] {dag.py:3036} INFO - Sync 1 DAGs
[2025-10-31T14:56:49.018+0000] {logging_mixin.py:188} INFO - [2025-10-31T14:56:49.017+0000] {dag.py:3823} INFO - Setting next_dagrun for my_dag to None, run_after=None
[2025-10-31T14:56:49.088+0000] {processor.py:183} INFO - Processing /opt/airflow/dags/my_dag.py took 1.226 seconds
[2025-10-31T14:57:19.779+0000] {processor.py:161} INFO - Started process (PID=2758) to work on /opt/airflow/dags/my_dag.py
[2025-10-31T14:57:19.781+0000] {processor.py:830} INFO - Processing file /opt/airflow/dags/my_dag.py for tasks to queue
[2025-10-31T14:57:19.785+0000] {logging_mixin.py:188} INFO - [2025-10-31T14:57:19.784+0000] {dagbag.py:538} INFO - Filling up the DagBag from /opt/airflow/dags/my_dag.py
[2025-10-31T14:57:23.523+0000] {processor.py:840} INFO - DAG(s) 'my_dag' retrieved from /opt/airflow/dags/my_dag.py
[2025-10-31T14:57:23.736+0000] {logging_mixin.py:188} INFO - [2025-10-31T14:57:23.735+0000] {dag.py:3036} INFO - Sync 1 DAGs
[2025-10-31T14:57:23.845+0000] {logging_mixin.py:188} INFO - [2025-10-31T14:57:23.844+0000] {dag.py:3823} INFO - Setting next_dagrun for my_dag to None, run_after=None
[2025-10-31T14:57:24.094+0000] {processor.py:183} INFO - Processing /opt/airflow/dags/my_dag.py took 4.331 seconds
[2025-10-31T14:57:56.810+0000] {processor.py:161} INFO - Started process (PID=2770) to work on /opt/airflow/dags/my_dag.py
[2025-10-31T14:57:56.814+0000] {processor.py:830} INFO - Processing file /opt/airflow/dags/my_dag.py for tasks to queue
[2025-10-31T14:57:56.820+0000] {logging_mixin.py:188} INFO - [2025-10-31T14:57:56.820+0000] {dagbag.py:538} INFO - Filling up the DagBag from /opt/airflow/dags/my_dag.py
[2025-10-31T14:57:58.749+0000] {processor.py:840} INFO - DAG(s) 'my_dag' retrieved from /opt/airflow/dags/my_dag.py
[2025-10-31T14:57:58.780+0000] {logging_mixin.py:188} INFO - [2025-10-31T14:57:58.780+0000] {dag.py:3036} INFO - Sync 1 DAGs
[2025-10-31T14:57:58.805+0000] {logging_mixin.py:188} INFO - [2025-10-31T14:57:58.804+0000] {dag.py:3823} INFO - Setting next_dagrun for my_dag to None, run_after=None
[2025-10-31T14:57:59.355+0000] {processor.py:183} INFO - Processing /opt/airflow/dags/my_dag.py took 2.564 seconds
[2025-10-31T14:58:29.922+0000] {processor.py:161} INFO - Started process (PID=2782) to work on /opt/airflow/dags/my_dag.py
[2025-10-31T14:58:29.924+0000] {processor.py:830} INFO - Processing file /opt/airflow/dags/my_dag.py for tasks to queue
[2025-10-31T14:58:29.927+0000] {logging_mixin.py:188} INFO - [2025-10-31T14:58:29.926+0000] {dagbag.py:538} INFO - Filling up the DagBag from /opt/airflow/dags/my_dag.py
[2025-10-31T14:58:34.430+0000] {processor.py:840} INFO - DAG(s) 'my_dag' retrieved from /opt/airflow/dags/my_dag.py
[2025-10-31T14:58:34.636+0000] {logging_mixin.py:188} INFO - [2025-10-31T14:58:34.626+0000] {dag.py:3036} INFO - Sync 1 DAGs
[2025-10-31T14:58:34.713+0000] {logging_mixin.py:188} INFO - [2025-10-31T14:58:34.712+0000] {dag.py:3823} INFO - Setting next_dagrun for my_dag to None, run_after=None
[2025-10-31T14:58:34.925+0000] {processor.py:183} INFO - Processing /opt/airflow/dags/my_dag.py took 5.014 seconds
[2025-10-31T14:59:05.409+0000] {processor.py:161} INFO - Started process (PID=2801) to work on /opt/airflow/dags/my_dag.py
[2025-10-31T14:59:05.412+0000] {processor.py:830} INFO - Processing file /opt/airflow/dags/my_dag.py for tasks to queue
[2025-10-31T14:59:05.415+0000] {logging_mixin.py:188} INFO - [2025-10-31T14:59:05.414+0000] {dagbag.py:538} INFO - Filling up the DagBag from /opt/airflow/dags/my_dag.py
[2025-10-31T14:59:06.542+0000] {processor.py:840} INFO - DAG(s) 'my_dag' retrieved from /opt/airflow/dags/my_dag.py
[2025-10-31T14:59:06.582+0000] {logging_mixin.py:188} INFO - [2025-10-31T14:59:06.582+0000] {dag.py:3036} INFO - Sync 1 DAGs
[2025-10-31T14:59:06.599+0000] {logging_mixin.py:188} INFO - [2025-10-31T14:59:06.599+0000] {dag.py:3823} INFO - Setting next_dagrun for my_dag to None, run_after=None
[2025-10-31T14:59:06.917+0000] {processor.py:183} INFO - Processing /opt/airflow/dags/my_dag.py took 1.515 seconds
[2025-10-31T14:59:37.456+0000] {processor.py:161} INFO - Started process (PID=2808) to work on /opt/airflow/dags/my_dag.py
[2025-10-31T14:59:37.459+0000] {processor.py:830} INFO - Processing file /opt/airflow/dags/my_dag.py for tasks to queue
[2025-10-31T14:59:37.463+0000] {logging_mixin.py:188} INFO - [2025-10-31T14:59:37.462+0000] {dagbag.py:538} INFO - Filling up the DagBag from /opt/airflow/dags/my_dag.py
[2025-10-31T14:59:38.879+0000] {processor.py:840} INFO - DAG(s) 'my_dag' retrieved from /opt/airflow/dags/my_dag.py
[2025-10-31T14:59:38.985+0000] {logging_mixin.py:188} INFO - [2025-10-31T14:59:38.984+0000] {dag.py:3036} INFO - Sync 1 DAGs
[2025-10-31T14:59:39.011+0000] {logging_mixin.py:188} INFO - [2025-10-31T14:59:39.010+0000] {dag.py:3823} INFO - Setting next_dagrun for my_dag to None, run_after=None
[2025-10-31T14:59:39.279+0000] {processor.py:183} INFO - Processing /opt/airflow/dags/my_dag.py took 1.832 seconds
[2025-10-31T15:00:10.160+0000] {processor.py:161} INFO - Started process (PID=2821) to work on /opt/airflow/dags/my_dag.py
[2025-10-31T15:00:10.162+0000] {processor.py:830} INFO - Processing file /opt/airflow/dags/my_dag.py for tasks to queue
[2025-10-31T15:00:10.165+0000] {logging_mixin.py:188} INFO - [2025-10-31T15:00:10.164+0000] {dagbag.py:538} INFO - Filling up the DagBag from /opt/airflow/dags/my_dag.py
[2025-10-31T15:00:13.300+0000] {processor.py:840} INFO - DAG(s) 'my_dag' retrieved from /opt/airflow/dags/my_dag.py
[2025-10-31T15:00:13.642+0000] {logging_mixin.py:188} INFO - [2025-10-31T15:00:13.638+0000] {dag.py:3036} INFO - Sync 1 DAGs
[2025-10-31T15:00:13.991+0000] {logging_mixin.py:188} INFO - [2025-10-31T15:00:13.990+0000] {dag.py:3823} INFO - Setting next_dagrun for my_dag to None, run_after=None
[2025-10-31T15:00:14.171+0000] {processor.py:183} INFO - Processing /opt/airflow/dags/my_dag.py took 4.019 seconds
[2025-10-31T15:00:44.683+0000] {processor.py:161} INFO - Started process (PID=2834) to work on /opt/airflow/dags/my_dag.py
[2025-10-31T15:00:44.686+0000] {processor.py:830} INFO - Processing file /opt/airflow/dags/my_dag.py for tasks to queue
[2025-10-31T15:00:44.690+0000] {logging_mixin.py:188} INFO - [2025-10-31T15:00:44.689+0000] {dagbag.py:538} INFO - Filling up the DagBag from /opt/airflow/dags/my_dag.py
[2025-10-31T15:00:45.875+0000] {processor.py:840} INFO - DAG(s) 'my_dag' retrieved from /opt/airflow/dags/my_dag.py
[2025-10-31T15:00:45.922+0000] {logging_mixin.py:188} INFO - [2025-10-31T15:00:45.921+0000] {dag.py:3036} INFO - Sync 1 DAGs
[2025-10-31T15:00:45.952+0000] {logging_mixin.py:188} INFO - [2025-10-31T15:00:45.952+0000] {dag.py:3823} INFO - Setting next_dagrun for my_dag to None, run_after=None
[2025-10-31T15:00:45.986+0000] {processor.py:183} INFO - Processing /opt/airflow/dags/my_dag.py took 1.319 seconds
[2025-10-31T15:01:16.289+0000] {processor.py:161} INFO - Started process (PID=2846) to work on /opt/airflow/dags/my_dag.py
[2025-10-31T15:01:16.292+0000] {processor.py:830} INFO - Processing file /opt/airflow/dags/my_dag.py for tasks to queue
[2025-10-31T15:01:16.295+0000] {logging_mixin.py:188} INFO - [2025-10-31T15:01:16.294+0000] {dagbag.py:538} INFO - Filling up the DagBag from /opt/airflow/dags/my_dag.py
[2025-10-31T15:01:17.344+0000] {processor.py:840} INFO - DAG(s) 'my_dag' retrieved from /opt/airflow/dags/my_dag.py
[2025-10-31T15:01:17.386+0000] {logging_mixin.py:188} INFO - [2025-10-31T15:01:17.385+0000] {dag.py:3036} INFO - Sync 1 DAGs
[2025-10-31T15:01:17.409+0000] {logging_mixin.py:188} INFO - [2025-10-31T15:01:17.409+0000] {dag.py:3823} INFO - Setting next_dagrun for my_dag to None, run_after=None
[2025-10-31T15:01:17.446+0000] {processor.py:183} INFO - Processing /opt/airflow/dags/my_dag.py took 1.165 seconds
[2025-10-31T15:01:47.703+0000] {processor.py:161} INFO - Started process (PID=2858) to work on /opt/airflow/dags/my_dag.py
[2025-10-31T15:01:47.706+0000] {processor.py:830} INFO - Processing file /opt/airflow/dags/my_dag.py for tasks to queue
[2025-10-31T15:01:47.711+0000] {logging_mixin.py:188} INFO - [2025-10-31T15:01:47.711+0000] {dagbag.py:538} INFO - Filling up the DagBag from /opt/airflow/dags/my_dag.py
[2025-10-31T15:01:48.898+0000] {processor.py:840} INFO - DAG(s) 'my_dag' retrieved from /opt/airflow/dags/my_dag.py
[2025-10-31T15:01:48.928+0000] {logging_mixin.py:188} INFO - [2025-10-31T15:01:48.927+0000] {dag.py:3036} INFO - Sync 1 DAGs
[2025-10-31T15:01:48.942+0000] {logging_mixin.py:188} INFO - [2025-10-31T15:01:48.942+0000] {dag.py:3823} INFO - Setting next_dagrun for my_dag to None, run_after=None
[2025-10-31T15:01:48.976+0000] {processor.py:183} INFO - Processing /opt/airflow/dags/my_dag.py took 1.299 seconds
[2025-10-31T15:02:19.581+0000] {processor.py:161} INFO - Started process (PID=2870) to work on /opt/airflow/dags/my_dag.py
[2025-10-31T15:02:19.583+0000] {processor.py:830} INFO - Processing file /opt/airflow/dags/my_dag.py for tasks to queue
[2025-10-31T15:02:19.585+0000] {logging_mixin.py:188} INFO - [2025-10-31T15:02:19.585+0000] {dagbag.py:538} INFO - Filling up the DagBag from /opt/airflow/dags/my_dag.py
[2025-10-31T15:02:20.503+0000] {processor.py:840} INFO - DAG(s) 'my_dag' retrieved from /opt/airflow/dags/my_dag.py
[2025-10-31T15:02:20.560+0000] {logging_mixin.py:188} INFO - [2025-10-31T15:02:20.558+0000] {dag.py:3036} INFO - Sync 1 DAGs
[2025-10-31T15:02:20.595+0000] {logging_mixin.py:188} INFO - [2025-10-31T15:02:20.595+0000] {dag.py:3823} INFO - Setting next_dagrun for my_dag to None, run_after=None
[2025-10-31T15:02:20.635+0000] {processor.py:183} INFO - Processing /opt/airflow/dags/my_dag.py took 1.063 seconds
[2025-10-31T15:02:51.208+0000] {processor.py:161} INFO - Started process (PID=2882) to work on /opt/airflow/dags/my_dag.py
[2025-10-31T15:02:51.210+0000] {processor.py:830} INFO - Processing file /opt/airflow/dags/my_dag.py for tasks to queue
[2025-10-31T15:02:51.212+0000] {logging_mixin.py:188} INFO - [2025-10-31T15:02:51.211+0000] {dagbag.py:538} INFO - Filling up the DagBag from /opt/airflow/dags/my_dag.py
[2025-10-31T15:02:52.772+0000] {processor.py:840} INFO - DAG(s) 'my_dag' retrieved from /opt/airflow/dags/my_dag.py
[2025-10-31T15:02:52.879+0000] {logging_mixin.py:188} INFO - [2025-10-31T15:02:52.878+0000] {dag.py:3036} INFO - Sync 1 DAGs
[2025-10-31T15:02:52.899+0000] {logging_mixin.py:188} INFO - [2025-10-31T15:02:52.898+0000] {dag.py:3823} INFO - Setting next_dagrun for my_dag to None, run_after=None
[2025-10-31T15:02:53.066+0000] {processor.py:183} INFO - Processing /opt/airflow/dags/my_dag.py took 1.866 seconds
[2025-10-31T15:03:23.331+0000] {processor.py:161} INFO - Started process (PID=2894) to work on /opt/airflow/dags/my_dag.py
[2025-10-31T15:03:23.337+0000] {processor.py:830} INFO - Processing file /opt/airflow/dags/my_dag.py for tasks to queue
[2025-10-31T15:03:23.341+0000] {logging_mixin.py:188} INFO - [2025-10-31T15:03:23.340+0000] {dagbag.py:538} INFO - Filling up the DagBag from /opt/airflow/dags/my_dag.py
[2025-10-31T15:03:24.495+0000] {processor.py:840} INFO - DAG(s) 'my_dag' retrieved from /opt/airflow/dags/my_dag.py
[2025-10-31T15:03:24.596+0000] {logging_mixin.py:188} INFO - [2025-10-31T15:03:24.595+0000] {dag.py:3036} INFO - Sync 1 DAGs
[2025-10-31T15:03:24.638+0000] {logging_mixin.py:188} INFO - [2025-10-31T15:03:24.637+0000] {dag.py:3823} INFO - Setting next_dagrun for my_dag to None, run_after=None
[2025-10-31T15:03:24.725+0000] {processor.py:183} INFO - Processing /opt/airflow/dags/my_dag.py took 1.412 seconds
[2025-10-31T15:03:55.207+0000] {processor.py:161} INFO - Started process (PID=2905) to work on /opt/airflow/dags/my_dag.py
[2025-10-31T15:03:55.212+0000] {processor.py:830} INFO - Processing file /opt/airflow/dags/my_dag.py for tasks to queue
[2025-10-31T15:03:55.217+0000] {logging_mixin.py:188} INFO - [2025-10-31T15:03:55.216+0000] {dagbag.py:538} INFO - Filling up the DagBag from /opt/airflow/dags/my_dag.py
[2025-10-31T15:03:56.220+0000] {processor.py:840} INFO - DAG(s) 'my_dag' retrieved from /opt/airflow/dags/my_dag.py
[2025-10-31T15:03:56.311+0000] {logging_mixin.py:188} INFO - [2025-10-31T15:03:56.309+0000] {dag.py:3036} INFO - Sync 1 DAGs
[2025-10-31T15:03:56.363+0000] {logging_mixin.py:188} INFO - [2025-10-31T15:03:56.362+0000] {dag.py:3823} INFO - Setting next_dagrun for my_dag to None, run_after=None
[2025-10-31T15:03:56.562+0000] {processor.py:183} INFO - Processing /opt/airflow/dags/my_dag.py took 1.364 seconds
[2025-10-31T15:04:26.952+0000] {processor.py:161} INFO - Started process (PID=2917) to work on /opt/airflow/dags/my_dag.py
[2025-10-31T15:04:26.954+0000] {processor.py:830} INFO - Processing file /opt/airflow/dags/my_dag.py for tasks to queue
[2025-10-31T15:04:26.955+0000] {logging_mixin.py:188} INFO - [2025-10-31T15:04:26.955+0000] {dagbag.py:538} INFO - Filling up the DagBag from /opt/airflow/dags/my_dag.py
[2025-10-31T15:04:27.968+0000] {processor.py:840} INFO - DAG(s) 'my_dag' retrieved from /opt/airflow/dags/my_dag.py
[2025-10-31T15:04:28.009+0000] {logging_mixin.py:188} INFO - [2025-10-31T15:04:28.007+0000] {dag.py:3036} INFO - Sync 1 DAGs
[2025-10-31T15:04:28.030+0000] {logging_mixin.py:188} INFO - [2025-10-31T15:04:28.030+0000] {dag.py:3823} INFO - Setting next_dagrun for my_dag to None, run_after=None
[2025-10-31T15:04:28.077+0000] {processor.py:183} INFO - Processing /opt/airflow/dags/my_dag.py took 1.131 seconds
[2025-10-31T15:04:59.014+0000] {processor.py:161} INFO - Started process (PID=2928) to work on /opt/airflow/dags/my_dag.py
[2025-10-31T15:04:59.017+0000] {processor.py:830} INFO - Processing file /opt/airflow/dags/my_dag.py for tasks to queue
[2025-10-31T15:04:59.020+0000] {logging_mixin.py:188} INFO - [2025-10-31T15:04:59.019+0000] {dagbag.py:538} INFO - Filling up the DagBag from /opt/airflow/dags/my_dag.py
[2025-10-31T15:04:59.747+0000] {processor.py:840} INFO - DAG(s) 'my_dag' retrieved from /opt/airflow/dags/my_dag.py
[2025-10-31T15:04:59.778+0000] {logging_mixin.py:188} INFO - [2025-10-31T15:04:59.777+0000] {dag.py:3036} INFO - Sync 1 DAGs
[2025-10-31T15:04:59.792+0000] {logging_mixin.py:188} INFO - [2025-10-31T15:04:59.792+0000] {dag.py:3823} INFO - Setting next_dagrun for my_dag to None, run_after=None
[2025-10-31T15:04:59.824+0000] {processor.py:183} INFO - Processing /opt/airflow/dags/my_dag.py took 0.819 seconds
[2025-10-31T15:05:31.336+0000] {processor.py:161} INFO - Started process (PID=2940) to work on /opt/airflow/dags/my_dag.py
[2025-10-31T15:05:31.339+0000] {processor.py:830} INFO - Processing file /opt/airflow/dags/my_dag.py for tasks to queue
[2025-10-31T15:05:31.340+0000] {logging_mixin.py:188} INFO - [2025-10-31T15:05:31.340+0000] {dagbag.py:538} INFO - Filling up the DagBag from /opt/airflow/dags/my_dag.py
[2025-10-31T15:05:32.106+0000] {processor.py:840} INFO - DAG(s) 'my_dag' retrieved from /opt/airflow/dags/my_dag.py
[2025-10-31T15:05:32.139+0000] {logging_mixin.py:188} INFO - [2025-10-31T15:05:32.139+0000] {dag.py:3036} INFO - Sync 1 DAGs
[2025-10-31T15:05:32.162+0000] {logging_mixin.py:188} INFO - [2025-10-31T15:05:32.161+0000] {dag.py:3823} INFO - Setting next_dagrun for my_dag to None, run_after=None
[2025-10-31T15:05:32.205+0000] {processor.py:183} INFO - Processing /opt/airflow/dags/my_dag.py took 0.879 seconds
[2025-10-31T15:06:05.986+0000] {processor.py:161} INFO - Started process (PID=2952) to work on /opt/airflow/dags/my_dag.py
[2025-10-31T15:06:05.993+0000] {processor.py:830} INFO - Processing file /opt/airflow/dags/my_dag.py for tasks to queue
[2025-10-31T15:06:05.996+0000] {logging_mixin.py:188} INFO - [2025-10-31T15:06:05.995+0000] {dagbag.py:538} INFO - Filling up the DagBag from /opt/airflow/dags/my_dag.py
[2025-10-31T15:06:07.803+0000] {processor.py:840} INFO - DAG(s) 'my_dag' retrieved from /opt/airflow/dags/my_dag.py
[2025-10-31T15:06:07.853+0000] {logging_mixin.py:188} INFO - [2025-10-31T15:06:07.850+0000] {dag.py:3036} INFO - Sync 1 DAGs
[2025-10-31T15:06:07.883+0000] {logging_mixin.py:188} INFO - [2025-10-31T15:06:07.883+0000] {dag.py:3823} INFO - Setting next_dagrun for my_dag to None, run_after=None
[2025-10-31T15:06:07.965+0000] {processor.py:183} INFO - Processing /opt/airflow/dags/my_dag.py took 1.996 seconds
[2025-10-31T15:06:38.733+0000] {processor.py:161} INFO - Started process (PID=2965) to work on /opt/airflow/dags/my_dag.py
[2025-10-31T15:06:38.736+0000] {processor.py:830} INFO - Processing file /opt/airflow/dags/my_dag.py for tasks to queue
[2025-10-31T15:06:38.739+0000] {logging_mixin.py:188} INFO - [2025-10-31T15:06:38.738+0000] {dagbag.py:538} INFO - Filling up the DagBag from /opt/airflow/dags/my_dag.py
[2025-10-31T15:06:39.993+0000] {processor.py:840} INFO - DAG(s) 'my_dag' retrieved from /opt/airflow/dags/my_dag.py
[2025-10-31T15:06:40.040+0000] {logging_mixin.py:188} INFO - [2025-10-31T15:06:40.039+0000] {dag.py:3036} INFO - Sync 1 DAGs
[2025-10-31T15:06:40.059+0000] {logging_mixin.py:188} INFO - [2025-10-31T15:06:40.059+0000] {dag.py:3823} INFO - Setting next_dagrun for my_dag to None, run_after=None
[2025-10-31T15:06:40.165+0000] {processor.py:183} INFO - Processing /opt/airflow/dags/my_dag.py took 1.453 seconds
[2025-10-31T15:07:10.583+0000] {processor.py:161} INFO - Started process (PID=2977) to work on /opt/airflow/dags/my_dag.py
[2025-10-31T15:07:10.586+0000] {processor.py:830} INFO - Processing file /opt/airflow/dags/my_dag.py for tasks to queue
[2025-10-31T15:07:10.589+0000] {logging_mixin.py:188} INFO - [2025-10-31T15:07:10.588+0000] {dagbag.py:538} INFO - Filling up the DagBag from /opt/airflow/dags/my_dag.py
[2025-10-31T15:07:11.336+0000] {processor.py:840} INFO - DAG(s) 'my_dag' retrieved from /opt/airflow/dags/my_dag.py
[2025-10-31T15:07:11.372+0000] {logging_mixin.py:188} INFO - [2025-10-31T15:07:11.370+0000] {dag.py:3036} INFO - Sync 1 DAGs
[2025-10-31T15:07:11.388+0000] {logging_mixin.py:188} INFO - [2025-10-31T15:07:11.387+0000] {dag.py:3823} INFO - Setting next_dagrun for my_dag to None, run_after=None
[2025-10-31T15:07:11.420+0000] {processor.py:183} INFO - Processing /opt/airflow/dags/my_dag.py took 0.845 seconds
[2025-10-31T15:07:43.354+0000] {processor.py:161} INFO - Started process (PID=2988) to work on /opt/airflow/dags/my_dag.py
[2025-10-31T15:07:43.356+0000] {processor.py:830} INFO - Processing file /opt/airflow/dags/my_dag.py for tasks to queue
[2025-10-31T15:07:43.358+0000] {logging_mixin.py:188} INFO - [2025-10-31T15:07:43.357+0000] {dagbag.py:538} INFO - Filling up the DagBag from /opt/airflow/dags/my_dag.py
[2025-10-31T15:07:44.181+0000] {processor.py:840} INFO - DAG(s) 'my_dag' retrieved from /opt/airflow/dags/my_dag.py
[2025-10-31T15:07:44.213+0000] {logging_mixin.py:188} INFO - [2025-10-31T15:07:44.212+0000] {dag.py:3036} INFO - Sync 1 DAGs
[2025-10-31T15:07:44.227+0000] {logging_mixin.py:188} INFO - [2025-10-31T15:07:44.227+0000] {dag.py:3823} INFO - Setting next_dagrun for my_dag to None, run_after=None
[2025-10-31T15:07:44.265+0000] {processor.py:183} INFO - Processing /opt/airflow/dags/my_dag.py took 0.921 seconds
[2025-10-31T15:08:16.655+0000] {processor.py:161} INFO - Started process (PID=3000) to work on /opt/airflow/dags/my_dag.py
[2025-10-31T15:08:16.684+0000] {processor.py:830} INFO - Processing file /opt/airflow/dags/my_dag.py for tasks to queue
[2025-10-31T15:08:16.731+0000] {logging_mixin.py:188} INFO - [2025-10-31T15:08:16.730+0000] {dagbag.py:538} INFO - Filling up the DagBag from /opt/airflow/dags/my_dag.py
[2025-10-31T15:08:18.591+0000] {processor.py:840} INFO - DAG(s) 'my_dag' retrieved from /opt/airflow/dags/my_dag.py
[2025-10-31T15:08:18.643+0000] {logging_mixin.py:188} INFO - [2025-10-31T15:08:18.642+0000] {dag.py:3036} INFO - Sync 1 DAGs
[2025-10-31T15:08:18.668+0000] {logging_mixin.py:188} INFO - [2025-10-31T15:08:18.667+0000] {dag.py:3823} INFO - Setting next_dagrun for my_dag to None, run_after=None
[2025-10-31T15:08:18.721+0000] {processor.py:183} INFO - Processing /opt/airflow/dags/my_dag.py took 2.085 seconds
[2025-10-31T15:08:49.144+0000] {processor.py:161} INFO - Started process (PID=3013) to work on /opt/airflow/dags/my_dag.py
[2025-10-31T15:08:49.146+0000] {processor.py:830} INFO - Processing file /opt/airflow/dags/my_dag.py for tasks to queue
[2025-10-31T15:08:49.147+0000] {logging_mixin.py:188} INFO - [2025-10-31T15:08:49.147+0000] {dagbag.py:538} INFO - Filling up the DagBag from /opt/airflow/dags/my_dag.py
[2025-10-31T15:08:50.200+0000] {processor.py:840} INFO - DAG(s) 'my_dag' retrieved from /opt/airflow/dags/my_dag.py
[2025-10-31T15:08:50.235+0000] {logging_mixin.py:188} INFO - [2025-10-31T15:08:50.235+0000] {dag.py:3036} INFO - Sync 1 DAGs
[2025-10-31T15:08:50.254+0000] {logging_mixin.py:188} INFO - [2025-10-31T15:08:50.253+0000] {dag.py:3823} INFO - Setting next_dagrun for my_dag to None, run_after=None
[2025-10-31T15:08:50.288+0000] {processor.py:183} INFO - Processing /opt/airflow/dags/my_dag.py took 1.152 seconds
[2025-10-31T15:09:21.756+0000] {processor.py:161} INFO - Started process (PID=3024) to work on /opt/airflow/dags/my_dag.py
[2025-10-31T15:09:21.758+0000] {processor.py:830} INFO - Processing file /opt/airflow/dags/my_dag.py for tasks to queue
[2025-10-31T15:09:21.766+0000] {logging_mixin.py:188} INFO - [2025-10-31T15:09:21.766+0000] {dagbag.py:538} INFO - Filling up the DagBag from /opt/airflow/dags/my_dag.py
[2025-10-31T15:09:23.287+0000] {processor.py:840} INFO - DAG(s) 'my_dag' retrieved from /opt/airflow/dags/my_dag.py
[2025-10-31T15:09:23.327+0000] {logging_mixin.py:188} INFO - [2025-10-31T15:09:23.327+0000] {dag.py:3036} INFO - Sync 1 DAGs
[2025-10-31T15:09:23.344+0000] {logging_mixin.py:188} INFO - [2025-10-31T15:09:23.344+0000] {dag.py:3823} INFO - Setting next_dagrun for my_dag to None, run_after=None
[2025-10-31T15:09:23.379+0000] {processor.py:183} INFO - Processing /opt/airflow/dags/my_dag.py took 1.643 seconds
[2025-10-31T15:09:54.215+0000] {processor.py:161} INFO - Started process (PID=3037) to work on /opt/airflow/dags/my_dag.py
[2025-10-31T15:09:54.218+0000] {processor.py:830} INFO - Processing file /opt/airflow/dags/my_dag.py for tasks to queue
[2025-10-31T15:09:54.220+0000] {logging_mixin.py:188} INFO - [2025-10-31T15:09:54.220+0000] {dagbag.py:538} INFO - Filling up the DagBag from /opt/airflow/dags/my_dag.py
[2025-10-31T15:09:55.255+0000] {processor.py:840} INFO - DAG(s) 'my_dag' retrieved from /opt/airflow/dags/my_dag.py
[2025-10-31T15:09:55.293+0000] {logging_mixin.py:188} INFO - [2025-10-31T15:09:55.292+0000] {dag.py:3036} INFO - Sync 1 DAGs
[2025-10-31T15:09:55.313+0000] {logging_mixin.py:188} INFO - [2025-10-31T15:09:55.312+0000] {dag.py:3823} INFO - Setting next_dagrun for my_dag to None, run_after=None
[2025-10-31T15:09:55.396+0000] {processor.py:183} INFO - Processing /opt/airflow/dags/my_dag.py took 1.193 seconds
[2025-10-31T15:10:26.420+0000] {processor.py:161} INFO - Started process (PID=3048) to work on /opt/airflow/dags/my_dag.py
[2025-10-31T15:10:26.422+0000] {processor.py:830} INFO - Processing file /opt/airflow/dags/my_dag.py for tasks to queue
[2025-10-31T15:10:26.424+0000] {logging_mixin.py:188} INFO - [2025-10-31T15:10:26.424+0000] {dagbag.py:538} INFO - Filling up the DagBag from /opt/airflow/dags/my_dag.py
[2025-10-31T15:10:27.664+0000] {processor.py:840} INFO - DAG(s) 'my_dag' retrieved from /opt/airflow/dags/my_dag.py
[2025-10-31T15:10:27.712+0000] {logging_mixin.py:188} INFO - [2025-10-31T15:10:27.711+0000] {dag.py:3036} INFO - Sync 1 DAGs
[2025-10-31T15:10:27.735+0000] {logging_mixin.py:188} INFO - [2025-10-31T15:10:27.734+0000] {dag.py:3823} INFO - Setting next_dagrun for my_dag to None, run_after=None
[2025-10-31T15:10:27.782+0000] {processor.py:183} INFO - Processing /opt/airflow/dags/my_dag.py took 1.374 seconds
[2025-10-31T15:10:59.592+0000] {processor.py:161} INFO - Started process (PID=3060) to work on /opt/airflow/dags/my_dag.py
[2025-10-31T15:10:59.597+0000] {processor.py:830} INFO - Processing file /opt/airflow/dags/my_dag.py for tasks to queue
[2025-10-31T15:10:59.600+0000] {logging_mixin.py:188} INFO - [2025-10-31T15:10:59.599+0000] {dagbag.py:538} INFO - Filling up the DagBag from /opt/airflow/dags/my_dag.py
[2025-10-31T15:11:01.583+0000] {processor.py:840} INFO - DAG(s) 'my_dag' retrieved from /opt/airflow/dags/my_dag.py
[2025-10-31T15:11:01.773+0000] {logging_mixin.py:188} INFO - [2025-10-31T15:11:01.771+0000] {dag.py:3036} INFO - Sync 1 DAGs
[2025-10-31T15:11:01.860+0000] {logging_mixin.py:188} INFO - [2025-10-31T15:11:01.860+0000] {dag.py:3823} INFO - Setting next_dagrun for my_dag to None, run_after=None
[2025-10-31T15:11:01.987+0000] {processor.py:183} INFO - Processing /opt/airflow/dags/my_dag.py took 2.423 seconds
[2025-10-31T15:11:32.224+0000] {processor.py:161} INFO - Started process (PID=3073) to work on /opt/airflow/dags/my_dag.py
[2025-10-31T15:11:32.227+0000] {processor.py:830} INFO - Processing file /opt/airflow/dags/my_dag.py for tasks to queue
[2025-10-31T15:11:32.231+0000] {logging_mixin.py:188} INFO - [2025-10-31T15:11:32.230+0000] {dagbag.py:538} INFO - Filling up the DagBag from /opt/airflow/dags/my_dag.py
[2025-10-31T15:11:33.785+0000] {processor.py:840} INFO - DAG(s) 'my_dag' retrieved from /opt/airflow/dags/my_dag.py
[2025-10-31T15:11:33.831+0000] {logging_mixin.py:188} INFO - [2025-10-31T15:11:33.830+0000] {dag.py:3036} INFO - Sync 1 DAGs
[2025-10-31T15:11:33.853+0000] {logging_mixin.py:188} INFO - [2025-10-31T15:11:33.853+0000] {dag.py:3823} INFO - Setting next_dagrun for my_dag to None, run_after=None
[2025-10-31T15:11:33.896+0000] {processor.py:183} INFO - Processing /opt/airflow/dags/my_dag.py took 1.690 seconds
[2025-10-31T15:12:04.729+0000] {processor.py:161} INFO - Started process (PID=3085) to work on /opt/airflow/dags/my_dag.py
[2025-10-31T15:12:04.742+0000] {processor.py:830} INFO - Processing file /opt/airflow/dags/my_dag.py for tasks to queue
[2025-10-31T15:12:04.750+0000] {logging_mixin.py:188} INFO - [2025-10-31T15:12:04.749+0000] {dagbag.py:538} INFO - Filling up the DagBag from /opt/airflow/dags/my_dag.py
[2025-10-31T15:12:05.727+0000] {processor.py:840} INFO - DAG(s) 'my_dag' retrieved from /opt/airflow/dags/my_dag.py
[2025-10-31T15:12:05.769+0000] {logging_mixin.py:188} INFO - [2025-10-31T15:12:05.767+0000] {dag.py:3036} INFO - Sync 1 DAGs
[2025-10-31T15:12:05.788+0000] {logging_mixin.py:188} INFO - [2025-10-31T15:12:05.788+0000] {dag.py:3823} INFO - Setting next_dagrun for my_dag to None, run_after=None
[2025-10-31T15:12:05.828+0000] {processor.py:183} INFO - Processing /opt/airflow/dags/my_dag.py took 1.110 seconds
[2025-10-31T15:12:37.517+0000] {processor.py:161} INFO - Started process (PID=3096) to work on /opt/airflow/dags/my_dag.py
[2025-10-31T15:12:37.521+0000] {processor.py:830} INFO - Processing file /opt/airflow/dags/my_dag.py for tasks to queue
[2025-10-31T15:12:37.524+0000] {logging_mixin.py:188} INFO - [2025-10-31T15:12:37.523+0000] {dagbag.py:538} INFO - Filling up the DagBag from /opt/airflow/dags/my_dag.py
[2025-10-31T15:12:38.683+0000] {processor.py:840} INFO - DAG(s) 'my_dag' retrieved from /opt/airflow/dags/my_dag.py
[2025-10-31T15:12:38.727+0000] {logging_mixin.py:188} INFO - [2025-10-31T15:12:38.726+0000] {dag.py:3036} INFO - Sync 1 DAGs
[2025-10-31T15:12:38.744+0000] {logging_mixin.py:188} INFO - [2025-10-31T15:12:38.743+0000] {dag.py:3823} INFO - Setting next_dagrun for my_dag to None, run_after=None
[2025-10-31T15:12:38.953+0000] {processor.py:183} INFO - Processing /opt/airflow/dags/my_dag.py took 1.447 seconds
[2025-10-31T15:13:10.050+0000] {processor.py:161} INFO - Started process (PID=3108) to work on /opt/airflow/dags/my_dag.py
[2025-10-31T15:13:10.052+0000] {processor.py:830} INFO - Processing file /opt/airflow/dags/my_dag.py for tasks to queue
[2025-10-31T15:13:10.055+0000] {logging_mixin.py:188} INFO - [2025-10-31T15:13:10.054+0000] {dagbag.py:538} INFO - Filling up the DagBag from /opt/airflow/dags/my_dag.py
[2025-10-31T15:13:11.520+0000] {processor.py:840} INFO - DAG(s) 'my_dag' retrieved from /opt/airflow/dags/my_dag.py
[2025-10-31T15:13:11.588+0000] {logging_mixin.py:188} INFO - [2025-10-31T15:13:11.586+0000] {dag.py:3036} INFO - Sync 1 DAGs
[2025-10-31T15:13:11.622+0000] {logging_mixin.py:188} INFO - [2025-10-31T15:13:11.621+0000] {dag.py:3823} INFO - Setting next_dagrun for my_dag to None, run_after=None
[2025-10-31T15:13:11.683+0000] {processor.py:183} INFO - Processing /opt/airflow/dags/my_dag.py took 1.643 seconds
[2025-10-31T15:13:43.423+0000] {processor.py:161} INFO - Started process (PID=3120) to work on /opt/airflow/dags/my_dag.py
[2025-10-31T15:13:43.435+0000] {processor.py:830} INFO - Processing file /opt/airflow/dags/my_dag.py for tasks to queue
[2025-10-31T15:13:43.437+0000] {logging_mixin.py:188} INFO - [2025-10-31T15:13:43.436+0000] {dagbag.py:538} INFO - Filling up the DagBag from /opt/airflow/dags/my_dag.py
[2025-10-31T15:13:44.885+0000] {processor.py:840} INFO - DAG(s) 'my_dag' retrieved from /opt/airflow/dags/my_dag.py
[2025-10-31T15:13:44.972+0000] {logging_mixin.py:188} INFO - [2025-10-31T15:13:44.971+0000] {dag.py:3036} INFO - Sync 1 DAGs
[2025-10-31T15:13:45.000+0000] {logging_mixin.py:188} INFO - [2025-10-31T15:13:44.999+0000] {dag.py:3823} INFO - Setting next_dagrun for my_dag to None, run_after=None
[2025-10-31T15:13:45.047+0000] {processor.py:183} INFO - Processing /opt/airflow/dags/my_dag.py took 1.640 seconds
[2025-10-31T15:14:15.509+0000] {processor.py:161} INFO - Started process (PID=3133) to work on /opt/airflow/dags/my_dag.py
[2025-10-31T15:14:15.511+0000] {processor.py:830} INFO - Processing file /opt/airflow/dags/my_dag.py for tasks to queue
[2025-10-31T15:14:15.513+0000] {logging_mixin.py:188} INFO - [2025-10-31T15:14:15.513+0000] {dagbag.py:538} INFO - Filling up the DagBag from /opt/airflow/dags/my_dag.py
[2025-10-31T15:14:16.380+0000] {processor.py:840} INFO - DAG(s) 'my_dag' retrieved from /opt/airflow/dags/my_dag.py
[2025-10-31T15:14:16.416+0000] {logging_mixin.py:188} INFO - [2025-10-31T15:14:16.415+0000] {dag.py:3036} INFO - Sync 1 DAGs
[2025-10-31T15:14:16.432+0000] {logging_mixin.py:188} INFO - [2025-10-31T15:14:16.432+0000] {dag.py:3823} INFO - Setting next_dagrun for my_dag to None, run_after=None
[2025-10-31T15:14:16.469+0000] {processor.py:183} INFO - Processing /opt/airflow/dags/my_dag.py took 0.970 seconds
[2025-10-31T15:14:48.990+0000] {processor.py:161} INFO - Started process (PID=3144) to work on /opt/airflow/dags/my_dag.py
[2025-10-31T15:14:48.993+0000] {processor.py:830} INFO - Processing file /opt/airflow/dags/my_dag.py for tasks to queue
[2025-10-31T15:14:48.995+0000] {logging_mixin.py:188} INFO - [2025-10-31T15:14:48.994+0000] {dagbag.py:538} INFO - Filling up the DagBag from /opt/airflow/dags/my_dag.py
[2025-10-31T15:14:50.147+0000] {processor.py:840} INFO - DAG(s) 'my_dag' retrieved from /opt/airflow/dags/my_dag.py
[2025-10-31T15:14:50.182+0000] {logging_mixin.py:188} INFO - [2025-10-31T15:14:50.181+0000] {dag.py:3036} INFO - Sync 1 DAGs
[2025-10-31T15:14:50.204+0000] {logging_mixin.py:188} INFO - [2025-10-31T15:14:50.203+0000] {dag.py:3823} INFO - Setting next_dagrun for my_dag to None, run_after=None
[2025-10-31T15:14:50.240+0000] {processor.py:183} INFO - Processing /opt/airflow/dags/my_dag.py took 1.269 seconds
[2025-10-31T15:15:21.388+0000] {processor.py:161} INFO - Started process (PID=3156) to work on /opt/airflow/dags/my_dag.py
[2025-10-31T15:15:21.389+0000] {processor.py:830} INFO - Processing file /opt/airflow/dags/my_dag.py for tasks to queue
[2025-10-31T15:15:21.391+0000] {logging_mixin.py:188} INFO - [2025-10-31T15:15:21.391+0000] {dagbag.py:538} INFO - Filling up the DagBag from /opt/airflow/dags/my_dag.py
[2025-10-31T15:15:22.604+0000] {processor.py:840} INFO - DAG(s) 'my_dag' retrieved from /opt/airflow/dags/my_dag.py
[2025-10-31T15:15:22.640+0000] {logging_mixin.py:188} INFO - [2025-10-31T15:15:22.639+0000] {dag.py:3036} INFO - Sync 1 DAGs
[2025-10-31T15:15:22.666+0000] {logging_mixin.py:188} INFO - [2025-10-31T15:15:22.665+0000] {dag.py:3823} INFO - Setting next_dagrun for my_dag to None, run_after=None
[2025-10-31T15:15:22.702+0000] {processor.py:183} INFO - Processing /opt/airflow/dags/my_dag.py took 1.327 seconds
[2025-10-31T15:15:54.116+0000] {processor.py:161} INFO - Started process (PID=3168) to work on /opt/airflow/dags/my_dag.py
[2025-10-31T15:15:54.119+0000] {processor.py:830} INFO - Processing file /opt/airflow/dags/my_dag.py for tasks to queue
[2025-10-31T15:15:54.121+0000] {logging_mixin.py:188} INFO - [2025-10-31T15:15:54.121+0000] {dagbag.py:538} INFO - Filling up the DagBag from /opt/airflow/dags/my_dag.py
[2025-10-31T15:15:55.401+0000] {processor.py:840} INFO - DAG(s) 'my_dag' retrieved from /opt/airflow/dags/my_dag.py
[2025-10-31T15:15:55.438+0000] {logging_mixin.py:188} INFO - [2025-10-31T15:15:55.438+0000] {dag.py:3036} INFO - Sync 1 DAGs
[2025-10-31T15:15:55.455+0000] {logging_mixin.py:188} INFO - [2025-10-31T15:15:55.454+0000] {dag.py:3823} INFO - Setting next_dagrun for my_dag to None, run_after=None
[2025-10-31T15:15:55.486+0000] {processor.py:183} INFO - Processing /opt/airflow/dags/my_dag.py took 1.378 seconds
[2025-10-31T15:16:26.544+0000] {processor.py:161} INFO - Started process (PID=3180) to work on /opt/airflow/dags/my_dag.py
[2025-10-31T15:16:26.546+0000] {processor.py:830} INFO - Processing file /opt/airflow/dags/my_dag.py for tasks to queue
[2025-10-31T15:16:26.547+0000] {logging_mixin.py:188} INFO - [2025-10-31T15:16:26.547+0000] {dagbag.py:538} INFO - Filling up the DagBag from /opt/airflow/dags/my_dag.py
[2025-10-31T15:16:27.601+0000] {processor.py:840} INFO - DAG(s) 'my_dag' retrieved from /opt/airflow/dags/my_dag.py
[2025-10-31T15:16:27.640+0000] {logging_mixin.py:188} INFO - [2025-10-31T15:16:27.638+0000] {dag.py:3036} INFO - Sync 1 DAGs
[2025-10-31T15:16:27.662+0000] {logging_mixin.py:188} INFO - [2025-10-31T15:16:27.662+0000] {dag.py:3823} INFO - Setting next_dagrun for my_dag to None, run_after=None
[2025-10-31T15:16:27.702+0000] {processor.py:183} INFO - Processing /opt/airflow/dags/my_dag.py took 1.166 seconds
[2025-10-31T15:16:59.410+0000] {processor.py:161} INFO - Started process (PID=3192) to work on /opt/airflow/dags/my_dag.py
[2025-10-31T15:16:59.413+0000] {processor.py:830} INFO - Processing file /opt/airflow/dags/my_dag.py for tasks to queue
[2025-10-31T15:16:59.416+0000] {logging_mixin.py:188} INFO - [2025-10-31T15:16:59.416+0000] {dagbag.py:538} INFO - Filling up the DagBag from /opt/airflow/dags/my_dag.py
[2025-10-31T15:17:00.681+0000] {processor.py:840} INFO - DAG(s) 'my_dag' retrieved from /opt/airflow/dags/my_dag.py
[2025-10-31T15:17:00.764+0000] {logging_mixin.py:188} INFO - [2025-10-31T15:17:00.763+0000] {dag.py:3036} INFO - Sync 1 DAGs
[2025-10-31T15:17:00.816+0000] {logging_mixin.py:188} INFO - [2025-10-31T15:17:00.815+0000] {dag.py:3823} INFO - Setting next_dagrun for my_dag to None, run_after=None
[2025-10-31T15:17:00.928+0000] {processor.py:183} INFO - Processing /opt/airflow/dags/my_dag.py took 1.534 seconds
[2025-10-31T15:17:32.461+0000] {processor.py:161} INFO - Started process (PID=3204) to work on /opt/airflow/dags/my_dag.py
[2025-10-31T15:17:32.465+0000] {processor.py:830} INFO - Processing file /opt/airflow/dags/my_dag.py for tasks to queue
[2025-10-31T15:17:32.490+0000] {logging_mixin.py:188} INFO - [2025-10-31T15:17:32.489+0000] {dagbag.py:538} INFO - Filling up the DagBag from /opt/airflow/dags/my_dag.py
[2025-10-31T15:17:35.634+0000] {processor.py:840} INFO - DAG(s) 'my_dag' retrieved from /opt/airflow/dags/my_dag.py
[2025-10-31T15:17:35.726+0000] {logging_mixin.py:188} INFO - [2025-10-31T15:17:35.725+0000] {dag.py:3036} INFO - Sync 1 DAGs
[2025-10-31T15:17:35.755+0000] {logging_mixin.py:188} INFO - [2025-10-31T15:17:35.755+0000] {dag.py:3823} INFO - Setting next_dagrun for my_dag to None, run_after=None
[2025-10-31T15:17:35.800+0000] {processor.py:183} INFO - Processing /opt/airflow/dags/my_dag.py took 3.358 seconds
[2025-10-31T15:18:05.968+0000] {processor.py:161} INFO - Started process (PID=3217) to work on /opt/airflow/dags/my_dag.py
[2025-10-31T15:18:05.972+0000] {processor.py:830} INFO - Processing file /opt/airflow/dags/my_dag.py for tasks to queue
[2025-10-31T15:18:05.978+0000] {logging_mixin.py:188} INFO - [2025-10-31T15:18:05.977+0000] {dagbag.py:538} INFO - Filling up the DagBag from /opt/airflow/dags/my_dag.py
[2025-10-31T15:18:06.909+0000] {processor.py:840} INFO - DAG(s) 'my_dag' retrieved from /opt/airflow/dags/my_dag.py
[2025-10-31T15:18:06.950+0000] {logging_mixin.py:188} INFO - [2025-10-31T15:18:06.949+0000] {dag.py:3036} INFO - Sync 1 DAGs
[2025-10-31T15:18:06.968+0000] {logging_mixin.py:188} INFO - [2025-10-31T15:18:06.968+0000] {dag.py:3823} INFO - Setting next_dagrun for my_dag to None, run_after=None
[2025-10-31T15:18:07.000+0000] {processor.py:183} INFO - Processing /opt/airflow/dags/my_dag.py took 1.044 seconds
[2025-10-31T15:18:37.414+0000] {processor.py:161} INFO - Started process (PID=3229) to work on /opt/airflow/dags/my_dag.py
[2025-10-31T15:18:37.416+0000] {processor.py:830} INFO - Processing file /opt/airflow/dags/my_dag.py for tasks to queue
[2025-10-31T15:18:37.418+0000] {logging_mixin.py:188} INFO - [2025-10-31T15:18:37.417+0000] {dagbag.py:538} INFO - Filling up the DagBag from /opt/airflow/dags/my_dag.py
[2025-10-31T15:18:39.453+0000] {processor.py:840} INFO - DAG(s) 'my_dag' retrieved from /opt/airflow/dags/my_dag.py
[2025-10-31T15:18:39.602+0000] {logging_mixin.py:188} INFO - [2025-10-31T15:18:39.601+0000] {dag.py:3036} INFO - Sync 1 DAGs
[2025-10-31T15:18:39.660+0000] {logging_mixin.py:188} INFO - [2025-10-31T15:18:39.659+0000] {dag.py:3823} INFO - Setting next_dagrun for my_dag to None, run_after=None
[2025-10-31T15:18:39.779+0000] {processor.py:183} INFO - Processing /opt/airflow/dags/my_dag.py took 2.372 seconds
[2025-10-31T15:19:11.597+0000] {processor.py:161} INFO - Started process (PID=3241) to work on /opt/airflow/dags/my_dag.py
[2025-10-31T15:19:11.621+0000] {processor.py:830} INFO - Processing file /opt/airflow/dags/my_dag.py for tasks to queue
[2025-10-31T15:19:11.652+0000] {logging_mixin.py:188} INFO - [2025-10-31T15:19:11.650+0000] {dagbag.py:538} INFO - Filling up the DagBag from /opt/airflow/dags/my_dag.py
[2025-10-31T15:19:15.543+0000] {processor.py:840} INFO - DAG(s) 'my_dag' retrieved from /opt/airflow/dags/my_dag.py
[2025-10-31T15:19:15.631+0000] {logging_mixin.py:188} INFO - [2025-10-31T15:19:15.620+0000] {dag.py:3036} INFO - Sync 1 DAGs
[2025-10-31T15:19:15.672+0000] {logging_mixin.py:188} INFO - [2025-10-31T15:19:15.671+0000] {dag.py:3823} INFO - Setting next_dagrun for my_dag to None, run_after=None
[2025-10-31T15:19:15.719+0000] {processor.py:183} INFO - Processing /opt/airflow/dags/my_dag.py took 4.254 seconds
[2025-10-31T15:19:46.245+0000] {processor.py:161} INFO - Started process (PID=3253) to work on /opt/airflow/dags/my_dag.py
[2025-10-31T15:19:46.247+0000] {processor.py:830} INFO - Processing file /opt/airflow/dags/my_dag.py for tasks to queue
[2025-10-31T15:19:46.249+0000] {logging_mixin.py:188} INFO - [2025-10-31T15:19:46.248+0000] {dagbag.py:538} INFO - Filling up the DagBag from /opt/airflow/dags/my_dag.py
[2025-10-31T15:19:48.035+0000] {processor.py:840} INFO - DAG(s) 'my_dag' retrieved from /opt/airflow/dags/my_dag.py
[2025-10-31T15:19:48.126+0000] {logging_mixin.py:188} INFO - [2025-10-31T15:19:48.125+0000] {dag.py:3036} INFO - Sync 1 DAGs
[2025-10-31T15:19:48.211+0000] {logging_mixin.py:188} INFO - [2025-10-31T15:19:48.210+0000] {dag.py:3823} INFO - Setting next_dagrun for my_dag to None, run_after=None
[2025-10-31T15:19:48.307+0000] {processor.py:183} INFO - Processing /opt/airflow/dags/my_dag.py took 2.079 seconds
[2025-10-31T15:20:18.867+0000] {processor.py:161} INFO - Started process (PID=3265) to work on /opt/airflow/dags/my_dag.py
[2025-10-31T15:20:18.869+0000] {processor.py:830} INFO - Processing file /opt/airflow/dags/my_dag.py for tasks to queue
[2025-10-31T15:20:18.871+0000] {logging_mixin.py:188} INFO - [2025-10-31T15:20:18.871+0000] {dagbag.py:538} INFO - Filling up the DagBag from /opt/airflow/dags/my_dag.py
[2025-10-31T15:20:19.988+0000] {processor.py:840} INFO - DAG(s) 'my_dag' retrieved from /opt/airflow/dags/my_dag.py
[2025-10-31T15:20:20.074+0000] {logging_mixin.py:188} INFO - [2025-10-31T15:20:20.069+0000] {dag.py:3036} INFO - Sync 1 DAGs
[2025-10-31T15:20:20.105+0000] {logging_mixin.py:188} INFO - [2025-10-31T15:20:20.105+0000] {dag.py:3823} INFO - Setting next_dagrun for my_dag to None, run_after=None
[2025-10-31T15:20:20.183+0000] {processor.py:183} INFO - Processing /opt/airflow/dags/my_dag.py took 1.324 seconds
[2025-10-31T15:20:50.611+0000] {processor.py:161} INFO - Started process (PID=3276) to work on /opt/airflow/dags/my_dag.py
[2025-10-31T15:20:50.614+0000] {processor.py:830} INFO - Processing file /opt/airflow/dags/my_dag.py for tasks to queue
[2025-10-31T15:20:50.617+0000] {logging_mixin.py:188} INFO - [2025-10-31T15:20:50.616+0000] {dagbag.py:538} INFO - Filling up the DagBag from /opt/airflow/dags/my_dag.py
[2025-10-31T15:20:51.650+0000] {processor.py:840} INFO - DAG(s) 'my_dag' retrieved from /opt/airflow/dags/my_dag.py
[2025-10-31T15:20:51.723+0000] {logging_mixin.py:188} INFO - [2025-10-31T15:20:51.722+0000] {dag.py:3036} INFO - Sync 1 DAGs
[2025-10-31T15:20:51.754+0000] {logging_mixin.py:188} INFO - [2025-10-31T15:20:51.753+0000] {dag.py:3823} INFO - Setting next_dagrun for my_dag to None, run_after=None
[2025-10-31T15:20:51.813+0000] {processor.py:183} INFO - Processing /opt/airflow/dags/my_dag.py took 1.211 seconds
[2025-10-31T15:21:22.943+0000] {processor.py:161} INFO - Started process (PID=3288) to work on /opt/airflow/dags/my_dag.py
[2025-10-31T15:21:22.946+0000] {processor.py:830} INFO - Processing file /opt/airflow/dags/my_dag.py for tasks to queue
[2025-10-31T15:21:22.948+0000] {logging_mixin.py:188} INFO - [2025-10-31T15:21:22.947+0000] {dagbag.py:538} INFO - Filling up the DagBag from /opt/airflow/dags/my_dag.py
[2025-10-31T15:21:24.030+0000] {processor.py:840} INFO - DAG(s) 'my_dag' retrieved from /opt/airflow/dags/my_dag.py
[2025-10-31T15:21:24.100+0000] {logging_mixin.py:188} INFO - [2025-10-31T15:21:24.099+0000] {dag.py:3036} INFO - Sync 1 DAGs
[2025-10-31T15:21:24.131+0000] {logging_mixin.py:188} INFO - [2025-10-31T15:21:24.130+0000] {dag.py:3823} INFO - Setting next_dagrun for my_dag to None, run_after=None
[2025-10-31T15:21:24.195+0000] {processor.py:183} INFO - Processing /opt/airflow/dags/my_dag.py took 1.262 seconds
[2025-10-31T15:21:54.772+0000] {processor.py:161} INFO - Started process (PID=3300) to work on /opt/airflow/dags/my_dag.py
[2025-10-31T15:21:54.779+0000] {processor.py:830} INFO - Processing file /opt/airflow/dags/my_dag.py for tasks to queue
[2025-10-31T15:21:54.783+0000] {logging_mixin.py:188} INFO - [2025-10-31T15:21:54.781+0000] {dagbag.py:538} INFO - Filling up the DagBag from /opt/airflow/dags/my_dag.py
[2025-10-31T15:21:56.598+0000] {processor.py:840} INFO - DAG(s) 'my_dag' retrieved from /opt/airflow/dags/my_dag.py
[2025-10-31T15:21:56.715+0000] {logging_mixin.py:188} INFO - [2025-10-31T15:21:56.714+0000] {dag.py:3036} INFO - Sync 1 DAGs
[2025-10-31T15:21:56.777+0000] {logging_mixin.py:188} INFO - [2025-10-31T15:21:56.776+0000] {dag.py:3823} INFO - Setting next_dagrun for my_dag to None, run_after=None
[2025-10-31T15:21:56.949+0000] {processor.py:183} INFO - Processing /opt/airflow/dags/my_dag.py took 2.194 seconds
[2025-10-31T15:22:27.432+0000] {processor.py:161} INFO - Started process (PID=3312) to work on /opt/airflow/dags/my_dag.py
[2025-10-31T15:22:27.440+0000] {processor.py:830} INFO - Processing file /opt/airflow/dags/my_dag.py for tasks to queue
[2025-10-31T15:22:27.443+0000] {logging_mixin.py:188} INFO - [2025-10-31T15:22:27.442+0000] {dagbag.py:538} INFO - Filling up the DagBag from /opt/airflow/dags/my_dag.py
[2025-10-31T15:22:29.182+0000] {processor.py:840} INFO - DAG(s) 'my_dag' retrieved from /opt/airflow/dags/my_dag.py
[2025-10-31T15:22:29.372+0000] {logging_mixin.py:188} INFO - [2025-10-31T15:22:29.371+0000] {dag.py:3036} INFO - Sync 1 DAGs
[2025-10-31T15:22:29.445+0000] {logging_mixin.py:188} INFO - [2025-10-31T15:22:29.444+0000] {dag.py:3823} INFO - Setting next_dagrun for my_dag to None, run_after=None
[2025-10-31T15:22:29.546+0000] {processor.py:183} INFO - Processing /opt/airflow/dags/my_dag.py took 2.122 seconds
[2025-10-31T15:22:59.650+0000] {processor.py:161} INFO - Started process (PID=3325) to work on /opt/airflow/dags/my_dag.py
[2025-10-31T15:22:59.654+0000] {processor.py:830} INFO - Processing file /opt/airflow/dags/my_dag.py for tasks to queue
[2025-10-31T15:22:59.658+0000] {logging_mixin.py:188} INFO - [2025-10-31T15:22:59.657+0000] {dagbag.py:538} INFO - Filling up the DagBag from /opt/airflow/dags/my_dag.py
[2025-10-31T15:23:00.747+0000] {processor.py:840} INFO - DAG(s) 'my_dag' retrieved from /opt/airflow/dags/my_dag.py
[2025-10-31T15:23:00.793+0000] {logging_mixin.py:188} INFO - [2025-10-31T15:23:00.792+0000] {dag.py:3036} INFO - Sync 1 DAGs
[2025-10-31T15:23:00.813+0000] {logging_mixin.py:188} INFO - [2025-10-31T15:23:00.813+0000] {dag.py:3823} INFO - Setting next_dagrun for my_dag to None, run_after=None
[2025-10-31T15:23:00.873+0000] {processor.py:183} INFO - Processing /opt/airflow/dags/my_dag.py took 1.231 seconds
[2025-10-31T15:23:32.066+0000] {processor.py:161} INFO - Started process (PID=3336) to work on /opt/airflow/dags/my_dag.py
[2025-10-31T15:23:32.083+0000] {processor.py:830} INFO - Processing file /opt/airflow/dags/my_dag.py for tasks to queue
[2025-10-31T15:23:32.105+0000] {logging_mixin.py:188} INFO - [2025-10-31T15:23:32.103+0000] {dagbag.py:538} INFO - Filling up the DagBag from /opt/airflow/dags/my_dag.py
[2025-10-31T15:23:33.839+0000] {processor.py:840} INFO - DAG(s) 'my_dag' retrieved from /opt/airflow/dags/my_dag.py
[2025-10-31T15:23:33.929+0000] {logging_mixin.py:188} INFO - [2025-10-31T15:23:33.927+0000] {dag.py:3036} INFO - Sync 1 DAGs
[2025-10-31T15:23:33.974+0000] {logging_mixin.py:188} INFO - [2025-10-31T15:23:33.973+0000] {dag.py:3823} INFO - Setting next_dagrun for my_dag to None, run_after=None
[2025-10-31T15:23:34.146+0000] {processor.py:183} INFO - Processing /opt/airflow/dags/my_dag.py took 2.111 seconds
[2025-10-31T15:24:05.071+0000] {processor.py:161} INFO - Started process (PID=3348) to work on /opt/airflow/dags/my_dag.py
[2025-10-31T15:24:05.076+0000] {processor.py:830} INFO - Processing file /opt/airflow/dags/my_dag.py for tasks to queue
[2025-10-31T15:24:05.082+0000] {logging_mixin.py:188} INFO - [2025-10-31T15:24:05.081+0000] {dagbag.py:538} INFO - Filling up the DagBag from /opt/airflow/dags/my_dag.py
[2025-10-31T15:24:06.166+0000] {processor.py:840} INFO - DAG(s) 'my_dag' retrieved from /opt/airflow/dags/my_dag.py
[2025-10-31T15:24:06.224+0000] {logging_mixin.py:188} INFO - [2025-10-31T15:24:06.223+0000] {dag.py:3036} INFO - Sync 1 DAGs
[2025-10-31T15:24:06.246+0000] {logging_mixin.py:188} INFO - [2025-10-31T15:24:06.246+0000] {dag.py:3823} INFO - Setting next_dagrun for my_dag to None, run_after=None
[2025-10-31T15:24:06.292+0000] {processor.py:183} INFO - Processing /opt/airflow/dags/my_dag.py took 1.245 seconds
[2025-10-31T15:24:37.772+0000] {processor.py:161} INFO - Started process (PID=3360) to work on /opt/airflow/dags/my_dag.py
[2025-10-31T15:24:37.776+0000] {processor.py:830} INFO - Processing file /opt/airflow/dags/my_dag.py for tasks to queue
[2025-10-31T15:24:37.789+0000] {logging_mixin.py:188} INFO - [2025-10-31T15:24:37.780+0000] {dagbag.py:538} INFO - Filling up the DagBag from /opt/airflow/dags/my_dag.py
[2025-10-31T15:24:39.046+0000] {processor.py:840} INFO - DAG(s) 'my_dag' retrieved from /opt/airflow/dags/my_dag.py
[2025-10-31T15:24:39.083+0000] {logging_mixin.py:188} INFO - [2025-10-31T15:24:39.082+0000] {dag.py:3036} INFO - Sync 1 DAGs
[2025-10-31T15:24:39.125+0000] {logging_mixin.py:188} INFO - [2025-10-31T15:24:39.124+0000] {dag.py:3823} INFO - Setting next_dagrun for my_dag to None, run_after=None
[2025-10-31T15:24:39.182+0000] {processor.py:183} INFO - Processing /opt/airflow/dags/my_dag.py took 1.423 seconds
[2025-10-31T15:25:10.223+0000] {processor.py:161} INFO - Started process (PID=3372) to work on /opt/airflow/dags/my_dag.py
[2025-10-31T15:25:10.234+0000] {processor.py:830} INFO - Processing file /opt/airflow/dags/my_dag.py for tasks to queue
[2025-10-31T15:25:10.241+0000] {logging_mixin.py:188} INFO - [2025-10-31T15:25:10.240+0000] {dagbag.py:538} INFO - Filling up the DagBag from /opt/airflow/dags/my_dag.py
[2025-10-31T15:25:11.835+0000] {processor.py:840} INFO - DAG(s) 'my_dag' retrieved from /opt/airflow/dags/my_dag.py
[2025-10-31T15:25:11.947+0000] {logging_mixin.py:188} INFO - [2025-10-31T15:25:11.946+0000] {dag.py:3036} INFO - Sync 1 DAGs
[2025-10-31T15:25:11.995+0000] {logging_mixin.py:188} INFO - [2025-10-31T15:25:11.995+0000] {dag.py:3823} INFO - Setting next_dagrun for my_dag to None, run_after=None
[2025-10-31T15:25:12.161+0000] {processor.py:183} INFO - Processing /opt/airflow/dags/my_dag.py took 1.965 seconds
[2025-10-31T15:25:48.601+0000] {processor.py:161} INFO - Started process (PID=3384) to work on /opt/airflow/dags/my_dag.py
[2025-10-31T15:25:48.613+0000] {processor.py:830} INFO - Processing file /opt/airflow/dags/my_dag.py for tasks to queue
[2025-10-31T15:25:48.628+0000] {logging_mixin.py:188} INFO - [2025-10-31T15:25:48.627+0000] {dagbag.py:538} INFO - Filling up the DagBag from /opt/airflow/dags/my_dag.py
[2025-10-31T15:25:51.999+0000] {processor.py:840} INFO - DAG(s) 'my_dag' retrieved from /opt/airflow/dags/my_dag.py
[2025-10-31T15:25:52.184+0000] {logging_mixin.py:188} INFO - [2025-10-31T15:25:52.174+0000] {dag.py:3036} INFO - Sync 1 DAGs
[2025-10-31T15:25:52.289+0000] {logging_mixin.py:188} INFO - [2025-10-31T15:25:52.289+0000] {dag.py:3823} INFO - Setting next_dagrun for my_dag to None, run_after=None
[2025-10-31T15:25:52.536+0000] {processor.py:183} INFO - Processing /opt/airflow/dags/my_dag.py took 3.961 seconds
[2025-10-31T15:26:23.217+0000] {processor.py:161} INFO - Started process (PID=3397) to work on /opt/airflow/dags/my_dag.py
[2025-10-31T15:26:23.220+0000] {processor.py:830} INFO - Processing file /opt/airflow/dags/my_dag.py for tasks to queue
[2025-10-31T15:26:23.223+0000] {logging_mixin.py:188} INFO - [2025-10-31T15:26:23.222+0000] {dagbag.py:538} INFO - Filling up the DagBag from /opt/airflow/dags/my_dag.py
[2025-10-31T15:26:24.672+0000] {processor.py:840} INFO - DAG(s) 'my_dag' retrieved from /opt/airflow/dags/my_dag.py
[2025-10-31T15:26:24.711+0000] {logging_mixin.py:188} INFO - [2025-10-31T15:26:24.710+0000] {dag.py:3036} INFO - Sync 1 DAGs
[2025-10-31T15:26:24.730+0000] {logging_mixin.py:188} INFO - [2025-10-31T15:26:24.730+0000] {dag.py:3823} INFO - Setting next_dagrun for my_dag to None, run_after=None
[2025-10-31T15:26:24.785+0000] {processor.py:183} INFO - Processing /opt/airflow/dags/my_dag.py took 1.580 seconds
[2025-10-31T15:26:55.589+0000] {processor.py:161} INFO - Started process (PID=3408) to work on /opt/airflow/dags/my_dag.py
[2025-10-31T15:26:55.593+0000] {processor.py:830} INFO - Processing file /opt/airflow/dags/my_dag.py for tasks to queue
[2025-10-31T15:26:55.599+0000] {logging_mixin.py:188} INFO - [2025-10-31T15:26:55.598+0000] {dagbag.py:538} INFO - Filling up the DagBag from /opt/airflow/dags/my_dag.py
[2025-10-31T15:26:56.677+0000] {processor.py:840} INFO - DAG(s) 'my_dag' retrieved from /opt/airflow/dags/my_dag.py
[2025-10-31T15:26:56.729+0000] {logging_mixin.py:188} INFO - [2025-10-31T15:26:56.728+0000] {dag.py:3036} INFO - Sync 1 DAGs
[2025-10-31T15:26:56.753+0000] {logging_mixin.py:188} INFO - [2025-10-31T15:26:56.752+0000] {dag.py:3823} INFO - Setting next_dagrun for my_dag to None, run_after=None
[2025-10-31T15:26:56.796+0000] {processor.py:183} INFO - Processing /opt/airflow/dags/my_dag.py took 1.219 seconds
[2025-10-31T15:27:27.748+0000] {processor.py:161} INFO - Started process (PID=3420) to work on /opt/airflow/dags/my_dag.py
[2025-10-31T15:27:27.752+0000] {processor.py:830} INFO - Processing file /opt/airflow/dags/my_dag.py for tasks to queue
[2025-10-31T15:27:27.757+0000] {logging_mixin.py:188} INFO - [2025-10-31T15:27:27.756+0000] {dagbag.py:538} INFO - Filling up the DagBag from /opt/airflow/dags/my_dag.py
[2025-10-31T15:27:28.653+0000] {processor.py:840} INFO - DAG(s) 'my_dag' retrieved from /opt/airflow/dags/my_dag.py
[2025-10-31T15:27:28.696+0000] {logging_mixin.py:188} INFO - [2025-10-31T15:27:28.695+0000] {dag.py:3036} INFO - Sync 1 DAGs
[2025-10-31T15:27:28.715+0000] {logging_mixin.py:188} INFO - [2025-10-31T15:27:28.715+0000] {dag.py:3823} INFO - Setting next_dagrun for my_dag to None, run_after=None
[2025-10-31T15:27:28.750+0000] {processor.py:183} INFO - Processing /opt/airflow/dags/my_dag.py took 1.015 seconds
[2025-10-31T15:27:59.083+0000] {processor.py:161} INFO - Started process (PID=3432) to work on /opt/airflow/dags/my_dag.py
[2025-10-31T15:27:59.085+0000] {processor.py:830} INFO - Processing file /opt/airflow/dags/my_dag.py for tasks to queue
[2025-10-31T15:27:59.089+0000] {logging_mixin.py:188} INFO - [2025-10-31T15:27:59.088+0000] {dagbag.py:538} INFO - Filling up the DagBag from /opt/airflow/dags/my_dag.py
[2025-10-31T15:28:00.944+0000] {processor.py:840} INFO - DAG(s) 'my_dag' retrieved from /opt/airflow/dags/my_dag.py
[2025-10-31T15:28:01.020+0000] {logging_mixin.py:188} INFO - [2025-10-31T15:28:01.019+0000] {dag.py:3036} INFO - Sync 1 DAGs
[2025-10-31T15:28:01.333+0000] {logging_mixin.py:188} INFO - [2025-10-31T15:28:01.332+0000] {dag.py:3823} INFO - Setting next_dagrun for my_dag to None, run_after=None
[2025-10-31T15:28:01.470+0000] {processor.py:183} INFO - Processing /opt/airflow/dags/my_dag.py took 2.394 seconds
[2025-10-31T15:28:31.902+0000] {processor.py:161} INFO - Started process (PID=3444) to work on /opt/airflow/dags/my_dag.py
[2025-10-31T15:28:31.904+0000] {processor.py:830} INFO - Processing file /opt/airflow/dags/my_dag.py for tasks to queue
[2025-10-31T15:28:31.906+0000] {logging_mixin.py:188} INFO - [2025-10-31T15:28:31.906+0000] {dagbag.py:538} INFO - Filling up the DagBag from /opt/airflow/dags/my_dag.py
[2025-10-31T15:28:33.023+0000] {processor.py:840} INFO - DAG(s) 'my_dag' retrieved from /opt/airflow/dags/my_dag.py
[2025-10-31T15:28:33.072+0000] {logging_mixin.py:188} INFO - [2025-10-31T15:28:33.071+0000] {dag.py:3036} INFO - Sync 1 DAGs
[2025-10-31T15:28:33.097+0000] {logging_mixin.py:188} INFO - [2025-10-31T15:28:33.097+0000] {dag.py:3823} INFO - Setting next_dagrun for my_dag to None, run_after=None
[2025-10-31T15:28:33.168+0000] {processor.py:183} INFO - Processing /opt/airflow/dags/my_dag.py took 1.277 seconds
[2025-10-31T15:29:03.443+0000] {processor.py:161} INFO - Started process (PID=3456) to work on /opt/airflow/dags/my_dag.py
[2025-10-31T15:29:03.446+0000] {processor.py:830} INFO - Processing file /opt/airflow/dags/my_dag.py for tasks to queue
[2025-10-31T15:29:03.449+0000] {logging_mixin.py:188} INFO - [2025-10-31T15:29:03.448+0000] {dagbag.py:538} INFO - Filling up the DagBag from /opt/airflow/dags/my_dag.py
[2025-10-31T15:29:04.899+0000] {processor.py:840} INFO - DAG(s) 'my_dag' retrieved from /opt/airflow/dags/my_dag.py
[2025-10-31T15:29:04.990+0000] {logging_mixin.py:188} INFO - [2025-10-31T15:29:04.989+0000] {dag.py:3036} INFO - Sync 1 DAGs
[2025-10-31T15:29:05.040+0000] {logging_mixin.py:188} INFO - [2025-10-31T15:29:05.039+0000] {dag.py:3823} INFO - Setting next_dagrun for my_dag to None, run_after=None
[2025-10-31T15:29:05.096+0000] {processor.py:183} INFO - Processing /opt/airflow/dags/my_dag.py took 1.666 seconds
[2025-10-31T15:29:35.553+0000] {processor.py:161} INFO - Started process (PID=3468) to work on /opt/airflow/dags/my_dag.py
[2025-10-31T15:29:35.556+0000] {processor.py:830} INFO - Processing file /opt/airflow/dags/my_dag.py for tasks to queue
[2025-10-31T15:29:35.558+0000] {logging_mixin.py:188} INFO - [2025-10-31T15:29:35.557+0000] {dagbag.py:538} INFO - Filling up the DagBag from /opt/airflow/dags/my_dag.py
[2025-10-31T15:29:36.498+0000] {processor.py:840} INFO - DAG(s) 'my_dag' retrieved from /opt/airflow/dags/my_dag.py
[2025-10-31T15:29:36.593+0000] {logging_mixin.py:188} INFO - [2025-10-31T15:29:36.590+0000] {dag.py:3036} INFO - Sync 1 DAGs
[2025-10-31T15:29:36.632+0000] {logging_mixin.py:188} INFO - [2025-10-31T15:29:36.631+0000] {dag.py:3823} INFO - Setting next_dagrun for my_dag to None, run_after=None
[2025-10-31T15:29:36.717+0000] {processor.py:183} INFO - Processing /opt/airflow/dags/my_dag.py took 1.171 seconds
[2025-10-31T15:30:08.220+0000] {processor.py:161} INFO - Started process (PID=3480) to work on /opt/airflow/dags/my_dag.py
[2025-10-31T15:30:08.221+0000] {processor.py:830} INFO - Processing file /opt/airflow/dags/my_dag.py for tasks to queue
[2025-10-31T15:30:08.226+0000] {logging_mixin.py:188} INFO - [2025-10-31T15:30:08.225+0000] {dagbag.py:538} INFO - Filling up the DagBag from /opt/airflow/dags/my_dag.py
[2025-10-31T15:30:09.461+0000] {processor.py:840} INFO - DAG(s) 'my_dag' retrieved from /opt/airflow/dags/my_dag.py
[2025-10-31T15:30:09.511+0000] {logging_mixin.py:188} INFO - [2025-10-31T15:30:09.510+0000] {dag.py:3036} INFO - Sync 1 DAGs
[2025-10-31T15:30:09.532+0000] {logging_mixin.py:188} INFO - [2025-10-31T15:30:09.532+0000] {dag.py:3823} INFO - Setting next_dagrun for my_dag to None, run_after=None
[2025-10-31T15:30:09.564+0000] {processor.py:183} INFO - Processing /opt/airflow/dags/my_dag.py took 1.364 seconds
[2025-10-31T15:30:39.714+0000] {processor.py:161} INFO - Started process (PID=3492) to work on /opt/airflow/dags/my_dag.py
[2025-10-31T15:30:39.716+0000] {processor.py:830} INFO - Processing file /opt/airflow/dags/my_dag.py for tasks to queue
[2025-10-31T15:30:39.718+0000] {logging_mixin.py:188} INFO - [2025-10-31T15:30:39.717+0000] {dagbag.py:538} INFO - Filling up the DagBag from /opt/airflow/dags/my_dag.py
[2025-10-31T15:30:41.030+0000] {processor.py:840} INFO - DAG(s) 'my_dag' retrieved from /opt/airflow/dags/my_dag.py
[2025-10-31T15:30:41.101+0000] {logging_mixin.py:188} INFO - [2025-10-31T15:30:41.100+0000] {dag.py:3036} INFO - Sync 1 DAGs
[2025-10-31T15:30:41.132+0000] {logging_mixin.py:188} INFO - [2025-10-31T15:30:41.131+0000] {dag.py:3823} INFO - Setting next_dagrun for my_dag to None, run_after=None
[2025-10-31T15:30:41.209+0000] {processor.py:183} INFO - Processing /opt/airflow/dags/my_dag.py took 1.501 seconds
[2025-10-31T15:31:11.858+0000] {processor.py:161} INFO - Started process (PID=3504) to work on /opt/airflow/dags/my_dag.py
[2025-10-31T15:31:11.860+0000] {processor.py:830} INFO - Processing file /opt/airflow/dags/my_dag.py for tasks to queue
[2025-10-31T15:31:11.862+0000] {logging_mixin.py:188} INFO - [2025-10-31T15:31:11.861+0000] {dagbag.py:538} INFO - Filling up the DagBag from /opt/airflow/dags/my_dag.py
[2025-10-31T15:31:12.844+0000] {processor.py:840} INFO - DAG(s) 'my_dag' retrieved from /opt/airflow/dags/my_dag.py
[2025-10-31T15:31:13.018+0000] {logging_mixin.py:188} INFO - [2025-10-31T15:31:13.017+0000] {dag.py:3036} INFO - Sync 1 DAGs
[2025-10-31T15:31:13.102+0000] {logging_mixin.py:188} INFO - [2025-10-31T15:31:13.102+0000] {dag.py:3823} INFO - Setting next_dagrun for my_dag to None, run_after=None
[2025-10-31T15:31:13.184+0000] {processor.py:183} INFO - Processing /opt/airflow/dags/my_dag.py took 1.333 seconds
[2025-10-31T15:31:43.579+0000] {processor.py:161} INFO - Started process (PID=3516) to work on /opt/airflow/dags/my_dag.py
[2025-10-31T15:31:43.581+0000] {processor.py:830} INFO - Processing file /opt/airflow/dags/my_dag.py for tasks to queue
[2025-10-31T15:31:43.584+0000] {logging_mixin.py:188} INFO - [2025-10-31T15:31:43.583+0000] {dagbag.py:538} INFO - Filling up the DagBag from /opt/airflow/dags/my_dag.py
[2025-10-31T15:31:44.573+0000] {processor.py:840} INFO - DAG(s) 'my_dag' retrieved from /opt/airflow/dags/my_dag.py
[2025-10-31T15:31:44.625+0000] {logging_mixin.py:188} INFO - [2025-10-31T15:31:44.624+0000] {dag.py:3036} INFO - Sync 1 DAGs
[2025-10-31T15:31:44.643+0000] {logging_mixin.py:188} INFO - [2025-10-31T15:31:44.642+0000] {dag.py:3823} INFO - Setting next_dagrun for my_dag to None, run_after=None
[2025-10-31T15:31:44.715+0000] {processor.py:183} INFO - Processing /opt/airflow/dags/my_dag.py took 1.144 seconds
[2025-10-31T15:32:16.053+0000] {processor.py:161} INFO - Started process (PID=3527) to work on /opt/airflow/dags/my_dag.py
[2025-10-31T15:32:16.055+0000] {processor.py:830} INFO - Processing file /opt/airflow/dags/my_dag.py for tasks to queue
[2025-10-31T15:32:16.057+0000] {logging_mixin.py:188} INFO - [2025-10-31T15:32:16.057+0000] {dagbag.py:538} INFO - Filling up the DagBag from /opt/airflow/dags/my_dag.py
[2025-10-31T15:32:17.089+0000] {processor.py:840} INFO - DAG(s) 'my_dag' retrieved from /opt/airflow/dags/my_dag.py
[2025-10-31T15:32:17.148+0000] {logging_mixin.py:188} INFO - [2025-10-31T15:32:17.147+0000] {dag.py:3036} INFO - Sync 1 DAGs
[2025-10-31T15:32:17.166+0000] {logging_mixin.py:188} INFO - [2025-10-31T15:32:17.166+0000] {dag.py:3823} INFO - Setting next_dagrun for my_dag to None, run_after=None
[2025-10-31T15:32:17.207+0000] {processor.py:183} INFO - Processing /opt/airflow/dags/my_dag.py took 1.164 seconds
[2025-10-31T15:32:48.589+0000] {processor.py:161} INFO - Started process (PID=3539) to work on /opt/airflow/dags/my_dag.py
[2025-10-31T15:32:48.593+0000] {processor.py:830} INFO - Processing file /opt/airflow/dags/my_dag.py for tasks to queue
[2025-10-31T15:32:48.595+0000] {logging_mixin.py:188} INFO - [2025-10-31T15:32:48.595+0000] {dagbag.py:538} INFO - Filling up the DagBag from /opt/airflow/dags/my_dag.py
[2025-10-31T15:32:49.554+0000] {processor.py:840} INFO - DAG(s) 'my_dag' retrieved from /opt/airflow/dags/my_dag.py
[2025-10-31T15:32:49.592+0000] {logging_mixin.py:188} INFO - [2025-10-31T15:32:49.592+0000] {dag.py:3036} INFO - Sync 1 DAGs
[2025-10-31T15:32:49.609+0000] {logging_mixin.py:188} INFO - [2025-10-31T15:32:49.609+0000] {dag.py:3823} INFO - Setting next_dagrun for my_dag to None, run_after=None
[2025-10-31T15:32:49.677+0000] {processor.py:183} INFO - Processing /opt/airflow/dags/my_dag.py took 1.097 seconds
[2025-10-31T15:33:21.822+0000] {processor.py:161} INFO - Started process (PID=3551) to work on /opt/airflow/dags/my_dag.py
[2025-10-31T15:33:21.825+0000] {processor.py:830} INFO - Processing file /opt/airflow/dags/my_dag.py for tasks to queue
[2025-10-31T15:33:21.828+0000] {logging_mixin.py:188} INFO - [2025-10-31T15:33:21.827+0000] {dagbag.py:538} INFO - Filling up the DagBag from /opt/airflow/dags/my_dag.py
[2025-10-31T15:33:22.916+0000] {processor.py:840} INFO - DAG(s) 'my_dag' retrieved from /opt/airflow/dags/my_dag.py
[2025-10-31T15:33:22.962+0000] {logging_mixin.py:188} INFO - [2025-10-31T15:33:22.962+0000] {dag.py:3036} INFO - Sync 1 DAGs
[2025-10-31T15:33:22.979+0000] {logging_mixin.py:188} INFO - [2025-10-31T15:33:22.978+0000] {dag.py:3823} INFO - Setting next_dagrun for my_dag to None, run_after=None
[2025-10-31T15:33:23.030+0000] {processor.py:183} INFO - Processing /opt/airflow/dags/my_dag.py took 1.218 seconds
[2025-10-31T15:33:54.144+0000] {processor.py:161} INFO - Started process (PID=3563) to work on /opt/airflow/dags/my_dag.py
[2025-10-31T15:33:54.147+0000] {processor.py:830} INFO - Processing file /opt/airflow/dags/my_dag.py for tasks to queue
[2025-10-31T15:33:54.149+0000] {logging_mixin.py:188} INFO - [2025-10-31T15:33:54.148+0000] {dagbag.py:538} INFO - Filling up the DagBag from /opt/airflow/dags/my_dag.py
[2025-10-31T15:33:55.227+0000] {processor.py:840} INFO - DAG(s) 'my_dag' retrieved from /opt/airflow/dags/my_dag.py
[2025-10-31T15:33:55.263+0000] {logging_mixin.py:188} INFO - [2025-10-31T15:33:55.262+0000] {dag.py:3036} INFO - Sync 1 DAGs
[2025-10-31T15:33:55.280+0000] {logging_mixin.py:188} INFO - [2025-10-31T15:33:55.280+0000] {dag.py:3823} INFO - Setting next_dagrun for my_dag to None, run_after=None
[2025-10-31T15:33:55.324+0000] {processor.py:183} INFO - Processing /opt/airflow/dags/my_dag.py took 1.190 seconds
[2025-10-31T15:34:27.255+0000] {processor.py:161} INFO - Started process (PID=3575) to work on /opt/airflow/dags/my_dag.py
[2025-10-31T15:34:27.272+0000] {processor.py:830} INFO - Processing file /opt/airflow/dags/my_dag.py for tasks to queue
[2025-10-31T15:34:27.278+0000] {logging_mixin.py:188} INFO - [2025-10-31T15:34:27.276+0000] {dagbag.py:538} INFO - Filling up the DagBag from /opt/airflow/dags/my_dag.py
[2025-10-31T15:34:28.812+0000] {processor.py:840} INFO - DAG(s) 'my_dag' retrieved from /opt/airflow/dags/my_dag.py
[2025-10-31T15:34:28.855+0000] {logging_mixin.py:188} INFO - [2025-10-31T15:34:28.853+0000] {dag.py:3036} INFO - Sync 1 DAGs
[2025-10-31T15:34:28.871+0000] {logging_mixin.py:188} INFO - [2025-10-31T15:34:28.871+0000] {dag.py:3823} INFO - Setting next_dagrun for my_dag to None, run_after=None
[2025-10-31T15:34:28.904+0000] {processor.py:183} INFO - Processing /opt/airflow/dags/my_dag.py took 1.669 seconds
[2025-10-31T15:34:59.976+0000] {processor.py:161} INFO - Started process (PID=3588) to work on /opt/airflow/dags/my_dag.py
[2025-10-31T15:34:59.979+0000] {processor.py:830} INFO - Processing file /opt/airflow/dags/my_dag.py for tasks to queue
[2025-10-31T15:34:59.981+0000] {logging_mixin.py:188} INFO - [2025-10-31T15:34:59.980+0000] {dagbag.py:538} INFO - Filling up the DagBag from /opt/airflow/dags/my_dag.py
[2025-10-31T15:35:01.114+0000] {processor.py:840} INFO - DAG(s) 'my_dag' retrieved from /opt/airflow/dags/my_dag.py
[2025-10-31T15:35:01.173+0000] {logging_mixin.py:188} INFO - [2025-10-31T15:35:01.172+0000] {dag.py:3036} INFO - Sync 1 DAGs
[2025-10-31T15:35:01.214+0000] {logging_mixin.py:188} INFO - [2025-10-31T15:35:01.214+0000] {dag.py:3823} INFO - Setting next_dagrun for my_dag to None, run_after=None
[2025-10-31T15:35:01.291+0000] {processor.py:183} INFO - Processing /opt/airflow/dags/my_dag.py took 1.329 seconds
[2025-10-31T15:35:32.878+0000] {processor.py:161} INFO - Started process (PID=3600) to work on /opt/airflow/dags/my_dag.py
[2025-10-31T15:35:32.881+0000] {processor.py:830} INFO - Processing file /opt/airflow/dags/my_dag.py for tasks to queue
[2025-10-31T15:35:32.889+0000] {logging_mixin.py:188} INFO - [2025-10-31T15:35:32.888+0000] {dagbag.py:538} INFO - Filling up the DagBag from /opt/airflow/dags/my_dag.py
[2025-10-31T15:35:36.143+0000] {processor.py:840} INFO - DAG(s) 'my_dag' retrieved from /opt/airflow/dags/my_dag.py
[2025-10-31T15:35:36.234+0000] {logging_mixin.py:188} INFO - [2025-10-31T15:35:36.232+0000] {dag.py:3036} INFO - Sync 1 DAGs
[2025-10-31T15:35:36.267+0000] {logging_mixin.py:188} INFO - [2025-10-31T15:35:36.266+0000] {dag.py:3823} INFO - Setting next_dagrun for my_dag to None, run_after=None
[2025-10-31T15:35:36.336+0000] {processor.py:183} INFO - Processing /opt/airflow/dags/my_dag.py took 3.475 seconds
[2025-10-31T15:36:06.716+0000] {processor.py:161} INFO - Started process (PID=3613) to work on /opt/airflow/dags/my_dag.py
[2025-10-31T15:36:06.720+0000] {processor.py:830} INFO - Processing file /opt/airflow/dags/my_dag.py for tasks to queue
[2025-10-31T15:36:06.725+0000] {logging_mixin.py:188} INFO - [2025-10-31T15:36:06.723+0000] {dagbag.py:538} INFO - Filling up the DagBag from /opt/airflow/dags/my_dag.py
[2025-10-31T15:36:10.083+0000] {processor.py:840} INFO - DAG(s) 'my_dag' retrieved from /opt/airflow/dags/my_dag.py
[2025-10-31T15:36:10.186+0000] {logging_mixin.py:188} INFO - [2025-10-31T15:36:10.184+0000] {dag.py:3036} INFO - Sync 1 DAGs
[2025-10-31T15:36:10.257+0000] {logging_mixin.py:188} INFO - [2025-10-31T15:36:10.256+0000] {dag.py:3823} INFO - Setting next_dagrun for my_dag to None, run_after=None
[2025-10-31T15:36:10.352+0000] {processor.py:183} INFO - Processing /opt/airflow/dags/my_dag.py took 3.655 seconds
[2025-10-31T15:36:41.007+0000] {processor.py:161} INFO - Started process (PID=3625) to work on /opt/airflow/dags/my_dag.py
[2025-10-31T15:36:41.011+0000] {processor.py:830} INFO - Processing file /opt/airflow/dags/my_dag.py for tasks to queue
[2025-10-31T15:36:41.014+0000] {logging_mixin.py:188} INFO - [2025-10-31T15:36:41.013+0000] {dagbag.py:538} INFO - Filling up the DagBag from /opt/airflow/dags/my_dag.py
[2025-10-31T15:36:43.538+0000] {processor.py:840} INFO - DAG(s) 'my_dag' retrieved from /opt/airflow/dags/my_dag.py
[2025-10-31T15:36:43.716+0000] {logging_mixin.py:188} INFO - [2025-10-31T15:36:43.715+0000] {dag.py:3036} INFO - Sync 1 DAGs
[2025-10-31T15:36:43.777+0000] {logging_mixin.py:188} INFO - [2025-10-31T15:36:43.776+0000] {dag.py:3823} INFO - Setting next_dagrun for my_dag to None, run_after=None
[2025-10-31T15:36:43.926+0000] {processor.py:183} INFO - Processing /opt/airflow/dags/my_dag.py took 2.936 seconds
[2025-10-31T15:37:14.976+0000] {processor.py:161} INFO - Started process (PID=3637) to work on /opt/airflow/dags/my_dag.py
[2025-10-31T15:37:14.979+0000] {processor.py:830} INFO - Processing file /opt/airflow/dags/my_dag.py for tasks to queue
[2025-10-31T15:37:14.982+0000] {logging_mixin.py:188} INFO - [2025-10-31T15:37:14.981+0000] {dagbag.py:538} INFO - Filling up the DagBag from /opt/airflow/dags/my_dag.py
[2025-10-31T15:37:16.550+0000] {processor.py:840} INFO - DAG(s) 'my_dag' retrieved from /opt/airflow/dags/my_dag.py
[2025-10-31T15:37:16.650+0000] {logging_mixin.py:188} INFO - [2025-10-31T15:37:16.647+0000] {dag.py:3036} INFO - Sync 1 DAGs
[2025-10-31T15:37:16.732+0000] {logging_mixin.py:188} INFO - [2025-10-31T15:37:16.732+0000] {dag.py:3823} INFO - Setting next_dagrun for my_dag to None, run_after=None
[2025-10-31T15:37:16.836+0000] {processor.py:183} INFO - Processing /opt/airflow/dags/my_dag.py took 1.873 seconds
[2025-10-31T15:37:47.376+0000] {processor.py:161} INFO - Started process (PID=3649) to work on /opt/airflow/dags/my_dag.py
[2025-10-31T15:37:47.379+0000] {processor.py:830} INFO - Processing file /opt/airflow/dags/my_dag.py for tasks to queue
[2025-10-31T15:37:47.381+0000] {logging_mixin.py:188} INFO - [2025-10-31T15:37:47.380+0000] {dagbag.py:538} INFO - Filling up the DagBag from /opt/airflow/dags/my_dag.py
[2025-10-31T15:37:49.166+0000] {processor.py:840} INFO - DAG(s) 'my_dag' retrieved from /opt/airflow/dags/my_dag.py
[2025-10-31T15:37:49.235+0000] {logging_mixin.py:188} INFO - [2025-10-31T15:37:49.233+0000] {dag.py:3036} INFO - Sync 1 DAGs
[2025-10-31T15:37:49.276+0000] {logging_mixin.py:188} INFO - [2025-10-31T15:37:49.276+0000] {dag.py:3823} INFO - Setting next_dagrun for my_dag to None, run_after=None
[2025-10-31T15:37:49.355+0000] {processor.py:183} INFO - Processing /opt/airflow/dags/my_dag.py took 1.991 seconds
[2025-10-31T15:38:20.061+0000] {processor.py:161} INFO - Started process (PID=3660) to work on /opt/airflow/dags/my_dag.py
[2025-10-31T15:38:20.068+0000] {processor.py:830} INFO - Processing file /opt/airflow/dags/my_dag.py for tasks to queue
[2025-10-31T15:38:20.071+0000] {logging_mixin.py:188} INFO - [2025-10-31T15:38:20.070+0000] {dagbag.py:538} INFO - Filling up the DagBag from /opt/airflow/dags/my_dag.py
[2025-10-31T15:38:22.060+0000] {processor.py:840} INFO - DAG(s) 'my_dag' retrieved from /opt/airflow/dags/my_dag.py
[2025-10-31T15:38:22.185+0000] {logging_mixin.py:188} INFO - [2025-10-31T15:38:22.183+0000] {dag.py:3036} INFO - Sync 1 DAGs
[2025-10-31T15:38:22.241+0000] {logging_mixin.py:188} INFO - [2025-10-31T15:38:22.240+0000] {dag.py:3823} INFO - Setting next_dagrun for my_dag to None, run_after=None
[2025-10-31T15:38:22.344+0000] {processor.py:183} INFO - Processing /opt/airflow/dags/my_dag.py took 2.303 seconds
[2025-10-31T15:38:52.662+0000] {processor.py:161} INFO - Started process (PID=3671) to work on /opt/airflow/dags/my_dag.py
[2025-10-31T15:38:52.671+0000] {processor.py:830} INFO - Processing file /opt/airflow/dags/my_dag.py for tasks to queue
[2025-10-31T15:38:52.676+0000] {logging_mixin.py:188} INFO - [2025-10-31T15:38:52.674+0000] {dagbag.py:538} INFO - Filling up the DagBag from /opt/airflow/dags/my_dag.py
[2025-10-31T15:38:54.829+0000] {processor.py:840} INFO - DAG(s) 'my_dag' retrieved from /opt/airflow/dags/my_dag.py
[2025-10-31T15:38:54.994+0000] {logging_mixin.py:188} INFO - [2025-10-31T15:38:54.992+0000] {dag.py:3036} INFO - Sync 1 DAGs
[2025-10-31T15:38:55.077+0000] {logging_mixin.py:188} INFO - [2025-10-31T15:38:55.076+0000] {dag.py:3823} INFO - Setting next_dagrun for my_dag to None, run_after=None
[2025-10-31T15:38:55.361+0000] {processor.py:183} INFO - Processing /opt/airflow/dags/my_dag.py took 2.717 seconds
[2025-10-31T15:39:26.159+0000] {processor.py:161} INFO - Started process (PID=3683) to work on /opt/airflow/dags/my_dag.py
[2025-10-31T15:39:26.166+0000] {processor.py:830} INFO - Processing file /opt/airflow/dags/my_dag.py for tasks to queue
[2025-10-31T15:39:26.169+0000] {logging_mixin.py:188} INFO - [2025-10-31T15:39:26.168+0000] {dagbag.py:538} INFO - Filling up the DagBag from /opt/airflow/dags/my_dag.py
[2025-10-31T15:39:29.029+0000] {processor.py:840} INFO - DAG(s) 'my_dag' retrieved from /opt/airflow/dags/my_dag.py
[2025-10-31T15:39:29.121+0000] {logging_mixin.py:188} INFO - [2025-10-31T15:39:29.120+0000] {dag.py:3036} INFO - Sync 1 DAGs
[2025-10-31T15:39:29.164+0000] {logging_mixin.py:188} INFO - [2025-10-31T15:39:29.163+0000] {dag.py:3823} INFO - Setting next_dagrun for my_dag to None, run_after=None
[2025-10-31T15:39:29.244+0000] {processor.py:183} INFO - Processing /opt/airflow/dags/my_dag.py took 3.100 seconds
[2025-10-31T15:40:00.335+0000] {processor.py:161} INFO - Started process (PID=3695) to work on /opt/airflow/dags/my_dag.py
[2025-10-31T15:40:00.341+0000] {processor.py:830} INFO - Processing file /opt/airflow/dags/my_dag.py for tasks to queue
[2025-10-31T15:40:00.350+0000] {logging_mixin.py:188} INFO - [2025-10-31T15:40:00.348+0000] {dagbag.py:538} INFO - Filling up the DagBag from /opt/airflow/dags/my_dag.py
[2025-10-31T15:40:02.651+0000] {processor.py:840} INFO - DAG(s) 'my_dag' retrieved from /opt/airflow/dags/my_dag.py
[2025-10-31T15:40:02.786+0000] {logging_mixin.py:188} INFO - [2025-10-31T15:40:02.782+0000] {dag.py:3036} INFO - Sync 1 DAGs
[2025-10-31T15:40:02.880+0000] {logging_mixin.py:188} INFO - [2025-10-31T15:40:02.879+0000] {dag.py:3823} INFO - Setting next_dagrun for my_dag to None, run_after=None
[2025-10-31T15:40:02.959+0000] {processor.py:183} INFO - Processing /opt/airflow/dags/my_dag.py took 2.643 seconds
[2025-10-31T15:40:33.637+0000] {processor.py:161} INFO - Started process (PID=3706) to work on /opt/airflow/dags/my_dag.py
[2025-10-31T15:40:33.641+0000] {processor.py:830} INFO - Processing file /opt/airflow/dags/my_dag.py for tasks to queue
[2025-10-31T15:40:33.643+0000] {logging_mixin.py:188} INFO - [2025-10-31T15:40:33.643+0000] {dagbag.py:538} INFO - Filling up the DagBag from /opt/airflow/dags/my_dag.py
[2025-10-31T15:40:34.975+0000] {processor.py:840} INFO - DAG(s) 'my_dag' retrieved from /opt/airflow/dags/my_dag.py
[2025-10-31T15:40:35.028+0000] {logging_mixin.py:188} INFO - [2025-10-31T15:40:35.027+0000] {dag.py:3036} INFO - Sync 1 DAGs
[2025-10-31T15:40:35.057+0000] {logging_mixin.py:188} INFO - [2025-10-31T15:40:35.056+0000] {dag.py:3823} INFO - Setting next_dagrun for my_dag to None, run_after=None
[2025-10-31T15:40:35.114+0000] {processor.py:183} INFO - Processing /opt/airflow/dags/my_dag.py took 1.489 seconds
[2025-10-31T15:41:06.007+0000] {processor.py:161} INFO - Started process (PID=3717) to work on /opt/airflow/dags/my_dag.py
[2025-10-31T15:41:06.012+0000] {processor.py:830} INFO - Processing file /opt/airflow/dags/my_dag.py for tasks to queue
[2025-10-31T15:41:06.016+0000] {logging_mixin.py:188} INFO - [2025-10-31T15:41:06.015+0000] {dagbag.py:538} INFO - Filling up the DagBag from /opt/airflow/dags/my_dag.py
[2025-10-31T15:41:09.756+0000] {processor.py:840} INFO - DAG(s) 'my_dag' retrieved from /opt/airflow/dags/my_dag.py
[2025-10-31T15:41:09.990+0000] {logging_mixin.py:188} INFO - [2025-10-31T15:41:09.976+0000] {dag.py:3036} INFO - Sync 1 DAGs
[2025-10-31T15:41:10.218+0000] {logging_mixin.py:188} INFO - [2025-10-31T15:41:10.208+0000] {dag.py:3823} INFO - Setting next_dagrun for my_dag to None, run_after=None
[2025-10-31T15:41:10.594+0000] {processor.py:183} INFO - Processing /opt/airflow/dags/my_dag.py took 4.634 seconds
[2025-10-31T15:41:41.162+0000] {processor.py:161} INFO - Started process (PID=3729) to work on /opt/airflow/dags/my_dag.py
[2025-10-31T15:41:41.167+0000] {processor.py:830} INFO - Processing file /opt/airflow/dags/my_dag.py for tasks to queue
[2025-10-31T15:41:41.170+0000] {logging_mixin.py:188} INFO - [2025-10-31T15:41:41.169+0000] {dagbag.py:538} INFO - Filling up the DagBag from /opt/airflow/dags/my_dag.py
[2025-10-31T15:41:43.828+0000] {processor.py:840} INFO - DAG(s) 'my_dag' retrieved from /opt/airflow/dags/my_dag.py
[2025-10-31T15:41:43.970+0000] {logging_mixin.py:188} INFO - [2025-10-31T15:41:43.969+0000] {dag.py:3036} INFO - Sync 1 DAGs
[2025-10-31T15:41:44.060+0000] {logging_mixin.py:188} INFO - [2025-10-31T15:41:44.059+0000] {dag.py:3823} INFO - Setting next_dagrun for my_dag to None, run_after=None
[2025-10-31T15:41:44.316+0000] {processor.py:183} INFO - Processing /opt/airflow/dags/my_dag.py took 3.171 seconds
[2025-10-31T15:42:15.293+0000] {processor.py:161} INFO - Started process (PID=3740) to work on /opt/airflow/dags/my_dag.py
[2025-10-31T15:42:15.296+0000] {processor.py:830} INFO - Processing file /opt/airflow/dags/my_dag.py for tasks to queue
[2025-10-31T15:42:15.305+0000] {logging_mixin.py:188} INFO - [2025-10-31T15:42:15.300+0000] {dagbag.py:538} INFO - Filling up the DagBag from /opt/airflow/dags/my_dag.py
[2025-10-31T15:42:18.679+0000] {processor.py:840} INFO - DAG(s) 'my_dag' retrieved from /opt/airflow/dags/my_dag.py
[2025-10-31T15:42:18.751+0000] {logging_mixin.py:188} INFO - [2025-10-31T15:42:18.749+0000] {dag.py:3036} INFO - Sync 1 DAGs
[2025-10-31T15:42:18.778+0000] {logging_mixin.py:188} INFO - [2025-10-31T15:42:18.778+0000] {dag.py:3823} INFO - Setting next_dagrun for my_dag to None, run_after=None
[2025-10-31T15:42:18.827+0000] {processor.py:183} INFO - Processing /opt/airflow/dags/my_dag.py took 3.556 seconds
[2025-10-31T15:42:49.245+0000] {processor.py:161} INFO - Started process (PID=3752) to work on /opt/airflow/dags/my_dag.py
[2025-10-31T15:42:49.247+0000] {processor.py:830} INFO - Processing file /opt/airflow/dags/my_dag.py for tasks to queue
[2025-10-31T15:42:49.251+0000] {logging_mixin.py:188} INFO - [2025-10-31T15:42:49.250+0000] {dagbag.py:538} INFO - Filling up the DagBag from /opt/airflow/dags/my_dag.py
[2025-10-31T15:42:51.509+0000] {processor.py:840} INFO - DAG(s) 'my_dag' retrieved from /opt/airflow/dags/my_dag.py
[2025-10-31T15:42:51.587+0000] {logging_mixin.py:188} INFO - [2025-10-31T15:42:51.586+0000] {dag.py:3036} INFO - Sync 1 DAGs
[2025-10-31T15:42:51.619+0000] {logging_mixin.py:188} INFO - [2025-10-31T15:42:51.618+0000] {dag.py:3823} INFO - Setting next_dagrun for my_dag to None, run_after=None
[2025-10-31T15:42:51.679+0000] {processor.py:183} INFO - Processing /opt/airflow/dags/my_dag.py took 2.449 seconds
[2025-10-31T15:43:21.991+0000] {processor.py:161} INFO - Started process (PID=3764) to work on /opt/airflow/dags/my_dag.py
[2025-10-31T15:43:22.042+0000] {processor.py:830} INFO - Processing file /opt/airflow/dags/my_dag.py for tasks to queue
[2025-10-31T15:43:22.051+0000] {logging_mixin.py:188} INFO - [2025-10-31T15:43:22.050+0000] {dagbag.py:538} INFO - Filling up the DagBag from /opt/airflow/dags/my_dag.py
[2025-10-31T15:43:25.654+0000] {processor.py:840} INFO - DAG(s) 'my_dag' retrieved from /opt/airflow/dags/my_dag.py
[2025-10-31T15:43:25.737+0000] {logging_mixin.py:188} INFO - [2025-10-31T15:43:25.735+0000] {dag.py:3036} INFO - Sync 1 DAGs
[2025-10-31T15:43:25.766+0000] {logging_mixin.py:188} INFO - [2025-10-31T15:43:25.766+0000] {dag.py:3823} INFO - Setting next_dagrun for my_dag to None, run_after=None
[2025-10-31T15:43:25.839+0000] {processor.py:183} INFO - Processing /opt/airflow/dags/my_dag.py took 3.883 seconds
[2025-10-31T15:43:56.144+0000] {processor.py:161} INFO - Started process (PID=3776) to work on /opt/airflow/dags/my_dag.py
[2025-10-31T15:43:56.147+0000] {processor.py:830} INFO - Processing file /opt/airflow/dags/my_dag.py for tasks to queue
[2025-10-31T15:43:56.151+0000] {logging_mixin.py:188} INFO - [2025-10-31T15:43:56.150+0000] {dagbag.py:538} INFO - Filling up the DagBag from /opt/airflow/dags/my_dag.py
[2025-10-31T15:43:58.930+0000] {processor.py:840} INFO - DAG(s) 'my_dag' retrieved from /opt/airflow/dags/my_dag.py
[2025-10-31T15:43:59.036+0000] {logging_mixin.py:188} INFO - [2025-10-31T15:43:59.034+0000] {dag.py:3036} INFO - Sync 1 DAGs
[2025-10-31T15:43:59.093+0000] {logging_mixin.py:188} INFO - [2025-10-31T15:43:59.092+0000] {dag.py:3823} INFO - Setting next_dagrun for my_dag to None, run_after=None
[2025-10-31T15:43:59.232+0000] {processor.py:183} INFO - Processing /opt/airflow/dags/my_dag.py took 3.100 seconds
[2025-10-31T15:44:29.813+0000] {processor.py:161} INFO - Started process (PID=3789) to work on /opt/airflow/dags/my_dag.py
[2025-10-31T15:44:29.819+0000] {processor.py:830} INFO - Processing file /opt/airflow/dags/my_dag.py for tasks to queue
[2025-10-31T15:44:29.830+0000] {logging_mixin.py:188} INFO - [2025-10-31T15:44:29.822+0000] {dagbag.py:538} INFO - Filling up the DagBag from /opt/airflow/dags/my_dag.py
[2025-10-31T15:44:32.204+0000] {processor.py:840} INFO - DAG(s) 'my_dag' retrieved from /opt/airflow/dags/my_dag.py
[2025-10-31T15:44:32.277+0000] {logging_mixin.py:188} INFO - [2025-10-31T15:44:32.276+0000] {dag.py:3036} INFO - Sync 1 DAGs
[2025-10-31T15:44:32.314+0000] {logging_mixin.py:188} INFO - [2025-10-31T15:44:32.314+0000] {dag.py:3823} INFO - Setting next_dagrun for my_dag to None, run_after=None
[2025-10-31T15:44:32.383+0000] {processor.py:183} INFO - Processing /opt/airflow/dags/my_dag.py took 2.593 seconds
[2025-10-31T15:45:04.377+0000] {processor.py:161} INFO - Started process (PID=3801) to work on /opt/airflow/dags/my_dag.py
[2025-10-31T15:45:04.440+0000] {processor.py:830} INFO - Processing file /opt/airflow/dags/my_dag.py for tasks to queue
[2025-10-31T15:45:04.453+0000] {logging_mixin.py:188} INFO - [2025-10-31T15:45:04.452+0000] {dagbag.py:538} INFO - Filling up the DagBag from /opt/airflow/dags/my_dag.py
[2025-10-31T15:45:12.173+0000] {processor.py:840} INFO - DAG(s) 'my_dag' retrieved from /opt/airflow/dags/my_dag.py
[2025-10-31T15:45:12.390+0000] {logging_mixin.py:188} INFO - [2025-10-31T15:45:12.388+0000] {dag.py:3036} INFO - Sync 1 DAGs
[2025-10-31T15:45:12.492+0000] {logging_mixin.py:188} INFO - [2025-10-31T15:45:12.492+0000] {dag.py:3823} INFO - Setting next_dagrun for my_dag to None, run_after=None
[2025-10-31T15:45:12.741+0000] {processor.py:183} INFO - Processing /opt/airflow/dags/my_dag.py took 8.405 seconds
[2025-10-31T15:45:44.561+0000] {processor.py:161} INFO - Started process (PID=3813) to work on /opt/airflow/dags/my_dag.py
[2025-10-31T15:45:44.574+0000] {processor.py:830} INFO - Processing file /opt/airflow/dags/my_dag.py for tasks to queue
[2025-10-31T15:45:44.580+0000] {logging_mixin.py:188} INFO - [2025-10-31T15:45:44.580+0000] {dagbag.py:538} INFO - Filling up the DagBag from /opt/airflow/dags/my_dag.py
[2025-10-31T15:45:53.334+0000] {processor.py:840} INFO - DAG(s) 'my_dag' retrieved from /opt/airflow/dags/my_dag.py
[2025-10-31T15:45:53.600+0000] {logging_mixin.py:188} INFO - [2025-10-31T15:45:53.598+0000] {dag.py:3036} INFO - Sync 1 DAGs
[2025-10-31T15:45:53.695+0000] {logging_mixin.py:188} INFO - [2025-10-31T15:45:53.694+0000] {dag.py:3823} INFO - Setting next_dagrun for my_dag to None, run_after=None
[2025-10-31T15:45:53.807+0000] {processor.py:183} INFO - Processing /opt/airflow/dags/my_dag.py took 6.541 seconds
[2025-10-31T15:46:34.899+0000] {processor.py:161} INFO - Started process (PID=3833) to work on /opt/airflow/dags/my_dag.py
[2025-10-31T15:46:34.950+0000] {processor.py:830} INFO - Processing file /opt/airflow/dags/my_dag.py for tasks to queue
[2025-10-31T15:46:35.005+0000] {logging_mixin.py:188} INFO - [2025-10-31T15:46:35.004+0000] {dagbag.py:538} INFO - Filling up the DagBag from /opt/airflow/dags/my_dag.py
[2025-10-31T15:46:45.557+0000] {processor.py:840} INFO - DAG(s) 'my_dag' retrieved from /opt/airflow/dags/my_dag.py
[2025-10-31T15:46:45.764+0000] {logging_mixin.py:188} INFO - [2025-10-31T15:46:45.762+0000] {dag.py:3036} INFO - Sync 1 DAGs
[2025-10-31T15:46:45.923+0000] {logging_mixin.py:188} INFO - [2025-10-31T15:46:45.922+0000] {dag.py:3823} INFO - Setting next_dagrun for my_dag to None, run_after=None
[2025-10-31T15:46:46.248+0000] {processor.py:183} INFO - Processing /opt/airflow/dags/my_dag.py took 11.631 seconds
[2025-10-31T15:47:16.702+0000] {processor.py:161} INFO - Started process (PID=3847) to work on /opt/airflow/dags/my_dag.py
[2025-10-31T15:47:16.706+0000] {processor.py:830} INFO - Processing file /opt/airflow/dags/my_dag.py for tasks to queue
[2025-10-31T15:47:16.713+0000] {logging_mixin.py:188} INFO - [2025-10-31T15:47:16.710+0000] {dagbag.py:538} INFO - Filling up the DagBag from /opt/airflow/dags/my_dag.py
[2025-10-31T15:47:18.946+0000] {processor.py:840} INFO - DAG(s) 'my_dag' retrieved from /opt/airflow/dags/my_dag.py
[2025-10-31T15:47:19.059+0000] {logging_mixin.py:188} INFO - [2025-10-31T15:47:19.057+0000] {dag.py:3036} INFO - Sync 1 DAGs
[2025-10-31T15:47:19.117+0000] {logging_mixin.py:188} INFO - [2025-10-31T15:47:19.116+0000] {dag.py:3823} INFO - Setting next_dagrun for my_dag to None, run_after=None
[2025-10-31T15:47:19.186+0000] {processor.py:183} INFO - Processing /opt/airflow/dags/my_dag.py took 2.501 seconds
