[2025-11-01T01:34:46.638+0000] {processor.py:161} INFO - Started process (PID=45) to work on /opt/airflow/dags/dag_csv_to_postgres_dag.py
[2025-11-01T01:34:46.641+0000] {processor.py:830} INFO - Processing file /opt/airflow/dags/dag_csv_to_postgres_dag.py for tasks to queue
[2025-11-01T01:34:46.647+0000] {logging_mixin.py:188} INFO - [2025-11-01T01:34:46.646+0000] {dagbag.py:538} INFO - Filling up the DagBag from /opt/airflow/dags/dag_csv_to_postgres_dag.py
[2025-11-01T01:34:46.704+0000] {processor.py:840} INFO - DAG(s) 'load_csv_to_postgres' retrieved from /opt/airflow/dags/dag_csv_to_postgres_dag.py
[2025-11-01T01:34:46.764+0000] {logging_mixin.py:188} INFO - [2025-11-01T01:34:46.763+0000] {dag.py:3036} INFO - Sync 1 DAGs
[2025-11-01T01:34:46.814+0000] {logging_mixin.py:188} INFO - [2025-11-01T01:34:46.814+0000] {dag.py:3823} INFO - Setting next_dagrun for load_csv_to_postgres to None, run_after=None
[2025-11-01T01:34:46.947+0000] {processor.py:183} INFO - Processing /opt/airflow/dags/dag_csv_to_postgres_dag.py took 0.318 seconds
[2025-11-01T01:35:25.416+0000] {processor.py:161} INFO - Started process (PID=63) to work on /opt/airflow/dags/dag_csv_to_postgres_dag.py
[2025-11-01T01:35:25.441+0000] {processor.py:830} INFO - Processing file /opt/airflow/dags/dag_csv_to_postgres_dag.py for tasks to queue
[2025-11-01T01:35:25.447+0000] {logging_mixin.py:188} INFO - [2025-11-01T01:35:25.446+0000] {dagbag.py:538} INFO - Filling up the DagBag from /opt/airflow/dags/dag_csv_to_postgres_dag.py
[2025-11-01T01:35:25.772+0000] {processor.py:840} INFO - DAG(s) 'load_csv_to_postgres' retrieved from /opt/airflow/dags/dag_csv_to_postgres_dag.py
[2025-11-01T01:35:26.181+0000] {logging_mixin.py:188} INFO - [2025-11-01T01:35:26.181+0000] {dag.py:3036} INFO - Sync 1 DAGs
[2025-11-01T01:35:26.467+0000] {logging_mixin.py:188} INFO - [2025-11-01T01:35:26.467+0000] {dag.py:3823} INFO - Setting next_dagrun for load_csv_to_postgres to None, run_after=None
[2025-11-01T01:35:26.714+0000] {processor.py:183} INFO - Processing /opt/airflow/dags/dag_csv_to_postgres_dag.py took 1.338 seconds
[2025-11-01T01:36:25.279+0000] {processor.py:161} INFO - Started process (PID=76) to work on /opt/airflow/dags/dag_csv_to_postgres_dag.py
[2025-11-01T01:36:25.283+0000] {processor.py:830} INFO - Processing file /opt/airflow/dags/dag_csv_to_postgres_dag.py for tasks to queue
[2025-11-01T01:36:25.313+0000] {logging_mixin.py:188} INFO - [2025-11-01T01:36:25.312+0000] {dagbag.py:538} INFO - Filling up the DagBag from /opt/airflow/dags/dag_csv_to_postgres_dag.py
[2025-11-01T01:36:25.567+0000] {processor.py:840} INFO - DAG(s) 'load_csv_to_postgres' retrieved from /opt/airflow/dags/dag_csv_to_postgres_dag.py
[2025-11-01T01:36:25.739+0000] {logging_mixin.py:188} INFO - [2025-11-01T01:36:25.739+0000] {dag.py:3036} INFO - Sync 1 DAGs
[2025-11-01T01:36:25.797+0000] {logging_mixin.py:188} INFO - [2025-11-01T01:36:25.797+0000] {dag.py:3823} INFO - Setting next_dagrun for load_csv_to_postgres to None, run_after=None
[2025-11-01T01:36:26.215+0000] {processor.py:183} INFO - Processing /opt/airflow/dags/dag_csv_to_postgres_dag.py took 0.990 seconds
[2025-11-01T01:37:02.639+0000] {processor.py:161} INFO - Started process (PID=86) to work on /opt/airflow/dags/dag_csv_to_postgres_dag.py
[2025-11-01T01:37:02.693+0000] {processor.py:830} INFO - Processing file /opt/airflow/dags/dag_csv_to_postgres_dag.py for tasks to queue
[2025-11-01T01:37:02.712+0000] {logging_mixin.py:188} INFO - [2025-11-01T01:37:02.708+0000] {dagbag.py:538} INFO - Filling up the DagBag from /opt/airflow/dags/dag_csv_to_postgres_dag.py
[2025-11-01T01:37:03.497+0000] {processor.py:840} INFO - DAG(s) 'load_csv_to_postgres' retrieved from /opt/airflow/dags/dag_csv_to_postgres_dag.py
[2025-11-01T01:37:03.694+0000] {logging_mixin.py:188} INFO - [2025-11-01T01:37:03.694+0000] {dag.py:3036} INFO - Sync 1 DAGs
[2025-11-01T01:37:09.136+0000] {logging_mixin.py:188} INFO - [2025-11-01T01:37:09.135+0000] {dag.py:3823} INFO - Setting next_dagrun for load_csv_to_postgres to None, run_after=None
[2025-11-01T01:37:15.810+0000] {processor.py:183} INFO - Processing /opt/airflow/dags/dag_csv_to_postgres_dag.py took 10.825 seconds
[2025-11-01T01:37:47.077+0000] {processor.py:161} INFO - Started process (PID=97) to work on /opt/airflow/dags/dag_csv_to_postgres_dag.py
[2025-11-01T01:37:47.081+0000] {processor.py:830} INFO - Processing file /opt/airflow/dags/dag_csv_to_postgres_dag.py for tasks to queue
[2025-11-01T01:37:47.085+0000] {logging_mixin.py:188} INFO - [2025-11-01T01:37:47.084+0000] {dagbag.py:538} INFO - Filling up the DagBag from /opt/airflow/dags/dag_csv_to_postgres_dag.py
[2025-11-01T01:37:47.634+0000] {processor.py:840} INFO - DAG(s) 'load_csv_to_postgres' retrieved from /opt/airflow/dags/dag_csv_to_postgres_dag.py
[2025-11-01T01:37:49.139+0000] {logging_mixin.py:188} INFO - [2025-11-01T01:37:49.139+0000] {dag.py:3036} INFO - Sync 1 DAGs
[2025-11-01T01:37:49.961+0000] {logging_mixin.py:188} INFO - [2025-11-01T01:37:49.960+0000] {dag.py:3823} INFO - Setting next_dagrun for load_csv_to_postgres to None, run_after=None
[2025-11-01T01:37:59.228+0000] {processor.py:183} INFO - Processing /opt/airflow/dags/dag_csv_to_postgres_dag.py took 12.174 seconds
[2025-11-01T01:38:34.919+0000] {processor.py:161} INFO - Started process (PID=108) to work on /opt/airflow/dags/dag_csv_to_postgres_dag.py
[2025-11-01T01:38:34.928+0000] {processor.py:830} INFO - Processing file /opt/airflow/dags/dag_csv_to_postgres_dag.py for tasks to queue
[2025-11-01T01:38:34.972+0000] {logging_mixin.py:188} INFO - [2025-11-01T01:38:34.971+0000] {dagbag.py:538} INFO - Filling up the DagBag from /opt/airflow/dags/dag_csv_to_postgres_dag.py
[2025-11-01T01:38:35.593+0000] {processor.py:840} INFO - DAG(s) 'load_csv_to_postgres' retrieved from /opt/airflow/dags/dag_csv_to_postgres_dag.py
[2025-11-01T01:38:39.498+0000] {logging_mixin.py:188} INFO - [2025-11-01T01:38:39.492+0000] {dag.py:3036} INFO - Sync 1 DAGs
[2025-11-01T01:38:40.161+0000] {logging_mixin.py:188} INFO - [2025-11-01T01:38:40.161+0000] {dag.py:3823} INFO - Setting next_dagrun for load_csv_to_postgres to None, run_after=None
[2025-11-01T01:38:47.792+0000] {processor.py:183} INFO - Processing /opt/airflow/dags/dag_csv_to_postgres_dag.py took 10.253 seconds
[2025-11-01T01:39:21.990+0000] {processor.py:161} INFO - Started process (PID=124) to work on /opt/airflow/dags/dag_csv_to_postgres_dag.py
[2025-11-01T01:39:22.136+0000] {processor.py:830} INFO - Processing file /opt/airflow/dags/dag_csv_to_postgres_dag.py for tasks to queue
[2025-11-01T01:39:22.153+0000] {logging_mixin.py:188} INFO - [2025-11-01T01:39:22.152+0000] {dagbag.py:538} INFO - Filling up the DagBag from /opt/airflow/dags/dag_csv_to_postgres_dag.py
[2025-11-01T01:39:24.137+0000] {processor.py:840} INFO - DAG(s) 'load_csv_to_postgres' retrieved from /opt/airflow/dags/dag_csv_to_postgres_dag.py
[2025-11-01T01:39:25.517+0000] {logging_mixin.py:188} INFO - [2025-11-01T01:39:25.517+0000] {dag.py:3036} INFO - Sync 1 DAGs
[2025-11-01T01:39:27.135+0000] {logging_mixin.py:188} INFO - [2025-11-01T01:39:27.135+0000] {dag.py:3823} INFO - Setting next_dagrun for load_csv_to_postgres to None, run_after=None
[2025-11-01T01:39:28.519+0000] {processor.py:183} INFO - Processing /opt/airflow/dags/dag_csv_to_postgres_dag.py took 6.723 seconds
[2025-11-01T01:40:00.592+0000] {processor.py:161} INFO - Started process (PID=135) to work on /opt/airflow/dags/dag_csv_to_postgres_dag.py
[2025-11-01T01:40:00.777+0000] {processor.py:830} INFO - Processing file /opt/airflow/dags/dag_csv_to_postgres_dag.py for tasks to queue
[2025-11-01T01:40:00.888+0000] {logging_mixin.py:188} INFO - [2025-11-01T01:40:00.865+0000] {dagbag.py:538} INFO - Filling up the DagBag from /opt/airflow/dags/dag_csv_to_postgres_dag.py
[2025-11-01T01:40:01.304+0000] {processor.py:840} INFO - DAG(s) 'load_csv_to_postgres' retrieved from /opt/airflow/dags/dag_csv_to_postgres_dag.py
[2025-11-01T01:40:01.787+0000] {logging_mixin.py:188} INFO - [2025-11-01T01:40:01.786+0000] {dag.py:3036} INFO - Sync 1 DAGs
[2025-11-01T01:40:02.215+0000] {logging_mixin.py:188} INFO - [2025-11-01T01:40:02.214+0000] {dag.py:3823} INFO - Setting next_dagrun for load_csv_to_postgres to None, run_after=None
[2025-11-01T01:40:02.829+0000] {processor.py:183} INFO - Processing /opt/airflow/dags/dag_csv_to_postgres_dag.py took 2.746 seconds
[2025-11-01T01:40:37.703+0000] {processor.py:161} INFO - Started process (PID=147) to work on /opt/airflow/dags/dag_csv_to_postgres_dag.py
[2025-11-01T01:40:37.801+0000] {processor.py:830} INFO - Processing file /opt/airflow/dags/dag_csv_to_postgres_dag.py for tasks to queue
[2025-11-01T01:40:37.856+0000] {logging_mixin.py:188} INFO - [2025-11-01T01:40:37.821+0000] {dagbag.py:538} INFO - Filling up the DagBag from /opt/airflow/dags/dag_csv_to_postgres_dag.py
[2025-11-01T01:40:40.748+0000] {processor.py:840} INFO - DAG(s) 'load_csv_to_postgres' retrieved from /opt/airflow/dags/dag_csv_to_postgres_dag.py
[2025-11-01T01:40:44.544+0000] {logging_mixin.py:188} INFO - [2025-11-01T01:40:44.544+0000] {dag.py:3036} INFO - Sync 1 DAGs
[2025-11-01T01:40:46.543+0000] {logging_mixin.py:188} INFO - [2025-11-01T01:40:46.541+0000] {dag.py:3823} INFO - Setting next_dagrun for load_csv_to_postgres to None, run_after=None
[2025-11-01T01:40:47.399+0000] {processor.py:183} INFO - Processing /opt/airflow/dags/dag_csv_to_postgres_dag.py took 10.282 seconds
[2025-11-01T01:41:18.213+0000] {processor.py:161} INFO - Started process (PID=158) to work on /opt/airflow/dags/dag_csv_to_postgres_dag.py
[2025-11-01T01:41:18.227+0000] {processor.py:830} INFO - Processing file /opt/airflow/dags/dag_csv_to_postgres_dag.py for tasks to queue
[2025-11-01T01:41:18.284+0000] {logging_mixin.py:188} INFO - [2025-11-01T01:41:18.284+0000] {dagbag.py:538} INFO - Filling up the DagBag from /opt/airflow/dags/dag_csv_to_postgres_dag.py
[2025-11-01T01:41:19.123+0000] {processor.py:840} INFO - DAG(s) 'load_csv_to_postgres' retrieved from /opt/airflow/dags/dag_csv_to_postgres_dag.py
[2025-11-01T01:41:19.321+0000] {logging_mixin.py:188} INFO - [2025-11-01T01:41:19.304+0000] {dag.py:3036} INFO - Sync 1 DAGs
[2025-11-01T01:41:19.423+0000] {logging_mixin.py:188} INFO - [2025-11-01T01:41:19.423+0000] {dag.py:3823} INFO - Setting next_dagrun for load_csv_to_postgres to None, run_after=None
[2025-11-01T01:41:19.520+0000] {processor.py:183} INFO - Processing /opt/airflow/dags/dag_csv_to_postgres_dag.py took 1.330 seconds
[2025-11-01T01:41:50.409+0000] {processor.py:161} INFO - Started process (PID=170) to work on /opt/airflow/dags/dag_csv_to_postgres_dag.py
[2025-11-01T01:41:50.428+0000] {processor.py:830} INFO - Processing file /opt/airflow/dags/dag_csv_to_postgres_dag.py for tasks to queue
[2025-11-01T01:41:50.431+0000] {logging_mixin.py:188} INFO - [2025-11-01T01:41:50.430+0000] {dagbag.py:538} INFO - Filling up the DagBag from /opt/airflow/dags/dag_csv_to_postgres_dag.py
[2025-11-01T01:41:50.477+0000] {processor.py:840} INFO - DAG(s) 'load_csv_to_postgres' retrieved from /opt/airflow/dags/dag_csv_to_postgres_dag.py
[2025-11-01T01:41:50.584+0000] {logging_mixin.py:188} INFO - [2025-11-01T01:41:50.583+0000] {dag.py:3036} INFO - Sync 1 DAGs
[2025-11-01T01:41:50.672+0000] {logging_mixin.py:188} INFO - [2025-11-01T01:41:50.671+0000] {dag.py:3823} INFO - Setting next_dagrun for load_csv_to_postgres to None, run_after=None
[2025-11-01T01:41:50.997+0000] {processor.py:183} INFO - Processing /opt/airflow/dags/dag_csv_to_postgres_dag.py took 0.720 seconds
[2025-11-01T01:42:21.931+0000] {processor.py:161} INFO - Started process (PID=182) to work on /opt/airflow/dags/dag_csv_to_postgres_dag.py
[2025-11-01T01:42:21.989+0000] {processor.py:830} INFO - Processing file /opt/airflow/dags/dag_csv_to_postgres_dag.py for tasks to queue
[2025-11-01T01:42:22.014+0000] {logging_mixin.py:188} INFO - [2025-11-01T01:42:22.006+0000] {dagbag.py:538} INFO - Filling up the DagBag from /opt/airflow/dags/dag_csv_to_postgres_dag.py
[2025-11-01T01:42:22.344+0000] {processor.py:840} INFO - DAG(s) 'load_csv_to_postgres' retrieved from /opt/airflow/dags/dag_csv_to_postgres_dag.py
[2025-11-01T01:42:22.701+0000] {logging_mixin.py:188} INFO - [2025-11-01T01:42:22.700+0000] {dag.py:3036} INFO - Sync 1 DAGs
[2025-11-01T01:42:22.826+0000] {logging_mixin.py:188} INFO - [2025-11-01T01:42:22.825+0000] {dag.py:3823} INFO - Setting next_dagrun for load_csv_to_postgres to None, run_after=None
[2025-11-01T01:42:23.064+0000] {processor.py:183} INFO - Processing /opt/airflow/dags/dag_csv_to_postgres_dag.py took 1.153 seconds
[2025-11-01T01:42:54.232+0000] {processor.py:161} INFO - Started process (PID=194) to work on /opt/airflow/dags/dag_csv_to_postgres_dag.py
[2025-11-01T01:42:54.247+0000] {processor.py:830} INFO - Processing file /opt/airflow/dags/dag_csv_to_postgres_dag.py for tasks to queue
[2025-11-01T01:42:54.250+0000] {logging_mixin.py:188} INFO - [2025-11-01T01:42:54.249+0000] {dagbag.py:538} INFO - Filling up the DagBag from /opt/airflow/dags/dag_csv_to_postgres_dag.py
[2025-11-01T01:42:54.462+0000] {processor.py:840} INFO - DAG(s) 'load_csv_to_postgres' retrieved from /opt/airflow/dags/dag_csv_to_postgres_dag.py
[2025-11-01T01:42:54.742+0000] {logging_mixin.py:188} INFO - [2025-11-01T01:42:54.741+0000] {dag.py:3036} INFO - Sync 1 DAGs
[2025-11-01T01:42:54.802+0000] {logging_mixin.py:188} INFO - [2025-11-01T01:42:54.802+0000] {dag.py:3823} INFO - Setting next_dagrun for load_csv_to_postgres to None, run_after=None
[2025-11-01T01:42:54.877+0000] {processor.py:183} INFO - Processing /opt/airflow/dags/dag_csv_to_postgres_dag.py took 0.663 seconds
[2025-11-01T01:43:26.638+0000] {processor.py:161} INFO - Started process (PID=205) to work on /opt/airflow/dags/dag_csv_to_postgres_dag.py
[2025-11-01T01:43:26.684+0000] {processor.py:830} INFO - Processing file /opt/airflow/dags/dag_csv_to_postgres_dag.py for tasks to queue
[2025-11-01T01:43:26.727+0000] {logging_mixin.py:188} INFO - [2025-11-01T01:43:26.716+0000] {dagbag.py:538} INFO - Filling up the DagBag from /opt/airflow/dags/dag_csv_to_postgres_dag.py
[2025-11-01T01:43:27.070+0000] {processor.py:840} INFO - DAG(s) 'load_csv_to_postgres' retrieved from /opt/airflow/dags/dag_csv_to_postgres_dag.py
[2025-11-01T01:43:27.372+0000] {logging_mixin.py:188} INFO - [2025-11-01T01:43:27.372+0000] {dag.py:3036} INFO - Sync 1 DAGs
[2025-11-01T01:43:27.493+0000] {logging_mixin.py:188} INFO - [2025-11-01T01:43:27.493+0000] {dag.py:3823} INFO - Setting next_dagrun for load_csv_to_postgres to None, run_after=None
[2025-11-01T01:43:28.055+0000] {processor.py:183} INFO - Processing /opt/airflow/dags/dag_csv_to_postgres_dag.py took 1.491 seconds
[2025-11-01T01:43:58.426+0000] {processor.py:161} INFO - Started process (PID=216) to work on /opt/airflow/dags/dag_csv_to_postgres_dag.py
[2025-11-01T01:43:58.446+0000] {processor.py:830} INFO - Processing file /opt/airflow/dags/dag_csv_to_postgres_dag.py for tasks to queue
[2025-11-01T01:43:58.467+0000] {logging_mixin.py:188} INFO - [2025-11-01T01:43:58.467+0000] {dagbag.py:538} INFO - Filling up the DagBag from /opt/airflow/dags/dag_csv_to_postgres_dag.py
[2025-11-01T01:43:58.542+0000] {processor.py:840} INFO - DAG(s) 'load_csv_to_postgres' retrieved from /opt/airflow/dags/dag_csv_to_postgres_dag.py
[2025-11-01T01:43:58.712+0000] {logging_mixin.py:188} INFO - [2025-11-01T01:43:58.711+0000] {dag.py:3036} INFO - Sync 1 DAGs
[2025-11-01T01:43:58.780+0000] {logging_mixin.py:188} INFO - [2025-11-01T01:43:58.780+0000] {dag.py:3823} INFO - Setting next_dagrun for load_csv_to_postgres to None, run_after=None
[2025-11-01T01:43:58.893+0000] {processor.py:183} INFO - Processing /opt/airflow/dags/dag_csv_to_postgres_dag.py took 0.484 seconds
[2025-11-01T01:44:29.676+0000] {processor.py:161} INFO - Started process (PID=229) to work on /opt/airflow/dags/dag_csv_to_postgres_dag.py
[2025-11-01T01:44:29.686+0000] {processor.py:830} INFO - Processing file /opt/airflow/dags/dag_csv_to_postgres_dag.py for tasks to queue
[2025-11-01T01:44:29.689+0000] {logging_mixin.py:188} INFO - [2025-11-01T01:44:29.689+0000] {dagbag.py:538} INFO - Filling up the DagBag from /opt/airflow/dags/dag_csv_to_postgres_dag.py
[2025-11-01T01:44:29.758+0000] {processor.py:840} INFO - DAG(s) 'load_csv_to_postgres' retrieved from /opt/airflow/dags/dag_csv_to_postgres_dag.py
[2025-11-01T01:44:29.940+0000] {logging_mixin.py:188} INFO - [2025-11-01T01:44:29.940+0000] {dag.py:3036} INFO - Sync 1 DAGs
[2025-11-01T01:44:29.966+0000] {logging_mixin.py:188} INFO - [2025-11-01T01:44:29.966+0000] {dag.py:3823} INFO - Setting next_dagrun for load_csv_to_postgres to None, run_after=None
[2025-11-01T01:44:30.017+0000] {processor.py:183} INFO - Processing /opt/airflow/dags/dag_csv_to_postgres_dag.py took 0.353 seconds
[2025-11-01T01:45:00.633+0000] {processor.py:161} INFO - Started process (PID=240) to work on /opt/airflow/dags/dag_csv_to_postgres_dag.py
[2025-11-01T01:45:00.636+0000] {processor.py:830} INFO - Processing file /opt/airflow/dags/dag_csv_to_postgres_dag.py for tasks to queue
[2025-11-01T01:45:00.638+0000] {logging_mixin.py:188} INFO - [2025-11-01T01:45:00.638+0000] {dagbag.py:538} INFO - Filling up the DagBag from /opt/airflow/dags/dag_csv_to_postgres_dag.py
[2025-11-01T01:45:00.674+0000] {processor.py:840} INFO - DAG(s) 'load_csv_to_postgres' retrieved from /opt/airflow/dags/dag_csv_to_postgres_dag.py
[2025-11-01T01:45:00.794+0000] {logging_mixin.py:188} INFO - [2025-11-01T01:45:00.793+0000] {dag.py:3036} INFO - Sync 1 DAGs
[2025-11-01T01:45:00.866+0000] {logging_mixin.py:188} INFO - [2025-11-01T01:45:00.865+0000] {dag.py:3823} INFO - Setting next_dagrun for load_csv_to_postgres to None, run_after=None
[2025-11-01T01:45:00.933+0000] {processor.py:183} INFO - Processing /opt/airflow/dags/dag_csv_to_postgres_dag.py took 0.310 seconds
[2025-11-01T01:45:34.673+0000] {processor.py:161} INFO - Started process (PID=251) to work on /opt/airflow/dags/dag_csv_to_postgres_dag.py
[2025-11-01T01:45:34.700+0000] {processor.py:830} INFO - Processing file /opt/airflow/dags/dag_csv_to_postgres_dag.py for tasks to queue
[2025-11-01T01:45:34.707+0000] {logging_mixin.py:188} INFO - [2025-11-01T01:45:34.706+0000] {dagbag.py:538} INFO - Filling up the DagBag from /opt/airflow/dags/dag_csv_to_postgres_dag.py
[2025-11-01T01:45:34.885+0000] {processor.py:840} INFO - DAG(s) 'load_csv_to_postgres' retrieved from /opt/airflow/dags/dag_csv_to_postgres_dag.py
[2025-11-01T01:45:35.171+0000] {logging_mixin.py:188} INFO - [2025-11-01T01:45:35.170+0000] {dag.py:3036} INFO - Sync 1 DAGs
[2025-11-01T01:45:35.270+0000] {logging_mixin.py:188} INFO - [2025-11-01T01:45:35.269+0000] {dag.py:3823} INFO - Setting next_dagrun for load_csv_to_postgres to None, run_after=None
[2025-11-01T01:45:58.499+0000] {processor.py:183} INFO - Processing /opt/airflow/dags/dag_csv_to_postgres_dag.py took 21.149 seconds
[2025-11-01T01:46:33.584+0000] {processor.py:161} INFO - Started process (PID=269) to work on /opt/airflow/dags/dag_csv_to_postgres_dag.py
[2025-11-01T01:46:33.640+0000] {processor.py:830} INFO - Processing file /opt/airflow/dags/dag_csv_to_postgres_dag.py for tasks to queue
[2025-11-01T01:46:33.647+0000] {logging_mixin.py:188} INFO - [2025-11-01T01:46:33.646+0000] {dagbag.py:538} INFO - Filling up the DagBag from /opt/airflow/dags/dag_csv_to_postgres_dag.py
[2025-11-01T01:46:34.239+0000] {processor.py:840} INFO - DAG(s) 'load_csv_to_postgres' retrieved from /opt/airflow/dags/dag_csv_to_postgres_dag.py
[2025-11-01T01:46:34.527+0000] {logging_mixin.py:188} INFO - [2025-11-01T01:46:34.527+0000] {dag.py:3036} INFO - Sync 1 DAGs
[2025-11-01T01:46:34.683+0000] {logging_mixin.py:188} INFO - [2025-11-01T01:46:34.683+0000] {dag.py:3823} INFO - Setting next_dagrun for load_csv_to_postgres to None, run_after=None
[2025-11-01T01:46:34.914+0000] {processor.py:183} INFO - Processing /opt/airflow/dags/dag_csv_to_postgres_dag.py took 1.370 seconds
[2025-11-01T01:55:00.276+0000] {processor.py:161} INFO - Started process (PID=44) to work on /opt/airflow/dags/dag_csv_to_postgres_dag.py
[2025-11-01T01:55:00.290+0000] {processor.py:830} INFO - Processing file /opt/airflow/dags/dag_csv_to_postgres_dag.py for tasks to queue
[2025-11-01T01:55:00.293+0000] {logging_mixin.py:188} INFO - [2025-11-01T01:55:00.293+0000] {dagbag.py:538} INFO - Filling up the DagBag from /opt/airflow/dags/dag_csv_to_postgres_dag.py
[2025-11-01T01:55:00.373+0000] {processor.py:840} INFO - DAG(s) 'load_csv_to_postgres' retrieved from /opt/airflow/dags/dag_csv_to_postgres_dag.py
[2025-11-01T01:55:02.482+0000] {logging_mixin.py:188} INFO - [2025-11-01T01:55:02.482+0000] {dag.py:3036} INFO - Sync 1 DAGs
[2025-11-01T01:55:02.655+0000] {logging_mixin.py:188} INFO - [2025-11-01T01:55:02.654+0000] {dag.py:3823} INFO - Setting next_dagrun for load_csv_to_postgres to None, run_after=None
[2025-11-01T01:55:03.222+0000] {processor.py:183} INFO - Processing /opt/airflow/dags/dag_csv_to_postgres_dag.py took 3.042 seconds
[2025-11-01T01:55:45.842+0000] {processor.py:161} INFO - Started process (PID=62) to work on /opt/airflow/dags/dag_csv_to_postgres_dag.py
[2025-11-01T01:55:45.851+0000] {processor.py:830} INFO - Processing file /opt/airflow/dags/dag_csv_to_postgres_dag.py for tasks to queue
[2025-11-01T01:55:45.881+0000] {logging_mixin.py:188} INFO - [2025-11-01T01:55:45.875+0000] {dagbag.py:538} INFO - Filling up the DagBag from /opt/airflow/dags/dag_csv_to_postgres_dag.py
[2025-11-01T01:55:46.549+0000] {processor.py:840} INFO - DAG(s) 'load_csv_to_postgres' retrieved from /opt/airflow/dags/dag_csv_to_postgres_dag.py
[2025-11-01T01:55:50.497+0000] {logging_mixin.py:188} INFO - [2025-11-01T01:55:50.496+0000] {dag.py:3036} INFO - Sync 1 DAGs
[2025-11-01T01:55:50.896+0000] {logging_mixin.py:188} INFO - [2025-11-01T01:55:50.895+0000] {dag.py:3823} INFO - Setting next_dagrun for load_csv_to_postgres to None, run_after=None
[2025-11-01T01:55:53.941+0000] {processor.py:183} INFO - Processing /opt/airflow/dags/dag_csv_to_postgres_dag.py took 6.527 seconds
[2025-11-01T01:56:25.793+0000] {processor.py:161} INFO - Started process (PID=74) to work on /opt/airflow/dags/dag_csv_to_postgres_dag.py
[2025-11-01T01:56:25.804+0000] {processor.py:830} INFO - Processing file /opt/airflow/dags/dag_csv_to_postgres_dag.py for tasks to queue
[2025-11-01T01:56:25.860+0000] {logging_mixin.py:188} INFO - [2025-11-01T01:56:25.859+0000] {dagbag.py:538} INFO - Filling up the DagBag from /opt/airflow/dags/dag_csv_to_postgres_dag.py
[2025-11-01T01:56:26.336+0000] {processor.py:840} INFO - DAG(s) 'load_csv_to_postgres' retrieved from /opt/airflow/dags/dag_csv_to_postgres_dag.py
[2025-11-01T01:56:26.702+0000] {logging_mixin.py:188} INFO - [2025-11-01T01:56:26.702+0000] {dag.py:3036} INFO - Sync 1 DAGs
[2025-11-01T01:56:26.740+0000] {logging_mixin.py:188} INFO - [2025-11-01T01:56:26.740+0000] {dag.py:3823} INFO - Setting next_dagrun for load_csv_to_postgres to None, run_after=None
[2025-11-01T01:56:26.832+0000] {processor.py:183} INFO - Processing /opt/airflow/dags/dag_csv_to_postgres_dag.py took 1.096 seconds
[2025-11-01T01:56:57.397+0000] {processor.py:161} INFO - Started process (PID=86) to work on /opt/airflow/dags/dag_csv_to_postgres_dag.py
[2025-11-01T01:56:57.402+0000] {processor.py:830} INFO - Processing file /opt/airflow/dags/dag_csv_to_postgres_dag.py for tasks to queue
[2025-11-01T01:56:57.416+0000] {logging_mixin.py:188} INFO - [2025-11-01T01:56:57.415+0000] {dagbag.py:538} INFO - Filling up the DagBag from /opt/airflow/dags/dag_csv_to_postgres_dag.py
[2025-11-01T01:56:57.606+0000] {processor.py:840} INFO - DAG(s) 'load_csv_to_postgres' retrieved from /opt/airflow/dags/dag_csv_to_postgres_dag.py
[2025-11-01T01:56:57.696+0000] {logging_mixin.py:188} INFO - [2025-11-01T01:56:57.695+0000] {dag.py:3036} INFO - Sync 1 DAGs
[2025-11-01T01:56:57.751+0000] {logging_mixin.py:188} INFO - [2025-11-01T01:56:57.750+0000] {dag.py:3823} INFO - Setting next_dagrun for load_csv_to_postgres to None, run_after=None
[2025-11-01T01:56:57.887+0000] {processor.py:183} INFO - Processing /opt/airflow/dags/dag_csv_to_postgres_dag.py took 0.507 seconds
[2025-11-01T01:57:29.025+0000] {processor.py:161} INFO - Started process (PID=98) to work on /opt/airflow/dags/dag_csv_to_postgres_dag.py
[2025-11-01T01:57:29.040+0000] {processor.py:830} INFO - Processing file /opt/airflow/dags/dag_csv_to_postgres_dag.py for tasks to queue
[2025-11-01T01:57:29.049+0000] {logging_mixin.py:188} INFO - [2025-11-01T01:57:29.047+0000] {dagbag.py:538} INFO - Filling up the DagBag from /opt/airflow/dags/dag_csv_to_postgres_dag.py
[2025-11-01T01:57:29.117+0000] {processor.py:840} INFO - DAG(s) 'load_csv_to_postgres' retrieved from /opt/airflow/dags/dag_csv_to_postgres_dag.py
[2025-11-01T01:57:29.952+0000] {logging_mixin.py:188} INFO - [2025-11-01T01:57:29.952+0000] {dag.py:3036} INFO - Sync 1 DAGs
[2025-11-01T01:57:30.234+0000] {logging_mixin.py:188} INFO - [2025-11-01T01:57:30.233+0000] {dag.py:3823} INFO - Setting next_dagrun for load_csv_to_postgres to None, run_after=None
[2025-11-01T01:57:30.560+0000] {processor.py:183} INFO - Processing /opt/airflow/dags/dag_csv_to_postgres_dag.py took 1.638 seconds
[2025-11-01T01:58:06.520+0000] {processor.py:161} INFO - Started process (PID=108) to work on /opt/airflow/dags/dag_csv_to_postgres_dag.py
[2025-11-01T01:58:06.540+0000] {processor.py:830} INFO - Processing file /opt/airflow/dags/dag_csv_to_postgres_dag.py for tasks to queue
[2025-11-01T01:58:06.678+0000] {logging_mixin.py:188} INFO - [2025-11-01T01:58:06.651+0000] {dagbag.py:538} INFO - Filling up the DagBag from /opt/airflow/dags/dag_csv_to_postgres_dag.py
[2025-11-01T01:58:07.181+0000] {processor.py:840} INFO - DAG(s) 'load_csv_to_postgres' retrieved from /opt/airflow/dags/dag_csv_to_postgres_dag.py
[2025-11-01T01:58:07.568+0000] {logging_mixin.py:188} INFO - [2025-11-01T01:58:07.567+0000] {dag.py:3036} INFO - Sync 1 DAGs
[2025-11-01T01:58:07.772+0000] {logging_mixin.py:188} INFO - [2025-11-01T01:58:07.771+0000] {dag.py:3823} INFO - Setting next_dagrun for load_csv_to_postgres to None, run_after=None
[2025-11-01T01:58:08.157+0000] {processor.py:183} INFO - Processing /opt/airflow/dags/dag_csv_to_postgres_dag.py took 1.678 seconds
[2025-11-01T01:59:00.059+0000] {processor.py:161} INFO - Started process (PID=121) to work on /opt/airflow/dags/dag_csv_to_postgres_dag.py
[2025-11-01T01:59:00.096+0000] {processor.py:830} INFO - Processing file /opt/airflow/dags/dag_csv_to_postgres_dag.py for tasks to queue
[2025-11-01T01:59:00.192+0000] {logging_mixin.py:188} INFO - [2025-11-01T01:59:00.191+0000] {dagbag.py:538} INFO - Filling up the DagBag from /opt/airflow/dags/dag_csv_to_postgres_dag.py
[2025-11-01T01:59:01.118+0000] {processor.py:840} INFO - DAG(s) 'load_csv_to_postgres' retrieved from /opt/airflow/dags/dag_csv_to_postgres_dag.py
[2025-11-01T01:59:02.368+0000] {logging_mixin.py:188} INFO - [2025-11-01T01:59:02.368+0000] {dag.py:3036} INFO - Sync 1 DAGs
[2025-11-01T01:59:02.580+0000] {logging_mixin.py:188} INFO - [2025-11-01T01:59:02.566+0000] {dag.py:3823} INFO - Setting next_dagrun for load_csv_to_postgres to None, run_after=None
[2025-11-01T01:59:02.749+0000] {processor.py:183} INFO - Processing /opt/airflow/dags/dag_csv_to_postgres_dag.py took 2.721 seconds
[2025-11-01T01:59:41.440+0000] {processor.py:161} INFO - Started process (PID=133) to work on /opt/airflow/dags/dag_csv_to_postgres_dag.py
[2025-11-01T01:59:41.459+0000] {processor.py:830} INFO - Processing file /opt/airflow/dags/dag_csv_to_postgres_dag.py for tasks to queue
[2025-11-01T01:59:41.462+0000] {logging_mixin.py:188} INFO - [2025-11-01T01:59:41.461+0000] {dagbag.py:538} INFO - Filling up the DagBag from /opt/airflow/dags/dag_csv_to_postgres_dag.py
[2025-11-01T01:59:41.555+0000] {processor.py:840} INFO - DAG(s) 'load_csv_to_postgres' retrieved from /opt/airflow/dags/dag_csv_to_postgres_dag.py
[2025-11-01T01:59:41.700+0000] {logging_mixin.py:188} INFO - [2025-11-01T01:59:41.700+0000] {dag.py:3036} INFO - Sync 1 DAGs
[2025-11-01T01:59:41.785+0000] {logging_mixin.py:188} INFO - [2025-11-01T01:59:41.784+0000] {dag.py:3823} INFO - Setting next_dagrun for load_csv_to_postgres to None, run_after=None
[2025-11-01T01:59:41.881+0000] {processor.py:183} INFO - Processing /opt/airflow/dags/dag_csv_to_postgres_dag.py took 0.462 seconds
[2025-11-01T02:00:14.543+0000] {processor.py:161} INFO - Started process (PID=143) to work on /opt/airflow/dags/dag_csv_to_postgres_dag.py
[2025-11-01T02:00:14.553+0000] {processor.py:830} INFO - Processing file /opt/airflow/dags/dag_csv_to_postgres_dag.py for tasks to queue
[2025-11-01T02:00:14.568+0000] {logging_mixin.py:188} INFO - [2025-11-01T02:00:14.567+0000] {dagbag.py:538} INFO - Filling up the DagBag from /opt/airflow/dags/dag_csv_to_postgres_dag.py
[2025-11-01T02:00:14.871+0000] {processor.py:840} INFO - DAG(s) 'load_csv_to_postgres' retrieved from /opt/airflow/dags/dag_csv_to_postgres_dag.py
[2025-11-01T02:00:15.344+0000] {logging_mixin.py:188} INFO - [2025-11-01T02:00:15.335+0000] {dag.py:3036} INFO - Sync 1 DAGs
[2025-11-01T02:00:15.579+0000] {logging_mixin.py:188} INFO - [2025-11-01T02:00:15.579+0000] {dag.py:3823} INFO - Setting next_dagrun for load_csv_to_postgres to None, run_after=None
[2025-11-01T02:00:16.986+0000] {processor.py:183} INFO - Processing /opt/airflow/dags/dag_csv_to_postgres_dag.py took 2.502 seconds
[2025-11-01T02:00:48.292+0000] {processor.py:161} INFO - Started process (PID=155) to work on /opt/airflow/dags/dag_csv_to_postgres_dag.py
[2025-11-01T02:00:48.303+0000] {processor.py:830} INFO - Processing file /opt/airflow/dags/dag_csv_to_postgres_dag.py for tasks to queue
[2025-11-01T02:00:48.307+0000] {logging_mixin.py:188} INFO - [2025-11-01T02:00:48.306+0000] {dagbag.py:538} INFO - Filling up the DagBag from /opt/airflow/dags/dag_csv_to_postgres_dag.py
[2025-11-01T02:00:48.512+0000] {processor.py:840} INFO - DAG(s) 'load_csv_to_postgres' retrieved from /opt/airflow/dags/dag_csv_to_postgres_dag.py
[2025-11-01T02:00:48.721+0000] {logging_mixin.py:188} INFO - [2025-11-01T02:00:48.721+0000] {dag.py:3036} INFO - Sync 1 DAGs
[2025-11-01T02:00:48.794+0000] {logging_mixin.py:188} INFO - [2025-11-01T02:00:48.794+0000] {dag.py:3823} INFO - Setting next_dagrun for load_csv_to_postgres to None, run_after=None
[2025-11-01T02:00:49.595+0000] {processor.py:183} INFO - Processing /opt/airflow/dags/dag_csv_to_postgres_dag.py took 1.324 seconds
[2025-11-01T02:01:20.047+0000] {processor.py:161} INFO - Started process (PID=167) to work on /opt/airflow/dags/dag_csv_to_postgres_dag.py
[2025-11-01T02:01:20.050+0000] {processor.py:830} INFO - Processing file /opt/airflow/dags/dag_csv_to_postgres_dag.py for tasks to queue
[2025-11-01T02:01:20.060+0000] {logging_mixin.py:188} INFO - [2025-11-01T02:01:20.057+0000] {dagbag.py:538} INFO - Filling up the DagBag from /opt/airflow/dags/dag_csv_to_postgres_dag.py
[2025-11-01T02:01:20.282+0000] {processor.py:840} INFO - DAG(s) 'load_csv_to_postgres' retrieved from /opt/airflow/dags/dag_csv_to_postgres_dag.py
[2025-11-01T02:01:20.369+0000] {logging_mixin.py:188} INFO - [2025-11-01T02:01:20.368+0000] {dag.py:3036} INFO - Sync 1 DAGs
[2025-11-01T02:01:20.427+0000] {logging_mixin.py:188} INFO - [2025-11-01T02:01:20.425+0000] {dag.py:3823} INFO - Setting next_dagrun for load_csv_to_postgres to None, run_after=None
[2025-11-01T02:01:20.564+0000] {processor.py:183} INFO - Processing /opt/airflow/dags/dag_csv_to_postgres_dag.py took 0.530 seconds
[2025-11-01T02:01:59.162+0000] {processor.py:161} INFO - Started process (PID=179) to work on /opt/airflow/dags/dag_csv_to_postgres_dag.py
[2025-11-01T02:01:59.177+0000] {processor.py:830} INFO - Processing file /opt/airflow/dags/dag_csv_to_postgres_dag.py for tasks to queue
[2025-11-01T02:01:59.185+0000] {logging_mixin.py:188} INFO - [2025-11-01T02:01:59.184+0000] {dagbag.py:538} INFO - Filling up the DagBag from /opt/airflow/dags/dag_csv_to_postgres_dag.py
[2025-11-01T02:01:59.333+0000] {processor.py:840} INFO - DAG(s) 'load_csv_to_postgres' retrieved from /opt/airflow/dags/dag_csv_to_postgres_dag.py
[2025-11-01T02:01:59.508+0000] {logging_mixin.py:188} INFO - [2025-11-01T02:01:59.508+0000] {dag.py:3036} INFO - Sync 1 DAGs
[2025-11-01T02:01:59.545+0000] {logging_mixin.py:188} INFO - [2025-11-01T02:01:59.544+0000] {dag.py:3823} INFO - Setting next_dagrun for load_csv_to_postgres to None, run_after=None
[2025-11-01T02:02:00.015+0000] {processor.py:183} INFO - Processing /opt/airflow/dags/dag_csv_to_postgres_dag.py took 0.885 seconds
[2025-11-01T02:02:42.027+0000] {processor.py:161} INFO - Started process (PID=196) to work on /opt/airflow/dags/dag_csv_to_postgres_dag.py
[2025-11-01T02:02:42.050+0000] {processor.py:830} INFO - Processing file /opt/airflow/dags/dag_csv_to_postgres_dag.py for tasks to queue
[2025-11-01T02:02:42.053+0000] {logging_mixin.py:188} INFO - [2025-11-01T02:02:42.052+0000] {dagbag.py:538} INFO - Filling up the DagBag from /opt/airflow/dags/dag_csv_to_postgres_dag.py
[2025-11-01T02:02:42.126+0000] {processor.py:840} INFO - DAG(s) 'load_csv_to_postgres' retrieved from /opt/airflow/dags/dag_csv_to_postgres_dag.py
[2025-11-01T02:02:42.263+0000] {logging_mixin.py:188} INFO - [2025-11-01T02:02:42.262+0000] {dag.py:3036} INFO - Sync 1 DAGs
[2025-11-01T02:02:42.411+0000] {logging_mixin.py:188} INFO - [2025-11-01T02:02:42.411+0000] {dag.py:3823} INFO - Setting next_dagrun for load_csv_to_postgres to None, run_after=None
[2025-11-01T02:02:42.674+0000] {processor.py:183} INFO - Processing /opt/airflow/dags/dag_csv_to_postgres_dag.py took 0.666 seconds
[2025-11-01T02:03:13.871+0000] {processor.py:161} INFO - Started process (PID=202) to work on /opt/airflow/dags/dag_csv_to_postgres_dag.py
[2025-11-01T02:03:13.890+0000] {processor.py:830} INFO - Processing file /opt/airflow/dags/dag_csv_to_postgres_dag.py for tasks to queue
[2025-11-01T02:03:13.894+0000] {logging_mixin.py:188} INFO - [2025-11-01T02:03:13.893+0000] {dagbag.py:538} INFO - Filling up the DagBag from /opt/airflow/dags/dag_csv_to_postgres_dag.py
[2025-11-01T02:03:13.985+0000] {processor.py:840} INFO - DAG(s) 'load_csv_to_postgres' retrieved from /opt/airflow/dags/dag_csv_to_postgres_dag.py
[2025-11-01T02:03:14.047+0000] {logging_mixin.py:188} INFO - [2025-11-01T02:03:14.047+0000] {dag.py:3036} INFO - Sync 1 DAGs
[2025-11-01T02:03:14.077+0000] {logging_mixin.py:188} INFO - [2025-11-01T02:03:14.076+0000] {dag.py:3823} INFO - Setting next_dagrun for load_csv_to_postgres to None, run_after=None
[2025-11-01T02:03:14.176+0000] {processor.py:183} INFO - Processing /opt/airflow/dags/dag_csv_to_postgres_dag.py took 0.326 seconds
[2025-11-01T02:03:44.442+0000] {processor.py:161} INFO - Started process (PID=214) to work on /opt/airflow/dags/dag_csv_to_postgres_dag.py
[2025-11-01T02:03:44.447+0000] {processor.py:830} INFO - Processing file /opt/airflow/dags/dag_csv_to_postgres_dag.py for tasks to queue
[2025-11-01T02:03:44.451+0000] {logging_mixin.py:188} INFO - [2025-11-01T02:03:44.449+0000] {dagbag.py:538} INFO - Filling up the DagBag from /opt/airflow/dags/dag_csv_to_postgres_dag.py
[2025-11-01T02:03:44.513+0000] {processor.py:840} INFO - DAG(s) 'load_csv_to_postgres' retrieved from /opt/airflow/dags/dag_csv_to_postgres_dag.py
[2025-11-01T02:03:44.575+0000] {logging_mixin.py:188} INFO - [2025-11-01T02:03:44.574+0000] {dag.py:3036} INFO - Sync 1 DAGs
[2025-11-01T02:03:44.600+0000] {logging_mixin.py:188} INFO - [2025-11-01T02:03:44.600+0000] {dag.py:3823} INFO - Setting next_dagrun for load_csv_to_postgres to None, run_after=None
[2025-11-01T02:03:44.662+0000] {processor.py:183} INFO - Processing /opt/airflow/dags/dag_csv_to_postgres_dag.py took 0.229 seconds
[2025-11-01T02:04:15.237+0000] {processor.py:161} INFO - Started process (PID=225) to work on /opt/airflow/dags/dag_csv_to_postgres_dag.py
[2025-11-01T02:04:15.240+0000] {processor.py:830} INFO - Processing file /opt/airflow/dags/dag_csv_to_postgres_dag.py for tasks to queue
[2025-11-01T02:04:15.242+0000] {logging_mixin.py:188} INFO - [2025-11-01T02:04:15.241+0000] {dagbag.py:538} INFO - Filling up the DagBag from /opt/airflow/dags/dag_csv_to_postgres_dag.py
[2025-11-01T02:04:15.364+0000] {processor.py:840} INFO - DAG(s) 'load_csv_to_postgres' retrieved from /opt/airflow/dags/dag_csv_to_postgres_dag.py
[2025-11-01T02:04:15.476+0000] {logging_mixin.py:188} INFO - [2025-11-01T02:04:15.476+0000] {dag.py:3036} INFO - Sync 1 DAGs
[2025-11-01T02:04:15.501+0000] {logging_mixin.py:188} INFO - [2025-11-01T02:04:15.500+0000] {dag.py:3823} INFO - Setting next_dagrun for load_csv_to_postgres to None, run_after=None
[2025-11-01T02:04:15.803+0000] {processor.py:183} INFO - Processing /opt/airflow/dags/dag_csv_to_postgres_dag.py took 0.579 seconds
[2025-11-01T02:04:46.655+0000] {processor.py:161} INFO - Started process (PID=236) to work on /opt/airflow/dags/dag_csv_to_postgres_dag.py
[2025-11-01T02:04:46.692+0000] {processor.py:830} INFO - Processing file /opt/airflow/dags/dag_csv_to_postgres_dag.py for tasks to queue
[2025-11-01T02:04:46.696+0000] {logging_mixin.py:188} INFO - [2025-11-01T02:04:46.695+0000] {dagbag.py:538} INFO - Filling up the DagBag from /opt/airflow/dags/dag_csv_to_postgres_dag.py
[2025-11-01T02:04:46.771+0000] {processor.py:840} INFO - DAG(s) 'load_csv_to_postgres' retrieved from /opt/airflow/dags/dag_csv_to_postgres_dag.py
[2025-11-01T02:04:46.843+0000] {logging_mixin.py:188} INFO - [2025-11-01T02:04:46.842+0000] {dag.py:3036} INFO - Sync 1 DAGs
[2025-11-01T02:04:46.964+0000] {logging_mixin.py:188} INFO - [2025-11-01T02:04:46.964+0000] {dag.py:3823} INFO - Setting next_dagrun for load_csv_to_postgres to None, run_after=None
[2025-11-01T02:04:47.031+0000] {processor.py:183} INFO - Processing /opt/airflow/dags/dag_csv_to_postgres_dag.py took 0.393 seconds
[2025-11-01T02:05:17.438+0000] {processor.py:161} INFO - Started process (PID=247) to work on /opt/airflow/dags/dag_csv_to_postgres_dag.py
[2025-11-01T02:05:17.443+0000] {processor.py:830} INFO - Processing file /opt/airflow/dags/dag_csv_to_postgres_dag.py for tasks to queue
[2025-11-01T02:05:17.446+0000] {logging_mixin.py:188} INFO - [2025-11-01T02:05:17.445+0000] {dagbag.py:538} INFO - Filling up the DagBag from /opt/airflow/dags/dag_csv_to_postgres_dag.py
[2025-11-01T02:05:17.500+0000] {processor.py:840} INFO - DAG(s) 'load_csv_to_postgres' retrieved from /opt/airflow/dags/dag_csv_to_postgres_dag.py
[2025-11-01T02:05:17.604+0000] {logging_mixin.py:188} INFO - [2025-11-01T02:05:17.604+0000] {dag.py:3036} INFO - Sync 1 DAGs
[2025-11-01T02:05:17.658+0000] {logging_mixin.py:188} INFO - [2025-11-01T02:05:17.657+0000] {dag.py:3823} INFO - Setting next_dagrun for load_csv_to_postgres to None, run_after=None
[2025-11-01T02:05:17.782+0000] {processor.py:183} INFO - Processing /opt/airflow/dags/dag_csv_to_postgres_dag.py took 0.358 seconds
[2025-11-01T02:05:47.961+0000] {processor.py:161} INFO - Started process (PID=259) to work on /opt/airflow/dags/dag_csv_to_postgres_dag.py
[2025-11-01T02:05:47.964+0000] {processor.py:830} INFO - Processing file /opt/airflow/dags/dag_csv_to_postgres_dag.py for tasks to queue
[2025-11-01T02:05:47.966+0000] {logging_mixin.py:188} INFO - [2025-11-01T02:05:47.965+0000] {dagbag.py:538} INFO - Filling up the DagBag from /opt/airflow/dags/dag_csv_to_postgres_dag.py
[2025-11-01T02:05:47.996+0000] {processor.py:840} INFO - DAG(s) 'load_csv_to_postgres' retrieved from /opt/airflow/dags/dag_csv_to_postgres_dag.py
[2025-11-01T02:05:48.061+0000] {logging_mixin.py:188} INFO - [2025-11-01T02:05:48.061+0000] {dag.py:3036} INFO - Sync 1 DAGs
[2025-11-01T02:05:48.083+0000] {logging_mixin.py:188} INFO - [2025-11-01T02:05:48.083+0000] {dag.py:3823} INFO - Setting next_dagrun for load_csv_to_postgres to None, run_after=None
[2025-11-01T02:05:48.152+0000] {processor.py:183} INFO - Processing /opt/airflow/dags/dag_csv_to_postgres_dag.py took 0.201 seconds
[2025-11-01T02:06:18.978+0000] {processor.py:161} INFO - Started process (PID=271) to work on /opt/airflow/dags/dag_csv_to_postgres_dag.py
[2025-11-01T02:06:18.982+0000] {processor.py:830} INFO - Processing file /opt/airflow/dags/dag_csv_to_postgres_dag.py for tasks to queue
[2025-11-01T02:06:18.990+0000] {logging_mixin.py:188} INFO - [2025-11-01T02:06:18.989+0000] {dagbag.py:538} INFO - Filling up the DagBag from /opt/airflow/dags/dag_csv_to_postgres_dag.py
[2025-11-01T02:06:19.042+0000] {processor.py:840} INFO - DAG(s) 'load_csv_to_postgres' retrieved from /opt/airflow/dags/dag_csv_to_postgres_dag.py
[2025-11-01T02:06:19.181+0000] {logging_mixin.py:188} INFO - [2025-11-01T02:06:19.178+0000] {dag.py:3036} INFO - Sync 1 DAGs
[2025-11-01T02:06:19.219+0000] {logging_mixin.py:188} INFO - [2025-11-01T02:06:19.218+0000] {dag.py:3823} INFO - Setting next_dagrun for load_csv_to_postgres to None, run_after=None
[2025-11-01T02:06:19.284+0000] {processor.py:183} INFO - Processing /opt/airflow/dags/dag_csv_to_postgres_dag.py took 0.337 seconds
[2025-11-01T02:06:49.899+0000] {processor.py:161} INFO - Started process (PID=283) to work on /opt/airflow/dags/dag_csv_to_postgres_dag.py
[2025-11-01T02:06:49.904+0000] {processor.py:830} INFO - Processing file /opt/airflow/dags/dag_csv_to_postgres_dag.py for tasks to queue
[2025-11-01T02:06:49.907+0000] {logging_mixin.py:188} INFO - [2025-11-01T02:06:49.906+0000] {dagbag.py:538} INFO - Filling up the DagBag from /opt/airflow/dags/dag_csv_to_postgres_dag.py
[2025-11-01T02:06:49.965+0000] {processor.py:840} INFO - DAG(s) 'load_csv_to_postgres' retrieved from /opt/airflow/dags/dag_csv_to_postgres_dag.py
[2025-11-01T02:06:50.115+0000] {logging_mixin.py:188} INFO - [2025-11-01T02:06:50.115+0000] {dag.py:3036} INFO - Sync 1 DAGs
[2025-11-01T02:06:50.165+0000] {logging_mixin.py:188} INFO - [2025-11-01T02:06:50.164+0000] {dag.py:3823} INFO - Setting next_dagrun for load_csv_to_postgres to None, run_after=None
[2025-11-01T02:06:50.224+0000] {processor.py:183} INFO - Processing /opt/airflow/dags/dag_csv_to_postgres_dag.py took 0.337 seconds
[2025-11-01T02:07:20.878+0000] {processor.py:161} INFO - Started process (PID=295) to work on /opt/airflow/dags/dag_csv_to_postgres_dag.py
[2025-11-01T02:07:20.880+0000] {processor.py:830} INFO - Processing file /opt/airflow/dags/dag_csv_to_postgres_dag.py for tasks to queue
[2025-11-01T02:07:20.883+0000] {logging_mixin.py:188} INFO - [2025-11-01T02:07:20.881+0000] {dagbag.py:538} INFO - Filling up the DagBag from /opt/airflow/dags/dag_csv_to_postgres_dag.py
[2025-11-01T02:07:20.999+0000] {processor.py:840} INFO - DAG(s) 'load_csv_to_postgres' retrieved from /opt/airflow/dags/dag_csv_to_postgres_dag.py
[2025-11-01T02:07:21.094+0000] {logging_mixin.py:188} INFO - [2025-11-01T02:07:21.094+0000] {dag.py:3036} INFO - Sync 1 DAGs
[2025-11-01T02:07:21.128+0000] {logging_mixin.py:188} INFO - [2025-11-01T02:07:21.125+0000] {dag.py:3823} INFO - Setting next_dagrun for load_csv_to_postgres to None, run_after=None
[2025-11-01T02:07:21.193+0000] {processor.py:183} INFO - Processing /opt/airflow/dags/dag_csv_to_postgres_dag.py took 0.321 seconds
[2025-11-01T02:07:53.094+0000] {processor.py:161} INFO - Started process (PID=307) to work on /opt/airflow/dags/dag_csv_to_postgres_dag.py
[2025-11-01T02:07:53.096+0000] {processor.py:830} INFO - Processing file /opt/airflow/dags/dag_csv_to_postgres_dag.py for tasks to queue
[2025-11-01T02:07:53.099+0000] {logging_mixin.py:188} INFO - [2025-11-01T02:07:53.099+0000] {dagbag.py:538} INFO - Filling up the DagBag from /opt/airflow/dags/dag_csv_to_postgres_dag.py
[2025-11-01T02:07:53.146+0000] {processor.py:840} INFO - DAG(s) 'load_csv_to_postgres' retrieved from /opt/airflow/dags/dag_csv_to_postgres_dag.py
[2025-11-01T02:07:53.193+0000] {logging_mixin.py:188} INFO - [2025-11-01T02:07:53.192+0000] {dag.py:3036} INFO - Sync 1 DAGs
[2025-11-01T02:07:53.213+0000] {logging_mixin.py:188} INFO - [2025-11-01T02:07:53.213+0000] {dag.py:3823} INFO - Setting next_dagrun for load_csv_to_postgres to None, run_after=None
[2025-11-01T02:07:53.541+0000] {processor.py:183} INFO - Processing /opt/airflow/dags/dag_csv_to_postgres_dag.py took 0.457 seconds
[2025-11-01T02:08:25.294+0000] {processor.py:161} INFO - Started process (PID=319) to work on /opt/airflow/dags/dag_csv_to_postgres_dag.py
[2025-11-01T02:08:25.301+0000] {processor.py:830} INFO - Processing file /opt/airflow/dags/dag_csv_to_postgres_dag.py for tasks to queue
[2025-11-01T02:08:25.312+0000] {logging_mixin.py:188} INFO - [2025-11-01T02:08:25.309+0000] {dagbag.py:538} INFO - Filling up the DagBag from /opt/airflow/dags/dag_csv_to_postgres_dag.py
[2025-11-01T02:08:25.411+0000] {processor.py:840} INFO - DAG(s) 'load_csv_to_postgres' retrieved from /opt/airflow/dags/dag_csv_to_postgres_dag.py
[2025-11-01T02:08:25.584+0000] {logging_mixin.py:188} INFO - [2025-11-01T02:08:25.583+0000] {dag.py:3036} INFO - Sync 1 DAGs
[2025-11-01T02:08:25.663+0000] {logging_mixin.py:188} INFO - [2025-11-01T02:08:25.663+0000] {dag.py:3823} INFO - Setting next_dagrun for load_csv_to_postgres to None, run_after=None
[2025-11-01T02:08:25.760+0000] {processor.py:183} INFO - Processing /opt/airflow/dags/dag_csv_to_postgres_dag.py took 0.513 seconds
[2025-11-01T02:08:57.990+0000] {processor.py:161} INFO - Started process (PID=330) to work on /opt/airflow/dags/dag_csv_to_postgres_dag.py
[2025-11-01T02:08:57.992+0000] {processor.py:830} INFO - Processing file /opt/airflow/dags/dag_csv_to_postgres_dag.py for tasks to queue
[2025-11-01T02:08:57.995+0000] {logging_mixin.py:188} INFO - [2025-11-01T02:08:57.995+0000] {dagbag.py:538} INFO - Filling up the DagBag from /opt/airflow/dags/dag_csv_to_postgres_dag.py
[2025-11-01T02:08:58.044+0000] {processor.py:840} INFO - DAG(s) 'load_csv_to_postgres' retrieved from /opt/airflow/dags/dag_csv_to_postgres_dag.py
[2025-11-01T02:08:58.136+0000] {logging_mixin.py:188} INFO - [2025-11-01T02:08:58.135+0000] {dag.py:3036} INFO - Sync 1 DAGs
[2025-11-01T02:08:58.179+0000] {logging_mixin.py:188} INFO - [2025-11-01T02:08:58.179+0000] {dag.py:3823} INFO - Setting next_dagrun for load_csv_to_postgres to None, run_after=None
[2025-11-01T02:08:58.240+0000] {processor.py:183} INFO - Processing /opt/airflow/dags/dag_csv_to_postgres_dag.py took 0.262 seconds
[2025-11-01T02:09:30.597+0000] {processor.py:161} INFO - Started process (PID=342) to work on /opt/airflow/dags/dag_csv_to_postgres_dag.py
[2025-11-01T02:09:30.600+0000] {processor.py:830} INFO - Processing file /opt/airflow/dags/dag_csv_to_postgres_dag.py for tasks to queue
[2025-11-01T02:09:30.602+0000] {logging_mixin.py:188} INFO - [2025-11-01T02:09:30.601+0000] {dagbag.py:538} INFO - Filling up the DagBag from /opt/airflow/dags/dag_csv_to_postgres_dag.py
[2025-11-01T02:09:30.633+0000] {processor.py:840} INFO - DAG(s) 'load_csv_to_postgres' retrieved from /opt/airflow/dags/dag_csv_to_postgres_dag.py
[2025-11-01T02:09:30.714+0000] {logging_mixin.py:188} INFO - [2025-11-01T02:09:30.713+0000] {dag.py:3036} INFO - Sync 1 DAGs
[2025-11-01T02:09:30.751+0000] {logging_mixin.py:188} INFO - [2025-11-01T02:09:30.750+0000] {dag.py:3823} INFO - Setting next_dagrun for load_csv_to_postgres to None, run_after=None
[2025-11-01T02:09:31.101+0000] {processor.py:183} INFO - Processing /opt/airflow/dags/dag_csv_to_postgres_dag.py took 0.510 seconds
[2025-11-01T02:10:05.003+0000] {processor.py:161} INFO - Started process (PID=353) to work on /opt/airflow/dags/dag_csv_to_postgres_dag.py
[2025-11-01T02:10:05.010+0000] {processor.py:830} INFO - Processing file /opt/airflow/dags/dag_csv_to_postgres_dag.py for tasks to queue
[2025-11-01T02:10:05.013+0000] {logging_mixin.py:188} INFO - [2025-11-01T02:10:05.012+0000] {dagbag.py:538} INFO - Filling up the DagBag from /opt/airflow/dags/dag_csv_to_postgres_dag.py
[2025-11-01T02:10:05.085+0000] {processor.py:840} INFO - DAG(s) 'load_csv_to_postgres' retrieved from /opt/airflow/dags/dag_csv_to_postgres_dag.py
[2025-11-01T02:10:05.201+0000] {logging_mixin.py:188} INFO - [2025-11-01T02:10:05.200+0000] {dag.py:3036} INFO - Sync 1 DAGs
[2025-11-01T02:10:05.295+0000] {logging_mixin.py:188} INFO - [2025-11-01T02:10:05.294+0000] {dag.py:3823} INFO - Setting next_dagrun for load_csv_to_postgres to None, run_after=None
[2025-11-01T02:10:05.374+0000] {processor.py:183} INFO - Processing /opt/airflow/dags/dag_csv_to_postgres_dag.py took 0.388 seconds
[2025-11-01T02:10:36.389+0000] {processor.py:161} INFO - Started process (PID=365) to work on /opt/airflow/dags/dag_csv_to_postgres_dag.py
[2025-11-01T02:10:36.391+0000] {processor.py:830} INFO - Processing file /opt/airflow/dags/dag_csv_to_postgres_dag.py for tasks to queue
[2025-11-01T02:10:36.397+0000] {logging_mixin.py:188} INFO - [2025-11-01T02:10:36.396+0000] {dagbag.py:538} INFO - Filling up the DagBag from /opt/airflow/dags/dag_csv_to_postgres_dag.py
[2025-11-01T02:10:36.439+0000] {processor.py:840} INFO - DAG(s) 'load_csv_to_postgres' retrieved from /opt/airflow/dags/dag_csv_to_postgres_dag.py
[2025-11-01T02:10:36.517+0000] {logging_mixin.py:188} INFO - [2025-11-01T02:10:36.517+0000] {dag.py:3036} INFO - Sync 1 DAGs
[2025-11-01T02:10:36.541+0000] {logging_mixin.py:188} INFO - [2025-11-01T02:10:36.541+0000] {dag.py:3823} INFO - Setting next_dagrun for load_csv_to_postgres to None, run_after=None
[2025-11-01T02:10:36.626+0000] {processor.py:183} INFO - Processing /opt/airflow/dags/dag_csv_to_postgres_dag.py took 0.251 seconds
[2025-11-01T02:11:08.688+0000] {processor.py:161} INFO - Started process (PID=377) to work on /opt/airflow/dags/dag_csv_to_postgres_dag.py
[2025-11-01T02:11:08.690+0000] {processor.py:830} INFO - Processing file /opt/airflow/dags/dag_csv_to_postgres_dag.py for tasks to queue
[2025-11-01T02:11:08.692+0000] {logging_mixin.py:188} INFO - [2025-11-01T02:11:08.691+0000] {dagbag.py:538} INFO - Filling up the DagBag from /opt/airflow/dags/dag_csv_to_postgres_dag.py
[2025-11-01T02:11:08.718+0000] {processor.py:840} INFO - DAG(s) 'load_csv_to_postgres' retrieved from /opt/airflow/dags/dag_csv_to_postgres_dag.py
[2025-11-01T02:11:08.771+0000] {logging_mixin.py:188} INFO - [2025-11-01T02:11:08.770+0000] {dag.py:3036} INFO - Sync 1 DAGs
[2025-11-01T02:11:08.791+0000] {logging_mixin.py:188} INFO - [2025-11-01T02:11:08.791+0000] {dag.py:3823} INFO - Setting next_dagrun for load_csv_to_postgres to None, run_after=None
[2025-11-01T02:11:08.885+0000] {processor.py:183} INFO - Processing /opt/airflow/dags/dag_csv_to_postgres_dag.py took 0.209 seconds
[2025-11-01T02:11:42.019+0000] {processor.py:161} INFO - Started process (PID=389) to work on /opt/airflow/dags/dag_csv_to_postgres_dag.py
[2025-11-01T02:11:42.022+0000] {processor.py:830} INFO - Processing file /opt/airflow/dags/dag_csv_to_postgres_dag.py for tasks to queue
[2025-11-01T02:11:42.024+0000] {logging_mixin.py:188} INFO - [2025-11-01T02:11:42.023+0000] {dagbag.py:538} INFO - Filling up the DagBag from /opt/airflow/dags/dag_csv_to_postgres_dag.py
[2025-11-01T02:11:42.052+0000] {processor.py:840} INFO - DAG(s) 'load_csv_to_postgres' retrieved from /opt/airflow/dags/dag_csv_to_postgres_dag.py
[2025-11-01T02:11:42.132+0000] {logging_mixin.py:188} INFO - [2025-11-01T02:11:42.132+0000] {dag.py:3036} INFO - Sync 1 DAGs
[2025-11-01T02:11:42.151+0000] {logging_mixin.py:188} INFO - [2025-11-01T02:11:42.150+0000] {dag.py:3823} INFO - Setting next_dagrun for load_csv_to_postgres to None, run_after=None
[2025-11-01T02:11:42.394+0000] {processor.py:183} INFO - Processing /opt/airflow/dags/dag_csv_to_postgres_dag.py took 0.381 seconds
[2025-11-01T02:12:15.145+0000] {processor.py:161} INFO - Started process (PID=400) to work on /opt/airflow/dags/dag_csv_to_postgres_dag.py
[2025-11-01T02:12:15.148+0000] {processor.py:830} INFO - Processing file /opt/airflow/dags/dag_csv_to_postgres_dag.py for tasks to queue
[2025-11-01T02:12:15.150+0000] {logging_mixin.py:188} INFO - [2025-11-01T02:12:15.150+0000] {dagbag.py:538} INFO - Filling up the DagBag from /opt/airflow/dags/dag_csv_to_postgres_dag.py
[2025-11-01T02:12:15.189+0000] {processor.py:840} INFO - DAG(s) 'load_csv_to_postgres' retrieved from /opt/airflow/dags/dag_csv_to_postgres_dag.py
[2025-11-01T02:12:15.267+0000] {logging_mixin.py:188} INFO - [2025-11-01T02:12:15.266+0000] {dag.py:3036} INFO - Sync 1 DAGs
[2025-11-01T02:12:15.295+0000] {logging_mixin.py:188} INFO - [2025-11-01T02:12:15.295+0000] {dag.py:3823} INFO - Setting next_dagrun for load_csv_to_postgres to None, run_after=None
[2025-11-01T02:12:15.381+0000] {processor.py:183} INFO - Processing /opt/airflow/dags/dag_csv_to_postgres_dag.py took 0.251 seconds
[2025-11-01T02:12:47.511+0000] {processor.py:161} INFO - Started process (PID=412) to work on /opt/airflow/dags/dag_csv_to_postgres_dag.py
[2025-11-01T02:12:47.514+0000] {processor.py:830} INFO - Processing file /opt/airflow/dags/dag_csv_to_postgres_dag.py for tasks to queue
[2025-11-01T02:12:47.518+0000] {logging_mixin.py:188} INFO - [2025-11-01T02:12:47.516+0000] {dagbag.py:538} INFO - Filling up the DagBag from /opt/airflow/dags/dag_csv_to_postgres_dag.py
[2025-11-01T02:12:47.620+0000] {processor.py:840} INFO - DAG(s) 'load_csv_to_postgres' retrieved from /opt/airflow/dags/dag_csv_to_postgres_dag.py
[2025-11-01T02:12:47.725+0000] {logging_mixin.py:188} INFO - [2025-11-01T02:12:47.724+0000] {dag.py:3036} INFO - Sync 1 DAGs
[2025-11-01T02:12:47.778+0000] {logging_mixin.py:188} INFO - [2025-11-01T02:12:47.777+0000] {dag.py:3823} INFO - Setting next_dagrun for load_csv_to_postgres to None, run_after=None
[2025-11-01T02:12:47.840+0000] {processor.py:183} INFO - Processing /opt/airflow/dags/dag_csv_to_postgres_dag.py took 0.342 seconds
[2025-11-01T02:13:20.075+0000] {processor.py:161} INFO - Started process (PID=424) to work on /opt/airflow/dags/dag_csv_to_postgres_dag.py
[2025-11-01T02:13:20.081+0000] {processor.py:830} INFO - Processing file /opt/airflow/dags/dag_csv_to_postgres_dag.py for tasks to queue
[2025-11-01T02:13:20.085+0000] {logging_mixin.py:188} INFO - [2025-11-01T02:13:20.084+0000] {dagbag.py:538} INFO - Filling up the DagBag from /opt/airflow/dags/dag_csv_to_postgres_dag.py
[2025-11-01T02:13:20.118+0000] {processor.py:840} INFO - DAG(s) 'load_csv_to_postgres' retrieved from /opt/airflow/dags/dag_csv_to_postgres_dag.py
[2025-11-01T02:13:20.250+0000] {logging_mixin.py:188} INFO - [2025-11-01T02:13:20.250+0000] {dag.py:3036} INFO - Sync 1 DAGs
[2025-11-01T02:13:20.302+0000] {logging_mixin.py:188} INFO - [2025-11-01T02:13:20.302+0000] {dag.py:3823} INFO - Setting next_dagrun for load_csv_to_postgres to None, run_after=None
[2025-11-01T02:13:20.346+0000] {processor.py:183} INFO - Processing /opt/airflow/dags/dag_csv_to_postgres_dag.py took 0.283 seconds
[2025-11-01T02:13:52.804+0000] {processor.py:161} INFO - Started process (PID=436) to work on /opt/airflow/dags/dag_csv_to_postgres_dag.py
[2025-11-01T02:13:52.807+0000] {processor.py:830} INFO - Processing file /opt/airflow/dags/dag_csv_to_postgres_dag.py for tasks to queue
[2025-11-01T02:13:52.810+0000] {logging_mixin.py:188} INFO - [2025-11-01T02:13:52.809+0000] {dagbag.py:538} INFO - Filling up the DagBag from /opt/airflow/dags/dag_csv_to_postgres_dag.py
[2025-11-01T02:13:52.852+0000] {processor.py:840} INFO - DAG(s) 'load_csv_to_postgres' retrieved from /opt/airflow/dags/dag_csv_to_postgres_dag.py
[2025-11-01T02:13:52.941+0000] {logging_mixin.py:188} INFO - [2025-11-01T02:13:52.941+0000] {dag.py:3036} INFO - Sync 1 DAGs
[2025-11-01T02:13:52.969+0000] {logging_mixin.py:188} INFO - [2025-11-01T02:13:52.968+0000] {dag.py:3823} INFO - Setting next_dagrun for load_csv_to_postgres to None, run_after=None
[2025-11-01T02:13:53.259+0000] {processor.py:183} INFO - Processing /opt/airflow/dags/dag_csv_to_postgres_dag.py took 0.466 seconds
[2025-11-01T02:14:26.200+0000] {processor.py:161} INFO - Started process (PID=448) to work on /opt/airflow/dags/dag_csv_to_postgres_dag.py
[2025-11-01T02:14:26.203+0000] {processor.py:830} INFO - Processing file /opt/airflow/dags/dag_csv_to_postgres_dag.py for tasks to queue
[2025-11-01T02:14:26.205+0000] {logging_mixin.py:188} INFO - [2025-11-01T02:14:26.205+0000] {dagbag.py:538} INFO - Filling up the DagBag from /opt/airflow/dags/dag_csv_to_postgres_dag.py
[2025-11-01T02:14:26.239+0000] {processor.py:840} INFO - DAG(s) 'load_csv_to_postgres' retrieved from /opt/airflow/dags/dag_csv_to_postgres_dag.py
[2025-11-01T02:14:26.308+0000] {logging_mixin.py:188} INFO - [2025-11-01T02:14:26.307+0000] {dag.py:3036} INFO - Sync 1 DAGs
[2025-11-01T02:14:26.399+0000] {logging_mixin.py:188} INFO - [2025-11-01T02:14:26.399+0000] {dag.py:3823} INFO - Setting next_dagrun for load_csv_to_postgres to None, run_after=None
[2025-11-01T02:14:26.526+0000] {processor.py:183} INFO - Processing /opt/airflow/dags/dag_csv_to_postgres_dag.py took 0.333 seconds
[2025-11-01T02:15:02.930+0000] {processor.py:161} INFO - Started process (PID=461) to work on /opt/airflow/dags/dag_csv_to_postgres_dag.py
[2025-11-01T02:15:02.956+0000] {processor.py:830} INFO - Processing file /opt/airflow/dags/dag_csv_to_postgres_dag.py for tasks to queue
[2025-11-01T02:15:02.960+0000] {logging_mixin.py:188} INFO - [2025-11-01T02:15:02.959+0000] {dagbag.py:538} INFO - Filling up the DagBag from /opt/airflow/dags/dag_csv_to_postgres_dag.py
[2025-11-01T02:15:03.679+0000] {processor.py:840} INFO - DAG(s) 'load_csv_to_postgres' retrieved from /opt/airflow/dags/dag_csv_to_postgres_dag.py
[2025-11-01T02:15:03.936+0000] {logging_mixin.py:188} INFO - [2025-11-01T02:15:03.935+0000] {dag.py:3036} INFO - Sync 1 DAGs
[2025-11-01T02:15:04.197+0000] {logging_mixin.py:188} INFO - [2025-11-01T02:15:04.196+0000] {dag.py:3823} INFO - Setting next_dagrun for load_csv_to_postgres to None, run_after=None
[2025-11-01T02:15:04.538+0000] {processor.py:183} INFO - Processing /opt/airflow/dags/dag_csv_to_postgres_dag.py took 1.637 seconds
[2025-11-01T02:15:38.584+0000] {processor.py:161} INFO - Started process (PID=473) to work on /opt/airflow/dags/dag_csv_to_postgres_dag.py
[2025-11-01T02:15:38.596+0000] {processor.py:830} INFO - Processing file /opt/airflow/dags/dag_csv_to_postgres_dag.py for tasks to queue
[2025-11-01T02:15:38.598+0000] {logging_mixin.py:188} INFO - [2025-11-01T02:15:38.598+0000] {dagbag.py:538} INFO - Filling up the DagBag from /opt/airflow/dags/dag_csv_to_postgres_dag.py
[2025-11-01T02:15:38.647+0000] {processor.py:840} INFO - DAG(s) 'load_csv_to_postgres' retrieved from /opt/airflow/dags/dag_csv_to_postgres_dag.py
[2025-11-01T02:15:38.843+0000] {logging_mixin.py:188} INFO - [2025-11-01T02:15:38.842+0000] {dag.py:3036} INFO - Sync 1 DAGs
[2025-11-01T02:15:38.878+0000] {logging_mixin.py:188} INFO - [2025-11-01T02:15:38.878+0000] {dag.py:3823} INFO - Setting next_dagrun for load_csv_to_postgres to None, run_after=None
[2025-11-01T02:15:39.034+0000] {processor.py:183} INFO - Processing /opt/airflow/dags/dag_csv_to_postgres_dag.py took 0.479 seconds
[2025-11-01T02:16:10.260+0000] {processor.py:161} INFO - Started process (PID=485) to work on /opt/airflow/dags/dag_csv_to_postgres_dag.py
[2025-11-01T02:16:10.275+0000] {processor.py:830} INFO - Processing file /opt/airflow/dags/dag_csv_to_postgres_dag.py for tasks to queue
[2025-11-01T02:16:10.289+0000] {logging_mixin.py:188} INFO - [2025-11-01T02:16:10.288+0000] {dagbag.py:538} INFO - Filling up the DagBag from /opt/airflow/dags/dag_csv_to_postgres_dag.py
[2025-11-01T02:16:10.424+0000] {processor.py:840} INFO - DAG(s) 'load_csv_to_postgres' retrieved from /opt/airflow/dags/dag_csv_to_postgres_dag.py
[2025-11-01T02:16:10.608+0000] {logging_mixin.py:188} INFO - [2025-11-01T02:16:10.607+0000] {dag.py:3036} INFO - Sync 1 DAGs
[2025-11-01T02:16:10.660+0000] {logging_mixin.py:188} INFO - [2025-11-01T02:16:10.653+0000] {dag.py:3823} INFO - Setting next_dagrun for load_csv_to_postgres to None, run_after=None
[2025-11-01T02:16:10.853+0000] {processor.py:183} INFO - Processing /opt/airflow/dags/dag_csv_to_postgres_dag.py took 0.608 seconds
[2025-11-01T02:16:41.527+0000] {processor.py:161} INFO - Started process (PID=495) to work on /opt/airflow/dags/dag_csv_to_postgres_dag.py
[2025-11-01T02:16:41.537+0000] {processor.py:830} INFO - Processing file /opt/airflow/dags/dag_csv_to_postgres_dag.py for tasks to queue
[2025-11-01T02:16:41.541+0000] {logging_mixin.py:188} INFO - [2025-11-01T02:16:41.540+0000] {dagbag.py:538} INFO - Filling up the DagBag from /opt/airflow/dags/dag_csv_to_postgres_dag.py
[2025-11-01T02:16:41.673+0000] {processor.py:840} INFO - DAG(s) 'load_csv_to_postgres' retrieved from /opt/airflow/dags/dag_csv_to_postgres_dag.py
[2025-11-01T02:16:41.805+0000] {logging_mixin.py:188} INFO - [2025-11-01T02:16:41.804+0000] {dag.py:3036} INFO - Sync 1 DAGs
[2025-11-01T02:16:41.900+0000] {logging_mixin.py:188} INFO - [2025-11-01T02:16:41.899+0000] {dag.py:3823} INFO - Setting next_dagrun for load_csv_to_postgres to None, run_after=None
[2025-11-01T02:16:42.164+0000] {processor.py:183} INFO - Processing /opt/airflow/dags/dag_csv_to_postgres_dag.py took 0.654 seconds
[2025-11-01T02:17:12.407+0000] {processor.py:161} INFO - Started process (PID=507) to work on /opt/airflow/dags/dag_csv_to_postgres_dag.py
[2025-11-01T02:17:12.409+0000] {processor.py:830} INFO - Processing file /opt/airflow/dags/dag_csv_to_postgres_dag.py for tasks to queue
[2025-11-01T02:17:12.416+0000] {logging_mixin.py:188} INFO - [2025-11-01T02:17:12.415+0000] {dagbag.py:538} INFO - Filling up the DagBag from /opt/airflow/dags/dag_csv_to_postgres_dag.py
[2025-11-01T02:17:12.497+0000] {processor.py:840} INFO - DAG(s) 'load_csv_to_postgres' retrieved from /opt/airflow/dags/dag_csv_to_postgres_dag.py
[2025-11-01T02:17:12.685+0000] {logging_mixin.py:188} INFO - [2025-11-01T02:17:12.684+0000] {dag.py:3036} INFO - Sync 1 DAGs
[2025-11-01T02:17:12.774+0000] {logging_mixin.py:188} INFO - [2025-11-01T02:17:12.774+0000] {dag.py:3823} INFO - Setting next_dagrun for load_csv_to_postgres to None, run_after=None
[2025-11-01T02:17:13.072+0000] {processor.py:183} INFO - Processing /opt/airflow/dags/dag_csv_to_postgres_dag.py took 0.682 seconds
[2025-11-01T02:17:43.601+0000] {processor.py:161} INFO - Started process (PID=518) to work on /opt/airflow/dags/dag_csv_to_postgres_dag.py
[2025-11-01T02:17:43.603+0000] {processor.py:830} INFO - Processing file /opt/airflow/dags/dag_csv_to_postgres_dag.py for tasks to queue
[2025-11-01T02:17:43.605+0000] {logging_mixin.py:188} INFO - [2025-11-01T02:17:43.605+0000] {dagbag.py:538} INFO - Filling up the DagBag from /opt/airflow/dags/dag_csv_to_postgres_dag.py
[2025-11-01T02:17:43.654+0000] {processor.py:840} INFO - DAG(s) 'load_csv_to_postgres' retrieved from /opt/airflow/dags/dag_csv_to_postgres_dag.py
[2025-11-01T02:17:43.798+0000] {logging_mixin.py:188} INFO - [2025-11-01T02:17:43.787+0000] {dag.py:3036} INFO - Sync 1 DAGs
[2025-11-01T02:17:43.866+0000] {logging_mixin.py:188} INFO - [2025-11-01T02:17:43.865+0000] {dag.py:3823} INFO - Setting next_dagrun for load_csv_to_postgres to None, run_after=None
[2025-11-01T02:17:43.992+0000] {processor.py:183} INFO - Processing /opt/airflow/dags/dag_csv_to_postgres_dag.py took 0.397 seconds
[2025-11-01T02:18:16.508+0000] {processor.py:161} INFO - Started process (PID=531) to work on /opt/airflow/dags/dag_csv_to_postgres_dag.py
[2025-11-01T02:18:16.511+0000] {processor.py:830} INFO - Processing file /opt/airflow/dags/dag_csv_to_postgres_dag.py for tasks to queue
[2025-11-01T02:18:16.514+0000] {logging_mixin.py:188} INFO - [2025-11-01T02:18:16.513+0000] {dagbag.py:538} INFO - Filling up the DagBag from /opt/airflow/dags/dag_csv_to_postgres_dag.py
[2025-11-01T02:18:16.551+0000] {processor.py:840} INFO - DAG(s) 'load_csv_to_postgres' retrieved from /opt/airflow/dags/dag_csv_to_postgres_dag.py
[2025-11-01T02:18:16.596+0000] {logging_mixin.py:188} INFO - [2025-11-01T02:18:16.596+0000] {dag.py:3036} INFO - Sync 1 DAGs
[2025-11-01T02:18:16.617+0000] {logging_mixin.py:188} INFO - [2025-11-01T02:18:16.616+0000] {dag.py:3823} INFO - Setting next_dagrun for load_csv_to_postgres to None, run_after=None
[2025-11-01T02:18:16.657+0000] {processor.py:183} INFO - Processing /opt/airflow/dags/dag_csv_to_postgres_dag.py took 0.163 seconds
[2025-11-01T02:18:51.054+0000] {processor.py:161} INFO - Started process (PID=544) to work on /opt/airflow/dags/dag_csv_to_postgres_dag.py
[2025-11-01T02:18:51.057+0000] {processor.py:830} INFO - Processing file /opt/airflow/dags/dag_csv_to_postgres_dag.py for tasks to queue
[2025-11-01T02:18:51.059+0000] {logging_mixin.py:188} INFO - [2025-11-01T02:18:51.058+0000] {dagbag.py:538} INFO - Filling up the DagBag from /opt/airflow/dags/dag_csv_to_postgres_dag.py
[2025-11-01T02:18:51.110+0000] {processor.py:840} INFO - DAG(s) 'load_csv_to_postgres' retrieved from /opt/airflow/dags/dag_csv_to_postgres_dag.py
[2025-11-01T02:18:51.265+0000] {logging_mixin.py:188} INFO - [2025-11-01T02:18:51.264+0000] {dag.py:3036} INFO - Sync 1 DAGs
[2025-11-01T02:18:51.370+0000] {logging_mixin.py:188} INFO - [2025-11-01T02:18:51.369+0000] {dag.py:3823} INFO - Setting next_dagrun for load_csv_to_postgres to None, run_after=None
[2025-11-01T02:18:51.809+0000] {processor.py:183} INFO - Processing /opt/airflow/dags/dag_csv_to_postgres_dag.py took 0.765 seconds
[2025-11-01T02:19:22.448+0000] {processor.py:161} INFO - Started process (PID=556) to work on /opt/airflow/dags/dag_csv_to_postgres_dag.py
[2025-11-01T02:19:22.458+0000] {processor.py:830} INFO - Processing file /opt/airflow/dags/dag_csv_to_postgres_dag.py for tasks to queue
[2025-11-01T02:19:22.461+0000] {logging_mixin.py:188} INFO - [2025-11-01T02:19:22.459+0000] {dagbag.py:538} INFO - Filling up the DagBag from /opt/airflow/dags/dag_csv_to_postgres_dag.py
[2025-11-01T02:19:22.508+0000] {processor.py:840} INFO - DAG(s) 'load_csv_to_postgres' retrieved from /opt/airflow/dags/dag_csv_to_postgres_dag.py
[2025-11-01T02:19:22.978+0000] {logging_mixin.py:188} INFO - [2025-11-01T02:19:22.977+0000] {dag.py:3036} INFO - Sync 1 DAGs
[2025-11-01T02:19:23.053+0000] {logging_mixin.py:188} INFO - [2025-11-01T02:19:23.052+0000] {dag.py:3823} INFO - Setting next_dagrun for load_csv_to_postgres to None, run_after=None
[2025-11-01T02:19:23.190+0000] {processor.py:183} INFO - Processing /opt/airflow/dags/dag_csv_to_postgres_dag.py took 0.766 seconds
[2025-11-01T02:19:53.545+0000] {processor.py:161} INFO - Started process (PID=568) to work on /opt/airflow/dags/dag_csv_to_postgres_dag.py
[2025-11-01T02:19:53.551+0000] {processor.py:830} INFO - Processing file /opt/airflow/dags/dag_csv_to_postgres_dag.py for tasks to queue
[2025-11-01T02:19:53.557+0000] {logging_mixin.py:188} INFO - [2025-11-01T02:19:53.557+0000] {dagbag.py:538} INFO - Filling up the DagBag from /opt/airflow/dags/dag_csv_to_postgres_dag.py
[2025-11-01T02:19:53.688+0000] {processor.py:840} INFO - DAG(s) 'load_csv_to_postgres' retrieved from /opt/airflow/dags/dag_csv_to_postgres_dag.py
[2025-11-01T02:19:53.899+0000] {logging_mixin.py:188} INFO - [2025-11-01T02:19:53.898+0000] {dag.py:3036} INFO - Sync 1 DAGs
[2025-11-01T02:19:53.931+0000] {logging_mixin.py:188} INFO - [2025-11-01T02:19:53.930+0000] {dag.py:3823} INFO - Setting next_dagrun for load_csv_to_postgres to None, run_after=None
[2025-11-01T02:19:54.308+0000] {processor.py:183} INFO - Processing /opt/airflow/dags/dag_csv_to_postgres_dag.py took 0.774 seconds
[2025-11-01T02:20:29.366+0000] {processor.py:161} INFO - Started process (PID=580) to work on /opt/airflow/dags/dag_csv_to_postgres_dag.py
[2025-11-01T02:20:29.371+0000] {processor.py:830} INFO - Processing file /opt/airflow/dags/dag_csv_to_postgres_dag.py for tasks to queue
[2025-11-01T02:20:29.375+0000] {logging_mixin.py:188} INFO - [2025-11-01T02:20:29.374+0000] {dagbag.py:538} INFO - Filling up the DagBag from /opt/airflow/dags/dag_csv_to_postgres_dag.py
[2025-11-01T02:20:29.594+0000] {processor.py:840} INFO - DAG(s) 'load_csv_to_postgres' retrieved from /opt/airflow/dags/dag_csv_to_postgres_dag.py
[2025-11-01T02:20:29.772+0000] {logging_mixin.py:188} INFO - [2025-11-01T02:20:29.771+0000] {dag.py:3036} INFO - Sync 1 DAGs
[2025-11-01T02:20:29.864+0000] {logging_mixin.py:188} INFO - [2025-11-01T02:20:29.863+0000] {dag.py:3823} INFO - Setting next_dagrun for load_csv_to_postgres to None, run_after=None
[2025-11-01T02:20:30.077+0000] {processor.py:183} INFO - Processing /opt/airflow/dags/dag_csv_to_postgres_dag.py took 0.728 seconds
[2025-11-01T02:21:00.380+0000] {processor.py:161} INFO - Started process (PID=591) to work on /opt/airflow/dags/dag_csv_to_postgres_dag.py
[2025-11-01T02:21:00.383+0000] {processor.py:830} INFO - Processing file /opt/airflow/dags/dag_csv_to_postgres_dag.py for tasks to queue
[2025-11-01T02:21:00.386+0000] {logging_mixin.py:188} INFO - [2025-11-01T02:21:00.385+0000] {dagbag.py:538} INFO - Filling up the DagBag from /opt/airflow/dags/dag_csv_to_postgres_dag.py
[2025-11-01T02:21:00.440+0000] {processor.py:840} INFO - DAG(s) 'load_csv_to_postgres' retrieved from /opt/airflow/dags/dag_csv_to_postgres_dag.py
[2025-11-01T02:21:00.523+0000] {logging_mixin.py:188} INFO - [2025-11-01T02:21:00.523+0000] {dag.py:3036} INFO - Sync 1 DAGs
[2025-11-01T02:21:00.555+0000] {logging_mixin.py:188} INFO - [2025-11-01T02:21:00.555+0000] {dag.py:3823} INFO - Setting next_dagrun for load_csv_to_postgres to None, run_after=None
[2025-11-01T02:21:00.725+0000] {processor.py:183} INFO - Processing /opt/airflow/dags/dag_csv_to_postgres_dag.py took 0.353 seconds
[2025-11-01T02:21:32.140+0000] {processor.py:161} INFO - Started process (PID=602) to work on /opt/airflow/dags/dag_csv_to_postgres_dag.py
[2025-11-01T02:21:32.142+0000] {processor.py:830} INFO - Processing file /opt/airflow/dags/dag_csv_to_postgres_dag.py for tasks to queue
[2025-11-01T02:21:32.144+0000] {logging_mixin.py:188} INFO - [2025-11-01T02:21:32.144+0000] {dagbag.py:538} INFO - Filling up the DagBag from /opt/airflow/dags/dag_csv_to_postgres_dag.py
[2025-11-01T02:21:32.241+0000] {processor.py:840} INFO - DAG(s) 'load_csv_to_postgres' retrieved from /opt/airflow/dags/dag_csv_to_postgres_dag.py
[2025-11-01T02:21:32.357+0000] {logging_mixin.py:188} INFO - [2025-11-01T02:21:32.357+0000] {dag.py:3036} INFO - Sync 1 DAGs
[2025-11-01T02:21:32.384+0000] {logging_mixin.py:188} INFO - [2025-11-01T02:21:32.384+0000] {dag.py:3823} INFO - Setting next_dagrun for load_csv_to_postgres to None, run_after=None
[2025-11-01T02:21:32.556+0000] {processor.py:183} INFO - Processing /opt/airflow/dags/dag_csv_to_postgres_dag.py took 0.424 seconds
[2025-11-01T02:22:05.753+0000] {processor.py:161} INFO - Started process (PID=614) to work on /opt/airflow/dags/dag_csv_to_postgres_dag.py
[2025-11-01T02:22:05.763+0000] {processor.py:830} INFO - Processing file /opt/airflow/dags/dag_csv_to_postgres_dag.py for tasks to queue
[2025-11-01T02:22:05.804+0000] {logging_mixin.py:188} INFO - [2025-11-01T02:22:05.804+0000] {dagbag.py:538} INFO - Filling up the DagBag from /opt/airflow/dags/dag_csv_to_postgres_dag.py
[2025-11-01T02:22:05.885+0000] {processor.py:840} INFO - DAG(s) 'load_csv_to_postgres' retrieved from /opt/airflow/dags/dag_csv_to_postgres_dag.py
[2025-11-01T02:22:06.052+0000] {logging_mixin.py:188} INFO - [2025-11-01T02:22:06.052+0000] {dag.py:3036} INFO - Sync 1 DAGs
[2025-11-01T02:22:06.089+0000] {logging_mixin.py:188} INFO - [2025-11-01T02:22:06.089+0000] {dag.py:3823} INFO - Setting next_dagrun for load_csv_to_postgres to None, run_after=None
[2025-11-01T02:22:06.166+0000] {processor.py:183} INFO - Processing /opt/airflow/dags/dag_csv_to_postgres_dag.py took 0.430 seconds
[2025-11-01T02:22:40.894+0000] {processor.py:161} INFO - Started process (PID=625) to work on /opt/airflow/dags/dag_csv_to_postgres_dag.py
[2025-11-01T02:22:40.953+0000] {processor.py:830} INFO - Processing file /opt/airflow/dags/dag_csv_to_postgres_dag.py for tasks to queue
[2025-11-01T02:22:40.960+0000] {logging_mixin.py:188} INFO - [2025-11-01T02:22:40.959+0000] {dagbag.py:538} INFO - Filling up the DagBag from /opt/airflow/dags/dag_csv_to_postgres_dag.py
[2025-11-01T02:22:41.098+0000] {processor.py:840} INFO - DAG(s) 'load_csv_to_postgres' retrieved from /opt/airflow/dags/dag_csv_to_postgres_dag.py
[2025-11-01T02:22:41.298+0000] {logging_mixin.py:188} INFO - [2025-11-01T02:22:41.298+0000] {dag.py:3036} INFO - Sync 1 DAGs
[2025-11-01T02:22:41.370+0000] {logging_mixin.py:188} INFO - [2025-11-01T02:22:41.370+0000] {dag.py:3823} INFO - Setting next_dagrun for load_csv_to_postgres to None, run_after=None
[2025-11-01T02:22:41.530+0000] {processor.py:183} INFO - Processing /opt/airflow/dags/dag_csv_to_postgres_dag.py took 0.651 seconds
[2025-11-01T02:23:12.017+0000] {processor.py:161} INFO - Started process (PID=637) to work on /opt/airflow/dags/dag_csv_to_postgres_dag.py
[2025-11-01T02:23:12.020+0000] {processor.py:830} INFO - Processing file /opt/airflow/dags/dag_csv_to_postgres_dag.py for tasks to queue
[2025-11-01T02:23:12.024+0000] {logging_mixin.py:188} INFO - [2025-11-01T02:23:12.023+0000] {dagbag.py:538} INFO - Filling up the DagBag from /opt/airflow/dags/dag_csv_to_postgres_dag.py
[2025-11-01T02:23:12.072+0000] {processor.py:840} INFO - DAG(s) 'load_csv_to_postgres' retrieved from /opt/airflow/dags/dag_csv_to_postgres_dag.py
[2025-11-01T02:23:12.166+0000] {logging_mixin.py:188} INFO - [2025-11-01T02:23:12.166+0000] {dag.py:3036} INFO - Sync 1 DAGs
[2025-11-01T02:23:12.212+0000] {logging_mixin.py:188} INFO - [2025-11-01T02:23:12.211+0000] {dag.py:3823} INFO - Setting next_dagrun for load_csv_to_postgres to None, run_after=None
[2025-11-01T02:23:12.320+0000] {processor.py:183} INFO - Processing /opt/airflow/dags/dag_csv_to_postgres_dag.py took 0.311 seconds
[2025-11-01T02:23:43.730+0000] {processor.py:161} INFO - Started process (PID=649) to work on /opt/airflow/dags/dag_csv_to_postgres_dag.py
[2025-11-01T02:23:43.734+0000] {processor.py:830} INFO - Processing file /opt/airflow/dags/dag_csv_to_postgres_dag.py for tasks to queue
[2025-11-01T02:23:43.737+0000] {logging_mixin.py:188} INFO - [2025-11-01T02:23:43.736+0000] {dagbag.py:538} INFO - Filling up the DagBag from /opt/airflow/dags/dag_csv_to_postgres_dag.py
[2025-11-01T02:23:43.836+0000] {processor.py:840} INFO - DAG(s) 'load_csv_to_postgres' retrieved from /opt/airflow/dags/dag_csv_to_postgres_dag.py
[2025-11-01T02:23:43.967+0000] {logging_mixin.py:188} INFO - [2025-11-01T02:23:43.967+0000] {dag.py:3036} INFO - Sync 1 DAGs
[2025-11-01T02:23:44.012+0000] {logging_mixin.py:188} INFO - [2025-11-01T02:23:44.011+0000] {dag.py:3823} INFO - Setting next_dagrun for load_csv_to_postgres to None, run_after=None
[2025-11-01T02:23:44.177+0000] {processor.py:183} INFO - Processing /opt/airflow/dags/dag_csv_to_postgres_dag.py took 0.465 seconds
[2025-11-01T02:24:16.950+0000] {processor.py:161} INFO - Started process (PID=661) to work on /opt/airflow/dags/dag_csv_to_postgres_dag.py
[2025-11-01T02:24:16.958+0000] {processor.py:830} INFO - Processing file /opt/airflow/dags/dag_csv_to_postgres_dag.py for tasks to queue
[2025-11-01T02:24:16.962+0000] {logging_mixin.py:188} INFO - [2025-11-01T02:24:16.962+0000] {dagbag.py:538} INFO - Filling up the DagBag from /opt/airflow/dags/dag_csv_to_postgres_dag.py
[2025-11-01T02:24:17.031+0000] {processor.py:840} INFO - DAG(s) 'load_csv_to_postgres' retrieved from /opt/airflow/dags/dag_csv_to_postgres_dag.py
[2025-11-01T02:24:17.137+0000] {logging_mixin.py:188} INFO - [2025-11-01T02:24:17.136+0000] {dag.py:3036} INFO - Sync 1 DAGs
[2025-11-01T02:24:17.200+0000] {logging_mixin.py:188} INFO - [2025-11-01T02:24:17.199+0000] {dag.py:3823} INFO - Setting next_dagrun for load_csv_to_postgres to None, run_after=None
[2025-11-01T02:24:17.516+0000] {processor.py:183} INFO - Processing /opt/airflow/dags/dag_csv_to_postgres_dag.py took 0.583 seconds
[2025-11-01T02:24:50.527+0000] {processor.py:161} INFO - Started process (PID=673) to work on /opt/airflow/dags/dag_csv_to_postgres_dag.py
[2025-11-01T02:24:50.534+0000] {processor.py:830} INFO - Processing file /opt/airflow/dags/dag_csv_to_postgres_dag.py for tasks to queue
[2025-11-01T02:24:50.538+0000] {logging_mixin.py:188} INFO - [2025-11-01T02:24:50.537+0000] {dagbag.py:538} INFO - Filling up the DagBag from /opt/airflow/dags/dag_csv_to_postgres_dag.py
[2025-11-01T02:24:50.574+0000] {processor.py:840} INFO - DAG(s) 'load_csv_to_postgres' retrieved from /opt/airflow/dags/dag_csv_to_postgres_dag.py
[2025-11-01T02:24:50.657+0000] {logging_mixin.py:188} INFO - [2025-11-01T02:24:50.657+0000] {dag.py:3036} INFO - Sync 1 DAGs
[2025-11-01T02:24:50.686+0000] {logging_mixin.py:188} INFO - [2025-11-01T02:24:50.685+0000] {dag.py:3823} INFO - Setting next_dagrun for load_csv_to_postgres to None, run_after=None
[2025-11-01T02:24:51.016+0000] {processor.py:183} INFO - Processing /opt/airflow/dags/dag_csv_to_postgres_dag.py took 0.502 seconds
[2025-11-01T02:25:22.664+0000] {processor.py:161} INFO - Started process (PID=685) to work on /opt/airflow/dags/dag_csv_to_postgres_dag.py
[2025-11-01T02:25:22.688+0000] {processor.py:830} INFO - Processing file /opt/airflow/dags/dag_csv_to_postgres_dag.py for tasks to queue
[2025-11-01T02:25:22.696+0000] {logging_mixin.py:188} INFO - [2025-11-01T02:25:22.695+0000] {dagbag.py:538} INFO - Filling up the DagBag from /opt/airflow/dags/dag_csv_to_postgres_dag.py
[2025-11-01T02:25:22.969+0000] {processor.py:840} INFO - DAG(s) 'load_csv_to_postgres' retrieved from /opt/airflow/dags/dag_csv_to_postgres_dag.py
[2025-11-01T02:25:23.245+0000] {logging_mixin.py:188} INFO - [2025-11-01T02:25:23.244+0000] {dag.py:3036} INFO - Sync 1 DAGs
[2025-11-01T02:25:23.353+0000] {logging_mixin.py:188} INFO - [2025-11-01T02:25:23.352+0000] {dag.py:3823} INFO - Setting next_dagrun for load_csv_to_postgres to None, run_after=None
[2025-11-01T02:25:23.739+0000] {processor.py:183} INFO - Processing /opt/airflow/dags/dag_csv_to_postgres_dag.py took 1.095 seconds
[2025-11-01T02:25:55.138+0000] {processor.py:161} INFO - Started process (PID=691) to work on /opt/airflow/dags/dag_csv_to_postgres_dag.py
[2025-11-01T02:25:55.160+0000] {processor.py:830} INFO - Processing file /opt/airflow/dags/dag_csv_to_postgres_dag.py for tasks to queue
[2025-11-01T02:25:55.163+0000] {logging_mixin.py:188} INFO - [2025-11-01T02:25:55.162+0000] {dagbag.py:538} INFO - Filling up the DagBag from /opt/airflow/dags/dag_csv_to_postgres_dag.py
[2025-11-01T02:25:55.235+0000] {processor.py:840} INFO - DAG(s) 'load_csv_to_postgres' retrieved from /opt/airflow/dags/dag_csv_to_postgres_dag.py
[2025-11-01T02:25:55.861+0000] {logging_mixin.py:188} INFO - [2025-11-01T02:25:55.860+0000] {dag.py:3036} INFO - Sync 1 DAGs
[2025-11-01T02:25:55.907+0000] {logging_mixin.py:188} INFO - [2025-11-01T02:25:55.907+0000] {dag.py:3823} INFO - Setting next_dagrun for load_csv_to_postgres to None, run_after=None
[2025-11-01T02:25:56.058+0000] {processor.py:183} INFO - Processing /opt/airflow/dags/dag_csv_to_postgres_dag.py took 0.936 seconds
[2025-11-01T02:26:27.482+0000] {processor.py:161} INFO - Started process (PID=703) to work on /opt/airflow/dags/dag_csv_to_postgres_dag.py
[2025-11-01T02:26:27.484+0000] {processor.py:830} INFO - Processing file /opt/airflow/dags/dag_csv_to_postgres_dag.py for tasks to queue
[2025-11-01T02:26:27.486+0000] {logging_mixin.py:188} INFO - [2025-11-01T02:26:27.486+0000] {dagbag.py:538} INFO - Filling up the DagBag from /opt/airflow/dags/dag_csv_to_postgres_dag.py
[2025-11-01T02:26:27.514+0000] {processor.py:840} INFO - DAG(s) 'load_csv_to_postgres' retrieved from /opt/airflow/dags/dag_csv_to_postgres_dag.py
[2025-11-01T02:26:27.552+0000] {logging_mixin.py:188} INFO - [2025-11-01T02:26:27.552+0000] {dag.py:3036} INFO - Sync 1 DAGs
[2025-11-01T02:26:27.571+0000] {logging_mixin.py:188} INFO - [2025-11-01T02:26:27.571+0000] {dag.py:3823} INFO - Setting next_dagrun for load_csv_to_postgres to None, run_after=None
[2025-11-01T02:26:27.836+0000] {processor.py:183} INFO - Processing /opt/airflow/dags/dag_csv_to_postgres_dag.py took 0.360 seconds
[2025-11-01T02:27:00.189+0000] {processor.py:161} INFO - Started process (PID=715) to work on /opt/airflow/dags/dag_csv_to_postgres_dag.py
[2025-11-01T02:27:00.191+0000] {processor.py:830} INFO - Processing file /opt/airflow/dags/dag_csv_to_postgres_dag.py for tasks to queue
[2025-11-01T02:27:00.194+0000] {logging_mixin.py:188} INFO - [2025-11-01T02:27:00.193+0000] {dagbag.py:538} INFO - Filling up the DagBag from /opt/airflow/dags/dag_csv_to_postgres_dag.py
[2025-11-01T02:27:00.228+0000] {processor.py:840} INFO - DAG(s) 'load_csv_to_postgres' retrieved from /opt/airflow/dags/dag_csv_to_postgres_dag.py
[2025-11-01T02:27:00.269+0000] {logging_mixin.py:188} INFO - [2025-11-01T02:27:00.268+0000] {dag.py:3036} INFO - Sync 1 DAGs
[2025-11-01T02:27:00.286+0000] {logging_mixin.py:188} INFO - [2025-11-01T02:27:00.285+0000] {dag.py:3823} INFO - Setting next_dagrun for load_csv_to_postgres to None, run_after=None
[2025-11-01T02:27:00.317+0000] {processor.py:183} INFO - Processing /opt/airflow/dags/dag_csv_to_postgres_dag.py took 0.135 seconds
[2025-11-01T02:27:32.165+0000] {processor.py:161} INFO - Started process (PID=727) to work on /opt/airflow/dags/dag_csv_to_postgres_dag.py
[2025-11-01T02:27:32.167+0000] {processor.py:830} INFO - Processing file /opt/airflow/dags/dag_csv_to_postgres_dag.py for tasks to queue
[2025-11-01T02:27:32.170+0000] {logging_mixin.py:188} INFO - [2025-11-01T02:27:32.170+0000] {dagbag.py:538} INFO - Filling up the DagBag from /opt/airflow/dags/dag_csv_to_postgres_dag.py
[2025-11-01T02:27:32.198+0000] {processor.py:840} INFO - DAG(s) 'load_csv_to_postgres' retrieved from /opt/airflow/dags/dag_csv_to_postgres_dag.py
[2025-11-01T02:27:32.337+0000] {logging_mixin.py:188} INFO - [2025-11-01T02:27:32.337+0000] {dag.py:3036} INFO - Sync 1 DAGs
[2025-11-01T02:27:32.357+0000] {logging_mixin.py:188} INFO - [2025-11-01T02:27:32.357+0000] {dag.py:3823} INFO - Setting next_dagrun for load_csv_to_postgres to None, run_after=None
[2025-11-01T02:27:32.862+0000] {processor.py:183} INFO - Processing /opt/airflow/dags/dag_csv_to_postgres_dag.py took 0.704 seconds
[2025-11-01T02:28:05.273+0000] {processor.py:161} INFO - Started process (PID=739) to work on /opt/airflow/dags/dag_csv_to_postgres_dag.py
[2025-11-01T02:28:05.275+0000] {processor.py:830} INFO - Processing file /opt/airflow/dags/dag_csv_to_postgres_dag.py for tasks to queue
[2025-11-01T02:28:05.277+0000] {logging_mixin.py:188} INFO - [2025-11-01T02:28:05.276+0000] {dagbag.py:538} INFO - Filling up the DagBag from /opt/airflow/dags/dag_csv_to_postgres_dag.py
[2025-11-01T02:28:05.301+0000] {processor.py:840} INFO - DAG(s) 'load_csv_to_postgres' retrieved from /opt/airflow/dags/dag_csv_to_postgres_dag.py
[2025-11-01T02:28:05.341+0000] {logging_mixin.py:188} INFO - [2025-11-01T02:28:05.341+0000] {dag.py:3036} INFO - Sync 1 DAGs
[2025-11-01T02:28:05.363+0000] {logging_mixin.py:188} INFO - [2025-11-01T02:28:05.363+0000] {dag.py:3823} INFO - Setting next_dagrun for load_csv_to_postgres to None, run_after=None
[2025-11-01T02:28:05.471+0000] {processor.py:183} INFO - Processing /opt/airflow/dags/dag_csv_to_postgres_dag.py took 0.204 seconds
[2025-11-01T02:28:37.543+0000] {processor.py:161} INFO - Started process (PID=751) to work on /opt/airflow/dags/dag_csv_to_postgres_dag.py
[2025-11-01T02:28:37.545+0000] {processor.py:830} INFO - Processing file /opt/airflow/dags/dag_csv_to_postgres_dag.py for tasks to queue
[2025-11-01T02:28:37.547+0000] {logging_mixin.py:188} INFO - [2025-11-01T02:28:37.546+0000] {dagbag.py:538} INFO - Filling up the DagBag from /opt/airflow/dags/dag_csv_to_postgres_dag.py
[2025-11-01T02:28:37.575+0000] {processor.py:840} INFO - DAG(s) 'load_csv_to_postgres' retrieved from /opt/airflow/dags/dag_csv_to_postgres_dag.py
[2025-11-01T02:28:37.637+0000] {logging_mixin.py:188} INFO - [2025-11-01T02:28:37.637+0000] {dag.py:3036} INFO - Sync 1 DAGs
[2025-11-01T02:28:37.657+0000] {logging_mixin.py:188} INFO - [2025-11-01T02:28:37.657+0000] {dag.py:3823} INFO - Setting next_dagrun for load_csv_to_postgres to None, run_after=None
[2025-11-01T02:28:37.690+0000] {processor.py:183} INFO - Processing /opt/airflow/dags/dag_csv_to_postgres_dag.py took 0.154 seconds
[2025-11-01T02:29:10.331+0000] {processor.py:161} INFO - Started process (PID=762) to work on /opt/airflow/dags/dag_csv_to_postgres_dag.py
[2025-11-01T02:29:10.333+0000] {processor.py:830} INFO - Processing file /opt/airflow/dags/dag_csv_to_postgres_dag.py for tasks to queue
[2025-11-01T02:29:10.335+0000] {logging_mixin.py:188} INFO - [2025-11-01T02:29:10.334+0000] {dagbag.py:538} INFO - Filling up the DagBag from /opt/airflow/dags/dag_csv_to_postgres_dag.py
[2025-11-01T02:29:10.362+0000] {processor.py:840} INFO - DAG(s) 'load_csv_to_postgres' retrieved from /opt/airflow/dags/dag_csv_to_postgres_dag.py
[2025-11-01T02:29:10.404+0000] {logging_mixin.py:188} INFO - [2025-11-01T02:29:10.404+0000] {dag.py:3036} INFO - Sync 1 DAGs
[2025-11-01T02:29:10.420+0000] {logging_mixin.py:188} INFO - [2025-11-01T02:29:10.420+0000] {dag.py:3823} INFO - Setting next_dagrun for load_csv_to_postgres to None, run_after=None
[2025-11-01T02:29:10.453+0000] {processor.py:183} INFO - Processing /opt/airflow/dags/dag_csv_to_postgres_dag.py took 0.127 seconds
[2025-11-01T02:29:43.170+0000] {processor.py:161} INFO - Started process (PID=774) to work on /opt/airflow/dags/dag_csv_to_postgres_dag.py
[2025-11-01T02:29:43.173+0000] {processor.py:830} INFO - Processing file /opt/airflow/dags/dag_csv_to_postgres_dag.py for tasks to queue
[2025-11-01T02:29:43.176+0000] {logging_mixin.py:188} INFO - [2025-11-01T02:29:43.175+0000] {dagbag.py:538} INFO - Filling up the DagBag from /opt/airflow/dags/dag_csv_to_postgres_dag.py
[2025-11-01T02:29:43.203+0000] {processor.py:840} INFO - DAG(s) 'load_csv_to_postgres' retrieved from /opt/airflow/dags/dag_csv_to_postgres_dag.py
[2025-11-01T02:29:43.252+0000] {logging_mixin.py:188} INFO - [2025-11-01T02:29:43.252+0000] {dag.py:3036} INFO - Sync 1 DAGs
[2025-11-01T02:29:43.276+0000] {logging_mixin.py:188} INFO - [2025-11-01T02:29:43.275+0000] {dag.py:3823} INFO - Setting next_dagrun for load_csv_to_postgres to None, run_after=None
[2025-11-01T02:29:43.312+0000] {processor.py:183} INFO - Processing /opt/airflow/dags/dag_csv_to_postgres_dag.py took 0.152 seconds
[2025-11-01T02:30:16.450+0000] {processor.py:161} INFO - Started process (PID=785) to work on /opt/airflow/dags/dag_csv_to_postgres_dag.py
[2025-11-01T02:30:16.453+0000] {processor.py:830} INFO - Processing file /opt/airflow/dags/dag_csv_to_postgres_dag.py for tasks to queue
[2025-11-01T02:30:16.455+0000] {logging_mixin.py:188} INFO - [2025-11-01T02:30:16.454+0000] {dagbag.py:538} INFO - Filling up the DagBag from /opt/airflow/dags/dag_csv_to_postgres_dag.py
[2025-11-01T02:30:16.488+0000] {processor.py:840} INFO - DAG(s) 'load_csv_to_postgres' retrieved from /opt/airflow/dags/dag_csv_to_postgres_dag.py
[2025-11-01T02:30:16.545+0000] {logging_mixin.py:188} INFO - [2025-11-01T02:30:16.544+0000] {dag.py:3036} INFO - Sync 1 DAGs
[2025-11-01T02:30:16.584+0000] {logging_mixin.py:188} INFO - [2025-11-01T02:30:16.584+0000] {dag.py:3823} INFO - Setting next_dagrun for load_csv_to_postgres to None, run_after=None
[2025-11-01T02:30:16.633+0000] {processor.py:183} INFO - Processing /opt/airflow/dags/dag_csv_to_postgres_dag.py took 0.191 seconds
[2025-11-01T02:30:48.682+0000] {processor.py:161} INFO - Started process (PID=797) to work on /opt/airflow/dags/dag_csv_to_postgres_dag.py
[2025-11-01T02:30:48.684+0000] {processor.py:830} INFO - Processing file /opt/airflow/dags/dag_csv_to_postgres_dag.py for tasks to queue
[2025-11-01T02:30:48.686+0000] {logging_mixin.py:188} INFO - [2025-11-01T02:30:48.685+0000] {dagbag.py:538} INFO - Filling up the DagBag from /opt/airflow/dags/dag_csv_to_postgres_dag.py
[2025-11-01T02:30:48.710+0000] {processor.py:840} INFO - DAG(s) 'load_csv_to_postgres' retrieved from /opt/airflow/dags/dag_csv_to_postgres_dag.py
[2025-11-01T02:30:48.767+0000] {logging_mixin.py:188} INFO - [2025-11-01T02:30:48.767+0000] {dag.py:3036} INFO - Sync 1 DAGs
[2025-11-01T02:30:48.783+0000] {logging_mixin.py:188} INFO - [2025-11-01T02:30:48.783+0000] {dag.py:3823} INFO - Setting next_dagrun for load_csv_to_postgres to None, run_after=None
[2025-11-01T02:30:48.812+0000] {processor.py:183} INFO - Processing /opt/airflow/dags/dag_csv_to_postgres_dag.py took 0.135 seconds
[2025-11-01T02:31:22.097+0000] {processor.py:161} INFO - Started process (PID=808) to work on /opt/airflow/dags/dag_csv_to_postgres_dag.py
[2025-11-01T02:31:22.099+0000] {processor.py:830} INFO - Processing file /opt/airflow/dags/dag_csv_to_postgres_dag.py for tasks to queue
[2025-11-01T02:31:22.100+0000] {logging_mixin.py:188} INFO - [2025-11-01T02:31:22.100+0000] {dagbag.py:538} INFO - Filling up the DagBag from /opt/airflow/dags/dag_csv_to_postgres_dag.py
[2025-11-01T02:31:22.124+0000] {processor.py:840} INFO - DAG(s) 'load_csv_to_postgres' retrieved from /opt/airflow/dags/dag_csv_to_postgres_dag.py
[2025-11-01T02:31:22.163+0000] {logging_mixin.py:188} INFO - [2025-11-01T02:31:22.163+0000] {dag.py:3036} INFO - Sync 1 DAGs
[2025-11-01T02:31:22.179+0000] {logging_mixin.py:188} INFO - [2025-11-01T02:31:22.179+0000] {dag.py:3823} INFO - Setting next_dagrun for load_csv_to_postgres to None, run_after=None
[2025-11-01T02:31:22.212+0000] {processor.py:183} INFO - Processing /opt/airflow/dags/dag_csv_to_postgres_dag.py took 0.120 seconds
[2025-11-01T02:31:54.962+0000] {processor.py:161} INFO - Started process (PID=822) to work on /opt/airflow/dags/dag_csv_to_postgres_dag.py
[2025-11-01T02:31:54.964+0000] {processor.py:830} INFO - Processing file /opt/airflow/dags/dag_csv_to_postgres_dag.py for tasks to queue
[2025-11-01T02:31:54.966+0000] {logging_mixin.py:188} INFO - [2025-11-01T02:31:54.965+0000] {dagbag.py:538} INFO - Filling up the DagBag from /opt/airflow/dags/dag_csv_to_postgres_dag.py
[2025-11-01T02:31:54.989+0000] {processor.py:840} INFO - DAG(s) 'load_csv_to_postgres' retrieved from /opt/airflow/dags/dag_csv_to_postgres_dag.py
[2025-11-01T02:31:55.028+0000] {logging_mixin.py:188} INFO - [2025-11-01T02:31:55.028+0000] {dag.py:3036} INFO - Sync 1 DAGs
[2025-11-01T02:31:55.045+0000] {logging_mixin.py:188} INFO - [2025-11-01T02:31:55.045+0000] {dag.py:3823} INFO - Setting next_dagrun for load_csv_to_postgres to None, run_after=None
[2025-11-01T02:31:55.086+0000] {processor.py:183} INFO - Processing /opt/airflow/dags/dag_csv_to_postgres_dag.py took 0.131 seconds
[2025-11-01T02:32:27.585+0000] {processor.py:161} INFO - Started process (PID=834) to work on /opt/airflow/dags/dag_csv_to_postgres_dag.py
[2025-11-01T02:32:27.587+0000] {processor.py:830} INFO - Processing file /opt/airflow/dags/dag_csv_to_postgres_dag.py for tasks to queue
[2025-11-01T02:32:27.590+0000] {logging_mixin.py:188} INFO - [2025-11-01T02:32:27.589+0000] {dagbag.py:538} INFO - Filling up the DagBag from /opt/airflow/dags/dag_csv_to_postgres_dag.py
[2025-11-01T02:32:27.661+0000] {processor.py:840} INFO - DAG(s) 'load_csv_to_postgres' retrieved from /opt/airflow/dags/dag_csv_to_postgres_dag.py
[2025-11-01T02:32:27.754+0000] {logging_mixin.py:188} INFO - [2025-11-01T02:32:27.748+0000] {dag.py:3036} INFO - Sync 1 DAGs
[2025-11-01T02:32:27.789+0000] {logging_mixin.py:188} INFO - [2025-11-01T02:32:27.789+0000] {dag.py:3823} INFO - Setting next_dagrun for load_csv_to_postgres to None, run_after=None
[2025-11-01T02:32:27.830+0000] {processor.py:183} INFO - Processing /opt/airflow/dags/dag_csv_to_postgres_dag.py took 0.254 seconds
[2025-11-01T02:33:00.060+0000] {processor.py:161} INFO - Started process (PID=847) to work on /opt/airflow/dags/dag_csv_to_postgres_dag.py
[2025-11-01T02:33:00.062+0000] {processor.py:830} INFO - Processing file /opt/airflow/dags/dag_csv_to_postgres_dag.py for tasks to queue
[2025-11-01T02:33:00.064+0000] {logging_mixin.py:188} INFO - [2025-11-01T02:33:00.063+0000] {dagbag.py:538} INFO - Filling up the DagBag from /opt/airflow/dags/dag_csv_to_postgres_dag.py
[2025-11-01T02:33:00.090+0000] {processor.py:840} INFO - DAG(s) 'load_csv_to_postgres' retrieved from /opt/airflow/dags/dag_csv_to_postgres_dag.py
[2025-11-01T02:33:00.130+0000] {logging_mixin.py:188} INFO - [2025-11-01T02:33:00.129+0000] {dag.py:3036} INFO - Sync 1 DAGs
[2025-11-01T02:33:00.148+0000] {logging_mixin.py:188} INFO - [2025-11-01T02:33:00.147+0000] {dag.py:3823} INFO - Setting next_dagrun for load_csv_to_postgres to None, run_after=None
[2025-11-01T02:33:00.185+0000] {processor.py:183} INFO - Processing /opt/airflow/dags/dag_csv_to_postgres_dag.py took 0.131 seconds
[2025-11-01T02:33:31.962+0000] {processor.py:161} INFO - Started process (PID=859) to work on /opt/airflow/dags/dag_csv_to_postgres_dag.py
[2025-11-01T02:33:31.965+0000] {processor.py:830} INFO - Processing file /opt/airflow/dags/dag_csv_to_postgres_dag.py for tasks to queue
[2025-11-01T02:33:31.967+0000] {logging_mixin.py:188} INFO - [2025-11-01T02:33:31.967+0000] {dagbag.py:538} INFO - Filling up the DagBag from /opt/airflow/dags/dag_csv_to_postgres_dag.py
[2025-11-01T02:33:32.003+0000] {processor.py:840} INFO - DAG(s) 'load_csv_to_postgres' retrieved from /opt/airflow/dags/dag_csv_to_postgres_dag.py
[2025-11-01T02:33:32.064+0000] {logging_mixin.py:188} INFO - [2025-11-01T02:33:32.064+0000] {dag.py:3036} INFO - Sync 1 DAGs
[2025-11-01T02:33:32.084+0000] {logging_mixin.py:188} INFO - [2025-11-01T02:33:32.084+0000] {dag.py:3823} INFO - Setting next_dagrun for load_csv_to_postgres to None, run_after=None
[2025-11-01T02:33:32.114+0000] {processor.py:183} INFO - Processing /opt/airflow/dags/dag_csv_to_postgres_dag.py took 0.161 seconds
[2025-11-01T02:34:04.877+0000] {processor.py:161} INFO - Started process (PID=871) to work on /opt/airflow/dags/dag_csv_to_postgres_dag.py
[2025-11-01T02:34:04.879+0000] {processor.py:830} INFO - Processing file /opt/airflow/dags/dag_csv_to_postgres_dag.py for tasks to queue
[2025-11-01T02:34:04.880+0000] {logging_mixin.py:188} INFO - [2025-11-01T02:34:04.880+0000] {dagbag.py:538} INFO - Filling up the DagBag from /opt/airflow/dags/dag_csv_to_postgres_dag.py
[2025-11-01T02:34:04.907+0000] {processor.py:840} INFO - DAG(s) 'load_csv_to_postgres' retrieved from /opt/airflow/dags/dag_csv_to_postgres_dag.py
[2025-11-01T02:34:04.952+0000] {logging_mixin.py:188} INFO - [2025-11-01T02:34:04.952+0000] {dag.py:3036} INFO - Sync 1 DAGs
[2025-11-01T02:34:04.971+0000] {logging_mixin.py:188} INFO - [2025-11-01T02:34:04.970+0000] {dag.py:3823} INFO - Setting next_dagrun for load_csv_to_postgres to None, run_after=None
[2025-11-01T02:34:05.003+0000] {processor.py:183} INFO - Processing /opt/airflow/dags/dag_csv_to_postgres_dag.py took 0.132 seconds
[2025-11-01T02:34:38.001+0000] {processor.py:161} INFO - Started process (PID=883) to work on /opt/airflow/dags/dag_csv_to_postgres_dag.py
[2025-11-01T02:34:38.003+0000] {processor.py:830} INFO - Processing file /opt/airflow/dags/dag_csv_to_postgres_dag.py for tasks to queue
[2025-11-01T02:34:38.006+0000] {logging_mixin.py:188} INFO - [2025-11-01T02:34:38.005+0000] {dagbag.py:538} INFO - Filling up the DagBag from /opt/airflow/dags/dag_csv_to_postgres_dag.py
[2025-11-01T02:34:38.047+0000] {processor.py:840} INFO - DAG(s) 'load_csv_to_postgres' retrieved from /opt/airflow/dags/dag_csv_to_postgres_dag.py
[2025-11-01T02:34:38.150+0000] {logging_mixin.py:188} INFO - [2025-11-01T02:34:38.150+0000] {dag.py:3036} INFO - Sync 1 DAGs
[2025-11-01T02:34:38.174+0000] {logging_mixin.py:188} INFO - [2025-11-01T02:34:38.174+0000] {dag.py:3823} INFO - Setting next_dagrun for load_csv_to_postgres to None, run_after=None
[2025-11-01T02:34:38.214+0000] {processor.py:183} INFO - Processing /opt/airflow/dags/dag_csv_to_postgres_dag.py took 0.221 seconds
[2025-11-01T02:35:10.334+0000] {processor.py:161} INFO - Started process (PID=895) to work on /opt/airflow/dags/dag_csv_to_postgres_dag.py
[2025-11-01T02:35:10.337+0000] {processor.py:830} INFO - Processing file /opt/airflow/dags/dag_csv_to_postgres_dag.py for tasks to queue
[2025-11-01T02:35:10.338+0000] {logging_mixin.py:188} INFO - [2025-11-01T02:35:10.338+0000] {dagbag.py:538} INFO - Filling up the DagBag from /opt/airflow/dags/dag_csv_to_postgres_dag.py
[2025-11-01T02:35:10.361+0000] {processor.py:840} INFO - DAG(s) 'load_csv_to_postgres' retrieved from /opt/airflow/dags/dag_csv_to_postgres_dag.py
[2025-11-01T02:35:10.401+0000] {logging_mixin.py:188} INFO - [2025-11-01T02:35:10.401+0000] {dag.py:3036} INFO - Sync 1 DAGs
[2025-11-01T02:35:10.422+0000] {logging_mixin.py:188} INFO - [2025-11-01T02:35:10.421+0000] {dag.py:3823} INFO - Setting next_dagrun for load_csv_to_postgres to None, run_after=None
[2025-11-01T02:35:10.476+0000] {processor.py:183} INFO - Processing /opt/airflow/dags/dag_csv_to_postgres_dag.py took 0.147 seconds
[2025-11-01T02:35:43.161+0000] {processor.py:161} INFO - Started process (PID=907) to work on /opt/airflow/dags/dag_csv_to_postgres_dag.py
[2025-11-01T02:35:43.163+0000] {processor.py:830} INFO - Processing file /opt/airflow/dags/dag_csv_to_postgres_dag.py for tasks to queue
[2025-11-01T02:35:43.165+0000] {logging_mixin.py:188} INFO - [2025-11-01T02:35:43.164+0000] {dagbag.py:538} INFO - Filling up the DagBag from /opt/airflow/dags/dag_csv_to_postgres_dag.py
[2025-11-01T02:35:43.188+0000] {processor.py:840} INFO - DAG(s) 'load_csv_to_postgres' retrieved from /opt/airflow/dags/dag_csv_to_postgres_dag.py
[2025-11-01T02:35:43.264+0000] {logging_mixin.py:188} INFO - [2025-11-01T02:35:43.263+0000] {dag.py:3036} INFO - Sync 1 DAGs
[2025-11-01T02:35:43.314+0000] {logging_mixin.py:188} INFO - [2025-11-01T02:35:43.314+0000] {dag.py:3823} INFO - Setting next_dagrun for load_csv_to_postgres to None, run_after=None
[2025-11-01T02:35:43.392+0000] {processor.py:183} INFO - Processing /opt/airflow/dags/dag_csv_to_postgres_dag.py took 0.237 seconds
[2025-11-01T02:36:17.350+0000] {processor.py:161} INFO - Started process (PID=919) to work on /opt/airflow/dags/dag_csv_to_postgres_dag.py
[2025-11-01T02:36:17.352+0000] {processor.py:830} INFO - Processing file /opt/airflow/dags/dag_csv_to_postgres_dag.py for tasks to queue
[2025-11-01T02:36:17.354+0000] {logging_mixin.py:188} INFO - [2025-11-01T02:36:17.353+0000] {dagbag.py:538} INFO - Filling up the DagBag from /opt/airflow/dags/dag_csv_to_postgres_dag.py
[2025-11-01T02:36:17.390+0000] {processor.py:840} INFO - DAG(s) 'load_csv_to_postgres' retrieved from /opt/airflow/dags/dag_csv_to_postgres_dag.py
[2025-11-01T02:36:17.446+0000] {logging_mixin.py:188} INFO - [2025-11-01T02:36:17.445+0000] {dag.py:3036} INFO - Sync 1 DAGs
[2025-11-01T02:36:17.468+0000] {logging_mixin.py:188} INFO - [2025-11-01T02:36:17.468+0000] {dag.py:3823} INFO - Setting next_dagrun for load_csv_to_postgres to None, run_after=None
[2025-11-01T02:36:17.515+0000] {processor.py:183} INFO - Processing /opt/airflow/dags/dag_csv_to_postgres_dag.py took 0.173 seconds
[2025-11-01T02:36:48.477+0000] {processor.py:161} INFO - Started process (PID=931) to work on /opt/airflow/dags/dag_csv_to_postgres_dag.py
[2025-11-01T02:36:48.480+0000] {processor.py:830} INFO - Processing file /opt/airflow/dags/dag_csv_to_postgres_dag.py for tasks to queue
[2025-11-01T02:36:48.486+0000] {logging_mixin.py:188} INFO - [2025-11-01T02:36:48.484+0000] {dagbag.py:538} INFO - Filling up the DagBag from /opt/airflow/dags/dag_csv_to_postgres_dag.py
[2025-11-01T02:36:48.532+0000] {processor.py:840} INFO - DAG(s) 'load_csv_to_postgres' retrieved from /opt/airflow/dags/dag_csv_to_postgres_dag.py
[2025-11-01T02:36:48.589+0000] {logging_mixin.py:188} INFO - [2025-11-01T02:36:48.588+0000] {dag.py:3036} INFO - Sync 1 DAGs
[2025-11-01T02:36:48.613+0000] {logging_mixin.py:188} INFO - [2025-11-01T02:36:48.612+0000] {dag.py:3823} INFO - Setting next_dagrun for load_csv_to_postgres to None, run_after=None
[2025-11-01T02:36:48.676+0000] {processor.py:183} INFO - Processing /opt/airflow/dags/dag_csv_to_postgres_dag.py took 0.215 seconds
[2025-11-01T02:37:21.542+0000] {processor.py:161} INFO - Started process (PID=944) to work on /opt/airflow/dags/dag_csv_to_postgres_dag.py
[2025-11-01T02:37:21.543+0000] {processor.py:830} INFO - Processing file /opt/airflow/dags/dag_csv_to_postgres_dag.py for tasks to queue
[2025-11-01T02:37:21.545+0000] {logging_mixin.py:188} INFO - [2025-11-01T02:37:21.545+0000] {dagbag.py:538} INFO - Filling up the DagBag from /opt/airflow/dags/dag_csv_to_postgres_dag.py
[2025-11-01T02:37:21.569+0000] {processor.py:840} INFO - DAG(s) 'load_csv_to_postgres' retrieved from /opt/airflow/dags/dag_csv_to_postgres_dag.py
[2025-11-01T02:37:21.611+0000] {logging_mixin.py:188} INFO - [2025-11-01T02:37:21.611+0000] {dag.py:3036} INFO - Sync 1 DAGs
[2025-11-01T02:37:21.628+0000] {logging_mixin.py:188} INFO - [2025-11-01T02:37:21.628+0000] {dag.py:3823} INFO - Setting next_dagrun for load_csv_to_postgres to None, run_after=None
[2025-11-01T02:37:21.659+0000] {processor.py:183} INFO - Processing /opt/airflow/dags/dag_csv_to_postgres_dag.py took 0.124 seconds
[2025-11-01T02:37:54.398+0000] {processor.py:161} INFO - Started process (PID=957) to work on /opt/airflow/dags/dag_csv_to_postgres_dag.py
[2025-11-01T02:37:54.400+0000] {processor.py:830} INFO - Processing file /opt/airflow/dags/dag_csv_to_postgres_dag.py for tasks to queue
[2025-11-01T02:37:54.401+0000] {logging_mixin.py:188} INFO - [2025-11-01T02:37:54.401+0000] {dagbag.py:538} INFO - Filling up the DagBag from /opt/airflow/dags/dag_csv_to_postgres_dag.py
[2025-11-01T02:37:54.424+0000] {processor.py:840} INFO - DAG(s) 'load_csv_to_postgres' retrieved from /opt/airflow/dags/dag_csv_to_postgres_dag.py
[2025-11-01T02:37:54.466+0000] {logging_mixin.py:188} INFO - [2025-11-01T02:37:54.465+0000] {dag.py:3036} INFO - Sync 1 DAGs
[2025-11-01T02:37:54.482+0000] {logging_mixin.py:188} INFO - [2025-11-01T02:37:54.482+0000] {dag.py:3823} INFO - Setting next_dagrun for load_csv_to_postgres to None, run_after=None
[2025-11-01T02:37:54.521+0000] {processor.py:183} INFO - Processing /opt/airflow/dags/dag_csv_to_postgres_dag.py took 0.129 seconds
[2025-11-01T02:38:27.307+0000] {processor.py:161} INFO - Started process (PID=969) to work on /opt/airflow/dags/dag_csv_to_postgres_dag.py
[2025-11-01T02:38:27.309+0000] {processor.py:830} INFO - Processing file /opt/airflow/dags/dag_csv_to_postgres_dag.py for tasks to queue
[2025-11-01T02:38:27.310+0000] {logging_mixin.py:188} INFO - [2025-11-01T02:38:27.310+0000] {dagbag.py:538} INFO - Filling up the DagBag from /opt/airflow/dags/dag_csv_to_postgres_dag.py
[2025-11-01T02:38:27.334+0000] {processor.py:840} INFO - DAG(s) 'load_csv_to_postgres' retrieved from /opt/airflow/dags/dag_csv_to_postgres_dag.py
[2025-11-01T02:38:27.382+0000] {logging_mixin.py:188} INFO - [2025-11-01T02:38:27.381+0000] {dag.py:3036} INFO - Sync 1 DAGs
[2025-11-01T02:38:27.399+0000] {logging_mixin.py:188} INFO - [2025-11-01T02:38:27.399+0000] {dag.py:3823} INFO - Setting next_dagrun for load_csv_to_postgres to None, run_after=None
[2025-11-01T02:38:27.473+0000] {processor.py:183} INFO - Processing /opt/airflow/dags/dag_csv_to_postgres_dag.py took 0.173 seconds
[2025-11-01T02:38:59.547+0000] {processor.py:161} INFO - Started process (PID=981) to work on /opt/airflow/dags/dag_csv_to_postgres_dag.py
[2025-11-01T02:38:59.549+0000] {processor.py:830} INFO - Processing file /opt/airflow/dags/dag_csv_to_postgres_dag.py for tasks to queue
[2025-11-01T02:38:59.551+0000] {logging_mixin.py:188} INFO - [2025-11-01T02:38:59.550+0000] {dagbag.py:538} INFO - Filling up the DagBag from /opt/airflow/dags/dag_csv_to_postgres_dag.py
[2025-11-01T02:38:59.589+0000] {processor.py:840} INFO - DAG(s) 'load_csv_to_postgres' retrieved from /opt/airflow/dags/dag_csv_to_postgres_dag.py
[2025-11-01T02:38:59.656+0000] {logging_mixin.py:188} INFO - [2025-11-01T02:38:59.655+0000] {dag.py:3036} INFO - Sync 1 DAGs
[2025-11-01T02:38:59.687+0000] {logging_mixin.py:188} INFO - [2025-11-01T02:38:59.687+0000] {dag.py:3823} INFO - Setting next_dagrun for load_csv_to_postgres to None, run_after=None
[2025-11-01T02:38:59.727+0000] {processor.py:183} INFO - Processing /opt/airflow/dags/dag_csv_to_postgres_dag.py took 0.186 seconds
[2025-11-01T02:39:32.547+0000] {processor.py:161} INFO - Started process (PID=993) to work on /opt/airflow/dags/dag_csv_to_postgres_dag.py
[2025-11-01T02:39:32.550+0000] {processor.py:830} INFO - Processing file /opt/airflow/dags/dag_csv_to_postgres_dag.py for tasks to queue
[2025-11-01T02:39:32.553+0000] {logging_mixin.py:188} INFO - [2025-11-01T02:39:32.552+0000] {dagbag.py:538} INFO - Filling up the DagBag from /opt/airflow/dags/dag_csv_to_postgres_dag.py
[2025-11-01T02:39:32.583+0000] {processor.py:840} INFO - DAG(s) 'load_csv_to_postgres' retrieved from /opt/airflow/dags/dag_csv_to_postgres_dag.py
[2025-11-01T02:39:32.641+0000] {logging_mixin.py:188} INFO - [2025-11-01T02:39:32.641+0000] {dag.py:3036} INFO - Sync 1 DAGs
[2025-11-01T02:39:32.662+0000] {logging_mixin.py:188} INFO - [2025-11-01T02:39:32.662+0000] {dag.py:3823} INFO - Setting next_dagrun for load_csv_to_postgres to None, run_after=None
[2025-11-01T02:39:32.724+0000] {processor.py:183} INFO - Processing /opt/airflow/dags/dag_csv_to_postgres_dag.py took 0.187 seconds
[2025-11-01T02:40:04.782+0000] {processor.py:161} INFO - Started process (PID=1005) to work on /opt/airflow/dags/dag_csv_to_postgres_dag.py
[2025-11-01T02:40:04.784+0000] {processor.py:830} INFO - Processing file /opt/airflow/dags/dag_csv_to_postgres_dag.py for tasks to queue
[2025-11-01T02:40:04.787+0000] {logging_mixin.py:188} INFO - [2025-11-01T02:40:04.786+0000] {dagbag.py:538} INFO - Filling up the DagBag from /opt/airflow/dags/dag_csv_to_postgres_dag.py
[2025-11-01T02:40:04.820+0000] {processor.py:840} INFO - DAG(s) 'load_csv_to_postgres' retrieved from /opt/airflow/dags/dag_csv_to_postgres_dag.py
[2025-11-01T02:40:04.880+0000] {logging_mixin.py:188} INFO - [2025-11-01T02:40:04.879+0000] {dag.py:3036} INFO - Sync 1 DAGs
[2025-11-01T02:40:04.917+0000] {logging_mixin.py:188} INFO - [2025-11-01T02:40:04.917+0000] {dag.py:3823} INFO - Setting next_dagrun for load_csv_to_postgres to None, run_after=None
[2025-11-01T02:40:04.953+0000] {processor.py:183} INFO - Processing /opt/airflow/dags/dag_csv_to_postgres_dag.py took 0.180 seconds
[2025-11-01T02:40:40.080+0000] {processor.py:161} INFO - Started process (PID=1017) to work on /opt/airflow/dags/dag_csv_to_postgres_dag.py
[2025-11-01T02:40:40.082+0000] {processor.py:830} INFO - Processing file /opt/airflow/dags/dag_csv_to_postgres_dag.py for tasks to queue
[2025-11-01T02:40:40.085+0000] {logging_mixin.py:188} INFO - [2025-11-01T02:40:40.084+0000] {dagbag.py:538} INFO - Filling up the DagBag from /opt/airflow/dags/dag_csv_to_postgres_dag.py
[2025-11-01T02:40:40.115+0000] {processor.py:840} INFO - DAG(s) 'load_csv_to_postgres' retrieved from /opt/airflow/dags/dag_csv_to_postgres_dag.py
[2025-11-01T02:40:40.197+0000] {logging_mixin.py:188} INFO - [2025-11-01T02:40:40.196+0000] {dag.py:3036} INFO - Sync 1 DAGs
[2025-11-01T02:40:40.565+0000] {logging_mixin.py:188} INFO - [2025-11-01T02:40:40.564+0000] {dag.py:3823} INFO - Setting next_dagrun for load_csv_to_postgres to None, run_after=None
[2025-11-01T02:40:40.667+0000] {processor.py:183} INFO - Processing /opt/airflow/dags/dag_csv_to_postgres_dag.py took 0.595 seconds
[2025-11-01T02:41:10.865+0000] {processor.py:161} INFO - Started process (PID=1028) to work on /opt/airflow/dags/dag_csv_to_postgres_dag.py
[2025-11-01T02:41:10.868+0000] {processor.py:830} INFO - Processing file /opt/airflow/dags/dag_csv_to_postgres_dag.py for tasks to queue
[2025-11-01T02:41:10.870+0000] {logging_mixin.py:188} INFO - [2025-11-01T02:41:10.870+0000] {dagbag.py:538} INFO - Filling up the DagBag from /opt/airflow/dags/dag_csv_to_postgres_dag.py
[2025-11-01T02:41:10.908+0000] {processor.py:840} INFO - DAG(s) 'load_csv_to_postgres' retrieved from /opt/airflow/dags/dag_csv_to_postgres_dag.py
[2025-11-01T02:41:10.954+0000] {logging_mixin.py:188} INFO - [2025-11-01T02:41:10.954+0000] {dag.py:3036} INFO - Sync 1 DAGs
[2025-11-01T02:41:10.972+0000] {logging_mixin.py:188} INFO - [2025-11-01T02:41:10.971+0000] {dag.py:3823} INFO - Setting next_dagrun for load_csv_to_postgres to None, run_after=None
[2025-11-01T02:41:11.192+0000] {processor.py:183} INFO - Processing /opt/airflow/dags/dag_csv_to_postgres_dag.py took 0.338 seconds
[2025-11-01T02:41:43.512+0000] {processor.py:161} INFO - Started process (PID=1040) to work on /opt/airflow/dags/dag_csv_to_postgres_dag.py
[2025-11-01T02:41:43.513+0000] {processor.py:830} INFO - Processing file /opt/airflow/dags/dag_csv_to_postgres_dag.py for tasks to queue
[2025-11-01T02:41:43.515+0000] {logging_mixin.py:188} INFO - [2025-11-01T02:41:43.514+0000] {dagbag.py:538} INFO - Filling up the DagBag from /opt/airflow/dags/dag_csv_to_postgres_dag.py
[2025-11-01T02:41:43.539+0000] {processor.py:840} INFO - DAG(s) 'load_csv_to_postgres' retrieved from /opt/airflow/dags/dag_csv_to_postgres_dag.py
[2025-11-01T02:41:43.581+0000] {logging_mixin.py:188} INFO - [2025-11-01T02:41:43.581+0000] {dag.py:3036} INFO - Sync 1 DAGs
[2025-11-01T02:41:43.599+0000] {logging_mixin.py:188} INFO - [2025-11-01T02:41:43.598+0000] {dag.py:3823} INFO - Setting next_dagrun for load_csv_to_postgres to None, run_after=None
[2025-11-01T02:41:43.871+0000] {processor.py:183} INFO - Processing /opt/airflow/dags/dag_csv_to_postgres_dag.py took 0.365 seconds
[2025-11-01T02:42:15.936+0000] {processor.py:161} INFO - Started process (PID=1052) to work on /opt/airflow/dags/dag_csv_to_postgres_dag.py
[2025-11-01T02:42:15.938+0000] {processor.py:830} INFO - Processing file /opt/airflow/dags/dag_csv_to_postgres_dag.py for tasks to queue
[2025-11-01T02:42:15.939+0000] {logging_mixin.py:188} INFO - [2025-11-01T02:42:15.939+0000] {dagbag.py:538} INFO - Filling up the DagBag from /opt/airflow/dags/dag_csv_to_postgres_dag.py
[2025-11-01T02:42:15.962+0000] {processor.py:840} INFO - DAG(s) 'load_csv_to_postgres' retrieved from /opt/airflow/dags/dag_csv_to_postgres_dag.py
[2025-11-01T02:42:16.050+0000] {logging_mixin.py:188} INFO - [2025-11-01T02:42:16.049+0000] {dag.py:3036} INFO - Sync 1 DAGs
[2025-11-01T02:42:16.079+0000] {logging_mixin.py:188} INFO - [2025-11-01T02:42:16.078+0000] {dag.py:3823} INFO - Setting next_dagrun for load_csv_to_postgres to None, run_after=None
[2025-11-01T02:42:16.123+0000] {processor.py:183} INFO - Processing /opt/airflow/dags/dag_csv_to_postgres_dag.py took 0.193 seconds
[2025-11-01T02:42:48.800+0000] {processor.py:161} INFO - Started process (PID=1064) to work on /opt/airflow/dags/dag_csv_to_postgres_dag.py
[2025-11-01T02:42:48.802+0000] {processor.py:830} INFO - Processing file /opt/airflow/dags/dag_csv_to_postgres_dag.py for tasks to queue
[2025-11-01T02:42:48.803+0000] {logging_mixin.py:188} INFO - [2025-11-01T02:42:48.803+0000] {dagbag.py:538} INFO - Filling up the DagBag from /opt/airflow/dags/dag_csv_to_postgres_dag.py
[2025-11-01T02:42:48.826+0000] {processor.py:840} INFO - DAG(s) 'load_csv_to_postgres' retrieved from /opt/airflow/dags/dag_csv_to_postgres_dag.py
[2025-11-01T02:42:48.879+0000] {logging_mixin.py:188} INFO - [2025-11-01T02:42:48.878+0000] {dag.py:3036} INFO - Sync 1 DAGs
[2025-11-01T02:42:48.896+0000] {logging_mixin.py:188} INFO - [2025-11-01T02:42:48.896+0000] {dag.py:3823} INFO - Setting next_dagrun for load_csv_to_postgres to None, run_after=None
[2025-11-01T02:42:48.929+0000] {processor.py:183} INFO - Processing /opt/airflow/dags/dag_csv_to_postgres_dag.py took 0.135 seconds
[2025-11-01T02:43:21.745+0000] {processor.py:161} INFO - Started process (PID=1076) to work on /opt/airflow/dags/dag_csv_to_postgres_dag.py
[2025-11-01T02:43:21.747+0000] {processor.py:830} INFO - Processing file /opt/airflow/dags/dag_csv_to_postgres_dag.py for tasks to queue
[2025-11-01T02:43:21.749+0000] {logging_mixin.py:188} INFO - [2025-11-01T02:43:21.749+0000] {dagbag.py:538} INFO - Filling up the DagBag from /opt/airflow/dags/dag_csv_to_postgres_dag.py
[2025-11-01T02:43:21.783+0000] {processor.py:840} INFO - DAG(s) 'load_csv_to_postgres' retrieved from /opt/airflow/dags/dag_csv_to_postgres_dag.py
[2025-11-01T02:43:21.844+0000] {logging_mixin.py:188} INFO - [2025-11-01T02:43:21.844+0000] {dag.py:3036} INFO - Sync 1 DAGs
[2025-11-01T02:43:21.861+0000] {logging_mixin.py:188} INFO - [2025-11-01T02:43:21.860+0000] {dag.py:3823} INFO - Setting next_dagrun for load_csv_to_postgres to None, run_after=None
[2025-11-01T02:43:21.892+0000] {processor.py:183} INFO - Processing /opt/airflow/dags/dag_csv_to_postgres_dag.py took 0.156 seconds
[2025-11-01T02:43:54.527+0000] {processor.py:161} INFO - Started process (PID=1089) to work on /opt/airflow/dags/dag_csv_to_postgres_dag.py
[2025-11-01T02:43:54.529+0000] {processor.py:830} INFO - Processing file /opt/airflow/dags/dag_csv_to_postgres_dag.py for tasks to queue
[2025-11-01T02:43:54.532+0000] {logging_mixin.py:188} INFO - [2025-11-01T02:43:54.531+0000] {dagbag.py:538} INFO - Filling up the DagBag from /opt/airflow/dags/dag_csv_to_postgres_dag.py
[2025-11-01T02:43:54.559+0000] {processor.py:840} INFO - DAG(s) 'load_csv_to_postgres' retrieved from /opt/airflow/dags/dag_csv_to_postgres_dag.py
[2025-11-01T02:43:54.608+0000] {logging_mixin.py:188} INFO - [2025-11-01T02:43:54.608+0000] {dag.py:3036} INFO - Sync 1 DAGs
[2025-11-01T02:43:54.628+0000] {logging_mixin.py:188} INFO - [2025-11-01T02:43:54.628+0000] {dag.py:3823} INFO - Setting next_dagrun for load_csv_to_postgres to None, run_after=None
[2025-11-01T02:43:54.698+0000] {processor.py:183} INFO - Processing /opt/airflow/dags/dag_csv_to_postgres_dag.py took 0.179 seconds
[2025-11-01T02:44:26.696+0000] {processor.py:161} INFO - Started process (PID=1101) to work on /opt/airflow/dags/dag_csv_to_postgres_dag.py
[2025-11-01T02:44:26.699+0000] {processor.py:830} INFO - Processing file /opt/airflow/dags/dag_csv_to_postgres_dag.py for tasks to queue
[2025-11-01T02:44:26.702+0000] {logging_mixin.py:188} INFO - [2025-11-01T02:44:26.701+0000] {dagbag.py:538} INFO - Filling up the DagBag from /opt/airflow/dags/dag_csv_to_postgres_dag.py
[2025-11-01T02:44:26.742+0000] {processor.py:840} INFO - DAG(s) 'load_csv_to_postgres' retrieved from /opt/airflow/dags/dag_csv_to_postgres_dag.py
[2025-11-01T02:44:26.801+0000] {logging_mixin.py:188} INFO - [2025-11-01T02:44:26.801+0000] {dag.py:3036} INFO - Sync 1 DAGs
[2025-11-01T02:44:26.820+0000] {logging_mixin.py:188} INFO - [2025-11-01T02:44:26.820+0000] {dag.py:3823} INFO - Setting next_dagrun for load_csv_to_postgres to None, run_after=None
[2025-11-01T02:44:26.872+0000] {processor.py:183} INFO - Processing /opt/airflow/dags/dag_csv_to_postgres_dag.py took 0.185 seconds
[2025-11-01T02:44:59.992+0000] {processor.py:161} INFO - Started process (PID=1113) to work on /opt/airflow/dags/dag_csv_to_postgres_dag.py
[2025-11-01T02:44:59.996+0000] {processor.py:830} INFO - Processing file /opt/airflow/dags/dag_csv_to_postgres_dag.py for tasks to queue
[2025-11-01T02:45:00.002+0000] {logging_mixin.py:188} INFO - [2025-11-01T02:45:00.001+0000] {dagbag.py:538} INFO - Filling up the DagBag from /opt/airflow/dags/dag_csv_to_postgres_dag.py
[2025-11-01T02:45:00.043+0000] {processor.py:840} INFO - DAG(s) 'load_csv_to_postgres' retrieved from /opt/airflow/dags/dag_csv_to_postgres_dag.py
[2025-11-01T02:45:00.121+0000] {logging_mixin.py:188} INFO - [2025-11-01T02:45:00.120+0000] {dag.py:3036} INFO - Sync 1 DAGs
[2025-11-01T02:45:00.156+0000] {logging_mixin.py:188} INFO - [2025-11-01T02:45:00.155+0000] {dag.py:3823} INFO - Setting next_dagrun for load_csv_to_postgres to None, run_after=None
[2025-11-01T02:45:00.196+0000] {processor.py:183} INFO - Processing /opt/airflow/dags/dag_csv_to_postgres_dag.py took 0.215 seconds
[2025-11-01T02:45:33.546+0000] {processor.py:161} INFO - Started process (PID=1125) to work on /opt/airflow/dags/dag_csv_to_postgres_dag.py
[2025-11-01T02:45:33.550+0000] {processor.py:830} INFO - Processing file /opt/airflow/dags/dag_csv_to_postgres_dag.py for tasks to queue
[2025-11-01T02:45:33.560+0000] {logging_mixin.py:188} INFO - [2025-11-01T02:45:33.560+0000] {dagbag.py:538} INFO - Filling up the DagBag from /opt/airflow/dags/dag_csv_to_postgres_dag.py
[2025-11-01T02:45:33.874+0000] {processor.py:840} INFO - DAG(s) 'load_csv_to_postgres' retrieved from /opt/airflow/dags/dag_csv_to_postgres_dag.py
[2025-11-01T02:45:34.076+0000] {logging_mixin.py:188} INFO - [2025-11-01T02:45:34.075+0000] {dag.py:3036} INFO - Sync 1 DAGs
[2025-11-01T02:45:34.168+0000] {logging_mixin.py:188} INFO - [2025-11-01T02:45:34.167+0000] {dag.py:3823} INFO - Setting next_dagrun for load_csv_to_postgres to None, run_after=None
[2025-11-01T02:45:34.370+0000] {processor.py:183} INFO - Processing /opt/airflow/dags/dag_csv_to_postgres_dag.py took 0.842 seconds
[2025-11-01T02:46:05.432+0000] {processor.py:161} INFO - Started process (PID=1137) to work on /opt/airflow/dags/dag_csv_to_postgres_dag.py
[2025-11-01T02:46:05.473+0000] {processor.py:830} INFO - Processing file /opt/airflow/dags/dag_csv_to_postgres_dag.py for tasks to queue
[2025-11-01T02:46:05.477+0000] {logging_mixin.py:188} INFO - [2025-11-01T02:46:05.476+0000] {dagbag.py:538} INFO - Filling up the DagBag from /opt/airflow/dags/dag_csv_to_postgres_dag.py
[2025-11-01T02:46:05.571+0000] {processor.py:840} INFO - DAG(s) 'load_csv_to_postgres' retrieved from /opt/airflow/dags/dag_csv_to_postgres_dag.py
[2025-11-01T02:46:05.617+0000] {logging_mixin.py:188} INFO - [2025-11-01T02:46:05.616+0000] {dag.py:3036} INFO - Sync 1 DAGs
[2025-11-01T02:46:05.652+0000] {logging_mixin.py:188} INFO - [2025-11-01T02:46:05.651+0000] {dag.py:3823} INFO - Setting next_dagrun for load_csv_to_postgres to None, run_after=None
[2025-11-01T02:46:05.791+0000] {processor.py:183} INFO - Processing /opt/airflow/dags/dag_csv_to_postgres_dag.py took 0.385 seconds
[2025-11-01T02:46:38.129+0000] {processor.py:161} INFO - Started process (PID=1148) to work on /opt/airflow/dags/dag_csv_to_postgres_dag.py
[2025-11-01T02:46:38.132+0000] {processor.py:830} INFO - Processing file /opt/airflow/dags/dag_csv_to_postgres_dag.py for tasks to queue
[2025-11-01T02:46:38.135+0000] {logging_mixin.py:188} INFO - [2025-11-01T02:46:38.134+0000] {dagbag.py:538} INFO - Filling up the DagBag from /opt/airflow/dags/dag_csv_to_postgres_dag.py
[2025-11-01T02:46:38.169+0000] {processor.py:840} INFO - DAG(s) 'load_csv_to_postgres' retrieved from /opt/airflow/dags/dag_csv_to_postgres_dag.py
[2025-11-01T02:46:38.265+0000] {logging_mixin.py:188} INFO - [2025-11-01T02:46:38.264+0000] {dag.py:3036} INFO - Sync 1 DAGs
[2025-11-01T02:46:38.303+0000] {logging_mixin.py:188} INFO - [2025-11-01T02:46:38.302+0000] {dag.py:3823} INFO - Setting next_dagrun for load_csv_to_postgres to None, run_after=None
[2025-11-01T02:46:38.377+0000] {processor.py:183} INFO - Processing /opt/airflow/dags/dag_csv_to_postgres_dag.py took 0.261 seconds
[2025-11-01T02:47:10.582+0000] {processor.py:161} INFO - Started process (PID=1160) to work on /opt/airflow/dags/dag_csv_to_postgres_dag.py
[2025-11-01T02:47:10.589+0000] {processor.py:830} INFO - Processing file /opt/airflow/dags/dag_csv_to_postgres_dag.py for tasks to queue
[2025-11-01T02:47:10.592+0000] {logging_mixin.py:188} INFO - [2025-11-01T02:47:10.591+0000] {dagbag.py:538} INFO - Filling up the DagBag from /opt/airflow/dags/dag_csv_to_postgres_dag.py
[2025-11-01T02:47:10.632+0000] {processor.py:840} INFO - DAG(s) 'load_csv_to_postgres' retrieved from /opt/airflow/dags/dag_csv_to_postgres_dag.py
[2025-11-01T02:47:10.676+0000] {logging_mixin.py:188} INFO - [2025-11-01T02:47:10.676+0000] {dag.py:3036} INFO - Sync 1 DAGs
[2025-11-01T02:47:10.708+0000] {logging_mixin.py:188} INFO - [2025-11-01T02:47:10.708+0000] {dag.py:3823} INFO - Setting next_dagrun for load_csv_to_postgres to None, run_after=None
[2025-11-01T02:47:10.794+0000] {processor.py:183} INFO - Processing /opt/airflow/dags/dag_csv_to_postgres_dag.py took 0.219 seconds
[2025-11-01T02:47:43.149+0000] {processor.py:161} INFO - Started process (PID=1172) to work on /opt/airflow/dags/dag_csv_to_postgres_dag.py
[2025-11-01T02:47:43.152+0000] {processor.py:830} INFO - Processing file /opt/airflow/dags/dag_csv_to_postgres_dag.py for tasks to queue
[2025-11-01T02:47:43.155+0000] {logging_mixin.py:188} INFO - [2025-11-01T02:47:43.154+0000] {dagbag.py:538} INFO - Filling up the DagBag from /opt/airflow/dags/dag_csv_to_postgres_dag.py
[2025-11-01T02:47:43.210+0000] {processor.py:840} INFO - DAG(s) 'load_csv_to_postgres' retrieved from /opt/airflow/dags/dag_csv_to_postgres_dag.py
[2025-11-01T02:47:43.279+0000] {logging_mixin.py:188} INFO - [2025-11-01T02:47:43.279+0000] {dag.py:3036} INFO - Sync 1 DAGs
[2025-11-01T02:47:43.308+0000] {logging_mixin.py:188} INFO - [2025-11-01T02:47:43.307+0000] {dag.py:3823} INFO - Setting next_dagrun for load_csv_to_postgres to None, run_after=None
[2025-11-01T02:47:43.368+0000] {processor.py:183} INFO - Processing /opt/airflow/dags/dag_csv_to_postgres_dag.py took 0.231 seconds
[2025-11-01T02:48:15.797+0000] {processor.py:161} INFO - Started process (PID=1184) to work on /opt/airflow/dags/dag_csv_to_postgres_dag.py
[2025-11-01T02:48:15.799+0000] {processor.py:830} INFO - Processing file /opt/airflow/dags/dag_csv_to_postgres_dag.py for tasks to queue
[2025-11-01T02:48:15.800+0000] {logging_mixin.py:188} INFO - [2025-11-01T02:48:15.800+0000] {dagbag.py:538} INFO - Filling up the DagBag from /opt/airflow/dags/dag_csv_to_postgres_dag.py
[2025-11-01T02:48:15.825+0000] {processor.py:840} INFO - DAG(s) 'load_csv_to_postgres' retrieved from /opt/airflow/dags/dag_csv_to_postgres_dag.py
[2025-11-01T02:48:15.869+0000] {logging_mixin.py:188} INFO - [2025-11-01T02:48:15.868+0000] {dag.py:3036} INFO - Sync 1 DAGs
[2025-11-01T02:48:15.888+0000] {logging_mixin.py:188} INFO - [2025-11-01T02:48:15.888+0000] {dag.py:3823} INFO - Setting next_dagrun for load_csv_to_postgres to None, run_after=None
[2025-11-01T02:48:15.925+0000] {processor.py:183} INFO - Processing /opt/airflow/dags/dag_csv_to_postgres_dag.py took 0.135 seconds
[2025-11-01T02:48:48.848+0000] {processor.py:161} INFO - Started process (PID=1196) to work on /opt/airflow/dags/dag_csv_to_postgres_dag.py
[2025-11-01T02:48:48.850+0000] {processor.py:830} INFO - Processing file /opt/airflow/dags/dag_csv_to_postgres_dag.py for tasks to queue
[2025-11-01T02:48:48.852+0000] {logging_mixin.py:188} INFO - [2025-11-01T02:48:48.852+0000] {dagbag.py:538} INFO - Filling up the DagBag from /opt/airflow/dags/dag_csv_to_postgres_dag.py
[2025-11-01T02:48:48.882+0000] {processor.py:840} INFO - DAG(s) 'load_csv_to_postgres' retrieved from /opt/airflow/dags/dag_csv_to_postgres_dag.py
[2025-11-01T02:48:48.929+0000] {logging_mixin.py:188} INFO - [2025-11-01T02:48:48.929+0000] {dag.py:3036} INFO - Sync 1 DAGs
[2025-11-01T02:48:48.949+0000] {logging_mixin.py:188} INFO - [2025-11-01T02:48:48.949+0000] {dag.py:3823} INFO - Setting next_dagrun for load_csv_to_postgres to None, run_after=None
[2025-11-01T02:48:48.996+0000] {processor.py:183} INFO - Processing /opt/airflow/dags/dag_csv_to_postgres_dag.py took 0.157 seconds
[2025-11-01T02:49:21.835+0000] {processor.py:161} INFO - Started process (PID=1208) to work on /opt/airflow/dags/dag_csv_to_postgres_dag.py
[2025-11-01T02:49:21.837+0000] {processor.py:830} INFO - Processing file /opt/airflow/dags/dag_csv_to_postgres_dag.py for tasks to queue
[2025-11-01T02:49:21.839+0000] {logging_mixin.py:188} INFO - [2025-11-01T02:49:21.838+0000] {dagbag.py:538} INFO - Filling up the DagBag from /opt/airflow/dags/dag_csv_to_postgres_dag.py
[2025-11-01T02:49:21.871+0000] {processor.py:840} INFO - DAG(s) 'load_csv_to_postgres' retrieved from /opt/airflow/dags/dag_csv_to_postgres_dag.py
[2025-11-01T02:49:21.932+0000] {logging_mixin.py:188} INFO - [2025-11-01T02:49:21.931+0000] {dag.py:3036} INFO - Sync 1 DAGs
[2025-11-01T02:49:21.960+0000] {logging_mixin.py:188} INFO - [2025-11-01T02:49:21.960+0000] {dag.py:3823} INFO - Setting next_dagrun for load_csv_to_postgres to None, run_after=None
[2025-11-01T02:49:22.005+0000] {processor.py:183} INFO - Processing /opt/airflow/dags/dag_csv_to_postgres_dag.py took 0.176 seconds
[2025-11-01T02:49:54.114+0000] {processor.py:161} INFO - Started process (PID=1219) to work on /opt/airflow/dags/dag_csv_to_postgres_dag.py
[2025-11-01T02:49:54.117+0000] {processor.py:830} INFO - Processing file /opt/airflow/dags/dag_csv_to_postgres_dag.py for tasks to queue
[2025-11-01T02:49:54.120+0000] {logging_mixin.py:188} INFO - [2025-11-01T02:49:54.120+0000] {dagbag.py:538} INFO - Filling up the DagBag from /opt/airflow/dags/dag_csv_to_postgres_dag.py
[2025-11-01T02:49:54.156+0000] {processor.py:840} INFO - DAG(s) 'load_csv_to_postgres' retrieved from /opt/airflow/dags/dag_csv_to_postgres_dag.py
[2025-11-01T02:49:54.205+0000] {logging_mixin.py:188} INFO - [2025-11-01T02:49:54.205+0000] {dag.py:3036} INFO - Sync 1 DAGs
[2025-11-01T02:49:54.232+0000] {logging_mixin.py:188} INFO - [2025-11-01T02:49:54.232+0000] {dag.py:3823} INFO - Setting next_dagrun for load_csv_to_postgres to None, run_after=None
[2025-11-01T02:49:54.272+0000] {processor.py:183} INFO - Processing /opt/airflow/dags/dag_csv_to_postgres_dag.py took 0.172 seconds
[2025-11-01T02:50:27.411+0000] {processor.py:161} INFO - Started process (PID=1231) to work on /opt/airflow/dags/dag_csv_to_postgres_dag.py
[2025-11-01T02:50:27.413+0000] {processor.py:830} INFO - Processing file /opt/airflow/dags/dag_csv_to_postgres_dag.py for tasks to queue
[2025-11-01T02:50:27.416+0000] {logging_mixin.py:188} INFO - [2025-11-01T02:50:27.415+0000] {dagbag.py:538} INFO - Filling up the DagBag from /opt/airflow/dags/dag_csv_to_postgres_dag.py
[2025-11-01T02:50:27.466+0000] {processor.py:840} INFO - DAG(s) 'load_csv_to_postgres' retrieved from /opt/airflow/dags/dag_csv_to_postgres_dag.py
[2025-11-01T02:50:27.551+0000] {logging_mixin.py:188} INFO - [2025-11-01T02:50:27.550+0000] {dag.py:3036} INFO - Sync 1 DAGs
[2025-11-01T02:50:27.590+0000] {logging_mixin.py:188} INFO - [2025-11-01T02:50:27.589+0000] {dag.py:3823} INFO - Setting next_dagrun for load_csv_to_postgres to None, run_after=None
[2025-11-01T02:50:27.645+0000] {processor.py:183} INFO - Processing /opt/airflow/dags/dag_csv_to_postgres_dag.py took 0.243 seconds
[2025-11-01T02:51:00.300+0000] {processor.py:161} INFO - Started process (PID=1244) to work on /opt/airflow/dags/dag_csv_to_postgres_dag.py
[2025-11-01T02:51:00.307+0000] {processor.py:830} INFO - Processing file /opt/airflow/dags/dag_csv_to_postgres_dag.py for tasks to queue
[2025-11-01T02:51:00.310+0000] {logging_mixin.py:188} INFO - [2025-11-01T02:51:00.310+0000] {dagbag.py:538} INFO - Filling up the DagBag from /opt/airflow/dags/dag_csv_to_postgres_dag.py
[2025-11-01T02:51:00.366+0000] {processor.py:840} INFO - DAG(s) 'load_csv_to_postgres' retrieved from /opt/airflow/dags/dag_csv_to_postgres_dag.py
[2025-11-01T02:51:00.546+0000] {logging_mixin.py:188} INFO - [2025-11-01T02:51:00.545+0000] {dag.py:3036} INFO - Sync 1 DAGs
[2025-11-01T02:51:00.636+0000] {logging_mixin.py:188} INFO - [2025-11-01T02:51:00.635+0000] {dag.py:3823} INFO - Setting next_dagrun for load_csv_to_postgres to None, run_after=None
[2025-11-01T02:51:00.752+0000] {processor.py:183} INFO - Processing /opt/airflow/dags/dag_csv_to_postgres_dag.py took 0.464 seconds
[2025-11-01T02:51:32.341+0000] {processor.py:161} INFO - Started process (PID=1256) to work on /opt/airflow/dags/dag_csv_to_postgres_dag.py
[2025-11-01T02:51:32.345+0000] {processor.py:830} INFO - Processing file /opt/airflow/dags/dag_csv_to_postgres_dag.py for tasks to queue
[2025-11-01T02:51:32.348+0000] {logging_mixin.py:188} INFO - [2025-11-01T02:51:32.347+0000] {dagbag.py:538} INFO - Filling up the DagBag from /opt/airflow/dags/dag_csv_to_postgres_dag.py
[2025-11-01T02:51:32.377+0000] {processor.py:840} INFO - DAG(s) 'load_csv_to_postgres' retrieved from /opt/airflow/dags/dag_csv_to_postgres_dag.py
[2025-11-01T02:51:32.450+0000] {logging_mixin.py:188} INFO - [2025-11-01T02:51:32.449+0000] {dag.py:3036} INFO - Sync 1 DAGs
[2025-11-01T02:51:32.478+0000] {logging_mixin.py:188} INFO - [2025-11-01T02:51:32.477+0000] {dag.py:3823} INFO - Setting next_dagrun for load_csv_to_postgres to None, run_after=None
[2025-11-01T02:51:32.526+0000] {processor.py:183} INFO - Processing /opt/airflow/dags/dag_csv_to_postgres_dag.py took 0.197 seconds
[2025-11-01T02:52:05.759+0000] {processor.py:161} INFO - Started process (PID=1268) to work on /opt/airflow/dags/dag_csv_to_postgres_dag.py
[2025-11-01T02:52:05.761+0000] {processor.py:830} INFO - Processing file /opt/airflow/dags/dag_csv_to_postgres_dag.py for tasks to queue
[2025-11-01T02:52:05.763+0000] {logging_mixin.py:188} INFO - [2025-11-01T02:52:05.763+0000] {dagbag.py:538} INFO - Filling up the DagBag from /opt/airflow/dags/dag_csv_to_postgres_dag.py
[2025-11-01T02:52:05.789+0000] {processor.py:840} INFO - DAG(s) 'load_csv_to_postgres' retrieved from /opt/airflow/dags/dag_csv_to_postgres_dag.py
[2025-11-01T02:52:05.839+0000] {logging_mixin.py:188} INFO - [2025-11-01T02:52:05.838+0000] {dag.py:3036} INFO - Sync 1 DAGs
[2025-11-01T02:52:05.863+0000] {logging_mixin.py:188} INFO - [2025-11-01T02:52:05.863+0000] {dag.py:3823} INFO - Setting next_dagrun for load_csv_to_postgres to None, run_after=None
[2025-11-01T02:52:05.896+0000] {processor.py:183} INFO - Processing /opt/airflow/dags/dag_csv_to_postgres_dag.py took 0.148 seconds
[2025-11-01T02:52:39.433+0000] {processor.py:161} INFO - Started process (PID=1280) to work on /opt/airflow/dags/dag_csv_to_postgres_dag.py
[2025-11-01T02:52:39.445+0000] {processor.py:830} INFO - Processing file /opt/airflow/dags/dag_csv_to_postgres_dag.py for tasks to queue
[2025-11-01T02:52:39.450+0000] {logging_mixin.py:188} INFO - [2025-11-01T02:52:39.449+0000] {dagbag.py:538} INFO - Filling up the DagBag from /opt/airflow/dags/dag_csv_to_postgres_dag.py
[2025-11-01T02:52:39.572+0000] {processor.py:840} INFO - DAG(s) 'load_csv_to_postgres' retrieved from /opt/airflow/dags/dag_csv_to_postgres_dag.py
[2025-11-01T02:52:39.768+0000] {logging_mixin.py:188} INFO - [2025-11-01T02:52:39.767+0000] {dag.py:3036} INFO - Sync 1 DAGs
[2025-11-01T02:52:39.835+0000] {logging_mixin.py:188} INFO - [2025-11-01T02:52:39.835+0000] {dag.py:3823} INFO - Setting next_dagrun for load_csv_to_postgres to None, run_after=None
[2025-11-01T02:52:39.913+0000] {processor.py:183} INFO - Processing /opt/airflow/dags/dag_csv_to_postgres_dag.py took 0.505 seconds
[2025-11-01T02:53:10.409+0000] {processor.py:161} INFO - Started process (PID=1292) to work on /opt/airflow/dags/dag_csv_to_postgres_dag.py
[2025-11-01T02:53:10.411+0000] {processor.py:830} INFO - Processing file /opt/airflow/dags/dag_csv_to_postgres_dag.py for tasks to queue
[2025-11-01T02:53:10.414+0000] {logging_mixin.py:188} INFO - [2025-11-01T02:53:10.414+0000] {dagbag.py:538} INFO - Filling up the DagBag from /opt/airflow/dags/dag_csv_to_postgres_dag.py
[2025-11-01T02:53:10.437+0000] {processor.py:840} INFO - DAG(s) 'load_csv_to_postgres' retrieved from /opt/airflow/dags/dag_csv_to_postgres_dag.py
[2025-11-01T02:53:10.480+0000] {logging_mixin.py:188} INFO - [2025-11-01T02:53:10.480+0000] {dag.py:3036} INFO - Sync 1 DAGs
[2025-11-01T02:53:10.500+0000] {logging_mixin.py:188} INFO - [2025-11-01T02:53:10.500+0000] {dag.py:3823} INFO - Setting next_dagrun for load_csv_to_postgres to None, run_after=None
[2025-11-01T02:53:10.536+0000] {processor.py:183} INFO - Processing /opt/airflow/dags/dag_csv_to_postgres_dag.py took 0.136 seconds
[2025-11-01T02:53:44.035+0000] {processor.py:161} INFO - Started process (PID=1304) to work on /opt/airflow/dags/dag_csv_to_postgres_dag.py
[2025-11-01T02:53:44.038+0000] {processor.py:830} INFO - Processing file /opt/airflow/dags/dag_csv_to_postgres_dag.py for tasks to queue
[2025-11-01T02:53:44.040+0000] {logging_mixin.py:188} INFO - [2025-11-01T02:53:44.039+0000] {dagbag.py:538} INFO - Filling up the DagBag from /opt/airflow/dags/dag_csv_to_postgres_dag.py
[2025-11-01T02:53:44.071+0000] {processor.py:840} INFO - DAG(s) 'load_csv_to_postgres' retrieved from /opt/airflow/dags/dag_csv_to_postgres_dag.py
[2025-11-01T02:53:44.116+0000] {logging_mixin.py:188} INFO - [2025-11-01T02:53:44.116+0000] {dag.py:3036} INFO - Sync 1 DAGs
[2025-11-01T02:53:44.142+0000] {logging_mixin.py:188} INFO - [2025-11-01T02:53:44.141+0000] {dag.py:3823} INFO - Setting next_dagrun for load_csv_to_postgres to None, run_after=None
[2025-11-01T02:53:44.182+0000] {processor.py:183} INFO - Processing /opt/airflow/dags/dag_csv_to_postgres_dag.py took 0.157 seconds
[2025-11-01T02:54:16.570+0000] {processor.py:161} INFO - Started process (PID=1316) to work on /opt/airflow/dags/dag_csv_to_postgres_dag.py
[2025-11-01T02:54:16.573+0000] {processor.py:830} INFO - Processing file /opt/airflow/dags/dag_csv_to_postgres_dag.py for tasks to queue
[2025-11-01T02:54:16.576+0000] {logging_mixin.py:188} INFO - [2025-11-01T02:54:16.576+0000] {dagbag.py:538} INFO - Filling up the DagBag from /opt/airflow/dags/dag_csv_to_postgres_dag.py
[2025-11-01T02:54:16.610+0000] {processor.py:840} INFO - DAG(s) 'load_csv_to_postgres' retrieved from /opt/airflow/dags/dag_csv_to_postgres_dag.py
[2025-11-01T02:54:16.667+0000] {logging_mixin.py:188} INFO - [2025-11-01T02:54:16.666+0000] {dag.py:3036} INFO - Sync 1 DAGs
[2025-11-01T02:54:16.692+0000] {logging_mixin.py:188} INFO - [2025-11-01T02:54:16.691+0000] {dag.py:3823} INFO - Setting next_dagrun for load_csv_to_postgres to None, run_after=None
[2025-11-01T02:54:16.738+0000] {processor.py:183} INFO - Processing /opt/airflow/dags/dag_csv_to_postgres_dag.py took 0.175 seconds
[2025-11-01T02:54:49.357+0000] {processor.py:161} INFO - Started process (PID=1329) to work on /opt/airflow/dags/dag_csv_to_postgres_dag.py
[2025-11-01T02:54:49.359+0000] {processor.py:830} INFO - Processing file /opt/airflow/dags/dag_csv_to_postgres_dag.py for tasks to queue
[2025-11-01T02:54:49.360+0000] {logging_mixin.py:188} INFO - [2025-11-01T02:54:49.360+0000] {dagbag.py:538} INFO - Filling up the DagBag from /opt/airflow/dags/dag_csv_to_postgres_dag.py
[2025-11-01T02:54:49.596+0000] {processor.py:840} INFO - DAG(s) 'load_csv_to_postgres' retrieved from /opt/airflow/dags/dag_csv_to_postgres_dag.py
[2025-11-01T02:54:49.663+0000] {logging_mixin.py:188} INFO - [2025-11-01T02:54:49.662+0000] {dag.py:3036} INFO - Sync 1 DAGs
[2025-11-01T02:54:49.681+0000] {logging_mixin.py:188} INFO - [2025-11-01T02:54:49.681+0000] {dag.py:3823} INFO - Setting next_dagrun for load_csv_to_postgres to None, run_after=None
[2025-11-01T02:54:49.721+0000] {processor.py:183} INFO - Processing /opt/airflow/dags/dag_csv_to_postgres_dag.py took 0.370 seconds
[2025-11-01T02:55:21.779+0000] {processor.py:161} INFO - Started process (PID=1341) to work on /opt/airflow/dags/dag_csv_to_postgres_dag.py
[2025-11-01T02:55:21.781+0000] {processor.py:830} INFO - Processing file /opt/airflow/dags/dag_csv_to_postgres_dag.py for tasks to queue
[2025-11-01T02:55:21.784+0000] {logging_mixin.py:188} INFO - [2025-11-01T02:55:21.783+0000] {dagbag.py:538} INFO - Filling up the DagBag from /opt/airflow/dags/dag_csv_to_postgres_dag.py
[2025-11-01T02:55:21.824+0000] {processor.py:840} INFO - DAG(s) 'load_csv_to_postgres' retrieved from /opt/airflow/dags/dag_csv_to_postgres_dag.py
[2025-11-01T02:55:21.879+0000] {logging_mixin.py:188} INFO - [2025-11-01T02:55:21.879+0000] {dag.py:3036} INFO - Sync 1 DAGs
[2025-11-01T02:55:21.899+0000] {logging_mixin.py:188} INFO - [2025-11-01T02:55:21.898+0000] {dag.py:3823} INFO - Setting next_dagrun for load_csv_to_postgres to None, run_after=None
[2025-11-01T02:55:21.944+0000] {processor.py:183} INFO - Processing /opt/airflow/dags/dag_csv_to_postgres_dag.py took 0.174 seconds
[2025-11-01T02:55:54.557+0000] {processor.py:161} INFO - Started process (PID=1353) to work on /opt/airflow/dags/dag_csv_to_postgres_dag.py
[2025-11-01T02:55:54.559+0000] {processor.py:830} INFO - Processing file /opt/airflow/dags/dag_csv_to_postgres_dag.py for tasks to queue
[2025-11-01T02:55:54.561+0000] {logging_mixin.py:188} INFO - [2025-11-01T02:55:54.561+0000] {dagbag.py:538} INFO - Filling up the DagBag from /opt/airflow/dags/dag_csv_to_postgres_dag.py
[2025-11-01T02:55:54.590+0000] {processor.py:840} INFO - DAG(s) 'load_csv_to_postgres' retrieved from /opt/airflow/dags/dag_csv_to_postgres_dag.py
[2025-11-01T02:55:54.636+0000] {logging_mixin.py:188} INFO - [2025-11-01T02:55:54.636+0000] {dag.py:3036} INFO - Sync 1 DAGs
[2025-11-01T02:55:54.660+0000] {logging_mixin.py:188} INFO - [2025-11-01T02:55:54.660+0000] {dag.py:3823} INFO - Setting next_dagrun for load_csv_to_postgres to None, run_after=None
[2025-11-01T02:55:54.937+0000] {processor.py:183} INFO - Processing /opt/airflow/dags/dag_csv_to_postgres_dag.py took 0.389 seconds
[2025-11-01T02:56:26.738+0000] {processor.py:161} INFO - Started process (PID=1365) to work on /opt/airflow/dags/dag_csv_to_postgres_dag.py
[2025-11-01T02:56:26.740+0000] {processor.py:830} INFO - Processing file /opt/airflow/dags/dag_csv_to_postgres_dag.py for tasks to queue
[2025-11-01T02:56:26.741+0000] {logging_mixin.py:188} INFO - [2025-11-01T02:56:26.741+0000] {dagbag.py:538} INFO - Filling up the DagBag from /opt/airflow/dags/dag_csv_to_postgres_dag.py
[2025-11-01T02:56:26.769+0000] {processor.py:840} INFO - DAG(s) 'load_csv_to_postgres' retrieved from /opt/airflow/dags/dag_csv_to_postgres_dag.py
[2025-11-01T02:56:26.813+0000] {logging_mixin.py:188} INFO - [2025-11-01T02:56:26.812+0000] {dag.py:3036} INFO - Sync 1 DAGs
[2025-11-01T02:56:26.829+0000] {logging_mixin.py:188} INFO - [2025-11-01T02:56:26.829+0000] {dag.py:3823} INFO - Setting next_dagrun for load_csv_to_postgres to None, run_after=None
[2025-11-01T02:56:26.862+0000] {processor.py:183} INFO - Processing /opt/airflow/dags/dag_csv_to_postgres_dag.py took 0.130 seconds
[2025-11-01T02:56:59.755+0000] {processor.py:161} INFO - Started process (PID=1377) to work on /opt/airflow/dags/dag_csv_to_postgres_dag.py
[2025-11-01T02:56:59.757+0000] {processor.py:830} INFO - Processing file /opt/airflow/dags/dag_csv_to_postgres_dag.py for tasks to queue
[2025-11-01T02:56:59.759+0000] {logging_mixin.py:188} INFO - [2025-11-01T02:56:59.758+0000] {dagbag.py:538} INFO - Filling up the DagBag from /opt/airflow/dags/dag_csv_to_postgres_dag.py
[2025-11-01T02:56:59.784+0000] {processor.py:840} INFO - DAG(s) 'load_csv_to_postgres' retrieved from /opt/airflow/dags/dag_csv_to_postgres_dag.py
[2025-11-01T02:56:59.831+0000] {logging_mixin.py:188} INFO - [2025-11-01T02:56:59.831+0000] {dag.py:3036} INFO - Sync 1 DAGs
[2025-11-01T02:56:59.847+0000] {logging_mixin.py:188} INFO - [2025-11-01T02:56:59.847+0000] {dag.py:3823} INFO - Setting next_dagrun for load_csv_to_postgres to None, run_after=None
[2025-11-01T02:56:59.878+0000] {processor.py:183} INFO - Processing /opt/airflow/dags/dag_csv_to_postgres_dag.py took 0.129 seconds
[2025-11-01T02:57:32.824+0000] {processor.py:161} INFO - Started process (PID=1389) to work on /opt/airflow/dags/dag_csv_to_postgres_dag.py
[2025-11-01T02:57:32.826+0000] {processor.py:830} INFO - Processing file /opt/airflow/dags/dag_csv_to_postgres_dag.py for tasks to queue
[2025-11-01T02:57:32.828+0000] {logging_mixin.py:188} INFO - [2025-11-01T02:57:32.827+0000] {dagbag.py:538} INFO - Filling up the DagBag from /opt/airflow/dags/dag_csv_to_postgres_dag.py
[2025-11-01T02:57:32.851+0000] {processor.py:840} INFO - DAG(s) 'load_csv_to_postgres' retrieved from /opt/airflow/dags/dag_csv_to_postgres_dag.py
[2025-11-01T02:57:32.892+0000] {logging_mixin.py:188} INFO - [2025-11-01T02:57:32.892+0000] {dag.py:3036} INFO - Sync 1 DAGs
[2025-11-01T02:57:32.910+0000] {logging_mixin.py:188} INFO - [2025-11-01T02:57:32.910+0000] {dag.py:3823} INFO - Setting next_dagrun for load_csv_to_postgres to None, run_after=None
[2025-11-01T02:57:32.973+0000] {processor.py:183} INFO - Processing /opt/airflow/dags/dag_csv_to_postgres_dag.py took 0.155 seconds
[2025-11-01T02:58:05.316+0000] {processor.py:161} INFO - Started process (PID=1401) to work on /opt/airflow/dags/dag_csv_to_postgres_dag.py
[2025-11-01T02:58:05.318+0000] {processor.py:830} INFO - Processing file /opt/airflow/dags/dag_csv_to_postgres_dag.py for tasks to queue
[2025-11-01T02:58:05.320+0000] {logging_mixin.py:188} INFO - [2025-11-01T02:58:05.319+0000] {dagbag.py:538} INFO - Filling up the DagBag from /opt/airflow/dags/dag_csv_to_postgres_dag.py
[2025-11-01T02:58:05.348+0000] {processor.py:840} INFO - DAG(s) 'load_csv_to_postgres' retrieved from /opt/airflow/dags/dag_csv_to_postgres_dag.py
[2025-11-01T02:58:05.390+0000] {logging_mixin.py:188} INFO - [2025-11-01T02:58:05.390+0000] {dag.py:3036} INFO - Sync 1 DAGs
[2025-11-01T02:58:05.410+0000] {logging_mixin.py:188} INFO - [2025-11-01T02:58:05.410+0000] {dag.py:3823} INFO - Setting next_dagrun for load_csv_to_postgres to None, run_after=None
[2025-11-01T02:58:05.453+0000] {processor.py:183} INFO - Processing /opt/airflow/dags/dag_csv_to_postgres_dag.py took 0.145 seconds
[2025-11-01T02:58:37.788+0000] {processor.py:161} INFO - Started process (PID=1413) to work on /opt/airflow/dags/dag_csv_to_postgres_dag.py
[2025-11-01T02:58:37.791+0000] {processor.py:830} INFO - Processing file /opt/airflow/dags/dag_csv_to_postgres_dag.py for tasks to queue
[2025-11-01T02:58:37.794+0000] {logging_mixin.py:188} INFO - [2025-11-01T02:58:37.792+0000] {dagbag.py:538} INFO - Filling up the DagBag from /opt/airflow/dags/dag_csv_to_postgres_dag.py
[2025-11-01T02:58:37.823+0000] {processor.py:840} INFO - DAG(s) 'load_csv_to_postgres' retrieved from /opt/airflow/dags/dag_csv_to_postgres_dag.py
[2025-11-01T02:58:37.895+0000] {logging_mixin.py:188} INFO - [2025-11-01T02:58:37.895+0000] {dag.py:3036} INFO - Sync 1 DAGs
[2025-11-01T02:58:37.934+0000] {logging_mixin.py:188} INFO - [2025-11-01T02:58:37.934+0000] {dag.py:3823} INFO - Setting next_dagrun for load_csv_to_postgres to None, run_after=None
[2025-11-01T02:58:37.994+0000] {processor.py:183} INFO - Processing /opt/airflow/dags/dag_csv_to_postgres_dag.py took 0.214 seconds
[2025-11-01T02:59:10.767+0000] {processor.py:161} INFO - Started process (PID=1425) to work on /opt/airflow/dags/dag_csv_to_postgres_dag.py
[2025-11-01T02:59:10.769+0000] {processor.py:830} INFO - Processing file /opt/airflow/dags/dag_csv_to_postgres_dag.py for tasks to queue
[2025-11-01T02:59:10.771+0000] {logging_mixin.py:188} INFO - [2025-11-01T02:59:10.771+0000] {dagbag.py:538} INFO - Filling up the DagBag from /opt/airflow/dags/dag_csv_to_postgres_dag.py
[2025-11-01T02:59:10.802+0000] {processor.py:840} INFO - DAG(s) 'load_csv_to_postgres' retrieved from /opt/airflow/dags/dag_csv_to_postgres_dag.py
[2025-11-01T02:59:10.854+0000] {logging_mixin.py:188} INFO - [2025-11-01T02:59:10.853+0000] {dag.py:3036} INFO - Sync 1 DAGs
[2025-11-01T02:59:10.873+0000] {logging_mixin.py:188} INFO - [2025-11-01T02:59:10.873+0000] {dag.py:3823} INFO - Setting next_dagrun for load_csv_to_postgres to None, run_after=None
[2025-11-01T02:59:10.913+0000] {processor.py:183} INFO - Processing /opt/airflow/dags/dag_csv_to_postgres_dag.py took 0.152 seconds
[2025-11-01T02:59:43.640+0000] {processor.py:161} INFO - Started process (PID=1437) to work on /opt/airflow/dags/dag_csv_to_postgres_dag.py
[2025-11-01T02:59:43.642+0000] {processor.py:830} INFO - Processing file /opt/airflow/dags/dag_csv_to_postgres_dag.py for tasks to queue
[2025-11-01T02:59:43.643+0000] {logging_mixin.py:188} INFO - [2025-11-01T02:59:43.643+0000] {dagbag.py:538} INFO - Filling up the DagBag from /opt/airflow/dags/dag_csv_to_postgres_dag.py
[2025-11-01T02:59:43.675+0000] {processor.py:840} INFO - DAG(s) 'load_csv_to_postgres' retrieved from /opt/airflow/dags/dag_csv_to_postgres_dag.py
[2025-11-01T02:59:43.730+0000] {logging_mixin.py:188} INFO - [2025-11-01T02:59:43.730+0000] {dag.py:3036} INFO - Sync 1 DAGs
[2025-11-01T02:59:43.752+0000] {logging_mixin.py:188} INFO - [2025-11-01T02:59:43.752+0000] {dag.py:3823} INFO - Setting next_dagrun for load_csv_to_postgres to None, run_after=None
[2025-11-01T02:59:43.783+0000] {processor.py:183} INFO - Processing /opt/airflow/dags/dag_csv_to_postgres_dag.py took 0.149 seconds
[2025-11-01T03:00:15.926+0000] {processor.py:161} INFO - Started process (PID=1449) to work on /opt/airflow/dags/dag_csv_to_postgres_dag.py
[2025-11-01T03:00:15.928+0000] {processor.py:830} INFO - Processing file /opt/airflow/dags/dag_csv_to_postgres_dag.py for tasks to queue
[2025-11-01T03:00:15.929+0000] {logging_mixin.py:188} INFO - [2025-11-01T03:00:15.929+0000] {dagbag.py:538} INFO - Filling up the DagBag from /opt/airflow/dags/dag_csv_to_postgres_dag.py
[2025-11-01T03:00:15.957+0000] {processor.py:840} INFO - DAG(s) 'load_csv_to_postgres' retrieved from /opt/airflow/dags/dag_csv_to_postgres_dag.py
[2025-11-01T03:00:16.002+0000] {logging_mixin.py:188} INFO - [2025-11-01T03:00:16.001+0000] {dag.py:3036} INFO - Sync 1 DAGs
[2025-11-01T03:00:16.018+0000] {logging_mixin.py:188} INFO - [2025-11-01T03:00:16.018+0000] {dag.py:3823} INFO - Setting next_dagrun for load_csv_to_postgres to None, run_after=None
[2025-11-01T03:00:16.054+0000] {processor.py:183} INFO - Processing /opt/airflow/dags/dag_csv_to_postgres_dag.py took 0.133 seconds
[2025-11-01T03:00:49.378+0000] {processor.py:161} INFO - Started process (PID=1461) to work on /opt/airflow/dags/dag_csv_to_postgres_dag.py
[2025-11-01T03:00:49.380+0000] {processor.py:830} INFO - Processing file /opt/airflow/dags/dag_csv_to_postgres_dag.py for tasks to queue
[2025-11-01T03:00:49.381+0000] {logging_mixin.py:188} INFO - [2025-11-01T03:00:49.381+0000] {dagbag.py:538} INFO - Filling up the DagBag from /opt/airflow/dags/dag_csv_to_postgres_dag.py
[2025-11-01T03:00:49.406+0000] {processor.py:840} INFO - DAG(s) 'load_csv_to_postgres' retrieved from /opt/airflow/dags/dag_csv_to_postgres_dag.py
[2025-11-01T03:00:49.465+0000] {logging_mixin.py:188} INFO - [2025-11-01T03:00:49.465+0000] {dag.py:3036} INFO - Sync 1 DAGs
[2025-11-01T03:00:49.487+0000] {logging_mixin.py:188} INFO - [2025-11-01T03:00:49.487+0000] {dag.py:3823} INFO - Setting next_dagrun for load_csv_to_postgres to None, run_after=None
[2025-11-01T03:00:49.524+0000] {processor.py:183} INFO - Processing /opt/airflow/dags/dag_csv_to_postgres_dag.py took 0.152 seconds
[2025-11-01T03:01:21.613+0000] {processor.py:161} INFO - Started process (PID=1473) to work on /opt/airflow/dags/dag_csv_to_postgres_dag.py
[2025-11-01T03:01:21.615+0000] {processor.py:830} INFO - Processing file /opt/airflow/dags/dag_csv_to_postgres_dag.py for tasks to queue
[2025-11-01T03:01:21.617+0000] {logging_mixin.py:188} INFO - [2025-11-01T03:01:21.616+0000] {dagbag.py:538} INFO - Filling up the DagBag from /opt/airflow/dags/dag_csv_to_postgres_dag.py
[2025-11-01T03:01:21.647+0000] {processor.py:840} INFO - DAG(s) 'load_csv_to_postgres' retrieved from /opt/airflow/dags/dag_csv_to_postgres_dag.py
[2025-11-01T03:01:21.688+0000] {logging_mixin.py:188} INFO - [2025-11-01T03:01:21.688+0000] {dag.py:3036} INFO - Sync 1 DAGs
[2025-11-01T03:01:21.717+0000] {logging_mixin.py:188} INFO - [2025-11-01T03:01:21.716+0000] {dag.py:3823} INFO - Setting next_dagrun for load_csv_to_postgres to None, run_after=None
[2025-11-01T03:01:21.848+0000] {processor.py:183} INFO - Processing /opt/airflow/dags/dag_csv_to_postgres_dag.py took 0.240 seconds
[2025-11-01T03:01:54.329+0000] {processor.py:161} INFO - Started process (PID=1485) to work on /opt/airflow/dags/dag_csv_to_postgres_dag.py
[2025-11-01T03:01:54.331+0000] {processor.py:830} INFO - Processing file /opt/airflow/dags/dag_csv_to_postgres_dag.py for tasks to queue
[2025-11-01T03:01:54.333+0000] {logging_mixin.py:188} INFO - [2025-11-01T03:01:54.332+0000] {dagbag.py:538} INFO - Filling up the DagBag from /opt/airflow/dags/dag_csv_to_postgres_dag.py
[2025-11-01T03:01:54.363+0000] {processor.py:840} INFO - DAG(s) 'load_csv_to_postgres' retrieved from /opt/airflow/dags/dag_csv_to_postgres_dag.py
[2025-11-01T03:01:54.404+0000] {logging_mixin.py:188} INFO - [2025-11-01T03:01:54.404+0000] {dag.py:3036} INFO - Sync 1 DAGs
[2025-11-01T03:01:54.424+0000] {logging_mixin.py:188} INFO - [2025-11-01T03:01:54.424+0000] {dag.py:3823} INFO - Setting next_dagrun for load_csv_to_postgres to None, run_after=None
[2025-11-01T03:01:54.469+0000] {processor.py:183} INFO - Processing /opt/airflow/dags/dag_csv_to_postgres_dag.py took 0.149 seconds
[2025-11-01T03:02:27.679+0000] {processor.py:161} INFO - Started process (PID=1497) to work on /opt/airflow/dags/dag_csv_to_postgres_dag.py
[2025-11-01T03:02:27.681+0000] {processor.py:830} INFO - Processing file /opt/airflow/dags/dag_csv_to_postgres_dag.py for tasks to queue
[2025-11-01T03:02:27.684+0000] {logging_mixin.py:188} INFO - [2025-11-01T03:02:27.683+0000] {dagbag.py:538} INFO - Filling up the DagBag from /opt/airflow/dags/dag_csv_to_postgres_dag.py
[2025-11-01T03:02:27.713+0000] {processor.py:840} INFO - DAG(s) 'load_csv_to_postgres' retrieved from /opt/airflow/dags/dag_csv_to_postgres_dag.py
[2025-11-01T03:02:27.764+0000] {logging_mixin.py:188} INFO - [2025-11-01T03:02:27.763+0000] {dag.py:3036} INFO - Sync 1 DAGs
[2025-11-01T03:02:27.790+0000] {logging_mixin.py:188} INFO - [2025-11-01T03:02:27.790+0000] {dag.py:3823} INFO - Setting next_dagrun for load_csv_to_postgres to None, run_after=None
[2025-11-01T03:02:27.829+0000] {processor.py:183} INFO - Processing /opt/airflow/dags/dag_csv_to_postgres_dag.py took 0.159 seconds
[2025-11-01T03:02:59.793+0000] {processor.py:161} INFO - Started process (PID=1509) to work on /opt/airflow/dags/dag_csv_to_postgres_dag.py
[2025-11-01T03:02:59.796+0000] {processor.py:830} INFO - Processing file /opt/airflow/dags/dag_csv_to_postgres_dag.py for tasks to queue
[2025-11-01T03:02:59.802+0000] {logging_mixin.py:188} INFO - [2025-11-01T03:02:59.800+0000] {dagbag.py:538} INFO - Filling up the DagBag from /opt/airflow/dags/dag_csv_to_postgres_dag.py
[2025-11-01T03:02:59.841+0000] {processor.py:840} INFO - DAG(s) 'load_csv_to_postgres' retrieved from /opt/airflow/dags/dag_csv_to_postgres_dag.py
[2025-11-01T03:02:59.923+0000] {logging_mixin.py:188} INFO - [2025-11-01T03:02:59.922+0000] {dag.py:3036} INFO - Sync 1 DAGs
[2025-11-01T03:02:59.944+0000] {logging_mixin.py:188} INFO - [2025-11-01T03:02:59.943+0000] {dag.py:3823} INFO - Setting next_dagrun for load_csv_to_postgres to None, run_after=None
[2025-11-01T03:03:00.022+0000] {processor.py:183} INFO - Processing /opt/airflow/dags/dag_csv_to_postgres_dag.py took 0.238 seconds
[2025-11-01T03:03:34.483+0000] {processor.py:161} INFO - Started process (PID=1521) to work on /opt/airflow/dags/dag_csv_to_postgres_dag.py
[2025-11-01T03:03:34.486+0000] {processor.py:830} INFO - Processing file /opt/airflow/dags/dag_csv_to_postgres_dag.py for tasks to queue
[2025-11-01T03:03:34.487+0000] {logging_mixin.py:188} INFO - [2025-11-01T03:03:34.487+0000] {dagbag.py:538} INFO - Filling up the DagBag from /opt/airflow/dags/dag_csv_to_postgres_dag.py
[2025-11-01T03:03:34.517+0000] {processor.py:840} INFO - DAG(s) 'load_csv_to_postgres' retrieved from /opt/airflow/dags/dag_csv_to_postgres_dag.py
[2025-11-01T03:03:34.560+0000] {logging_mixin.py:188} INFO - [2025-11-01T03:03:34.559+0000] {dag.py:3036} INFO - Sync 1 DAGs
[2025-11-01T03:03:34.579+0000] {logging_mixin.py:188} INFO - [2025-11-01T03:03:34.578+0000] {dag.py:3823} INFO - Setting next_dagrun for load_csv_to_postgres to None, run_after=None
[2025-11-01T03:03:34.914+0000] {processor.py:183} INFO - Processing /opt/airflow/dags/dag_csv_to_postgres_dag.py took 0.438 seconds
[2025-11-01T03:04:05.323+0000] {processor.py:161} INFO - Started process (PID=1534) to work on /opt/airflow/dags/dag_csv_to_postgres_dag.py
[2025-11-01T03:04:05.326+0000] {processor.py:830} INFO - Processing file /opt/airflow/dags/dag_csv_to_postgres_dag.py for tasks to queue
[2025-11-01T03:04:05.328+0000] {logging_mixin.py:188} INFO - [2025-11-01T03:04:05.327+0000] {dagbag.py:538} INFO - Filling up the DagBag from /opt/airflow/dags/dag_csv_to_postgres_dag.py
[2025-11-01T03:04:05.378+0000] {processor.py:840} INFO - DAG(s) 'load_csv_to_postgres' retrieved from /opt/airflow/dags/dag_csv_to_postgres_dag.py
[2025-11-01T03:04:05.457+0000] {logging_mixin.py:188} INFO - [2025-11-01T03:04:05.456+0000] {dag.py:3036} INFO - Sync 1 DAGs
[2025-11-01T03:04:05.483+0000] {logging_mixin.py:188} INFO - [2025-11-01T03:04:05.483+0000] {dag.py:3823} INFO - Setting next_dagrun for load_csv_to_postgres to None, run_after=None
[2025-11-01T03:04:05.524+0000] {processor.py:183} INFO - Processing /opt/airflow/dags/dag_csv_to_postgres_dag.py took 0.213 seconds
[2025-11-01T03:04:39.255+0000] {processor.py:161} INFO - Started process (PID=1546) to work on /opt/airflow/dags/dag_csv_to_postgres_dag.py
[2025-11-01T03:04:39.258+0000] {processor.py:830} INFO - Processing file /opt/airflow/dags/dag_csv_to_postgres_dag.py for tasks to queue
[2025-11-01T03:04:39.260+0000] {logging_mixin.py:188} INFO - [2025-11-01T03:04:39.259+0000] {dagbag.py:538} INFO - Filling up the DagBag from /opt/airflow/dags/dag_csv_to_postgres_dag.py
[2025-11-01T03:04:39.328+0000] {processor.py:840} INFO - DAG(s) 'load_csv_to_postgres' retrieved from /opt/airflow/dags/dag_csv_to_postgres_dag.py
[2025-11-01T03:04:39.422+0000] {logging_mixin.py:188} INFO - [2025-11-01T03:04:39.422+0000] {dag.py:3036} INFO - Sync 1 DAGs
[2025-11-01T03:04:39.461+0000] {logging_mixin.py:188} INFO - [2025-11-01T03:04:39.460+0000] {dag.py:3823} INFO - Setting next_dagrun for load_csv_to_postgres to None, run_after=None
[2025-11-01T03:04:39.550+0000] {processor.py:183} INFO - Processing /opt/airflow/dags/dag_csv_to_postgres_dag.py took 0.306 seconds
[2025-11-01T03:05:11.505+0000] {processor.py:161} INFO - Started process (PID=1558) to work on /opt/airflow/dags/dag_csv_to_postgres_dag.py
[2025-11-01T03:05:11.508+0000] {processor.py:830} INFO - Processing file /opt/airflow/dags/dag_csv_to_postgres_dag.py for tasks to queue
[2025-11-01T03:05:11.512+0000] {logging_mixin.py:188} INFO - [2025-11-01T03:05:11.511+0000] {dagbag.py:538} INFO - Filling up the DagBag from /opt/airflow/dags/dag_csv_to_postgres_dag.py
[2025-11-01T03:05:11.548+0000] {processor.py:840} INFO - DAG(s) 'load_csv_to_postgres' retrieved from /opt/airflow/dags/dag_csv_to_postgres_dag.py
[2025-11-01T03:05:11.632+0000] {logging_mixin.py:188} INFO - [2025-11-01T03:05:11.631+0000] {dag.py:3036} INFO - Sync 1 DAGs
[2025-11-01T03:05:11.668+0000] {logging_mixin.py:188} INFO - [2025-11-01T03:05:11.668+0000] {dag.py:3823} INFO - Setting next_dagrun for load_csv_to_postgres to None, run_after=None
[2025-11-01T03:05:11.725+0000] {processor.py:183} INFO - Processing /opt/airflow/dags/dag_csv_to_postgres_dag.py took 0.228 seconds
[2025-11-01T03:05:43.587+0000] {processor.py:161} INFO - Started process (PID=1570) to work on /opt/airflow/dags/dag_csv_to_postgres_dag.py
[2025-11-01T03:05:43.588+0000] {processor.py:830} INFO - Processing file /opt/airflow/dags/dag_csv_to_postgres_dag.py for tasks to queue
[2025-11-01T03:05:43.591+0000] {logging_mixin.py:188} INFO - [2025-11-01T03:05:43.590+0000] {dagbag.py:538} INFO - Filling up the DagBag from /opt/airflow/dags/dag_csv_to_postgres_dag.py
[2025-11-01T03:05:43.623+0000] {processor.py:840} INFO - DAG(s) 'load_csv_to_postgres' retrieved from /opt/airflow/dags/dag_csv_to_postgres_dag.py
[2025-11-01T03:05:43.677+0000] {logging_mixin.py:188} INFO - [2025-11-01T03:05:43.676+0000] {dag.py:3036} INFO - Sync 1 DAGs
[2025-11-01T03:05:43.698+0000] {logging_mixin.py:188} INFO - [2025-11-01T03:05:43.697+0000] {dag.py:3823} INFO - Setting next_dagrun for load_csv_to_postgres to None, run_after=None
[2025-11-01T03:05:43.739+0000] {processor.py:183} INFO - Processing /opt/airflow/dags/dag_csv_to_postgres_dag.py took 0.161 seconds
[2025-11-01T03:06:16.411+0000] {processor.py:161} INFO - Started process (PID=1582) to work on /opt/airflow/dags/dag_csv_to_postgres_dag.py
[2025-11-01T03:06:16.417+0000] {processor.py:830} INFO - Processing file /opt/airflow/dags/dag_csv_to_postgres_dag.py for tasks to queue
[2025-11-01T03:06:16.420+0000] {logging_mixin.py:188} INFO - [2025-11-01T03:06:16.419+0000] {dagbag.py:538} INFO - Filling up the DagBag from /opt/airflow/dags/dag_csv_to_postgres_dag.py
[2025-11-01T03:06:16.473+0000] {processor.py:840} INFO - DAG(s) 'load_csv_to_postgres' retrieved from /opt/airflow/dags/dag_csv_to_postgres_dag.py
[2025-11-01T03:06:16.551+0000] {logging_mixin.py:188} INFO - [2025-11-01T03:06:16.551+0000] {dag.py:3036} INFO - Sync 1 DAGs
[2025-11-01T03:06:16.588+0000] {logging_mixin.py:188} INFO - [2025-11-01T03:06:16.585+0000] {dag.py:3823} INFO - Setting next_dagrun for load_csv_to_postgres to None, run_after=None
[2025-11-01T03:06:16.639+0000] {processor.py:183} INFO - Processing /opt/airflow/dags/dag_csv_to_postgres_dag.py took 0.240 seconds
[2025-11-01T03:06:49.534+0000] {processor.py:161} INFO - Started process (PID=1595) to work on /opt/airflow/dags/dag_csv_to_postgres_dag.py
[2025-11-01T03:06:49.537+0000] {processor.py:830} INFO - Processing file /opt/airflow/dags/dag_csv_to_postgres_dag.py for tasks to queue
[2025-11-01T03:06:49.541+0000] {logging_mixin.py:188} INFO - [2025-11-01T03:06:49.538+0000] {dagbag.py:538} INFO - Filling up the DagBag from /opt/airflow/dags/dag_csv_to_postgres_dag.py
[2025-11-01T03:06:49.574+0000] {processor.py:840} INFO - DAG(s) 'load_csv_to_postgres' retrieved from /opt/airflow/dags/dag_csv_to_postgres_dag.py
[2025-11-01T03:06:49.641+0000] {logging_mixin.py:188} INFO - [2025-11-01T03:06:49.640+0000] {dag.py:3036} INFO - Sync 1 DAGs
[2025-11-01T03:06:49.667+0000] {logging_mixin.py:188} INFO - [2025-11-01T03:06:49.666+0000] {dag.py:3823} INFO - Setting next_dagrun for load_csv_to_postgres to None, run_after=None
[2025-11-01T03:06:49.716+0000] {processor.py:183} INFO - Processing /opt/airflow/dags/dag_csv_to_postgres_dag.py took 0.189 seconds
[2025-11-01T03:07:22.060+0000] {processor.py:161} INFO - Started process (PID=1607) to work on /opt/airflow/dags/dag_csv_to_postgres_dag.py
[2025-11-01T03:07:22.063+0000] {processor.py:830} INFO - Processing file /opt/airflow/dags/dag_csv_to_postgres_dag.py for tasks to queue
[2025-11-01T03:07:22.065+0000] {logging_mixin.py:188} INFO - [2025-11-01T03:07:22.064+0000] {dagbag.py:538} INFO - Filling up the DagBag from /opt/airflow/dags/dag_csv_to_postgres_dag.py
[2025-11-01T03:07:22.108+0000] {processor.py:840} INFO - DAG(s) 'load_csv_to_postgres' retrieved from /opt/airflow/dags/dag_csv_to_postgres_dag.py
[2025-11-01T03:07:22.187+0000] {logging_mixin.py:188} INFO - [2025-11-01T03:07:22.187+0000] {dag.py:3036} INFO - Sync 1 DAGs
[2025-11-01T03:07:22.225+0000] {logging_mixin.py:188} INFO - [2025-11-01T03:07:22.224+0000] {dag.py:3823} INFO - Setting next_dagrun for load_csv_to_postgres to None, run_after=None
[2025-11-01T03:07:22.333+0000] {processor.py:183} INFO - Processing /opt/airflow/dags/dag_csv_to_postgres_dag.py took 0.285 seconds
[2025-11-01T03:07:54.580+0000] {processor.py:161} INFO - Started process (PID=1620) to work on /opt/airflow/dags/dag_csv_to_postgres_dag.py
[2025-11-01T03:07:54.583+0000] {processor.py:830} INFO - Processing file /opt/airflow/dags/dag_csv_to_postgres_dag.py for tasks to queue
[2025-11-01T03:07:54.586+0000] {logging_mixin.py:188} INFO - [2025-11-01T03:07:54.584+0000] {dagbag.py:538} INFO - Filling up the DagBag from /opt/airflow/dags/dag_csv_to_postgres_dag.py
[2025-11-01T03:07:54.636+0000] {processor.py:840} INFO - DAG(s) 'load_csv_to_postgres' retrieved from /opt/airflow/dags/dag_csv_to_postgres_dag.py
[2025-11-01T03:07:54.724+0000] {logging_mixin.py:188} INFO - [2025-11-01T03:07:54.723+0000] {dag.py:3036} INFO - Sync 1 DAGs
[2025-11-01T03:07:54.754+0000] {logging_mixin.py:188} INFO - [2025-11-01T03:07:54.753+0000] {dag.py:3823} INFO - Setting next_dagrun for load_csv_to_postgres to None, run_after=None
[2025-11-01T03:07:54.814+0000] {processor.py:183} INFO - Processing /opt/airflow/dags/dag_csv_to_postgres_dag.py took 0.243 seconds
[2025-11-01T03:08:27.707+0000] {processor.py:161} INFO - Started process (PID=1632) to work on /opt/airflow/dags/dag_csv_to_postgres_dag.py
[2025-11-01T03:08:27.709+0000] {processor.py:830} INFO - Processing file /opt/airflow/dags/dag_csv_to_postgres_dag.py for tasks to queue
[2025-11-01T03:08:27.711+0000] {logging_mixin.py:188} INFO - [2025-11-01T03:08:27.711+0000] {dagbag.py:538} INFO - Filling up the DagBag from /opt/airflow/dags/dag_csv_to_postgres_dag.py
[2025-11-01T03:08:27.736+0000] {processor.py:840} INFO - DAG(s) 'load_csv_to_postgres' retrieved from /opt/airflow/dags/dag_csv_to_postgres_dag.py
[2025-11-01T03:08:27.809+0000] {logging_mixin.py:188} INFO - [2025-11-01T03:08:27.808+0000] {dag.py:3036} INFO - Sync 1 DAGs
[2025-11-01T03:08:27.835+0000] {logging_mixin.py:188} INFO - [2025-11-01T03:08:27.834+0000] {dag.py:3823} INFO - Setting next_dagrun for load_csv_to_postgres to None, run_after=None
[2025-11-01T03:08:27.892+0000] {processor.py:183} INFO - Processing /opt/airflow/dags/dag_csv_to_postgres_dag.py took 0.194 seconds
[2025-11-01T03:09:00.602+0000] {processor.py:161} INFO - Started process (PID=1644) to work on /opt/airflow/dags/dag_csv_to_postgres_dag.py
[2025-11-01T03:09:00.612+0000] {processor.py:830} INFO - Processing file /opt/airflow/dags/dag_csv_to_postgres_dag.py for tasks to queue
[2025-11-01T03:09:00.615+0000] {logging_mixin.py:188} INFO - [2025-11-01T03:09:00.615+0000] {dagbag.py:538} INFO - Filling up the DagBag from /opt/airflow/dags/dag_csv_to_postgres_dag.py
[2025-11-01T03:09:00.741+0000] {processor.py:840} INFO - DAG(s) 'load_csv_to_postgres' retrieved from /opt/airflow/dags/dag_csv_to_postgres_dag.py
[2025-11-01T03:09:00.891+0000] {logging_mixin.py:188} INFO - [2025-11-01T03:09:00.889+0000] {dag.py:3036} INFO - Sync 1 DAGs
[2025-11-01T03:09:00.961+0000] {logging_mixin.py:188} INFO - [2025-11-01T03:09:00.960+0000] {dag.py:3823} INFO - Setting next_dagrun for load_csv_to_postgres to None, run_after=None
[2025-11-01T03:09:01.169+0000] {processor.py:183} INFO - Processing /opt/airflow/dags/dag_csv_to_postgres_dag.py took 0.582 seconds
[2025-11-01T03:09:33.208+0000] {processor.py:161} INFO - Started process (PID=1656) to work on /opt/airflow/dags/dag_csv_to_postgres_dag.py
[2025-11-01T03:09:33.211+0000] {processor.py:830} INFO - Processing file /opt/airflow/dags/dag_csv_to_postgres_dag.py for tasks to queue
[2025-11-01T03:09:33.215+0000] {logging_mixin.py:188} INFO - [2025-11-01T03:09:33.214+0000] {dagbag.py:538} INFO - Filling up the DagBag from /opt/airflow/dags/dag_csv_to_postgres_dag.py
[2025-11-01T03:09:33.273+0000] {processor.py:840} INFO - DAG(s) 'load_csv_to_postgres' retrieved from /opt/airflow/dags/dag_csv_to_postgres_dag.py
[2025-11-01T03:09:33.336+0000] {logging_mixin.py:188} INFO - [2025-11-01T03:09:33.336+0000] {dag.py:3036} INFO - Sync 1 DAGs
[2025-11-01T03:09:33.372+0000] {logging_mixin.py:188} INFO - [2025-11-01T03:09:33.371+0000] {dag.py:3823} INFO - Setting next_dagrun for load_csv_to_postgres to None, run_after=None
[2025-11-01T03:09:33.429+0000] {processor.py:183} INFO - Processing /opt/airflow/dags/dag_csv_to_postgres_dag.py took 0.231 seconds
[2025-11-01T03:10:05.812+0000] {processor.py:161} INFO - Started process (PID=1668) to work on /opt/airflow/dags/dag_csv_to_postgres_dag.py
[2025-11-01T03:10:05.816+0000] {processor.py:830} INFO - Processing file /opt/airflow/dags/dag_csv_to_postgres_dag.py for tasks to queue
[2025-11-01T03:10:05.818+0000] {logging_mixin.py:188} INFO - [2025-11-01T03:10:05.817+0000] {dagbag.py:538} INFO - Filling up the DagBag from /opt/airflow/dags/dag_csv_to_postgres_dag.py
[2025-11-01T03:10:05.868+0000] {processor.py:840} INFO - DAG(s) 'load_csv_to_postgres' retrieved from /opt/airflow/dags/dag_csv_to_postgres_dag.py
[2025-11-01T03:10:05.959+0000] {logging_mixin.py:188} INFO - [2025-11-01T03:10:05.958+0000] {dag.py:3036} INFO - Sync 1 DAGs
[2025-11-01T03:10:05.992+0000] {logging_mixin.py:188} INFO - [2025-11-01T03:10:05.991+0000] {dag.py:3823} INFO - Setting next_dagrun for load_csv_to_postgres to None, run_after=None
[2025-11-01T03:10:06.055+0000] {processor.py:183} INFO - Processing /opt/airflow/dags/dag_csv_to_postgres_dag.py took 0.253 seconds
[2025-11-01T03:10:38.976+0000] {processor.py:161} INFO - Started process (PID=1680) to work on /opt/airflow/dags/dag_csv_to_postgres_dag.py
[2025-11-01T03:10:38.979+0000] {processor.py:830} INFO - Processing file /opt/airflow/dags/dag_csv_to_postgres_dag.py for tasks to queue
[2025-11-01T03:10:38.986+0000] {logging_mixin.py:188} INFO - [2025-11-01T03:10:38.985+0000] {dagbag.py:538} INFO - Filling up the DagBag from /opt/airflow/dags/dag_csv_to_postgres_dag.py
[2025-11-01T03:10:39.167+0000] {processor.py:840} INFO - DAG(s) 'load_csv_to_postgres' retrieved from /opt/airflow/dags/dag_csv_to_postgres_dag.py
[2025-11-01T03:10:39.335+0000] {logging_mixin.py:188} INFO - [2025-11-01T03:10:39.334+0000] {dag.py:3036} INFO - Sync 1 DAGs
[2025-11-01T03:10:39.368+0000] {logging_mixin.py:188} INFO - [2025-11-01T03:10:39.368+0000] {dag.py:3823} INFO - Setting next_dagrun for load_csv_to_postgres to None, run_after=None
[2025-11-01T03:10:39.482+0000] {processor.py:183} INFO - Processing /opt/airflow/dags/dag_csv_to_postgres_dag.py took 0.523 seconds
[2025-11-01T03:11:11.197+0000] {processor.py:161} INFO - Started process (PID=1692) to work on /opt/airflow/dags/dag_csv_to_postgres_dag.py
[2025-11-01T03:11:11.203+0000] {processor.py:830} INFO - Processing file /opt/airflow/dags/dag_csv_to_postgres_dag.py for tasks to queue
[2025-11-01T03:11:11.206+0000] {logging_mixin.py:188} INFO - [2025-11-01T03:11:11.205+0000] {dagbag.py:538} INFO - Filling up the DagBag from /opt/airflow/dags/dag_csv_to_postgres_dag.py
[2025-11-01T03:11:11.253+0000] {processor.py:840} INFO - DAG(s) 'load_csv_to_postgres' retrieved from /opt/airflow/dags/dag_csv_to_postgres_dag.py
[2025-11-01T03:11:11.336+0000] {logging_mixin.py:188} INFO - [2025-11-01T03:11:11.335+0000] {dag.py:3036} INFO - Sync 1 DAGs
[2025-11-01T03:11:11.396+0000] {logging_mixin.py:188} INFO - [2025-11-01T03:11:11.396+0000] {dag.py:3823} INFO - Setting next_dagrun for load_csv_to_postgres to None, run_after=None
[2025-11-01T03:11:11.459+0000] {processor.py:183} INFO - Processing /opt/airflow/dags/dag_csv_to_postgres_dag.py took 0.275 seconds
[2025-11-01T03:11:44.774+0000] {processor.py:161} INFO - Started process (PID=1704) to work on /opt/airflow/dags/dag_csv_to_postgres_dag.py
[2025-11-01T03:11:44.779+0000] {processor.py:830} INFO - Processing file /opt/airflow/dags/dag_csv_to_postgres_dag.py for tasks to queue
[2025-11-01T03:11:44.782+0000] {logging_mixin.py:188} INFO - [2025-11-01T03:11:44.781+0000] {dagbag.py:538} INFO - Filling up the DagBag from /opt/airflow/dags/dag_csv_to_postgres_dag.py
[2025-11-01T03:11:44.861+0000] {processor.py:840} INFO - DAG(s) 'load_csv_to_postgres' retrieved from /opt/airflow/dags/dag_csv_to_postgres_dag.py
[2025-11-01T03:11:45.012+0000] {logging_mixin.py:188} INFO - [2025-11-01T03:11:45.012+0000] {dag.py:3036} INFO - Sync 1 DAGs
[2025-11-01T03:11:45.117+0000] {logging_mixin.py:188} INFO - [2025-11-01T03:11:45.116+0000] {dag.py:3823} INFO - Setting next_dagrun for load_csv_to_postgres to None, run_after=None
[2025-11-01T03:11:45.261+0000] {processor.py:183} INFO - Processing /opt/airflow/dags/dag_csv_to_postgres_dag.py took 0.503 seconds
[2025-11-01T03:12:16.616+0000] {processor.py:161} INFO - Started process (PID=1716) to work on /opt/airflow/dags/dag_csv_to_postgres_dag.py
[2025-11-01T03:12:16.622+0000] {processor.py:830} INFO - Processing file /opt/airflow/dags/dag_csv_to_postgres_dag.py for tasks to queue
[2025-11-01T03:12:16.631+0000] {logging_mixin.py:188} INFO - [2025-11-01T03:12:16.630+0000] {dagbag.py:538} INFO - Filling up the DagBag from /opt/airflow/dags/dag_csv_to_postgres_dag.py
[2025-11-01T03:12:16.689+0000] {processor.py:840} INFO - DAG(s) 'load_csv_to_postgres' retrieved from /opt/airflow/dags/dag_csv_to_postgres_dag.py
[2025-11-01T03:12:16.755+0000] {logging_mixin.py:188} INFO - [2025-11-01T03:12:16.755+0000] {dag.py:3036} INFO - Sync 1 DAGs
[2025-11-01T03:12:16.778+0000] {logging_mixin.py:188} INFO - [2025-11-01T03:12:16.777+0000] {dag.py:3823} INFO - Setting next_dagrun for load_csv_to_postgres to None, run_after=None
[2025-11-01T03:12:16.817+0000] {processor.py:183} INFO - Processing /opt/airflow/dags/dag_csv_to_postgres_dag.py took 0.210 seconds
[2025-11-01T03:12:49.728+0000] {processor.py:161} INFO - Started process (PID=1728) to work on /opt/airflow/dags/dag_csv_to_postgres_dag.py
[2025-11-01T03:12:49.732+0000] {processor.py:830} INFO - Processing file /opt/airflow/dags/dag_csv_to_postgres_dag.py for tasks to queue
[2025-11-01T03:12:49.736+0000] {logging_mixin.py:188} INFO - [2025-11-01T03:12:49.735+0000] {dagbag.py:538} INFO - Filling up the DagBag from /opt/airflow/dags/dag_csv_to_postgres_dag.py
[2025-11-01T03:12:49.819+0000] {processor.py:840} INFO - DAG(s) 'load_csv_to_postgres' retrieved from /opt/airflow/dags/dag_csv_to_postgres_dag.py
[2025-11-01T03:12:49.949+0000] {logging_mixin.py:188} INFO - [2025-11-01T03:12:49.948+0000] {dag.py:3036} INFO - Sync 1 DAGs
[2025-11-01T03:12:50.005+0000] {logging_mixin.py:188} INFO - [2025-11-01T03:12:50.004+0000] {dag.py:3823} INFO - Setting next_dagrun for load_csv_to_postgres to None, run_after=None
[2025-11-01T03:12:50.097+0000] {processor.py:183} INFO - Processing /opt/airflow/dags/dag_csv_to_postgres_dag.py took 0.395 seconds
[2025-11-01T03:13:21.768+0000] {processor.py:161} INFO - Started process (PID=1740) to work on /opt/airflow/dags/dag_csv_to_postgres_dag.py
[2025-11-01T03:13:21.773+0000] {processor.py:830} INFO - Processing file /opt/airflow/dags/dag_csv_to_postgres_dag.py for tasks to queue
[2025-11-01T03:13:21.777+0000] {logging_mixin.py:188} INFO - [2025-11-01T03:13:21.776+0000] {dagbag.py:538} INFO - Filling up the DagBag from /opt/airflow/dags/dag_csv_to_postgres_dag.py
[2025-11-01T03:13:21.820+0000] {processor.py:840} INFO - DAG(s) 'load_csv_to_postgres' retrieved from /opt/airflow/dags/dag_csv_to_postgres_dag.py
[2025-11-01T03:13:21.908+0000] {logging_mixin.py:188} INFO - [2025-11-01T03:13:21.907+0000] {dag.py:3036} INFO - Sync 1 DAGs
[2025-11-01T03:13:21.955+0000] {logging_mixin.py:188} INFO - [2025-11-01T03:13:21.955+0000] {dag.py:3823} INFO - Setting next_dagrun for load_csv_to_postgres to None, run_after=None
[2025-11-01T03:13:22.055+0000] {processor.py:183} INFO - Processing /opt/airflow/dags/dag_csv_to_postgres_dag.py took 0.294 seconds
[2025-11-01T03:13:55.446+0000] {processor.py:161} INFO - Started process (PID=1753) to work on /opt/airflow/dags/dag_csv_to_postgres_dag.py
[2025-11-01T03:13:55.451+0000] {processor.py:830} INFO - Processing file /opt/airflow/dags/dag_csv_to_postgres_dag.py for tasks to queue
[2025-11-01T03:13:55.453+0000] {logging_mixin.py:188} INFO - [2025-11-01T03:13:55.452+0000] {dagbag.py:538} INFO - Filling up the DagBag from /opt/airflow/dags/dag_csv_to_postgres_dag.py
[2025-11-01T03:13:55.494+0000] {processor.py:840} INFO - DAG(s) 'load_csv_to_postgres' retrieved from /opt/airflow/dags/dag_csv_to_postgres_dag.py
[2025-11-01T03:13:55.559+0000] {logging_mixin.py:188} INFO - [2025-11-01T03:13:55.558+0000] {dag.py:3036} INFO - Sync 1 DAGs
[2025-11-01T03:13:55.581+0000] {logging_mixin.py:188} INFO - [2025-11-01T03:13:55.580+0000] {dag.py:3823} INFO - Setting next_dagrun for load_csv_to_postgres to None, run_after=None
[2025-11-01T03:13:55.626+0000] {processor.py:183} INFO - Processing /opt/airflow/dags/dag_csv_to_postgres_dag.py took 0.193 seconds
[2025-11-01T03:14:27.699+0000] {processor.py:161} INFO - Started process (PID=1765) to work on /opt/airflow/dags/dag_csv_to_postgres_dag.py
[2025-11-01T03:14:27.703+0000] {processor.py:830} INFO - Processing file /opt/airflow/dags/dag_csv_to_postgres_dag.py for tasks to queue
[2025-11-01T03:14:27.709+0000] {logging_mixin.py:188} INFO - [2025-11-01T03:14:27.708+0000] {dagbag.py:538} INFO - Filling up the DagBag from /opt/airflow/dags/dag_csv_to_postgres_dag.py
[2025-11-01T03:14:27.762+0000] {processor.py:840} INFO - DAG(s) 'load_csv_to_postgres' retrieved from /opt/airflow/dags/dag_csv_to_postgres_dag.py
[2025-11-01T03:14:27.855+0000] {logging_mixin.py:188} INFO - [2025-11-01T03:14:27.854+0000] {dag.py:3036} INFO - Sync 1 DAGs
[2025-11-01T03:14:27.909+0000] {logging_mixin.py:188} INFO - [2025-11-01T03:14:27.908+0000] {dag.py:3823} INFO - Setting next_dagrun for load_csv_to_postgres to None, run_after=None
[2025-11-01T03:14:27.972+0000] {processor.py:183} INFO - Processing /opt/airflow/dags/dag_csv_to_postgres_dag.py took 0.284 seconds
[2025-11-01T03:15:00.444+0000] {processor.py:161} INFO - Started process (PID=1777) to work on /opt/airflow/dags/dag_csv_to_postgres_dag.py
[2025-11-01T03:15:00.452+0000] {processor.py:830} INFO - Processing file /opt/airflow/dags/dag_csv_to_postgres_dag.py for tasks to queue
[2025-11-01T03:15:00.455+0000] {logging_mixin.py:188} INFO - [2025-11-01T03:15:00.454+0000] {dagbag.py:538} INFO - Filling up the DagBag from /opt/airflow/dags/dag_csv_to_postgres_dag.py
[2025-11-01T03:15:00.494+0000] {processor.py:840} INFO - DAG(s) 'load_csv_to_postgres' retrieved from /opt/airflow/dags/dag_csv_to_postgres_dag.py
[2025-11-01T03:15:00.608+0000] {logging_mixin.py:188} INFO - [2025-11-01T03:15:00.607+0000] {dag.py:3036} INFO - Sync 1 DAGs
[2025-11-01T03:15:00.667+0000] {logging_mixin.py:188} INFO - [2025-11-01T03:15:00.667+0000] {dag.py:3823} INFO - Setting next_dagrun for load_csv_to_postgres to None, run_after=None
[2025-11-01T03:15:00.793+0000] {processor.py:183} INFO - Processing /opt/airflow/dags/dag_csv_to_postgres_dag.py took 0.357 seconds
[2025-11-01T03:15:33.472+0000] {processor.py:161} INFO - Started process (PID=1789) to work on /opt/airflow/dags/dag_csv_to_postgres_dag.py
[2025-11-01T03:15:33.476+0000] {processor.py:830} INFO - Processing file /opt/airflow/dags/dag_csv_to_postgres_dag.py for tasks to queue
[2025-11-01T03:15:33.483+0000] {logging_mixin.py:188} INFO - [2025-11-01T03:15:33.482+0000] {dagbag.py:538} INFO - Filling up the DagBag from /opt/airflow/dags/dag_csv_to_postgres_dag.py
[2025-11-01T03:15:33.585+0000] {processor.py:840} INFO - DAG(s) 'load_csv_to_postgres' retrieved from /opt/airflow/dags/dag_csv_to_postgres_dag.py
[2025-11-01T03:15:33.696+0000] {logging_mixin.py:188} INFO - [2025-11-01T03:15:33.694+0000] {dag.py:3036} INFO - Sync 1 DAGs
[2025-11-01T03:15:33.748+0000] {logging_mixin.py:188} INFO - [2025-11-01T03:15:33.748+0000] {dag.py:3823} INFO - Setting next_dagrun for load_csv_to_postgres to None, run_after=None
[2025-11-01T03:15:33.808+0000] {processor.py:183} INFO - Processing /opt/airflow/dags/dag_csv_to_postgres_dag.py took 0.353 seconds
[2025-11-01T03:16:06.355+0000] {processor.py:161} INFO - Started process (PID=1800) to work on /opt/airflow/dags/dag_csv_to_postgres_dag.py
[2025-11-01T03:16:06.358+0000] {processor.py:830} INFO - Processing file /opt/airflow/dags/dag_csv_to_postgres_dag.py for tasks to queue
[2025-11-01T03:16:06.361+0000] {logging_mixin.py:188} INFO - [2025-11-01T03:16:06.360+0000] {dagbag.py:538} INFO - Filling up the DagBag from /opt/airflow/dags/dag_csv_to_postgres_dag.py
[2025-11-01T03:16:06.407+0000] {processor.py:840} INFO - DAG(s) 'load_csv_to_postgres' retrieved from /opt/airflow/dags/dag_csv_to_postgres_dag.py
[2025-11-01T03:16:06.478+0000] {logging_mixin.py:188} INFO - [2025-11-01T03:16:06.477+0000] {dag.py:3036} INFO - Sync 1 DAGs
[2025-11-01T03:16:06.507+0000] {logging_mixin.py:188} INFO - [2025-11-01T03:16:06.507+0000] {dag.py:3823} INFO - Setting next_dagrun for load_csv_to_postgres to None, run_after=None
[2025-11-01T03:16:06.563+0000] {processor.py:183} INFO - Processing /opt/airflow/dags/dag_csv_to_postgres_dag.py took 0.216 seconds
[2025-11-01T03:16:39.508+0000] {processor.py:161} INFO - Started process (PID=1812) to work on /opt/airflow/dags/dag_csv_to_postgres_dag.py
[2025-11-01T03:16:39.510+0000] {processor.py:830} INFO - Processing file /opt/airflow/dags/dag_csv_to_postgres_dag.py for tasks to queue
[2025-11-01T03:16:39.513+0000] {logging_mixin.py:188} INFO - [2025-11-01T03:16:39.512+0000] {dagbag.py:538} INFO - Filling up the DagBag from /opt/airflow/dags/dag_csv_to_postgres_dag.py
[2025-11-01T03:16:39.576+0000] {processor.py:840} INFO - DAG(s) 'load_csv_to_postgres' retrieved from /opt/airflow/dags/dag_csv_to_postgres_dag.py
[2025-11-01T03:16:39.680+0000] {logging_mixin.py:188} INFO - [2025-11-01T03:16:39.679+0000] {dag.py:3036} INFO - Sync 1 DAGs
[2025-11-01T03:16:39.741+0000] {logging_mixin.py:188} INFO - [2025-11-01T03:16:39.740+0000] {dag.py:3823} INFO - Setting next_dagrun for load_csv_to_postgres to None, run_after=None
[2025-11-01T03:16:39.828+0000] {processor.py:183} INFO - Processing /opt/airflow/dags/dag_csv_to_postgres_dag.py took 0.332 seconds
[2025-11-01T03:17:11.428+0000] {processor.py:161} INFO - Started process (PID=1825) to work on /opt/airflow/dags/dag_csv_to_postgres_dag.py
[2025-11-01T03:17:11.431+0000] {processor.py:830} INFO - Processing file /opt/airflow/dags/dag_csv_to_postgres_dag.py for tasks to queue
[2025-11-01T03:17:11.434+0000] {logging_mixin.py:188} INFO - [2025-11-01T03:17:11.433+0000] {dagbag.py:538} INFO - Filling up the DagBag from /opt/airflow/dags/dag_csv_to_postgres_dag.py
[2025-11-01T03:17:11.503+0000] {processor.py:840} INFO - DAG(s) 'load_csv_to_postgres' retrieved from /opt/airflow/dags/dag_csv_to_postgres_dag.py
[2025-11-01T03:17:11.578+0000] {logging_mixin.py:188} INFO - [2025-11-01T03:17:11.577+0000] {dag.py:3036} INFO - Sync 1 DAGs
[2025-11-01T03:17:11.616+0000] {logging_mixin.py:188} INFO - [2025-11-01T03:17:11.615+0000] {dag.py:3823} INFO - Setting next_dagrun for load_csv_to_postgres to None, run_after=None
[2025-11-01T03:17:11.844+0000] {processor.py:183} INFO - Processing /opt/airflow/dags/dag_csv_to_postgres_dag.py took 0.430 seconds
[2025-11-01T03:17:44.418+0000] {processor.py:161} INFO - Started process (PID=1837) to work on /opt/airflow/dags/dag_csv_to_postgres_dag.py
[2025-11-01T03:17:44.421+0000] {processor.py:830} INFO - Processing file /opt/airflow/dags/dag_csv_to_postgres_dag.py for tasks to queue
[2025-11-01T03:17:44.424+0000] {logging_mixin.py:188} INFO - [2025-11-01T03:17:44.423+0000] {dagbag.py:538} INFO - Filling up the DagBag from /opt/airflow/dags/dag_csv_to_postgres_dag.py
[2025-11-01T03:17:44.473+0000] {processor.py:840} INFO - DAG(s) 'load_csv_to_postgres' retrieved from /opt/airflow/dags/dag_csv_to_postgres_dag.py
[2025-11-01T03:17:44.566+0000] {logging_mixin.py:188} INFO - [2025-11-01T03:17:44.565+0000] {dag.py:3036} INFO - Sync 1 DAGs
[2025-11-01T03:17:44.598+0000] {logging_mixin.py:188} INFO - [2025-11-01T03:17:44.598+0000] {dag.py:3823} INFO - Setting next_dagrun for load_csv_to_postgres to None, run_after=None
[2025-11-01T03:17:44.664+0000] {processor.py:183} INFO - Processing /opt/airflow/dags/dag_csv_to_postgres_dag.py took 0.257 seconds
[2025-11-01T03:18:17.027+0000] {processor.py:161} INFO - Started process (PID=1849) to work on /opt/airflow/dags/dag_csv_to_postgres_dag.py
[2025-11-01T03:18:17.029+0000] {processor.py:830} INFO - Processing file /opt/airflow/dags/dag_csv_to_postgres_dag.py for tasks to queue
[2025-11-01T03:18:17.037+0000] {logging_mixin.py:188} INFO - [2025-11-01T03:18:17.036+0000] {dagbag.py:538} INFO - Filling up the DagBag from /opt/airflow/dags/dag_csv_to_postgres_dag.py
[2025-11-01T03:18:17.085+0000] {processor.py:840} INFO - DAG(s) 'load_csv_to_postgres' retrieved from /opt/airflow/dags/dag_csv_to_postgres_dag.py
[2025-11-01T03:18:17.178+0000] {logging_mixin.py:188} INFO - [2025-11-01T03:18:17.177+0000] {dag.py:3036} INFO - Sync 1 DAGs
[2025-11-01T03:18:17.227+0000] {logging_mixin.py:188} INFO - [2025-11-01T03:18:17.226+0000] {dag.py:3823} INFO - Setting next_dagrun for load_csv_to_postgres to None, run_after=None
[2025-11-01T03:18:17.313+0000] {processor.py:183} INFO - Processing /opt/airflow/dags/dag_csv_to_postgres_dag.py took 0.293 seconds
[2025-11-01T03:18:49.701+0000] {processor.py:161} INFO - Started process (PID=1860) to work on /opt/airflow/dags/dag_csv_to_postgres_dag.py
[2025-11-01T03:18:49.703+0000] {processor.py:830} INFO - Processing file /opt/airflow/dags/dag_csv_to_postgres_dag.py for tasks to queue
[2025-11-01T03:18:49.707+0000] {logging_mixin.py:188} INFO - [2025-11-01T03:18:49.706+0000] {dagbag.py:538} INFO - Filling up the DagBag from /opt/airflow/dags/dag_csv_to_postgres_dag.py
[2025-11-01T03:18:49.739+0000] {processor.py:840} INFO - DAG(s) 'load_csv_to_postgres' retrieved from /opt/airflow/dags/dag_csv_to_postgres_dag.py
[2025-11-01T03:18:49.800+0000] {logging_mixin.py:188} INFO - [2025-11-01T03:18:49.799+0000] {dag.py:3036} INFO - Sync 1 DAGs
[2025-11-01T03:18:49.828+0000] {logging_mixin.py:188} INFO - [2025-11-01T03:18:49.828+0000] {dag.py:3823} INFO - Setting next_dagrun for load_csv_to_postgres to None, run_after=None
[2025-11-01T03:18:49.874+0000] {processor.py:183} INFO - Processing /opt/airflow/dags/dag_csv_to_postgres_dag.py took 0.183 seconds
[2025-11-01T03:19:22.133+0000] {processor.py:161} INFO - Started process (PID=1872) to work on /opt/airflow/dags/dag_csv_to_postgres_dag.py
[2025-11-01T03:19:22.135+0000] {processor.py:830} INFO - Processing file /opt/airflow/dags/dag_csv_to_postgres_dag.py for tasks to queue
[2025-11-01T03:19:22.138+0000] {logging_mixin.py:188} INFO - [2025-11-01T03:19:22.137+0000] {dagbag.py:538} INFO - Filling up the DagBag from /opt/airflow/dags/dag_csv_to_postgres_dag.py
[2025-11-01T03:19:22.170+0000] {processor.py:840} INFO - DAG(s) 'load_csv_to_postgres' retrieved from /opt/airflow/dags/dag_csv_to_postgres_dag.py
[2025-11-01T03:19:22.235+0000] {logging_mixin.py:188} INFO - [2025-11-01T03:19:22.235+0000] {dag.py:3036} INFO - Sync 1 DAGs
[2025-11-01T03:19:22.266+0000] {logging_mixin.py:188} INFO - [2025-11-01T03:19:22.264+0000] {dag.py:3823} INFO - Setting next_dagrun for load_csv_to_postgres to None, run_after=None
[2025-11-01T03:19:22.313+0000] {processor.py:183} INFO - Processing /opt/airflow/dags/dag_csv_to_postgres_dag.py took 0.188 seconds
[2025-11-01T03:19:54.872+0000] {processor.py:161} INFO - Started process (PID=1884) to work on /opt/airflow/dags/dag_csv_to_postgres_dag.py
[2025-11-01T03:19:54.875+0000] {processor.py:830} INFO - Processing file /opt/airflow/dags/dag_csv_to_postgres_dag.py for tasks to queue
[2025-11-01T03:19:54.878+0000] {logging_mixin.py:188} INFO - [2025-11-01T03:19:54.877+0000] {dagbag.py:538} INFO - Filling up the DagBag from /opt/airflow/dags/dag_csv_to_postgres_dag.py
[2025-11-01T03:19:54.936+0000] {processor.py:840} INFO - DAG(s) 'load_csv_to_postgres' retrieved from /opt/airflow/dags/dag_csv_to_postgres_dag.py
[2025-11-01T03:19:55.025+0000] {logging_mixin.py:188} INFO - [2025-11-01T03:19:55.024+0000] {dag.py:3036} INFO - Sync 1 DAGs
[2025-11-01T03:19:55.062+0000] {logging_mixin.py:188} INFO - [2025-11-01T03:19:55.061+0000] {dag.py:3823} INFO - Setting next_dagrun for load_csv_to_postgres to None, run_after=None
[2025-11-01T03:19:55.111+0000] {processor.py:183} INFO - Processing /opt/airflow/dags/dag_csv_to_postgres_dag.py took 0.248 seconds
[2025-11-01T03:20:27.685+0000] {processor.py:161} INFO - Started process (PID=1896) to work on /opt/airflow/dags/dag_csv_to_postgres_dag.py
[2025-11-01T03:20:27.689+0000] {processor.py:830} INFO - Processing file /opt/airflow/dags/dag_csv_to_postgres_dag.py for tasks to queue
[2025-11-01T03:20:27.694+0000] {logging_mixin.py:188} INFO - [2025-11-01T03:20:27.693+0000] {dagbag.py:538} INFO - Filling up the DagBag from /opt/airflow/dags/dag_csv_to_postgres_dag.py
[2025-11-01T03:20:27.756+0000] {processor.py:840} INFO - DAG(s) 'load_csv_to_postgres' retrieved from /opt/airflow/dags/dag_csv_to_postgres_dag.py
[2025-11-01T03:20:27.838+0000] {logging_mixin.py:188} INFO - [2025-11-01T03:20:27.838+0000] {dag.py:3036} INFO - Sync 1 DAGs
[2025-11-01T03:20:27.872+0000] {logging_mixin.py:188} INFO - [2025-11-01T03:20:27.872+0000] {dag.py:3823} INFO - Setting next_dagrun for load_csv_to_postgres to None, run_after=None
[2025-11-01T03:20:27.932+0000] {processor.py:183} INFO - Processing /opt/airflow/dags/dag_csv_to_postgres_dag.py took 0.260 seconds
[2025-11-01T03:21:00.063+0000] {processor.py:161} INFO - Started process (PID=1908) to work on /opt/airflow/dags/dag_csv_to_postgres_dag.py
[2025-11-01T03:21:00.065+0000] {processor.py:830} INFO - Processing file /opt/airflow/dags/dag_csv_to_postgres_dag.py for tasks to queue
[2025-11-01T03:21:00.069+0000] {logging_mixin.py:188} INFO - [2025-11-01T03:21:00.068+0000] {dagbag.py:538} INFO - Filling up the DagBag from /opt/airflow/dags/dag_csv_to_postgres_dag.py
[2025-11-01T03:21:00.115+0000] {processor.py:840} INFO - DAG(s) 'load_csv_to_postgres' retrieved from /opt/airflow/dags/dag_csv_to_postgres_dag.py
[2025-11-01T03:21:00.187+0000] {logging_mixin.py:188} INFO - [2025-11-01T03:21:00.186+0000] {dag.py:3036} INFO - Sync 1 DAGs
[2025-11-01T03:21:00.217+0000] {logging_mixin.py:188} INFO - [2025-11-01T03:21:00.217+0000] {dag.py:3823} INFO - Setting next_dagrun for load_csv_to_postgres to None, run_after=None
[2025-11-01T03:21:00.268+0000] {processor.py:183} INFO - Processing /opt/airflow/dags/dag_csv_to_postgres_dag.py took 0.214 seconds
[2025-11-01T03:21:32.690+0000] {processor.py:161} INFO - Started process (PID=1920) to work on /opt/airflow/dags/dag_csv_to_postgres_dag.py
[2025-11-01T03:21:32.692+0000] {processor.py:830} INFO - Processing file /opt/airflow/dags/dag_csv_to_postgres_dag.py for tasks to queue
[2025-11-01T03:21:32.695+0000] {logging_mixin.py:188} INFO - [2025-11-01T03:21:32.695+0000] {dagbag.py:538} INFO - Filling up the DagBag from /opt/airflow/dags/dag_csv_to_postgres_dag.py
[2025-11-01T03:21:32.723+0000] {processor.py:840} INFO - DAG(s) 'load_csv_to_postgres' retrieved from /opt/airflow/dags/dag_csv_to_postgres_dag.py
[2025-11-01T03:21:32.795+0000] {logging_mixin.py:188} INFO - [2025-11-01T03:21:32.795+0000] {dag.py:3036} INFO - Sync 1 DAGs
[2025-11-01T03:21:32.817+0000] {logging_mixin.py:188} INFO - [2025-11-01T03:21:32.816+0000] {dag.py:3823} INFO - Setting next_dagrun for load_csv_to_postgres to None, run_after=None
[2025-11-01T03:21:32.864+0000] {processor.py:183} INFO - Processing /opt/airflow/dags/dag_csv_to_postgres_dag.py took 0.189 seconds
[2025-11-01T03:22:05.955+0000] {processor.py:161} INFO - Started process (PID=1932) to work on /opt/airflow/dags/dag_csv_to_postgres_dag.py
[2025-11-01T03:22:05.957+0000] {processor.py:830} INFO - Processing file /opt/airflow/dags/dag_csv_to_postgres_dag.py for tasks to queue
[2025-11-01T03:22:05.959+0000] {logging_mixin.py:188} INFO - [2025-11-01T03:22:05.959+0000] {dagbag.py:538} INFO - Filling up the DagBag from /opt/airflow/dags/dag_csv_to_postgres_dag.py
[2025-11-01T03:22:06.008+0000] {processor.py:840} INFO - DAG(s) 'load_csv_to_postgres' retrieved from /opt/airflow/dags/dag_csv_to_postgres_dag.py
[2025-11-01T03:22:06.100+0000] {logging_mixin.py:188} INFO - [2025-11-01T03:22:06.099+0000] {dag.py:3036} INFO - Sync 1 DAGs
[2025-11-01T03:22:06.133+0000] {logging_mixin.py:188} INFO - [2025-11-01T03:22:06.132+0000] {dag.py:3823} INFO - Setting next_dagrun for load_csv_to_postgres to None, run_after=None
[2025-11-01T03:22:06.185+0000] {processor.py:183} INFO - Processing /opt/airflow/dags/dag_csv_to_postgres_dag.py took 0.241 seconds
[2025-11-01T03:22:39.096+0000] {processor.py:161} INFO - Started process (PID=1944) to work on /opt/airflow/dags/dag_csv_to_postgres_dag.py
[2025-11-01T03:22:39.102+0000] {processor.py:830} INFO - Processing file /opt/airflow/dags/dag_csv_to_postgres_dag.py for tasks to queue
[2025-11-01T03:22:39.108+0000] {logging_mixin.py:188} INFO - [2025-11-01T03:22:39.106+0000] {dagbag.py:538} INFO - Filling up the DagBag from /opt/airflow/dags/dag_csv_to_postgres_dag.py
[2025-11-01T03:22:39.290+0000] {processor.py:840} INFO - DAG(s) 'load_csv_to_postgres' retrieved from /opt/airflow/dags/dag_csv_to_postgres_dag.py
[2025-11-01T03:22:39.442+0000] {logging_mixin.py:188} INFO - [2025-11-01T03:22:39.442+0000] {dag.py:3036} INFO - Sync 1 DAGs
[2025-11-01T03:22:39.517+0000] {logging_mixin.py:188} INFO - [2025-11-01T03:22:39.516+0000] {dag.py:3823} INFO - Setting next_dagrun for load_csv_to_postgres to None, run_after=None
[2025-11-01T03:22:39.616+0000] {processor.py:183} INFO - Processing /opt/airflow/dags/dag_csv_to_postgres_dag.py took 0.550 seconds
[2025-11-01T03:23:11.533+0000] {processor.py:161} INFO - Started process (PID=1956) to work on /opt/airflow/dags/dag_csv_to_postgres_dag.py
[2025-11-01T03:23:11.536+0000] {processor.py:830} INFO - Processing file /opt/airflow/dags/dag_csv_to_postgres_dag.py for tasks to queue
[2025-11-01T03:23:11.539+0000] {logging_mixin.py:188} INFO - [2025-11-01T03:23:11.537+0000] {dagbag.py:538} INFO - Filling up the DagBag from /opt/airflow/dags/dag_csv_to_postgres_dag.py
[2025-11-01T03:23:11.578+0000] {processor.py:840} INFO - DAG(s) 'load_csv_to_postgres' retrieved from /opt/airflow/dags/dag_csv_to_postgres_dag.py
[2025-11-01T03:23:11.646+0000] {logging_mixin.py:188} INFO - [2025-11-01T03:23:11.646+0000] {dag.py:3036} INFO - Sync 1 DAGs
[2025-11-01T03:23:11.669+0000] {logging_mixin.py:188} INFO - [2025-11-01T03:23:11.669+0000] {dag.py:3823} INFO - Setting next_dagrun for load_csv_to_postgres to None, run_after=None
[2025-11-01T03:23:11.731+0000] {processor.py:183} INFO - Processing /opt/airflow/dags/dag_csv_to_postgres_dag.py took 0.207 seconds
[2025-11-01T03:23:44.344+0000] {processor.py:161} INFO - Started process (PID=1968) to work on /opt/airflow/dags/dag_csv_to_postgres_dag.py
[2025-11-01T03:23:44.347+0000] {processor.py:830} INFO - Processing file /opt/airflow/dags/dag_csv_to_postgres_dag.py for tasks to queue
[2025-11-01T03:23:44.350+0000] {logging_mixin.py:188} INFO - [2025-11-01T03:23:44.350+0000] {dagbag.py:538} INFO - Filling up the DagBag from /opt/airflow/dags/dag_csv_to_postgres_dag.py
[2025-11-01T03:23:44.406+0000] {processor.py:840} INFO - DAG(s) 'load_csv_to_postgres' retrieved from /opt/airflow/dags/dag_csv_to_postgres_dag.py
[2025-11-01T03:23:44.491+0000] {logging_mixin.py:188} INFO - [2025-11-01T03:23:44.491+0000] {dag.py:3036} INFO - Sync 1 DAGs
[2025-11-01T03:23:44.514+0000] {logging_mixin.py:188} INFO - [2025-11-01T03:23:44.514+0000] {dag.py:3823} INFO - Setting next_dagrun for load_csv_to_postgres to None, run_after=None
[2025-11-01T03:23:44.570+0000] {processor.py:183} INFO - Processing /opt/airflow/dags/dag_csv_to_postgres_dag.py took 0.235 seconds
[2025-11-01T03:24:16.863+0000] {processor.py:161} INFO - Started process (PID=1980) to work on /opt/airflow/dags/dag_csv_to_postgres_dag.py
[2025-11-01T03:24:16.865+0000] {processor.py:830} INFO - Processing file /opt/airflow/dags/dag_csv_to_postgres_dag.py for tasks to queue
[2025-11-01T03:24:16.867+0000] {logging_mixin.py:188} INFO - [2025-11-01T03:24:16.867+0000] {dagbag.py:538} INFO - Filling up the DagBag from /opt/airflow/dags/dag_csv_to_postgres_dag.py
[2025-11-01T03:24:16.910+0000] {processor.py:840} INFO - DAG(s) 'load_csv_to_postgres' retrieved from /opt/airflow/dags/dag_csv_to_postgres_dag.py
[2025-11-01T03:24:17.006+0000] {logging_mixin.py:188} INFO - [2025-11-01T03:24:17.005+0000] {dag.py:3036} INFO - Sync 1 DAGs
[2025-11-01T03:24:17.045+0000] {logging_mixin.py:188} INFO - [2025-11-01T03:24:17.045+0000] {dag.py:3823} INFO - Setting next_dagrun for load_csv_to_postgres to None, run_after=None
[2025-11-01T03:24:17.105+0000] {processor.py:183} INFO - Processing /opt/airflow/dags/dag_csv_to_postgres_dag.py took 0.252 seconds
[2025-11-01T03:24:49.686+0000] {processor.py:161} INFO - Started process (PID=1992) to work on /opt/airflow/dags/dag_csv_to_postgres_dag.py
[2025-11-01T03:24:49.702+0000] {processor.py:830} INFO - Processing file /opt/airflow/dags/dag_csv_to_postgres_dag.py for tasks to queue
[2025-11-01T03:24:49.717+0000] {logging_mixin.py:188} INFO - [2025-11-01T03:24:49.706+0000] {dagbag.py:538} INFO - Filling up the DagBag from /opt/airflow/dags/dag_csv_to_postgres_dag.py
[2025-11-01T03:24:49.843+0000] {processor.py:840} INFO - DAG(s) 'load_csv_to_postgres' retrieved from /opt/airflow/dags/dag_csv_to_postgres_dag.py
[2025-11-01T03:24:49.996+0000] {logging_mixin.py:188} INFO - [2025-11-01T03:24:49.995+0000] {dag.py:3036} INFO - Sync 1 DAGs
[2025-11-01T03:24:50.079+0000] {logging_mixin.py:188} INFO - [2025-11-01T03:24:50.079+0000] {dag.py:3823} INFO - Setting next_dagrun for load_csv_to_postgres to None, run_after=None
[2025-11-01T03:24:50.173+0000] {processor.py:183} INFO - Processing /opt/airflow/dags/dag_csv_to_postgres_dag.py took 0.513 seconds
[2025-11-01T03:25:22.737+0000] {processor.py:161} INFO - Started process (PID=2004) to work on /opt/airflow/dags/dag_csv_to_postgres_dag.py
[2025-11-01T03:25:22.741+0000] {processor.py:830} INFO - Processing file /opt/airflow/dags/dag_csv_to_postgres_dag.py for tasks to queue
[2025-11-01T03:25:22.744+0000] {logging_mixin.py:188} INFO - [2025-11-01T03:25:22.743+0000] {dagbag.py:538} INFO - Filling up the DagBag from /opt/airflow/dags/dag_csv_to_postgres_dag.py
[2025-11-01T03:25:22.792+0000] {processor.py:840} INFO - DAG(s) 'load_csv_to_postgres' retrieved from /opt/airflow/dags/dag_csv_to_postgres_dag.py
[2025-11-01T03:25:22.872+0000] {logging_mixin.py:188} INFO - [2025-11-01T03:25:22.872+0000] {dag.py:3036} INFO - Sync 1 DAGs
[2025-11-01T03:25:22.896+0000] {logging_mixin.py:188} INFO - [2025-11-01T03:25:22.896+0000] {dag.py:3823} INFO - Setting next_dagrun for load_csv_to_postgres to None, run_after=None
[2025-11-01T03:25:22.951+0000] {processor.py:183} INFO - Processing /opt/airflow/dags/dag_csv_to_postgres_dag.py took 0.223 seconds
[2025-11-01T03:25:55.468+0000] {processor.py:161} INFO - Started process (PID=2016) to work on /opt/airflow/dags/dag_csv_to_postgres_dag.py
[2025-11-01T03:25:55.471+0000] {processor.py:830} INFO - Processing file /opt/airflow/dags/dag_csv_to_postgres_dag.py for tasks to queue
[2025-11-01T03:25:55.476+0000] {logging_mixin.py:188} INFO - [2025-11-01T03:25:55.475+0000] {dagbag.py:538} INFO - Filling up the DagBag from /opt/airflow/dags/dag_csv_to_postgres_dag.py
[2025-11-01T03:25:55.517+0000] {processor.py:840} INFO - DAG(s) 'load_csv_to_postgres' retrieved from /opt/airflow/dags/dag_csv_to_postgres_dag.py
[2025-11-01T03:25:55.599+0000] {logging_mixin.py:188} INFO - [2025-11-01T03:25:55.599+0000] {dag.py:3036} INFO - Sync 1 DAGs
[2025-11-01T03:25:55.628+0000] {logging_mixin.py:188} INFO - [2025-11-01T03:25:55.627+0000] {dag.py:3823} INFO - Setting next_dagrun for load_csv_to_postgres to None, run_after=None
[2025-11-01T03:25:55.680+0000] {processor.py:183} INFO - Processing /opt/airflow/dags/dag_csv_to_postgres_dag.py took 0.227 seconds
[2025-11-01T03:26:27.496+0000] {processor.py:161} INFO - Started process (PID=2029) to work on /opt/airflow/dags/dag_csv_to_postgres_dag.py
[2025-11-01T03:26:27.498+0000] {processor.py:830} INFO - Processing file /opt/airflow/dags/dag_csv_to_postgres_dag.py for tasks to queue
[2025-11-01T03:26:27.500+0000] {logging_mixin.py:188} INFO - [2025-11-01T03:26:27.500+0000] {dagbag.py:538} INFO - Filling up the DagBag from /opt/airflow/dags/dag_csv_to_postgres_dag.py
[2025-11-01T03:26:27.548+0000] {processor.py:840} INFO - DAG(s) 'load_csv_to_postgres' retrieved from /opt/airflow/dags/dag_csv_to_postgres_dag.py
[2025-11-01T03:26:27.631+0000] {logging_mixin.py:188} INFO - [2025-11-01T03:26:27.630+0000] {dag.py:3036} INFO - Sync 1 DAGs
[2025-11-01T03:26:27.693+0000] {logging_mixin.py:188} INFO - [2025-11-01T03:26:27.692+0000] {dag.py:3823} INFO - Setting next_dagrun for load_csv_to_postgres to None, run_after=None
[2025-11-01T03:26:27.798+0000] {processor.py:183} INFO - Processing /opt/airflow/dags/dag_csv_to_postgres_dag.py took 0.315 seconds
[2025-11-01T03:27:00.487+0000] {processor.py:161} INFO - Started process (PID=2041) to work on /opt/airflow/dags/dag_csv_to_postgres_dag.py
[2025-11-01T03:27:00.489+0000] {processor.py:830} INFO - Processing file /opt/airflow/dags/dag_csv_to_postgres_dag.py for tasks to queue
[2025-11-01T03:27:00.491+0000] {logging_mixin.py:188} INFO - [2025-11-01T03:27:00.491+0000] {dagbag.py:538} INFO - Filling up the DagBag from /opt/airflow/dags/dag_csv_to_postgres_dag.py
[2025-11-01T03:27:00.527+0000] {processor.py:840} INFO - DAG(s) 'load_csv_to_postgres' retrieved from /opt/airflow/dags/dag_csv_to_postgres_dag.py
[2025-11-01T03:27:00.631+0000] {logging_mixin.py:188} INFO - [2025-11-01T03:27:00.629+0000] {dag.py:3036} INFO - Sync 1 DAGs
[2025-11-01T03:27:00.701+0000] {logging_mixin.py:188} INFO - [2025-11-01T03:27:00.700+0000] {dag.py:3823} INFO - Setting next_dagrun for load_csv_to_postgres to None, run_after=None
[2025-11-01T03:27:00.743+0000] {processor.py:183} INFO - Processing /opt/airflow/dags/dag_csv_to_postgres_dag.py took 0.266 seconds
[2025-11-01T03:27:32.906+0000] {processor.py:161} INFO - Started process (PID=2053) to work on /opt/airflow/dags/dag_csv_to_postgres_dag.py
[2025-11-01T03:27:32.911+0000] {processor.py:830} INFO - Processing file /opt/airflow/dags/dag_csv_to_postgres_dag.py for tasks to queue
[2025-11-01T03:27:32.913+0000] {logging_mixin.py:188} INFO - [2025-11-01T03:27:32.913+0000] {dagbag.py:538} INFO - Filling up the DagBag from /opt/airflow/dags/dag_csv_to_postgres_dag.py
[2025-11-01T03:27:32.953+0000] {processor.py:840} INFO - DAG(s) 'load_csv_to_postgres' retrieved from /opt/airflow/dags/dag_csv_to_postgres_dag.py
[2025-11-01T03:27:33.049+0000] {logging_mixin.py:188} INFO - [2025-11-01T03:27:33.049+0000] {dag.py:3036} INFO - Sync 1 DAGs
[2025-11-01T03:27:33.087+0000] {logging_mixin.py:188} INFO - [2025-11-01T03:27:33.086+0000] {dag.py:3823} INFO - Setting next_dagrun for load_csv_to_postgres to None, run_after=None
[2025-11-01T03:27:33.135+0000] {processor.py:183} INFO - Processing /opt/airflow/dags/dag_csv_to_postgres_dag.py took 0.242 seconds
[2025-11-01T03:28:06.406+0000] {processor.py:161} INFO - Started process (PID=2064) to work on /opt/airflow/dags/dag_csv_to_postgres_dag.py
[2025-11-01T03:28:06.409+0000] {processor.py:830} INFO - Processing file /opt/airflow/dags/dag_csv_to_postgres_dag.py for tasks to queue
[2025-11-01T03:28:06.412+0000] {logging_mixin.py:188} INFO - [2025-11-01T03:28:06.410+0000] {dagbag.py:538} INFO - Filling up the DagBag from /opt/airflow/dags/dag_csv_to_postgres_dag.py
[2025-11-01T03:28:06.468+0000] {processor.py:840} INFO - DAG(s) 'load_csv_to_postgres' retrieved from /opt/airflow/dags/dag_csv_to_postgres_dag.py
[2025-11-01T03:28:06.574+0000] {logging_mixin.py:188} INFO - [2025-11-01T03:28:06.574+0000] {dag.py:3036} INFO - Sync 1 DAGs
[2025-11-01T03:28:06.619+0000] {logging_mixin.py:188} INFO - [2025-11-01T03:28:06.618+0000] {dag.py:3823} INFO - Setting next_dagrun for load_csv_to_postgres to None, run_after=None
[2025-11-01T03:28:06.745+0000] {processor.py:183} INFO - Processing /opt/airflow/dags/dag_csv_to_postgres_dag.py took 0.347 seconds
[2025-11-01T03:28:39.707+0000] {processor.py:161} INFO - Started process (PID=2076) to work on /opt/airflow/dags/dag_csv_to_postgres_dag.py
[2025-11-01T03:28:39.709+0000] {processor.py:830} INFO - Processing file /opt/airflow/dags/dag_csv_to_postgres_dag.py for tasks to queue
[2025-11-01T03:28:39.711+0000] {logging_mixin.py:188} INFO - [2025-11-01T03:28:39.711+0000] {dagbag.py:538} INFO - Filling up the DagBag from /opt/airflow/dags/dag_csv_to_postgres_dag.py
[2025-11-01T03:28:39.753+0000] {processor.py:840} INFO - DAG(s) 'load_csv_to_postgres' retrieved from /opt/airflow/dags/dag_csv_to_postgres_dag.py
[2025-11-01T03:28:39.810+0000] {logging_mixin.py:188} INFO - [2025-11-01T03:28:39.809+0000] {dag.py:3036} INFO - Sync 1 DAGs
[2025-11-01T03:28:39.831+0000] {logging_mixin.py:188} INFO - [2025-11-01T03:28:39.831+0000] {dag.py:3823} INFO - Setting next_dagrun for load_csv_to_postgres to None, run_after=None
[2025-11-01T03:28:39.887+0000] {processor.py:183} INFO - Processing /opt/airflow/dags/dag_csv_to_postgres_dag.py took 0.188 seconds
[2025-11-01T03:29:11.907+0000] {processor.py:161} INFO - Started process (PID=2088) to work on /opt/airflow/dags/dag_csv_to_postgres_dag.py
[2025-11-01T03:29:11.911+0000] {processor.py:830} INFO - Processing file /opt/airflow/dags/dag_csv_to_postgres_dag.py for tasks to queue
[2025-11-01T03:29:11.916+0000] {logging_mixin.py:188} INFO - [2025-11-01T03:29:11.915+0000] {dagbag.py:538} INFO - Filling up the DagBag from /opt/airflow/dags/dag_csv_to_postgres_dag.py
[2025-11-01T03:29:12.021+0000] {processor.py:840} INFO - DAG(s) 'load_csv_to_postgres' retrieved from /opt/airflow/dags/dag_csv_to_postgres_dag.py
[2025-11-01T03:29:12.136+0000] {logging_mixin.py:188} INFO - [2025-11-01T03:29:12.135+0000] {dag.py:3036} INFO - Sync 1 DAGs
[2025-11-01T03:29:12.190+0000] {logging_mixin.py:188} INFO - [2025-11-01T03:29:12.189+0000] {dag.py:3823} INFO - Setting next_dagrun for load_csv_to_postgres to None, run_after=None
[2025-11-01T03:29:12.330+0000] {processor.py:183} INFO - Processing /opt/airflow/dags/dag_csv_to_postgres_dag.py took 0.462 seconds
[2025-11-01T03:29:43.925+0000] {processor.py:161} INFO - Started process (PID=2100) to work on /opt/airflow/dags/dag_csv_to_postgres_dag.py
[2025-11-01T03:29:43.929+0000] {processor.py:830} INFO - Processing file /opt/airflow/dags/dag_csv_to_postgres_dag.py for tasks to queue
[2025-11-01T03:29:43.932+0000] {logging_mixin.py:188} INFO - [2025-11-01T03:29:43.931+0000] {dagbag.py:538} INFO - Filling up the DagBag from /opt/airflow/dags/dag_csv_to_postgres_dag.py
[2025-11-01T03:29:43.974+0000] {processor.py:840} INFO - DAG(s) 'load_csv_to_postgres' retrieved from /opt/airflow/dags/dag_csv_to_postgres_dag.py
[2025-11-01T03:29:44.052+0000] {logging_mixin.py:188} INFO - [2025-11-01T03:29:44.051+0000] {dag.py:3036} INFO - Sync 1 DAGs
[2025-11-01T03:29:44.082+0000] {logging_mixin.py:188} INFO - [2025-11-01T03:29:44.082+0000] {dag.py:3823} INFO - Setting next_dagrun for load_csv_to_postgres to None, run_after=None
[2025-11-01T03:29:44.135+0000] {processor.py:183} INFO - Processing /opt/airflow/dags/dag_csv_to_postgres_dag.py took 0.220 seconds
[2025-11-01T03:30:16.782+0000] {processor.py:161} INFO - Started process (PID=2112) to work on /opt/airflow/dags/dag_csv_to_postgres_dag.py
[2025-11-01T03:30:16.785+0000] {processor.py:830} INFO - Processing file /opt/airflow/dags/dag_csv_to_postgres_dag.py for tasks to queue
[2025-11-01T03:30:16.786+0000] {logging_mixin.py:188} INFO - [2025-11-01T03:30:16.786+0000] {dagbag.py:538} INFO - Filling up the DagBag from /opt/airflow/dags/dag_csv_to_postgres_dag.py
[2025-11-01T03:30:16.842+0000] {processor.py:840} INFO - DAG(s) 'load_csv_to_postgres' retrieved from /opt/airflow/dags/dag_csv_to_postgres_dag.py
[2025-11-01T03:30:16.928+0000] {logging_mixin.py:188} INFO - [2025-11-01T03:30:16.928+0000] {dag.py:3036} INFO - Sync 1 DAGs
[2025-11-01T03:30:16.953+0000] {logging_mixin.py:188} INFO - [2025-11-01T03:30:16.953+0000] {dag.py:3823} INFO - Setting next_dagrun for load_csv_to_postgres to None, run_after=None
[2025-11-01T03:30:17.017+0000] {processor.py:183} INFO - Processing /opt/airflow/dags/dag_csv_to_postgres_dag.py took 0.245 seconds
[2025-11-01T03:30:53.863+0000] {processor.py:161} INFO - Started process (PID=2124) to work on /opt/airflow/dags/dag_csv_to_postgres_dag.py
[2025-11-01T03:30:53.882+0000] {processor.py:830} INFO - Processing file /opt/airflow/dags/dag_csv_to_postgres_dag.py for tasks to queue
[2025-11-01T03:30:53.886+0000] {logging_mixin.py:188} INFO - [2025-11-01T03:30:53.885+0000] {dagbag.py:538} INFO - Filling up the DagBag from /opt/airflow/dags/dag_csv_to_postgres_dag.py
[2025-11-01T03:30:53.950+0000] {processor.py:840} INFO - DAG(s) 'load_csv_to_postgres' retrieved from /opt/airflow/dags/dag_csv_to_postgres_dag.py
[2025-11-01T03:30:54.098+0000] {logging_mixin.py:188} INFO - [2025-11-01T03:30:54.097+0000] {dag.py:3036} INFO - Sync 1 DAGs
[2025-11-01T03:30:54.187+0000] {logging_mixin.py:188} INFO - [2025-11-01T03:30:54.186+0000] {dag.py:3823} INFO - Setting next_dagrun for load_csv_to_postgres to None, run_after=None
[2025-11-01T03:30:54.256+0000] {processor.py:183} INFO - Processing /opt/airflow/dags/dag_csv_to_postgres_dag.py took 0.416 seconds
[2025-11-01T03:31:24.954+0000] {processor.py:161} INFO - Started process (PID=2136) to work on /opt/airflow/dags/dag_csv_to_postgres_dag.py
[2025-11-01T03:31:24.962+0000] {processor.py:830} INFO - Processing file /opt/airflow/dags/dag_csv_to_postgres_dag.py for tasks to queue
[2025-11-01T03:31:24.968+0000] {logging_mixin.py:188} INFO - [2025-11-01T03:31:24.965+0000] {dagbag.py:538} INFO - Filling up the DagBag from /opt/airflow/dags/dag_csv_to_postgres_dag.py
[2025-11-01T03:31:25.055+0000] {processor.py:840} INFO - DAG(s) 'load_csv_to_postgres' retrieved from /opt/airflow/dags/dag_csv_to_postgres_dag.py
[2025-11-01T03:31:25.146+0000] {logging_mixin.py:188} INFO - [2025-11-01T03:31:25.146+0000] {dag.py:3036} INFO - Sync 1 DAGs
[2025-11-01T03:31:25.195+0000] {logging_mixin.py:188} INFO - [2025-11-01T03:31:25.193+0000] {dag.py:3823} INFO - Setting next_dagrun for load_csv_to_postgres to None, run_after=None
[2025-11-01T03:31:25.256+0000] {processor.py:183} INFO - Processing /opt/airflow/dags/dag_csv_to_postgres_dag.py took 0.322 seconds
[2025-11-01T03:31:55.586+0000] {processor.py:161} INFO - Started process (PID=2148) to work on /opt/airflow/dags/dag_csv_to_postgres_dag.py
[2025-11-01T03:31:55.588+0000] {processor.py:830} INFO - Processing file /opt/airflow/dags/dag_csv_to_postgres_dag.py for tasks to queue
[2025-11-01T03:31:55.590+0000] {logging_mixin.py:188} INFO - [2025-11-01T03:31:55.590+0000] {dagbag.py:538} INFO - Filling up the DagBag from /opt/airflow/dags/dag_csv_to_postgres_dag.py
[2025-11-01T03:31:55.623+0000] {processor.py:840} INFO - DAG(s) 'load_csv_to_postgres' retrieved from /opt/airflow/dags/dag_csv_to_postgres_dag.py
[2025-11-01T03:31:55.694+0000] {logging_mixin.py:188} INFO - [2025-11-01T03:31:55.693+0000] {dag.py:3036} INFO - Sync 1 DAGs
[2025-11-01T03:31:55.726+0000] {logging_mixin.py:188} INFO - [2025-11-01T03:31:55.725+0000] {dag.py:3823} INFO - Setting next_dagrun for load_csv_to_postgres to None, run_after=None
[2025-11-01T03:31:55.778+0000] {processor.py:183} INFO - Processing /opt/airflow/dags/dag_csv_to_postgres_dag.py took 0.200 seconds
[2025-11-01T03:32:28.008+0000] {processor.py:161} INFO - Started process (PID=2160) to work on /opt/airflow/dags/dag_csv_to_postgres_dag.py
[2025-11-01T03:32:28.011+0000] {processor.py:830} INFO - Processing file /opt/airflow/dags/dag_csv_to_postgres_dag.py for tasks to queue
[2025-11-01T03:32:28.014+0000] {logging_mixin.py:188} INFO - [2025-11-01T03:32:28.013+0000] {dagbag.py:538} INFO - Filling up the DagBag from /opt/airflow/dags/dag_csv_to_postgres_dag.py
[2025-11-01T03:32:28.041+0000] {processor.py:840} INFO - DAG(s) 'load_csv_to_postgres' retrieved from /opt/airflow/dags/dag_csv_to_postgres_dag.py
[2025-11-01T03:32:28.099+0000] {logging_mixin.py:188} INFO - [2025-11-01T03:32:28.098+0000] {dag.py:3036} INFO - Sync 1 DAGs
[2025-11-01T03:32:28.128+0000] {logging_mixin.py:188} INFO - [2025-11-01T03:32:28.127+0000] {dag.py:3823} INFO - Setting next_dagrun for load_csv_to_postgres to None, run_after=None
[2025-11-01T03:32:28.164+0000] {processor.py:183} INFO - Processing /opt/airflow/dags/dag_csv_to_postgres_dag.py took 0.165 seconds
[2025-11-01T03:33:00.634+0000] {processor.py:161} INFO - Started process (PID=2172) to work on /opt/airflow/dags/dag_csv_to_postgres_dag.py
[2025-11-01T03:33:00.636+0000] {processor.py:830} INFO - Processing file /opt/airflow/dags/dag_csv_to_postgres_dag.py for tasks to queue
[2025-11-01T03:33:00.638+0000] {logging_mixin.py:188} INFO - [2025-11-01T03:33:00.637+0000] {dagbag.py:538} INFO - Filling up the DagBag from /opt/airflow/dags/dag_csv_to_postgres_dag.py
[2025-11-01T03:33:00.666+0000] {processor.py:840} INFO - DAG(s) 'load_csv_to_postgres' retrieved from /opt/airflow/dags/dag_csv_to_postgres_dag.py
[2025-11-01T03:33:00.741+0000] {logging_mixin.py:188} INFO - [2025-11-01T03:33:00.740+0000] {dag.py:3036} INFO - Sync 1 DAGs
[2025-11-01T03:33:00.765+0000] {logging_mixin.py:188} INFO - [2025-11-01T03:33:00.765+0000] {dag.py:3823} INFO - Setting next_dagrun for load_csv_to_postgres to None, run_after=None
[2025-11-01T03:33:00.811+0000] {processor.py:183} INFO - Processing /opt/airflow/dags/dag_csv_to_postgres_dag.py took 0.184 seconds
[2025-11-01T03:33:33.061+0000] {processor.py:161} INFO - Started process (PID=2185) to work on /opt/airflow/dags/dag_csv_to_postgres_dag.py
[2025-11-01T03:33:33.064+0000] {processor.py:830} INFO - Processing file /opt/airflow/dags/dag_csv_to_postgres_dag.py for tasks to queue
[2025-11-01T03:33:33.066+0000] {logging_mixin.py:188} INFO - [2025-11-01T03:33:33.065+0000] {dagbag.py:538} INFO - Filling up the DagBag from /opt/airflow/dags/dag_csv_to_postgres_dag.py
[2025-11-01T03:33:33.104+0000] {processor.py:840} INFO - DAG(s) 'load_csv_to_postgres' retrieved from /opt/airflow/dags/dag_csv_to_postgres_dag.py
[2025-11-01T03:33:33.164+0000] {logging_mixin.py:188} INFO - [2025-11-01T03:33:33.164+0000] {dag.py:3036} INFO - Sync 1 DAGs
[2025-11-01T03:33:33.270+0000] {logging_mixin.py:188} INFO - [2025-11-01T03:33:33.269+0000] {dag.py:3823} INFO - Setting next_dagrun for load_csv_to_postgres to None, run_after=None
[2025-11-01T03:33:33.447+0000] {processor.py:183} INFO - Processing /opt/airflow/dags/dag_csv_to_postgres_dag.py took 0.398 seconds
[2025-11-01T03:34:06.059+0000] {processor.py:161} INFO - Started process (PID=2197) to work on /opt/airflow/dags/dag_csv_to_postgres_dag.py
[2025-11-01T03:34:06.062+0000] {processor.py:830} INFO - Processing file /opt/airflow/dags/dag_csv_to_postgres_dag.py for tasks to queue
[2025-11-01T03:34:06.067+0000] {logging_mixin.py:188} INFO - [2025-11-01T03:34:06.066+0000] {dagbag.py:538} INFO - Filling up the DagBag from /opt/airflow/dags/dag_csv_to_postgres_dag.py
[2025-11-01T03:34:06.174+0000] {processor.py:840} INFO - DAG(s) 'load_csv_to_postgres' retrieved from /opt/airflow/dags/dag_csv_to_postgres_dag.py
[2025-11-01T03:34:06.269+0000] {logging_mixin.py:188} INFO - [2025-11-01T03:34:06.268+0000] {dag.py:3036} INFO - Sync 1 DAGs
[2025-11-01T03:34:06.309+0000] {logging_mixin.py:188} INFO - [2025-11-01T03:34:06.308+0000] {dag.py:3823} INFO - Setting next_dagrun for load_csv_to_postgres to None, run_after=None
[2025-11-01T03:34:06.365+0000] {processor.py:183} INFO - Processing /opt/airflow/dags/dag_csv_to_postgres_dag.py took 0.315 seconds
[2025-11-01T03:34:38.969+0000] {processor.py:161} INFO - Started process (PID=2209) to work on /opt/airflow/dags/dag_csv_to_postgres_dag.py
[2025-11-01T03:34:38.971+0000] {processor.py:830} INFO - Processing file /opt/airflow/dags/dag_csv_to_postgres_dag.py for tasks to queue
[2025-11-01T03:34:38.973+0000] {logging_mixin.py:188} INFO - [2025-11-01T03:34:38.972+0000] {dagbag.py:538} INFO - Filling up the DagBag from /opt/airflow/dags/dag_csv_to_postgres_dag.py
[2025-11-01T03:34:39.022+0000] {processor.py:840} INFO - DAG(s) 'load_csv_to_postgres' retrieved from /opt/airflow/dags/dag_csv_to_postgres_dag.py
[2025-11-01T03:34:39.105+0000] {logging_mixin.py:188} INFO - [2025-11-01T03:34:39.105+0000] {dag.py:3036} INFO - Sync 1 DAGs
[2025-11-01T03:34:39.137+0000] {logging_mixin.py:188} INFO - [2025-11-01T03:34:39.136+0000] {dag.py:3823} INFO - Setting next_dagrun for load_csv_to_postgres to None, run_after=None
[2025-11-01T03:34:39.188+0000] {processor.py:183} INFO - Processing /opt/airflow/dags/dag_csv_to_postgres_dag.py took 0.233 seconds
[2025-11-01T03:35:12.154+0000] {processor.py:161} INFO - Started process (PID=2221) to work on /opt/airflow/dags/dag_csv_to_postgres_dag.py
[2025-11-01T03:35:12.157+0000] {processor.py:830} INFO - Processing file /opt/airflow/dags/dag_csv_to_postgres_dag.py for tasks to queue
[2025-11-01T03:35:12.160+0000] {logging_mixin.py:188} INFO - [2025-11-01T03:35:12.159+0000] {dagbag.py:538} INFO - Filling up the DagBag from /opt/airflow/dags/dag_csv_to_postgres_dag.py
[2025-11-01T03:35:12.226+0000] {processor.py:840} INFO - DAG(s) 'load_csv_to_postgres' retrieved from /opt/airflow/dags/dag_csv_to_postgres_dag.py
[2025-11-01T03:35:12.322+0000] {logging_mixin.py:188} INFO - [2025-11-01T03:35:12.322+0000] {dag.py:3036} INFO - Sync 1 DAGs
[2025-11-01T03:35:12.377+0000] {logging_mixin.py:188} INFO - [2025-11-01T03:35:12.376+0000] {dag.py:3823} INFO - Setting next_dagrun for load_csv_to_postgres to None, run_after=None
[2025-11-01T03:35:12.453+0000] {processor.py:183} INFO - Processing /opt/airflow/dags/dag_csv_to_postgres_dag.py took 0.322 seconds
[2025-11-01T03:35:44.346+0000] {processor.py:161} INFO - Started process (PID=2233) to work on /opt/airflow/dags/dag_csv_to_postgres_dag.py
[2025-11-01T03:35:44.348+0000] {processor.py:830} INFO - Processing file /opt/airflow/dags/dag_csv_to_postgres_dag.py for tasks to queue
[2025-11-01T03:35:44.351+0000] {logging_mixin.py:188} INFO - [2025-11-01T03:35:44.350+0000] {dagbag.py:538} INFO - Filling up the DagBag from /opt/airflow/dags/dag_csv_to_postgres_dag.py
[2025-11-01T03:35:44.384+0000] {processor.py:840} INFO - DAG(s) 'load_csv_to_postgres' retrieved from /opt/airflow/dags/dag_csv_to_postgres_dag.py
[2025-11-01T03:35:44.450+0000] {logging_mixin.py:188} INFO - [2025-11-01T03:35:44.450+0000] {dag.py:3036} INFO - Sync 1 DAGs
[2025-11-01T03:35:44.473+0000] {logging_mixin.py:188} INFO - [2025-11-01T03:35:44.473+0000] {dag.py:3823} INFO - Setting next_dagrun for load_csv_to_postgres to None, run_after=None
[2025-11-01T03:35:44.510+0000] {processor.py:183} INFO - Processing /opt/airflow/dags/dag_csv_to_postgres_dag.py took 0.172 seconds
[2025-11-01T03:36:17.336+0000] {processor.py:161} INFO - Started process (PID=2246) to work on /opt/airflow/dags/dag_csv_to_postgres_dag.py
[2025-11-01T03:36:17.341+0000] {processor.py:830} INFO - Processing file /opt/airflow/dags/dag_csv_to_postgres_dag.py for tasks to queue
[2025-11-01T03:36:17.344+0000] {logging_mixin.py:188} INFO - [2025-11-01T03:36:17.343+0000] {dagbag.py:538} INFO - Filling up the DagBag from /opt/airflow/dags/dag_csv_to_postgres_dag.py
[2025-11-01T03:36:17.427+0000] {processor.py:840} INFO - DAG(s) 'load_csv_to_postgres' retrieved from /opt/airflow/dags/dag_csv_to_postgres_dag.py
[2025-11-01T03:36:17.531+0000] {logging_mixin.py:188} INFO - [2025-11-01T03:36:17.531+0000] {dag.py:3036} INFO - Sync 1 DAGs
[2025-11-01T03:36:17.573+0000] {logging_mixin.py:188} INFO - [2025-11-01T03:36:17.572+0000] {dag.py:3823} INFO - Setting next_dagrun for load_csv_to_postgres to None, run_after=None
[2025-11-01T03:36:17.634+0000] {processor.py:183} INFO - Processing /opt/airflow/dags/dag_csv_to_postgres_dag.py took 0.310 seconds
[2025-11-01T03:36:49.667+0000] {processor.py:161} INFO - Started process (PID=2258) to work on /opt/airflow/dags/dag_csv_to_postgres_dag.py
[2025-11-01T03:36:49.673+0000] {processor.py:830} INFO - Processing file /opt/airflow/dags/dag_csv_to_postgres_dag.py for tasks to queue
[2025-11-01T03:36:49.677+0000] {logging_mixin.py:188} INFO - [2025-11-01T03:36:49.676+0000] {dagbag.py:538} INFO - Filling up the DagBag from /opt/airflow/dags/dag_csv_to_postgres_dag.py
[2025-11-01T03:36:49.762+0000] {processor.py:840} INFO - DAG(s) 'load_csv_to_postgres' retrieved from /opt/airflow/dags/dag_csv_to_postgres_dag.py
[2025-11-01T03:36:49.840+0000] {logging_mixin.py:188} INFO - [2025-11-01T03:36:49.840+0000] {dag.py:3036} INFO - Sync 1 DAGs
[2025-11-01T03:36:49.867+0000] {logging_mixin.py:188} INFO - [2025-11-01T03:36:49.867+0000] {dag.py:3823} INFO - Setting next_dagrun for load_csv_to_postgres to None, run_after=None
[2025-11-01T03:36:49.929+0000] {processor.py:183} INFO - Processing /opt/airflow/dags/dag_csv_to_postgres_dag.py took 0.275 seconds
[2025-11-01T03:37:22.513+0000] {processor.py:161} INFO - Started process (PID=2269) to work on /opt/airflow/dags/dag_csv_to_postgres_dag.py
[2025-11-01T03:37:22.517+0000] {processor.py:830} INFO - Processing file /opt/airflow/dags/dag_csv_to_postgres_dag.py for tasks to queue
[2025-11-01T03:37:22.521+0000] {logging_mixin.py:188} INFO - [2025-11-01T03:37:22.520+0000] {dagbag.py:538} INFO - Filling up the DagBag from /opt/airflow/dags/dag_csv_to_postgres_dag.py
[2025-11-01T03:37:22.567+0000] {processor.py:840} INFO - DAG(s) 'load_csv_to_postgres' retrieved from /opt/airflow/dags/dag_csv_to_postgres_dag.py
[2025-11-01T03:37:22.636+0000] {logging_mixin.py:188} INFO - [2025-11-01T03:37:22.636+0000] {dag.py:3036} INFO - Sync 1 DAGs
[2025-11-01T03:37:22.664+0000] {logging_mixin.py:188} INFO - [2025-11-01T03:37:22.664+0000] {dag.py:3823} INFO - Setting next_dagrun for load_csv_to_postgres to None, run_after=None
[2025-11-01T03:37:22.729+0000] {processor.py:183} INFO - Processing /opt/airflow/dags/dag_csv_to_postgres_dag.py took 0.225 seconds
[2025-11-01T03:37:55.061+0000] {processor.py:161} INFO - Started process (PID=2281) to work on /opt/airflow/dags/dag_csv_to_postgres_dag.py
[2025-11-01T03:37:55.063+0000] {processor.py:830} INFO - Processing file /opt/airflow/dags/dag_csv_to_postgres_dag.py for tasks to queue
[2025-11-01T03:37:55.066+0000] {logging_mixin.py:188} INFO - [2025-11-01T03:37:55.065+0000] {dagbag.py:538} INFO - Filling up the DagBag from /opt/airflow/dags/dag_csv_to_postgres_dag.py
[2025-11-01T03:37:55.184+0000] {processor.py:840} INFO - DAG(s) 'load_csv_to_postgres' retrieved from /opt/airflow/dags/dag_csv_to_postgres_dag.py
[2025-11-01T03:37:55.286+0000] {logging_mixin.py:188} INFO - [2025-11-01T03:37:55.286+0000] {dag.py:3036} INFO - Sync 1 DAGs
[2025-11-01T03:37:55.318+0000] {logging_mixin.py:188} INFO - [2025-11-01T03:37:55.318+0000] {dag.py:3823} INFO - Setting next_dagrun for load_csv_to_postgres to None, run_after=None
[2025-11-01T03:37:55.381+0000] {processor.py:183} INFO - Processing /opt/airflow/dags/dag_csv_to_postgres_dag.py took 0.327 seconds
[2025-11-01T03:38:27.761+0000] {processor.py:161} INFO - Started process (PID=2293) to work on /opt/airflow/dags/dag_csv_to_postgres_dag.py
[2025-11-01T03:38:27.763+0000] {processor.py:830} INFO - Processing file /opt/airflow/dags/dag_csv_to_postgres_dag.py for tasks to queue
[2025-11-01T03:38:27.764+0000] {logging_mixin.py:188} INFO - [2025-11-01T03:38:27.764+0000] {dagbag.py:538} INFO - Filling up the DagBag from /opt/airflow/dags/dag_csv_to_postgres_dag.py
[2025-11-01T03:38:27.788+0000] {processor.py:840} INFO - DAG(s) 'load_csv_to_postgres' retrieved from /opt/airflow/dags/dag_csv_to_postgres_dag.py
[2025-11-01T03:38:27.847+0000] {logging_mixin.py:188} INFO - [2025-11-01T03:38:27.847+0000] {dag.py:3036} INFO - Sync 1 DAGs
[2025-11-01T03:38:27.876+0000] {logging_mixin.py:188} INFO - [2025-11-01T03:38:27.875+0000] {dag.py:3823} INFO - Setting next_dagrun for load_csv_to_postgres to None, run_after=None
[2025-11-01T03:38:27.911+0000] {processor.py:183} INFO - Processing /opt/airflow/dags/dag_csv_to_postgres_dag.py took 0.157 seconds
[2025-11-01T03:39:00.609+0000] {processor.py:161} INFO - Started process (PID=2305) to work on /opt/airflow/dags/dag_csv_to_postgres_dag.py
[2025-11-01T03:39:00.615+0000] {processor.py:830} INFO - Processing file /opt/airflow/dags/dag_csv_to_postgres_dag.py for tasks to queue
[2025-11-01T03:39:00.618+0000] {logging_mixin.py:188} INFO - [2025-11-01T03:39:00.616+0000] {dagbag.py:538} INFO - Filling up the DagBag from /opt/airflow/dags/dag_csv_to_postgres_dag.py
[2025-11-01T03:39:00.667+0000] {processor.py:840} INFO - DAG(s) 'load_csv_to_postgres' retrieved from /opt/airflow/dags/dag_csv_to_postgres_dag.py
[2025-11-01T03:39:00.763+0000] {logging_mixin.py:188} INFO - [2025-11-01T03:39:00.763+0000] {dag.py:3036} INFO - Sync 1 DAGs
[2025-11-01T03:39:00.800+0000] {logging_mixin.py:188} INFO - [2025-11-01T03:39:00.799+0000] {dag.py:3823} INFO - Setting next_dagrun for load_csv_to_postgres to None, run_after=None
[2025-11-01T03:39:00.858+0000] {processor.py:183} INFO - Processing /opt/airflow/dags/dag_csv_to_postgres_dag.py took 0.260 seconds
[2025-11-01T03:39:33.728+0000] {processor.py:161} INFO - Started process (PID=2317) to work on /opt/airflow/dags/dag_csv_to_postgres_dag.py
[2025-11-01T03:39:33.730+0000] {processor.py:830} INFO - Processing file /opt/airflow/dags/dag_csv_to_postgres_dag.py for tasks to queue
[2025-11-01T03:39:33.733+0000] {logging_mixin.py:188} INFO - [2025-11-01T03:39:33.732+0000] {dagbag.py:538} INFO - Filling up the DagBag from /opt/airflow/dags/dag_csv_to_postgres_dag.py
[2025-11-01T03:39:33.799+0000] {processor.py:840} INFO - DAG(s) 'load_csv_to_postgres' retrieved from /opt/airflow/dags/dag_csv_to_postgres_dag.py
[2025-11-01T03:39:33.967+0000] {logging_mixin.py:188} INFO - [2025-11-01T03:39:33.966+0000] {dag.py:3036} INFO - Sync 1 DAGs
[2025-11-01T03:39:34.004+0000] {logging_mixin.py:188} INFO - [2025-11-01T03:39:34.004+0000] {dag.py:3823} INFO - Setting next_dagrun for load_csv_to_postgres to None, run_after=None
[2025-11-01T03:39:34.093+0000] {processor.py:183} INFO - Processing /opt/airflow/dags/dag_csv_to_postgres_dag.py took 0.381 seconds
[2025-11-01T03:40:05.903+0000] {processor.py:161} INFO - Started process (PID=2328) to work on /opt/airflow/dags/dag_csv_to_postgres_dag.py
[2025-11-01T03:40:05.905+0000] {processor.py:830} INFO - Processing file /opt/airflow/dags/dag_csv_to_postgres_dag.py for tasks to queue
[2025-11-01T03:40:05.908+0000] {logging_mixin.py:188} INFO - [2025-11-01T03:40:05.907+0000] {dagbag.py:538} INFO - Filling up the DagBag from /opt/airflow/dags/dag_csv_to_postgres_dag.py
[2025-11-01T03:40:05.948+0000] {processor.py:840} INFO - DAG(s) 'load_csv_to_postgres' retrieved from /opt/airflow/dags/dag_csv_to_postgres_dag.py
[2025-11-01T03:40:06.000+0000] {logging_mixin.py:188} INFO - [2025-11-01T03:40:05.999+0000] {dag.py:3036} INFO - Sync 1 DAGs
[2025-11-01T03:40:06.019+0000] {logging_mixin.py:188} INFO - [2025-11-01T03:40:06.019+0000] {dag.py:3823} INFO - Setting next_dagrun for load_csv_to_postgres to None, run_after=None
[2025-11-01T03:40:06.073+0000] {processor.py:183} INFO - Processing /opt/airflow/dags/dag_csv_to_postgres_dag.py took 0.188 seconds
[2025-11-01T03:40:38.810+0000] {processor.py:161} INFO - Started process (PID=2340) to work on /opt/airflow/dags/dag_csv_to_postgres_dag.py
[2025-11-01T03:40:38.812+0000] {processor.py:830} INFO - Processing file /opt/airflow/dags/dag_csv_to_postgres_dag.py for tasks to queue
[2025-11-01T03:40:38.815+0000] {logging_mixin.py:188} INFO - [2025-11-01T03:40:38.814+0000] {dagbag.py:538} INFO - Filling up the DagBag from /opt/airflow/dags/dag_csv_to_postgres_dag.py
[2025-11-01T03:40:38.847+0000] {processor.py:840} INFO - DAG(s) 'load_csv_to_postgres' retrieved from /opt/airflow/dags/dag_csv_to_postgres_dag.py
[2025-11-01T03:40:38.897+0000] {logging_mixin.py:188} INFO - [2025-11-01T03:40:38.896+0000] {dag.py:3036} INFO - Sync 1 DAGs
[2025-11-01T03:40:38.920+0000] {logging_mixin.py:188} INFO - [2025-11-01T03:40:38.919+0000] {dag.py:3823} INFO - Setting next_dagrun for load_csv_to_postgres to None, run_after=None
[2025-11-01T03:40:38.956+0000] {processor.py:183} INFO - Processing /opt/airflow/dags/dag_csv_to_postgres_dag.py took 0.159 seconds
[2025-11-01T03:41:11.419+0000] {processor.py:161} INFO - Started process (PID=2352) to work on /opt/airflow/dags/dag_csv_to_postgres_dag.py
[2025-11-01T03:41:11.422+0000] {processor.py:830} INFO - Processing file /opt/airflow/dags/dag_csv_to_postgres_dag.py for tasks to queue
[2025-11-01T03:41:11.425+0000] {logging_mixin.py:188} INFO - [2025-11-01T03:41:11.424+0000] {dagbag.py:538} INFO - Filling up the DagBag from /opt/airflow/dags/dag_csv_to_postgres_dag.py
[2025-11-01T03:41:11.464+0000] {processor.py:840} INFO - DAG(s) 'load_csv_to_postgres' retrieved from /opt/airflow/dags/dag_csv_to_postgres_dag.py
[2025-11-01T03:41:11.544+0000] {logging_mixin.py:188} INFO - [2025-11-01T03:41:11.543+0000] {dag.py:3036} INFO - Sync 1 DAGs
[2025-11-01T03:41:11.571+0000] {logging_mixin.py:188} INFO - [2025-11-01T03:41:11.570+0000] {dag.py:3823} INFO - Setting next_dagrun for load_csv_to_postgres to None, run_after=None
[2025-11-01T03:41:11.635+0000] {processor.py:183} INFO - Processing /opt/airflow/dags/dag_csv_to_postgres_dag.py took 0.228 seconds
[2025-11-01T03:41:45.311+0000] {processor.py:161} INFO - Started process (PID=2364) to work on /opt/airflow/dags/dag_csv_to_postgres_dag.py
[2025-11-01T03:41:45.314+0000] {processor.py:830} INFO - Processing file /opt/airflow/dags/dag_csv_to_postgres_dag.py for tasks to queue
[2025-11-01T03:41:45.317+0000] {logging_mixin.py:188} INFO - [2025-11-01T03:41:45.317+0000] {dagbag.py:538} INFO - Filling up the DagBag from /opt/airflow/dags/dag_csv_to_postgres_dag.py
[2025-11-01T03:41:45.438+0000] {processor.py:840} INFO - DAG(s) 'load_csv_to_postgres' retrieved from /opt/airflow/dags/dag_csv_to_postgres_dag.py
[2025-11-01T03:41:45.602+0000] {logging_mixin.py:188} INFO - [2025-11-01T03:41:45.601+0000] {dag.py:3036} INFO - Sync 1 DAGs
[2025-11-01T03:41:45.663+0000] {logging_mixin.py:188} INFO - [2025-11-01T03:41:45.662+0000] {dag.py:3823} INFO - Setting next_dagrun for load_csv_to_postgres to None, run_after=None
[2025-11-01T03:41:45.752+0000] {processor.py:183} INFO - Processing /opt/airflow/dags/dag_csv_to_postgres_dag.py took 0.465 seconds
[2025-11-01T03:42:17.352+0000] {processor.py:161} INFO - Started process (PID=2376) to work on /opt/airflow/dags/dag_csv_to_postgres_dag.py
[2025-11-01T03:42:17.354+0000] {processor.py:830} INFO - Processing file /opt/airflow/dags/dag_csv_to_postgres_dag.py for tasks to queue
[2025-11-01T03:42:17.356+0000] {logging_mixin.py:188} INFO - [2025-11-01T03:42:17.356+0000] {dagbag.py:538} INFO - Filling up the DagBag from /opt/airflow/dags/dag_csv_to_postgres_dag.py
[2025-11-01T03:42:17.378+0000] {processor.py:840} INFO - DAG(s) 'load_csv_to_postgres' retrieved from /opt/airflow/dags/dag_csv_to_postgres_dag.py
[2025-11-01T03:42:17.438+0000] {logging_mixin.py:188} INFO - [2025-11-01T03:42:17.437+0000] {dag.py:3036} INFO - Sync 1 DAGs
[2025-11-01T03:42:17.462+0000] {logging_mixin.py:188} INFO - [2025-11-01T03:42:17.462+0000] {dag.py:3823} INFO - Setting next_dagrun for load_csv_to_postgres to None, run_after=None
[2025-11-01T03:42:17.518+0000] {processor.py:183} INFO - Processing /opt/airflow/dags/dag_csv_to_postgres_dag.py took 0.174 seconds
[2025-11-01T03:42:49.490+0000] {processor.py:161} INFO - Started process (PID=2388) to work on /opt/airflow/dags/dag_csv_to_postgres_dag.py
[2025-11-01T03:42:49.492+0000] {processor.py:830} INFO - Processing file /opt/airflow/dags/dag_csv_to_postgres_dag.py for tasks to queue
[2025-11-01T03:42:49.494+0000] {logging_mixin.py:188} INFO - [2025-11-01T03:42:49.493+0000] {dagbag.py:538} INFO - Filling up the DagBag from /opt/airflow/dags/dag_csv_to_postgres_dag.py
[2025-11-01T03:42:49.524+0000] {processor.py:840} INFO - DAG(s) 'load_csv_to_postgres' retrieved from /opt/airflow/dags/dag_csv_to_postgres_dag.py
[2025-11-01T03:42:49.573+0000] {logging_mixin.py:188} INFO - [2025-11-01T03:42:49.573+0000] {dag.py:3036} INFO - Sync 1 DAGs
[2025-11-01T03:42:49.594+0000] {logging_mixin.py:188} INFO - [2025-11-01T03:42:49.593+0000] {dag.py:3823} INFO - Setting next_dagrun for load_csv_to_postgres to None, run_after=None
[2025-11-01T03:42:49.651+0000] {processor.py:183} INFO - Processing /opt/airflow/dags/dag_csv_to_postgres_dag.py took 0.169 seconds
[2025-11-01T03:43:23.199+0000] {processor.py:161} INFO - Started process (PID=2400) to work on /opt/airflow/dags/dag_csv_to_postgres_dag.py
[2025-11-01T03:43:23.211+0000] {processor.py:830} INFO - Processing file /opt/airflow/dags/dag_csv_to_postgres_dag.py for tasks to queue
[2025-11-01T03:43:23.222+0000] {logging_mixin.py:188} INFO - [2025-11-01T03:43:23.221+0000] {dagbag.py:538} INFO - Filling up the DagBag from /opt/airflow/dags/dag_csv_to_postgres_dag.py
[2025-11-01T03:43:23.281+0000] {processor.py:840} INFO - DAG(s) 'load_csv_to_postgres' retrieved from /opt/airflow/dags/dag_csv_to_postgres_dag.py
[2025-11-01T03:43:23.396+0000] {logging_mixin.py:188} INFO - [2025-11-01T03:43:23.396+0000] {dag.py:3036} INFO - Sync 1 DAGs
[2025-11-01T03:43:23.493+0000] {logging_mixin.py:188} INFO - [2025-11-01T03:43:23.492+0000] {dag.py:3823} INFO - Setting next_dagrun for load_csv_to_postgres to None, run_after=None
[2025-11-01T03:43:23.671+0000] {processor.py:183} INFO - Processing /opt/airflow/dags/dag_csv_to_postgres_dag.py took 0.488 seconds
[2025-11-01T03:43:55.741+0000] {processor.py:161} INFO - Started process (PID=2412) to work on /opt/airflow/dags/dag_csv_to_postgres_dag.py
[2025-11-01T03:43:55.750+0000] {processor.py:830} INFO - Processing file /opt/airflow/dags/dag_csv_to_postgres_dag.py for tasks to queue
[2025-11-01T03:43:55.754+0000] {logging_mixin.py:188} INFO - [2025-11-01T03:43:55.753+0000] {dagbag.py:538} INFO - Filling up the DagBag from /opt/airflow/dags/dag_csv_to_postgres_dag.py
[2025-11-01T03:43:55.819+0000] {processor.py:840} INFO - DAG(s) 'load_csv_to_postgres' retrieved from /opt/airflow/dags/dag_csv_to_postgres_dag.py
[2025-11-01T03:43:55.996+0000] {logging_mixin.py:188} INFO - [2025-11-01T03:43:55.995+0000] {dag.py:3036} INFO - Sync 1 DAGs
[2025-11-01T03:43:56.110+0000] {logging_mixin.py:188} INFO - [2025-11-01T03:43:56.103+0000] {dag.py:3823} INFO - Setting next_dagrun for load_csv_to_postgres to None, run_after=None
[2025-11-01T03:43:56.308+0000] {processor.py:183} INFO - Processing /opt/airflow/dags/dag_csv_to_postgres_dag.py took 0.583 seconds
[2025-11-01T03:44:28.350+0000] {processor.py:161} INFO - Started process (PID=2424) to work on /opt/airflow/dags/dag_csv_to_postgres_dag.py
[2025-11-01T03:44:28.353+0000] {processor.py:830} INFO - Processing file /opt/airflow/dags/dag_csv_to_postgres_dag.py for tasks to queue
[2025-11-01T03:44:28.357+0000] {logging_mixin.py:188} INFO - [2025-11-01T03:44:28.356+0000] {dagbag.py:538} INFO - Filling up the DagBag from /opt/airflow/dags/dag_csv_to_postgres_dag.py
[2025-11-01T03:44:28.413+0000] {processor.py:840} INFO - DAG(s) 'load_csv_to_postgres' retrieved from /opt/airflow/dags/dag_csv_to_postgres_dag.py
[2025-11-01T03:44:28.503+0000] {logging_mixin.py:188} INFO - [2025-11-01T03:44:28.501+0000] {dag.py:3036} INFO - Sync 1 DAGs
[2025-11-01T03:44:28.554+0000] {logging_mixin.py:188} INFO - [2025-11-01T03:44:28.554+0000] {dag.py:3823} INFO - Setting next_dagrun for load_csv_to_postgres to None, run_after=None
[2025-11-01T03:44:28.627+0000] {processor.py:183} INFO - Processing /opt/airflow/dags/dag_csv_to_postgres_dag.py took 0.291 seconds
[2025-11-01T03:45:01.343+0000] {processor.py:161} INFO - Started process (PID=2437) to work on /opt/airflow/dags/dag_csv_to_postgres_dag.py
[2025-11-01T03:45:01.359+0000] {processor.py:830} INFO - Processing file /opt/airflow/dags/dag_csv_to_postgres_dag.py for tasks to queue
[2025-11-01T03:45:01.374+0000] {logging_mixin.py:188} INFO - [2025-11-01T03:45:01.372+0000] {dagbag.py:538} INFO - Filling up the DagBag from /opt/airflow/dags/dag_csv_to_postgres_dag.py
[2025-11-01T03:45:01.507+0000] {processor.py:840} INFO - DAG(s) 'load_csv_to_postgres' retrieved from /opt/airflow/dags/dag_csv_to_postgres_dag.py
[2025-11-01T03:45:01.723+0000] {logging_mixin.py:188} INFO - [2025-11-01T03:45:01.722+0000] {dag.py:3036} INFO - Sync 1 DAGs
[2025-11-01T03:45:01.836+0000] {logging_mixin.py:188} INFO - [2025-11-01T03:45:01.835+0000] {dag.py:3823} INFO - Setting next_dagrun for load_csv_to_postgres to None, run_after=None
[2025-11-01T03:45:02.018+0000] {processor.py:183} INFO - Processing /opt/airflow/dags/dag_csv_to_postgres_dag.py took 0.706 seconds
[2025-11-01T03:45:33.698+0000] {processor.py:161} INFO - Started process (PID=2449) to work on /opt/airflow/dags/dag_csv_to_postgres_dag.py
[2025-11-01T03:45:33.702+0000] {processor.py:830} INFO - Processing file /opt/airflow/dags/dag_csv_to_postgres_dag.py for tasks to queue
[2025-11-01T03:45:33.707+0000] {logging_mixin.py:188} INFO - [2025-11-01T03:45:33.706+0000] {dagbag.py:538} INFO - Filling up the DagBag from /opt/airflow/dags/dag_csv_to_postgres_dag.py
[2025-11-01T03:45:33.772+0000] {processor.py:840} INFO - DAG(s) 'load_csv_to_postgres' retrieved from /opt/airflow/dags/dag_csv_to_postgres_dag.py
[2025-11-01T03:45:33.954+0000] {logging_mixin.py:188} INFO - [2025-11-01T03:45:33.954+0000] {dag.py:3036} INFO - Sync 1 DAGs
[2025-11-01T03:45:34.077+0000] {logging_mixin.py:188} INFO - [2025-11-01T03:45:34.068+0000] {dag.py:3823} INFO - Setting next_dagrun for load_csv_to_postgres to None, run_after=None
[2025-11-01T03:45:34.288+0000] {processor.py:183} INFO - Processing /opt/airflow/dags/dag_csv_to_postgres_dag.py took 0.616 seconds
[2025-11-01T03:46:06.621+0000] {processor.py:161} INFO - Started process (PID=2461) to work on /opt/airflow/dags/dag_csv_to_postgres_dag.py
[2025-11-01T03:46:06.625+0000] {processor.py:830} INFO - Processing file /opt/airflow/dags/dag_csv_to_postgres_dag.py for tasks to queue
[2025-11-01T03:46:06.629+0000] {logging_mixin.py:188} INFO - [2025-11-01T03:46:06.629+0000] {dagbag.py:538} INFO - Filling up the DagBag from /opt/airflow/dags/dag_csv_to_postgres_dag.py
[2025-11-01T03:46:06.685+0000] {processor.py:840} INFO - DAG(s) 'load_csv_to_postgres' retrieved from /opt/airflow/dags/dag_csv_to_postgres_dag.py
[2025-11-01T03:46:06.777+0000] {logging_mixin.py:188} INFO - [2025-11-01T03:46:06.776+0000] {dag.py:3036} INFO - Sync 1 DAGs
[2025-11-01T03:46:06.814+0000] {logging_mixin.py:188} INFO - [2025-11-01T03:46:06.813+0000] {dag.py:3823} INFO - Setting next_dagrun for load_csv_to_postgres to None, run_after=None
[2025-11-01T03:46:06.909+0000] {processor.py:183} INFO - Processing /opt/airflow/dags/dag_csv_to_postgres_dag.py took 0.300 seconds
[2025-11-01T03:46:39.444+0000] {processor.py:161} INFO - Started process (PID=2473) to work on /opt/airflow/dags/dag_csv_to_postgres_dag.py
[2025-11-01T03:46:39.448+0000] {processor.py:830} INFO - Processing file /opt/airflow/dags/dag_csv_to_postgres_dag.py for tasks to queue
[2025-11-01T03:46:39.451+0000] {logging_mixin.py:188} INFO - [2025-11-01T03:46:39.451+0000] {dagbag.py:538} INFO - Filling up the DagBag from /opt/airflow/dags/dag_csv_to_postgres_dag.py
[2025-11-01T03:46:39.515+0000] {processor.py:840} INFO - DAG(s) 'load_csv_to_postgres' retrieved from /opt/airflow/dags/dag_csv_to_postgres_dag.py
[2025-11-01T03:46:39.672+0000] {logging_mixin.py:188} INFO - [2025-11-01T03:46:39.671+0000] {dag.py:3036} INFO - Sync 1 DAGs
[2025-11-01T03:46:39.761+0000] {logging_mixin.py:188} INFO - [2025-11-01T03:46:39.760+0000] {dag.py:3823} INFO - Setting next_dagrun for load_csv_to_postgres to None, run_after=None
[2025-11-01T03:46:39.876+0000] {processor.py:183} INFO - Processing /opt/airflow/dags/dag_csv_to_postgres_dag.py took 0.449 seconds
[2025-11-01T03:47:12.021+0000] {processor.py:161} INFO - Started process (PID=2485) to work on /opt/airflow/dags/dag_csv_to_postgres_dag.py
[2025-11-01T03:47:12.027+0000] {processor.py:830} INFO - Processing file /opt/airflow/dags/dag_csv_to_postgres_dag.py for tasks to queue
[2025-11-01T03:47:12.032+0000] {logging_mixin.py:188} INFO - [2025-11-01T03:47:12.030+0000] {dagbag.py:538} INFO - Filling up the DagBag from /opt/airflow/dags/dag_csv_to_postgres_dag.py
[2025-11-01T03:47:12.083+0000] {processor.py:840} INFO - DAG(s) 'load_csv_to_postgres' retrieved from /opt/airflow/dags/dag_csv_to_postgres_dag.py
[2025-11-01T03:47:12.200+0000] {logging_mixin.py:188} INFO - [2025-11-01T03:47:12.200+0000] {dag.py:3036} INFO - Sync 1 DAGs
[2025-11-01T03:47:12.268+0000] {logging_mixin.py:188} INFO - [2025-11-01T03:47:12.267+0000] {dag.py:3823} INFO - Setting next_dagrun for load_csv_to_postgres to None, run_after=None
[2025-11-01T03:47:12.341+0000] {processor.py:183} INFO - Processing /opt/airflow/dags/dag_csv_to_postgres_dag.py took 0.334 seconds
[2025-11-01T03:47:45.112+0000] {processor.py:161} INFO - Started process (PID=2497) to work on /opt/airflow/dags/dag_csv_to_postgres_dag.py
[2025-11-01T03:47:45.115+0000] {processor.py:830} INFO - Processing file /opt/airflow/dags/dag_csv_to_postgres_dag.py for tasks to queue
[2025-11-01T03:47:45.119+0000] {logging_mixin.py:188} INFO - [2025-11-01T03:47:45.118+0000] {dagbag.py:538} INFO - Filling up the DagBag from /opt/airflow/dags/dag_csv_to_postgres_dag.py
[2025-11-01T03:47:45.181+0000] {processor.py:840} INFO - DAG(s) 'load_csv_to_postgres' retrieved from /opt/airflow/dags/dag_csv_to_postgres_dag.py
[2025-11-01T03:47:45.262+0000] {logging_mixin.py:188} INFO - [2025-11-01T03:47:45.262+0000] {dag.py:3036} INFO - Sync 1 DAGs
[2025-11-01T03:47:45.303+0000] {logging_mixin.py:188} INFO - [2025-11-01T03:47:45.303+0000] {dag.py:3823} INFO - Setting next_dagrun for load_csv_to_postgres to None, run_after=None
[2025-11-01T03:47:45.366+0000] {processor.py:183} INFO - Processing /opt/airflow/dags/dag_csv_to_postgres_dag.py took 0.271 seconds
[2025-11-01T03:48:17.725+0000] {processor.py:161} INFO - Started process (PID=2509) to work on /opt/airflow/dags/dag_csv_to_postgres_dag.py
[2025-11-01T03:48:17.728+0000] {processor.py:830} INFO - Processing file /opt/airflow/dags/dag_csv_to_postgres_dag.py for tasks to queue
[2025-11-01T03:48:17.732+0000] {logging_mixin.py:188} INFO - [2025-11-01T03:48:17.731+0000] {dagbag.py:538} INFO - Filling up the DagBag from /opt/airflow/dags/dag_csv_to_postgres_dag.py
[2025-11-01T03:48:17.776+0000] {processor.py:840} INFO - DAG(s) 'load_csv_to_postgres' retrieved from /opt/airflow/dags/dag_csv_to_postgres_dag.py
[2025-11-01T03:48:17.883+0000] {logging_mixin.py:188} INFO - [2025-11-01T03:48:17.883+0000] {dag.py:3036} INFO - Sync 1 DAGs
[2025-11-01T03:48:17.926+0000] {logging_mixin.py:188} INFO - [2025-11-01T03:48:17.925+0000] {dag.py:3823} INFO - Setting next_dagrun for load_csv_to_postgres to None, run_after=None
[2025-11-01T03:48:17.995+0000] {processor.py:183} INFO - Processing /opt/airflow/dags/dag_csv_to_postgres_dag.py took 0.284 seconds
[2025-11-01T03:48:50.682+0000] {processor.py:161} INFO - Started process (PID=2521) to work on /opt/airflow/dags/dag_csv_to_postgres_dag.py
[2025-11-01T03:48:50.686+0000] {processor.py:830} INFO - Processing file /opt/airflow/dags/dag_csv_to_postgres_dag.py for tasks to queue
[2025-11-01T03:48:50.690+0000] {logging_mixin.py:188} INFO - [2025-11-01T03:48:50.689+0000] {dagbag.py:538} INFO - Filling up the DagBag from /opt/airflow/dags/dag_csv_to_postgres_dag.py
[2025-11-01T03:48:50.760+0000] {processor.py:840} INFO - DAG(s) 'load_csv_to_postgres' retrieved from /opt/airflow/dags/dag_csv_to_postgres_dag.py
[2025-11-01T03:48:50.858+0000] {logging_mixin.py:188} INFO - [2025-11-01T03:48:50.857+0000] {dag.py:3036} INFO - Sync 1 DAGs
[2025-11-01T03:48:50.904+0000] {logging_mixin.py:188} INFO - [2025-11-01T03:48:50.902+0000] {dag.py:3823} INFO - Setting next_dagrun for load_csv_to_postgres to None, run_after=None
[2025-11-01T03:48:51.081+0000] {processor.py:183} INFO - Processing /opt/airflow/dags/dag_csv_to_postgres_dag.py took 0.419 seconds
[2025-11-01T03:49:22.985+0000] {processor.py:161} INFO - Started process (PID=2533) to work on /opt/airflow/dags/dag_csv_to_postgres_dag.py
[2025-11-01T03:49:22.991+0000] {processor.py:830} INFO - Processing file /opt/airflow/dags/dag_csv_to_postgres_dag.py for tasks to queue
[2025-11-01T03:49:23.001+0000] {logging_mixin.py:188} INFO - [2025-11-01T03:49:23.000+0000] {dagbag.py:538} INFO - Filling up the DagBag from /opt/airflow/dags/dag_csv_to_postgres_dag.py
[2025-11-01T03:49:23.103+0000] {processor.py:840} INFO - DAG(s) 'load_csv_to_postgres' retrieved from /opt/airflow/dags/dag_csv_to_postgres_dag.py
[2025-11-01T03:49:23.232+0000] {logging_mixin.py:188} INFO - [2025-11-01T03:49:23.231+0000] {dag.py:3036} INFO - Sync 1 DAGs
[2025-11-01T03:49:23.321+0000] {logging_mixin.py:188} INFO - [2025-11-01T03:49:23.320+0000] {dag.py:3823} INFO - Setting next_dagrun for load_csv_to_postgres to None, run_after=None
[2025-11-01T03:49:23.477+0000] {processor.py:183} INFO - Processing /opt/airflow/dags/dag_csv_to_postgres_dag.py took 0.506 seconds
[2025-11-01T03:49:56.097+0000] {processor.py:161} INFO - Started process (PID=2545) to work on /opt/airflow/dags/dag_csv_to_postgres_dag.py
[2025-11-01T03:49:56.106+0000] {processor.py:830} INFO - Processing file /opt/airflow/dags/dag_csv_to_postgres_dag.py for tasks to queue
[2025-11-01T03:49:56.112+0000] {logging_mixin.py:188} INFO - [2025-11-01T03:49:56.111+0000] {dagbag.py:538} INFO - Filling up the DagBag from /opt/airflow/dags/dag_csv_to_postgres_dag.py
[2025-11-01T03:49:56.207+0000] {processor.py:840} INFO - DAG(s) 'load_csv_to_postgres' retrieved from /opt/airflow/dags/dag_csv_to_postgres_dag.py
[2025-11-01T03:49:56.369+0000] {logging_mixin.py:188} INFO - [2025-11-01T03:49:56.369+0000] {dag.py:3036} INFO - Sync 1 DAGs
[2025-11-01T03:49:56.428+0000] {logging_mixin.py:188} INFO - [2025-11-01T03:49:56.427+0000] {dag.py:3823} INFO - Setting next_dagrun for load_csv_to_postgres to None, run_after=None
[2025-11-01T03:49:56.707+0000] {processor.py:183} INFO - Processing /opt/airflow/dags/dag_csv_to_postgres_dag.py took 0.630 seconds
[2025-11-01T03:50:28.329+0000] {processor.py:161} INFO - Started process (PID=2557) to work on /opt/airflow/dags/dag_csv_to_postgres_dag.py
[2025-11-01T03:50:28.332+0000] {processor.py:830} INFO - Processing file /opt/airflow/dags/dag_csv_to_postgres_dag.py for tasks to queue
[2025-11-01T03:50:28.336+0000] {logging_mixin.py:188} INFO - [2025-11-01T03:50:28.335+0000] {dagbag.py:538} INFO - Filling up the DagBag from /opt/airflow/dags/dag_csv_to_postgres_dag.py
[2025-11-01T03:50:28.396+0000] {processor.py:840} INFO - DAG(s) 'load_csv_to_postgres' retrieved from /opt/airflow/dags/dag_csv_to_postgres_dag.py
[2025-11-01T03:50:28.493+0000] {logging_mixin.py:188} INFO - [2025-11-01T03:50:28.492+0000] {dag.py:3036} INFO - Sync 1 DAGs
[2025-11-01T03:50:28.530+0000] {logging_mixin.py:188} INFO - [2025-11-01T03:50:28.529+0000] {dag.py:3823} INFO - Setting next_dagrun for load_csv_to_postgres to None, run_after=None
[2025-11-01T03:50:28.595+0000] {processor.py:183} INFO - Processing /opt/airflow/dags/dag_csv_to_postgres_dag.py took 0.281 seconds
[2025-11-01T03:51:01.565+0000] {processor.py:161} INFO - Started process (PID=2569) to work on /opt/airflow/dags/dag_csv_to_postgres_dag.py
[2025-11-01T03:51:01.569+0000] {processor.py:830} INFO - Processing file /opt/airflow/dags/dag_csv_to_postgres_dag.py for tasks to queue
[2025-11-01T03:51:01.573+0000] {logging_mixin.py:188} INFO - [2025-11-01T03:51:01.572+0000] {dagbag.py:538} INFO - Filling up the DagBag from /opt/airflow/dags/dag_csv_to_postgres_dag.py
[2025-11-01T03:51:01.692+0000] {processor.py:840} INFO - DAG(s) 'load_csv_to_postgres' retrieved from /opt/airflow/dags/dag_csv_to_postgres_dag.py
[2025-11-01T03:51:01.843+0000] {logging_mixin.py:188} INFO - [2025-11-01T03:51:01.842+0000] {dag.py:3036} INFO - Sync 1 DAGs
[2025-11-01T03:51:01.905+0000] {logging_mixin.py:188} INFO - [2025-11-01T03:51:01.904+0000] {dag.py:3823} INFO - Setting next_dagrun for load_csv_to_postgres to None, run_after=None
[2025-11-01T03:51:02.030+0000] {processor.py:183} INFO - Processing /opt/airflow/dags/dag_csv_to_postgres_dag.py took 0.487 seconds
[2025-11-01T03:51:34.595+0000] {processor.py:161} INFO - Started process (PID=2581) to work on /opt/airflow/dags/dag_csv_to_postgres_dag.py
[2025-11-01T03:51:34.598+0000] {processor.py:830} INFO - Processing file /opt/airflow/dags/dag_csv_to_postgres_dag.py for tasks to queue
[2025-11-01T03:51:34.601+0000] {logging_mixin.py:188} INFO - [2025-11-01T03:51:34.600+0000] {dagbag.py:538} INFO - Filling up the DagBag from /opt/airflow/dags/dag_csv_to_postgres_dag.py
[2025-11-01T03:51:34.654+0000] {processor.py:840} INFO - DAG(s) 'load_csv_to_postgres' retrieved from /opt/airflow/dags/dag_csv_to_postgres_dag.py
[2025-11-01T03:51:34.780+0000] {logging_mixin.py:188} INFO - [2025-11-01T03:51:34.779+0000] {dag.py:3036} INFO - Sync 1 DAGs
[2025-11-01T03:51:34.842+0000] {logging_mixin.py:188} INFO - [2025-11-01T03:51:34.841+0000] {dag.py:3823} INFO - Setting next_dagrun for load_csv_to_postgres to None, run_after=None
[2025-11-01T03:51:34.929+0000] {processor.py:183} INFO - Processing /opt/airflow/dags/dag_csv_to_postgres_dag.py took 0.345 seconds
[2025-11-01T03:52:07.568+0000] {processor.py:161} INFO - Started process (PID=2593) to work on /opt/airflow/dags/dag_csv_to_postgres_dag.py
[2025-11-01T03:52:07.571+0000] {processor.py:830} INFO - Processing file /opt/airflow/dags/dag_csv_to_postgres_dag.py for tasks to queue
[2025-11-01T03:52:07.574+0000] {logging_mixin.py:188} INFO - [2025-11-01T03:52:07.573+0000] {dagbag.py:538} INFO - Filling up the DagBag from /opt/airflow/dags/dag_csv_to_postgres_dag.py
[2025-11-01T03:52:07.624+0000] {processor.py:840} INFO - DAG(s) 'load_csv_to_postgres' retrieved from /opt/airflow/dags/dag_csv_to_postgres_dag.py
[2025-11-01T03:52:07.730+0000] {logging_mixin.py:188} INFO - [2025-11-01T03:52:07.729+0000] {dag.py:3036} INFO - Sync 1 DAGs
[2025-11-01T03:52:07.782+0000] {logging_mixin.py:188} INFO - [2025-11-01T03:52:07.782+0000] {dag.py:3823} INFO - Setting next_dagrun for load_csv_to_postgres to None, run_after=None
[2025-11-01T03:52:07.846+0000] {processor.py:183} INFO - Processing /opt/airflow/dags/dag_csv_to_postgres_dag.py took 0.291 seconds
[2025-11-01T03:52:39.137+0000] {processor.py:161} INFO - Started process (PID=2606) to work on /opt/airflow/dags/dag_csv_to_postgres_dag.py
[2025-11-01T03:52:39.141+0000] {processor.py:830} INFO - Processing file /opt/airflow/dags/dag_csv_to_postgres_dag.py for tasks to queue
[2025-11-01T03:52:39.144+0000] {logging_mixin.py:188} INFO - [2025-11-01T03:52:39.143+0000] {dagbag.py:538} INFO - Filling up the DagBag from /opt/airflow/dags/dag_csv_to_postgres_dag.py
[2025-11-01T03:52:39.207+0000] {processor.py:840} INFO - DAG(s) 'load_csv_to_postgres' retrieved from /opt/airflow/dags/dag_csv_to_postgres_dag.py
[2025-11-01T03:52:39.295+0000] {logging_mixin.py:188} INFO - [2025-11-01T03:52:39.295+0000] {dag.py:3036} INFO - Sync 1 DAGs
[2025-11-01T03:52:39.341+0000] {logging_mixin.py:188} INFO - [2025-11-01T03:52:39.340+0000] {dag.py:3823} INFO - Setting next_dagrun for load_csv_to_postgres to None, run_after=None
[2025-11-01T03:52:39.403+0000] {processor.py:183} INFO - Processing /opt/airflow/dags/dag_csv_to_postgres_dag.py took 0.281 seconds
[2025-11-01T03:53:12.736+0000] {processor.py:161} INFO - Started process (PID=2618) to work on /opt/airflow/dags/dag_csv_to_postgres_dag.py
[2025-11-01T03:53:12.743+0000] {processor.py:830} INFO - Processing file /opt/airflow/dags/dag_csv_to_postgres_dag.py for tasks to queue
[2025-11-01T03:53:12.750+0000] {logging_mixin.py:188} INFO - [2025-11-01T03:53:12.748+0000] {dagbag.py:538} INFO - Filling up the DagBag from /opt/airflow/dags/dag_csv_to_postgres_dag.py
[2025-11-01T03:53:12.811+0000] {processor.py:840} INFO - DAG(s) 'load_csv_to_postgres' retrieved from /opt/airflow/dags/dag_csv_to_postgres_dag.py
[2025-11-01T03:53:12.921+0000] {logging_mixin.py:188} INFO - [2025-11-01T03:53:12.921+0000] {dag.py:3036} INFO - Sync 1 DAGs
[2025-11-01T03:53:12.987+0000] {logging_mixin.py:188} INFO - [2025-11-01T03:53:12.986+0000] {dag.py:3823} INFO - Setting next_dagrun for load_csv_to_postgres to None, run_after=None
[2025-11-01T03:53:13.057+0000] {processor.py:183} INFO - Processing /opt/airflow/dags/dag_csv_to_postgres_dag.py took 0.347 seconds
