[2025-11-01T01:34:45.806+0000] {processor.py:161} INFO - Started process (PID=43) to work on /opt/airflow/dags/dbt_local_dag.py
[2025-11-01T01:34:45.818+0000] {processor.py:830} INFO - Processing file /opt/airflow/dags/dbt_local_dag.py for tasks to queue
[2025-11-01T01:34:45.838+0000] {logging_mixin.py:188} INFO - [2025-11-01T01:34:45.837+0000] {dagbag.py:538} INFO - Filling up the DagBag from /opt/airflow/dags/dbt_local_dag.py
[2025-11-01T01:34:45.910+0000] {processor.py:840} INFO - DAG(s) 'dag_dbt_pipeline' retrieved from /opt/airflow/dags/dbt_local_dag.py
[2025-11-01T01:34:46.221+0000] {logging_mixin.py:188} INFO - [2025-11-01T01:34:46.221+0000] {dag.py:3036} INFO - Sync 1 DAGs
[2025-11-01T01:34:46.338+0000] {logging_mixin.py:188} INFO - [2025-11-01T01:34:46.338+0000] {dag.py:3823} INFO - Setting next_dagrun for dag_dbt_pipeline to 2025-11-01 00:00:00+00:00, run_after=2025-11-02 00:00:00+00:00
[2025-11-01T01:34:46.421+0000] {processor.py:183} INFO - Processing /opt/airflow/dags/dbt_local_dag.py took 0.675 seconds
[2025-11-01T01:35:18.268+0000] {processor.py:161} INFO - Started process (PID=55) to work on /opt/airflow/dags/dbt_local_dag.py
[2025-11-01T01:35:18.322+0000] {processor.py:830} INFO - Processing file /opt/airflow/dags/dbt_local_dag.py for tasks to queue
[2025-11-01T01:35:18.373+0000] {logging_mixin.py:188} INFO - [2025-11-01T01:35:18.372+0000] {dagbag.py:538} INFO - Filling up the DagBag from /opt/airflow/dags/dbt_local_dag.py
[2025-11-01T01:35:21.129+0000] {processor.py:840} INFO - DAG(s) 'dag_dbt_pipeline' retrieved from /opt/airflow/dags/dbt_local_dag.py
[2025-11-01T01:35:22.881+0000] {logging_mixin.py:188} INFO - [2025-11-01T01:35:22.880+0000] {dag.py:3036} INFO - Sync 1 DAGs
[2025-11-01T01:35:24.335+0000] {logging_mixin.py:188} INFO - [2025-11-01T01:35:24.334+0000] {dag.py:3823} INFO - Setting next_dagrun for dag_dbt_pipeline to 2025-11-01 00:00:00+00:00, run_after=2025-11-02 00:00:00+00:00
[2025-11-01T01:35:25.326+0000] {processor.py:183} INFO - Processing /opt/airflow/dags/dbt_local_dag.py took 7.397 seconds
[2025-11-01T01:36:12.552+0000] {processor.py:161} INFO - Started process (PID=67) to work on /opt/airflow/dags/dbt_local_dag.py
[2025-11-01T01:36:12.584+0000] {processor.py:830} INFO - Processing file /opt/airflow/dags/dbt_local_dag.py for tasks to queue
[2025-11-01T01:36:12.822+0000] {logging_mixin.py:188} INFO - [2025-11-01T01:36:12.821+0000] {dagbag.py:538} INFO - Filling up the DagBag from /opt/airflow/dags/dbt_local_dag.py
[2025-11-01T01:36:15.264+0000] {processor.py:840} INFO - DAG(s) 'dag_dbt_pipeline' retrieved from /opt/airflow/dags/dbt_local_dag.py
[2025-11-01T01:36:18.847+0000] {logging_mixin.py:188} INFO - [2025-11-01T01:36:18.847+0000] {dag.py:3036} INFO - Sync 1 DAGs
[2025-11-01T01:36:19.869+0000] {logging_mixin.py:188} INFO - [2025-11-01T01:36:19.868+0000] {dag.py:3823} INFO - Setting next_dagrun for dag_dbt_pipeline to 2025-11-01 00:00:00+00:00, run_after=2025-11-02 00:00:00+00:00
[2025-11-01T01:36:20.592+0000] {processor.py:183} INFO - Processing /opt/airflow/dags/dbt_local_dag.py took 9.059 seconds
[2025-11-01T01:36:53.352+0000] {processor.py:161} INFO - Started process (PID=83) to work on /opt/airflow/dags/dbt_local_dag.py
[2025-11-01T01:36:53.383+0000] {processor.py:830} INFO - Processing file /opt/airflow/dags/dbt_local_dag.py for tasks to queue
[2025-11-01T01:36:53.395+0000] {logging_mixin.py:188} INFO - [2025-11-01T01:36:53.394+0000] {dagbag.py:538} INFO - Filling up the DagBag from /opt/airflow/dags/dbt_local_dag.py
[2025-11-01T01:36:55.276+0000] {processor.py:840} INFO - DAG(s) 'dag_dbt_pipeline' retrieved from /opt/airflow/dags/dbt_local_dag.py
[2025-11-01T01:36:58.659+0000] {logging_mixin.py:188} INFO - [2025-11-01T01:36:58.658+0000] {dag.py:3036} INFO - Sync 1 DAGs
[2025-11-01T01:36:59.468+0000] {logging_mixin.py:188} INFO - [2025-11-01T01:36:59.467+0000] {dag.py:3823} INFO - Setting next_dagrun for dag_dbt_pipeline to 2025-11-01 00:00:00+00:00, run_after=2025-11-02 00:00:00+00:00
[2025-11-01T01:36:59.593+0000] {processor.py:183} INFO - Processing /opt/airflow/dags/dbt_local_dag.py took 6.916 seconds
[2025-11-01T01:37:30.666+0000] {processor.py:161} INFO - Started process (PID=95) to work on /opt/airflow/dags/dbt_local_dag.py
[2025-11-01T01:37:30.668+0000] {processor.py:830} INFO - Processing file /opt/airflow/dags/dbt_local_dag.py for tasks to queue
[2025-11-01T01:37:30.677+0000] {logging_mixin.py:188} INFO - [2025-11-01T01:37:30.676+0000] {dagbag.py:538} INFO - Filling up the DagBag from /opt/airflow/dags/dbt_local_dag.py
[2025-11-01T01:37:30.952+0000] {processor.py:840} INFO - DAG(s) 'dag_dbt_pipeline' retrieved from /opt/airflow/dags/dbt_local_dag.py
[2025-11-01T01:37:31.075+0000] {logging_mixin.py:188} INFO - [2025-11-01T01:37:31.074+0000] {dag.py:3036} INFO - Sync 1 DAGs
[2025-11-01T01:37:33.821+0000] {logging_mixin.py:188} INFO - [2025-11-01T01:37:33.821+0000] {dag.py:3823} INFO - Setting next_dagrun for dag_dbt_pipeline to 2025-11-01 00:00:00+00:00, run_after=2025-11-02 00:00:00+00:00
[2025-11-01T01:37:34.593+0000] {processor.py:183} INFO - Processing /opt/airflow/dags/dbt_local_dag.py took 4.075 seconds
[2025-11-01T01:38:05.382+0000] {processor.py:161} INFO - Started process (PID=105) to work on /opt/airflow/dags/dbt_local_dag.py
[2025-11-01T01:38:05.384+0000] {processor.py:830} INFO - Processing file /opt/airflow/dags/dbt_local_dag.py for tasks to queue
[2025-11-01T01:38:05.387+0000] {logging_mixin.py:188} INFO - [2025-11-01T01:38:05.386+0000] {dagbag.py:538} INFO - Filling up the DagBag from /opt/airflow/dags/dbt_local_dag.py
[2025-11-01T01:38:05.486+0000] {processor.py:840} INFO - DAG(s) 'dag_dbt_pipeline' retrieved from /opt/airflow/dags/dbt_local_dag.py
[2025-11-01T01:38:05.786+0000] {logging_mixin.py:188} INFO - [2025-11-01T01:38:05.785+0000] {dag.py:3036} INFO - Sync 1 DAGs
[2025-11-01T01:38:06.100+0000] {logging_mixin.py:188} INFO - [2025-11-01T01:38:06.100+0000] {dag.py:3823} INFO - Setting next_dagrun for dag_dbt_pipeline to 2025-11-01 00:00:00+00:00, run_after=2025-11-02 00:00:00+00:00
[2025-11-01T01:38:06.506+0000] {processor.py:183} INFO - Processing /opt/airflow/dags/dbt_local_dag.py took 1.153 seconds
[2025-11-01T01:38:51.474+0000] {processor.py:161} INFO - Started process (PID=116) to work on /opt/airflow/dags/dbt_local_dag.py
[2025-11-01T01:38:51.487+0000] {processor.py:830} INFO - Processing file /opt/airflow/dags/dbt_local_dag.py for tasks to queue
[2025-11-01T01:38:51.493+0000] {logging_mixin.py:188} INFO - [2025-11-01T01:38:51.493+0000] {dagbag.py:538} INFO - Filling up the DagBag from /opt/airflow/dags/dbt_local_dag.py
[2025-11-01T01:38:51.733+0000] {processor.py:840} INFO - DAG(s) 'dag_dbt_pipeline' retrieved from /opt/airflow/dags/dbt_local_dag.py
[2025-11-01T01:38:52.467+0000] {logging_mixin.py:188} INFO - [2025-11-01T01:38:52.466+0000] {dag.py:3036} INFO - Sync 1 DAGs
[2025-11-01T01:38:52.934+0000] {logging_mixin.py:188} INFO - [2025-11-01T01:38:52.933+0000] {dag.py:3823} INFO - Setting next_dagrun for dag_dbt_pipeline to 2025-11-01 00:00:00+00:00, run_after=2025-11-02 00:00:00+00:00
[2025-11-01T01:38:53.341+0000] {processor.py:183} INFO - Processing /opt/airflow/dags/dbt_local_dag.py took 1.946 seconds
[2025-11-01T01:39:30.999+0000] {processor.py:161} INFO - Started process (PID=126) to work on /opt/airflow/dags/dbt_local_dag.py
[2025-11-01T01:39:31.033+0000] {processor.py:830} INFO - Processing file /opt/airflow/dags/dbt_local_dag.py for tasks to queue
[2025-11-01T01:39:31.056+0000] {logging_mixin.py:188} INFO - [2025-11-01T01:39:31.043+0000] {dagbag.py:538} INFO - Filling up the DagBag from /opt/airflow/dags/dbt_local_dag.py
[2025-11-01T01:39:31.415+0000] {processor.py:840} INFO - DAG(s) 'dag_dbt_pipeline' retrieved from /opt/airflow/dags/dbt_local_dag.py
[2025-11-01T01:39:32.573+0000] {logging_mixin.py:188} INFO - [2025-11-01T01:39:32.572+0000] {dag.py:3036} INFO - Sync 1 DAGs
[2025-11-01T01:39:34.103+0000] {logging_mixin.py:188} INFO - [2025-11-01T01:39:34.074+0000] {dag.py:3823} INFO - Setting next_dagrun for dag_dbt_pipeline to 2025-11-01 00:00:00+00:00, run_after=2025-11-02 00:00:00+00:00
[2025-11-01T01:39:36.056+0000] {processor.py:183} INFO - Processing /opt/airflow/dags/dbt_local_dag.py took 5.081 seconds
[2025-11-01T01:40:07.266+0000] {processor.py:161} INFO - Started process (PID=137) to work on /opt/airflow/dags/dbt_local_dag.py
[2025-11-01T01:40:07.269+0000] {processor.py:830} INFO - Processing file /opt/airflow/dags/dbt_local_dag.py for tasks to queue
[2025-11-01T01:40:07.271+0000] {logging_mixin.py:188} INFO - [2025-11-01T01:40:07.270+0000] {dagbag.py:538} INFO - Filling up the DagBag from /opt/airflow/dags/dbt_local_dag.py
[2025-11-01T01:40:07.484+0000] {processor.py:840} INFO - DAG(s) 'dag_dbt_pipeline' retrieved from /opt/airflow/dags/dbt_local_dag.py
[2025-11-01T01:40:07.658+0000] {logging_mixin.py:188} INFO - [2025-11-01T01:40:07.644+0000] {dag.py:3036} INFO - Sync 1 DAGs
[2025-11-01T01:40:07.975+0000] {logging_mixin.py:188} INFO - [2025-11-01T01:40:07.974+0000] {dag.py:3823} INFO - Setting next_dagrun for dag_dbt_pipeline to 2025-11-01 00:00:00+00:00, run_after=2025-11-02 00:00:00+00:00
[2025-11-01T01:40:08.484+0000] {processor.py:183} INFO - Processing /opt/airflow/dags/dbt_local_dag.py took 1.234 seconds
[2025-11-01T01:40:59.459+0000] {processor.py:161} INFO - Started process (PID=156) to work on /opt/airflow/dags/dbt_local_dag.py
[2025-11-01T01:40:59.502+0000] {processor.py:830} INFO - Processing file /opt/airflow/dags/dbt_local_dag.py for tasks to queue
[2025-11-01T01:40:59.518+0000] {logging_mixin.py:188} INFO - [2025-11-01T01:40:59.517+0000] {dagbag.py:538} INFO - Filling up the DagBag from /opt/airflow/dags/dbt_local_dag.py
[2025-11-01T01:41:00.681+0000] {processor.py:840} INFO - DAG(s) 'dag_dbt_pipeline' retrieved from /opt/airflow/dags/dbt_local_dag.py
[2025-11-01T01:41:01.322+0000] {logging_mixin.py:188} INFO - [2025-11-01T01:41:01.321+0000] {dag.py:3036} INFO - Sync 1 DAGs
[2025-11-01T01:41:01.868+0000] {logging_mixin.py:188} INFO - [2025-11-01T01:41:01.855+0000] {dag.py:3823} INFO - Setting next_dagrun for dag_dbt_pipeline to 2025-11-01 00:00:00+00:00, run_after=2025-11-02 00:00:00+00:00
[2025-11-01T01:41:02.366+0000] {processor.py:183} INFO - Processing /opt/airflow/dags/dbt_local_dag.py took 2.937 seconds
[2025-11-01T01:41:32.734+0000] {processor.py:161} INFO - Started process (PID=166) to work on /opt/airflow/dags/dbt_local_dag.py
[2025-11-01T01:41:32.737+0000] {processor.py:830} INFO - Processing file /opt/airflow/dags/dbt_local_dag.py for tasks to queue
[2025-11-01T01:41:32.739+0000] {logging_mixin.py:188} INFO - [2025-11-01T01:41:32.738+0000] {dagbag.py:538} INFO - Filling up the DagBag from /opt/airflow/dags/dbt_local_dag.py
[2025-11-01T01:41:32.884+0000] {processor.py:840} INFO - DAG(s) 'dag_dbt_pipeline' retrieved from /opt/airflow/dags/dbt_local_dag.py
[2025-11-01T01:41:33.293+0000] {logging_mixin.py:188} INFO - [2025-11-01T01:41:33.280+0000] {dag.py:3036} INFO - Sync 1 DAGs
[2025-11-01T01:41:33.607+0000] {logging_mixin.py:188} INFO - [2025-11-01T01:41:33.606+0000] {dag.py:3823} INFO - Setting next_dagrun for dag_dbt_pipeline to 2025-11-01 00:00:00+00:00, run_after=2025-11-02 00:00:00+00:00
[2025-11-01T01:41:33.882+0000] {processor.py:183} INFO - Processing /opt/airflow/dags/dbt_local_dag.py took 1.168 seconds
[2025-11-01T01:42:05.105+0000] {processor.py:161} INFO - Started process (PID=177) to work on /opt/airflow/dags/dbt_local_dag.py
[2025-11-01T01:42:05.210+0000] {processor.py:830} INFO - Processing file /opt/airflow/dags/dbt_local_dag.py for tasks to queue
[2025-11-01T01:42:05.215+0000] {logging_mixin.py:188} INFO - [2025-11-01T01:42:05.213+0000] {dagbag.py:538} INFO - Filling up the DagBag from /opt/airflow/dags/dbt_local_dag.py
[2025-11-01T01:42:07.546+0000] {processor.py:840} INFO - DAG(s) 'dag_dbt_pipeline' retrieved from /opt/airflow/dags/dbt_local_dag.py
[2025-11-01T01:42:07.984+0000] {logging_mixin.py:188} INFO - [2025-11-01T01:42:07.983+0000] {dag.py:3036} INFO - Sync 1 DAGs
[2025-11-01T01:42:08.107+0000] {logging_mixin.py:188} INFO - [2025-11-01T01:42:08.105+0000] {dag.py:3823} INFO - Setting next_dagrun for dag_dbt_pipeline to 2025-11-01 00:00:00+00:00, run_after=2025-11-02 00:00:00+00:00
[2025-11-01T01:42:08.266+0000] {processor.py:183} INFO - Processing /opt/airflow/dags/dbt_local_dag.py took 3.435 seconds
[2025-11-01T01:42:41.351+0000] {processor.py:161} INFO - Started process (PID=189) to work on /opt/airflow/dags/dbt_local_dag.py
[2025-11-01T01:42:41.502+0000] {processor.py:830} INFO - Processing file /opt/airflow/dags/dbt_local_dag.py for tasks to queue
[2025-11-01T01:42:41.918+0000] {logging_mixin.py:188} INFO - [2025-11-01T01:42:41.910+0000] {dagbag.py:538} INFO - Filling up the DagBag from /opt/airflow/dags/dbt_local_dag.py
[2025-11-01T01:42:48.189+0000] {processor.py:840} INFO - DAG(s) 'dag_dbt_pipeline' retrieved from /opt/airflow/dags/dbt_local_dag.py
[2025-11-01T01:42:48.291+0000] {logging_mixin.py:188} INFO - [2025-11-01T01:42:48.290+0000] {dag.py:3036} INFO - Sync 1 DAGs
[2025-11-01T01:42:48.582+0000] {logging_mixin.py:188} INFO - [2025-11-01T01:42:48.582+0000] {dag.py:3823} INFO - Setting next_dagrun for dag_dbt_pipeline to 2025-11-01 00:00:00+00:00, run_after=2025-11-02 00:00:00+00:00
[2025-11-01T01:42:48.817+0000] {processor.py:183} INFO - Processing /opt/airflow/dags/dbt_local_dag.py took 9.227 seconds
[2025-11-01T01:43:19.970+0000] {processor.py:161} INFO - Started process (PID=202) to work on /opt/airflow/dags/dbt_local_dag.py
[2025-11-01T01:43:19.979+0000] {processor.py:830} INFO - Processing file /opt/airflow/dags/dbt_local_dag.py for tasks to queue
[2025-11-01T01:43:20.294+0000] {logging_mixin.py:188} INFO - [2025-11-01T01:43:19.982+0000] {dagbag.py:538} INFO - Filling up the DagBag from /opt/airflow/dags/dbt_local_dag.py
[2025-11-01T01:43:22.970+0000] {processor.py:840} INFO - DAG(s) 'dag_dbt_pipeline' retrieved from /opt/airflow/dags/dbt_local_dag.py
[2025-11-01T01:43:23.357+0000] {logging_mixin.py:188} INFO - [2025-11-01T01:43:23.357+0000] {dag.py:3036} INFO - Sync 1 DAGs
[2025-11-01T01:43:28.584+0000] {logging_mixin.py:188} INFO - [2025-11-01T01:43:28.583+0000] {dag.py:3823} INFO - Setting next_dagrun for dag_dbt_pipeline to 2025-11-01 00:00:00+00:00, run_after=2025-11-02 00:00:00+00:00
[2025-11-01T01:43:28.814+0000] {processor.py:183} INFO - Processing /opt/airflow/dags/dbt_local_dag.py took 9.187 seconds
[2025-11-01T01:43:59.080+0000] {processor.py:161} INFO - Started process (PID=217) to work on /opt/airflow/dags/dbt_local_dag.py
[2025-11-01T01:43:59.083+0000] {processor.py:830} INFO - Processing file /opt/airflow/dags/dbt_local_dag.py for tasks to queue
[2025-11-01T01:43:59.086+0000] {logging_mixin.py:188} INFO - [2025-11-01T01:43:59.085+0000] {dagbag.py:538} INFO - Filling up the DagBag from /opt/airflow/dags/dbt_local_dag.py
[2025-11-01T01:43:59.175+0000] {processor.py:840} INFO - DAG(s) 'dag_dbt_pipeline' retrieved from /opt/airflow/dags/dbt_local_dag.py
[2025-11-01T01:43:59.235+0000] {logging_mixin.py:188} INFO - [2025-11-01T01:43:59.234+0000] {dag.py:3036} INFO - Sync 1 DAGs
[2025-11-01T01:43:59.353+0000] {logging_mixin.py:188} INFO - [2025-11-01T01:43:59.350+0000] {dag.py:3823} INFO - Setting next_dagrun for dag_dbt_pipeline to 2025-11-01 00:00:00+00:00, run_after=2025-11-02 00:00:00+00:00
[2025-11-01T01:43:59.408+0000] {processor.py:183} INFO - Processing /opt/airflow/dags/dbt_local_dag.py took 0.337 seconds
[2025-11-01T01:44:29.656+0000] {processor.py:161} INFO - Started process (PID=228) to work on /opt/airflow/dags/dbt_local_dag.py
[2025-11-01T01:44:29.658+0000] {processor.py:830} INFO - Processing file /opt/airflow/dags/dbt_local_dag.py for tasks to queue
[2025-11-01T01:44:29.664+0000] {logging_mixin.py:188} INFO - [2025-11-01T01:44:29.663+0000] {dagbag.py:538} INFO - Filling up the DagBag from /opt/airflow/dags/dbt_local_dag.py
[2025-11-01T01:44:29.737+0000] {processor.py:840} INFO - DAG(s) 'dag_dbt_pipeline' retrieved from /opt/airflow/dags/dbt_local_dag.py
[2025-11-01T01:44:29.931+0000] {logging_mixin.py:188} INFO - [2025-11-01T01:44:29.930+0000] {dag.py:3036} INFO - Sync 1 DAGs
[2025-11-01T01:44:29.989+0000] {logging_mixin.py:188} INFO - [2025-11-01T01:44:29.988+0000] {dag.py:3823} INFO - Setting next_dagrun for dag_dbt_pipeline to 2025-11-01 00:00:00+00:00, run_after=2025-11-02 00:00:00+00:00
[2025-11-01T01:44:30.072+0000] {processor.py:183} INFO - Processing /opt/airflow/dags/dbt_local_dag.py took 0.437 seconds
[2025-11-01T01:45:00.639+0000] {processor.py:161} INFO - Started process (PID=239) to work on /opt/airflow/dags/dbt_local_dag.py
[2025-11-01T01:45:00.642+0000] {processor.py:830} INFO - Processing file /opt/airflow/dags/dbt_local_dag.py for tasks to queue
[2025-11-01T01:45:00.644+0000] {logging_mixin.py:188} INFO - [2025-11-01T01:45:00.644+0000] {dagbag.py:538} INFO - Filling up the DagBag from /opt/airflow/dags/dbt_local_dag.py
[2025-11-01T01:45:00.692+0000] {processor.py:840} INFO - DAG(s) 'dag_dbt_pipeline' retrieved from /opt/airflow/dags/dbt_local_dag.py
[2025-11-01T01:45:00.818+0000] {logging_mixin.py:188} INFO - [2025-11-01T01:45:00.818+0000] {dag.py:3036} INFO - Sync 1 DAGs
[2025-11-01T01:45:00.876+0000] {logging_mixin.py:188} INFO - [2025-11-01T01:45:00.876+0000] {dag.py:3823} INFO - Setting next_dagrun for dag_dbt_pipeline to 2025-11-01 00:00:00+00:00, run_after=2025-11-02 00:00:00+00:00
[2025-11-01T01:45:00.961+0000] {processor.py:183} INFO - Processing /opt/airflow/dags/dbt_local_dag.py took 0.328 seconds
[2025-11-01T01:45:58.539+0000] {processor.py:161} INFO - Started process (PID=257) to work on /opt/airflow/dags/dbt_local_dag.py
[2025-11-01T01:45:58.563+0000] {processor.py:830} INFO - Processing file /opt/airflow/dags/dbt_local_dag.py for tasks to queue
[2025-11-01T01:45:58.575+0000] {logging_mixin.py:188} INFO - [2025-11-01T01:45:58.574+0000] {dagbag.py:538} INFO - Filling up the DagBag from /opt/airflow/dags/dbt_local_dag.py
[2025-11-01T01:45:58.805+0000] {processor.py:840} INFO - DAG(s) 'dag_dbt_pipeline' retrieved from /opt/airflow/dags/dbt_local_dag.py
[2025-11-01T01:45:59.161+0000] {logging_mixin.py:188} INFO - [2025-11-01T01:45:59.160+0000] {dag.py:3036} INFO - Sync 1 DAGs
[2025-11-01T01:45:59.316+0000] {logging_mixin.py:188} INFO - [2025-11-01T01:45:59.315+0000] {dag.py:3823} INFO - Setting next_dagrun for dag_dbt_pipeline to 2025-11-01 00:00:00+00:00, run_after=2025-11-02 00:00:00+00:00
[2025-11-01T01:45:59.567+0000] {processor.py:183} INFO - Processing /opt/airflow/dags/dbt_local_dag.py took 1.121 seconds
[2025-11-01T01:46:35.230+0000] {processor.py:161} INFO - Started process (PID=270) to work on /opt/airflow/dags/dbt_local_dag.py
[2025-11-01T01:46:35.274+0000] {processor.py:830} INFO - Processing file /opt/airflow/dags/dbt_local_dag.py for tasks to queue
[2025-11-01T01:46:35.294+0000] {logging_mixin.py:188} INFO - [2025-11-01T01:46:35.293+0000] {dagbag.py:538} INFO - Filling up the DagBag from /opt/airflow/dags/dbt_local_dag.py
[2025-11-01T01:46:36.651+0000] {processor.py:840} INFO - DAG(s) 'dag_dbt_pipeline' retrieved from /opt/airflow/dags/dbt_local_dag.py
[2025-11-01T01:46:36.899+0000] {logging_mixin.py:188} INFO - [2025-11-01T01:46:36.898+0000] {dag.py:3036} INFO - Sync 1 DAGs
[2025-11-01T01:46:37.125+0000] {logging_mixin.py:188} INFO - [2025-11-01T01:46:37.124+0000] {dag.py:3823} INFO - Setting next_dagrun for dag_dbt_pipeline to 2025-11-01 00:00:00+00:00, run_after=2025-11-02 00:00:00+00:00
[2025-11-01T01:46:37.476+0000] {processor.py:183} INFO - Processing /opt/airflow/dags/dbt_local_dag.py took 2.260 seconds
[2025-11-01T01:47:24.811+0000] {processor.py:161} INFO - Started process (PID=274) to work on /opt/airflow/dags/dbt_local_dag.py
[2025-11-01T01:47:25.257+0000] {processor.py:830} INFO - Processing file /opt/airflow/dags/dbt_local_dag.py for tasks to queue
[2025-11-01T01:47:26.710+0000] {logging_mixin.py:188} INFO - [2025-11-01T01:47:26.709+0000] {dagbag.py:538} INFO - Filling up the DagBag from /opt/airflow/dags/dbt_local_dag.py
[2025-11-01T01:47:28.008+0000] {processor.py:840} INFO - DAG(s) 'dag_dbt_pipeline' retrieved from /opt/airflow/dags/dbt_local_dag.py
[2025-11-01T01:47:30.969+0000] {logging_mixin.py:188} INFO - [2025-11-01T01:47:30.967+0000] {dag.py:3036} INFO - Sync 1 DAGs
[2025-11-01T01:54:50.153+0000] {processor.py:161} INFO - Started process (PID=42) to work on /opt/airflow/dags/dbt_local_dag.py
[2025-11-01T01:54:50.167+0000] {processor.py:830} INFO - Processing file /opt/airflow/dags/dbt_local_dag.py for tasks to queue
[2025-11-01T01:54:50.216+0000] {logging_mixin.py:188} INFO - [2025-11-01T01:54:50.215+0000] {dagbag.py:538} INFO - Filling up the DagBag from /opt/airflow/dags/dbt_local_dag.py
[2025-11-01T01:54:50.829+0000] {processor.py:840} INFO - DAG(s) 'dag_dbt_pipeline' retrieved from /opt/airflow/dags/dbt_local_dag.py
[2025-11-01T01:54:58.659+0000] {logging_mixin.py:188} INFO - [2025-11-01T01:54:58.636+0000] {dag.py:3036} INFO - Sync 1 DAGs
[2025-11-01T01:54:59.348+0000] {logging_mixin.py:188} INFO - [2025-11-01T01:54:59.338+0000] {dag.py:3823} INFO - Setting next_dagrun for dag_dbt_pipeline to 2025-11-01 00:00:00+00:00, run_after=2025-11-02 00:00:00+00:00
[2025-11-01T01:54:59.574+0000] {processor.py:183} INFO - Processing /opt/airflow/dags/dbt_local_dag.py took 9.584 seconds
[2025-11-01T01:55:32.030+0000] {processor.py:161} INFO - Started process (PID=54) to work on /opt/airflow/dags/dbt_local_dag.py
[2025-11-01T01:55:32.611+0000] {processor.py:830} INFO - Processing file /opt/airflow/dags/dbt_local_dag.py for tasks to queue
[2025-11-01T01:55:32.847+0000] {logging_mixin.py:188} INFO - [2025-11-01T01:55:32.798+0000] {dagbag.py:538} INFO - Filling up the DagBag from /opt/airflow/dags/dbt_local_dag.py
[2025-11-01T01:55:35.996+0000] {processor.py:840} INFO - DAG(s) 'dag_dbt_pipeline' retrieved from /opt/airflow/dags/dbt_local_dag.py
[2025-11-01T01:55:40.079+0000] {logging_mixin.py:188} INFO - [2025-11-01T01:55:40.078+0000] {dag.py:3036} INFO - Sync 1 DAGs
[2025-11-01T01:55:41.642+0000] {logging_mixin.py:188} INFO - [2025-11-01T01:55:41.641+0000] {dag.py:3823} INFO - Setting next_dagrun for dag_dbt_pipeline to 2025-11-01 00:00:00+00:00, run_after=2025-11-02 00:00:00+00:00
[2025-11-01T01:55:44.436+0000] {processor.py:183} INFO - Processing /opt/airflow/dags/dbt_local_dag.py took 13.465 seconds
[2025-11-01T01:56:15.387+0000] {processor.py:161} INFO - Started process (PID=72) to work on /opt/airflow/dags/dbt_local_dag.py
[2025-11-01T01:56:15.406+0000] {processor.py:830} INFO - Processing file /opt/airflow/dags/dbt_local_dag.py for tasks to queue
[2025-11-01T01:56:15.417+0000] {logging_mixin.py:188} INFO - [2025-11-01T01:56:15.416+0000] {dagbag.py:538} INFO - Filling up the DagBag from /opt/airflow/dags/dbt_local_dag.py
[2025-11-01T01:56:15.499+0000] {processor.py:840} INFO - DAG(s) 'dag_dbt_pipeline' retrieved from /opt/airflow/dags/dbt_local_dag.py
[2025-11-01T01:56:15.763+0000] {logging_mixin.py:188} INFO - [2025-11-01T01:56:15.762+0000] {dag.py:3036} INFO - Sync 1 DAGs
[2025-11-01T01:56:16.098+0000] {logging_mixin.py:188} INFO - [2025-11-01T01:56:16.098+0000] {dag.py:3823} INFO - Setting next_dagrun for dag_dbt_pipeline to 2025-11-01 00:00:00+00:00, run_after=2025-11-02 00:00:00+00:00
[2025-11-01T01:56:16.219+0000] {processor.py:183} INFO - Processing /opt/airflow/dags/dbt_local_dag.py took 0.847 seconds
[2025-11-01T01:56:47.161+0000] {processor.py:161} INFO - Started process (PID=78) to work on /opt/airflow/dags/dbt_local_dag.py
[2025-11-01T01:56:47.166+0000] {processor.py:830} INFO - Processing file /opt/airflow/dags/dbt_local_dag.py for tasks to queue
[2025-11-01T01:56:47.184+0000] {logging_mixin.py:188} INFO - [2025-11-01T01:56:47.183+0000] {dagbag.py:538} INFO - Filling up the DagBag from /opt/airflow/dags/dbt_local_dag.py
[2025-11-01T01:56:47.595+0000] {processor.py:840} INFO - DAG(s) 'dag_dbt_pipeline' retrieved from /opt/airflow/dags/dbt_local_dag.py
[2025-11-01T01:56:47.809+0000] {logging_mixin.py:188} INFO - [2025-11-01T01:56:47.809+0000] {dag.py:3036} INFO - Sync 1 DAGs
[2025-11-01T01:56:48.086+0000] {logging_mixin.py:188} INFO - [2025-11-01T01:56:48.076+0000] {dag.py:3823} INFO - Setting next_dagrun for dag_dbt_pipeline to 2025-11-01 00:00:00+00:00, run_after=2025-11-02 00:00:00+00:00
[2025-11-01T01:56:48.306+0000] {processor.py:183} INFO - Processing /opt/airflow/dags/dbt_local_dag.py took 1.190 seconds
[2025-11-01T01:57:21.773+0000] {processor.py:161} INFO - Started process (PID=88) to work on /opt/airflow/dags/dbt_local_dag.py
[2025-11-01T01:57:21.785+0000] {processor.py:830} INFO - Processing file /opt/airflow/dags/dbt_local_dag.py for tasks to queue
[2025-11-01T01:57:21.801+0000] {logging_mixin.py:188} INFO - [2025-11-01T01:57:21.801+0000] {dagbag.py:538} INFO - Filling up the DagBag from /opt/airflow/dags/dbt_local_dag.py
[2025-11-01T01:57:22.295+0000] {processor.py:840} INFO - DAG(s) 'dag_dbt_pipeline' retrieved from /opt/airflow/dags/dbt_local_dag.py
[2025-11-01T01:57:22.608+0000] {logging_mixin.py:188} INFO - [2025-11-01T01:57:22.607+0000] {dag.py:3036} INFO - Sync 1 DAGs
[2025-11-01T01:57:22.703+0000] {logging_mixin.py:188} INFO - [2025-11-01T01:57:22.703+0000] {dag.py:3823} INFO - Setting next_dagrun for dag_dbt_pipeline to 2025-11-01 00:00:00+00:00, run_after=2025-11-02 00:00:00+00:00
[2025-11-01T01:57:22.772+0000] {processor.py:183} INFO - Processing /opt/airflow/dags/dbt_local_dag.py took 1.774 seconds
[2025-11-01T01:57:53.696+0000] {processor.py:161} INFO - Started process (PID=100) to work on /opt/airflow/dags/dbt_local_dag.py
[2025-11-01T01:57:53.708+0000] {processor.py:830} INFO - Processing file /opt/airflow/dags/dbt_local_dag.py for tasks to queue
[2025-11-01T01:57:53.729+0000] {logging_mixin.py:188} INFO - [2025-11-01T01:57:53.714+0000] {dagbag.py:538} INFO - Filling up the DagBag from /opt/airflow/dags/dbt_local_dag.py
[2025-11-01T01:57:54.131+0000] {processor.py:840} INFO - DAG(s) 'dag_dbt_pipeline' retrieved from /opt/airflow/dags/dbt_local_dag.py
[2025-11-01T01:57:54.658+0000] {logging_mixin.py:188} INFO - [2025-11-01T01:57:54.657+0000] {dag.py:3036} INFO - Sync 1 DAGs
[2025-11-01T01:57:55.609+0000] {logging_mixin.py:188} INFO - [2025-11-01T01:57:55.609+0000] {dag.py:3823} INFO - Setting next_dagrun for dag_dbt_pipeline to 2025-11-01 00:00:00+00:00, run_after=2025-11-02 00:00:00+00:00
[2025-11-01T01:57:56.509+0000] {processor.py:183} INFO - Processing /opt/airflow/dags/dbt_local_dag.py took 2.849 seconds
[2025-11-01T01:58:55.263+0000] {processor.py:161} INFO - Started process (PID=119) to work on /opt/airflow/dags/dbt_local_dag.py
[2025-11-01T01:58:55.275+0000] {processor.py:830} INFO - Processing file /opt/airflow/dags/dbt_local_dag.py for tasks to queue
[2025-11-01T01:58:55.280+0000] {logging_mixin.py:188} INFO - [2025-11-01T01:58:55.280+0000] {dagbag.py:538} INFO - Filling up the DagBag from /opt/airflow/dags/dbt_local_dag.py
[2025-11-01T01:58:57.177+0000] {processor.py:840} INFO - DAG(s) 'dag_dbt_pipeline' retrieved from /opt/airflow/dags/dbt_local_dag.py
[2025-11-01T01:58:58.699+0000] {logging_mixin.py:188} INFO - [2025-11-01T01:58:58.698+0000] {dag.py:3036} INFO - Sync 1 DAGs
[2025-11-01T01:58:58.789+0000] {logging_mixin.py:188} INFO - [2025-11-01T01:58:58.789+0000] {dag.py:3823} INFO - Setting next_dagrun for dag_dbt_pipeline to 2025-11-01 00:00:00+00:00, run_after=2025-11-02 00:00:00+00:00
[2025-11-01T01:58:59.653+0000] {processor.py:183} INFO - Processing /opt/airflow/dags/dbt_local_dag.py took 4.509 seconds
[2025-11-01T01:59:31.104+0000] {processor.py:161} INFO - Started process (PID=131) to work on /opt/airflow/dags/dbt_local_dag.py
[2025-11-01T01:59:31.432+0000] {processor.py:830} INFO - Processing file /opt/airflow/dags/dbt_local_dag.py for tasks to queue
[2025-11-01T01:59:31.527+0000] {logging_mixin.py:188} INFO - [2025-11-01T01:59:31.445+0000] {dagbag.py:538} INFO - Filling up the DagBag from /opt/airflow/dags/dbt_local_dag.py
[2025-11-01T01:59:34.063+0000] {processor.py:840} INFO - DAG(s) 'dag_dbt_pipeline' retrieved from /opt/airflow/dags/dbt_local_dag.py
[2025-11-01T01:59:34.586+0000] {logging_mixin.py:188} INFO - [2025-11-01T01:59:34.585+0000] {dag.py:3036} INFO - Sync 1 DAGs
[2025-11-01T01:59:34.931+0000] {logging_mixin.py:188} INFO - [2025-11-01T01:59:34.930+0000] {dag.py:3823} INFO - Setting next_dagrun for dag_dbt_pipeline to 2025-11-01 00:00:00+00:00, run_after=2025-11-02 00:00:00+00:00
[2025-11-01T01:59:35.498+0000] {processor.py:183} INFO - Processing /opt/airflow/dags/dbt_local_dag.py took 4.567 seconds
[2025-11-01T02:00:08.255+0000] {processor.py:161} INFO - Started process (PID=141) to work on /opt/airflow/dags/dbt_local_dag.py
[2025-11-01T02:00:08.287+0000] {processor.py:830} INFO - Processing file /opt/airflow/dags/dbt_local_dag.py for tasks to queue
[2025-11-01T02:00:08.308+0000] {logging_mixin.py:188} INFO - [2025-11-01T02:00:08.307+0000] {dagbag.py:538} INFO - Filling up the DagBag from /opt/airflow/dags/dbt_local_dag.py
[2025-11-01T02:00:09.571+0000] {processor.py:840} INFO - DAG(s) 'dag_dbt_pipeline' retrieved from /opt/airflow/dags/dbt_local_dag.py
[2025-11-01T02:00:08.249+0000] {logging_mixin.py:188} INFO - [2025-11-01T02:00:08.249+0000] {dag.py:3036} INFO - Sync 1 DAGs
[2025-11-01T02:00:13.571+0000] {logging_mixin.py:188} INFO - [2025-11-01T02:00:13.570+0000] {dag.py:3823} INFO - Setting next_dagrun for dag_dbt_pipeline to 2025-11-01 00:00:00+00:00, run_after=2025-11-02 00:00:00+00:00
[2025-11-01T02:00:14.056+0000] {processor.py:183} INFO - Processing /opt/airflow/dags/dbt_local_dag.py took 3.086 seconds
[2025-11-01T02:00:46.317+0000] {processor.py:161} INFO - Started process (PID=153) to work on /opt/airflow/dags/dbt_local_dag.py
[2025-11-01T02:00:46.321+0000] {processor.py:830} INFO - Processing file /opt/airflow/dags/dbt_local_dag.py for tasks to queue
[2025-11-01T02:00:46.324+0000] {logging_mixin.py:188} INFO - [2025-11-01T02:00:46.323+0000] {dagbag.py:538} INFO - Filling up the DagBag from /opt/airflow/dags/dbt_local_dag.py
[2025-11-01T02:00:46.384+0000] {processor.py:840} INFO - DAG(s) 'dag_dbt_pipeline' retrieved from /opt/airflow/dags/dbt_local_dag.py
[2025-11-01T02:00:46.450+0000] {logging_mixin.py:188} INFO - [2025-11-01T02:00:46.450+0000] {dag.py:3036} INFO - Sync 1 DAGs
[2025-11-01T02:00:46.551+0000] {logging_mixin.py:188} INFO - [2025-11-01T02:00:46.550+0000] {dag.py:3823} INFO - Setting next_dagrun for dag_dbt_pipeline to 2025-11-01 00:00:00+00:00, run_after=2025-11-02 00:00:00+00:00
[2025-11-01T02:00:46.601+0000] {processor.py:183} INFO - Processing /opt/airflow/dags/dbt_local_dag.py took 0.308 seconds
[2025-11-01T02:01:19.133+0000] {processor.py:161} INFO - Started process (PID=165) to work on /opt/airflow/dags/dbt_local_dag.py
[2025-11-01T02:01:19.144+0000] {processor.py:830} INFO - Processing file /opt/airflow/dags/dbt_local_dag.py for tasks to queue
[2025-11-01T02:01:19.149+0000] {logging_mixin.py:188} INFO - [2025-11-01T02:01:19.148+0000] {dagbag.py:538} INFO - Filling up the DagBag from /opt/airflow/dags/dbt_local_dag.py
[2025-11-01T02:01:19.299+0000] {processor.py:840} INFO - DAG(s) 'dag_dbt_pipeline' retrieved from /opt/airflow/dags/dbt_local_dag.py
[2025-11-01T02:01:19.561+0000] {logging_mixin.py:188} INFO - [2025-11-01T02:01:19.561+0000] {dag.py:3036} INFO - Sync 1 DAGs
[2025-11-01T02:01:19.769+0000] {logging_mixin.py:188} INFO - [2025-11-01T02:01:19.763+0000] {dag.py:3823} INFO - Setting next_dagrun for dag_dbt_pipeline to 2025-11-01 00:00:00+00:00, run_after=2025-11-02 00:00:00+00:00
[2025-11-01T02:01:19.931+0000] {processor.py:183} INFO - Processing /opt/airflow/dags/dbt_local_dag.py took 0.869 seconds
[2025-11-01T02:01:54.497+0000] {processor.py:161} INFO - Started process (PID=177) to work on /opt/airflow/dags/dbt_local_dag.py
[2025-11-01T02:01:54.707+0000] {processor.py:830} INFO - Processing file /opt/airflow/dags/dbt_local_dag.py for tasks to queue
[2025-11-01T02:01:54.769+0000] {logging_mixin.py:188} INFO - [2025-11-01T02:01:54.765+0000] {dagbag.py:538} INFO - Filling up the DagBag from /opt/airflow/dags/dbt_local_dag.py
[2025-11-01T02:01:57.932+0000] {processor.py:840} INFO - DAG(s) 'dag_dbt_pipeline' retrieved from /opt/airflow/dags/dbt_local_dag.py
[2025-11-01T02:01:58.261+0000] {logging_mixin.py:188} INFO - [2025-11-01T02:01:58.260+0000] {dag.py:3036} INFO - Sync 1 DAGs
[2025-11-01T02:01:58.505+0000] {logging_mixin.py:188} INFO - [2025-11-01T02:01:58.504+0000] {dag.py:3823} INFO - Setting next_dagrun for dag_dbt_pipeline to 2025-11-01 00:00:00+00:00, run_after=2025-11-02 00:00:00+00:00
[2025-11-01T02:01:58.725+0000] {processor.py:183} INFO - Processing /opt/airflow/dags/dbt_local_dag.py took 6.335 seconds
[2025-11-01T02:02:31.610+0000] {processor.py:161} INFO - Started process (PID=189) to work on /opt/airflow/dags/dbt_local_dag.py
[2025-11-01T02:02:31.782+0000] {processor.py:830} INFO - Processing file /opt/airflow/dags/dbt_local_dag.py for tasks to queue
[2025-11-01T02:02:32.090+0000] {logging_mixin.py:188} INFO - [2025-11-01T02:02:31.903+0000] {dagbag.py:538} INFO - Filling up the DagBag from /opt/airflow/dags/dbt_local_dag.py
[2025-11-01T02:02:33.923+0000] {processor.py:840} INFO - DAG(s) 'dag_dbt_pipeline' retrieved from /opt/airflow/dags/dbt_local_dag.py
[2025-11-01T02:02:36.615+0000] {logging_mixin.py:188} INFO - [2025-11-01T02:02:36.614+0000] {dag.py:3036} INFO - Sync 1 DAGs
[2025-11-01T02:02:37.940+0000] {logging_mixin.py:188} INFO - [2025-11-01T02:02:37.921+0000] {dag.py:3823} INFO - Setting next_dagrun for dag_dbt_pipeline to 2025-11-01 00:00:00+00:00, run_after=2025-11-02 00:00:00+00:00
[2025-11-01T02:02:41.599+0000] {processor.py:183} INFO - Processing /opt/airflow/dags/dbt_local_dag.py took 10.947 seconds
[2025-11-01T02:03:11.793+0000] {processor.py:161} INFO - Started process (PID=200) to work on /opt/airflow/dags/dbt_local_dag.py
[2025-11-01T02:03:11.815+0000] {processor.py:830} INFO - Processing file /opt/airflow/dags/dbt_local_dag.py for tasks to queue
[2025-11-01T02:03:11.819+0000] {logging_mixin.py:188} INFO - [2025-11-01T02:03:11.818+0000] {dagbag.py:538} INFO - Filling up the DagBag from /opt/airflow/dags/dbt_local_dag.py
[2025-11-01T02:03:11.924+0000] {processor.py:840} INFO - DAG(s) 'dag_dbt_pipeline' retrieved from /opt/airflow/dags/dbt_local_dag.py
[2025-11-01T02:03:12.579+0000] {logging_mixin.py:188} INFO - [2025-11-01T02:03:12.579+0000] {dag.py:3036} INFO - Sync 1 DAGs
[2025-11-01T02:03:12.726+0000] {logging_mixin.py:188} INFO - [2025-11-01T02:03:12.726+0000] {dag.py:3823} INFO - Setting next_dagrun for dag_dbt_pipeline to 2025-11-01 00:00:00+00:00, run_after=2025-11-02 00:00:00+00:00
[2025-11-01T02:03:12.831+0000] {processor.py:183} INFO - Processing /opt/airflow/dags/dbt_local_dag.py took 1.048 seconds
[2025-11-01T02:03:43.579+0000] {processor.py:161} INFO - Started process (PID=212) to work on /opt/airflow/dags/dbt_local_dag.py
[2025-11-01T02:03:43.582+0000] {processor.py:830} INFO - Processing file /opt/airflow/dags/dbt_local_dag.py for tasks to queue
[2025-11-01T02:03:43.584+0000] {logging_mixin.py:188} INFO - [2025-11-01T02:03:43.583+0000] {dagbag.py:538} INFO - Filling up the DagBag from /opt/airflow/dags/dbt_local_dag.py
[2025-11-01T02:03:43.684+0000] {processor.py:840} INFO - DAG(s) 'dag_dbt_pipeline' retrieved from /opt/airflow/dags/dbt_local_dag.py
[2025-11-01T02:03:43.765+0000] {logging_mixin.py:188} INFO - [2025-11-01T02:03:43.764+0000] {dag.py:3036} INFO - Sync 1 DAGs
[2025-11-01T02:03:43.830+0000] {logging_mixin.py:188} INFO - [2025-11-01T02:03:43.830+0000] {dag.py:3823} INFO - Setting next_dagrun for dag_dbt_pipeline to 2025-11-01 00:00:00+00:00, run_after=2025-11-02 00:00:00+00:00
[2025-11-01T02:03:43.959+0000] {processor.py:183} INFO - Processing /opt/airflow/dags/dbt_local_dag.py took 0.386 seconds
[2025-11-01T02:04:14.269+0000] {processor.py:161} INFO - Started process (PID=223) to work on /opt/airflow/dags/dbt_local_dag.py
[2025-11-01T02:04:14.312+0000] {processor.py:830} INFO - Processing file /opt/airflow/dags/dbt_local_dag.py for tasks to queue
[2025-11-01T02:04:14.324+0000] {logging_mixin.py:188} INFO - [2025-11-01T02:04:14.323+0000] {dagbag.py:538} INFO - Filling up the DagBag from /opt/airflow/dags/dbt_local_dag.py
[2025-11-01T02:04:14.384+0000] {processor.py:840} INFO - DAG(s) 'dag_dbt_pipeline' retrieved from /opt/airflow/dags/dbt_local_dag.py
[2025-11-01T02:04:14.457+0000] {logging_mixin.py:188} INFO - [2025-11-01T02:04:14.456+0000] {dag.py:3036} INFO - Sync 1 DAGs
[2025-11-01T02:04:14.503+0000] {logging_mixin.py:188} INFO - [2025-11-01T02:04:14.502+0000] {dag.py:3823} INFO - Setting next_dagrun for dag_dbt_pipeline to 2025-11-01 00:00:00+00:00, run_after=2025-11-02 00:00:00+00:00
[2025-11-01T02:04:14.575+0000] {processor.py:183} INFO - Processing /opt/airflow/dags/dbt_local_dag.py took 0.314 seconds
[2025-11-01T02:04:45.161+0000] {processor.py:161} INFO - Started process (PID=234) to work on /opt/airflow/dags/dbt_local_dag.py
[2025-11-01T02:04:45.194+0000] {processor.py:830} INFO - Processing file /opt/airflow/dags/dbt_local_dag.py for tasks to queue
[2025-11-01T02:04:45.196+0000] {logging_mixin.py:188} INFO - [2025-11-01T02:04:45.195+0000] {dagbag.py:538} INFO - Filling up the DagBag from /opt/airflow/dags/dbt_local_dag.py
[2025-11-01T02:04:45.317+0000] {processor.py:840} INFO - DAG(s) 'dag_dbt_pipeline' retrieved from /opt/airflow/dags/dbt_local_dag.py
[2025-11-01T02:04:45.419+0000] {logging_mixin.py:188} INFO - [2025-11-01T02:04:45.418+0000] {dag.py:3036} INFO - Sync 1 DAGs
[2025-11-01T02:04:45.494+0000] {logging_mixin.py:188} INFO - [2025-11-01T02:04:45.494+0000] {dag.py:3823} INFO - Setting next_dagrun for dag_dbt_pipeline to 2025-11-01 00:00:00+00:00, run_after=2025-11-02 00:00:00+00:00
[2025-11-01T02:04:45.777+0000] {processor.py:183} INFO - Processing /opt/airflow/dags/dbt_local_dag.py took 0.622 seconds
[2025-11-01T02:05:15.854+0000] {processor.py:161} INFO - Started process (PID=245) to work on /opt/airflow/dags/dbt_local_dag.py
[2025-11-01T02:05:15.856+0000] {processor.py:830} INFO - Processing file /opt/airflow/dags/dbt_local_dag.py for tasks to queue
[2025-11-01T02:05:15.858+0000] {logging_mixin.py:188} INFO - [2025-11-01T02:05:15.858+0000] {dagbag.py:538} INFO - Filling up the DagBag from /opt/airflow/dags/dbt_local_dag.py
[2025-11-01T02:05:15.897+0000] {processor.py:840} INFO - DAG(s) 'dag_dbt_pipeline' retrieved from /opt/airflow/dags/dbt_local_dag.py
[2025-11-01T02:05:15.952+0000] {logging_mixin.py:188} INFO - [2025-11-01T02:05:15.951+0000] {dag.py:3036} INFO - Sync 1 DAGs
[2025-11-01T02:05:16.007+0000] {logging_mixin.py:188} INFO - [2025-11-01T02:05:16.007+0000] {dag.py:3823} INFO - Setting next_dagrun for dag_dbt_pipeline to 2025-11-01 00:00:00+00:00, run_after=2025-11-02 00:00:00+00:00
[2025-11-01T02:05:16.061+0000] {processor.py:183} INFO - Processing /opt/airflow/dags/dbt_local_dag.py took 0.216 seconds
[2025-11-01T02:05:46.763+0000] {processor.py:161} INFO - Started process (PID=257) to work on /opt/airflow/dags/dbt_local_dag.py
[2025-11-01T02:05:46.765+0000] {processor.py:830} INFO - Processing file /opt/airflow/dags/dbt_local_dag.py for tasks to queue
[2025-11-01T02:05:46.768+0000] {logging_mixin.py:188} INFO - [2025-11-01T02:05:46.767+0000] {dagbag.py:538} INFO - Filling up the DagBag from /opt/airflow/dags/dbt_local_dag.py
[2025-11-01T02:05:46.808+0000] {processor.py:840} INFO - DAG(s) 'dag_dbt_pipeline' retrieved from /opt/airflow/dags/dbt_local_dag.py
[2025-11-01T02:05:47.461+0000] {logging_mixin.py:188} INFO - [2025-11-01T02:05:47.461+0000] {dag.py:3036} INFO - Sync 1 DAGs
[2025-11-01T02:05:47.516+0000] {logging_mixin.py:188} INFO - [2025-11-01T02:05:47.515+0000] {dag.py:3823} INFO - Setting next_dagrun for dag_dbt_pipeline to 2025-11-01 00:00:00+00:00, run_after=2025-11-02 00:00:00+00:00
[2025-11-01T02:05:47.863+0000] {processor.py:183} INFO - Processing /opt/airflow/dags/dbt_local_dag.py took 1.107 seconds
[2025-11-01T02:06:18.504+0000] {processor.py:161} INFO - Started process (PID=269) to work on /opt/airflow/dags/dbt_local_dag.py
[2025-11-01T02:06:18.506+0000] {processor.py:830} INFO - Processing file /opt/airflow/dags/dbt_local_dag.py for tasks to queue
[2025-11-01T02:06:18.509+0000] {logging_mixin.py:188} INFO - [2025-11-01T02:06:18.508+0000] {dagbag.py:538} INFO - Filling up the DagBag from /opt/airflow/dags/dbt_local_dag.py
[2025-11-01T02:06:18.609+0000] {processor.py:840} INFO - DAG(s) 'dag_dbt_pipeline' retrieved from /opt/airflow/dags/dbt_local_dag.py
[2025-11-01T02:06:18.687+0000] {logging_mixin.py:188} INFO - [2025-11-01T02:06:18.686+0000] {dag.py:3036} INFO - Sync 1 DAGs
[2025-11-01T02:06:18.772+0000] {logging_mixin.py:188} INFO - [2025-11-01T02:06:18.772+0000] {dag.py:3823} INFO - Setting next_dagrun for dag_dbt_pipeline to 2025-11-01 00:00:00+00:00, run_after=2025-11-02 00:00:00+00:00
[2025-11-01T02:06:18.842+0000] {processor.py:183} INFO - Processing /opt/airflow/dags/dbt_local_dag.py took 0.346 seconds
[2025-11-01T02:06:49.313+0000] {processor.py:161} INFO - Started process (PID=281) to work on /opt/airflow/dags/dbt_local_dag.py
[2025-11-01T02:06:49.321+0000] {processor.py:830} INFO - Processing file /opt/airflow/dags/dbt_local_dag.py for tasks to queue
[2025-11-01T02:06:49.326+0000] {logging_mixin.py:188} INFO - [2025-11-01T02:06:49.325+0000] {dagbag.py:538} INFO - Filling up the DagBag from /opt/airflow/dags/dbt_local_dag.py
[2025-11-01T02:06:49.418+0000] {processor.py:840} INFO - DAG(s) 'dag_dbt_pipeline' retrieved from /opt/airflow/dags/dbt_local_dag.py
[2025-11-01T02:06:49.533+0000] {logging_mixin.py:188} INFO - [2025-11-01T02:06:49.533+0000] {dag.py:3036} INFO - Sync 1 DAGs
[2025-11-01T02:06:49.627+0000] {logging_mixin.py:188} INFO - [2025-11-01T02:06:49.626+0000] {dag.py:3823} INFO - Setting next_dagrun for dag_dbt_pipeline to 2025-11-01 00:00:00+00:00, run_after=2025-11-02 00:00:00+00:00
[2025-11-01T02:06:49.721+0000] {processor.py:183} INFO - Processing /opt/airflow/dags/dbt_local_dag.py took 0.417 seconds
[2025-11-01T02:07:20.206+0000] {processor.py:161} INFO - Started process (PID=293) to work on /opt/airflow/dags/dbt_local_dag.py
[2025-11-01T02:07:20.208+0000] {processor.py:830} INFO - Processing file /opt/airflow/dags/dbt_local_dag.py for tasks to queue
[2025-11-01T02:07:20.212+0000] {logging_mixin.py:188} INFO - [2025-11-01T02:07:20.211+0000] {dagbag.py:538} INFO - Filling up the DagBag from /opt/airflow/dags/dbt_local_dag.py
[2025-11-01T02:07:20.264+0000] {processor.py:840} INFO - DAG(s) 'dag_dbt_pipeline' retrieved from /opt/airflow/dags/dbt_local_dag.py
[2025-11-01T02:07:20.534+0000] {logging_mixin.py:188} INFO - [2025-11-01T02:07:20.534+0000] {dag.py:3036} INFO - Sync 1 DAGs
[2025-11-01T02:07:20.658+0000] {logging_mixin.py:188} INFO - [2025-11-01T02:07:20.658+0000] {dag.py:3823} INFO - Setting next_dagrun for dag_dbt_pipeline to 2025-11-01 00:00:00+00:00, run_after=2025-11-02 00:00:00+00:00
[2025-11-01T02:07:20.820+0000] {processor.py:183} INFO - Processing /opt/airflow/dags/dbt_local_dag.py took 0.622 seconds
[2025-11-01T02:07:52.091+0000] {processor.py:161} INFO - Started process (PID=305) to work on /opt/airflow/dags/dbt_local_dag.py
[2025-11-01T02:07:52.094+0000] {processor.py:830} INFO - Processing file /opt/airflow/dags/dbt_local_dag.py for tasks to queue
[2025-11-01T02:07:52.098+0000] {logging_mixin.py:188} INFO - [2025-11-01T02:07:52.097+0000] {dagbag.py:538} INFO - Filling up the DagBag from /opt/airflow/dags/dbt_local_dag.py
[2025-11-01T02:07:52.157+0000] {processor.py:840} INFO - DAG(s) 'dag_dbt_pipeline' retrieved from /opt/airflow/dags/dbt_local_dag.py
[2025-11-01T02:07:52.266+0000] {logging_mixin.py:188} INFO - [2025-11-01T02:07:52.266+0000] {dag.py:3036} INFO - Sync 1 DAGs
[2025-11-01T02:07:52.315+0000] {logging_mixin.py:188} INFO - [2025-11-01T02:07:52.315+0000] {dag.py:3823} INFO - Setting next_dagrun for dag_dbt_pipeline to 2025-11-01 00:00:00+00:00, run_after=2025-11-02 00:00:00+00:00
[2025-11-01T02:07:52.572+0000] {processor.py:183} INFO - Processing /opt/airflow/dags/dbt_local_dag.py took 0.491 seconds
[2025-11-01T02:08:24.673+0000] {processor.py:161} INFO - Started process (PID=317) to work on /opt/airflow/dags/dbt_local_dag.py
[2025-11-01T02:08:24.676+0000] {processor.py:830} INFO - Processing file /opt/airflow/dags/dbt_local_dag.py for tasks to queue
[2025-11-01T02:08:24.684+0000] {logging_mixin.py:188} INFO - [2025-11-01T02:08:24.684+0000] {dagbag.py:538} INFO - Filling up the DagBag from /opt/airflow/dags/dbt_local_dag.py
[2025-11-01T02:08:24.733+0000] {processor.py:840} INFO - DAG(s) 'dag_dbt_pipeline' retrieved from /opt/airflow/dags/dbt_local_dag.py
[2025-11-01T02:08:24.830+0000] {logging_mixin.py:188} INFO - [2025-11-01T02:08:24.829+0000] {dag.py:3036} INFO - Sync 1 DAGs
[2025-11-01T02:08:24.892+0000] {logging_mixin.py:188} INFO - [2025-11-01T02:08:24.892+0000] {dag.py:3823} INFO - Setting next_dagrun for dag_dbt_pipeline to 2025-11-01 00:00:00+00:00, run_after=2025-11-02 00:00:00+00:00
[2025-11-01T02:08:25.061+0000] {processor.py:183} INFO - Processing /opt/airflow/dags/dbt_local_dag.py took 0.401 seconds
[2025-11-01T02:08:57.534+0000] {processor.py:161} INFO - Started process (PID=328) to work on /opt/airflow/dags/dbt_local_dag.py
[2025-11-01T02:08:57.536+0000] {processor.py:830} INFO - Processing file /opt/airflow/dags/dbt_local_dag.py for tasks to queue
[2025-11-01T02:08:57.540+0000] {logging_mixin.py:188} INFO - [2025-11-01T02:08:57.539+0000] {dagbag.py:538} INFO - Filling up the DagBag from /opt/airflow/dags/dbt_local_dag.py
[2025-11-01T02:08:57.609+0000] {processor.py:840} INFO - DAG(s) 'dag_dbt_pipeline' retrieved from /opt/airflow/dags/dbt_local_dag.py
[2025-11-01T02:08:57.721+0000] {logging_mixin.py:188} INFO - [2025-11-01T02:08:57.720+0000] {dag.py:3036} INFO - Sync 1 DAGs
[2025-11-01T02:08:57.828+0000] {logging_mixin.py:188} INFO - [2025-11-01T02:08:57.827+0000] {dag.py:3823} INFO - Setting next_dagrun for dag_dbt_pipeline to 2025-11-01 00:00:00+00:00, run_after=2025-11-02 00:00:00+00:00
[2025-11-01T02:08:57.912+0000] {processor.py:183} INFO - Processing /opt/airflow/dags/dbt_local_dag.py took 0.404 seconds
[2025-11-01T02:09:29.950+0000] {processor.py:161} INFO - Started process (PID=340) to work on /opt/airflow/dags/dbt_local_dag.py
[2025-11-01T02:09:29.953+0000] {processor.py:830} INFO - Processing file /opt/airflow/dags/dbt_local_dag.py for tasks to queue
[2025-11-01T02:09:29.955+0000] {logging_mixin.py:188} INFO - [2025-11-01T02:09:29.954+0000] {dagbag.py:538} INFO - Filling up the DagBag from /opt/airflow/dags/dbt_local_dag.py
[2025-11-01T02:09:30.027+0000] {processor.py:840} INFO - DAG(s) 'dag_dbt_pipeline' retrieved from /opt/airflow/dags/dbt_local_dag.py
[2025-11-01T02:09:30.103+0000] {logging_mixin.py:188} INFO - [2025-11-01T02:09:30.103+0000] {dag.py:3036} INFO - Sync 1 DAGs
[2025-11-01T02:09:30.199+0000] {logging_mixin.py:188} INFO - [2025-11-01T02:09:30.199+0000] {dag.py:3823} INFO - Setting next_dagrun for dag_dbt_pipeline to 2025-11-01 00:00:00+00:00, run_after=2025-11-02 00:00:00+00:00
[2025-11-01T02:09:30.499+0000] {processor.py:183} INFO - Processing /opt/airflow/dags/dbt_local_dag.py took 0.560 seconds
[2025-11-01T02:10:03.768+0000] {processor.py:161} INFO - Started process (PID=351) to work on /opt/airflow/dags/dbt_local_dag.py
[2025-11-01T02:10:03.779+0000] {processor.py:830} INFO - Processing file /opt/airflow/dags/dbt_local_dag.py for tasks to queue
[2025-11-01T02:10:03.796+0000] {logging_mixin.py:188} INFO - [2025-11-01T02:10:03.795+0000] {dagbag.py:538} INFO - Filling up the DagBag from /opt/airflow/dags/dbt_local_dag.py
[2025-11-01T02:10:04.048+0000] {processor.py:840} INFO - DAG(s) 'dag_dbt_pipeline' retrieved from /opt/airflow/dags/dbt_local_dag.py
[2025-11-01T02:10:04.145+0000] {logging_mixin.py:188} INFO - [2025-11-01T02:10:04.145+0000] {dag.py:3036} INFO - Sync 1 DAGs
[2025-11-01T02:10:04.466+0000] {logging_mixin.py:188} INFO - [2025-11-01T02:10:04.466+0000] {dag.py:3823} INFO - Setting next_dagrun for dag_dbt_pipeline to 2025-11-01 00:00:00+00:00, run_after=2025-11-02 00:00:00+00:00
[2025-11-01T02:10:04.682+0000] {processor.py:183} INFO - Processing /opt/airflow/dags/dbt_local_dag.py took 0.934 seconds
[2025-11-01T02:10:35.533+0000] {processor.py:161} INFO - Started process (PID=363) to work on /opt/airflow/dags/dbt_local_dag.py
[2025-11-01T02:10:35.538+0000] {processor.py:830} INFO - Processing file /opt/airflow/dags/dbt_local_dag.py for tasks to queue
[2025-11-01T02:10:35.541+0000] {logging_mixin.py:188} INFO - [2025-11-01T02:10:35.540+0000] {dagbag.py:538} INFO - Filling up the DagBag from /opt/airflow/dags/dbt_local_dag.py
[2025-11-01T02:10:35.627+0000] {processor.py:840} INFO - DAG(s) 'dag_dbt_pipeline' retrieved from /opt/airflow/dags/dbt_local_dag.py
[2025-11-01T02:10:36.115+0000] {logging_mixin.py:188} INFO - [2025-11-01T02:10:36.114+0000] {dag.py:3036} INFO - Sync 1 DAGs
[2025-11-01T02:10:36.222+0000] {logging_mixin.py:188} INFO - [2025-11-01T02:10:36.222+0000] {dag.py:3823} INFO - Setting next_dagrun for dag_dbt_pipeline to 2025-11-01 00:00:00+00:00, run_after=2025-11-02 00:00:00+00:00
[2025-11-01T02:10:36.362+0000] {processor.py:183} INFO - Processing /opt/airflow/dags/dbt_local_dag.py took 0.853 seconds
[2025-11-01T02:11:08.284+0000] {processor.py:161} INFO - Started process (PID=375) to work on /opt/airflow/dags/dbt_local_dag.py
[2025-11-01T02:11:08.286+0000] {processor.py:830} INFO - Processing file /opt/airflow/dags/dbt_local_dag.py for tasks to queue
[2025-11-01T02:11:08.288+0000] {logging_mixin.py:188} INFO - [2025-11-01T02:11:08.288+0000] {dagbag.py:538} INFO - Filling up the DagBag from /opt/airflow/dags/dbt_local_dag.py
[2025-11-01T02:11:08.334+0000] {processor.py:840} INFO - DAG(s) 'dag_dbt_pipeline' retrieved from /opt/airflow/dags/dbt_local_dag.py
[2025-11-01T02:11:08.397+0000] {logging_mixin.py:188} INFO - [2025-11-01T02:11:08.397+0000] {dag.py:3036} INFO - Sync 1 DAGs
[2025-11-01T02:11:08.445+0000] {logging_mixin.py:188} INFO - [2025-11-01T02:11:08.444+0000] {dag.py:3823} INFO - Setting next_dagrun for dag_dbt_pipeline to 2025-11-01 00:00:00+00:00, run_after=2025-11-02 00:00:00+00:00
[2025-11-01T02:11:08.544+0000] {processor.py:183} INFO - Processing /opt/airflow/dags/dbt_local_dag.py took 0.269 seconds
[2025-11-01T02:11:41.503+0000] {processor.py:161} INFO - Started process (PID=387) to work on /opt/airflow/dags/dbt_local_dag.py
[2025-11-01T02:11:41.505+0000] {processor.py:830} INFO - Processing file /opt/airflow/dags/dbt_local_dag.py for tasks to queue
[2025-11-01T02:11:41.507+0000] {logging_mixin.py:188} INFO - [2025-11-01T02:11:41.507+0000] {dagbag.py:538} INFO - Filling up the DagBag from /opt/airflow/dags/dbt_local_dag.py
[2025-11-01T02:11:41.558+0000] {processor.py:840} INFO - DAG(s) 'dag_dbt_pipeline' retrieved from /opt/airflow/dags/dbt_local_dag.py
[2025-11-01T02:11:41.616+0000] {logging_mixin.py:188} INFO - [2025-11-01T02:11:41.616+0000] {dag.py:3036} INFO - Sync 1 DAGs
[2025-11-01T02:11:41.664+0000] {logging_mixin.py:188} INFO - [2025-11-01T02:11:41.663+0000] {dag.py:3823} INFO - Setting next_dagrun for dag_dbt_pipeline to 2025-11-01 00:00:00+00:00, run_after=2025-11-02 00:00:00+00:00
[2025-11-01T02:11:41.956+0000] {processor.py:183} INFO - Processing /opt/airflow/dags/dbt_local_dag.py took 0.459 seconds
[2025-11-01T02:12:14.697+0000] {processor.py:161} INFO - Started process (PID=398) to work on /opt/airflow/dags/dbt_local_dag.py
[2025-11-01T02:12:14.699+0000] {processor.py:830} INFO - Processing file /opt/airflow/dags/dbt_local_dag.py for tasks to queue
[2025-11-01T02:12:14.701+0000] {logging_mixin.py:188} INFO - [2025-11-01T02:12:14.700+0000] {dagbag.py:538} INFO - Filling up the DagBag from /opt/airflow/dags/dbt_local_dag.py
[2025-11-01T02:12:14.741+0000] {processor.py:840} INFO - DAG(s) 'dag_dbt_pipeline' retrieved from /opt/airflow/dags/dbt_local_dag.py
[2025-11-01T02:12:14.788+0000] {logging_mixin.py:188} INFO - [2025-11-01T02:12:14.788+0000] {dag.py:3036} INFO - Sync 1 DAGs
[2025-11-01T02:12:14.827+0000] {logging_mixin.py:188} INFO - [2025-11-01T02:12:14.826+0000] {dag.py:3823} INFO - Setting next_dagrun for dag_dbt_pipeline to 2025-11-01 00:00:00+00:00, run_after=2025-11-02 00:00:00+00:00
[2025-11-01T02:12:14.989+0000] {processor.py:183} INFO - Processing /opt/airflow/dags/dbt_local_dag.py took 0.301 seconds
[2025-11-01T02:12:47.011+0000] {processor.py:161} INFO - Started process (PID=410) to work on /opt/airflow/dags/dbt_local_dag.py
[2025-11-01T02:12:47.014+0000] {processor.py:830} INFO - Processing file /opt/airflow/dags/dbt_local_dag.py for tasks to queue
[2025-11-01T02:12:47.021+0000] {logging_mixin.py:188} INFO - [2025-11-01T02:12:47.020+0000] {dagbag.py:538} INFO - Filling up the DagBag from /opt/airflow/dags/dbt_local_dag.py
[2025-11-01T02:12:47.129+0000] {processor.py:840} INFO - DAG(s) 'dag_dbt_pipeline' retrieved from /opt/airflow/dags/dbt_local_dag.py
[2025-11-01T02:12:47.226+0000] {logging_mixin.py:188} INFO - [2025-11-01T02:12:47.221+0000] {dag.py:3036} INFO - Sync 1 DAGs
[2025-11-01T02:12:47.371+0000] {logging_mixin.py:188} INFO - [2025-11-01T02:12:47.370+0000] {dag.py:3823} INFO - Setting next_dagrun for dag_dbt_pipeline to 2025-11-01 00:00:00+00:00, run_after=2025-11-02 00:00:00+00:00
[2025-11-01T02:12:47.427+0000] {processor.py:183} INFO - Processing /opt/airflow/dags/dbt_local_dag.py took 0.433 seconds
[2025-11-01T02:13:19.475+0000] {processor.py:161} INFO - Started process (PID=422) to work on /opt/airflow/dags/dbt_local_dag.py
[2025-11-01T02:13:19.478+0000] {processor.py:830} INFO - Processing file /opt/airflow/dags/dbt_local_dag.py for tasks to queue
[2025-11-01T02:13:19.481+0000] {logging_mixin.py:188} INFO - [2025-11-01T02:13:19.480+0000] {dagbag.py:538} INFO - Filling up the DagBag from /opt/airflow/dags/dbt_local_dag.py
[2025-11-01T02:13:19.646+0000] {processor.py:840} INFO - DAG(s) 'dag_dbt_pipeline' retrieved from /opt/airflow/dags/dbt_local_dag.py
[2025-11-01T02:13:19.729+0000] {logging_mixin.py:188} INFO - [2025-11-01T02:13:19.725+0000] {dag.py:3036} INFO - Sync 1 DAGs
[2025-11-01T02:13:19.811+0000] {logging_mixin.py:188} INFO - [2025-11-01T02:13:19.810+0000] {dag.py:3823} INFO - Setting next_dagrun for dag_dbt_pipeline to 2025-11-01 00:00:00+00:00, run_after=2025-11-02 00:00:00+00:00
[2025-11-01T02:13:19.889+0000] {processor.py:183} INFO - Processing /opt/airflow/dags/dbt_local_dag.py took 0.428 seconds
[2025-11-01T02:13:52.249+0000] {processor.py:161} INFO - Started process (PID=434) to work on /opt/airflow/dags/dbt_local_dag.py
[2025-11-01T02:13:52.252+0000] {processor.py:830} INFO - Processing file /opt/airflow/dags/dbt_local_dag.py for tasks to queue
[2025-11-01T02:13:52.255+0000] {logging_mixin.py:188} INFO - [2025-11-01T02:13:52.254+0000] {dagbag.py:538} INFO - Filling up the DagBag from /opt/airflow/dags/dbt_local_dag.py
[2025-11-01T02:13:52.324+0000] {processor.py:840} INFO - DAG(s) 'dag_dbt_pipeline' retrieved from /opt/airflow/dags/dbt_local_dag.py
[2025-11-01T02:13:52.415+0000] {logging_mixin.py:188} INFO - [2025-11-01T02:13:52.415+0000] {dag.py:3036} INFO - Sync 1 DAGs
[2025-11-01T02:13:52.463+0000] {logging_mixin.py:188} INFO - [2025-11-01T02:13:52.463+0000] {dag.py:3823} INFO - Setting next_dagrun for dag_dbt_pipeline to 2025-11-01 00:00:00+00:00, run_after=2025-11-02 00:00:00+00:00
[2025-11-01T02:13:52.720+0000] {processor.py:183} INFO - Processing /opt/airflow/dags/dbt_local_dag.py took 0.479 seconds
[2025-11-01T02:14:25.709+0000] {processor.py:161} INFO - Started process (PID=446) to work on /opt/airflow/dags/dbt_local_dag.py
[2025-11-01T02:14:25.712+0000] {processor.py:830} INFO - Processing file /opt/airflow/dags/dbt_local_dag.py for tasks to queue
[2025-11-01T02:14:25.721+0000] {logging_mixin.py:188} INFO - [2025-11-01T02:14:25.720+0000] {dagbag.py:538} INFO - Filling up the DagBag from /opt/airflow/dags/dbt_local_dag.py
[2025-11-01T02:14:25.830+0000] {processor.py:840} INFO - DAG(s) 'dag_dbt_pipeline' retrieved from /opt/airflow/dags/dbt_local_dag.py
[2025-11-01T02:14:25.897+0000] {logging_mixin.py:188} INFO - [2025-11-01T02:14:25.896+0000] {dag.py:3036} INFO - Sync 1 DAGs
[2025-11-01T02:14:25.953+0000] {logging_mixin.py:188} INFO - [2025-11-01T02:14:25.953+0000] {dag.py:3823} INFO - Setting next_dagrun for dag_dbt_pipeline to 2025-11-01 00:00:00+00:00, run_after=2025-11-02 00:00:00+00:00
[2025-11-01T02:14:26.053+0000] {processor.py:183} INFO - Processing /opt/airflow/dags/dbt_local_dag.py took 0.360 seconds
[2025-11-01T02:14:59.470+0000] {processor.py:161} INFO - Started process (PID=459) to work on /opt/airflow/dags/dbt_local_dag.py
[2025-11-01T02:14:59.474+0000] {processor.py:830} INFO - Processing file /opt/airflow/dags/dbt_local_dag.py for tasks to queue
[2025-11-01T02:14:59.484+0000] {logging_mixin.py:188} INFO - [2025-11-01T02:14:59.475+0000] {dagbag.py:538} INFO - Filling up the DagBag from /opt/airflow/dags/dbt_local_dag.py
[2025-11-01T02:14:59.658+0000] {processor.py:840} INFO - DAG(s) 'dag_dbt_pipeline' retrieved from /opt/airflow/dags/dbt_local_dag.py
[2025-11-01T02:15:00.022+0000] {logging_mixin.py:188} INFO - [2025-11-01T02:15:00.021+0000] {dag.py:3036} INFO - Sync 1 DAGs
[2025-11-01T02:15:00.546+0000] {logging_mixin.py:188} INFO - [2025-11-01T02:15:00.545+0000] {dag.py:3823} INFO - Setting next_dagrun for dag_dbt_pipeline to 2025-11-01 00:00:00+00:00, run_after=2025-11-02 00:00:00+00:00
[2025-11-01T02:15:01.013+0000] {processor.py:183} INFO - Processing /opt/airflow/dags/dbt_local_dag.py took 1.574 seconds
[2025-11-01T02:15:32.947+0000] {processor.py:161} INFO - Started process (PID=471) to work on /opt/airflow/dags/dbt_local_dag.py
[2025-11-01T02:15:32.967+0000] {processor.py:830} INFO - Processing file /opt/airflow/dags/dbt_local_dag.py for tasks to queue
[2025-11-01T02:15:32.990+0000] {logging_mixin.py:188} INFO - [2025-11-01T02:15:32.985+0000] {dagbag.py:538} INFO - Filling up the DagBag from /opt/airflow/dags/dbt_local_dag.py
[2025-11-01T02:15:36.791+0000] {processor.py:840} INFO - DAG(s) 'dag_dbt_pipeline' retrieved from /opt/airflow/dags/dbt_local_dag.py
[2025-11-01T02:15:37.148+0000] {logging_mixin.py:188} INFO - [2025-11-01T02:15:37.148+0000] {dag.py:3036} INFO - Sync 1 DAGs
[2025-11-01T02:15:37.432+0000] {logging_mixin.py:188} INFO - [2025-11-01T02:15:37.431+0000] {dag.py:3823} INFO - Setting next_dagrun for dag_dbt_pipeline to 2025-11-01 00:00:00+00:00, run_after=2025-11-02 00:00:00+00:00
[2025-11-01T02:15:37.622+0000] {processor.py:183} INFO - Processing /opt/airflow/dags/dbt_local_dag.py took 4.964 seconds
[2025-11-01T02:16:07.858+0000] {processor.py:161} INFO - Started process (PID=481) to work on /opt/airflow/dags/dbt_local_dag.py
[2025-11-01T02:16:07.860+0000] {processor.py:830} INFO - Processing file /opt/airflow/dags/dbt_local_dag.py for tasks to queue
[2025-11-01T02:16:07.862+0000] {logging_mixin.py:188} INFO - [2025-11-01T02:16:07.861+0000] {dagbag.py:538} INFO - Filling up the DagBag from /opt/airflow/dags/dbt_local_dag.py
[2025-11-01T02:16:07.967+0000] {processor.py:840} INFO - DAG(s) 'dag_dbt_pipeline' retrieved from /opt/airflow/dags/dbt_local_dag.py
[2025-11-01T02:16:08.015+0000] {logging_mixin.py:188} INFO - [2025-11-01T02:16:08.015+0000] {dag.py:3036} INFO - Sync 1 DAGs
[2025-11-01T02:16:08.051+0000] {logging_mixin.py:188} INFO - [2025-11-01T02:16:08.051+0000] {dag.py:3823} INFO - Setting next_dagrun for dag_dbt_pipeline to 2025-11-01 00:00:00+00:00, run_after=2025-11-02 00:00:00+00:00
[2025-11-01T02:16:08.258+0000] {processor.py:183} INFO - Processing /opt/airflow/dags/dbt_local_dag.py took 0.407 seconds
[2025-11-01T02:16:38.656+0000] {processor.py:161} INFO - Started process (PID=493) to work on /opt/airflow/dags/dbt_local_dag.py
[2025-11-01T02:16:38.658+0000] {processor.py:830} INFO - Processing file /opt/airflow/dags/dbt_local_dag.py for tasks to queue
[2025-11-01T02:16:38.660+0000] {logging_mixin.py:188} INFO - [2025-11-01T02:16:38.659+0000] {dagbag.py:538} INFO - Filling up the DagBag from /opt/airflow/dags/dbt_local_dag.py
[2025-11-01T02:16:38.693+0000] {processor.py:840} INFO - DAG(s) 'dag_dbt_pipeline' retrieved from /opt/airflow/dags/dbt_local_dag.py
[2025-11-01T02:16:38.737+0000] {logging_mixin.py:188} INFO - [2025-11-01T02:16:38.737+0000] {dag.py:3036} INFO - Sync 1 DAGs
[2025-11-01T02:16:38.778+0000] {logging_mixin.py:188} INFO - [2025-11-01T02:16:38.778+0000] {dag.py:3823} INFO - Setting next_dagrun for dag_dbt_pipeline to 2025-11-01 00:00:00+00:00, run_after=2025-11-02 00:00:00+00:00
[2025-11-01T02:16:38.943+0000] {processor.py:183} INFO - Processing /opt/airflow/dags/dbt_local_dag.py took 0.294 seconds
[2025-11-01T02:17:10.406+0000] {processor.py:161} INFO - Started process (PID=505) to work on /opt/airflow/dags/dbt_local_dag.py
[2025-11-01T02:17:10.675+0000] {processor.py:830} INFO - Processing file /opt/airflow/dags/dbt_local_dag.py for tasks to queue
[2025-11-01T02:17:10.686+0000] {logging_mixin.py:188} INFO - [2025-11-01T02:17:10.685+0000] {dagbag.py:538} INFO - Filling up the DagBag from /opt/airflow/dags/dbt_local_dag.py
[2025-11-01T02:17:10.851+0000] {processor.py:840} INFO - DAG(s) 'dag_dbt_pipeline' retrieved from /opt/airflow/dags/dbt_local_dag.py
[2025-11-01T02:17:10.994+0000] {logging_mixin.py:188} INFO - [2025-11-01T02:17:10.992+0000] {dag.py:3036} INFO - Sync 1 DAGs
[2025-11-01T02:17:11.104+0000] {logging_mixin.py:188} INFO - [2025-11-01T02:17:11.103+0000] {dag.py:3823} INFO - Setting next_dagrun for dag_dbt_pipeline to 2025-11-01 00:00:00+00:00, run_after=2025-11-02 00:00:00+00:00
[2025-11-01T02:17:11.297+0000] {processor.py:183} INFO - Processing /opt/airflow/dags/dbt_local_dag.py took 0.957 seconds
[2025-11-01T02:17:42.857+0000] {processor.py:161} INFO - Started process (PID=517) to work on /opt/airflow/dags/dbt_local_dag.py
[2025-11-01T02:17:42.923+0000] {processor.py:830} INFO - Processing file /opt/airflow/dags/dbt_local_dag.py for tasks to queue
[2025-11-01T02:17:42.925+0000] {logging_mixin.py:188} INFO - [2025-11-01T02:17:42.924+0000] {dagbag.py:538} INFO - Filling up the DagBag from /opt/airflow/dags/dbt_local_dag.py
[2025-11-01T02:17:42.998+0000] {processor.py:840} INFO - DAG(s) 'dag_dbt_pipeline' retrieved from /opt/airflow/dags/dbt_local_dag.py
[2025-11-01T02:17:43.093+0000] {logging_mixin.py:188} INFO - [2025-11-01T02:17:43.092+0000] {dag.py:3036} INFO - Sync 1 DAGs
[2025-11-01T02:17:43.193+0000] {logging_mixin.py:188} INFO - [2025-11-01T02:17:43.193+0000] {dag.py:3823} INFO - Setting next_dagrun for dag_dbt_pipeline to 2025-11-01 00:00:00+00:00, run_after=2025-11-02 00:00:00+00:00
[2025-11-01T02:17:43.348+0000] {processor.py:183} INFO - Processing /opt/airflow/dags/dbt_local_dag.py took 0.506 seconds
[2025-11-01T02:18:16.043+0000] {processor.py:161} INFO - Started process (PID=529) to work on /opt/airflow/dags/dbt_local_dag.py
[2025-11-01T02:18:16.051+0000] {processor.py:830} INFO - Processing file /opt/airflow/dags/dbt_local_dag.py for tasks to queue
[2025-11-01T02:18:16.058+0000] {logging_mixin.py:188} INFO - [2025-11-01T02:18:16.055+0000] {dagbag.py:538} INFO - Filling up the DagBag from /opt/airflow/dags/dbt_local_dag.py
[2025-11-01T02:18:16.155+0000] {processor.py:840} INFO - DAG(s) 'dag_dbt_pipeline' retrieved from /opt/airflow/dags/dbt_local_dag.py
[2025-11-01T02:18:16.247+0000] {logging_mixin.py:188} INFO - [2025-11-01T02:18:16.246+0000] {dag.py:3036} INFO - Sync 1 DAGs
[2025-11-01T02:18:16.300+0000] {logging_mixin.py:188} INFO - [2025-11-01T02:18:16.299+0000] {dag.py:3823} INFO - Setting next_dagrun for dag_dbt_pipeline to 2025-11-01 00:00:00+00:00, run_after=2025-11-02 00:00:00+00:00
[2025-11-01T02:18:16.356+0000] {processor.py:183} INFO - Processing /opt/airflow/dags/dbt_local_dag.py took 0.327 seconds
[2025-11-01T02:18:49.898+0000] {processor.py:161} INFO - Started process (PID=542) to work on /opt/airflow/dags/dbt_local_dag.py
[2025-11-01T02:18:49.902+0000] {processor.py:830} INFO - Processing file /opt/airflow/dags/dbt_local_dag.py for tasks to queue
[2025-11-01T02:18:49.906+0000] {logging_mixin.py:188} INFO - [2025-11-01T02:18:49.905+0000] {dagbag.py:538} INFO - Filling up the DagBag from /opt/airflow/dags/dbt_local_dag.py
[2025-11-01T02:18:50.036+0000] {processor.py:840} INFO - DAG(s) 'dag_dbt_pipeline' retrieved from /opt/airflow/dags/dbt_local_dag.py
[2025-11-01T02:18:50.278+0000] {logging_mixin.py:188} INFO - [2025-11-01T02:18:50.277+0000] {dag.py:3036} INFO - Sync 1 DAGs
[2025-11-01T02:18:50.341+0000] {logging_mixin.py:188} INFO - [2025-11-01T02:18:50.341+0000] {dag.py:3823} INFO - Setting next_dagrun for dag_dbt_pipeline to 2025-11-01 00:00:00+00:00, run_after=2025-11-02 00:00:00+00:00
[2025-11-01T02:18:50.435+0000] {processor.py:183} INFO - Processing /opt/airflow/dags/dbt_local_dag.py took 0.548 seconds
[2025-11-01T02:19:21.644+0000] {processor.py:161} INFO - Started process (PID=554) to work on /opt/airflow/dags/dbt_local_dag.py
[2025-11-01T02:19:21.650+0000] {processor.py:830} INFO - Processing file /opt/airflow/dags/dbt_local_dag.py for tasks to queue
[2025-11-01T02:19:21.653+0000] {logging_mixin.py:188} INFO - [2025-11-01T02:19:21.652+0000] {dagbag.py:538} INFO - Filling up the DagBag from /opt/airflow/dags/dbt_local_dag.py
[2025-11-01T02:19:21.729+0000] {processor.py:840} INFO - DAG(s) 'dag_dbt_pipeline' retrieved from /opt/airflow/dags/dbt_local_dag.py
[2025-11-01T02:19:22.044+0000] {logging_mixin.py:188} INFO - [2025-11-01T02:19:22.043+0000] {dag.py:3036} INFO - Sync 1 DAGs
[2025-11-01T02:19:22.125+0000] {logging_mixin.py:188} INFO - [2025-11-01T02:19:22.124+0000] {dag.py:3823} INFO - Setting next_dagrun for dag_dbt_pipeline to 2025-11-01 00:00:00+00:00, run_after=2025-11-02 00:00:00+00:00
[2025-11-01T02:19:22.335+0000] {processor.py:183} INFO - Processing /opt/airflow/dags/dbt_local_dag.py took 0.706 seconds
[2025-11-01T02:19:52.480+0000] {processor.py:161} INFO - Started process (PID=566) to work on /opt/airflow/dags/dbt_local_dag.py
[2025-11-01T02:19:52.483+0000] {processor.py:830} INFO - Processing file /opt/airflow/dags/dbt_local_dag.py for tasks to queue
[2025-11-01T02:19:52.486+0000] {logging_mixin.py:188} INFO - [2025-11-01T02:19:52.485+0000] {dagbag.py:538} INFO - Filling up the DagBag from /opt/airflow/dags/dbt_local_dag.py
[2025-11-01T02:19:52.527+0000] {processor.py:840} INFO - DAG(s) 'dag_dbt_pipeline' retrieved from /opt/airflow/dags/dbt_local_dag.py
[2025-11-01T02:19:53.080+0000] {logging_mixin.py:188} INFO - [2025-11-01T02:19:53.079+0000] {dag.py:3036} INFO - Sync 1 DAGs
[2025-11-01T02:19:53.127+0000] {logging_mixin.py:188} INFO - [2025-11-01T02:19:53.126+0000] {dag.py:3823} INFO - Setting next_dagrun for dag_dbt_pipeline to 2025-11-01 00:00:00+00:00, run_after=2025-11-02 00:00:00+00:00
[2025-11-01T02:19:53.424+0000] {processor.py:183} INFO - Processing /opt/airflow/dags/dbt_local_dag.py took 0.955 seconds
[2025-11-01T02:20:27.196+0000] {processor.py:161} INFO - Started process (PID=578) to work on /opt/airflow/dags/dbt_local_dag.py
[2025-11-01T02:20:27.198+0000] {processor.py:830} INFO - Processing file /opt/airflow/dags/dbt_local_dag.py for tasks to queue
[2025-11-01T02:20:27.212+0000] {logging_mixin.py:188} INFO - [2025-11-01T02:20:27.211+0000] {dagbag.py:538} INFO - Filling up the DagBag from /opt/airflow/dags/dbt_local_dag.py
[2025-11-01T02:20:27.308+0000] {processor.py:840} INFO - DAG(s) 'dag_dbt_pipeline' retrieved from /opt/airflow/dags/dbt_local_dag.py
[2025-11-01T02:20:27.494+0000] {logging_mixin.py:188} INFO - [2025-11-01T02:20:27.493+0000] {dag.py:3036} INFO - Sync 1 DAGs
[2025-11-01T02:20:27.712+0000] {logging_mixin.py:188} INFO - [2025-11-01T02:20:27.711+0000] {dag.py:3823} INFO - Setting next_dagrun for dag_dbt_pipeline to 2025-11-01 00:00:00+00:00, run_after=2025-11-02 00:00:00+00:00
[2025-11-01T02:20:27.822+0000] {processor.py:183} INFO - Processing /opt/airflow/dags/dbt_local_dag.py took 0.639 seconds
[2025-11-01T02:21:00.187+0000] {processor.py:161} INFO - Started process (PID=589) to work on /opt/airflow/dags/dbt_local_dag.py
[2025-11-01T02:21:00.189+0000] {processor.py:830} INFO - Processing file /opt/airflow/dags/dbt_local_dag.py for tasks to queue
[2025-11-01T02:21:00.191+0000] {logging_mixin.py:188} INFO - [2025-11-01T02:21:00.190+0000] {dagbag.py:538} INFO - Filling up the DagBag from /opt/airflow/dags/dbt_local_dag.py
[2025-11-01T02:21:00.232+0000] {processor.py:840} INFO - DAG(s) 'dag_dbt_pipeline' retrieved from /opt/airflow/dags/dbt_local_dag.py
[2025-11-01T02:21:00.275+0000] {logging_mixin.py:188} INFO - [2025-11-01T02:21:00.274+0000] {dag.py:3036} INFO - Sync 1 DAGs
[2025-11-01T02:21:00.337+0000] {logging_mixin.py:188} INFO - [2025-11-01T02:21:00.337+0000] {dag.py:3823} INFO - Setting next_dagrun for dag_dbt_pipeline to 2025-11-01 00:00:00+00:00, run_after=2025-11-02 00:00:00+00:00
[2025-11-01T02:21:00.440+0000] {processor.py:183} INFO - Processing /opt/airflow/dags/dbt_local_dag.py took 0.262 seconds
[2025-11-01T02:21:31.517+0000] {processor.py:161} INFO - Started process (PID=600) to work on /opt/airflow/dags/dbt_local_dag.py
[2025-11-01T02:21:31.520+0000] {processor.py:830} INFO - Processing file /opt/airflow/dags/dbt_local_dag.py for tasks to queue
[2025-11-01T02:21:31.523+0000] {logging_mixin.py:188} INFO - [2025-11-01T02:21:31.522+0000] {dagbag.py:538} INFO - Filling up the DagBag from /opt/airflow/dags/dbt_local_dag.py
[2025-11-01T02:21:31.617+0000] {processor.py:840} INFO - DAG(s) 'dag_dbt_pipeline' retrieved from /opt/airflow/dags/dbt_local_dag.py
[2025-11-01T02:21:31.727+0000] {logging_mixin.py:188} INFO - [2025-11-01T02:21:31.726+0000] {dag.py:3036} INFO - Sync 1 DAGs
[2025-11-01T02:21:31.785+0000] {logging_mixin.py:188} INFO - [2025-11-01T02:21:31.784+0000] {dag.py:3823} INFO - Setting next_dagrun for dag_dbt_pipeline to 2025-11-01 00:00:00+00:00, run_after=2025-11-02 00:00:00+00:00
[2025-11-01T02:21:32.077+0000] {processor.py:183} INFO - Processing /opt/airflow/dags/dbt_local_dag.py took 0.573 seconds
[2025-11-01T02:22:05.143+0000] {processor.py:161} INFO - Started process (PID=612) to work on /opt/airflow/dags/dbt_local_dag.py
[2025-11-01T02:22:05.148+0000] {processor.py:830} INFO - Processing file /opt/airflow/dags/dbt_local_dag.py for tasks to queue
[2025-11-01T02:22:05.156+0000] {logging_mixin.py:188} INFO - [2025-11-01T02:22:05.155+0000] {dagbag.py:538} INFO - Filling up the DagBag from /opt/airflow/dags/dbt_local_dag.py
[2025-11-01T02:22:05.207+0000] {processor.py:840} INFO - DAG(s) 'dag_dbt_pipeline' retrieved from /opt/airflow/dags/dbt_local_dag.py
[2025-11-01T02:22:05.283+0000] {logging_mixin.py:188} INFO - [2025-11-01T02:22:05.282+0000] {dag.py:3036} INFO - Sync 1 DAGs
[2025-11-01T02:22:05.366+0000] {logging_mixin.py:188} INFO - [2025-11-01T02:22:05.365+0000] {dag.py:3823} INFO - Setting next_dagrun for dag_dbt_pipeline to 2025-11-01 00:00:00+00:00, run_after=2025-11-02 00:00:00+00:00
[2025-11-01T02:22:05.562+0000] {processor.py:183} INFO - Processing /opt/airflow/dags/dbt_local_dag.py took 0.443 seconds
[2025-11-01T02:22:37.812+0000] {processor.py:161} INFO - Started process (PID=623) to work on /opt/airflow/dags/dbt_local_dag.py
[2025-11-01T02:22:37.814+0000] {processor.py:830} INFO - Processing file /opt/airflow/dags/dbt_local_dag.py for tasks to queue
[2025-11-01T02:22:37.825+0000] {logging_mixin.py:188} INFO - [2025-11-01T02:22:37.825+0000] {dagbag.py:538} INFO - Filling up the DagBag from /opt/airflow/dags/dbt_local_dag.py
[2025-11-01T02:22:39.689+0000] {processor.py:840} INFO - DAG(s) 'dag_dbt_pipeline' retrieved from /opt/airflow/dags/dbt_local_dag.py
[2025-11-01T02:22:40.005+0000] {logging_mixin.py:188} INFO - [2025-11-01T02:22:40.004+0000] {dag.py:3036} INFO - Sync 1 DAGs
[2025-11-01T02:22:40.199+0000] {logging_mixin.py:188} INFO - [2025-11-01T02:22:40.198+0000] {dag.py:3823} INFO - Setting next_dagrun for dag_dbt_pipeline to 2025-11-01 00:00:00+00:00, run_after=2025-11-02 00:00:00+00:00
[2025-11-01T02:22:40.392+0000] {processor.py:183} INFO - Processing /opt/airflow/dags/dbt_local_dag.py took 2.595 seconds
[2025-11-01T02:23:10.760+0000] {processor.py:161} INFO - Started process (PID=635) to work on /opt/airflow/dags/dbt_local_dag.py
[2025-11-01T02:23:10.763+0000] {processor.py:830} INFO - Processing file /opt/airflow/dags/dbt_local_dag.py for tasks to queue
[2025-11-01T02:23:10.775+0000] {logging_mixin.py:188} INFO - [2025-11-01T02:23:10.765+0000] {dagbag.py:538} INFO - Filling up the DagBag from /opt/airflow/dags/dbt_local_dag.py
[2025-11-01T02:23:10.857+0000] {processor.py:840} INFO - DAG(s) 'dag_dbt_pipeline' retrieved from /opt/airflow/dags/dbt_local_dag.py
[2025-11-01T02:23:11.001+0000] {logging_mixin.py:188} INFO - [2025-11-01T02:23:11.001+0000] {dag.py:3036} INFO - Sync 1 DAGs
[2025-11-01T02:23:11.183+0000] {logging_mixin.py:188} INFO - [2025-11-01T02:23:11.183+0000] {dag.py:3823} INFO - Setting next_dagrun for dag_dbt_pipeline to 2025-11-01 00:00:00+00:00, run_after=2025-11-02 00:00:00+00:00
[2025-11-01T02:23:11.308+0000] {processor.py:183} INFO - Processing /opt/airflow/dags/dbt_local_dag.py took 0.577 seconds
[2025-11-01T02:23:42.812+0000] {processor.py:161} INFO - Started process (PID=641) to work on /opt/airflow/dags/dbt_local_dag.py
[2025-11-01T02:23:42.823+0000] {processor.py:830} INFO - Processing file /opt/airflow/dags/dbt_local_dag.py for tasks to queue
[2025-11-01T02:23:42.826+0000] {logging_mixin.py:188} INFO - [2025-11-01T02:23:42.825+0000] {dagbag.py:538} INFO - Filling up the DagBag from /opt/airflow/dags/dbt_local_dag.py
[2025-11-01T02:23:42.951+0000] {processor.py:840} INFO - DAG(s) 'dag_dbt_pipeline' retrieved from /opt/airflow/dags/dbt_local_dag.py
[2025-11-01T02:23:43.126+0000] {logging_mixin.py:188} INFO - [2025-11-01T02:23:43.126+0000] {dag.py:3036} INFO - Sync 1 DAGs
[2025-11-01T02:23:43.238+0000] {logging_mixin.py:188} INFO - [2025-11-01T02:23:43.238+0000] {dag.py:3823} INFO - Setting next_dagrun for dag_dbt_pipeline to 2025-11-01 00:00:00+00:00, run_after=2025-11-02 00:00:00+00:00
[2025-11-01T02:23:43.399+0000] {processor.py:183} INFO - Processing /opt/airflow/dags/dbt_local_dag.py took 0.608 seconds
[2025-11-01T02:24:15.863+0000] {processor.py:161} INFO - Started process (PID=653) to work on /opt/airflow/dags/dbt_local_dag.py
[2025-11-01T02:24:15.869+0000] {processor.py:830} INFO - Processing file /opt/airflow/dags/dbt_local_dag.py for tasks to queue
[2025-11-01T02:24:15.898+0000] {logging_mixin.py:188} INFO - [2025-11-01T02:24:15.897+0000] {dagbag.py:538} INFO - Filling up the DagBag from /opt/airflow/dags/dbt_local_dag.py
[2025-11-01T02:24:16.104+0000] {processor.py:840} INFO - DAG(s) 'dag_dbt_pipeline' retrieved from /opt/airflow/dags/dbt_local_dag.py
[2025-11-01T02:24:16.236+0000] {logging_mixin.py:188} INFO - [2025-11-01T02:24:16.235+0000] {dag.py:3036} INFO - Sync 1 DAGs
[2025-11-01T02:24:16.568+0000] {logging_mixin.py:188} INFO - [2025-11-01T02:24:16.567+0000] {dag.py:3823} INFO - Setting next_dagrun for dag_dbt_pipeline to 2025-11-01 00:00:00+00:00, run_after=2025-11-02 00:00:00+00:00
[2025-11-01T02:24:16.620+0000] {processor.py:183} INFO - Processing /opt/airflow/dags/dbt_local_dag.py took 0.770 seconds
[2025-11-01T02:24:49.141+0000] {processor.py:161} INFO - Started process (PID=665) to work on /opt/airflow/dags/dbt_local_dag.py
[2025-11-01T02:24:49.174+0000] {processor.py:830} INFO - Processing file /opt/airflow/dags/dbt_local_dag.py for tasks to queue
[2025-11-01T02:24:49.181+0000] {logging_mixin.py:188} INFO - [2025-11-01T02:24:49.176+0000] {dagbag.py:538} INFO - Filling up the DagBag from /opt/airflow/dags/dbt_local_dag.py
[2025-11-01T02:24:49.270+0000] {processor.py:840} INFO - DAG(s) 'dag_dbt_pipeline' retrieved from /opt/airflow/dags/dbt_local_dag.py
[2025-11-01T02:24:49.480+0000] {logging_mixin.py:188} INFO - [2025-11-01T02:24:49.470+0000] {dag.py:3036} INFO - Sync 1 DAGs
[2025-11-01T02:24:49.719+0000] {logging_mixin.py:188} INFO - [2025-11-01T02:24:49.719+0000] {dag.py:3823} INFO - Setting next_dagrun for dag_dbt_pipeline to 2025-11-01 00:00:00+00:00, run_after=2025-11-02 00:00:00+00:00
[2025-11-01T02:24:49.994+0000] {processor.py:183} INFO - Processing /opt/airflow/dags/dbt_local_dag.py took 0.911 seconds
[2025-11-01T02:25:20.771+0000] {processor.py:161} INFO - Started process (PID=677) to work on /opt/airflow/dags/dbt_local_dag.py
[2025-11-01T02:25:20.776+0000] {processor.py:830} INFO - Processing file /opt/airflow/dags/dbt_local_dag.py for tasks to queue
[2025-11-01T02:25:20.795+0000] {logging_mixin.py:188} INFO - [2025-11-01T02:25:20.794+0000] {dagbag.py:538} INFO - Filling up the DagBag from /opt/airflow/dags/dbt_local_dag.py
[2025-11-01T02:25:20.947+0000] {processor.py:840} INFO - DAG(s) 'dag_dbt_pipeline' retrieved from /opt/airflow/dags/dbt_local_dag.py
[2025-11-01T02:25:21.117+0000] {logging_mixin.py:188} INFO - [2025-11-01T02:25:21.117+0000] {dag.py:3036} INFO - Sync 1 DAGs
[2025-11-01T02:25:21.349+0000] {logging_mixin.py:188} INFO - [2025-11-01T02:25:21.337+0000] {dag.py:3823} INFO - Setting next_dagrun for dag_dbt_pipeline to 2025-11-01 00:00:00+00:00, run_after=2025-11-02 00:00:00+00:00
[2025-11-01T02:25:21.656+0000] {processor.py:183} INFO - Processing /opt/airflow/dags/dbt_local_dag.py took 0.912 seconds
[2025-11-01T02:25:54.051+0000] {processor.py:161} INFO - Started process (PID=689) to work on /opt/airflow/dags/dbt_local_dag.py
[2025-11-01T02:25:54.075+0000] {processor.py:830} INFO - Processing file /opt/airflow/dags/dbt_local_dag.py for tasks to queue
[2025-11-01T02:25:54.078+0000] {logging_mixin.py:188} INFO - [2025-11-01T02:25:54.077+0000] {dagbag.py:538} INFO - Filling up the DagBag from /opt/airflow/dags/dbt_local_dag.py
[2025-11-01T02:25:54.309+0000] {processor.py:840} INFO - DAG(s) 'dag_dbt_pipeline' retrieved from /opt/airflow/dags/dbt_local_dag.py
[2025-11-01T02:25:54.841+0000] {logging_mixin.py:188} INFO - [2025-11-01T02:25:54.841+0000] {dag.py:3036} INFO - Sync 1 DAGs
[2025-11-01T02:25:54.907+0000] {logging_mixin.py:188} INFO - [2025-11-01T02:25:54.907+0000] {dag.py:3823} INFO - Setting next_dagrun for dag_dbt_pipeline to 2025-11-01 00:00:00+00:00, run_after=2025-11-02 00:00:00+00:00
[2025-11-01T02:25:54.995+0000] {processor.py:183} INFO - Processing /opt/airflow/dags/dbt_local_dag.py took 0.975 seconds
[2025-11-01T02:26:27.138+0000] {processor.py:161} INFO - Started process (PID=701) to work on /opt/airflow/dags/dbt_local_dag.py
[2025-11-01T02:26:27.141+0000] {processor.py:830} INFO - Processing file /opt/airflow/dags/dbt_local_dag.py for tasks to queue
[2025-11-01T02:26:27.145+0000] {logging_mixin.py:188} INFO - [2025-11-01T02:26:27.144+0000] {dagbag.py:538} INFO - Filling up the DagBag from /opt/airflow/dags/dbt_local_dag.py
[2025-11-01T02:26:27.193+0000] {processor.py:840} INFO - DAG(s) 'dag_dbt_pipeline' retrieved from /opt/airflow/dags/dbt_local_dag.py
[2025-11-01T02:26:27.254+0000] {logging_mixin.py:188} INFO - [2025-11-01T02:26:27.254+0000] {dag.py:3036} INFO - Sync 1 DAGs
[2025-11-01T02:26:27.312+0000] {logging_mixin.py:188} INFO - [2025-11-01T02:26:27.312+0000] {dag.py:3823} INFO - Setting next_dagrun for dag_dbt_pipeline to 2025-11-01 00:00:00+00:00, run_after=2025-11-02 00:00:00+00:00
[2025-11-01T02:26:27.412+0000] {processor.py:183} INFO - Processing /opt/airflow/dags/dbt_local_dag.py took 0.282 seconds
[2025-11-01T02:26:59.700+0000] {processor.py:161} INFO - Started process (PID=713) to work on /opt/airflow/dags/dbt_local_dag.py
[2025-11-01T02:26:59.704+0000] {processor.py:830} INFO - Processing file /opt/airflow/dags/dbt_local_dag.py for tasks to queue
[2025-11-01T02:26:59.710+0000] {logging_mixin.py:188} INFO - [2025-11-01T02:26:59.709+0000] {dagbag.py:538} INFO - Filling up the DagBag from /opt/airflow/dags/dbt_local_dag.py
[2025-11-01T02:26:59.754+0000] {processor.py:840} INFO - DAG(s) 'dag_dbt_pipeline' retrieved from /opt/airflow/dags/dbt_local_dag.py
[2025-11-01T02:26:59.816+0000] {logging_mixin.py:188} INFO - [2025-11-01T02:26:59.816+0000] {dag.py:3036} INFO - Sync 1 DAGs
[2025-11-01T02:26:59.867+0000] {logging_mixin.py:188} INFO - [2025-11-01T02:26:59.867+0000] {dag.py:3823} INFO - Setting next_dagrun for dag_dbt_pipeline to 2025-11-01 00:00:00+00:00, run_after=2025-11-02 00:00:00+00:00
[2025-11-01T02:27:00.117+0000] {processor.py:183} INFO - Processing /opt/airflow/dags/dbt_local_dag.py took 0.423 seconds
[2025-11-01T02:27:31.554+0000] {processor.py:161} INFO - Started process (PID=725) to work on /opt/airflow/dags/dbt_local_dag.py
[2025-11-01T02:27:31.556+0000] {processor.py:830} INFO - Processing file /opt/airflow/dags/dbt_local_dag.py for tasks to queue
[2025-11-01T02:27:31.560+0000] {logging_mixin.py:188} INFO - [2025-11-01T02:27:31.559+0000] {dagbag.py:538} INFO - Filling up the DagBag from /opt/airflow/dags/dbt_local_dag.py
[2025-11-01T02:27:31.605+0000] {processor.py:840} INFO - DAG(s) 'dag_dbt_pipeline' retrieved from /opt/airflow/dags/dbt_local_dag.py
[2025-11-01T02:27:31.660+0000] {logging_mixin.py:188} INFO - [2025-11-01T02:27:31.659+0000] {dag.py:3036} INFO - Sync 1 DAGs
[2025-11-01T02:27:31.705+0000] {logging_mixin.py:188} INFO - [2025-11-01T02:27:31.705+0000] {dag.py:3823} INFO - Setting next_dagrun for dag_dbt_pipeline to 2025-11-01 00:00:00+00:00, run_after=2025-11-02 00:00:00+00:00
[2025-11-01T02:27:32.060+0000] {processor.py:183} INFO - Processing /opt/airflow/dags/dbt_local_dag.py took 0.512 seconds
[2025-11-01T02:28:04.759+0000] {processor.py:161} INFO - Started process (PID=737) to work on /opt/airflow/dags/dbt_local_dag.py
[2025-11-01T02:28:04.761+0000] {processor.py:830} INFO - Processing file /opt/airflow/dags/dbt_local_dag.py for tasks to queue
[2025-11-01T02:28:04.764+0000] {logging_mixin.py:188} INFO - [2025-11-01T02:28:04.763+0000] {dagbag.py:538} INFO - Filling up the DagBag from /opt/airflow/dags/dbt_local_dag.py
[2025-11-01T02:28:04.806+0000] {processor.py:840} INFO - DAG(s) 'dag_dbt_pipeline' retrieved from /opt/airflow/dags/dbt_local_dag.py
[2025-11-01T02:28:04.861+0000] {logging_mixin.py:188} INFO - [2025-11-01T02:28:04.861+0000] {dag.py:3036} INFO - Sync 1 DAGs
[2025-11-01T02:28:04.901+0000] {logging_mixin.py:188} INFO - [2025-11-01T02:28:04.900+0000] {dag.py:3823} INFO - Setting next_dagrun for dag_dbt_pipeline to 2025-11-01 00:00:00+00:00, run_after=2025-11-02 00:00:00+00:00
[2025-11-01T02:28:05.192+0000] {processor.py:183} INFO - Processing /opt/airflow/dags/dbt_local_dag.py took 0.443 seconds
[2025-11-01T02:28:37.255+0000] {processor.py:161} INFO - Started process (PID=749) to work on /opt/airflow/dags/dbt_local_dag.py
[2025-11-01T02:28:37.258+0000] {processor.py:830} INFO - Processing file /opt/airflow/dags/dbt_local_dag.py for tasks to queue
[2025-11-01T02:28:37.261+0000] {logging_mixin.py:188} INFO - [2025-11-01T02:28:37.260+0000] {dagbag.py:538} INFO - Filling up the DagBag from /opt/airflow/dags/dbt_local_dag.py
[2025-11-01T02:28:37.308+0000] {processor.py:840} INFO - DAG(s) 'dag_dbt_pipeline' retrieved from /opt/airflow/dags/dbt_local_dag.py
[2025-11-01T02:28:37.354+0000] {logging_mixin.py:188} INFO - [2025-11-01T02:28:37.354+0000] {dag.py:3036} INFO - Sync 1 DAGs
[2025-11-01T02:28:37.398+0000] {logging_mixin.py:188} INFO - [2025-11-01T02:28:37.398+0000] {dag.py:3823} INFO - Setting next_dagrun for dag_dbt_pipeline to 2025-11-01 00:00:00+00:00, run_after=2025-11-02 00:00:00+00:00
[2025-11-01T02:28:37.446+0000] {processor.py:183} INFO - Processing /opt/airflow/dags/dbt_local_dag.py took 0.199 seconds
[2025-11-01T02:29:10.093+0000] {processor.py:161} INFO - Started process (PID=760) to work on /opt/airflow/dags/dbt_local_dag.py
[2025-11-01T02:29:10.095+0000] {processor.py:830} INFO - Processing file /opt/airflow/dags/dbt_local_dag.py for tasks to queue
[2025-11-01T02:29:10.097+0000] {logging_mixin.py:188} INFO - [2025-11-01T02:29:10.096+0000] {dagbag.py:538} INFO - Filling up the DagBag from /opt/airflow/dags/dbt_local_dag.py
[2025-11-01T02:29:10.137+0000] {processor.py:840} INFO - DAG(s) 'dag_dbt_pipeline' retrieved from /opt/airflow/dags/dbt_local_dag.py
[2025-11-01T02:29:10.188+0000] {logging_mixin.py:188} INFO - [2025-11-01T02:29:10.188+0000] {dag.py:3036} INFO - Sync 1 DAGs
[2025-11-01T02:29:10.232+0000] {logging_mixin.py:188} INFO - [2025-11-01T02:29:10.232+0000] {dag.py:3823} INFO - Setting next_dagrun for dag_dbt_pipeline to 2025-11-01 00:00:00+00:00, run_after=2025-11-02 00:00:00+00:00
[2025-11-01T02:29:10.271+0000] {processor.py:183} INFO - Processing /opt/airflow/dags/dbt_local_dag.py took 0.186 seconds
[2025-11-01T02:29:42.884+0000] {processor.py:161} INFO - Started process (PID=772) to work on /opt/airflow/dags/dbt_local_dag.py
[2025-11-01T02:29:42.886+0000] {processor.py:830} INFO - Processing file /opt/airflow/dags/dbt_local_dag.py for tasks to queue
[2025-11-01T02:29:42.888+0000] {logging_mixin.py:188} INFO - [2025-11-01T02:29:42.887+0000] {dagbag.py:538} INFO - Filling up the DagBag from /opt/airflow/dags/dbt_local_dag.py
[2025-11-01T02:29:42.930+0000] {processor.py:840} INFO - DAG(s) 'dag_dbt_pipeline' retrieved from /opt/airflow/dags/dbt_local_dag.py
[2025-11-01T02:29:42.985+0000] {logging_mixin.py:188} INFO - [2025-11-01T02:29:42.984+0000] {dag.py:3036} INFO - Sync 1 DAGs
[2025-11-01T02:29:43.043+0000] {logging_mixin.py:188} INFO - [2025-11-01T02:29:43.042+0000] {dag.py:3823} INFO - Setting next_dagrun for dag_dbt_pipeline to 2025-11-01 00:00:00+00:00, run_after=2025-11-02 00:00:00+00:00
[2025-11-01T02:29:43.086+0000] {processor.py:183} INFO - Processing /opt/airflow/dags/dbt_local_dag.py took 0.211 seconds
[2025-11-01T02:30:16.222+0000] {processor.py:161} INFO - Started process (PID=783) to work on /opt/airflow/dags/dbt_local_dag.py
[2025-11-01T02:30:16.224+0000] {processor.py:830} INFO - Processing file /opt/airflow/dags/dbt_local_dag.py for tasks to queue
[2025-11-01T02:30:16.226+0000] {logging_mixin.py:188} INFO - [2025-11-01T02:30:16.226+0000] {dagbag.py:538} INFO - Filling up the DagBag from /opt/airflow/dags/dbt_local_dag.py
[2025-11-01T02:30:16.268+0000] {processor.py:840} INFO - DAG(s) 'dag_dbt_pipeline' retrieved from /opt/airflow/dags/dbt_local_dag.py
[2025-11-01T02:30:16.313+0000] {logging_mixin.py:188} INFO - [2025-11-01T02:30:16.312+0000] {dag.py:3036} INFO - Sync 1 DAGs
[2025-11-01T02:30:16.354+0000] {logging_mixin.py:188} INFO - [2025-11-01T02:30:16.354+0000] {dag.py:3823} INFO - Setting next_dagrun for dag_dbt_pipeline to 2025-11-01 00:00:00+00:00, run_after=2025-11-02 00:00:00+00:00
[2025-11-01T02:30:16.392+0000] {processor.py:183} INFO - Processing /opt/airflow/dags/dbt_local_dag.py took 0.177 seconds
[2025-11-01T02:30:48.444+0000] {processor.py:161} INFO - Started process (PID=795) to work on /opt/airflow/dags/dbt_local_dag.py
[2025-11-01T02:30:48.446+0000] {processor.py:830} INFO - Processing file /opt/airflow/dags/dbt_local_dag.py for tasks to queue
[2025-11-01T02:30:48.448+0000] {logging_mixin.py:188} INFO - [2025-11-01T02:30:48.448+0000] {dagbag.py:538} INFO - Filling up the DagBag from /opt/airflow/dags/dbt_local_dag.py
[2025-11-01T02:30:48.493+0000] {processor.py:840} INFO - DAG(s) 'dag_dbt_pipeline' retrieved from /opt/airflow/dags/dbt_local_dag.py
[2025-11-01T02:30:48.536+0000] {logging_mixin.py:188} INFO - [2025-11-01T02:30:48.536+0000] {dag.py:3036} INFO - Sync 1 DAGs
[2025-11-01T02:30:48.574+0000] {logging_mixin.py:188} INFO - [2025-11-01T02:30:48.573+0000] {dag.py:3823} INFO - Setting next_dagrun for dag_dbt_pipeline to 2025-11-01 00:00:00+00:00, run_after=2025-11-02 00:00:00+00:00
[2025-11-01T02:30:48.612+0000] {processor.py:183} INFO - Processing /opt/airflow/dags/dbt_local_dag.py took 0.177 seconds
[2025-11-01T02:31:21.752+0000] {processor.py:161} INFO - Started process (PID=806) to work on /opt/airflow/dags/dbt_local_dag.py
[2025-11-01T02:31:21.756+0000] {processor.py:830} INFO - Processing file /opt/airflow/dags/dbt_local_dag.py for tasks to queue
[2025-11-01T02:31:21.760+0000] {logging_mixin.py:188} INFO - [2025-11-01T02:31:21.760+0000] {dagbag.py:538} INFO - Filling up the DagBag from /opt/airflow/dags/dbt_local_dag.py
[2025-11-01T02:31:21.826+0000] {processor.py:840} INFO - DAG(s) 'dag_dbt_pipeline' retrieved from /opt/airflow/dags/dbt_local_dag.py
[2025-11-01T02:31:21.905+0000] {logging_mixin.py:188} INFO - [2025-11-01T02:31:21.904+0000] {dag.py:3036} INFO - Sync 1 DAGs
[2025-11-01T02:31:21.970+0000] {logging_mixin.py:188} INFO - [2025-11-01T02:31:21.970+0000] {dag.py:3823} INFO - Setting next_dagrun for dag_dbt_pipeline to 2025-11-01 00:00:00+00:00, run_after=2025-11-02 00:00:00+00:00
[2025-11-01T02:31:22.026+0000] {processor.py:183} INFO - Processing /opt/airflow/dags/dbt_local_dag.py took 0.285 seconds
[2025-11-01T02:31:54.679+0000] {processor.py:161} INFO - Started process (PID=820) to work on /opt/airflow/dags/dbt_local_dag.py
[2025-11-01T02:31:54.681+0000] {processor.py:830} INFO - Processing file /opt/airflow/dags/dbt_local_dag.py for tasks to queue
[2025-11-01T02:31:54.683+0000] {logging_mixin.py:188} INFO - [2025-11-01T02:31:54.682+0000] {dagbag.py:538} INFO - Filling up the DagBag from /opt/airflow/dags/dbt_local_dag.py
[2025-11-01T02:31:54.721+0000] {processor.py:840} INFO - DAG(s) 'dag_dbt_pipeline' retrieved from /opt/airflow/dags/dbt_local_dag.py
[2025-11-01T02:31:54.769+0000] {logging_mixin.py:188} INFO - [2025-11-01T02:31:54.769+0000] {dag.py:3036} INFO - Sync 1 DAGs
[2025-11-01T02:31:54.836+0000] {logging_mixin.py:188} INFO - [2025-11-01T02:31:54.835+0000] {dag.py:3823} INFO - Setting next_dagrun for dag_dbt_pipeline to 2025-11-01 00:00:00+00:00, run_after=2025-11-02 00:00:00+00:00
[2025-11-01T02:31:54.888+0000] {processor.py:183} INFO - Processing /opt/airflow/dags/dbt_local_dag.py took 0.218 seconds
[2025-11-01T02:32:27.147+0000] {processor.py:161} INFO - Started process (PID=832) to work on /opt/airflow/dags/dbt_local_dag.py
[2025-11-01T02:32:27.153+0000] {processor.py:830} INFO - Processing file /opt/airflow/dags/dbt_local_dag.py for tasks to queue
[2025-11-01T02:32:27.155+0000] {logging_mixin.py:188} INFO - [2025-11-01T02:32:27.155+0000] {dagbag.py:538} INFO - Filling up the DagBag from /opt/airflow/dags/dbt_local_dag.py
[2025-11-01T02:32:27.223+0000] {processor.py:840} INFO - DAG(s) 'dag_dbt_pipeline' retrieved from /opt/airflow/dags/dbt_local_dag.py
[2025-11-01T02:32:27.290+0000] {logging_mixin.py:188} INFO - [2025-11-01T02:32:27.290+0000] {dag.py:3036} INFO - Sync 1 DAGs
[2025-11-01T02:32:27.358+0000] {logging_mixin.py:188} INFO - [2025-11-01T02:32:27.357+0000] {dag.py:3823} INFO - Setting next_dagrun for dag_dbt_pipeline to 2025-11-01 00:00:00+00:00, run_after=2025-11-02 00:00:00+00:00
[2025-11-01T02:32:27.456+0000] {processor.py:183} INFO - Processing /opt/airflow/dags/dbt_local_dag.py took 0.318 seconds
[2025-11-01T02:32:59.817+0000] {processor.py:161} INFO - Started process (PID=845) to work on /opt/airflow/dags/dbt_local_dag.py
[2025-11-01T02:32:59.820+0000] {processor.py:830} INFO - Processing file /opt/airflow/dags/dbt_local_dag.py for tasks to queue
[2025-11-01T02:32:59.822+0000] {logging_mixin.py:188} INFO - [2025-11-01T02:32:59.821+0000] {dagbag.py:538} INFO - Filling up the DagBag from /opt/airflow/dags/dbt_local_dag.py
[2025-11-01T02:32:59.861+0000] {processor.py:840} INFO - DAG(s) 'dag_dbt_pipeline' retrieved from /opt/airflow/dags/dbt_local_dag.py
[2025-11-01T02:32:59.912+0000] {logging_mixin.py:188} INFO - [2025-11-01T02:32:59.911+0000] {dag.py:3036} INFO - Sync 1 DAGs
[2025-11-01T02:32:59.959+0000] {logging_mixin.py:188} INFO - [2025-11-01T02:32:59.958+0000] {dag.py:3823} INFO - Setting next_dagrun for dag_dbt_pipeline to 2025-11-01 00:00:00+00:00, run_after=2025-11-02 00:00:00+00:00
[2025-11-01T02:32:59.997+0000] {processor.py:183} INFO - Processing /opt/airflow/dags/dbt_local_dag.py took 0.189 seconds
[2025-11-01T02:33:31.656+0000] {processor.py:161} INFO - Started process (PID=857) to work on /opt/airflow/dags/dbt_local_dag.py
[2025-11-01T02:33:31.659+0000] {processor.py:830} INFO - Processing file /opt/airflow/dags/dbt_local_dag.py for tasks to queue
[2025-11-01T02:33:31.661+0000] {logging_mixin.py:188} INFO - [2025-11-01T02:33:31.660+0000] {dagbag.py:538} INFO - Filling up the DagBag from /opt/airflow/dags/dbt_local_dag.py
[2025-11-01T02:33:31.707+0000] {processor.py:840} INFO - DAG(s) 'dag_dbt_pipeline' retrieved from /opt/airflow/dags/dbt_local_dag.py
[2025-11-01T02:33:31.780+0000] {logging_mixin.py:188} INFO - [2025-11-01T02:33:31.779+0000] {dag.py:3036} INFO - Sync 1 DAGs
[2025-11-01T02:33:31.845+0000] {logging_mixin.py:188} INFO - [2025-11-01T02:33:31.845+0000] {dag.py:3823} INFO - Setting next_dagrun for dag_dbt_pipeline to 2025-11-01 00:00:00+00:00, run_after=2025-11-02 00:00:00+00:00
[2025-11-01T02:33:31.885+0000] {processor.py:183} INFO - Processing /opt/airflow/dags/dbt_local_dag.py took 0.237 seconds
[2025-11-01T02:34:04.582+0000] {processor.py:161} INFO - Started process (PID=869) to work on /opt/airflow/dags/dbt_local_dag.py
[2025-11-01T02:34:04.584+0000] {processor.py:830} INFO - Processing file /opt/airflow/dags/dbt_local_dag.py for tasks to queue
[2025-11-01T02:34:04.587+0000] {logging_mixin.py:188} INFO - [2025-11-01T02:34:04.586+0000] {dagbag.py:538} INFO - Filling up the DagBag from /opt/airflow/dags/dbt_local_dag.py
[2025-11-01T02:34:04.642+0000] {processor.py:840} INFO - DAG(s) 'dag_dbt_pipeline' retrieved from /opt/airflow/dags/dbt_local_dag.py
[2025-11-01T02:34:04.732+0000] {logging_mixin.py:188} INFO - [2025-11-01T02:34:04.732+0000] {dag.py:3036} INFO - Sync 1 DAGs
[2025-11-01T02:34:04.774+0000] {logging_mixin.py:188} INFO - [2025-11-01T02:34:04.774+0000] {dag.py:3823} INFO - Setting next_dagrun for dag_dbt_pipeline to 2025-11-01 00:00:00+00:00, run_after=2025-11-02 00:00:00+00:00
[2025-11-01T02:34:04.815+0000] {processor.py:183} INFO - Processing /opt/airflow/dags/dbt_local_dag.py took 0.240 seconds
[2025-11-01T02:34:37.537+0000] {processor.py:161} INFO - Started process (PID=881) to work on /opt/airflow/dags/dbt_local_dag.py
[2025-11-01T02:34:37.540+0000] {processor.py:830} INFO - Processing file /opt/airflow/dags/dbt_local_dag.py for tasks to queue
[2025-11-01T02:34:37.543+0000] {logging_mixin.py:188} INFO - [2025-11-01T02:34:37.542+0000] {dagbag.py:538} INFO - Filling up the DagBag from /opt/airflow/dags/dbt_local_dag.py
[2025-11-01T02:34:37.647+0000] {processor.py:840} INFO - DAG(s) 'dag_dbt_pipeline' retrieved from /opt/airflow/dags/dbt_local_dag.py
[2025-11-01T02:34:37.725+0000] {logging_mixin.py:188} INFO - [2025-11-01T02:34:37.724+0000] {dag.py:3036} INFO - Sync 1 DAGs
[2025-11-01T02:34:37.802+0000] {logging_mixin.py:188} INFO - [2025-11-01T02:34:37.800+0000] {dag.py:3823} INFO - Setting next_dagrun for dag_dbt_pipeline to 2025-11-01 00:00:00+00:00, run_after=2025-11-02 00:00:00+00:00
[2025-11-01T02:34:37.882+0000] {processor.py:183} INFO - Processing /opt/airflow/dags/dbt_local_dag.py took 0.355 seconds
[2025-11-01T02:35:10.059+0000] {processor.py:161} INFO - Started process (PID=893) to work on /opt/airflow/dags/dbt_local_dag.py
[2025-11-01T02:35:10.062+0000] {processor.py:830} INFO - Processing file /opt/airflow/dags/dbt_local_dag.py for tasks to queue
[2025-11-01T02:35:10.065+0000] {logging_mixin.py:188} INFO - [2025-11-01T02:35:10.064+0000] {dagbag.py:538} INFO - Filling up the DagBag from /opt/airflow/dags/dbt_local_dag.py
[2025-11-01T02:35:10.105+0000] {processor.py:840} INFO - DAG(s) 'dag_dbt_pipeline' retrieved from /opt/airflow/dags/dbt_local_dag.py
[2025-11-01T02:35:10.175+0000] {logging_mixin.py:188} INFO - [2025-11-01T02:35:10.174+0000] {dag.py:3036} INFO - Sync 1 DAGs
[2025-11-01T02:35:10.224+0000] {logging_mixin.py:188} INFO - [2025-11-01T02:35:10.224+0000] {dag.py:3823} INFO - Setting next_dagrun for dag_dbt_pipeline to 2025-11-01 00:00:00+00:00, run_after=2025-11-02 00:00:00+00:00
[2025-11-01T02:35:10.273+0000] {processor.py:183} INFO - Processing /opt/airflow/dags/dbt_local_dag.py took 0.227 seconds
[2025-11-01T02:35:42.855+0000] {processor.py:161} INFO - Started process (PID=905) to work on /opt/airflow/dags/dbt_local_dag.py
[2025-11-01T02:35:42.859+0000] {processor.py:830} INFO - Processing file /opt/airflow/dags/dbt_local_dag.py for tasks to queue
[2025-11-01T02:35:42.863+0000] {logging_mixin.py:188} INFO - [2025-11-01T02:35:42.861+0000] {dagbag.py:538} INFO - Filling up the DagBag from /opt/airflow/dags/dbt_local_dag.py
[2025-11-01T02:35:42.912+0000] {processor.py:840} INFO - DAG(s) 'dag_dbt_pipeline' retrieved from /opt/airflow/dags/dbt_local_dag.py
[2025-11-01T02:35:42.962+0000] {logging_mixin.py:188} INFO - [2025-11-01T02:35:42.961+0000] {dag.py:3036} INFO - Sync 1 DAGs
[2025-11-01T02:35:43.016+0000] {logging_mixin.py:188} INFO - [2025-11-01T02:35:43.016+0000] {dag.py:3823} INFO - Setting next_dagrun for dag_dbt_pipeline to 2025-11-01 00:00:00+00:00, run_after=2025-11-02 00:00:00+00:00
[2025-11-01T02:35:43.069+0000] {processor.py:183} INFO - Processing /opt/airflow/dags/dbt_local_dag.py took 0.226 seconds
[2025-11-01T02:36:15.762+0000] {processor.py:161} INFO - Started process (PID=917) to work on /opt/airflow/dags/dbt_local_dag.py
[2025-11-01T02:36:15.771+0000] {processor.py:830} INFO - Processing file /opt/airflow/dags/dbt_local_dag.py for tasks to queue
[2025-11-01T02:36:15.776+0000] {logging_mixin.py:188} INFO - [2025-11-01T02:36:15.775+0000] {dagbag.py:538} INFO - Filling up the DagBag from /opt/airflow/dags/dbt_local_dag.py
[2025-11-01T02:36:16.680+0000] {processor.py:840} INFO - DAG(s) 'dag_dbt_pipeline' retrieved from /opt/airflow/dags/dbt_local_dag.py
[2025-11-01T02:36:17.144+0000] {logging_mixin.py:188} INFO - [2025-11-01T02:36:17.144+0000] {dag.py:3036} INFO - Sync 1 DAGs
[2025-11-01T02:36:17.207+0000] {logging_mixin.py:188} INFO - [2025-11-01T02:36:17.207+0000] {dag.py:3823} INFO - Setting next_dagrun for dag_dbt_pipeline to 2025-11-01 00:00:00+00:00, run_after=2025-11-02 00:00:00+00:00
[2025-11-01T02:36:17.250+0000] {processor.py:183} INFO - Processing /opt/airflow/dags/dbt_local_dag.py took 1.499 seconds
[2025-11-01T02:36:48.084+0000] {processor.py:161} INFO - Started process (PID=929) to work on /opt/airflow/dags/dbt_local_dag.py
[2025-11-01T02:36:48.096+0000] {processor.py:830} INFO - Processing file /opt/airflow/dags/dbt_local_dag.py for tasks to queue
[2025-11-01T02:36:48.102+0000] {logging_mixin.py:188} INFO - [2025-11-01T02:36:48.100+0000] {dagbag.py:538} INFO - Filling up the DagBag from /opt/airflow/dags/dbt_local_dag.py
[2025-11-01T02:36:48.162+0000] {processor.py:840} INFO - DAG(s) 'dag_dbt_pipeline' retrieved from /opt/airflow/dags/dbt_local_dag.py
[2025-11-01T02:36:48.260+0000] {logging_mixin.py:188} INFO - [2025-11-01T02:36:48.259+0000] {dag.py:3036} INFO - Sync 1 DAGs
[2025-11-01T02:36:48.329+0000] {logging_mixin.py:188} INFO - [2025-11-01T02:36:48.328+0000] {dag.py:3823} INFO - Setting next_dagrun for dag_dbt_pipeline to 2025-11-01 00:00:00+00:00, run_after=2025-11-02 00:00:00+00:00
[2025-11-01T02:36:48.369+0000] {processor.py:183} INFO - Processing /opt/airflow/dags/dbt_local_dag.py took 0.308 seconds
[2025-11-01T02:37:21.298+0000] {processor.py:161} INFO - Started process (PID=942) to work on /opt/airflow/dags/dbt_local_dag.py
[2025-11-01T02:37:21.301+0000] {processor.py:830} INFO - Processing file /opt/airflow/dags/dbt_local_dag.py for tasks to queue
[2025-11-01T02:37:21.303+0000] {logging_mixin.py:188} INFO - [2025-11-01T02:37:21.302+0000] {dagbag.py:538} INFO - Filling up the DagBag from /opt/airflow/dags/dbt_local_dag.py
[2025-11-01T02:37:21.346+0000] {processor.py:840} INFO - DAG(s) 'dag_dbt_pipeline' retrieved from /opt/airflow/dags/dbt_local_dag.py
[2025-11-01T02:37:21.395+0000] {logging_mixin.py:188} INFO - [2025-11-01T02:37:21.395+0000] {dag.py:3036} INFO - Sync 1 DAGs
[2025-11-01T02:37:21.437+0000] {logging_mixin.py:188} INFO - [2025-11-01T02:37:21.437+0000] {dag.py:3823} INFO - Setting next_dagrun for dag_dbt_pipeline to 2025-11-01 00:00:00+00:00, run_after=2025-11-02 00:00:00+00:00
[2025-11-01T02:37:21.475+0000] {processor.py:183} INFO - Processing /opt/airflow/dags/dbt_local_dag.py took 0.186 seconds
[2025-11-01T02:37:54.013+0000] {processor.py:161} INFO - Started process (PID=955) to work on /opt/airflow/dags/dbt_local_dag.py
[2025-11-01T02:37:54.025+0000] {processor.py:830} INFO - Processing file /opt/airflow/dags/dbt_local_dag.py for tasks to queue
[2025-11-01T02:37:54.030+0000] {logging_mixin.py:188} INFO - [2025-11-01T02:37:54.028+0000] {dagbag.py:538} INFO - Filling up the DagBag from /opt/airflow/dags/dbt_local_dag.py
[2025-11-01T02:37:54.122+0000] {processor.py:840} INFO - DAG(s) 'dag_dbt_pipeline' retrieved from /opt/airflow/dags/dbt_local_dag.py
[2025-11-01T02:37:54.181+0000] {logging_mixin.py:188} INFO - [2025-11-01T02:37:54.180+0000] {dag.py:3036} INFO - Sync 1 DAGs
[2025-11-01T02:37:54.254+0000] {logging_mixin.py:188} INFO - [2025-11-01T02:37:54.254+0000] {dag.py:3823} INFO - Setting next_dagrun for dag_dbt_pipeline to 2025-11-01 00:00:00+00:00, run_after=2025-11-02 00:00:00+00:00
[2025-11-01T02:37:54.321+0000] {processor.py:183} INFO - Processing /opt/airflow/dags/dbt_local_dag.py took 0.329 seconds
[2025-11-01T02:38:26.981+0000] {processor.py:161} INFO - Started process (PID=967) to work on /opt/airflow/dags/dbt_local_dag.py
[2025-11-01T02:38:26.983+0000] {processor.py:830} INFO - Processing file /opt/airflow/dags/dbt_local_dag.py for tasks to queue
[2025-11-01T02:38:26.990+0000] {logging_mixin.py:188} INFO - [2025-11-01T02:38:26.985+0000] {dagbag.py:538} INFO - Filling up the DagBag from /opt/airflow/dags/dbt_local_dag.py
[2025-11-01T02:38:27.074+0000] {processor.py:840} INFO - DAG(s) 'dag_dbt_pipeline' retrieved from /opt/airflow/dags/dbt_local_dag.py
[2025-11-01T02:38:27.141+0000] {logging_mixin.py:188} INFO - [2025-11-01T02:38:27.141+0000] {dag.py:3036} INFO - Sync 1 DAGs
[2025-11-01T02:38:27.190+0000] {logging_mixin.py:188} INFO - [2025-11-01T02:38:27.189+0000] {dag.py:3823} INFO - Setting next_dagrun for dag_dbt_pipeline to 2025-11-01 00:00:00+00:00, run_after=2025-11-02 00:00:00+00:00
[2025-11-01T02:38:27.226+0000] {processor.py:183} INFO - Processing /opt/airflow/dags/dbt_local_dag.py took 0.269 seconds
[2025-11-01T02:38:59.214+0000] {processor.py:161} INFO - Started process (PID=979) to work on /opt/airflow/dags/dbt_local_dag.py
[2025-11-01T02:38:59.216+0000] {processor.py:830} INFO - Processing file /opt/airflow/dags/dbt_local_dag.py for tasks to queue
[2025-11-01T02:38:59.218+0000] {logging_mixin.py:188} INFO - [2025-11-01T02:38:59.217+0000] {dagbag.py:538} INFO - Filling up the DagBag from /opt/airflow/dags/dbt_local_dag.py
[2025-11-01T02:38:59.263+0000] {processor.py:840} INFO - DAG(s) 'dag_dbt_pipeline' retrieved from /opt/airflow/dags/dbt_local_dag.py
[2025-11-01T02:38:59.402+0000] {logging_mixin.py:188} INFO - [2025-11-01T02:38:59.402+0000] {dag.py:3036} INFO - Sync 1 DAGs
[2025-11-01T02:38:59.447+0000] {logging_mixin.py:188} INFO - [2025-11-01T02:38:59.446+0000] {dag.py:3823} INFO - Setting next_dagrun for dag_dbt_pipeline to 2025-11-01 00:00:00+00:00, run_after=2025-11-02 00:00:00+00:00
[2025-11-01T02:38:59.489+0000] {processor.py:183} INFO - Processing /opt/airflow/dags/dbt_local_dag.py took 0.283 seconds
[2025-11-01T02:39:32.269+0000] {processor.py:161} INFO - Started process (PID=991) to work on /opt/airflow/dags/dbt_local_dag.py
[2025-11-01T02:39:32.272+0000] {processor.py:830} INFO - Processing file /opt/airflow/dags/dbt_local_dag.py for tasks to queue
[2025-11-01T02:39:32.275+0000] {logging_mixin.py:188} INFO - [2025-11-01T02:39:32.274+0000] {dagbag.py:538} INFO - Filling up the DagBag from /opt/airflow/dags/dbt_local_dag.py
[2025-11-01T02:39:32.320+0000] {processor.py:840} INFO - DAG(s) 'dag_dbt_pipeline' retrieved from /opt/airflow/dags/dbt_local_dag.py
[2025-11-01T02:39:32.371+0000] {logging_mixin.py:188} INFO - [2025-11-01T02:39:32.371+0000] {dag.py:3036} INFO - Sync 1 DAGs
[2025-11-01T02:39:32.414+0000] {logging_mixin.py:188} INFO - [2025-11-01T02:39:32.414+0000] {dag.py:3823} INFO - Setting next_dagrun for dag_dbt_pipeline to 2025-11-01 00:00:00+00:00, run_after=2025-11-02 00:00:00+00:00
[2025-11-01T02:39:32.449+0000] {processor.py:183} INFO - Processing /opt/airflow/dags/dbt_local_dag.py took 0.191 seconds
[2025-11-01T02:40:04.494+0000] {processor.py:161} INFO - Started process (PID=1003) to work on /opt/airflow/dags/dbt_local_dag.py
[2025-11-01T02:40:04.499+0000] {processor.py:830} INFO - Processing file /opt/airflow/dags/dbt_local_dag.py for tasks to queue
[2025-11-01T02:40:04.503+0000] {logging_mixin.py:188} INFO - [2025-11-01T02:40:04.502+0000] {dagbag.py:538} INFO - Filling up the DagBag from /opt/airflow/dags/dbt_local_dag.py
[2025-11-01T02:40:04.554+0000] {processor.py:840} INFO - DAG(s) 'dag_dbt_pipeline' retrieved from /opt/airflow/dags/dbt_local_dag.py
[2025-11-01T02:40:04.621+0000] {logging_mixin.py:188} INFO - [2025-11-01T02:40:04.621+0000] {dag.py:3036} INFO - Sync 1 DAGs
[2025-11-01T02:40:04.660+0000] {logging_mixin.py:188} INFO - [2025-11-01T02:40:04.659+0000] {dag.py:3823} INFO - Setting next_dagrun for dag_dbt_pipeline to 2025-11-01 00:00:00+00:00, run_after=2025-11-02 00:00:00+00:00
[2025-11-01T02:40:04.713+0000] {processor.py:183} INFO - Processing /opt/airflow/dags/dbt_local_dag.py took 0.228 seconds
[2025-11-01T02:40:37.541+0000] {processor.py:161} INFO - Started process (PID=1015) to work on /opt/airflow/dags/dbt_local_dag.py
[2025-11-01T02:40:37.544+0000] {processor.py:830} INFO - Processing file /opt/airflow/dags/dbt_local_dag.py for tasks to queue
[2025-11-01T02:40:37.546+0000] {logging_mixin.py:188} INFO - [2025-11-01T02:40:37.546+0000] {dagbag.py:538} INFO - Filling up the DagBag from /opt/airflow/dags/dbt_local_dag.py
[2025-11-01T02:40:37.726+0000] {processor.py:840} INFO - DAG(s) 'dag_dbt_pipeline' retrieved from /opt/airflow/dags/dbt_local_dag.py
[2025-11-01T02:40:38.066+0000] {logging_mixin.py:188} INFO - [2025-11-01T02:40:38.065+0000] {dag.py:3036} INFO - Sync 1 DAGs
[2025-11-01T02:40:39.725+0000] {logging_mixin.py:188} INFO - [2025-11-01T02:40:39.725+0000] {dag.py:3823} INFO - Setting next_dagrun for dag_dbt_pipeline to 2025-11-01 00:00:00+00:00, run_after=2025-11-02 00:00:00+00:00
[2025-11-01T02:40:39.943+0000] {processor.py:183} INFO - Processing /opt/airflow/dags/dbt_local_dag.py took 2.422 seconds
[2025-11-01T02:41:10.534+0000] {processor.py:161} INFO - Started process (PID=1026) to work on /opt/airflow/dags/dbt_local_dag.py
[2025-11-01T02:41:10.539+0000] {processor.py:830} INFO - Processing file /opt/airflow/dags/dbt_local_dag.py for tasks to queue
[2025-11-01T02:41:10.546+0000] {logging_mixin.py:188} INFO - [2025-11-01T02:41:10.545+0000] {dagbag.py:538} INFO - Filling up the DagBag from /opt/airflow/dags/dbt_local_dag.py
[2025-11-01T02:41:10.606+0000] {processor.py:840} INFO - DAG(s) 'dag_dbt_pipeline' retrieved from /opt/airflow/dags/dbt_local_dag.py
[2025-11-01T02:41:10.655+0000] {logging_mixin.py:188} INFO - [2025-11-01T02:41:10.655+0000] {dag.py:3036} INFO - Sync 1 DAGs
[2025-11-01T02:41:10.703+0000] {logging_mixin.py:188} INFO - [2025-11-01T02:41:10.703+0000] {dag.py:3823} INFO - Setting next_dagrun for dag_dbt_pipeline to 2025-11-01 00:00:00+00:00, run_after=2025-11-02 00:00:00+00:00
[2025-11-01T02:41:10.758+0000] {processor.py:183} INFO - Processing /opt/airflow/dags/dbt_local_dag.py took 0.245 seconds
[2025-11-01T02:41:42.924+0000] {processor.py:161} INFO - Started process (PID=1038) to work on /opt/airflow/dags/dbt_local_dag.py
[2025-11-01T02:41:42.926+0000] {processor.py:830} INFO - Processing file /opt/airflow/dags/dbt_local_dag.py for tasks to queue
[2025-11-01T02:41:42.929+0000] {logging_mixin.py:188} INFO - [2025-11-01T02:41:42.928+0000] {dagbag.py:538} INFO - Filling up the DagBag from /opt/airflow/dags/dbt_local_dag.py
[2025-11-01T02:41:42.985+0000] {processor.py:840} INFO - DAG(s) 'dag_dbt_pipeline' retrieved from /opt/airflow/dags/dbt_local_dag.py
[2025-11-01T02:41:43.058+0000] {logging_mixin.py:188} INFO - [2025-11-01T02:41:43.058+0000] {dag.py:3036} INFO - Sync 1 DAGs
[2025-11-01T02:41:43.118+0000] {logging_mixin.py:188} INFO - [2025-11-01T02:41:43.118+0000] {dag.py:3823} INFO - Setting next_dagrun for dag_dbt_pipeline to 2025-11-01 00:00:00+00:00, run_after=2025-11-02 00:00:00+00:00
[2025-11-01T02:41:43.442+0000] {processor.py:183} INFO - Processing /opt/airflow/dags/dbt_local_dag.py took 0.527 seconds
[2025-11-01T02:42:15.639+0000] {processor.py:161} INFO - Started process (PID=1050) to work on /opt/airflow/dags/dbt_local_dag.py
[2025-11-01T02:42:15.643+0000] {processor.py:830} INFO - Processing file /opt/airflow/dags/dbt_local_dag.py for tasks to queue
[2025-11-01T02:42:15.648+0000] {logging_mixin.py:188} INFO - [2025-11-01T02:42:15.647+0000] {dagbag.py:538} INFO - Filling up the DagBag from /opt/airflow/dags/dbt_local_dag.py
[2025-11-01T02:42:15.692+0000] {processor.py:840} INFO - DAG(s) 'dag_dbt_pipeline' retrieved from /opt/airflow/dags/dbt_local_dag.py
[2025-11-01T02:42:15.769+0000] {logging_mixin.py:188} INFO - [2025-11-01T02:42:15.768+0000] {dag.py:3036} INFO - Sync 1 DAGs
[2025-11-01T02:42:15.826+0000] {logging_mixin.py:188} INFO - [2025-11-01T02:42:15.826+0000] {dag.py:3823} INFO - Setting next_dagrun for dag_dbt_pipeline to 2025-11-01 00:00:00+00:00, run_after=2025-11-02 00:00:00+00:00
[2025-11-01T02:42:15.873+0000] {processor.py:183} INFO - Processing /opt/airflow/dags/dbt_local_dag.py took 0.245 seconds
[2025-11-01T02:42:48.539+0000] {processor.py:161} INFO - Started process (PID=1062) to work on /opt/airflow/dags/dbt_local_dag.py
[2025-11-01T02:42:48.546+0000] {processor.py:830} INFO - Processing file /opt/airflow/dags/dbt_local_dag.py for tasks to queue
[2025-11-01T02:42:48.549+0000] {logging_mixin.py:188} INFO - [2025-11-01T02:42:48.548+0000] {dagbag.py:538} INFO - Filling up the DagBag from /opt/airflow/dags/dbt_local_dag.py
[2025-11-01T02:42:48.594+0000] {processor.py:840} INFO - DAG(s) 'dag_dbt_pipeline' retrieved from /opt/airflow/dags/dbt_local_dag.py
[2025-11-01T02:42:48.655+0000] {logging_mixin.py:188} INFO - [2025-11-01T02:42:48.655+0000] {dag.py:3036} INFO - Sync 1 DAGs
[2025-11-01T02:42:48.696+0000] {logging_mixin.py:188} INFO - [2025-11-01T02:42:48.696+0000] {dag.py:3823} INFO - Setting next_dagrun for dag_dbt_pipeline to 2025-11-01 00:00:00+00:00, run_after=2025-11-02 00:00:00+00:00
[2025-11-01T02:42:48.730+0000] {processor.py:183} INFO - Processing /opt/airflow/dags/dbt_local_dag.py took 0.200 seconds
[2025-11-01T02:43:21.400+0000] {processor.py:161} INFO - Started process (PID=1074) to work on /opt/airflow/dags/dbt_local_dag.py
[2025-11-01T02:43:21.402+0000] {processor.py:830} INFO - Processing file /opt/airflow/dags/dbt_local_dag.py for tasks to queue
[2025-11-01T02:43:21.405+0000] {logging_mixin.py:188} INFO - [2025-11-01T02:43:21.404+0000] {dagbag.py:538} INFO - Filling up the DagBag from /opt/airflow/dags/dbt_local_dag.py
[2025-11-01T02:43:21.450+0000] {processor.py:840} INFO - DAG(s) 'dag_dbt_pipeline' retrieved from /opt/airflow/dags/dbt_local_dag.py
[2025-11-01T02:43:21.541+0000] {logging_mixin.py:188} INFO - [2025-11-01T02:43:21.540+0000] {dag.py:3036} INFO - Sync 1 DAGs
[2025-11-01T02:43:21.603+0000] {logging_mixin.py:188} INFO - [2025-11-01T02:43:21.602+0000] {dag.py:3823} INFO - Setting next_dagrun for dag_dbt_pipeline to 2025-11-01 00:00:00+00:00, run_after=2025-11-02 00:00:00+00:00
[2025-11-01T02:43:21.651+0000] {processor.py:183} INFO - Processing /opt/airflow/dags/dbt_local_dag.py took 0.258 seconds
[2025-11-01T02:43:53.999+0000] {processor.py:161} INFO - Started process (PID=1087) to work on /opt/airflow/dags/dbt_local_dag.py
[2025-11-01T02:43:54.002+0000] {processor.py:830} INFO - Processing file /opt/airflow/dags/dbt_local_dag.py for tasks to queue
[2025-11-01T02:43:54.005+0000] {logging_mixin.py:188} INFO - [2025-11-01T02:43:54.004+0000] {dagbag.py:538} INFO - Filling up the DagBag from /opt/airflow/dags/dbt_local_dag.py
[2025-11-01T02:43:54.064+0000] {processor.py:840} INFO - DAG(s) 'dag_dbt_pipeline' retrieved from /opt/airflow/dags/dbt_local_dag.py
[2025-11-01T02:43:54.167+0000] {logging_mixin.py:188} INFO - [2025-11-01T02:43:54.167+0000] {dag.py:3036} INFO - Sync 1 DAGs
[2025-11-01T02:43:54.346+0000] {logging_mixin.py:188} INFO - [2025-11-01T02:43:54.345+0000] {dag.py:3823} INFO - Setting next_dagrun for dag_dbt_pipeline to 2025-11-01 00:00:00+00:00, run_after=2025-11-02 00:00:00+00:00
[2025-11-01T02:43:54.437+0000] {processor.py:183} INFO - Processing /opt/airflow/dags/dbt_local_dag.py took 0.451 seconds
[2025-11-01T02:44:26.374+0000] {processor.py:161} INFO - Started process (PID=1099) to work on /opt/airflow/dags/dbt_local_dag.py
[2025-11-01T02:44:26.376+0000] {processor.py:830} INFO - Processing file /opt/airflow/dags/dbt_local_dag.py for tasks to queue
[2025-11-01T02:44:26.378+0000] {logging_mixin.py:188} INFO - [2025-11-01T02:44:26.378+0000] {dagbag.py:538} INFO - Filling up the DagBag from /opt/airflow/dags/dbt_local_dag.py
[2025-11-01T02:44:26.426+0000] {processor.py:840} INFO - DAG(s) 'dag_dbt_pipeline' retrieved from /opt/airflow/dags/dbt_local_dag.py
[2025-11-01T02:44:26.482+0000] {logging_mixin.py:188} INFO - [2025-11-01T02:44:26.482+0000] {dag.py:3036} INFO - Sync 1 DAGs
[2025-11-01T02:44:26.535+0000] {logging_mixin.py:188} INFO - [2025-11-01T02:44:26.535+0000] {dag.py:3823} INFO - Setting next_dagrun for dag_dbt_pipeline to 2025-11-01 00:00:00+00:00, run_after=2025-11-02 00:00:00+00:00
[2025-11-01T02:44:26.576+0000] {processor.py:183} INFO - Processing /opt/airflow/dags/dbt_local_dag.py took 0.212 seconds
[2025-11-01T02:44:59.548+0000] {processor.py:161} INFO - Started process (PID=1111) to work on /opt/airflow/dags/dbt_local_dag.py
[2025-11-01T02:44:59.552+0000] {processor.py:830} INFO - Processing file /opt/airflow/dags/dbt_local_dag.py for tasks to queue
[2025-11-01T02:44:59.555+0000] {logging_mixin.py:188} INFO - [2025-11-01T02:44:59.554+0000] {dagbag.py:538} INFO - Filling up the DagBag from /opt/airflow/dags/dbt_local_dag.py
[2025-11-01T02:44:59.629+0000] {processor.py:840} INFO - DAG(s) 'dag_dbt_pipeline' retrieved from /opt/airflow/dags/dbt_local_dag.py
[2025-11-01T02:44:59.748+0000] {logging_mixin.py:188} INFO - [2025-11-01T02:44:59.747+0000] {dag.py:3036} INFO - Sync 1 DAGs
[2025-11-01T02:44:59.821+0000] {logging_mixin.py:188} INFO - [2025-11-01T02:44:59.821+0000] {dag.py:3823} INFO - Setting next_dagrun for dag_dbt_pipeline to 2025-11-01 00:00:00+00:00, run_after=2025-11-02 00:00:00+00:00
[2025-11-01T02:44:59.892+0000] {processor.py:183} INFO - Processing /opt/airflow/dags/dbt_local_dag.py took 0.356 seconds
[2025-11-01T02:45:32.208+0000] {processor.py:161} INFO - Started process (PID=1123) to work on /opt/airflow/dags/dbt_local_dag.py
[2025-11-01T02:45:32.210+0000] {processor.py:830} INFO - Processing file /opt/airflow/dags/dbt_local_dag.py for tasks to queue
[2025-11-01T02:45:32.212+0000] {logging_mixin.py:188} INFO - [2025-11-01T02:45:32.211+0000] {dagbag.py:538} INFO - Filling up the DagBag from /opt/airflow/dags/dbt_local_dag.py
[2025-11-01T02:45:32.248+0000] {processor.py:840} INFO - DAG(s) 'dag_dbt_pipeline' retrieved from /opt/airflow/dags/dbt_local_dag.py
[2025-11-01T02:45:32.286+0000] {logging_mixin.py:188} INFO - [2025-11-01T02:45:32.286+0000] {dag.py:3036} INFO - Sync 1 DAGs
[2025-11-01T02:45:32.326+0000] {logging_mixin.py:188} INFO - [2025-11-01T02:45:32.326+0000] {dag.py:3823} INFO - Setting next_dagrun for dag_dbt_pipeline to 2025-11-01 00:00:00+00:00, run_after=2025-11-02 00:00:00+00:00
[2025-11-01T02:45:33.155+0000] {processor.py:183} INFO - Processing /opt/airflow/dags/dbt_local_dag.py took 0.955 seconds
[2025-11-01T02:46:04.817+0000] {processor.py:161} INFO - Started process (PID=1135) to work on /opt/airflow/dags/dbt_local_dag.py
[2025-11-01T02:46:04.820+0000] {processor.py:830} INFO - Processing file /opt/airflow/dags/dbt_local_dag.py for tasks to queue
[2025-11-01T02:46:04.829+0000] {logging_mixin.py:188} INFO - [2025-11-01T02:46:04.828+0000] {dagbag.py:538} INFO - Filling up the DagBag from /opt/airflow/dags/dbt_local_dag.py
[2025-11-01T02:46:04.934+0000] {processor.py:840} INFO - DAG(s) 'dag_dbt_pipeline' retrieved from /opt/airflow/dags/dbt_local_dag.py
[2025-11-01T02:46:04.992+0000] {logging_mixin.py:188} INFO - [2025-11-01T02:46:04.992+0000] {dag.py:3036} INFO - Sync 1 DAGs
[2025-11-01T02:46:05.038+0000] {logging_mixin.py:188} INFO - [2025-11-01T02:46:05.038+0000] {dag.py:3823} INFO - Setting next_dagrun for dag_dbt_pipeline to 2025-11-01 00:00:00+00:00, run_after=2025-11-02 00:00:00+00:00
[2025-11-01T02:46:05.263+0000] {processor.py:183} INFO - Processing /opt/airflow/dags/dbt_local_dag.py took 0.457 seconds
[2025-11-01T02:46:37.357+0000] {processor.py:161} INFO - Started process (PID=1146) to work on /opt/airflow/dags/dbt_local_dag.py
[2025-11-01T02:46:37.362+0000] {processor.py:830} INFO - Processing file /opt/airflow/dags/dbt_local_dag.py for tasks to queue
[2025-11-01T02:46:37.365+0000] {logging_mixin.py:188} INFO - [2025-11-01T02:46:37.364+0000] {dagbag.py:538} INFO - Filling up the DagBag from /opt/airflow/dags/dbt_local_dag.py
[2025-11-01T02:46:37.422+0000] {processor.py:840} INFO - DAG(s) 'dag_dbt_pipeline' retrieved from /opt/airflow/dags/dbt_local_dag.py
[2025-11-01T02:46:37.501+0000] {logging_mixin.py:188} INFO - [2025-11-01T02:46:37.500+0000] {dag.py:3036} INFO - Sync 1 DAGs
[2025-11-01T02:46:37.679+0000] {logging_mixin.py:188} INFO - [2025-11-01T02:46:37.678+0000] {dag.py:3823} INFO - Setting next_dagrun for dag_dbt_pipeline to 2025-11-01 00:00:00+00:00, run_after=2025-11-02 00:00:00+00:00
[2025-11-01T02:46:37.972+0000] {processor.py:183} INFO - Processing /opt/airflow/dags/dbt_local_dag.py took 0.630 seconds
[2025-11-01T02:47:10.165+0000] {processor.py:161} INFO - Started process (PID=1158) to work on /opt/airflow/dags/dbt_local_dag.py
[2025-11-01T02:47:10.168+0000] {processor.py:830} INFO - Processing file /opt/airflow/dags/dbt_local_dag.py for tasks to queue
[2025-11-01T02:47:10.171+0000] {logging_mixin.py:188} INFO - [2025-11-01T02:47:10.170+0000] {dagbag.py:538} INFO - Filling up the DagBag from /opt/airflow/dags/dbt_local_dag.py
[2025-11-01T02:47:10.230+0000] {processor.py:840} INFO - DAG(s) 'dag_dbt_pipeline' retrieved from /opt/airflow/dags/dbt_local_dag.py
[2025-11-01T02:47:10.325+0000] {logging_mixin.py:188} INFO - [2025-11-01T02:47:10.325+0000] {dag.py:3036} INFO - Sync 1 DAGs
[2025-11-01T02:47:10.418+0000] {logging_mixin.py:188} INFO - [2025-11-01T02:47:10.417+0000] {dag.py:3823} INFO - Setting next_dagrun for dag_dbt_pipeline to 2025-11-01 00:00:00+00:00, run_after=2025-11-02 00:00:00+00:00
[2025-11-01T02:47:10.498+0000] {processor.py:183} INFO - Processing /opt/airflow/dags/dbt_local_dag.py took 0.346 seconds
[2025-11-01T02:47:42.854+0000] {processor.py:161} INFO - Started process (PID=1170) to work on /opt/airflow/dags/dbt_local_dag.py
[2025-11-01T02:47:42.856+0000] {processor.py:830} INFO - Processing file /opt/airflow/dags/dbt_local_dag.py for tasks to queue
[2025-11-01T02:47:42.858+0000] {logging_mixin.py:188} INFO - [2025-11-01T02:47:42.857+0000] {dagbag.py:538} INFO - Filling up the DagBag from /opt/airflow/dags/dbt_local_dag.py
[2025-11-01T02:47:42.902+0000] {processor.py:840} INFO - DAG(s) 'dag_dbt_pipeline' retrieved from /opt/airflow/dags/dbt_local_dag.py
[2025-11-01T02:47:42.979+0000] {logging_mixin.py:188} INFO - [2025-11-01T02:47:42.978+0000] {dag.py:3036} INFO - Sync 1 DAGs
[2025-11-01T02:47:43.030+0000] {logging_mixin.py:188} INFO - [2025-11-01T02:47:43.030+0000] {dag.py:3823} INFO - Setting next_dagrun for dag_dbt_pipeline to 2025-11-01 00:00:00+00:00, run_after=2025-11-02 00:00:00+00:00
[2025-11-01T02:47:43.074+0000] {processor.py:183} INFO - Processing /opt/airflow/dags/dbt_local_dag.py took 0.234 seconds
[2025-11-01T02:48:15.530+0000] {processor.py:161} INFO - Started process (PID=1182) to work on /opt/airflow/dags/dbt_local_dag.py
[2025-11-01T02:48:15.532+0000] {processor.py:830} INFO - Processing file /opt/airflow/dags/dbt_local_dag.py for tasks to queue
[2025-11-01T02:48:15.534+0000] {logging_mixin.py:188} INFO - [2025-11-01T02:48:15.534+0000] {dagbag.py:538} INFO - Filling up the DagBag from /opt/airflow/dags/dbt_local_dag.py
[2025-11-01T02:48:15.575+0000] {processor.py:840} INFO - DAG(s) 'dag_dbt_pipeline' retrieved from /opt/airflow/dags/dbt_local_dag.py
[2025-11-01T02:48:15.628+0000] {logging_mixin.py:188} INFO - [2025-11-01T02:48:15.627+0000] {dag.py:3036} INFO - Sync 1 DAGs
[2025-11-01T02:48:15.675+0000] {logging_mixin.py:188} INFO - [2025-11-01T02:48:15.674+0000] {dag.py:3823} INFO - Setting next_dagrun for dag_dbt_pipeline to 2025-11-01 00:00:00+00:00, run_after=2025-11-02 00:00:00+00:00
[2025-11-01T02:48:15.716+0000] {processor.py:183} INFO - Processing /opt/airflow/dags/dbt_local_dag.py took 0.197 seconds
[2025-11-01T02:48:48.504+0000] {processor.py:161} INFO - Started process (PID=1194) to work on /opt/airflow/dags/dbt_local_dag.py
[2025-11-01T02:48:48.507+0000] {processor.py:830} INFO - Processing file /opt/airflow/dags/dbt_local_dag.py for tasks to queue
[2025-11-01T02:48:48.509+0000] {logging_mixin.py:188} INFO - [2025-11-01T02:48:48.508+0000] {dagbag.py:538} INFO - Filling up the DagBag from /opt/airflow/dags/dbt_local_dag.py
[2025-11-01T02:48:48.584+0000] {processor.py:840} INFO - DAG(s) 'dag_dbt_pipeline' retrieved from /opt/airflow/dags/dbt_local_dag.py
[2025-11-01T02:48:48.655+0000] {logging_mixin.py:188} INFO - [2025-11-01T02:48:48.655+0000] {dag.py:3036} INFO - Sync 1 DAGs
[2025-11-01T02:48:48.709+0000] {logging_mixin.py:188} INFO - [2025-11-01T02:48:48.707+0000] {dag.py:3823} INFO - Setting next_dagrun for dag_dbt_pipeline to 2025-11-01 00:00:00+00:00, run_after=2025-11-02 00:00:00+00:00
[2025-11-01T02:48:48.768+0000] {processor.py:183} INFO - Processing /opt/airflow/dags/dbt_local_dag.py took 0.275 seconds
[2025-11-01T02:49:21.536+0000] {processor.py:161} INFO - Started process (PID=1206) to work on /opt/airflow/dags/dbt_local_dag.py
[2025-11-01T02:49:21.540+0000] {processor.py:830} INFO - Processing file /opt/airflow/dags/dbt_local_dag.py for tasks to queue
[2025-11-01T02:49:21.543+0000] {logging_mixin.py:188} INFO - [2025-11-01T02:49:21.542+0000] {dagbag.py:538} INFO - Filling up the DagBag from /opt/airflow/dags/dbt_local_dag.py
[2025-11-01T02:49:21.599+0000] {processor.py:840} INFO - DAG(s) 'dag_dbt_pipeline' retrieved from /opt/airflow/dags/dbt_local_dag.py
[2025-11-01T02:49:21.657+0000] {logging_mixin.py:188} INFO - [2025-11-01T02:49:21.656+0000] {dag.py:3036} INFO - Sync 1 DAGs
[2025-11-01T02:49:21.710+0000] {logging_mixin.py:188} INFO - [2025-11-01T02:49:21.708+0000] {dag.py:3823} INFO - Setting next_dagrun for dag_dbt_pipeline to 2025-11-01 00:00:00+00:00, run_after=2025-11-02 00:00:00+00:00
[2025-11-01T02:49:21.753+0000] {processor.py:183} INFO - Processing /opt/airflow/dags/dbt_local_dag.py took 0.228 seconds
[2025-11-01T02:49:53.780+0000] {processor.py:161} INFO - Started process (PID=1217) to work on /opt/airflow/dags/dbt_local_dag.py
[2025-11-01T02:49:53.783+0000] {processor.py:830} INFO - Processing file /opt/airflow/dags/dbt_local_dag.py for tasks to queue
[2025-11-01T02:49:53.787+0000] {logging_mixin.py:188} INFO - [2025-11-01T02:49:53.786+0000] {dagbag.py:538} INFO - Filling up the DagBag from /opt/airflow/dags/dbt_local_dag.py
[2025-11-01T02:49:53.846+0000] {processor.py:840} INFO - DAG(s) 'dag_dbt_pipeline' retrieved from /opt/airflow/dags/dbt_local_dag.py
[2025-11-01T02:49:53.903+0000] {logging_mixin.py:188} INFO - [2025-11-01T02:49:53.902+0000] {dag.py:3036} INFO - Sync 1 DAGs
[2025-11-01T02:49:53.958+0000] {logging_mixin.py:188} INFO - [2025-11-01T02:49:53.957+0000] {dag.py:3823} INFO - Setting next_dagrun for dag_dbt_pipeline to 2025-11-01 00:00:00+00:00, run_after=2025-11-02 00:00:00+00:00
[2025-11-01T02:49:53.999+0000] {processor.py:183} INFO - Processing /opt/airflow/dags/dbt_local_dag.py took 0.233 seconds
[2025-11-01T02:50:27.118+0000] {processor.py:161} INFO - Started process (PID=1229) to work on /opt/airflow/dags/dbt_local_dag.py
[2025-11-01T02:50:27.120+0000] {processor.py:830} INFO - Processing file /opt/airflow/dags/dbt_local_dag.py for tasks to queue
[2025-11-01T02:50:27.123+0000] {logging_mixin.py:188} INFO - [2025-11-01T02:50:27.122+0000] {dagbag.py:538} INFO - Filling up the DagBag from /opt/airflow/dags/dbt_local_dag.py
[2025-11-01T02:50:27.170+0000] {processor.py:840} INFO - DAG(s) 'dag_dbt_pipeline' retrieved from /opt/airflow/dags/dbt_local_dag.py
[2025-11-01T02:50:27.229+0000] {logging_mixin.py:188} INFO - [2025-11-01T02:50:27.228+0000] {dag.py:3036} INFO - Sync 1 DAGs
[2025-11-01T02:50:27.281+0000] {logging_mixin.py:188} INFO - [2025-11-01T02:50:27.280+0000] {dag.py:3823} INFO - Setting next_dagrun for dag_dbt_pipeline to 2025-11-01 00:00:00+00:00, run_after=2025-11-02 00:00:00+00:00
[2025-11-01T02:50:27.330+0000] {processor.py:183} INFO - Processing /opt/airflow/dags/dbt_local_dag.py took 0.221 seconds
[2025-11-01T02:50:59.694+0000] {processor.py:161} INFO - Started process (PID=1242) to work on /opt/airflow/dags/dbt_local_dag.py
[2025-11-01T02:50:59.696+0000] {processor.py:830} INFO - Processing file /opt/airflow/dags/dbt_local_dag.py for tasks to queue
[2025-11-01T02:50:59.699+0000] {logging_mixin.py:188} INFO - [2025-11-01T02:50:59.698+0000] {dagbag.py:538} INFO - Filling up the DagBag from /opt/airflow/dags/dbt_local_dag.py
[2025-11-01T02:50:59.815+0000] {processor.py:840} INFO - DAG(s) 'dag_dbt_pipeline' retrieved from /opt/airflow/dags/dbt_local_dag.py
[2025-11-01T02:50:59.933+0000] {logging_mixin.py:188} INFO - [2025-11-01T02:50:59.932+0000] {dag.py:3036} INFO - Sync 1 DAGs
[2025-11-01T02:51:00.026+0000] {logging_mixin.py:188} INFO - [2025-11-01T02:51:00.026+0000] {dag.py:3823} INFO - Setting next_dagrun for dag_dbt_pipeline to 2025-11-01 00:00:00+00:00, run_after=2025-11-02 00:00:00+00:00
[2025-11-01T02:51:00.158+0000] {processor.py:183} INFO - Processing /opt/airflow/dags/dbt_local_dag.py took 0.485 seconds
[2025-11-01T02:51:32.018+0000] {processor.py:161} INFO - Started process (PID=1254) to work on /opt/airflow/dags/dbt_local_dag.py
[2025-11-01T02:51:32.022+0000] {processor.py:830} INFO - Processing file /opt/airflow/dags/dbt_local_dag.py for tasks to queue
[2025-11-01T02:51:32.026+0000] {logging_mixin.py:188} INFO - [2025-11-01T02:51:32.026+0000] {dagbag.py:538} INFO - Filling up the DagBag from /opt/airflow/dags/dbt_local_dag.py
[2025-11-01T02:51:32.083+0000] {processor.py:840} INFO - DAG(s) 'dag_dbt_pipeline' retrieved from /opt/airflow/dags/dbt_local_dag.py
[2025-11-01T02:51:32.151+0000] {logging_mixin.py:188} INFO - [2025-11-01T02:51:32.150+0000] {dag.py:3036} INFO - Sync 1 DAGs
[2025-11-01T02:51:32.203+0000] {logging_mixin.py:188} INFO - [2025-11-01T02:51:32.202+0000] {dag.py:3823} INFO - Setting next_dagrun for dag_dbt_pipeline to 2025-11-01 00:00:00+00:00, run_after=2025-11-02 00:00:00+00:00
[2025-11-01T02:51:32.251+0000] {processor.py:183} INFO - Processing /opt/airflow/dags/dbt_local_dag.py took 0.243 seconds
[2025-11-01T02:52:05.442+0000] {processor.py:161} INFO - Started process (PID=1266) to work on /opt/airflow/dags/dbt_local_dag.py
[2025-11-01T02:52:05.445+0000] {processor.py:830} INFO - Processing file /opt/airflow/dags/dbt_local_dag.py for tasks to queue
[2025-11-01T02:52:05.449+0000] {logging_mixin.py:188} INFO - [2025-11-01T02:52:05.447+0000] {dagbag.py:538} INFO - Filling up the DagBag from /opt/airflow/dags/dbt_local_dag.py
[2025-11-01T02:52:05.501+0000] {processor.py:840} INFO - DAG(s) 'dag_dbt_pipeline' retrieved from /opt/airflow/dags/dbt_local_dag.py
[2025-11-01T02:52:05.568+0000] {logging_mixin.py:188} INFO - [2025-11-01T02:52:05.568+0000] {dag.py:3036} INFO - Sync 1 DAGs
[2025-11-01T02:52:05.623+0000] {logging_mixin.py:188} INFO - [2025-11-01T02:52:05.623+0000] {dag.py:3823} INFO - Setting next_dagrun for dag_dbt_pipeline to 2025-11-01 00:00:00+00:00, run_after=2025-11-02 00:00:00+00:00
[2025-11-01T02:52:05.677+0000] {processor.py:183} INFO - Processing /opt/airflow/dags/dbt_local_dag.py took 0.251 seconds
[2025-11-01T02:52:37.725+0000] {processor.py:161} INFO - Started process (PID=1278) to work on /opt/airflow/dags/dbt_local_dag.py
[2025-11-01T02:52:37.731+0000] {processor.py:830} INFO - Processing file /opt/airflow/dags/dbt_local_dag.py for tasks to queue
[2025-11-01T02:52:37.743+0000] {logging_mixin.py:188} INFO - [2025-11-01T02:52:37.741+0000] {dagbag.py:538} INFO - Filling up the DagBag from /opt/airflow/dags/dbt_local_dag.py
[2025-11-01T02:52:37.888+0000] {processor.py:840} INFO - DAG(s) 'dag_dbt_pipeline' retrieved from /opt/airflow/dags/dbt_local_dag.py
[2025-11-01T02:52:38.098+0000] {logging_mixin.py:188} INFO - [2025-11-01T02:52:38.097+0000] {dag.py:3036} INFO - Sync 1 DAGs
[2025-11-01T02:52:38.361+0000] {logging_mixin.py:188} INFO - [2025-11-01T02:52:38.360+0000] {dag.py:3823} INFO - Setting next_dagrun for dag_dbt_pipeline to 2025-11-01 00:00:00+00:00, run_after=2025-11-02 00:00:00+00:00
[2025-11-01T02:52:38.620+0000] {processor.py:183} INFO - Processing /opt/airflow/dags/dbt_local_dag.py took 0.919 seconds
[2025-11-01T02:53:10.106+0000] {processor.py:161} INFO - Started process (PID=1290) to work on /opt/airflow/dags/dbt_local_dag.py
[2025-11-01T02:53:10.108+0000] {processor.py:830} INFO - Processing file /opt/airflow/dags/dbt_local_dag.py for tasks to queue
[2025-11-01T02:53:10.111+0000] {logging_mixin.py:188} INFO - [2025-11-01T02:53:10.111+0000] {dagbag.py:538} INFO - Filling up the DagBag from /opt/airflow/dags/dbt_local_dag.py
[2025-11-01T02:53:10.189+0000] {processor.py:840} INFO - DAG(s) 'dag_dbt_pipeline' retrieved from /opt/airflow/dags/dbt_local_dag.py
[2025-11-01T02:53:10.250+0000] {logging_mixin.py:188} INFO - [2025-11-01T02:53:10.249+0000] {dag.py:3036} INFO - Sync 1 DAGs
[2025-11-01T02:53:10.296+0000] {logging_mixin.py:188} INFO - [2025-11-01T02:53:10.296+0000] {dag.py:3823} INFO - Setting next_dagrun for dag_dbt_pipeline to 2025-11-01 00:00:00+00:00, run_after=2025-11-02 00:00:00+00:00
[2025-11-01T02:53:10.334+0000] {processor.py:183} INFO - Processing /opt/airflow/dags/dbt_local_dag.py took 0.237 seconds
[2025-11-01T02:53:43.715+0000] {processor.py:161} INFO - Started process (PID=1302) to work on /opt/airflow/dags/dbt_local_dag.py
[2025-11-01T02:53:43.717+0000] {processor.py:830} INFO - Processing file /opt/airflow/dags/dbt_local_dag.py for tasks to queue
[2025-11-01T02:53:43.719+0000] {logging_mixin.py:188} INFO - [2025-11-01T02:53:43.719+0000] {dagbag.py:538} INFO - Filling up the DagBag from /opt/airflow/dags/dbt_local_dag.py
[2025-11-01T02:53:43.785+0000] {processor.py:840} INFO - DAG(s) 'dag_dbt_pipeline' retrieved from /opt/airflow/dags/dbt_local_dag.py
[2025-11-01T02:53:43.848+0000] {logging_mixin.py:188} INFO - [2025-11-01T02:53:43.847+0000] {dag.py:3036} INFO - Sync 1 DAGs
[2025-11-01T02:53:43.896+0000] {logging_mixin.py:188} INFO - [2025-11-01T02:53:43.895+0000] {dag.py:3823} INFO - Setting next_dagrun for dag_dbt_pipeline to 2025-11-01 00:00:00+00:00, run_after=2025-11-02 00:00:00+00:00
[2025-11-01T02:53:43.947+0000] {processor.py:183} INFO - Processing /opt/airflow/dags/dbt_local_dag.py took 0.244 seconds
[2025-11-01T02:54:16.084+0000] {processor.py:161} INFO - Started process (PID=1314) to work on /opt/airflow/dags/dbt_local_dag.py
[2025-11-01T02:54:16.087+0000] {processor.py:830} INFO - Processing file /opt/airflow/dags/dbt_local_dag.py for tasks to queue
[2025-11-01T02:54:16.099+0000] {logging_mixin.py:188} INFO - [2025-11-01T02:54:16.098+0000] {dagbag.py:538} INFO - Filling up the DagBag from /opt/airflow/dags/dbt_local_dag.py
[2025-11-01T02:54:16.168+0000] {processor.py:840} INFO - DAG(s) 'dag_dbt_pipeline' retrieved from /opt/airflow/dags/dbt_local_dag.py
[2025-11-01T02:54:16.303+0000] {logging_mixin.py:188} INFO - [2025-11-01T02:54:16.302+0000] {dag.py:3036} INFO - Sync 1 DAGs
[2025-11-01T02:54:16.394+0000] {logging_mixin.py:188} INFO - [2025-11-01T02:54:16.394+0000] {dag.py:3823} INFO - Setting next_dagrun for dag_dbt_pipeline to 2025-11-01 00:00:00+00:00, run_after=2025-11-02 00:00:00+00:00
[2025-11-01T02:54:16.459+0000] {processor.py:183} INFO - Processing /opt/airflow/dags/dbt_local_dag.py took 0.390 seconds
[2025-11-01T02:54:49.101+0000] {processor.py:161} INFO - Started process (PID=1327) to work on /opt/airflow/dags/dbt_local_dag.py
[2025-11-01T02:54:49.103+0000] {processor.py:830} INFO - Processing file /opt/airflow/dags/dbt_local_dag.py for tasks to queue
[2025-11-01T02:54:49.105+0000] {logging_mixin.py:188} INFO - [2025-11-01T02:54:49.105+0000] {dagbag.py:538} INFO - Filling up the DagBag from /opt/airflow/dags/dbt_local_dag.py
[2025-11-01T02:54:49.145+0000] {processor.py:840} INFO - DAG(s) 'dag_dbt_pipeline' retrieved from /opt/airflow/dags/dbt_local_dag.py
[2025-11-01T02:54:49.195+0000] {logging_mixin.py:188} INFO - [2025-11-01T02:54:49.194+0000] {dag.py:3036} INFO - Sync 1 DAGs
[2025-11-01T02:54:49.237+0000] {logging_mixin.py:188} INFO - [2025-11-01T02:54:49.236+0000] {dag.py:3823} INFO - Setting next_dagrun for dag_dbt_pipeline to 2025-11-01 00:00:00+00:00, run_after=2025-11-02 00:00:00+00:00
[2025-11-01T02:54:49.278+0000] {processor.py:183} INFO - Processing /opt/airflow/dags/dbt_local_dag.py took 0.186 seconds
[2025-11-01T02:55:21.494+0000] {processor.py:161} INFO - Started process (PID=1339) to work on /opt/airflow/dags/dbt_local_dag.py
[2025-11-01T02:55:21.497+0000] {processor.py:830} INFO - Processing file /opt/airflow/dags/dbt_local_dag.py for tasks to queue
[2025-11-01T02:55:21.500+0000] {logging_mixin.py:188} INFO - [2025-11-01T02:55:21.499+0000] {dagbag.py:538} INFO - Filling up the DagBag from /opt/airflow/dags/dbt_local_dag.py
[2025-11-01T02:55:21.543+0000] {processor.py:840} INFO - DAG(s) 'dag_dbt_pipeline' retrieved from /opt/airflow/dags/dbt_local_dag.py
[2025-11-01T02:55:21.600+0000] {logging_mixin.py:188} INFO - [2025-11-01T02:55:21.599+0000] {dag.py:3036} INFO - Sync 1 DAGs
[2025-11-01T02:55:21.661+0000] {logging_mixin.py:188} INFO - [2025-11-01T02:55:21.661+0000] {dag.py:3823} INFO - Setting next_dagrun for dag_dbt_pipeline to 2025-11-01 00:00:00+00:00, run_after=2025-11-02 00:00:00+00:00
[2025-11-01T02:55:21.706+0000] {processor.py:183} INFO - Processing /opt/airflow/dags/dbt_local_dag.py took 0.223 seconds
[2025-11-01T02:55:54.233+0000] {processor.py:161} INFO - Started process (PID=1351) to work on /opt/airflow/dags/dbt_local_dag.py
[2025-11-01T02:55:54.236+0000] {processor.py:830} INFO - Processing file /opt/airflow/dags/dbt_local_dag.py for tasks to queue
[2025-11-01T02:55:54.239+0000] {logging_mixin.py:188} INFO - [2025-11-01T02:55:54.238+0000] {dagbag.py:538} INFO - Filling up the DagBag from /opt/airflow/dags/dbt_local_dag.py
[2025-11-01T02:55:54.293+0000] {processor.py:840} INFO - DAG(s) 'dag_dbt_pipeline' retrieved from /opt/airflow/dags/dbt_local_dag.py
[2025-11-01T02:55:54.339+0000] {logging_mixin.py:188} INFO - [2025-11-01T02:55:54.338+0000] {dag.py:3036} INFO - Sync 1 DAGs
[2025-11-01T02:55:54.385+0000] {logging_mixin.py:188} INFO - [2025-11-01T02:55:54.384+0000] {dag.py:3823} INFO - Setting next_dagrun for dag_dbt_pipeline to 2025-11-01 00:00:00+00:00, run_after=2025-11-02 00:00:00+00:00
[2025-11-01T02:55:54.490+0000] {processor.py:183} INFO - Processing /opt/airflow/dags/dbt_local_dag.py took 0.267 seconds
[2025-11-01T02:56:26.493+0000] {processor.py:161} INFO - Started process (PID=1363) to work on /opt/airflow/dags/dbt_local_dag.py
[2025-11-01T02:56:26.495+0000] {processor.py:830} INFO - Processing file /opt/airflow/dags/dbt_local_dag.py for tasks to queue
[2025-11-01T02:56:26.497+0000] {logging_mixin.py:188} INFO - [2025-11-01T02:56:26.497+0000] {dagbag.py:538} INFO - Filling up the DagBag from /opt/airflow/dags/dbt_local_dag.py
[2025-11-01T02:56:26.536+0000] {processor.py:840} INFO - DAG(s) 'dag_dbt_pipeline' retrieved from /opt/airflow/dags/dbt_local_dag.py
[2025-11-01T02:56:26.594+0000] {logging_mixin.py:188} INFO - [2025-11-01T02:56:26.593+0000] {dag.py:3036} INFO - Sync 1 DAGs
[2025-11-01T02:56:26.632+0000] {logging_mixin.py:188} INFO - [2025-11-01T02:56:26.631+0000] {dag.py:3823} INFO - Setting next_dagrun for dag_dbt_pipeline to 2025-11-01 00:00:00+00:00, run_after=2025-11-02 00:00:00+00:00
[2025-11-01T02:56:26.676+0000] {processor.py:183} INFO - Processing /opt/airflow/dags/dbt_local_dag.py took 0.196 seconds
[2025-11-01T02:56:59.498+0000] {processor.py:161} INFO - Started process (PID=1375) to work on /opt/airflow/dags/dbt_local_dag.py
[2025-11-01T02:56:59.501+0000] {processor.py:830} INFO - Processing file /opt/airflow/dags/dbt_local_dag.py for tasks to queue
[2025-11-01T02:56:59.503+0000] {logging_mixin.py:188} INFO - [2025-11-01T02:56:59.502+0000] {dagbag.py:538} INFO - Filling up the DagBag from /opt/airflow/dags/dbt_local_dag.py
[2025-11-01T02:56:59.549+0000] {processor.py:840} INFO - DAG(s) 'dag_dbt_pipeline' retrieved from /opt/airflow/dags/dbt_local_dag.py
[2025-11-01T02:56:59.598+0000] {logging_mixin.py:188} INFO - [2025-11-01T02:56:59.598+0000] {dag.py:3036} INFO - Sync 1 DAGs
[2025-11-01T02:56:59.645+0000] {logging_mixin.py:188} INFO - [2025-11-01T02:56:59.645+0000] {dag.py:3823} INFO - Setting next_dagrun for dag_dbt_pipeline to 2025-11-01 00:00:00+00:00, run_after=2025-11-02 00:00:00+00:00
[2025-11-01T02:56:59.685+0000] {processor.py:183} INFO - Processing /opt/airflow/dags/dbt_local_dag.py took 0.194 seconds
[2025-11-01T02:57:32.581+0000] {processor.py:161} INFO - Started process (PID=1387) to work on /opt/airflow/dags/dbt_local_dag.py
[2025-11-01T02:57:32.583+0000] {processor.py:830} INFO - Processing file /opt/airflow/dags/dbt_local_dag.py for tasks to queue
[2025-11-01T02:57:32.586+0000] {logging_mixin.py:188} INFO - [2025-11-01T02:57:32.585+0000] {dagbag.py:538} INFO - Filling up the DagBag from /opt/airflow/dags/dbt_local_dag.py
[2025-11-01T02:57:32.623+0000] {processor.py:840} INFO - DAG(s) 'dag_dbt_pipeline' retrieved from /opt/airflow/dags/dbt_local_dag.py
[2025-11-01T02:57:32.667+0000] {logging_mixin.py:188} INFO - [2025-11-01T02:57:32.667+0000] {dag.py:3036} INFO - Sync 1 DAGs
[2025-11-01T02:57:32.708+0000] {logging_mixin.py:188} INFO - [2025-11-01T02:57:32.707+0000] {dag.py:3823} INFO - Setting next_dagrun for dag_dbt_pipeline to 2025-11-01 00:00:00+00:00, run_after=2025-11-02 00:00:00+00:00
[2025-11-01T02:57:32.763+0000] {processor.py:183} INFO - Processing /opt/airflow/dags/dbt_local_dag.py took 0.191 seconds
[2025-11-01T02:58:05.065+0000] {processor.py:161} INFO - Started process (PID=1399) to work on /opt/airflow/dags/dbt_local_dag.py
[2025-11-01T02:58:05.068+0000] {processor.py:830} INFO - Processing file /opt/airflow/dags/dbt_local_dag.py for tasks to queue
[2025-11-01T02:58:05.070+0000] {logging_mixin.py:188} INFO - [2025-11-01T02:58:05.069+0000] {dagbag.py:538} INFO - Filling up the DagBag from /opt/airflow/dags/dbt_local_dag.py
[2025-11-01T02:58:05.116+0000] {processor.py:840} INFO - DAG(s) 'dag_dbt_pipeline' retrieved from /opt/airflow/dags/dbt_local_dag.py
[2025-11-01T02:58:05.169+0000] {logging_mixin.py:188} INFO - [2025-11-01T02:58:05.169+0000] {dag.py:3036} INFO - Sync 1 DAGs
[2025-11-01T02:58:05.209+0000] {logging_mixin.py:188} INFO - [2025-11-01T02:58:05.209+0000] {dag.py:3823} INFO - Setting next_dagrun for dag_dbt_pipeline to 2025-11-01 00:00:00+00:00, run_after=2025-11-02 00:00:00+00:00
[2025-11-01T02:58:05.250+0000] {processor.py:183} INFO - Processing /opt/airflow/dags/dbt_local_dag.py took 0.193 seconds
[2025-11-01T02:58:37.525+0000] {processor.py:161} INFO - Started process (PID=1411) to work on /opt/airflow/dags/dbt_local_dag.py
[2025-11-01T02:58:37.527+0000] {processor.py:830} INFO - Processing file /opt/airflow/dags/dbt_local_dag.py for tasks to queue
[2025-11-01T02:58:37.529+0000] {logging_mixin.py:188} INFO - [2025-11-01T02:58:37.528+0000] {dagbag.py:538} INFO - Filling up the DagBag from /opt/airflow/dags/dbt_local_dag.py
[2025-11-01T02:58:37.567+0000] {processor.py:840} INFO - DAG(s) 'dag_dbt_pipeline' retrieved from /opt/airflow/dags/dbt_local_dag.py
[2025-11-01T02:58:37.620+0000] {logging_mixin.py:188} INFO - [2025-11-01T02:58:37.620+0000] {dag.py:3036} INFO - Sync 1 DAGs
[2025-11-01T02:58:37.665+0000] {logging_mixin.py:188} INFO - [2025-11-01T02:58:37.664+0000] {dag.py:3823} INFO - Setting next_dagrun for dag_dbt_pipeline to 2025-11-01 00:00:00+00:00, run_after=2025-11-02 00:00:00+00:00
[2025-11-01T02:58:37.706+0000] {processor.py:183} INFO - Processing /opt/airflow/dags/dbt_local_dag.py took 0.188 seconds
[2025-11-01T02:59:10.491+0000] {processor.py:161} INFO - Started process (PID=1423) to work on /opt/airflow/dags/dbt_local_dag.py
[2025-11-01T02:59:10.494+0000] {processor.py:830} INFO - Processing file /opt/airflow/dags/dbt_local_dag.py for tasks to queue
[2025-11-01T02:59:10.496+0000] {logging_mixin.py:188} INFO - [2025-11-01T02:59:10.495+0000] {dagbag.py:538} INFO - Filling up the DagBag from /opt/airflow/dags/dbt_local_dag.py
[2025-11-01T02:59:10.551+0000] {processor.py:840} INFO - DAG(s) 'dag_dbt_pipeline' retrieved from /opt/airflow/dags/dbt_local_dag.py
[2025-11-01T02:59:10.608+0000] {logging_mixin.py:188} INFO - [2025-11-01T02:59:10.607+0000] {dag.py:3036} INFO - Sync 1 DAGs
[2025-11-01T02:59:10.660+0000] {logging_mixin.py:188} INFO - [2025-11-01T02:59:10.659+0000] {dag.py:3823} INFO - Setting next_dagrun for dag_dbt_pipeline to 2025-11-01 00:00:00+00:00, run_after=2025-11-02 00:00:00+00:00
[2025-11-01T02:59:10.698+0000] {processor.py:183} INFO - Processing /opt/airflow/dags/dbt_local_dag.py took 0.215 seconds
[2025-11-01T02:59:43.380+0000] {processor.py:161} INFO - Started process (PID=1435) to work on /opt/airflow/dags/dbt_local_dag.py
[2025-11-01T02:59:43.382+0000] {processor.py:830} INFO - Processing file /opt/airflow/dags/dbt_local_dag.py for tasks to queue
[2025-11-01T02:59:43.385+0000] {logging_mixin.py:188} INFO - [2025-11-01T02:59:43.384+0000] {dagbag.py:538} INFO - Filling up the DagBag from /opt/airflow/dags/dbt_local_dag.py
[2025-11-01T02:59:43.430+0000] {processor.py:840} INFO - DAG(s) 'dag_dbt_pipeline' retrieved from /opt/airflow/dags/dbt_local_dag.py
[2025-11-01T02:59:43.474+0000] {logging_mixin.py:188} INFO - [2025-11-01T02:59:43.474+0000] {dag.py:3036} INFO - Sync 1 DAGs
[2025-11-01T02:59:43.513+0000] {logging_mixin.py:188} INFO - [2025-11-01T02:59:43.513+0000] {dag.py:3823} INFO - Setting next_dagrun for dag_dbt_pipeline to 2025-11-01 00:00:00+00:00, run_after=2025-11-02 00:00:00+00:00
[2025-11-01T02:59:43.561+0000] {processor.py:183} INFO - Processing /opt/airflow/dags/dbt_local_dag.py took 0.189 seconds
[2025-11-01T03:00:15.683+0000] {processor.py:161} INFO - Started process (PID=1447) to work on /opt/airflow/dags/dbt_local_dag.py
[2025-11-01T03:00:15.685+0000] {processor.py:830} INFO - Processing file /opt/airflow/dags/dbt_local_dag.py for tasks to queue
[2025-11-01T03:00:15.688+0000] {logging_mixin.py:188} INFO - [2025-11-01T03:00:15.687+0000] {dagbag.py:538} INFO - Filling up the DagBag from /opt/airflow/dags/dbt_local_dag.py
[2025-11-01T03:00:15.725+0000] {processor.py:840} INFO - DAG(s) 'dag_dbt_pipeline' retrieved from /opt/airflow/dags/dbt_local_dag.py
[2025-11-01T03:00:15.776+0000] {logging_mixin.py:188} INFO - [2025-11-01T03:00:15.776+0000] {dag.py:3036} INFO - Sync 1 DAGs
[2025-11-01T03:00:15.820+0000] {logging_mixin.py:188} INFO - [2025-11-01T03:00:15.820+0000] {dag.py:3823} INFO - Setting next_dagrun for dag_dbt_pipeline to 2025-11-01 00:00:00+00:00, run_after=2025-11-02 00:00:00+00:00
[2025-11-01T03:00:15.859+0000] {processor.py:183} INFO - Processing /opt/airflow/dags/dbt_local_dag.py took 0.184 seconds
[2025-11-01T03:00:49.080+0000] {processor.py:161} INFO - Started process (PID=1459) to work on /opt/airflow/dags/dbt_local_dag.py
[2025-11-01T03:00:49.082+0000] {processor.py:830} INFO - Processing file /opt/airflow/dags/dbt_local_dag.py for tasks to queue
[2025-11-01T03:00:49.084+0000] {logging_mixin.py:188} INFO - [2025-11-01T03:00:49.084+0000] {dagbag.py:538} INFO - Filling up the DagBag from /opt/airflow/dags/dbt_local_dag.py
[2025-11-01T03:00:49.123+0000] {processor.py:840} INFO - DAG(s) 'dag_dbt_pipeline' retrieved from /opt/airflow/dags/dbt_local_dag.py
[2025-11-01T03:00:49.189+0000] {logging_mixin.py:188} INFO - [2025-11-01T03:00:49.189+0000] {dag.py:3036} INFO - Sync 1 DAGs
[2025-11-01T03:00:49.246+0000] {logging_mixin.py:188} INFO - [2025-11-01T03:00:49.246+0000] {dag.py:3823} INFO - Setting next_dagrun for dag_dbt_pipeline to 2025-11-01 00:00:00+00:00, run_after=2025-11-02 00:00:00+00:00
[2025-11-01T03:00:49.303+0000] {processor.py:183} INFO - Processing /opt/airflow/dags/dbt_local_dag.py took 0.231 seconds
[2025-11-01T03:01:21.355+0000] {processor.py:161} INFO - Started process (PID=1471) to work on /opt/airflow/dags/dbt_local_dag.py
[2025-11-01T03:01:21.358+0000] {processor.py:830} INFO - Processing file /opt/airflow/dags/dbt_local_dag.py for tasks to queue
[2025-11-01T03:01:21.361+0000] {logging_mixin.py:188} INFO - [2025-11-01T03:01:21.360+0000] {dagbag.py:538} INFO - Filling up the DagBag from /opt/airflow/dags/dbt_local_dag.py
[2025-11-01T03:01:21.404+0000] {processor.py:840} INFO - DAG(s) 'dag_dbt_pipeline' retrieved from /opt/airflow/dags/dbt_local_dag.py
[2025-11-01T03:01:21.459+0000] {logging_mixin.py:188} INFO - [2025-11-01T03:01:21.459+0000] {dag.py:3036} INFO - Sync 1 DAGs
[2025-11-01T03:01:21.506+0000] {logging_mixin.py:188} INFO - [2025-11-01T03:01:21.505+0000] {dag.py:3823} INFO - Setting next_dagrun for dag_dbt_pipeline to 2025-11-01 00:00:00+00:00, run_after=2025-11-02 00:00:00+00:00
[2025-11-01T03:01:21.543+0000] {processor.py:183} INFO - Processing /opt/airflow/dags/dbt_local_dag.py took 0.195 seconds
[2025-11-01T03:01:54.047+0000] {processor.py:161} INFO - Started process (PID=1483) to work on /opt/airflow/dags/dbt_local_dag.py
[2025-11-01T03:01:54.050+0000] {processor.py:830} INFO - Processing file /opt/airflow/dags/dbt_local_dag.py for tasks to queue
[2025-11-01T03:01:54.053+0000] {logging_mixin.py:188} INFO - [2025-11-01T03:01:54.052+0000] {dagbag.py:538} INFO - Filling up the DagBag from /opt/airflow/dags/dbt_local_dag.py
[2025-11-01T03:01:54.103+0000] {processor.py:840} INFO - DAG(s) 'dag_dbt_pipeline' retrieved from /opt/airflow/dags/dbt_local_dag.py
[2025-11-01T03:01:54.162+0000] {logging_mixin.py:188} INFO - [2025-11-01T03:01:54.162+0000] {dag.py:3036} INFO - Sync 1 DAGs
[2025-11-01T03:01:54.204+0000] {logging_mixin.py:188} INFO - [2025-11-01T03:01:54.203+0000] {dag.py:3823} INFO - Setting next_dagrun for dag_dbt_pipeline to 2025-11-01 00:00:00+00:00, run_after=2025-11-02 00:00:00+00:00
[2025-11-01T03:01:54.250+0000] {processor.py:183} INFO - Processing /opt/airflow/dags/dbt_local_dag.py took 0.211 seconds
[2025-11-01T03:02:27.383+0000] {processor.py:161} INFO - Started process (PID=1495) to work on /opt/airflow/dags/dbt_local_dag.py
[2025-11-01T03:02:27.386+0000] {processor.py:830} INFO - Processing file /opt/airflow/dags/dbt_local_dag.py for tasks to queue
[2025-11-01T03:02:27.389+0000] {logging_mixin.py:188} INFO - [2025-11-01T03:02:27.388+0000] {dagbag.py:538} INFO - Filling up the DagBag from /opt/airflow/dags/dbt_local_dag.py
[2025-11-01T03:02:27.437+0000] {processor.py:840} INFO - DAG(s) 'dag_dbt_pipeline' retrieved from /opt/airflow/dags/dbt_local_dag.py
[2025-11-01T03:02:27.494+0000] {logging_mixin.py:188} INFO - [2025-11-01T03:02:27.494+0000] {dag.py:3036} INFO - Sync 1 DAGs
[2025-11-01T03:02:27.547+0000] {logging_mixin.py:188} INFO - [2025-11-01T03:02:27.546+0000] {dag.py:3823} INFO - Setting next_dagrun for dag_dbt_pipeline to 2025-11-01 00:00:00+00:00, run_after=2025-11-02 00:00:00+00:00
[2025-11-01T03:02:27.598+0000] {processor.py:183} INFO - Processing /opt/airflow/dags/dbt_local_dag.py took 0.226 seconds
[2025-11-01T03:02:59.383+0000] {processor.py:161} INFO - Started process (PID=1507) to work on /opt/airflow/dags/dbt_local_dag.py
[2025-11-01T03:02:59.385+0000] {processor.py:830} INFO - Processing file /opt/airflow/dags/dbt_local_dag.py for tasks to queue
[2025-11-01T03:02:59.390+0000] {logging_mixin.py:188} INFO - [2025-11-01T03:02:59.389+0000] {dagbag.py:538} INFO - Filling up the DagBag from /opt/airflow/dags/dbt_local_dag.py
[2025-11-01T03:02:59.480+0000] {processor.py:840} INFO - DAG(s) 'dag_dbt_pipeline' retrieved from /opt/airflow/dags/dbt_local_dag.py
[2025-11-01T03:02:59.549+0000] {logging_mixin.py:188} INFO - [2025-11-01T03:02:59.549+0000] {dag.py:3036} INFO - Sync 1 DAGs
[2025-11-01T03:02:59.615+0000] {logging_mixin.py:188} INFO - [2025-11-01T03:02:59.615+0000] {dag.py:3823} INFO - Setting next_dagrun for dag_dbt_pipeline to 2025-11-01 00:00:00+00:00, run_after=2025-11-02 00:00:00+00:00
[2025-11-01T03:02:59.697+0000] {processor.py:183} INFO - Processing /opt/airflow/dags/dbt_local_dag.py took 0.331 seconds
[2025-11-01T03:03:34.051+0000] {processor.py:161} INFO - Started process (PID=1519) to work on /opt/airflow/dags/dbt_local_dag.py
[2025-11-01T03:03:34.054+0000] {processor.py:830} INFO - Processing file /opt/airflow/dags/dbt_local_dag.py for tasks to queue
[2025-11-01T03:03:34.057+0000] {logging_mixin.py:188} INFO - [2025-11-01T03:03:34.056+0000] {dagbag.py:538} INFO - Filling up the DagBag from /opt/airflow/dags/dbt_local_dag.py
[2025-11-01T03:03:34.097+0000] {processor.py:840} INFO - DAG(s) 'dag_dbt_pipeline' retrieved from /opt/airflow/dags/dbt_local_dag.py
[2025-11-01T03:03:34.149+0000] {logging_mixin.py:188} INFO - [2025-11-01T03:03:34.149+0000] {dag.py:3036} INFO - Sync 1 DAGs
[2025-11-01T03:03:34.208+0000] {logging_mixin.py:188} INFO - [2025-11-01T03:03:34.208+0000] {dag.py:3823} INFO - Setting next_dagrun for dag_dbt_pipeline to 2025-11-01 00:00:00+00:00, run_after=2025-11-02 00:00:00+00:00
[2025-11-01T03:03:34.343+0000] {processor.py:183} INFO - Processing /opt/airflow/dags/dbt_local_dag.py took 0.303 seconds
[2025-11-01T03:04:04.946+0000] {processor.py:161} INFO - Started process (PID=1532) to work on /opt/airflow/dags/dbt_local_dag.py
[2025-11-01T03:04:04.949+0000] {processor.py:830} INFO - Processing file /opt/airflow/dags/dbt_local_dag.py for tasks to queue
[2025-11-01T03:04:04.952+0000] {logging_mixin.py:188} INFO - [2025-11-01T03:04:04.951+0000] {dagbag.py:538} INFO - Filling up the DagBag from /opt/airflow/dags/dbt_local_dag.py
[2025-11-01T03:04:05.011+0000] {processor.py:840} INFO - DAG(s) 'dag_dbt_pipeline' retrieved from /opt/airflow/dags/dbt_local_dag.py
[2025-11-01T03:04:05.087+0000] {logging_mixin.py:188} INFO - [2025-11-01T03:04:05.086+0000] {dag.py:3036} INFO - Sync 1 DAGs
[2025-11-01T03:04:05.146+0000] {logging_mixin.py:188} INFO - [2025-11-01T03:04:05.146+0000] {dag.py:3823} INFO - Setting next_dagrun for dag_dbt_pipeline to 2025-11-01 00:00:00+00:00, run_after=2025-11-02 00:00:00+00:00
[2025-11-01T03:04:05.211+0000] {processor.py:183} INFO - Processing /opt/airflow/dags/dbt_local_dag.py took 0.275 seconds
[2025-11-01T03:04:38.417+0000] {processor.py:161} INFO - Started process (PID=1544) to work on /opt/airflow/dags/dbt_local_dag.py
[2025-11-01T03:04:38.422+0000] {processor.py:830} INFO - Processing file /opt/airflow/dags/dbt_local_dag.py for tasks to queue
[2025-11-01T03:04:38.425+0000] {logging_mixin.py:188} INFO - [2025-11-01T03:04:38.425+0000] {dagbag.py:538} INFO - Filling up the DagBag from /opt/airflow/dags/dbt_local_dag.py
[2025-11-01T03:04:38.485+0000] {processor.py:840} INFO - DAG(s) 'dag_dbt_pipeline' retrieved from /opt/airflow/dags/dbt_local_dag.py
[2025-11-01T03:04:38.566+0000] {logging_mixin.py:188} INFO - [2025-11-01T03:04:38.565+0000] {dag.py:3036} INFO - Sync 1 DAGs
[2025-11-01T03:04:38.718+0000] {logging_mixin.py:188} INFO - [2025-11-01T03:04:38.718+0000] {dag.py:3823} INFO - Setting next_dagrun for dag_dbt_pipeline to 2025-11-01 00:00:00+00:00, run_after=2025-11-02 00:00:00+00:00
[2025-11-01T03:04:39.027+0000] {processor.py:183} INFO - Processing /opt/airflow/dags/dbt_local_dag.py took 0.627 seconds
[2025-11-01T03:05:11.057+0000] {processor.py:161} INFO - Started process (PID=1556) to work on /opt/airflow/dags/dbt_local_dag.py
[2025-11-01T03:05:11.060+0000] {processor.py:830} INFO - Processing file /opt/airflow/dags/dbt_local_dag.py for tasks to queue
[2025-11-01T03:05:11.063+0000] {logging_mixin.py:188} INFO - [2025-11-01T03:05:11.063+0000] {dagbag.py:538} INFO - Filling up the DagBag from /opt/airflow/dags/dbt_local_dag.py
[2025-11-01T03:05:11.124+0000] {processor.py:840} INFO - DAG(s) 'dag_dbt_pipeline' retrieved from /opt/airflow/dags/dbt_local_dag.py
[2025-11-01T03:05:11.244+0000] {logging_mixin.py:188} INFO - [2025-11-01T03:05:11.243+0000] {dag.py:3036} INFO - Sync 1 DAGs
[2025-11-01T03:05:11.302+0000] {logging_mixin.py:188} INFO - [2025-11-01T03:05:11.302+0000] {dag.py:3823} INFO - Setting next_dagrun for dag_dbt_pipeline to 2025-11-01 00:00:00+00:00, run_after=2025-11-02 00:00:00+00:00
[2025-11-01T03:05:11.373+0000] {processor.py:183} INFO - Processing /opt/airflow/dags/dbt_local_dag.py took 0.327 seconds
[2025-11-01T03:05:43.150+0000] {processor.py:161} INFO - Started process (PID=1568) to work on /opt/airflow/dags/dbt_local_dag.py
[2025-11-01T03:05:43.157+0000] {processor.py:830} INFO - Processing file /opt/airflow/dags/dbt_local_dag.py for tasks to queue
[2025-11-01T03:05:43.161+0000] {logging_mixin.py:188} INFO - [2025-11-01T03:05:43.160+0000] {dagbag.py:538} INFO - Filling up the DagBag from /opt/airflow/dags/dbt_local_dag.py
[2025-11-01T03:05:43.240+0000] {processor.py:840} INFO - DAG(s) 'dag_dbt_pipeline' retrieved from /opt/airflow/dags/dbt_local_dag.py
[2025-11-01T03:05:43.343+0000] {logging_mixin.py:188} INFO - [2025-11-01T03:05:43.341+0000] {dag.py:3036} INFO - Sync 1 DAGs
[2025-11-01T03:05:43.439+0000] {logging_mixin.py:188} INFO - [2025-11-01T03:05:43.438+0000] {dag.py:3823} INFO - Setting next_dagrun for dag_dbt_pipeline to 2025-11-01 00:00:00+00:00, run_after=2025-11-02 00:00:00+00:00
[2025-11-01T03:05:43.493+0000] {processor.py:183} INFO - Processing /opt/airflow/dags/dbt_local_dag.py took 0.356 seconds
[2025-11-01T03:06:15.892+0000] {processor.py:161} INFO - Started process (PID=1580) to work on /opt/airflow/dags/dbt_local_dag.py
[2025-11-01T03:06:15.895+0000] {processor.py:830} INFO - Processing file /opt/airflow/dags/dbt_local_dag.py for tasks to queue
[2025-11-01T03:06:15.897+0000] {logging_mixin.py:188} INFO - [2025-11-01T03:06:15.896+0000] {dagbag.py:538} INFO - Filling up the DagBag from /opt/airflow/dags/dbt_local_dag.py
[2025-11-01T03:06:15.965+0000] {processor.py:840} INFO - DAG(s) 'dag_dbt_pipeline' retrieved from /opt/airflow/dags/dbt_local_dag.py
[2025-11-01T03:06:16.046+0000] {logging_mixin.py:188} INFO - [2025-11-01T03:06:16.045+0000] {dag.py:3036} INFO - Sync 1 DAGs
[2025-11-01T03:06:16.125+0000] {logging_mixin.py:188} INFO - [2025-11-01T03:06:16.124+0000] {dag.py:3823} INFO - Setting next_dagrun for dag_dbt_pipeline to 2025-11-01 00:00:00+00:00, run_after=2025-11-02 00:00:00+00:00
[2025-11-01T03:06:16.243+0000] {processor.py:183} INFO - Processing /opt/airflow/dags/dbt_local_dag.py took 0.368 seconds
[2025-11-01T03:06:49.025+0000] {processor.py:161} INFO - Started process (PID=1593) to work on /opt/airflow/dags/dbt_local_dag.py
[2025-11-01T03:06:49.032+0000] {processor.py:830} INFO - Processing file /opt/airflow/dags/dbt_local_dag.py for tasks to queue
[2025-11-01T03:06:49.042+0000] {logging_mixin.py:188} INFO - [2025-11-01T03:06:49.041+0000] {dagbag.py:538} INFO - Filling up the DagBag from /opt/airflow/dags/dbt_local_dag.py
[2025-11-01T03:06:49.165+0000] {processor.py:840} INFO - DAG(s) 'dag_dbt_pipeline' retrieved from /opt/airflow/dags/dbt_local_dag.py
[2025-11-01T03:06:49.256+0000] {logging_mixin.py:188} INFO - [2025-11-01T03:06:49.256+0000] {dag.py:3036} INFO - Sync 1 DAGs
[2025-11-01T03:06:49.358+0000] {logging_mixin.py:188} INFO - [2025-11-01T03:06:49.358+0000] {dag.py:3823} INFO - Setting next_dagrun for dag_dbt_pipeline to 2025-11-01 00:00:00+00:00, run_after=2025-11-02 00:00:00+00:00
[2025-11-01T03:06:49.413+0000] {processor.py:183} INFO - Processing /opt/airflow/dags/dbt_local_dag.py took 0.412 seconds
[2025-11-01T03:07:21.629+0000] {processor.py:161} INFO - Started process (PID=1605) to work on /opt/airflow/dags/dbt_local_dag.py
[2025-11-01T03:07:21.631+0000] {processor.py:830} INFO - Processing file /opt/airflow/dags/dbt_local_dag.py for tasks to queue
[2025-11-01T03:07:21.634+0000] {logging_mixin.py:188} INFO - [2025-11-01T03:07:21.633+0000] {dagbag.py:538} INFO - Filling up the DagBag from /opt/airflow/dags/dbt_local_dag.py
[2025-11-01T03:07:21.702+0000] {processor.py:840} INFO - DAG(s) 'dag_dbt_pipeline' retrieved from /opt/airflow/dags/dbt_local_dag.py
[2025-11-01T03:07:21.790+0000] {logging_mixin.py:188} INFO - [2025-11-01T03:07:21.790+0000] {dag.py:3036} INFO - Sync 1 DAGs
[2025-11-01T03:07:21.852+0000] {logging_mixin.py:188} INFO - [2025-11-01T03:07:21.852+0000] {dag.py:3823} INFO - Setting next_dagrun for dag_dbt_pipeline to 2025-11-01 00:00:00+00:00, run_after=2025-11-02 00:00:00+00:00
[2025-11-01T03:07:21.939+0000] {processor.py:183} INFO - Processing /opt/airflow/dags/dbt_local_dag.py took 0.319 seconds
[2025-11-01T03:07:54.067+0000] {processor.py:161} INFO - Started process (PID=1618) to work on /opt/airflow/dags/dbt_local_dag.py
[2025-11-01T03:07:54.070+0000] {processor.py:830} INFO - Processing file /opt/airflow/dags/dbt_local_dag.py for tasks to queue
[2025-11-01T03:07:54.073+0000] {logging_mixin.py:188} INFO - [2025-11-01T03:07:54.072+0000] {dagbag.py:538} INFO - Filling up the DagBag from /opt/airflow/dags/dbt_local_dag.py
[2025-11-01T03:07:54.138+0000] {processor.py:840} INFO - DAG(s) 'dag_dbt_pipeline' retrieved from /opt/airflow/dags/dbt_local_dag.py
[2025-11-01T03:07:54.222+0000] {logging_mixin.py:188} INFO - [2025-11-01T03:07:54.221+0000] {dag.py:3036} INFO - Sync 1 DAGs
[2025-11-01T03:07:54.317+0000] {logging_mixin.py:188} INFO - [2025-11-01T03:07:54.316+0000] {dag.py:3823} INFO - Setting next_dagrun for dag_dbt_pipeline to 2025-11-01 00:00:00+00:00, run_after=2025-11-02 00:00:00+00:00
[2025-11-01T03:07:54.399+0000] {processor.py:183} INFO - Processing /opt/airflow/dags/dbt_local_dag.py took 0.343 seconds
[2025-11-01T03:08:27.196+0000] {processor.py:161} INFO - Started process (PID=1630) to work on /opt/airflow/dags/dbt_local_dag.py
[2025-11-01T03:08:27.204+0000] {processor.py:830} INFO - Processing file /opt/airflow/dags/dbt_local_dag.py for tasks to queue
[2025-11-01T03:08:27.213+0000] {logging_mixin.py:188} INFO - [2025-11-01T03:08:27.210+0000] {dagbag.py:538} INFO - Filling up the DagBag from /opt/airflow/dags/dbt_local_dag.py
[2025-11-01T03:08:27.293+0000] {processor.py:840} INFO - DAG(s) 'dag_dbt_pipeline' retrieved from /opt/airflow/dags/dbt_local_dag.py
[2025-11-01T03:08:27.448+0000] {logging_mixin.py:188} INFO - [2025-11-01T03:08:27.448+0000] {dag.py:3036} INFO - Sync 1 DAGs
[2025-11-01T03:08:27.522+0000] {logging_mixin.py:188} INFO - [2025-11-01T03:08:27.522+0000] {dag.py:3823} INFO - Setting next_dagrun for dag_dbt_pipeline to 2025-11-01 00:00:00+00:00, run_after=2025-11-02 00:00:00+00:00
[2025-11-01T03:08:27.590+0000] {processor.py:183} INFO - Processing /opt/airflow/dags/dbt_local_dag.py took 0.420 seconds
[2025-11-01T03:08:59.697+0000] {processor.py:161} INFO - Started process (PID=1642) to work on /opt/airflow/dags/dbt_local_dag.py
[2025-11-01T03:08:59.701+0000] {processor.py:830} INFO - Processing file /opt/airflow/dags/dbt_local_dag.py for tasks to queue
[2025-11-01T03:08:59.704+0000] {logging_mixin.py:188} INFO - [2025-11-01T03:08:59.704+0000] {dagbag.py:538} INFO - Filling up the DagBag from /opt/airflow/dags/dbt_local_dag.py
[2025-11-01T03:08:59.777+0000] {processor.py:840} INFO - DAG(s) 'dag_dbt_pipeline' retrieved from /opt/airflow/dags/dbt_local_dag.py
[2025-11-01T03:08:59.985+0000] {logging_mixin.py:188} INFO - [2025-11-01T03:08:59.984+0000] {dag.py:3036} INFO - Sync 1 DAGs
[2025-11-01T03:09:00.132+0000] {logging_mixin.py:188} INFO - [2025-11-01T03:09:00.131+0000] {dag.py:3823} INFO - Setting next_dagrun for dag_dbt_pipeline to 2025-11-01 00:00:00+00:00, run_after=2025-11-02 00:00:00+00:00
[2025-11-01T03:09:00.249+0000] {processor.py:183} INFO - Processing /opt/airflow/dags/dbt_local_dag.py took 0.577 seconds
[2025-11-01T03:09:32.654+0000] {processor.py:161} INFO - Started process (PID=1654) to work on /opt/airflow/dags/dbt_local_dag.py
[2025-11-01T03:09:32.660+0000] {processor.py:830} INFO - Processing file /opt/airflow/dags/dbt_local_dag.py for tasks to queue
[2025-11-01T03:09:32.663+0000] {logging_mixin.py:188} INFO - [2025-11-01T03:09:32.662+0000] {dagbag.py:538} INFO - Filling up the DagBag from /opt/airflow/dags/dbt_local_dag.py
[2025-11-01T03:09:32.770+0000] {processor.py:840} INFO - DAG(s) 'dag_dbt_pipeline' retrieved from /opt/airflow/dags/dbt_local_dag.py
[2025-11-01T03:09:32.895+0000] {logging_mixin.py:188} INFO - [2025-11-01T03:09:32.891+0000] {dag.py:3036} INFO - Sync 1 DAGs
[2025-11-01T03:09:32.995+0000] {logging_mixin.py:188} INFO - [2025-11-01T03:09:32.994+0000] {dag.py:3823} INFO - Setting next_dagrun for dag_dbt_pipeline to 2025-11-01 00:00:00+00:00, run_after=2025-11-02 00:00:00+00:00
[2025-11-01T03:09:33.077+0000] {processor.py:183} INFO - Processing /opt/airflow/dags/dbt_local_dag.py took 0.447 seconds
[2025-11-01T03:10:05.242+0000] {processor.py:161} INFO - Started process (PID=1666) to work on /opt/airflow/dags/dbt_local_dag.py
[2025-11-01T03:10:05.246+0000] {processor.py:830} INFO - Processing file /opt/airflow/dags/dbt_local_dag.py for tasks to queue
[2025-11-01T03:10:05.250+0000] {logging_mixin.py:188} INFO - [2025-11-01T03:10:05.249+0000] {dagbag.py:538} INFO - Filling up the DagBag from /opt/airflow/dags/dbt_local_dag.py
[2025-11-01T03:10:05.338+0000] {processor.py:840} INFO - DAG(s) 'dag_dbt_pipeline' retrieved from /opt/airflow/dags/dbt_local_dag.py
[2025-11-01T03:10:05.455+0000] {logging_mixin.py:188} INFO - [2025-11-01T03:10:05.454+0000] {dag.py:3036} INFO - Sync 1 DAGs
[2025-11-01T03:10:05.577+0000] {logging_mixin.py:188} INFO - [2025-11-01T03:10:05.576+0000] {dag.py:3823} INFO - Setting next_dagrun for dag_dbt_pipeline to 2025-11-01 00:00:00+00:00, run_after=2025-11-02 00:00:00+00:00
[2025-11-01T03:10:05.678+0000] {processor.py:183} INFO - Processing /opt/airflow/dags/dbt_local_dag.py took 0.460 seconds
[2025-11-01T03:10:38.230+0000] {processor.py:161} INFO - Started process (PID=1678) to work on /opt/airflow/dags/dbt_local_dag.py
[2025-11-01T03:10:38.238+0000] {processor.py:830} INFO - Processing file /opt/airflow/dags/dbt_local_dag.py for tasks to queue
[2025-11-01T03:10:38.253+0000] {logging_mixin.py:188} INFO - [2025-11-01T03:10:38.251+0000] {dagbag.py:538} INFO - Filling up the DagBag from /opt/airflow/dags/dbt_local_dag.py
[2025-11-01T03:10:38.402+0000] {processor.py:840} INFO - DAG(s) 'dag_dbt_pipeline' retrieved from /opt/airflow/dags/dbt_local_dag.py
[2025-11-01T03:10:38.566+0000] {logging_mixin.py:188} INFO - [2025-11-01T03:10:38.565+0000] {dag.py:3036} INFO - Sync 1 DAGs
[2025-11-01T03:10:38.768+0000] {logging_mixin.py:188} INFO - [2025-11-01T03:10:38.767+0000] {dag.py:3823} INFO - Setting next_dagrun for dag_dbt_pipeline to 2025-11-01 00:00:00+00:00, run_after=2025-11-02 00:00:00+00:00
[2025-11-01T03:10:38.860+0000] {processor.py:183} INFO - Processing /opt/airflow/dags/dbt_local_dag.py took 0.679 seconds
[2025-11-01T03:11:10.669+0000] {processor.py:161} INFO - Started process (PID=1690) to work on /opt/airflow/dags/dbt_local_dag.py
[2025-11-01T03:11:10.673+0000] {processor.py:830} INFO - Processing file /opt/airflow/dags/dbt_local_dag.py for tasks to queue
[2025-11-01T03:11:10.676+0000] {logging_mixin.py:188} INFO - [2025-11-01T03:11:10.676+0000] {dagbag.py:538} INFO - Filling up the DagBag from /opt/airflow/dags/dbt_local_dag.py
[2025-11-01T03:11:10.756+0000] {processor.py:840} INFO - DAG(s) 'dag_dbt_pipeline' retrieved from /opt/airflow/dags/dbt_local_dag.py
[2025-11-01T03:11:10.893+0000] {logging_mixin.py:188} INFO - [2025-11-01T03:11:10.893+0000] {dag.py:3036} INFO - Sync 1 DAGs
[2025-11-01T03:11:10.974+0000] {logging_mixin.py:188} INFO - [2025-11-01T03:11:10.967+0000] {dag.py:3823} INFO - Setting next_dagrun for dag_dbt_pipeline to 2025-11-01 00:00:00+00:00, run_after=2025-11-02 00:00:00+00:00
[2025-11-01T03:11:11.045+0000] {processor.py:183} INFO - Processing /opt/airflow/dags/dbt_local_dag.py took 0.393 seconds
[2025-11-01T03:11:44.032+0000] {processor.py:161} INFO - Started process (PID=1702) to work on /opt/airflow/dags/dbt_local_dag.py
[2025-11-01T03:11:44.038+0000] {processor.py:830} INFO - Processing file /opt/airflow/dags/dbt_local_dag.py for tasks to queue
[2025-11-01T03:11:44.041+0000] {logging_mixin.py:188} INFO - [2025-11-01T03:11:44.041+0000] {dagbag.py:538} INFO - Filling up the DagBag from /opt/airflow/dags/dbt_local_dag.py
[2025-11-01T03:11:44.186+0000] {processor.py:840} INFO - DAG(s) 'dag_dbt_pipeline' retrieved from /opt/airflow/dags/dbt_local_dag.py
[2025-11-01T03:11:44.320+0000] {logging_mixin.py:188} INFO - [2025-11-01T03:11:44.320+0000] {dag.py:3036} INFO - Sync 1 DAGs
[2025-11-01T03:11:44.441+0000] {logging_mixin.py:188} INFO - [2025-11-01T03:11:44.440+0000] {dag.py:3823} INFO - Setting next_dagrun for dag_dbt_pipeline to 2025-11-01 00:00:00+00:00, run_after=2025-11-02 00:00:00+00:00
[2025-11-01T03:11:44.583+0000] {processor.py:183} INFO - Processing /opt/airflow/dags/dbt_local_dag.py took 0.563 seconds
[2025-11-01T03:12:16.204+0000] {processor.py:161} INFO - Started process (PID=1714) to work on /opt/airflow/dags/dbt_local_dag.py
[2025-11-01T03:12:16.207+0000] {processor.py:830} INFO - Processing file /opt/airflow/dags/dbt_local_dag.py for tasks to queue
[2025-11-01T03:12:16.214+0000] {logging_mixin.py:188} INFO - [2025-11-01T03:12:16.210+0000] {dagbag.py:538} INFO - Filling up the DagBag from /opt/airflow/dags/dbt_local_dag.py
[2025-11-01T03:12:16.300+0000] {processor.py:840} INFO - DAG(s) 'dag_dbt_pipeline' retrieved from /opt/airflow/dags/dbt_local_dag.py
[2025-11-01T03:12:16.385+0000] {logging_mixin.py:188} INFO - [2025-11-01T03:12:16.385+0000] {dag.py:3036} INFO - Sync 1 DAGs
[2025-11-01T03:12:16.454+0000] {logging_mixin.py:188} INFO - [2025-11-01T03:12:16.454+0000] {dag.py:3823} INFO - Setting next_dagrun for dag_dbt_pipeline to 2025-11-01 00:00:00+00:00, run_after=2025-11-02 00:00:00+00:00
[2025-11-01T03:12:16.510+0000] {processor.py:183} INFO - Processing /opt/airflow/dags/dbt_local_dag.py took 0.317 seconds
[2025-11-01T03:12:48.793+0000] {processor.py:161} INFO - Started process (PID=1726) to work on /opt/airflow/dags/dbt_local_dag.py
[2025-11-01T03:12:48.797+0000] {processor.py:830} INFO - Processing file /opt/airflow/dags/dbt_local_dag.py for tasks to queue
[2025-11-01T03:12:48.808+0000] {logging_mixin.py:188} INFO - [2025-11-01T03:12:48.807+0000] {dagbag.py:538} INFO - Filling up the DagBag from /opt/airflow/dags/dbt_local_dag.py
[2025-11-01T03:12:48.898+0000] {processor.py:840} INFO - DAG(s) 'dag_dbt_pipeline' retrieved from /opt/airflow/dags/dbt_local_dag.py
[2025-11-01T03:12:49.023+0000] {logging_mixin.py:188} INFO - [2025-11-01T03:12:49.022+0000] {dag.py:3036} INFO - Sync 1 DAGs
[2025-11-01T03:12:49.239+0000] {logging_mixin.py:188} INFO - [2025-11-01T03:12:49.233+0000] {dag.py:3823} INFO - Setting next_dagrun for dag_dbt_pipeline to 2025-11-01 00:00:00+00:00, run_after=2025-11-02 00:00:00+00:00
[2025-11-01T03:12:49.468+0000] {processor.py:183} INFO - Processing /opt/airflow/dags/dbt_local_dag.py took 0.708 seconds
[2025-11-01T03:13:21.377+0000] {processor.py:161} INFO - Started process (PID=1738) to work on /opt/airflow/dags/dbt_local_dag.py
[2025-11-01T03:13:21.379+0000] {processor.py:830} INFO - Processing file /opt/airflow/dags/dbt_local_dag.py for tasks to queue
[2025-11-01T03:13:21.383+0000] {logging_mixin.py:188} INFO - [2025-11-01T03:13:21.382+0000] {dagbag.py:538} INFO - Filling up the DagBag from /opt/airflow/dags/dbt_local_dag.py
[2025-11-01T03:13:21.458+0000] {processor.py:840} INFO - DAG(s) 'dag_dbt_pipeline' retrieved from /opt/airflow/dags/dbt_local_dag.py
[2025-11-01T03:13:21.535+0000] {logging_mixin.py:188} INFO - [2025-11-01T03:13:21.535+0000] {dag.py:3036} INFO - Sync 1 DAGs
[2025-11-01T03:13:21.600+0000] {logging_mixin.py:188} INFO - [2025-11-01T03:13:21.599+0000] {dag.py:3823} INFO - Setting next_dagrun for dag_dbt_pipeline to 2025-11-01 00:00:00+00:00, run_after=2025-11-02 00:00:00+00:00
[2025-11-01T03:13:21.655+0000] {processor.py:183} INFO - Processing /opt/airflow/dags/dbt_local_dag.py took 0.289 seconds
[2025-11-01T03:13:54.795+0000] {processor.py:161} INFO - Started process (PID=1751) to work on /opt/airflow/dags/dbt_local_dag.py
[2025-11-01T03:13:54.899+0000] {processor.py:830} INFO - Processing file /opt/airflow/dags/dbt_local_dag.py for tasks to queue
[2025-11-01T03:13:54.930+0000] {logging_mixin.py:188} INFO - [2025-11-01T03:13:54.929+0000] {dagbag.py:538} INFO - Filling up the DagBag from /opt/airflow/dags/dbt_local_dag.py
[2025-11-01T03:13:55.032+0000] {processor.py:840} INFO - DAG(s) 'dag_dbt_pipeline' retrieved from /opt/airflow/dags/dbt_local_dag.py
[2025-11-01T03:13:55.128+0000] {logging_mixin.py:188} INFO - [2025-11-01T03:13:55.127+0000] {dag.py:3036} INFO - Sync 1 DAGs
[2025-11-01T03:13:55.255+0000] {logging_mixin.py:188} INFO - [2025-11-01T03:13:55.255+0000] {dag.py:3823} INFO - Setting next_dagrun for dag_dbt_pipeline to 2025-11-01 00:00:00+00:00, run_after=2025-11-02 00:00:00+00:00
[2025-11-01T03:13:55.332+0000] {processor.py:183} INFO - Processing /opt/airflow/dags/dbt_local_dag.py took 0.555 seconds
[2025-11-01T03:14:27.108+0000] {processor.py:161} INFO - Started process (PID=1763) to work on /opt/airflow/dags/dbt_local_dag.py
[2025-11-01T03:14:27.112+0000] {processor.py:830} INFO - Processing file /opt/airflow/dags/dbt_local_dag.py for tasks to queue
[2025-11-01T03:14:27.115+0000] {logging_mixin.py:188} INFO - [2025-11-01T03:14:27.114+0000] {dagbag.py:538} INFO - Filling up the DagBag from /opt/airflow/dags/dbt_local_dag.py
[2025-11-01T03:14:27.175+0000] {processor.py:840} INFO - DAG(s) 'dag_dbt_pipeline' retrieved from /opt/airflow/dags/dbt_local_dag.py
[2025-11-01T03:14:27.276+0000] {logging_mixin.py:188} INFO - [2025-11-01T03:14:27.274+0000] {dag.py:3036} INFO - Sync 1 DAGs
[2025-11-01T03:14:27.395+0000] {logging_mixin.py:188} INFO - [2025-11-01T03:14:27.394+0000] {dag.py:3823} INFO - Setting next_dagrun for dag_dbt_pipeline to 2025-11-01 00:00:00+00:00, run_after=2025-11-02 00:00:00+00:00
[2025-11-01T03:14:27.473+0000] {processor.py:183} INFO - Processing /opt/airflow/dags/dbt_local_dag.py took 0.376 seconds
[2025-11-01T03:14:59.976+0000] {processor.py:161} INFO - Started process (PID=1775) to work on /opt/airflow/dags/dbt_local_dag.py
[2025-11-01T03:14:59.983+0000] {processor.py:830} INFO - Processing file /opt/airflow/dags/dbt_local_dag.py for tasks to queue
[2025-11-01T03:14:59.987+0000] {logging_mixin.py:188} INFO - [2025-11-01T03:14:59.986+0000] {dagbag.py:538} INFO - Filling up the DagBag from /opt/airflow/dags/dbt_local_dag.py
[2025-11-01T03:15:00.065+0000] {processor.py:840} INFO - DAG(s) 'dag_dbt_pipeline' retrieved from /opt/airflow/dags/dbt_local_dag.py
[2025-11-01T03:15:00.151+0000] {logging_mixin.py:188} INFO - [2025-11-01T03:15:00.151+0000] {dag.py:3036} INFO - Sync 1 DAGs
[2025-11-01T03:15:00.221+0000] {logging_mixin.py:188} INFO - [2025-11-01T03:15:00.220+0000] {dag.py:3823} INFO - Setting next_dagrun for dag_dbt_pipeline to 2025-11-01 00:00:00+00:00, run_after=2025-11-02 00:00:00+00:00
[2025-11-01T03:15:00.301+0000] {processor.py:183} INFO - Processing /opt/airflow/dags/dbt_local_dag.py took 0.341 seconds
[2025-11-01T03:15:32.944+0000] {processor.py:161} INFO - Started process (PID=1787) to work on /opt/airflow/dags/dbt_local_dag.py
[2025-11-01T03:15:32.948+0000] {processor.py:830} INFO - Processing file /opt/airflow/dags/dbt_local_dag.py for tasks to queue
[2025-11-01T03:15:32.951+0000] {logging_mixin.py:188} INFO - [2025-11-01T03:15:32.950+0000] {dagbag.py:538} INFO - Filling up the DagBag from /opt/airflow/dags/dbt_local_dag.py
[2025-11-01T03:15:33.017+0000] {processor.py:840} INFO - DAG(s) 'dag_dbt_pipeline' retrieved from /opt/airflow/dags/dbt_local_dag.py
[2025-11-01T03:15:33.115+0000] {logging_mixin.py:188} INFO - [2025-11-01T03:15:33.114+0000] {dag.py:3036} INFO - Sync 1 DAGs
[2025-11-01T03:15:33.216+0000] {logging_mixin.py:188} INFO - [2025-11-01T03:15:33.215+0000] {dag.py:3823} INFO - Setting next_dagrun for dag_dbt_pipeline to 2025-11-01 00:00:00+00:00, run_after=2025-11-02 00:00:00+00:00
[2025-11-01T03:15:33.320+0000] {processor.py:183} INFO - Processing /opt/airflow/dags/dbt_local_dag.py took 0.386 seconds
[2025-11-01T03:16:05.873+0000] {processor.py:161} INFO - Started process (PID=1798) to work on /opt/airflow/dags/dbt_local_dag.py
[2025-11-01T03:16:05.877+0000] {processor.py:830} INFO - Processing file /opt/airflow/dags/dbt_local_dag.py for tasks to queue
[2025-11-01T03:16:05.882+0000] {logging_mixin.py:188} INFO - [2025-11-01T03:16:05.881+0000] {dagbag.py:538} INFO - Filling up the DagBag from /opt/airflow/dags/dbt_local_dag.py
[2025-11-01T03:16:05.960+0000] {processor.py:840} INFO - DAG(s) 'dag_dbt_pipeline' retrieved from /opt/airflow/dags/dbt_local_dag.py
[2025-11-01T03:16:06.045+0000] {logging_mixin.py:188} INFO - [2025-11-01T03:16:06.045+0000] {dag.py:3036} INFO - Sync 1 DAGs
[2025-11-01T03:16:06.124+0000] {logging_mixin.py:188} INFO - [2025-11-01T03:16:06.123+0000] {dag.py:3823} INFO - Setting next_dagrun for dag_dbt_pipeline to 2025-11-01 00:00:00+00:00, run_after=2025-11-02 00:00:00+00:00
[2025-11-01T03:16:06.206+0000] {processor.py:183} INFO - Processing /opt/airflow/dags/dbt_local_dag.py took 0.355 seconds
[2025-11-01T03:16:38.480+0000] {processor.py:161} INFO - Started process (PID=1810) to work on /opt/airflow/dags/dbt_local_dag.py
[2025-11-01T03:16:38.488+0000] {processor.py:830} INFO - Processing file /opt/airflow/dags/dbt_local_dag.py for tasks to queue
[2025-11-01T03:16:38.496+0000] {logging_mixin.py:188} INFO - [2025-11-01T03:16:38.495+0000] {dagbag.py:538} INFO - Filling up the DagBag from /opt/airflow/dags/dbt_local_dag.py
[2025-11-01T03:16:38.639+0000] {processor.py:840} INFO - DAG(s) 'dag_dbt_pipeline' retrieved from /opt/airflow/dags/dbt_local_dag.py
[2025-11-01T03:16:38.878+0000] {logging_mixin.py:188} INFO - [2025-11-01T03:16:38.877+0000] {dag.py:3036} INFO - Sync 1 DAGs
[2025-11-01T03:16:39.113+0000] {logging_mixin.py:188} INFO - [2025-11-01T03:16:39.111+0000] {dag.py:3823} INFO - Setting next_dagrun for dag_dbt_pipeline to 2025-11-01 00:00:00+00:00, run_after=2025-11-02 00:00:00+00:00
[2025-11-01T03:16:39.365+0000] {processor.py:183} INFO - Processing /opt/airflow/dags/dbt_local_dag.py took 0.904 seconds
[2025-11-01T03:17:10.719+0000] {processor.py:161} INFO - Started process (PID=1823) to work on /opt/airflow/dags/dbt_local_dag.py
[2025-11-01T03:17:10.729+0000] {processor.py:830} INFO - Processing file /opt/airflow/dags/dbt_local_dag.py for tasks to queue
[2025-11-01T03:17:10.733+0000] {logging_mixin.py:188} INFO - [2025-11-01T03:17:10.732+0000] {dagbag.py:538} INFO - Filling up the DagBag from /opt/airflow/dags/dbt_local_dag.py
[2025-11-01T03:17:10.831+0000] {processor.py:840} INFO - DAG(s) 'dag_dbt_pipeline' retrieved from /opt/airflow/dags/dbt_local_dag.py
[2025-11-01T03:17:11.011+0000] {logging_mixin.py:188} INFO - [2025-11-01T03:17:11.011+0000] {dag.py:3036} INFO - Sync 1 DAGs
[2025-11-01T03:17:11.138+0000] {logging_mixin.py:188} INFO - [2025-11-01T03:17:11.138+0000] {dag.py:3823} INFO - Setting next_dagrun for dag_dbt_pipeline to 2025-11-01 00:00:00+00:00, run_after=2025-11-02 00:00:00+00:00
[2025-11-01T03:17:11.306+0000] {processor.py:183} INFO - Processing /opt/airflow/dags/dbt_local_dag.py took 0.595 seconds
[2025-11-01T03:17:43.655+0000] {processor.py:161} INFO - Started process (PID=1835) to work on /opt/airflow/dags/dbt_local_dag.py
[2025-11-01T03:17:43.670+0000] {processor.py:830} INFO - Processing file /opt/airflow/dags/dbt_local_dag.py for tasks to queue
[2025-11-01T03:17:43.678+0000] {logging_mixin.py:188} INFO - [2025-11-01T03:17:43.675+0000] {dagbag.py:538} INFO - Filling up the DagBag from /opt/airflow/dags/dbt_local_dag.py
[2025-11-01T03:17:43.791+0000] {processor.py:840} INFO - DAG(s) 'dag_dbt_pipeline' retrieved from /opt/airflow/dags/dbt_local_dag.py
[2025-11-01T03:17:44.064+0000] {logging_mixin.py:188} INFO - [2025-11-01T03:17:44.063+0000] {dag.py:3036} INFO - Sync 1 DAGs
[2025-11-01T03:17:44.205+0000] {logging_mixin.py:188} INFO - [2025-11-01T03:17:44.205+0000] {dag.py:3823} INFO - Setting next_dagrun for dag_dbt_pipeline to 2025-11-01 00:00:00+00:00, run_after=2025-11-02 00:00:00+00:00
[2025-11-01T03:17:44.322+0000] {processor.py:183} INFO - Processing /opt/airflow/dags/dbt_local_dag.py took 0.874 seconds
[2025-11-01T03:18:16.699+0000] {processor.py:161} INFO - Started process (PID=1847) to work on /opt/airflow/dags/dbt_local_dag.py
[2025-11-01T03:18:16.701+0000] {processor.py:830} INFO - Processing file /opt/airflow/dags/dbt_local_dag.py for tasks to queue
[2025-11-01T03:18:16.704+0000] {logging_mixin.py:188} INFO - [2025-11-01T03:18:16.703+0000] {dagbag.py:538} INFO - Filling up the DagBag from /opt/airflow/dags/dbt_local_dag.py
[2025-11-01T03:18:16.759+0000] {processor.py:840} INFO - DAG(s) 'dag_dbt_pipeline' retrieved from /opt/airflow/dags/dbt_local_dag.py
[2025-11-01T03:18:16.823+0000] {logging_mixin.py:188} INFO - [2025-11-01T03:18:16.823+0000] {dag.py:3036} INFO - Sync 1 DAGs
[2025-11-01T03:18:16.873+0000] {logging_mixin.py:188} INFO - [2025-11-01T03:18:16.873+0000] {dag.py:3823} INFO - Setting next_dagrun for dag_dbt_pipeline to 2025-11-01 00:00:00+00:00, run_after=2025-11-02 00:00:00+00:00
[2025-11-01T03:18:16.933+0000] {processor.py:183} INFO - Processing /opt/airflow/dags/dbt_local_dag.py took 0.246 seconds
[2025-11-01T03:18:49.260+0000] {processor.py:161} INFO - Started process (PID=1858) to work on /opt/airflow/dags/dbt_local_dag.py
[2025-11-01T03:18:49.263+0000] {processor.py:830} INFO - Processing file /opt/airflow/dags/dbt_local_dag.py for tasks to queue
[2025-11-01T03:18:49.266+0000] {logging_mixin.py:188} INFO - [2025-11-01T03:18:49.265+0000] {dagbag.py:538} INFO - Filling up the DagBag from /opt/airflow/dags/dbt_local_dag.py
[2025-11-01T03:18:49.333+0000] {processor.py:840} INFO - DAG(s) 'dag_dbt_pipeline' retrieved from /opt/airflow/dags/dbt_local_dag.py
[2025-11-01T03:18:49.450+0000] {logging_mixin.py:188} INFO - [2025-11-01T03:18:49.449+0000] {dag.py:3036} INFO - Sync 1 DAGs
[2025-11-01T03:18:49.520+0000] {logging_mixin.py:188} INFO - [2025-11-01T03:18:49.519+0000] {dag.py:3823} INFO - Setting next_dagrun for dag_dbt_pipeline to 2025-11-01 00:00:00+00:00, run_after=2025-11-02 00:00:00+00:00
[2025-11-01T03:18:49.587+0000] {processor.py:183} INFO - Processing /opt/airflow/dags/dbt_local_dag.py took 0.341 seconds
[2025-11-01T03:19:21.709+0000] {processor.py:161} INFO - Started process (PID=1870) to work on /opt/airflow/dags/dbt_local_dag.py
[2025-11-01T03:19:21.713+0000] {processor.py:830} INFO - Processing file /opt/airflow/dags/dbt_local_dag.py for tasks to queue
[2025-11-01T03:19:21.719+0000] {logging_mixin.py:188} INFO - [2025-11-01T03:19:21.718+0000] {dagbag.py:538} INFO - Filling up the DagBag from /opt/airflow/dags/dbt_local_dag.py
[2025-11-01T03:19:21.789+0000] {processor.py:840} INFO - DAG(s) 'dag_dbt_pipeline' retrieved from /opt/airflow/dags/dbt_local_dag.py
[2025-11-01T03:19:21.877+0000] {logging_mixin.py:188} INFO - [2025-11-01T03:19:21.877+0000] {dag.py:3036} INFO - Sync 1 DAGs
[2025-11-01T03:19:21.962+0000] {logging_mixin.py:188} INFO - [2025-11-01T03:19:21.961+0000] {dag.py:3823} INFO - Setting next_dagrun for dag_dbt_pipeline to 2025-11-01 00:00:00+00:00, run_after=2025-11-02 00:00:00+00:00
[2025-11-01T03:19:22.024+0000] {processor.py:183} INFO - Processing /opt/airflow/dags/dbt_local_dag.py took 0.327 seconds
[2025-11-01T03:19:54.325+0000] {processor.py:161} INFO - Started process (PID=1882) to work on /opt/airflow/dags/dbt_local_dag.py
[2025-11-01T03:19:54.330+0000] {processor.py:830} INFO - Processing file /opt/airflow/dags/dbt_local_dag.py for tasks to queue
[2025-11-01T03:19:54.332+0000] {logging_mixin.py:188} INFO - [2025-11-01T03:19:54.332+0000] {dagbag.py:538} INFO - Filling up the DagBag from /opt/airflow/dags/dbt_local_dag.py
[2025-11-01T03:19:54.410+0000] {processor.py:840} INFO - DAG(s) 'dag_dbt_pipeline' retrieved from /opt/airflow/dags/dbt_local_dag.py
[2025-11-01T03:19:54.508+0000] {logging_mixin.py:188} INFO - [2025-11-01T03:19:54.507+0000] {dag.py:3036} INFO - Sync 1 DAGs
[2025-11-01T03:19:54.598+0000] {logging_mixin.py:188} INFO - [2025-11-01T03:19:54.597+0000] {dag.py:3823} INFO - Setting next_dagrun for dag_dbt_pipeline to 2025-11-01 00:00:00+00:00, run_after=2025-11-02 00:00:00+00:00
[2025-11-01T03:19:54.689+0000] {processor.py:183} INFO - Processing /opt/airflow/dags/dbt_local_dag.py took 0.381 seconds
[2025-11-01T03:20:27.279+0000] {processor.py:161} INFO - Started process (PID=1894) to work on /opt/airflow/dags/dbt_local_dag.py
[2025-11-01T03:20:27.283+0000] {processor.py:830} INFO - Processing file /opt/airflow/dags/dbt_local_dag.py for tasks to queue
[2025-11-01T03:20:27.289+0000] {logging_mixin.py:188} INFO - [2025-11-01T03:20:27.288+0000] {dagbag.py:538} INFO - Filling up the DagBag from /opt/airflow/dags/dbt_local_dag.py
[2025-11-01T03:20:27.345+0000] {processor.py:840} INFO - DAG(s) 'dag_dbt_pipeline' retrieved from /opt/airflow/dags/dbt_local_dag.py
[2025-11-01T03:20:27.419+0000] {logging_mixin.py:188} INFO - [2025-11-01T03:20:27.418+0000] {dag.py:3036} INFO - Sync 1 DAGs
[2025-11-01T03:20:27.497+0000] {logging_mixin.py:188} INFO - [2025-11-01T03:20:27.496+0000] {dag.py:3823} INFO - Setting next_dagrun for dag_dbt_pipeline to 2025-11-01 00:00:00+00:00, run_after=2025-11-02 00:00:00+00:00
[2025-11-01T03:20:27.558+0000] {processor.py:183} INFO - Processing /opt/airflow/dags/dbt_local_dag.py took 0.289 seconds
[2025-11-01T03:20:59.585+0000] {processor.py:161} INFO - Started process (PID=1906) to work on /opt/airflow/dags/dbt_local_dag.py
[2025-11-01T03:20:59.591+0000] {processor.py:830} INFO - Processing file /opt/airflow/dags/dbt_local_dag.py for tasks to queue
[2025-11-01T03:20:59.598+0000] {logging_mixin.py:188} INFO - [2025-11-01T03:20:59.594+0000] {dagbag.py:538} INFO - Filling up the DagBag from /opt/airflow/dags/dbt_local_dag.py
[2025-11-01T03:20:59.702+0000] {processor.py:840} INFO - DAG(s) 'dag_dbt_pipeline' retrieved from /opt/airflow/dags/dbt_local_dag.py
[2025-11-01T03:20:59.780+0000] {logging_mixin.py:188} INFO - [2025-11-01T03:20:59.779+0000] {dag.py:3036} INFO - Sync 1 DAGs
[2025-11-01T03:20:59.868+0000] {logging_mixin.py:188} INFO - [2025-11-01T03:20:59.868+0000] {dag.py:3823} INFO - Setting next_dagrun for dag_dbt_pipeline to 2025-11-01 00:00:00+00:00, run_after=2025-11-02 00:00:00+00:00
[2025-11-01T03:20:59.947+0000] {processor.py:183} INFO - Processing /opt/airflow/dags/dbt_local_dag.py took 0.380 seconds
[2025-11-01T03:21:32.323+0000] {processor.py:161} INFO - Started process (PID=1918) to work on /opt/airflow/dags/dbt_local_dag.py
[2025-11-01T03:21:32.327+0000] {processor.py:830} INFO - Processing file /opt/airflow/dags/dbt_local_dag.py for tasks to queue
[2025-11-01T03:21:32.331+0000] {logging_mixin.py:188} INFO - [2025-11-01T03:21:32.328+0000] {dagbag.py:538} INFO - Filling up the DagBag from /opt/airflow/dags/dbt_local_dag.py
[2025-11-01T03:21:32.380+0000] {processor.py:840} INFO - DAG(s) 'dag_dbt_pipeline' retrieved from /opt/airflow/dags/dbt_local_dag.py
[2025-11-01T03:21:32.446+0000] {logging_mixin.py:188} INFO - [2025-11-01T03:21:32.446+0000] {dag.py:3036} INFO - Sync 1 DAGs
[2025-11-01T03:21:32.519+0000] {logging_mixin.py:188} INFO - [2025-11-01T03:21:32.518+0000] {dag.py:3823} INFO - Setting next_dagrun for dag_dbt_pipeline to 2025-11-01 00:00:00+00:00, run_after=2025-11-02 00:00:00+00:00
[2025-11-01T03:21:32.589+0000] {processor.py:183} INFO - Processing /opt/airflow/dags/dbt_local_dag.py took 0.276 seconds
[2025-11-01T03:22:05.601+0000] {processor.py:161} INFO - Started process (PID=1930) to work on /opt/airflow/dags/dbt_local_dag.py
[2025-11-01T03:22:05.604+0000] {processor.py:830} INFO - Processing file /opt/airflow/dags/dbt_local_dag.py for tasks to queue
[2025-11-01T03:22:05.606+0000] {logging_mixin.py:188} INFO - [2025-11-01T03:22:05.605+0000] {dagbag.py:538} INFO - Filling up the DagBag from /opt/airflow/dags/dbt_local_dag.py
[2025-11-01T03:22:05.665+0000] {processor.py:840} INFO - DAG(s) 'dag_dbt_pipeline' retrieved from /opt/airflow/dags/dbt_local_dag.py
[2025-11-01T03:22:05.724+0000] {logging_mixin.py:188} INFO - [2025-11-01T03:22:05.723+0000] {dag.py:3036} INFO - Sync 1 DAGs
[2025-11-01T03:22:05.777+0000] {logging_mixin.py:188} INFO - [2025-11-01T03:22:05.776+0000] {dag.py:3823} INFO - Setting next_dagrun for dag_dbt_pipeline to 2025-11-01 00:00:00+00:00, run_after=2025-11-02 00:00:00+00:00
[2025-11-01T03:22:05.842+0000] {processor.py:183} INFO - Processing /opt/airflow/dags/dbt_local_dag.py took 0.251 seconds
[2025-11-01T03:22:38.338+0000] {processor.py:161} INFO - Started process (PID=1942) to work on /opt/airflow/dags/dbt_local_dag.py
[2025-11-01T03:22:38.346+0000] {processor.py:830} INFO - Processing file /opt/airflow/dags/dbt_local_dag.py for tasks to queue
[2025-11-01T03:22:38.351+0000] {logging_mixin.py:188} INFO - [2025-11-01T03:22:38.350+0000] {dagbag.py:538} INFO - Filling up the DagBag from /opt/airflow/dags/dbt_local_dag.py
[2025-11-01T03:22:38.457+0000] {processor.py:840} INFO - DAG(s) 'dag_dbt_pipeline' retrieved from /opt/airflow/dags/dbt_local_dag.py
[2025-11-01T03:22:38.578+0000] {logging_mixin.py:188} INFO - [2025-11-01T03:22:38.576+0000] {dag.py:3036} INFO - Sync 1 DAGs
[2025-11-01T03:22:38.702+0000] {logging_mixin.py:188} INFO - [2025-11-01T03:22:38.701+0000] {dag.py:3823} INFO - Setting next_dagrun for dag_dbt_pipeline to 2025-11-01 00:00:00+00:00, run_after=2025-11-02 00:00:00+00:00
[2025-11-01T03:22:38.804+0000] {processor.py:183} INFO - Processing /opt/airflow/dags/dbt_local_dag.py took 0.477 seconds
[2025-11-01T03:23:10.844+0000] {processor.py:161} INFO - Started process (PID=1954) to work on /opt/airflow/dags/dbt_local_dag.py
[2025-11-01T03:23:10.847+0000] {processor.py:830} INFO - Processing file /opt/airflow/dags/dbt_local_dag.py for tasks to queue
[2025-11-01T03:23:10.849+0000] {logging_mixin.py:188} INFO - [2025-11-01T03:23:10.848+0000] {dagbag.py:538} INFO - Filling up the DagBag from /opt/airflow/dags/dbt_local_dag.py
[2025-11-01T03:23:10.960+0000] {processor.py:840} INFO - DAG(s) 'dag_dbt_pipeline' retrieved from /opt/airflow/dags/dbt_local_dag.py
[2025-11-01T03:23:11.079+0000] {logging_mixin.py:188} INFO - [2025-11-01T03:23:11.078+0000] {dag.py:3036} INFO - Sync 1 DAGs
[2025-11-01T03:23:11.197+0000] {logging_mixin.py:188} INFO - [2025-11-01T03:23:11.196+0000] {dag.py:3823} INFO - Setting next_dagrun for dag_dbt_pipeline to 2025-11-01 00:00:00+00:00, run_after=2025-11-02 00:00:00+00:00
[2025-11-01T03:23:11.335+0000] {processor.py:183} INFO - Processing /opt/airflow/dags/dbt_local_dag.py took 0.511 seconds
[2025-11-01T03:23:43.930+0000] {processor.py:161} INFO - Started process (PID=1966) to work on /opt/airflow/dags/dbt_local_dag.py
[2025-11-01T03:23:43.933+0000] {processor.py:830} INFO - Processing file /opt/airflow/dags/dbt_local_dag.py for tasks to queue
[2025-11-01T03:23:43.936+0000] {logging_mixin.py:188} INFO - [2025-11-01T03:23:43.935+0000] {dagbag.py:538} INFO - Filling up the DagBag from /opt/airflow/dags/dbt_local_dag.py
[2025-11-01T03:23:44.002+0000] {processor.py:840} INFO - DAG(s) 'dag_dbt_pipeline' retrieved from /opt/airflow/dags/dbt_local_dag.py
[2025-11-01T03:23:44.092+0000] {logging_mixin.py:188} INFO - [2025-11-01T03:23:44.091+0000] {dag.py:3036} INFO - Sync 1 DAGs
[2025-11-01T03:23:44.177+0000] {logging_mixin.py:188} INFO - [2025-11-01T03:23:44.177+0000] {dag.py:3823} INFO - Setting next_dagrun for dag_dbt_pipeline to 2025-11-01 00:00:00+00:00, run_after=2025-11-02 00:00:00+00:00
[2025-11-01T03:23:44.227+0000] {processor.py:183} INFO - Processing /opt/airflow/dags/dbt_local_dag.py took 0.311 seconds
[2025-11-01T03:24:16.364+0000] {processor.py:161} INFO - Started process (PID=1978) to work on /opt/airflow/dags/dbt_local_dag.py
[2025-11-01T03:24:16.367+0000] {processor.py:830} INFO - Processing file /opt/airflow/dags/dbt_local_dag.py for tasks to queue
[2025-11-01T03:24:16.369+0000] {logging_mixin.py:188} INFO - [2025-11-01T03:24:16.369+0000] {dagbag.py:538} INFO - Filling up the DagBag from /opt/airflow/dags/dbt_local_dag.py
[2025-11-01T03:24:16.436+0000] {processor.py:840} INFO - DAG(s) 'dag_dbt_pipeline' retrieved from /opt/airflow/dags/dbt_local_dag.py
[2025-11-01T03:24:16.540+0000] {logging_mixin.py:188} INFO - [2025-11-01T03:24:16.539+0000] {dag.py:3036} INFO - Sync 1 DAGs
[2025-11-01T03:24:16.654+0000] {logging_mixin.py:188} INFO - [2025-11-01T03:24:16.653+0000] {dag.py:3823} INFO - Setting next_dagrun for dag_dbt_pipeline to 2025-11-01 00:00:00+00:00, run_after=2025-11-02 00:00:00+00:00
[2025-11-01T03:24:16.711+0000] {processor.py:183} INFO - Processing /opt/airflow/dags/dbt_local_dag.py took 0.361 seconds
[2025-11-01T03:24:48.820+0000] {processor.py:161} INFO - Started process (PID=1990) to work on /opt/airflow/dags/dbt_local_dag.py
[2025-11-01T03:24:48.824+0000] {processor.py:830} INFO - Processing file /opt/airflow/dags/dbt_local_dag.py for tasks to queue
[2025-11-01T03:24:48.830+0000] {logging_mixin.py:188} INFO - [2025-11-01T03:24:48.828+0000] {dagbag.py:538} INFO - Filling up the DagBag from /opt/airflow/dags/dbt_local_dag.py
[2025-11-01T03:24:48.954+0000] {processor.py:840} INFO - DAG(s) 'dag_dbt_pipeline' retrieved from /opt/airflow/dags/dbt_local_dag.py
[2025-11-01T03:24:49.117+0000] {logging_mixin.py:188} INFO - [2025-11-01T03:24:49.111+0000] {dag.py:3036} INFO - Sync 1 DAGs
[2025-11-01T03:24:49.301+0000] {logging_mixin.py:188} INFO - [2025-11-01T03:24:49.300+0000] {dag.py:3823} INFO - Setting next_dagrun for dag_dbt_pipeline to 2025-11-01 00:00:00+00:00, run_after=2025-11-02 00:00:00+00:00
[2025-11-01T03:24:49.462+0000] {processor.py:183} INFO - Processing /opt/airflow/dags/dbt_local_dag.py took 0.666 seconds
[2025-11-01T03:25:22.369+0000] {processor.py:161} INFO - Started process (PID=2002) to work on /opt/airflow/dags/dbt_local_dag.py
[2025-11-01T03:25:22.371+0000] {processor.py:830} INFO - Processing file /opt/airflow/dags/dbt_local_dag.py for tasks to queue
[2025-11-01T03:25:22.374+0000] {logging_mixin.py:188} INFO - [2025-11-01T03:25:22.374+0000] {dagbag.py:538} INFO - Filling up the DagBag from /opt/airflow/dags/dbt_local_dag.py
[2025-11-01T03:25:22.443+0000] {processor.py:840} INFO - DAG(s) 'dag_dbt_pipeline' retrieved from /opt/airflow/dags/dbt_local_dag.py
[2025-11-01T03:25:22.513+0000] {logging_mixin.py:188} INFO - [2025-11-01T03:25:22.512+0000] {dag.py:3036} INFO - Sync 1 DAGs
[2025-11-01T03:25:22.588+0000] {logging_mixin.py:188} INFO - [2025-11-01T03:25:22.588+0000] {dag.py:3823} INFO - Setting next_dagrun for dag_dbt_pipeline to 2025-11-01 00:00:00+00:00, run_after=2025-11-02 00:00:00+00:00
[2025-11-01T03:25:22.641+0000] {processor.py:183} INFO - Processing /opt/airflow/dags/dbt_local_dag.py took 0.286 seconds
[2025-11-01T03:25:54.968+0000] {processor.py:161} INFO - Started process (PID=2014) to work on /opt/airflow/dags/dbt_local_dag.py
[2025-11-01T03:25:54.972+0000] {processor.py:830} INFO - Processing file /opt/airflow/dags/dbt_local_dag.py for tasks to queue
[2025-11-01T03:25:54.977+0000] {logging_mixin.py:188} INFO - [2025-11-01T03:25:54.976+0000] {dagbag.py:538} INFO - Filling up the DagBag from /opt/airflow/dags/dbt_local_dag.py
[2025-11-01T03:25:55.052+0000] {processor.py:840} INFO - DAG(s) 'dag_dbt_pipeline' retrieved from /opt/airflow/dags/dbt_local_dag.py
[2025-11-01T03:25:55.164+0000] {logging_mixin.py:188} INFO - [2025-11-01T03:25:55.164+0000] {dag.py:3036} INFO - Sync 1 DAGs
[2025-11-01T03:25:55.248+0000] {logging_mixin.py:188} INFO - [2025-11-01T03:25:55.248+0000] {dag.py:3823} INFO - Setting next_dagrun for dag_dbt_pipeline to 2025-11-01 00:00:00+00:00, run_after=2025-11-02 00:00:00+00:00
[2025-11-01T03:25:55.317+0000] {processor.py:183} INFO - Processing /opt/airflow/dags/dbt_local_dag.py took 0.367 seconds
[2025-11-01T03:26:26.991+0000] {processor.py:161} INFO - Started process (PID=2027) to work on /opt/airflow/dags/dbt_local_dag.py
[2025-11-01T03:26:26.996+0000] {processor.py:830} INFO - Processing file /opt/airflow/dags/dbt_local_dag.py for tasks to queue
[2025-11-01T03:26:26.998+0000] {logging_mixin.py:188} INFO - [2025-11-01T03:26:26.998+0000] {dagbag.py:538} INFO - Filling up the DagBag from /opt/airflow/dags/dbt_local_dag.py
[2025-11-01T03:26:27.062+0000] {processor.py:840} INFO - DAG(s) 'dag_dbt_pipeline' retrieved from /opt/airflow/dags/dbt_local_dag.py
[2025-11-01T03:26:27.159+0000] {logging_mixin.py:188} INFO - [2025-11-01T03:26:27.159+0000] {dag.py:3036} INFO - Sync 1 DAGs
[2025-11-01T03:26:27.282+0000] {logging_mixin.py:188} INFO - [2025-11-01T03:26:27.281+0000] {dag.py:3823} INFO - Setting next_dagrun for dag_dbt_pipeline to 2025-11-01 00:00:00+00:00, run_after=2025-11-02 00:00:00+00:00
[2025-11-01T03:26:27.370+0000] {processor.py:183} INFO - Processing /opt/airflow/dags/dbt_local_dag.py took 0.395 seconds
[2025-11-01T03:26:59.975+0000] {processor.py:161} INFO - Started process (PID=2039) to work on /opt/airflow/dags/dbt_local_dag.py
[2025-11-01T03:26:59.977+0000] {processor.py:830} INFO - Processing file /opt/airflow/dags/dbt_local_dag.py for tasks to queue
[2025-11-01T03:26:59.980+0000] {logging_mixin.py:188} INFO - [2025-11-01T03:26:59.979+0000] {dagbag.py:538} INFO - Filling up the DagBag from /opt/airflow/dags/dbt_local_dag.py
[2025-11-01T03:27:00.041+0000] {processor.py:840} INFO - DAG(s) 'dag_dbt_pipeline' retrieved from /opt/airflow/dags/dbt_local_dag.py
[2025-11-01T03:27:00.165+0000] {logging_mixin.py:188} INFO - [2025-11-01T03:27:00.164+0000] {dag.py:3036} INFO - Sync 1 DAGs
[2025-11-01T03:27:00.250+0000] {logging_mixin.py:188} INFO - [2025-11-01T03:27:00.249+0000] {dag.py:3823} INFO - Setting next_dagrun for dag_dbt_pipeline to 2025-11-01 00:00:00+00:00, run_after=2025-11-02 00:00:00+00:00
[2025-11-01T03:27:00.343+0000] {processor.py:183} INFO - Processing /opt/airflow/dags/dbt_local_dag.py took 0.381 seconds
[2025-11-01T03:27:32.507+0000] {processor.py:161} INFO - Started process (PID=2051) to work on /opt/airflow/dags/dbt_local_dag.py
[2025-11-01T03:27:32.511+0000] {processor.py:830} INFO - Processing file /opt/airflow/dags/dbt_local_dag.py for tasks to queue
[2025-11-01T03:27:32.515+0000] {logging_mixin.py:188} INFO - [2025-11-01T03:27:32.514+0000] {dagbag.py:538} INFO - Filling up the DagBag from /opt/airflow/dags/dbt_local_dag.py
[2025-11-01T03:27:32.581+0000] {processor.py:840} INFO - DAG(s) 'dag_dbt_pipeline' retrieved from /opt/airflow/dags/dbt_local_dag.py
[2025-11-01T03:27:32.654+0000] {logging_mixin.py:188} INFO - [2025-11-01T03:27:32.653+0000] {dag.py:3036} INFO - Sync 1 DAGs
[2025-11-01T03:27:32.703+0000] {logging_mixin.py:188} INFO - [2025-11-01T03:27:32.702+0000] {dag.py:3823} INFO - Setting next_dagrun for dag_dbt_pipeline to 2025-11-01 00:00:00+00:00, run_after=2025-11-02 00:00:00+00:00
[2025-11-01T03:27:32.745+0000] {processor.py:183} INFO - Processing /opt/airflow/dags/dbt_local_dag.py took 0.254 seconds
[2025-11-01T03:28:05.215+0000] {processor.py:161} INFO - Started process (PID=2062) to work on /opt/airflow/dags/dbt_local_dag.py
[2025-11-01T03:28:05.218+0000] {processor.py:830} INFO - Processing file /opt/airflow/dags/dbt_local_dag.py for tasks to queue
[2025-11-01T03:28:05.221+0000] {logging_mixin.py:188} INFO - [2025-11-01T03:28:05.220+0000] {dagbag.py:538} INFO - Filling up the DagBag from /opt/airflow/dags/dbt_local_dag.py
[2025-11-01T03:28:05.292+0000] {processor.py:840} INFO - DAG(s) 'dag_dbt_pipeline' retrieved from /opt/airflow/dags/dbt_local_dag.py
[2025-11-01T03:28:05.407+0000] {logging_mixin.py:188} INFO - [2025-11-01T03:28:05.407+0000] {dag.py:3036} INFO - Sync 1 DAGs
[2025-11-01T03:28:05.526+0000] {logging_mixin.py:188} INFO - [2025-11-01T03:28:05.525+0000] {dag.py:3823} INFO - Setting next_dagrun for dag_dbt_pipeline to 2025-11-01 00:00:00+00:00, run_after=2025-11-02 00:00:00+00:00
[2025-11-01T03:28:06.219+0000] {processor.py:183} INFO - Processing /opt/airflow/dags/dbt_local_dag.py took 1.019 seconds
[2025-11-01T03:28:38.247+0000] {processor.py:161} INFO - Started process (PID=2074) to work on /opt/airflow/dags/dbt_local_dag.py
[2025-11-01T03:28:38.253+0000] {processor.py:830} INFO - Processing file /opt/airflow/dags/dbt_local_dag.py for tasks to queue
[2025-11-01T03:28:38.256+0000] {logging_mixin.py:188} INFO - [2025-11-01T03:28:38.255+0000] {dagbag.py:538} INFO - Filling up the DagBag from /opt/airflow/dags/dbt_local_dag.py
[2025-11-01T03:28:38.397+0000] {processor.py:840} INFO - DAG(s) 'dag_dbt_pipeline' retrieved from /opt/airflow/dags/dbt_local_dag.py
[2025-11-01T03:28:38.971+0000] {logging_mixin.py:188} INFO - [2025-11-01T03:28:38.971+0000] {dag.py:3036} INFO - Sync 1 DAGs
[2025-11-01T03:28:39.549+0000] {logging_mixin.py:188} INFO - [2025-11-01T03:28:39.548+0000] {dag.py:3823} INFO - Setting next_dagrun for dag_dbt_pipeline to 2025-11-01 00:00:00+00:00, run_after=2025-11-02 00:00:00+00:00
[2025-11-01T03:28:39.613+0000] {processor.py:183} INFO - Processing /opt/airflow/dags/dbt_local_dag.py took 1.385 seconds
[2025-11-01T03:29:10.684+0000] {processor.py:161} INFO - Started process (PID=2086) to work on /opt/airflow/dags/dbt_local_dag.py
[2025-11-01T03:29:10.689+0000] {processor.py:830} INFO - Processing file /opt/airflow/dags/dbt_local_dag.py for tasks to queue
[2025-11-01T03:29:10.693+0000] {logging_mixin.py:188} INFO - [2025-11-01T03:29:10.692+0000] {dagbag.py:538} INFO - Filling up the DagBag from /opt/airflow/dags/dbt_local_dag.py
[2025-11-01T03:29:10.767+0000] {processor.py:840} INFO - DAG(s) 'dag_dbt_pipeline' retrieved from /opt/airflow/dags/dbt_local_dag.py
[2025-11-01T03:29:10.898+0000] {logging_mixin.py:188} INFO - [2025-11-01T03:29:10.875+0000] {dag.py:3036} INFO - Sync 1 DAGs
[2025-11-01T03:29:11.005+0000] {logging_mixin.py:188} INFO - [2025-11-01T03:29:11.003+0000] {dag.py:3823} INFO - Setting next_dagrun for dag_dbt_pipeline to 2025-11-01 00:00:00+00:00, run_after=2025-11-02 00:00:00+00:00
[2025-11-01T03:29:11.353+0000] {processor.py:183} INFO - Processing /opt/airflow/dags/dbt_local_dag.py took 0.679 seconds
[2025-11-01T03:29:43.481+0000] {processor.py:161} INFO - Started process (PID=2098) to work on /opt/airflow/dags/dbt_local_dag.py
[2025-11-01T03:29:43.485+0000] {processor.py:830} INFO - Processing file /opt/airflow/dags/dbt_local_dag.py for tasks to queue
[2025-11-01T03:29:43.488+0000] {logging_mixin.py:188} INFO - [2025-11-01T03:29:43.486+0000] {dagbag.py:538} INFO - Filling up the DagBag from /opt/airflow/dags/dbt_local_dag.py
[2025-11-01T03:29:43.536+0000] {processor.py:840} INFO - DAG(s) 'dag_dbt_pipeline' retrieved from /opt/airflow/dags/dbt_local_dag.py
[2025-11-01T03:29:43.607+0000] {logging_mixin.py:188} INFO - [2025-11-01T03:29:43.607+0000] {dag.py:3036} INFO - Sync 1 DAGs
[2025-11-01T03:29:43.699+0000] {logging_mixin.py:188} INFO - [2025-11-01T03:29:43.699+0000] {dag.py:3823} INFO - Setting next_dagrun for dag_dbt_pipeline to 2025-11-01 00:00:00+00:00, run_after=2025-11-02 00:00:00+00:00
[2025-11-01T03:29:43.757+0000] {processor.py:183} INFO - Processing /opt/airflow/dags/dbt_local_dag.py took 0.290 seconds
[2025-11-01T03:30:16.333+0000] {processor.py:161} INFO - Started process (PID=2110) to work on /opt/airflow/dags/dbt_local_dag.py
[2025-11-01T03:30:16.336+0000] {processor.py:830} INFO - Processing file /opt/airflow/dags/dbt_local_dag.py for tasks to queue
[2025-11-01T03:30:16.339+0000] {logging_mixin.py:188} INFO - [2025-11-01T03:30:16.338+0000] {dagbag.py:538} INFO - Filling up the DagBag from /opt/airflow/dags/dbt_local_dag.py
[2025-11-01T03:30:16.424+0000] {processor.py:840} INFO - DAG(s) 'dag_dbt_pipeline' retrieved from /opt/airflow/dags/dbt_local_dag.py
[2025-11-01T03:30:16.507+0000] {logging_mixin.py:188} INFO - [2025-11-01T03:30:16.504+0000] {dag.py:3036} INFO - Sync 1 DAGs
[2025-11-01T03:30:16.618+0000] {logging_mixin.py:188} INFO - [2025-11-01T03:30:16.617+0000] {dag.py:3823} INFO - Setting next_dagrun for dag_dbt_pipeline to 2025-11-01 00:00:00+00:00, run_after=2025-11-02 00:00:00+00:00
[2025-11-01T03:30:16.686+0000] {processor.py:183} INFO - Processing /opt/airflow/dags/dbt_local_dag.py took 0.372 seconds
[2025-11-01T03:30:52.942+0000] {processor.py:161} INFO - Started process (PID=2122) to work on /opt/airflow/dags/dbt_local_dag.py
[2025-11-01T03:30:52.949+0000] {processor.py:830} INFO - Processing file /opt/airflow/dags/dbt_local_dag.py for tasks to queue
[2025-11-01T03:30:52.971+0000] {logging_mixin.py:188} INFO - [2025-11-01T03:30:52.969+0000] {dagbag.py:538} INFO - Filling up the DagBag from /opt/airflow/dags/dbt_local_dag.py
[2025-11-01T03:30:53.184+0000] {processor.py:840} INFO - DAG(s) 'dag_dbt_pipeline' retrieved from /opt/airflow/dags/dbt_local_dag.py
[2025-11-01T03:30:53.345+0000] {logging_mixin.py:188} INFO - [2025-11-01T03:30:53.344+0000] {dag.py:3036} INFO - Sync 1 DAGs
[2025-11-01T03:30:53.488+0000] {logging_mixin.py:188} INFO - [2025-11-01T03:30:53.486+0000] {dag.py:3823} INFO - Setting next_dagrun for dag_dbt_pipeline to 2025-11-01 00:00:00+00:00, run_after=2025-11-02 00:00:00+00:00
[2025-11-01T03:30:53.652+0000] {processor.py:183} INFO - Processing /opt/airflow/dags/dbt_local_dag.py took 0.788 seconds
[2025-11-01T03:31:23.863+0000] {processor.py:161} INFO - Started process (PID=2134) to work on /opt/airflow/dags/dbt_local_dag.py
[2025-11-01T03:31:23.865+0000] {processor.py:830} INFO - Processing file /opt/airflow/dags/dbt_local_dag.py for tasks to queue
[2025-11-01T03:31:23.871+0000] {logging_mixin.py:188} INFO - [2025-11-01T03:31:23.867+0000] {dagbag.py:538} INFO - Filling up the DagBag from /opt/airflow/dags/dbt_local_dag.py
[2025-11-01T03:31:23.980+0000] {processor.py:840} INFO - DAG(s) 'dag_dbt_pipeline' retrieved from /opt/airflow/dags/dbt_local_dag.py
[2025-11-01T03:31:24.086+0000] {logging_mixin.py:188} INFO - [2025-11-01T03:31:24.086+0000] {dag.py:3036} INFO - Sync 1 DAGs
[2025-11-01T03:31:24.146+0000] {logging_mixin.py:188} INFO - [2025-11-01T03:31:24.145+0000] {dag.py:3823} INFO - Setting next_dagrun for dag_dbt_pipeline to 2025-11-01 00:00:00+00:00, run_after=2025-11-02 00:00:00+00:00
[2025-11-01T03:31:24.192+0000] {processor.py:183} INFO - Processing /opt/airflow/dags/dbt_local_dag.py took 0.340 seconds
[2025-11-01T03:31:55.186+0000] {processor.py:161} INFO - Started process (PID=2146) to work on /opt/airflow/dags/dbt_local_dag.py
[2025-11-01T03:31:55.190+0000] {processor.py:830} INFO - Processing file /opt/airflow/dags/dbt_local_dag.py for tasks to queue
[2025-11-01T03:31:55.200+0000] {logging_mixin.py:188} INFO - [2025-11-01T03:31:55.196+0000] {dagbag.py:538} INFO - Filling up the DagBag from /opt/airflow/dags/dbt_local_dag.py
[2025-11-01T03:31:55.275+0000] {processor.py:840} INFO - DAG(s) 'dag_dbt_pipeline' retrieved from /opt/airflow/dags/dbt_local_dag.py
[2025-11-01T03:31:55.355+0000] {logging_mixin.py:188} INFO - [2025-11-01T03:31:55.354+0000] {dag.py:3036} INFO - Sync 1 DAGs
[2025-11-01T03:31:55.425+0000] {logging_mixin.py:188} INFO - [2025-11-01T03:31:55.425+0000] {dag.py:3823} INFO - Setting next_dagrun for dag_dbt_pipeline to 2025-11-01 00:00:00+00:00, run_after=2025-11-02 00:00:00+00:00
[2025-11-01T03:31:55.484+0000] {processor.py:183} INFO - Processing /opt/airflow/dags/dbt_local_dag.py took 0.316 seconds
[2025-11-01T03:32:27.660+0000] {processor.py:161} INFO - Started process (PID=2158) to work on /opt/airflow/dags/dbt_local_dag.py
[2025-11-01T03:32:27.662+0000] {processor.py:830} INFO - Processing file /opt/airflow/dags/dbt_local_dag.py for tasks to queue
[2025-11-01T03:32:27.664+0000] {logging_mixin.py:188} INFO - [2025-11-01T03:32:27.664+0000] {dagbag.py:538} INFO - Filling up the DagBag from /opt/airflow/dags/dbt_local_dag.py
[2025-11-01T03:32:27.722+0000] {processor.py:840} INFO - DAG(s) 'dag_dbt_pipeline' retrieved from /opt/airflow/dags/dbt_local_dag.py
[2025-11-01T03:32:27.786+0000] {logging_mixin.py:188} INFO - [2025-11-01T03:32:27.786+0000] {dag.py:3036} INFO - Sync 1 DAGs
[2025-11-01T03:32:27.856+0000] {logging_mixin.py:188} INFO - [2025-11-01T03:32:27.855+0000] {dag.py:3823} INFO - Setting next_dagrun for dag_dbt_pipeline to 2025-11-01 00:00:00+00:00, run_after=2025-11-02 00:00:00+00:00
[2025-11-01T03:32:27.911+0000] {processor.py:183} INFO - Processing /opt/airflow/dags/dbt_local_dag.py took 0.260 seconds
[2025-11-01T03:33:00.102+0000] {processor.py:161} INFO - Started process (PID=2170) to work on /opt/airflow/dags/dbt_local_dag.py
[2025-11-01T03:33:00.108+0000] {processor.py:830} INFO - Processing file /opt/airflow/dags/dbt_local_dag.py for tasks to queue
[2025-11-01T03:33:00.114+0000] {logging_mixin.py:188} INFO - [2025-11-01T03:33:00.113+0000] {dagbag.py:538} INFO - Filling up the DagBag from /opt/airflow/dags/dbt_local_dag.py
[2025-11-01T03:33:00.212+0000] {processor.py:840} INFO - DAG(s) 'dag_dbt_pipeline' retrieved from /opt/airflow/dags/dbt_local_dag.py
[2025-11-01T03:33:00.354+0000] {logging_mixin.py:188} INFO - [2025-11-01T03:33:00.353+0000] {dag.py:3036} INFO - Sync 1 DAGs
[2025-11-01T03:33:00.445+0000] {logging_mixin.py:188} INFO - [2025-11-01T03:33:00.444+0000] {dag.py:3823} INFO - Setting next_dagrun for dag_dbt_pipeline to 2025-11-01 00:00:00+00:00, run_after=2025-11-02 00:00:00+00:00
[2025-11-01T03:33:00.523+0000] {processor.py:183} INFO - Processing /opt/airflow/dags/dbt_local_dag.py took 0.438 seconds
[2025-11-01T03:33:32.647+0000] {processor.py:161} INFO - Started process (PID=2183) to work on /opt/airflow/dags/dbt_local_dag.py
[2025-11-01T03:33:32.655+0000] {processor.py:830} INFO - Processing file /opt/airflow/dags/dbt_local_dag.py for tasks to queue
[2025-11-01T03:33:32.658+0000] {logging_mixin.py:188} INFO - [2025-11-01T03:33:32.657+0000] {dagbag.py:538} INFO - Filling up the DagBag from /opt/airflow/dags/dbt_local_dag.py
[2025-11-01T03:33:32.726+0000] {processor.py:840} INFO - DAG(s) 'dag_dbt_pipeline' retrieved from /opt/airflow/dags/dbt_local_dag.py
[2025-11-01T03:33:32.788+0000] {logging_mixin.py:188} INFO - [2025-11-01T03:33:32.788+0000] {dag.py:3036} INFO - Sync 1 DAGs
[2025-11-01T03:33:32.865+0000] {logging_mixin.py:188} INFO - [2025-11-01T03:33:32.864+0000] {dag.py:3823} INFO - Setting next_dagrun for dag_dbt_pipeline to 2025-11-01 00:00:00+00:00, run_after=2025-11-02 00:00:00+00:00
[2025-11-01T03:33:32.946+0000] {processor.py:183} INFO - Processing /opt/airflow/dags/dbt_local_dag.py took 0.309 seconds
[2025-11-01T03:34:05.656+0000] {processor.py:161} INFO - Started process (PID=2195) to work on /opt/airflow/dags/dbt_local_dag.py
[2025-11-01T03:34:05.659+0000] {processor.py:830} INFO - Processing file /opt/airflow/dags/dbt_local_dag.py for tasks to queue
[2025-11-01T03:34:05.663+0000] {logging_mixin.py:188} INFO - [2025-11-01T03:34:05.661+0000] {dagbag.py:538} INFO - Filling up the DagBag from /opt/airflow/dags/dbt_local_dag.py
[2025-11-01T03:34:05.716+0000] {processor.py:840} INFO - DAG(s) 'dag_dbt_pipeline' retrieved from /opt/airflow/dags/dbt_local_dag.py
[2025-11-01T03:34:05.788+0000] {logging_mixin.py:188} INFO - [2025-11-01T03:34:05.787+0000] {dag.py:3036} INFO - Sync 1 DAGs
[2025-11-01T03:34:05.859+0000] {logging_mixin.py:188} INFO - [2025-11-01T03:34:05.859+0000] {dag.py:3823} INFO - Setting next_dagrun for dag_dbt_pipeline to 2025-11-01 00:00:00+00:00, run_after=2025-11-02 00:00:00+00:00
[2025-11-01T03:34:05.934+0000] {processor.py:183} INFO - Processing /opt/airflow/dags/dbt_local_dag.py took 0.307 seconds
[2025-11-01T03:34:38.383+0000] {processor.py:161} INFO - Started process (PID=2207) to work on /opt/airflow/dags/dbt_local_dag.py
[2025-11-01T03:34:38.386+0000] {processor.py:830} INFO - Processing file /opt/airflow/dags/dbt_local_dag.py for tasks to queue
[2025-11-01T03:34:38.392+0000] {logging_mixin.py:188} INFO - [2025-11-01T03:34:38.391+0000] {dagbag.py:538} INFO - Filling up the DagBag from /opt/airflow/dags/dbt_local_dag.py
[2025-11-01T03:34:38.468+0000] {processor.py:840} INFO - DAG(s) 'dag_dbt_pipeline' retrieved from /opt/airflow/dags/dbt_local_dag.py
[2025-11-01T03:34:38.553+0000] {logging_mixin.py:188} INFO - [2025-11-01T03:34:38.553+0000] {dag.py:3036} INFO - Sync 1 DAGs
[2025-11-01T03:34:38.691+0000] {logging_mixin.py:188} INFO - [2025-11-01T03:34:38.690+0000] {dag.py:3823} INFO - Setting next_dagrun for dag_dbt_pipeline to 2025-11-01 00:00:00+00:00, run_after=2025-11-02 00:00:00+00:00
[2025-11-01T03:34:38.790+0000] {processor.py:183} INFO - Processing /opt/airflow/dags/dbt_local_dag.py took 0.416 seconds
[2025-11-01T03:35:11.641+0000] {processor.py:161} INFO - Started process (PID=2219) to work on /opt/airflow/dags/dbt_local_dag.py
[2025-11-01T03:35:11.649+0000] {processor.py:830} INFO - Processing file /opt/airflow/dags/dbt_local_dag.py for tasks to queue
[2025-11-01T03:35:11.660+0000] {logging_mixin.py:188} INFO - [2025-11-01T03:35:11.656+0000] {dagbag.py:538} INFO - Filling up the DagBag from /opt/airflow/dags/dbt_local_dag.py
[2025-11-01T03:35:11.756+0000] {processor.py:840} INFO - DAG(s) 'dag_dbt_pipeline' retrieved from /opt/airflow/dags/dbt_local_dag.py
[2025-11-01T03:35:11.834+0000] {logging_mixin.py:188} INFO - [2025-11-01T03:35:11.834+0000] {dag.py:3036} INFO - Sync 1 DAGs
[2025-11-01T03:35:11.934+0000] {logging_mixin.py:188} INFO - [2025-11-01T03:35:11.934+0000] {dag.py:3823} INFO - Setting next_dagrun for dag_dbt_pipeline to 2025-11-01 00:00:00+00:00, run_after=2025-11-02 00:00:00+00:00
[2025-11-01T03:35:11.990+0000] {processor.py:183} INFO - Processing /opt/airflow/dags/dbt_local_dag.py took 0.395 seconds
[2025-11-01T03:35:43.776+0000] {processor.py:161} INFO - Started process (PID=2231) to work on /opt/airflow/dags/dbt_local_dag.py
[2025-11-01T03:35:43.779+0000] {processor.py:830} INFO - Processing file /opt/airflow/dags/dbt_local_dag.py for tasks to queue
[2025-11-01T03:35:43.789+0000] {logging_mixin.py:188} INFO - [2025-11-01T03:35:43.787+0000] {dagbag.py:538} INFO - Filling up the DagBag from /opt/airflow/dags/dbt_local_dag.py
[2025-11-01T03:35:43.883+0000] {processor.py:840} INFO - DAG(s) 'dag_dbt_pipeline' retrieved from /opt/airflow/dags/dbt_local_dag.py
[2025-11-01T03:35:43.961+0000] {logging_mixin.py:188} INFO - [2025-11-01T03:35:43.960+0000] {dag.py:3036} INFO - Sync 1 DAGs
[2025-11-01T03:35:44.086+0000] {logging_mixin.py:188} INFO - [2025-11-01T03:35:44.085+0000] {dag.py:3823} INFO - Setting next_dagrun for dag_dbt_pipeline to 2025-11-01 00:00:00+00:00, run_after=2025-11-02 00:00:00+00:00
[2025-11-01T03:35:44.222+0000] {processor.py:183} INFO - Processing /opt/airflow/dags/dbt_local_dag.py took 0.462 seconds
[2025-11-01T03:36:16.725+0000] {processor.py:161} INFO - Started process (PID=2244) to work on /opt/airflow/dags/dbt_local_dag.py
[2025-11-01T03:36:16.741+0000] {processor.py:830} INFO - Processing file /opt/airflow/dags/dbt_local_dag.py for tasks to queue
[2025-11-01T03:36:16.756+0000] {logging_mixin.py:188} INFO - [2025-11-01T03:36:16.755+0000] {dagbag.py:538} INFO - Filling up the DagBag from /opt/airflow/dags/dbt_local_dag.py
[2025-11-01T03:36:16.862+0000] {processor.py:840} INFO - DAG(s) 'dag_dbt_pipeline' retrieved from /opt/airflow/dags/dbt_local_dag.py
[2025-11-01T03:36:16.956+0000] {logging_mixin.py:188} INFO - [2025-11-01T03:36:16.956+0000] {dag.py:3036} INFO - Sync 1 DAGs
[2025-11-01T03:36:17.069+0000] {logging_mixin.py:188} INFO - [2025-11-01T03:36:17.068+0000] {dag.py:3823} INFO - Setting next_dagrun for dag_dbt_pipeline to 2025-11-01 00:00:00+00:00, run_after=2025-11-02 00:00:00+00:00
[2025-11-01T03:36:17.171+0000] {processor.py:183} INFO - Processing /opt/airflow/dags/dbt_local_dag.py took 0.495 seconds
[2025-11-01T03:36:49.032+0000] {processor.py:161} INFO - Started process (PID=2256) to work on /opt/airflow/dags/dbt_local_dag.py
[2025-11-01T03:36:49.036+0000] {processor.py:830} INFO - Processing file /opt/airflow/dags/dbt_local_dag.py for tasks to queue
[2025-11-01T03:36:49.041+0000] {logging_mixin.py:188} INFO - [2025-11-01T03:36:49.039+0000] {dagbag.py:538} INFO - Filling up the DagBag from /opt/airflow/dags/dbt_local_dag.py
[2025-11-01T03:36:49.134+0000] {processor.py:840} INFO - DAG(s) 'dag_dbt_pipeline' retrieved from /opt/airflow/dags/dbt_local_dag.py
[2025-11-01T03:36:49.327+0000] {logging_mixin.py:188} INFO - [2025-11-01T03:36:49.326+0000] {dag.py:3036} INFO - Sync 1 DAGs
[2025-11-01T03:36:49.412+0000] {logging_mixin.py:188} INFO - [2025-11-01T03:36:49.411+0000] {dag.py:3823} INFO - Setting next_dagrun for dag_dbt_pipeline to 2025-11-01 00:00:00+00:00, run_after=2025-11-02 00:00:00+00:00
[2025-11-01T03:36:49.497+0000] {processor.py:183} INFO - Processing /opt/airflow/dags/dbt_local_dag.py took 0.484 seconds
[2025-11-01T03:37:22.022+0000] {processor.py:161} INFO - Started process (PID=2267) to work on /opt/airflow/dags/dbt_local_dag.py
[2025-11-01T03:37:22.025+0000] {processor.py:830} INFO - Processing file /opt/airflow/dags/dbt_local_dag.py for tasks to queue
[2025-11-01T03:37:22.028+0000] {logging_mixin.py:188} INFO - [2025-11-01T03:37:22.027+0000] {dagbag.py:538} INFO - Filling up the DagBag from /opt/airflow/dags/dbt_local_dag.py
[2025-11-01T03:37:22.111+0000] {processor.py:840} INFO - DAG(s) 'dag_dbt_pipeline' retrieved from /opt/airflow/dags/dbt_local_dag.py
[2025-11-01T03:37:22.234+0000] {logging_mixin.py:188} INFO - [2025-11-01T03:37:22.234+0000] {dag.py:3036} INFO - Sync 1 DAGs
[2025-11-01T03:37:22.306+0000] {logging_mixin.py:188} INFO - [2025-11-01T03:37:22.305+0000] {dag.py:3823} INFO - Setting next_dagrun for dag_dbt_pipeline to 2025-11-01 00:00:00+00:00, run_after=2025-11-02 00:00:00+00:00
[2025-11-01T03:37:22.379+0000] {processor.py:183} INFO - Processing /opt/airflow/dags/dbt_local_dag.py took 0.376 seconds
[2025-11-01T03:37:54.644+0000] {processor.py:161} INFO - Started process (PID=2279) to work on /opt/airflow/dags/dbt_local_dag.py
[2025-11-01T03:37:54.654+0000] {processor.py:830} INFO - Processing file /opt/airflow/dags/dbt_local_dag.py for tasks to queue
[2025-11-01T03:37:54.660+0000] {logging_mixin.py:188} INFO - [2025-11-01T03:37:54.659+0000] {dagbag.py:538} INFO - Filling up the DagBag from /opt/airflow/dags/dbt_local_dag.py
[2025-11-01T03:37:54.741+0000] {processor.py:840} INFO - DAG(s) 'dag_dbt_pipeline' retrieved from /opt/airflow/dags/dbt_local_dag.py
[2025-11-01T03:37:54.811+0000] {logging_mixin.py:188} INFO - [2025-11-01T03:37:54.810+0000] {dag.py:3036} INFO - Sync 1 DAGs
[2025-11-01T03:37:54.888+0000] {logging_mixin.py:188} INFO - [2025-11-01T03:37:54.887+0000] {dag.py:3823} INFO - Setting next_dagrun for dag_dbt_pipeline to 2025-11-01 00:00:00+00:00, run_after=2025-11-02 00:00:00+00:00
[2025-11-01T03:37:54.954+0000] {processor.py:183} INFO - Processing /opt/airflow/dags/dbt_local_dag.py took 0.332 seconds
[2025-11-01T03:38:27.455+0000] {processor.py:161} INFO - Started process (PID=2291) to work on /opt/airflow/dags/dbt_local_dag.py
[2025-11-01T03:38:27.457+0000] {processor.py:830} INFO - Processing file /opt/airflow/dags/dbt_local_dag.py for tasks to queue
[2025-11-01T03:38:27.460+0000] {logging_mixin.py:188} INFO - [2025-11-01T03:38:27.459+0000] {dagbag.py:538} INFO - Filling up the DagBag from /opt/airflow/dags/dbt_local_dag.py
[2025-11-01T03:38:27.518+0000] {processor.py:840} INFO - DAG(s) 'dag_dbt_pipeline' retrieved from /opt/airflow/dags/dbt_local_dag.py
[2025-11-01T03:38:27.586+0000] {logging_mixin.py:188} INFO - [2025-11-01T03:38:27.585+0000] {dag.py:3036} INFO - Sync 1 DAGs
[2025-11-01T03:38:27.647+0000] {logging_mixin.py:188} INFO - [2025-11-01T03:38:27.646+0000] {dag.py:3823} INFO - Setting next_dagrun for dag_dbt_pipeline to 2025-11-01 00:00:00+00:00, run_after=2025-11-02 00:00:00+00:00
[2025-11-01T03:38:27.699+0000] {processor.py:183} INFO - Processing /opt/airflow/dags/dbt_local_dag.py took 0.255 seconds
[2025-11-01T03:39:00.138+0000] {processor.py:161} INFO - Started process (PID=2303) to work on /opt/airflow/dags/dbt_local_dag.py
[2025-11-01T03:39:00.141+0000] {processor.py:830} INFO - Processing file /opt/airflow/dags/dbt_local_dag.py for tasks to queue
[2025-11-01T03:39:00.145+0000] {logging_mixin.py:188} INFO - [2025-11-01T03:39:00.144+0000] {dagbag.py:538} INFO - Filling up the DagBag from /opt/airflow/dags/dbt_local_dag.py
[2025-11-01T03:39:00.200+0000] {processor.py:840} INFO - DAG(s) 'dag_dbt_pipeline' retrieved from /opt/airflow/dags/dbt_local_dag.py
[2025-11-01T03:39:00.295+0000] {logging_mixin.py:188} INFO - [2025-11-01T03:39:00.294+0000] {dag.py:3036} INFO - Sync 1 DAGs
[2025-11-01T03:39:00.396+0000] {logging_mixin.py:188} INFO - [2025-11-01T03:39:00.396+0000] {dag.py:3823} INFO - Setting next_dagrun for dag_dbt_pipeline to 2025-11-01 00:00:00+00:00, run_after=2025-11-02 00:00:00+00:00
[2025-11-01T03:39:00.468+0000] {processor.py:183} INFO - Processing /opt/airflow/dags/dbt_local_dag.py took 0.341 seconds
[2025-11-01T03:39:33.114+0000] {processor.py:161} INFO - Started process (PID=2315) to work on /opt/airflow/dags/dbt_local_dag.py
[2025-11-01T03:39:33.117+0000] {processor.py:830} INFO - Processing file /opt/airflow/dags/dbt_local_dag.py for tasks to queue
[2025-11-01T03:39:33.120+0000] {logging_mixin.py:188} INFO - [2025-11-01T03:39:33.119+0000] {dagbag.py:538} INFO - Filling up the DagBag from /opt/airflow/dags/dbt_local_dag.py
[2025-11-01T03:39:33.206+0000] {processor.py:840} INFO - DAG(s) 'dag_dbt_pipeline' retrieved from /opt/airflow/dags/dbt_local_dag.py
[2025-11-01T03:39:33.360+0000] {logging_mixin.py:188} INFO - [2025-11-01T03:39:33.358+0000] {dag.py:3036} INFO - Sync 1 DAGs
[2025-11-01T03:39:33.487+0000] {logging_mixin.py:188} INFO - [2025-11-01T03:39:33.483+0000] {dag.py:3823} INFO - Setting next_dagrun for dag_dbt_pipeline to 2025-11-01 00:00:00+00:00, run_after=2025-11-02 00:00:00+00:00
[2025-11-01T03:39:33.590+0000] {processor.py:183} INFO - Processing /opt/airflow/dags/dbt_local_dag.py took 0.489 seconds
[2025-11-01T03:40:05.395+0000] {processor.py:161} INFO - Started process (PID=2326) to work on /opt/airflow/dags/dbt_local_dag.py
[2025-11-01T03:40:05.398+0000] {processor.py:830} INFO - Processing file /opt/airflow/dags/dbt_local_dag.py for tasks to queue
[2025-11-01T03:40:05.400+0000] {logging_mixin.py:188} INFO - [2025-11-01T03:40:05.400+0000] {dagbag.py:538} INFO - Filling up the DagBag from /opt/airflow/dags/dbt_local_dag.py
[2025-11-01T03:40:05.482+0000] {processor.py:840} INFO - DAG(s) 'dag_dbt_pipeline' retrieved from /opt/airflow/dags/dbt_local_dag.py
[2025-11-01T03:40:05.603+0000] {logging_mixin.py:188} INFO - [2025-11-01T03:40:05.602+0000] {dag.py:3036} INFO - Sync 1 DAGs
[2025-11-01T03:40:05.717+0000] {logging_mixin.py:188} INFO - [2025-11-01T03:40:05.716+0000] {dag.py:3823} INFO - Setting next_dagrun for dag_dbt_pipeline to 2025-11-01 00:00:00+00:00, run_after=2025-11-02 00:00:00+00:00
[2025-11-01T03:40:05.798+0000] {processor.py:183} INFO - Processing /opt/airflow/dags/dbt_local_dag.py took 0.414 seconds
[2025-11-01T03:40:38.223+0000] {processor.py:161} INFO - Started process (PID=2338) to work on /opt/airflow/dags/dbt_local_dag.py
[2025-11-01T03:40:38.227+0000] {processor.py:830} INFO - Processing file /opt/airflow/dags/dbt_local_dag.py for tasks to queue
[2025-11-01T03:40:38.230+0000] {logging_mixin.py:188} INFO - [2025-11-01T03:40:38.228+0000] {dagbag.py:538} INFO - Filling up the DagBag from /opt/airflow/dags/dbt_local_dag.py
[2025-11-01T03:40:38.297+0000] {processor.py:840} INFO - DAG(s) 'dag_dbt_pipeline' retrieved from /opt/airflow/dags/dbt_local_dag.py
[2025-11-01T03:40:38.442+0000] {logging_mixin.py:188} INFO - [2025-11-01T03:40:38.441+0000] {dag.py:3036} INFO - Sync 1 DAGs
[2025-11-01T03:40:38.583+0000] {logging_mixin.py:188} INFO - [2025-11-01T03:40:38.582+0000] {dag.py:3823} INFO - Setting next_dagrun for dag_dbt_pipeline to 2025-11-01 00:00:00+00:00, run_after=2025-11-02 00:00:00+00:00
[2025-11-01T03:40:38.698+0000] {processor.py:183} INFO - Processing /opt/airflow/dags/dbt_local_dag.py took 0.491 seconds
[2025-11-01T03:41:10.908+0000] {processor.py:161} INFO - Started process (PID=2350) to work on /opt/airflow/dags/dbt_local_dag.py
[2025-11-01T03:41:10.914+0000] {processor.py:830} INFO - Processing file /opt/airflow/dags/dbt_local_dag.py for tasks to queue
[2025-11-01T03:41:10.927+0000] {logging_mixin.py:188} INFO - [2025-11-01T03:41:10.924+0000] {dagbag.py:538} INFO - Filling up the DagBag from /opt/airflow/dags/dbt_local_dag.py
[2025-11-01T03:41:11.011+0000] {processor.py:840} INFO - DAG(s) 'dag_dbt_pipeline' retrieved from /opt/airflow/dags/dbt_local_dag.py
[2025-11-01T03:41:11.145+0000] {logging_mixin.py:188} INFO - [2025-11-01T03:41:11.145+0000] {dag.py:3036} INFO - Sync 1 DAGs
[2025-11-01T03:41:11.251+0000] {logging_mixin.py:188} INFO - [2025-11-01T03:41:11.251+0000] {dag.py:3823} INFO - Setting next_dagrun for dag_dbt_pipeline to 2025-11-01 00:00:00+00:00, run_after=2025-11-02 00:00:00+00:00
[2025-11-01T03:41:11.323+0000] {processor.py:183} INFO - Processing /opt/airflow/dags/dbt_local_dag.py took 0.430 seconds
[2025-11-01T03:41:43.874+0000] {processor.py:161} INFO - Started process (PID=2362) to work on /opt/airflow/dags/dbt_local_dag.py
[2025-11-01T03:41:43.886+0000] {processor.py:830} INFO - Processing file /opt/airflow/dags/dbt_local_dag.py for tasks to queue
[2025-11-01T03:41:43.908+0000] {logging_mixin.py:188} INFO - [2025-11-01T03:41:43.895+0000] {dagbag.py:538} INFO - Filling up the DagBag from /opt/airflow/dags/dbt_local_dag.py
[2025-11-01T03:41:44.315+0000] {processor.py:840} INFO - DAG(s) 'dag_dbt_pipeline' retrieved from /opt/airflow/dags/dbt_local_dag.py
[2025-11-01T03:41:44.590+0000] {logging_mixin.py:188} INFO - [2025-11-01T03:41:44.580+0000] {dag.py:3036} INFO - Sync 1 DAGs
[2025-11-01T03:41:44.802+0000] {logging_mixin.py:188} INFO - [2025-11-01T03:41:44.792+0000] {dag.py:3823} INFO - Setting next_dagrun for dag_dbt_pipeline to 2025-11-01 00:00:00+00:00, run_after=2025-11-02 00:00:00+00:00
[2025-11-01T03:41:44.993+0000] {processor.py:183} INFO - Processing /opt/airflow/dags/dbt_local_dag.py took 1.133 seconds
[2025-11-01T03:42:17.035+0000] {processor.py:161} INFO - Started process (PID=2374) to work on /opt/airflow/dags/dbt_local_dag.py
[2025-11-01T03:42:17.038+0000] {processor.py:830} INFO - Processing file /opt/airflow/dags/dbt_local_dag.py for tasks to queue
[2025-11-01T03:42:17.042+0000] {logging_mixin.py:188} INFO - [2025-11-01T03:42:17.041+0000] {dagbag.py:538} INFO - Filling up the DagBag from /opt/airflow/dags/dbt_local_dag.py
[2025-11-01T03:42:17.095+0000] {processor.py:840} INFO - DAG(s) 'dag_dbt_pipeline' retrieved from /opt/airflow/dags/dbt_local_dag.py
[2025-11-01T03:42:17.172+0000] {logging_mixin.py:188} INFO - [2025-11-01T03:42:17.171+0000] {dag.py:3036} INFO - Sync 1 DAGs
[2025-11-01T03:42:17.234+0000] {logging_mixin.py:188} INFO - [2025-11-01T03:42:17.234+0000] {dag.py:3823} INFO - Setting next_dagrun for dag_dbt_pipeline to 2025-11-01 00:00:00+00:00, run_after=2025-11-02 00:00:00+00:00
[2025-11-01T03:42:17.280+0000] {processor.py:183} INFO - Processing /opt/airflow/dags/dbt_local_dag.py took 0.256 seconds
[2025-11-01T03:42:49.180+0000] {processor.py:161} INFO - Started process (PID=2386) to work on /opt/airflow/dags/dbt_local_dag.py
[2025-11-01T03:42:49.191+0000] {processor.py:830} INFO - Processing file /opt/airflow/dags/dbt_local_dag.py for tasks to queue
[2025-11-01T03:42:49.196+0000] {logging_mixin.py:188} INFO - [2025-11-01T03:42:49.193+0000] {dagbag.py:538} INFO - Filling up the DagBag from /opt/airflow/dags/dbt_local_dag.py
[2025-11-01T03:42:49.250+0000] {processor.py:840} INFO - DAG(s) 'dag_dbt_pipeline' retrieved from /opt/airflow/dags/dbt_local_dag.py
[2025-11-01T03:42:49.316+0000] {logging_mixin.py:188} INFO - [2025-11-01T03:42:49.315+0000] {dag.py:3036} INFO - Sync 1 DAGs
[2025-11-01T03:42:49.361+0000] {logging_mixin.py:188} INFO - [2025-11-01T03:42:49.361+0000] {dag.py:3823} INFO - Setting next_dagrun for dag_dbt_pipeline to 2025-11-01 00:00:00+00:00, run_after=2025-11-02 00:00:00+00:00
[2025-11-01T03:42:49.410+0000] {processor.py:183} INFO - Processing /opt/airflow/dags/dbt_local_dag.py took 0.244 seconds
[2025-11-01T03:43:22.499+0000] {processor.py:161} INFO - Started process (PID=2398) to work on /opt/airflow/dags/dbt_local_dag.py
[2025-11-01T03:43:22.505+0000] {processor.py:830} INFO - Processing file /opt/airflow/dags/dbt_local_dag.py for tasks to queue
[2025-11-01T03:43:22.514+0000] {logging_mixin.py:188} INFO - [2025-11-01T03:43:22.512+0000] {dagbag.py:538} INFO - Filling up the DagBag from /opt/airflow/dags/dbt_local_dag.py
[2025-11-01T03:43:22.608+0000] {processor.py:840} INFO - DAG(s) 'dag_dbt_pipeline' retrieved from /opt/airflow/dags/dbt_local_dag.py
[2025-11-01T03:43:22.734+0000] {logging_mixin.py:188} INFO - [2025-11-01T03:43:22.733+0000] {dag.py:3036} INFO - Sync 1 DAGs
[2025-11-01T03:43:22.840+0000] {logging_mixin.py:188} INFO - [2025-11-01T03:43:22.839+0000] {dag.py:3823} INFO - Setting next_dagrun for dag_dbt_pipeline to 2025-11-01 00:00:00+00:00, run_after=2025-11-02 00:00:00+00:00
[2025-11-01T03:43:22.979+0000] {processor.py:183} INFO - Processing /opt/airflow/dags/dbt_local_dag.py took 0.502 seconds
[2025-11-01T03:43:54.653+0000] {processor.py:161} INFO - Started process (PID=2410) to work on /opt/airflow/dags/dbt_local_dag.py
[2025-11-01T03:43:54.660+0000] {processor.py:830} INFO - Processing file /opt/airflow/dags/dbt_local_dag.py for tasks to queue
[2025-11-01T03:43:54.670+0000] {logging_mixin.py:188} INFO - [2025-11-01T03:43:54.669+0000] {dagbag.py:538} INFO - Filling up the DagBag from /opt/airflow/dags/dbt_local_dag.py
[2025-11-01T03:43:54.923+0000] {processor.py:840} INFO - DAG(s) 'dag_dbt_pipeline' retrieved from /opt/airflow/dags/dbt_local_dag.py
[2025-11-01T03:43:55.106+0000] {logging_mixin.py:188} INFO - [2025-11-01T03:43:55.106+0000] {dag.py:3036} INFO - Sync 1 DAGs
[2025-11-01T03:43:55.260+0000] {logging_mixin.py:188} INFO - [2025-11-01T03:43:55.259+0000] {dag.py:3823} INFO - Setting next_dagrun for dag_dbt_pipeline to 2025-11-01 00:00:00+00:00, run_after=2025-11-02 00:00:00+00:00
[2025-11-01T03:43:55.514+0000] {processor.py:183} INFO - Processing /opt/airflow/dags/dbt_local_dag.py took 0.902 seconds
[2025-11-01T03:44:27.784+0000] {processor.py:161} INFO - Started process (PID=2422) to work on /opt/airflow/dags/dbt_local_dag.py
[2025-11-01T03:44:27.792+0000] {processor.py:830} INFO - Processing file /opt/airflow/dags/dbt_local_dag.py for tasks to queue
[2025-11-01T03:44:27.796+0000] {logging_mixin.py:188} INFO - [2025-11-01T03:44:27.795+0000] {dagbag.py:538} INFO - Filling up the DagBag from /opt/airflow/dags/dbt_local_dag.py
[2025-11-01T03:44:27.891+0000] {processor.py:840} INFO - DAG(s) 'dag_dbt_pipeline' retrieved from /opt/airflow/dags/dbt_local_dag.py
[2025-11-01T03:44:28.028+0000] {logging_mixin.py:188} INFO - [2025-11-01T03:44:28.028+0000] {dag.py:3036} INFO - Sync 1 DAGs
[2025-11-01T03:44:28.133+0000] {logging_mixin.py:188} INFO - [2025-11-01T03:44:28.132+0000] {dag.py:3823} INFO - Setting next_dagrun for dag_dbt_pipeline to 2025-11-01 00:00:00+00:00, run_after=2025-11-02 00:00:00+00:00
[2025-11-01T03:44:28.208+0000] {processor.py:183} INFO - Processing /opt/airflow/dags/dbt_local_dag.py took 0.451 seconds
[2025-11-01T03:45:00.494+0000] {processor.py:161} INFO - Started process (PID=2435) to work on /opt/airflow/dags/dbt_local_dag.py
[2025-11-01T03:45:00.501+0000] {processor.py:830} INFO - Processing file /opt/airflow/dags/dbt_local_dag.py for tasks to queue
[2025-11-01T03:45:00.506+0000] {logging_mixin.py:188} INFO - [2025-11-01T03:45:00.504+0000] {dagbag.py:538} INFO - Filling up the DagBag from /opt/airflow/dags/dbt_local_dag.py
[2025-11-01T03:45:00.602+0000] {processor.py:840} INFO - DAG(s) 'dag_dbt_pipeline' retrieved from /opt/airflow/dags/dbt_local_dag.py
[2025-11-01T03:45:00.698+0000] {logging_mixin.py:188} INFO - [2025-11-01T03:45:00.698+0000] {dag.py:3036} INFO - Sync 1 DAGs
[2025-11-01T03:45:00.787+0000] {logging_mixin.py:188} INFO - [2025-11-01T03:45:00.787+0000] {dag.py:3823} INFO - Setting next_dagrun for dag_dbt_pipeline to 2025-11-01 00:00:00+00:00, run_after=2025-11-02 00:00:00+00:00
[2025-11-01T03:45:00.992+0000] {processor.py:183} INFO - Processing /opt/airflow/dags/dbt_local_dag.py took 0.520 seconds
[2025-11-01T03:45:33.051+0000] {processor.py:161} INFO - Started process (PID=2447) to work on /opt/airflow/dags/dbt_local_dag.py
[2025-11-01T03:45:33.056+0000] {processor.py:830} INFO - Processing file /opt/airflow/dags/dbt_local_dag.py for tasks to queue
[2025-11-01T03:45:33.060+0000] {logging_mixin.py:188} INFO - [2025-11-01T03:45:33.059+0000] {dagbag.py:538} INFO - Filling up the DagBag from /opt/airflow/dags/dbt_local_dag.py
[2025-11-01T03:45:33.151+0000] {processor.py:840} INFO - DAG(s) 'dag_dbt_pipeline' retrieved from /opt/airflow/dags/dbt_local_dag.py
[2025-11-01T03:45:33.267+0000] {logging_mixin.py:188} INFO - [2025-11-01T03:45:33.266+0000] {dag.py:3036} INFO - Sync 1 DAGs
[2025-11-01T03:45:33.370+0000] {logging_mixin.py:188} INFO - [2025-11-01T03:45:33.369+0000] {dag.py:3823} INFO - Setting next_dagrun for dag_dbt_pipeline to 2025-11-01 00:00:00+00:00, run_after=2025-11-02 00:00:00+00:00
[2025-11-01T03:45:33.441+0000] {processor.py:183} INFO - Processing /opt/airflow/dags/dbt_local_dag.py took 0.409 seconds
[2025-11-01T03:46:05.968+0000] {processor.py:161} INFO - Started process (PID=2459) to work on /opt/airflow/dags/dbt_local_dag.py
[2025-11-01T03:46:05.971+0000] {processor.py:830} INFO - Processing file /opt/airflow/dags/dbt_local_dag.py for tasks to queue
[2025-11-01T03:46:05.975+0000] {logging_mixin.py:188} INFO - [2025-11-01T03:46:05.973+0000] {dagbag.py:538} INFO - Filling up the DagBag from /opt/airflow/dags/dbt_local_dag.py
[2025-11-01T03:46:06.080+0000] {processor.py:840} INFO - DAG(s) 'dag_dbt_pipeline' retrieved from /opt/airflow/dags/dbt_local_dag.py
[2025-11-01T03:46:06.216+0000] {logging_mixin.py:188} INFO - [2025-11-01T03:46:06.215+0000] {dag.py:3036} INFO - Sync 1 DAGs
[2025-11-01T03:46:06.354+0000] {logging_mixin.py:188} INFO - [2025-11-01T03:46:06.350+0000] {dag.py:3823} INFO - Setting next_dagrun for dag_dbt_pipeline to 2025-11-01 00:00:00+00:00, run_after=2025-11-02 00:00:00+00:00
[2025-11-01T03:46:06.479+0000] {processor.py:183} INFO - Processing /opt/airflow/dags/dbt_local_dag.py took 0.531 seconds
[2025-11-01T03:46:38.842+0000] {processor.py:161} INFO - Started process (PID=2471) to work on /opt/airflow/dags/dbt_local_dag.py
[2025-11-01T03:46:38.847+0000] {processor.py:830} INFO - Processing file /opt/airflow/dags/dbt_local_dag.py for tasks to queue
[2025-11-01T03:46:38.851+0000] {logging_mixin.py:188} INFO - [2025-11-01T03:46:38.850+0000] {dagbag.py:538} INFO - Filling up the DagBag from /opt/airflow/dags/dbt_local_dag.py
[2025-11-01T03:46:38.929+0000] {processor.py:840} INFO - DAG(s) 'dag_dbt_pipeline' retrieved from /opt/airflow/dags/dbt_local_dag.py
[2025-11-01T03:46:39.030+0000] {logging_mixin.py:188} INFO - [2025-11-01T03:46:39.029+0000] {dag.py:3036} INFO - Sync 1 DAGs
[2025-11-01T03:46:39.107+0000] {logging_mixin.py:188} INFO - [2025-11-01T03:46:39.107+0000] {dag.py:3823} INFO - Setting next_dagrun for dag_dbt_pipeline to 2025-11-01 00:00:00+00:00, run_after=2025-11-02 00:00:00+00:00
[2025-11-01T03:46:39.182+0000] {processor.py:183} INFO - Processing /opt/airflow/dags/dbt_local_dag.py took 0.354 seconds
[2025-11-01T03:47:11.468+0000] {processor.py:161} INFO - Started process (PID=2483) to work on /opt/airflow/dags/dbt_local_dag.py
[2025-11-01T03:47:11.474+0000] {processor.py:830} INFO - Processing file /opt/airflow/dags/dbt_local_dag.py for tasks to queue
[2025-11-01T03:47:11.479+0000] {logging_mixin.py:188} INFO - [2025-11-01T03:47:11.476+0000] {dagbag.py:538} INFO - Filling up the DagBag from /opt/airflow/dags/dbt_local_dag.py
[2025-11-01T03:47:11.586+0000] {processor.py:840} INFO - DAG(s) 'dag_dbt_pipeline' retrieved from /opt/airflow/dags/dbt_local_dag.py
[2025-11-01T03:47:11.703+0000] {logging_mixin.py:188} INFO - [2025-11-01T03:47:11.702+0000] {dag.py:3036} INFO - Sync 1 DAGs
[2025-11-01T03:47:11.798+0000] {logging_mixin.py:188} INFO - [2025-11-01T03:47:11.798+0000] {dag.py:3823} INFO - Setting next_dagrun for dag_dbt_pipeline to 2025-11-01 00:00:00+00:00, run_after=2025-11-02 00:00:00+00:00
[2025-11-01T03:47:11.885+0000] {processor.py:183} INFO - Processing /opt/airflow/dags/dbt_local_dag.py took 0.437 seconds
[2025-11-01T03:47:43.794+0000] {processor.py:161} INFO - Started process (PID=2495) to work on /opt/airflow/dags/dbt_local_dag.py
[2025-11-01T03:47:43.802+0000] {processor.py:830} INFO - Processing file /opt/airflow/dags/dbt_local_dag.py for tasks to queue
[2025-11-01T03:47:43.813+0000] {logging_mixin.py:188} INFO - [2025-11-01T03:47:43.812+0000] {dagbag.py:538} INFO - Filling up the DagBag from /opt/airflow/dags/dbt_local_dag.py
[2025-11-01T03:47:44.051+0000] {processor.py:840} INFO - DAG(s) 'dag_dbt_pipeline' retrieved from /opt/airflow/dags/dbt_local_dag.py
[2025-11-01T03:47:44.327+0000] {logging_mixin.py:188} INFO - [2025-11-01T03:47:44.325+0000] {dag.py:3036} INFO - Sync 1 DAGs
[2025-11-01T03:47:44.621+0000] {logging_mixin.py:188} INFO - [2025-11-01T03:47:44.621+0000] {dag.py:3823} INFO - Setting next_dagrun for dag_dbt_pipeline to 2025-11-01 00:00:00+00:00, run_after=2025-11-02 00:00:00+00:00
[2025-11-01T03:47:44.801+0000] {processor.py:183} INFO - Processing /opt/airflow/dags/dbt_local_dag.py took 1.058 seconds
[2025-11-01T03:48:17.021+0000] {processor.py:161} INFO - Started process (PID=2507) to work on /opt/airflow/dags/dbt_local_dag.py
[2025-11-01T03:48:17.026+0000] {processor.py:830} INFO - Processing file /opt/airflow/dags/dbt_local_dag.py for tasks to queue
[2025-11-01T03:48:17.032+0000] {logging_mixin.py:188} INFO - [2025-11-01T03:48:17.031+0000] {dagbag.py:538} INFO - Filling up the DagBag from /opt/airflow/dags/dbt_local_dag.py
[2025-11-01T03:48:17.120+0000] {processor.py:840} INFO - DAG(s) 'dag_dbt_pipeline' retrieved from /opt/airflow/dags/dbt_local_dag.py
[2025-11-01T03:48:17.297+0000] {logging_mixin.py:188} INFO - [2025-11-01T03:48:17.296+0000] {dag.py:3036} INFO - Sync 1 DAGs
[2025-11-01T03:48:17.446+0000] {logging_mixin.py:188} INFO - [2025-11-01T03:48:17.445+0000] {dag.py:3823} INFO - Setting next_dagrun for dag_dbt_pipeline to 2025-11-01 00:00:00+00:00, run_after=2025-11-02 00:00:00+00:00
[2025-11-01T03:48:17.549+0000] {processor.py:183} INFO - Processing /opt/airflow/dags/dbt_local_dag.py took 0.572 seconds
[2025-11-01T03:48:50.042+0000] {processor.py:161} INFO - Started process (PID=2519) to work on /opt/airflow/dags/dbt_local_dag.py
[2025-11-01T03:48:50.047+0000] {processor.py:830} INFO - Processing file /opt/airflow/dags/dbt_local_dag.py for tasks to queue
[2025-11-01T03:48:50.056+0000] {logging_mixin.py:188} INFO - [2025-11-01T03:48:50.054+0000] {dagbag.py:538} INFO - Filling up the DagBag from /opt/airflow/dags/dbt_local_dag.py
[2025-11-01T03:48:50.190+0000] {processor.py:840} INFO - DAG(s) 'dag_dbt_pipeline' retrieved from /opt/airflow/dags/dbt_local_dag.py
[2025-11-01T03:48:50.324+0000] {logging_mixin.py:188} INFO - [2025-11-01T03:48:50.321+0000] {dag.py:3036} INFO - Sync 1 DAGs
[2025-11-01T03:48:50.461+0000] {logging_mixin.py:188} INFO - [2025-11-01T03:48:50.461+0000] {dag.py:3823} INFO - Setting next_dagrun for dag_dbt_pipeline to 2025-11-01 00:00:00+00:00, run_after=2025-11-02 00:00:00+00:00
[2025-11-01T03:48:50.547+0000] {processor.py:183} INFO - Processing /opt/airflow/dags/dbt_local_dag.py took 0.524 seconds
[2025-11-01T03:49:22.107+0000] {processor.py:161} INFO - Started process (PID=2531) to work on /opt/airflow/dags/dbt_local_dag.py
[2025-11-01T03:49:22.116+0000] {processor.py:830} INFO - Processing file /opt/airflow/dags/dbt_local_dag.py for tasks to queue
[2025-11-01T03:49:22.121+0000] {logging_mixin.py:188} INFO - [2025-11-01T03:49:22.119+0000] {dagbag.py:538} INFO - Filling up the DagBag from /opt/airflow/dags/dbt_local_dag.py
[2025-11-01T03:49:22.278+0000] {processor.py:840} INFO - DAG(s) 'dag_dbt_pipeline' retrieved from /opt/airflow/dags/dbt_local_dag.py
[2025-11-01T03:49:22.422+0000] {logging_mixin.py:188} INFO - [2025-11-01T03:49:22.419+0000] {dag.py:3036} INFO - Sync 1 DAGs
[2025-11-01T03:49:22.635+0000] {logging_mixin.py:188} INFO - [2025-11-01T03:49:22.634+0000] {dag.py:3823} INFO - Setting next_dagrun for dag_dbt_pipeline to 2025-11-01 00:00:00+00:00, run_after=2025-11-02 00:00:00+00:00
[2025-11-01T03:49:22.749+0000] {processor.py:183} INFO - Processing /opt/airflow/dags/dbt_local_dag.py took 0.670 seconds
[2025-11-01T03:49:54.991+0000] {processor.py:161} INFO - Started process (PID=2543) to work on /opt/airflow/dags/dbt_local_dag.py
[2025-11-01T03:49:54.996+0000] {processor.py:830} INFO - Processing file /opt/airflow/dags/dbt_local_dag.py for tasks to queue
[2025-11-01T03:49:55.009+0000] {logging_mixin.py:188} INFO - [2025-11-01T03:49:55.008+0000] {dagbag.py:538} INFO - Filling up the DagBag from /opt/airflow/dags/dbt_local_dag.py
[2025-11-01T03:49:55.171+0000] {processor.py:840} INFO - DAG(s) 'dag_dbt_pipeline' retrieved from /opt/airflow/dags/dbt_local_dag.py
[2025-11-01T03:49:55.379+0000] {logging_mixin.py:188} INFO - [2025-11-01T03:49:55.378+0000] {dag.py:3036} INFO - Sync 1 DAGs
[2025-11-01T03:49:55.578+0000] {logging_mixin.py:188} INFO - [2025-11-01T03:49:55.577+0000] {dag.py:3823} INFO - Setting next_dagrun for dag_dbt_pipeline to 2025-11-01 00:00:00+00:00, run_after=2025-11-02 00:00:00+00:00
[2025-11-01T03:49:55.747+0000] {processor.py:183} INFO - Processing /opt/airflow/dags/dbt_local_dag.py took 0.779 seconds
[2025-11-01T03:50:27.694+0000] {processor.py:161} INFO - Started process (PID=2555) to work on /opt/airflow/dags/dbt_local_dag.py
[2025-11-01T03:50:27.700+0000] {processor.py:830} INFO - Processing file /opt/airflow/dags/dbt_local_dag.py for tasks to queue
[2025-11-01T03:50:27.707+0000] {logging_mixin.py:188} INFO - [2025-11-01T03:50:27.704+0000] {dagbag.py:538} INFO - Filling up the DagBag from /opt/airflow/dags/dbt_local_dag.py
[2025-11-01T03:50:27.805+0000] {processor.py:840} INFO - DAG(s) 'dag_dbt_pipeline' retrieved from /opt/airflow/dags/dbt_local_dag.py
[2025-11-01T03:50:27.936+0000] {logging_mixin.py:188} INFO - [2025-11-01T03:50:27.935+0000] {dag.py:3036} INFO - Sync 1 DAGs
[2025-11-01T03:50:28.085+0000] {logging_mixin.py:188} INFO - [2025-11-01T03:50:28.084+0000] {dag.py:3823} INFO - Setting next_dagrun for dag_dbt_pipeline to 2025-11-01 00:00:00+00:00, run_after=2025-11-02 00:00:00+00:00
[2025-11-01T03:50:28.169+0000] {processor.py:183} INFO - Processing /opt/airflow/dags/dbt_local_dag.py took 0.504 seconds
[2025-11-01T03:51:00.819+0000] {processor.py:161} INFO - Started process (PID=2567) to work on /opt/airflow/dags/dbt_local_dag.py
[2025-11-01T03:51:00.823+0000] {processor.py:830} INFO - Processing file /opt/airflow/dags/dbt_local_dag.py for tasks to queue
[2025-11-01T03:51:00.827+0000] {logging_mixin.py:188} INFO - [2025-11-01T03:51:00.826+0000] {dagbag.py:538} INFO - Filling up the DagBag from /opt/airflow/dags/dbt_local_dag.py
[2025-11-01T03:51:00.967+0000] {processor.py:840} INFO - DAG(s) 'dag_dbt_pipeline' retrieved from /opt/airflow/dags/dbt_local_dag.py
[2025-11-01T03:51:01.123+0000] {logging_mixin.py:188} INFO - [2025-11-01T03:51:01.121+0000] {dag.py:3036} INFO - Sync 1 DAGs
[2025-11-01T03:51:01.275+0000] {logging_mixin.py:188} INFO - [2025-11-01T03:51:01.274+0000] {dag.py:3823} INFO - Setting next_dagrun for dag_dbt_pipeline to 2025-11-01 00:00:00+00:00, run_after=2025-11-02 00:00:00+00:00
[2025-11-01T03:51:01.401+0000] {processor.py:183} INFO - Processing /opt/airflow/dags/dbt_local_dag.py took 0.616 seconds
[2025-11-01T03:51:33.665+0000] {processor.py:161} INFO - Started process (PID=2579) to work on /opt/airflow/dags/dbt_local_dag.py
[2025-11-01T03:51:33.669+0000] {processor.py:830} INFO - Processing file /opt/airflow/dags/dbt_local_dag.py for tasks to queue
[2025-11-01T03:51:33.681+0000] {logging_mixin.py:188} INFO - [2025-11-01T03:51:33.679+0000] {dagbag.py:538} INFO - Filling up the DagBag from /opt/airflow/dags/dbt_local_dag.py
[2025-11-01T03:51:33.806+0000] {processor.py:840} INFO - DAG(s) 'dag_dbt_pipeline' retrieved from /opt/airflow/dags/dbt_local_dag.py
[2025-11-01T03:51:33.992+0000] {logging_mixin.py:188} INFO - [2025-11-01T03:51:33.991+0000] {dag.py:3036} INFO - Sync 1 DAGs
[2025-11-01T03:51:34.262+0000] {logging_mixin.py:188} INFO - [2025-11-01T03:51:34.261+0000] {dag.py:3823} INFO - Setting next_dagrun for dag_dbt_pipeline to 2025-11-01 00:00:00+00:00, run_after=2025-11-02 00:00:00+00:00
[2025-11-01T03:51:34.389+0000] {processor.py:183} INFO - Processing /opt/airflow/dags/dbt_local_dag.py took 0.743 seconds
[2025-11-01T03:52:06.303+0000] {processor.py:161} INFO - Started process (PID=2591) to work on /opt/airflow/dags/dbt_local_dag.py
[2025-11-01T03:52:06.341+0000] {processor.py:830} INFO - Processing file /opt/airflow/dags/dbt_local_dag.py for tasks to queue
[2025-11-01T03:52:06.357+0000] {logging_mixin.py:188} INFO - [2025-11-01T03:52:06.356+0000] {dagbag.py:538} INFO - Filling up the DagBag from /opt/airflow/dags/dbt_local_dag.py
[2025-11-01T03:52:06.705+0000] {processor.py:840} INFO - DAG(s) 'dag_dbt_pipeline' retrieved from /opt/airflow/dags/dbt_local_dag.py
[2025-11-01T03:52:06.888+0000] {logging_mixin.py:188} INFO - [2025-11-01T03:52:06.887+0000] {dag.py:3036} INFO - Sync 1 DAGs
[2025-11-01T03:52:07.112+0000] {logging_mixin.py:188} INFO - [2025-11-01T03:52:07.111+0000] {dag.py:3823} INFO - Setting next_dagrun for dag_dbt_pipeline to 2025-11-01 00:00:00+00:00, run_after=2025-11-02 00:00:00+00:00
[2025-11-01T03:52:07.298+0000] {processor.py:183} INFO - Processing /opt/airflow/dags/dbt_local_dag.py took 1.021 seconds
[2025-11-01T03:52:38.634+0000] {processor.py:161} INFO - Started process (PID=2604) to work on /opt/airflow/dags/dbt_local_dag.py
[2025-11-01T03:52:38.640+0000] {processor.py:830} INFO - Processing file /opt/airflow/dags/dbt_local_dag.py for tasks to queue
[2025-11-01T03:52:38.648+0000] {logging_mixin.py:188} INFO - [2025-11-01T03:52:38.646+0000] {dagbag.py:538} INFO - Filling up the DagBag from /opt/airflow/dags/dbt_local_dag.py
[2025-11-01T03:52:38.726+0000] {processor.py:840} INFO - DAG(s) 'dag_dbt_pipeline' retrieved from /opt/airflow/dags/dbt_local_dag.py
[2025-11-01T03:52:38.825+0000] {logging_mixin.py:188} INFO - [2025-11-01T03:52:38.825+0000] {dag.py:3036} INFO - Sync 1 DAGs
[2025-11-01T03:52:38.919+0000] {logging_mixin.py:188} INFO - [2025-11-01T03:52:38.918+0000] {dag.py:3823} INFO - Setting next_dagrun for dag_dbt_pipeline to 2025-11-01 00:00:00+00:00, run_after=2025-11-02 00:00:00+00:00
[2025-11-01T03:52:38.988+0000] {processor.py:183} INFO - Processing /opt/airflow/dags/dbt_local_dag.py took 0.372 seconds
[2025-11-01T03:53:11.812+0000] {processor.py:161} INFO - Started process (PID=2616) to work on /opt/airflow/dags/dbt_local_dag.py
[2025-11-01T03:53:11.816+0000] {processor.py:830} INFO - Processing file /opt/airflow/dags/dbt_local_dag.py for tasks to queue
[2025-11-01T03:53:11.820+0000] {logging_mixin.py:188} INFO - [2025-11-01T03:53:11.819+0000] {dagbag.py:538} INFO - Filling up the DagBag from /opt/airflow/dags/dbt_local_dag.py
[2025-11-01T03:53:11.899+0000] {processor.py:840} INFO - DAG(s) 'dag_dbt_pipeline' retrieved from /opt/airflow/dags/dbt_local_dag.py
[2025-11-01T03:53:12.000+0000] {logging_mixin.py:188} INFO - [2025-11-01T03:53:11.999+0000] {dag.py:3036} INFO - Sync 1 DAGs
[2025-11-01T03:53:12.092+0000] {logging_mixin.py:188} INFO - [2025-11-01T03:53:12.091+0000] {dag.py:3823} INFO - Setting next_dagrun for dag_dbt_pipeline to 2025-11-01 00:00:00+00:00, run_after=2025-11-02 00:00:00+00:00
[2025-11-01T03:53:12.176+0000] {processor.py:183} INFO - Processing /opt/airflow/dags/dbt_local_dag.py took 0.378 seconds
