[2025-11-01T01:34:47.073+0000] {processor.py:161} INFO - Started process (PID=46) to work on /opt/airflow/dags/my_dag.py
[2025-11-01T01:34:47.091+0000] {processor.py:830} INFO - Processing file /opt/airflow/dags/my_dag.py for tasks to queue
[2025-11-01T01:34:47.107+0000] {logging_mixin.py:188} INFO - [2025-11-01T01:34:47.107+0000] {dagbag.py:538} INFO - Filling up the DagBag from /opt/airflow/dags/my_dag.py
[2025-11-01T01:35:03.304+0000] {processor.py:840} INFO - DAG(s) 'my_dag' retrieved from /opt/airflow/dags/my_dag.py
[2025-11-01T01:35:03.457+0000] {logging_mixin.py:188} INFO - [2025-11-01T01:35:03.452+0000] {dag.py:3036} INFO - Sync 1 DAGs
[2025-11-01T01:35:03.518+0000] {logging_mixin.py:188} INFO - [2025-11-01T01:35:03.518+0000] {dag.py:3823} INFO - Setting next_dagrun for my_dag to None, run_after=None
[2025-11-01T01:35:03.647+0000] {processor.py:183} INFO - Processing /opt/airflow/dags/my_dag.py took 14.799 seconds
[2025-11-01T01:35:34.124+0000] {processor.py:161} INFO - Started process (PID=65) to work on /opt/airflow/dags/my_dag.py
[2025-11-01T01:35:34.139+0000] {processor.py:830} INFO - Processing file /opt/airflow/dags/my_dag.py for tasks to queue
[2025-11-01T01:35:34.154+0000] {logging_mixin.py:188} INFO - [2025-11-01T01:35:34.152+0000] {dagbag.py:538} INFO - Filling up the DagBag from /opt/airflow/dags/my_dag.py
[2025-11-01T01:36:24.100+0000] {logging_mixin.py:188} INFO - [2025-11-01T01:36:24.098+0000] {timeout.py:68} ERROR - Process timed out, PID: 65
[2025-11-01T01:36:24.131+0000] {logging_mixin.py:188} WARNING - Exception ignored in: <function _collection_gced at 0x7209cbbfc670>
[2025-11-01T01:36:24.135+0000] {logging_mixin.py:188} WARNING - Traceback (most recent call last):
[2025-11-01T01:36:24.146+0000] {logging_mixin.py:188} WARNING -   File "/home/airflow/.local/lib/python3.8/site-packages/sqlalchemy/event/registry.py", line 53, in _collection_gced
[2025-11-01T01:36:24.189+0000] {logging_mixin.py:188} WARNING -     def _collection_gced(ref):
[2025-11-01T01:36:24.194+0000] {logging_mixin.py:188} WARNING -   File "/home/airflow/.local/lib/python3.8/site-packages/airflow/utils/timeout.py", line 69, in handle_timeout
[2025-11-01T01:36:24.200+0000] {logging_mixin.py:188} WARNING -     raise AirflowTaskTimeout(self.error_message)
[2025-11-01T01:36:24.206+0000] {logging_mixin.py:188} WARNING - airflow.exceptions.AirflowTaskTimeout: DagBag import timeout for /opt/airflow/dags/my_dag.py after 30.0s.
Please take a look at these docs to improve your DAG import time:
* https://airflow.apache.org/docs/apache-airflow/2.8.1/best-practices.html#top-level-python-code
* https://airflow.apache.org/docs/apache-airflow/2.8.1/best-practices.html#reducing-dag-complexity, PID: 65
[2025-11-01T01:37:00.069+0000] {processor.py:161} INFO - Started process (PID=85) to work on /opt/airflow/dags/my_dag.py
[2025-11-01T01:37:00.103+0000] {processor.py:830} INFO - Processing file /opt/airflow/dags/my_dag.py for tasks to queue
[2025-11-01T01:37:00.187+0000] {logging_mixin.py:188} INFO - [2025-11-01T01:37:00.170+0000] {dagbag.py:538} INFO - Filling up the DagBag from /opt/airflow/dags/my_dag.py
[2025-11-01T01:37:46.586+0000] {logging_mixin.py:188} INFO - [2025-11-01T01:37:46.584+0000] {timeout.py:68} ERROR - Process timed out, PID: 85
[2025-11-01T01:37:46.598+0000] {logging_mixin.py:188} WARNING - Exception ignored in: <function _collection_gced at 0x7209cbbfc670>
[2025-11-01T01:37:46.601+0000] {logging_mixin.py:188} WARNING - Traceback (most recent call last):
[2025-11-01T01:37:46.602+0000] {logging_mixin.py:188} WARNING -   File "/home/airflow/.local/lib/python3.8/site-packages/sqlalchemy/event/registry.py", line 53, in _collection_gced
[2025-11-01T01:37:46.603+0000] {logging_mixin.py:188} WARNING -     def _collection_gced(ref):
[2025-11-01T01:37:46.605+0000] {logging_mixin.py:188} WARNING -   File "/home/airflow/.local/lib/python3.8/site-packages/airflow/utils/timeout.py", line 69, in handle_timeout
[2025-11-01T01:37:46.606+0000] {logging_mixin.py:188} WARNING -     raise AirflowTaskTimeout(self.error_message)
[2025-11-01T01:37:46.607+0000] {logging_mixin.py:188} WARNING - airflow.exceptions.AirflowTaskTimeout: DagBag import timeout for /opt/airflow/dags/my_dag.py after 30.0s.
Please take a look at these docs to improve your DAG import time:
* https://airflow.apache.org/docs/apache-airflow/2.8.1/best-practices.html#top-level-python-code
* https://airflow.apache.org/docs/apache-airflow/2.8.1/best-practices.html#reducing-dag-complexity, PID: 85
[2025-11-01T01:38:21.902+0000] {processor.py:161} INFO - Started process (PID=107) to work on /opt/airflow/dags/my_dag.py
[2025-11-01T01:38:21.957+0000] {processor.py:830} INFO - Processing file /opt/airflow/dags/my_dag.py for tasks to queue
[2025-11-01T01:38:22.220+0000] {logging_mixin.py:188} INFO - [2025-11-01T01:38:22.113+0000] {dagbag.py:538} INFO - Filling up the DagBag from /opt/airflow/dags/my_dag.py
[2025-11-01T01:38:53.470+0000] {processor.py:840} INFO - DAG(s) 'my_dag' retrieved from /opt/airflow/dags/my_dag.py
[2025-11-01T01:38:59.562+0000] {logging_mixin.py:188} INFO - [2025-11-01T01:38:59.559+0000] {dag.py:3036} INFO - Sync 1 DAGs
[2025-11-01T01:38:59.680+0000] {logging_mixin.py:188} INFO - [2025-11-01T01:38:59.680+0000] {dag.py:3823} INFO - Setting next_dagrun for my_dag to None, run_after=None
[2025-11-01T01:38:59.931+0000] {processor.py:183} INFO - Processing /opt/airflow/dags/my_dag.py took 35.418 seconds
[2025-11-01T01:39:37.668+0000] {processor.py:161} INFO - Started process (PID=128) to work on /opt/airflow/dags/my_dag.py
[2025-11-01T01:39:37.874+0000] {processor.py:830} INFO - Processing file /opt/airflow/dags/my_dag.py for tasks to queue
[2025-11-01T01:39:37.889+0000] {logging_mixin.py:188} INFO - [2025-11-01T01:39:37.889+0000] {dagbag.py:538} INFO - Filling up the DagBag from /opt/airflow/dags/my_dag.py
[2025-11-01T01:40:00.545+0000] {processor.py:840} INFO - DAG(s) 'my_dag' retrieved from /opt/airflow/dags/my_dag.py
[2025-11-01T01:40:01.262+0000] {logging_mixin.py:188} INFO - [2025-11-01T01:40:01.258+0000] {dag.py:3036} INFO - Sync 1 DAGs
[2025-11-01T01:40:01.417+0000] {logging_mixin.py:188} INFO - [2025-11-01T01:40:01.416+0000] {dag.py:3823} INFO - Setting next_dagrun for my_dag to None, run_after=None
[2025-11-01T01:40:01.580+0000] {processor.py:183} INFO - Processing /opt/airflow/dags/my_dag.py took 21.969 seconds
[2025-11-01T01:40:35.874+0000] {processor.py:161} INFO - Started process (PID=146) to work on /opt/airflow/dags/my_dag.py
[2025-11-01T01:40:36.025+0000] {processor.py:830} INFO - Processing file /opt/airflow/dags/my_dag.py for tasks to queue
[2025-11-01T01:40:36.157+0000] {logging_mixin.py:188} INFO - [2025-11-01T01:40:36.074+0000] {dagbag.py:538} INFO - Filling up the DagBag from /opt/airflow/dags/my_dag.py
[2025-11-01T01:41:02.863+0000] {processor.py:840} INFO - DAG(s) 'my_dag' retrieved from /opt/airflow/dags/my_dag.py
[2025-11-01T01:41:03.194+0000] {logging_mixin.py:188} INFO - [2025-11-01T01:41:03.180+0000] {dag.py:3036} INFO - Sync 1 DAGs
[2025-11-01T01:41:03.300+0000] {logging_mixin.py:188} INFO - [2025-11-01T01:41:03.287+0000] {dag.py:3823} INFO - Setting next_dagrun for my_dag to None, run_after=None
[2025-11-01T01:41:03.564+0000] {processor.py:183} INFO - Processing /opt/airflow/dags/my_dag.py took 25.136 seconds
[2025-11-01T01:41:34.414+0000] {processor.py:161} INFO - Started process (PID=167) to work on /opt/airflow/dags/my_dag.py
[2025-11-01T01:41:34.429+0000] {processor.py:830} INFO - Processing file /opt/airflow/dags/my_dag.py for tasks to queue
[2025-11-01T01:41:34.444+0000] {logging_mixin.py:188} INFO - [2025-11-01T01:41:34.444+0000] {dagbag.py:538} INFO - Filling up the DagBag from /opt/airflow/dags/my_dag.py
[2025-11-01T01:41:38.175+0000] {processor.py:840} INFO - DAG(s) 'my_dag' retrieved from /opt/airflow/dags/my_dag.py
[2025-11-01T01:41:38.276+0000] {logging_mixin.py:188} INFO - [2025-11-01T01:41:38.275+0000] {dag.py:3036} INFO - Sync 1 DAGs
[2025-11-01T01:41:38.305+0000] {logging_mixin.py:188} INFO - [2025-11-01T01:41:38.304+0000] {dag.py:3823} INFO - Setting next_dagrun for my_dag to None, run_after=None
[2025-11-01T01:41:38.380+0000] {processor.py:183} INFO - Processing /opt/airflow/dags/my_dag.py took 4.054 seconds
[2025-11-01T01:42:08.989+0000] {processor.py:161} INFO - Started process (PID=180) to work on /opt/airflow/dags/my_dag.py
[2025-11-01T01:42:08.993+0000] {processor.py:830} INFO - Processing file /opt/airflow/dags/my_dag.py for tasks to queue
[2025-11-01T01:42:09.018+0000] {logging_mixin.py:188} INFO - [2025-11-01T01:42:09.018+0000] {dagbag.py:538} INFO - Filling up the DagBag from /opt/airflow/dags/my_dag.py
[2025-11-01T01:42:12.285+0000] {processor.py:840} INFO - DAG(s) 'my_dag' retrieved from /opt/airflow/dags/my_dag.py
[2025-11-01T01:42:12.369+0000] {logging_mixin.py:188} INFO - [2025-11-01T01:42:12.368+0000] {dag.py:3036} INFO - Sync 1 DAGs
[2025-11-01T01:42:12.405+0000] {logging_mixin.py:188} INFO - [2025-11-01T01:42:12.404+0000] {dag.py:3823} INFO - Setting next_dagrun for my_dag to None, run_after=None
[2025-11-01T01:42:12.490+0000] {processor.py:183} INFO - Processing /opt/airflow/dags/my_dag.py took 3.541 seconds
[2025-11-01T01:42:49.315+0000] {processor.py:161} INFO - Started process (PID=192) to work on /opt/airflow/dags/my_dag.py
[2025-11-01T01:42:49.322+0000] {processor.py:830} INFO - Processing file /opt/airflow/dags/my_dag.py for tasks to queue
[2025-11-01T01:42:49.332+0000] {logging_mixin.py:188} INFO - [2025-11-01T01:42:49.331+0000] {dagbag.py:538} INFO - Filling up the DagBag from /opt/airflow/dags/my_dag.py
[2025-11-01T01:42:54.304+0000] {processor.py:840} INFO - DAG(s) 'my_dag' retrieved from /opt/airflow/dags/my_dag.py
[2025-11-01T01:42:54.491+0000] {logging_mixin.py:188} INFO - [2025-11-01T01:42:54.480+0000] {dag.py:3036} INFO - Sync 1 DAGs
[2025-11-01T01:42:54.658+0000] {logging_mixin.py:188} INFO - [2025-11-01T01:42:54.658+0000] {dag.py:3823} INFO - Setting next_dagrun for my_dag to None, run_after=None
[2025-11-01T01:42:54.792+0000] {processor.py:183} INFO - Processing /opt/airflow/dags/my_dag.py took 5.492 seconds
[2025-11-01T01:43:28.579+0000] {processor.py:161} INFO - Started process (PID=206) to work on /opt/airflow/dags/my_dag.py
[2025-11-01T01:43:28.582+0000] {processor.py:830} INFO - Processing file /opt/airflow/dags/my_dag.py for tasks to queue
[2025-11-01T01:43:28.584+0000] {logging_mixin.py:188} INFO - [2025-11-01T01:43:28.583+0000] {dagbag.py:538} INFO - Filling up the DagBag from /opt/airflow/dags/my_dag.py
[2025-11-01T01:43:31.453+0000] {processor.py:840} INFO - DAG(s) 'my_dag' retrieved from /opt/airflow/dags/my_dag.py
[2025-11-01T01:43:31.528+0000] {logging_mixin.py:188} INFO - [2025-11-01T01:43:31.526+0000] {dag.py:3036} INFO - Sync 1 DAGs
[2025-11-01T01:43:31.633+0000] {logging_mixin.py:188} INFO - [2025-11-01T01:43:31.632+0000] {dag.py:3823} INFO - Setting next_dagrun for my_dag to None, run_after=None
[2025-11-01T01:43:31.703+0000] {processor.py:183} INFO - Processing /opt/airflow/dags/my_dag.py took 3.139 seconds
[2025-11-01T01:44:02.227+0000] {processor.py:161} INFO - Started process (PID=218) to work on /opt/airflow/dags/my_dag.py
[2025-11-01T01:44:02.237+0000] {processor.py:830} INFO - Processing file /opt/airflow/dags/my_dag.py for tasks to queue
[2025-11-01T01:44:02.240+0000] {logging_mixin.py:188} INFO - [2025-11-01T01:44:02.239+0000] {dagbag.py:538} INFO - Filling up the DagBag from /opt/airflow/dags/my_dag.py
[2025-11-01T01:44:04.407+0000] {processor.py:840} INFO - DAG(s) 'my_dag' retrieved from /opt/airflow/dags/my_dag.py
[2025-11-01T01:44:04.537+0000] {logging_mixin.py:188} INFO - [2025-11-01T01:44:04.533+0000] {dag.py:3036} INFO - Sync 1 DAGs
[2025-11-01T01:44:04.665+0000] {logging_mixin.py:188} INFO - [2025-11-01T01:44:04.665+0000] {dag.py:3823} INFO - Setting next_dagrun for my_dag to None, run_after=None
[2025-11-01T01:44:04.744+0000] {processor.py:183} INFO - Processing /opt/airflow/dags/my_dag.py took 2.528 seconds
[2025-11-01T01:44:35.340+0000] {processor.py:161} INFO - Started process (PID=230) to work on /opt/airflow/dags/my_dag.py
[2025-11-01T01:44:35.342+0000] {processor.py:830} INFO - Processing file /opt/airflow/dags/my_dag.py for tasks to queue
[2025-11-01T01:44:35.343+0000] {logging_mixin.py:188} INFO - [2025-11-01T01:44:35.343+0000] {dagbag.py:538} INFO - Filling up the DagBag from /opt/airflow/dags/my_dag.py
[2025-11-01T01:44:36.861+0000] {processor.py:840} INFO - DAG(s) 'my_dag' retrieved from /opt/airflow/dags/my_dag.py
[2025-11-01T01:44:36.933+0000] {logging_mixin.py:188} INFO - [2025-11-01T01:44:36.932+0000] {dag.py:3036} INFO - Sync 1 DAGs
[2025-11-01T01:44:36.984+0000] {logging_mixin.py:188} INFO - [2025-11-01T01:44:36.984+0000] {dag.py:3823} INFO - Setting next_dagrun for my_dag to None, run_after=None
[2025-11-01T01:44:37.093+0000] {processor.py:183} INFO - Processing /opt/airflow/dags/my_dag.py took 1.759 seconds
[2025-11-01T01:45:07.416+0000] {processor.py:161} INFO - Started process (PID=241) to work on /opt/airflow/dags/my_dag.py
[2025-11-01T01:45:07.419+0000] {processor.py:830} INFO - Processing file /opt/airflow/dags/my_dag.py for tasks to queue
[2025-11-01T01:45:07.421+0000] {logging_mixin.py:188} INFO - [2025-11-01T01:45:07.420+0000] {dagbag.py:538} INFO - Filling up the DagBag from /opt/airflow/dags/my_dag.py
[2025-11-01T01:45:11.108+0000] {processor.py:840} INFO - DAG(s) 'my_dag' retrieved from /opt/airflow/dags/my_dag.py
[2025-11-01T01:45:11.968+0000] {logging_mixin.py:188} INFO - [2025-11-01T01:45:11.967+0000] {dag.py:3036} INFO - Sync 1 DAGs
[2025-11-01T01:45:12.205+0000] {logging_mixin.py:188} INFO - [2025-11-01T01:45:12.205+0000] {dag.py:3823} INFO - Setting next_dagrun for my_dag to None, run_after=None
[2025-11-01T01:45:12.525+0000] {processor.py:183} INFO - Processing /opt/airflow/dags/my_dag.py took 5.123 seconds
[2025-11-01T01:45:59.073+0000] {processor.py:161} INFO - Started process (PID=258) to work on /opt/airflow/dags/my_dag.py
[2025-11-01T01:45:59.094+0000] {processor.py:830} INFO - Processing file /opt/airflow/dags/my_dag.py for tasks to queue
[2025-11-01T01:45:59.098+0000] {logging_mixin.py:188} INFO - [2025-11-01T01:45:59.098+0000] {dagbag.py:538} INFO - Filling up the DagBag from /opt/airflow/dags/my_dag.py
[2025-11-01T01:46:04.012+0000] {processor.py:840} INFO - DAG(s) 'my_dag' retrieved from /opt/airflow/dags/my_dag.py
[2025-11-01T01:46:04.700+0000] {logging_mixin.py:188} INFO - [2025-11-01T01:46:04.698+0000] {dag.py:3036} INFO - Sync 1 DAGs
[2025-11-01T01:46:04.834+0000] {logging_mixin.py:188} INFO - [2025-11-01T01:46:04.834+0000] {dag.py:3823} INFO - Setting next_dagrun for my_dag to None, run_after=None
[2025-11-01T01:46:05.595+0000] {processor.py:183} INFO - Processing /opt/airflow/dags/my_dag.py took 6.538 seconds
[2025-11-01T01:46:37.354+0000] {processor.py:161} INFO - Started process (PID=271) to work on /opt/airflow/dags/my_dag.py
[2025-11-01T01:46:37.358+0000] {processor.py:830} INFO - Processing file /opt/airflow/dags/my_dag.py for tasks to queue
[2025-11-01T01:46:37.363+0000] {logging_mixin.py:188} INFO - [2025-11-01T01:46:37.362+0000] {dagbag.py:538} INFO - Filling up the DagBag from /opt/airflow/dags/my_dag.py
[2025-11-01T01:47:11.394+0000] {logging_mixin.py:188} INFO - [2025-11-01T01:47:11.298+0000] {timeout.py:68} ERROR - Process timed out, PID: 271
[2025-11-01T01:47:15.652+0000] {logging_mixin.py:188} INFO - [2025-11-01T01:47:11.641+0000] {dagbag.py:348} ERROR - Failed to import: /opt/airflow/dags/my_dag.py
Traceback (most recent call last):
  File "/home/airflow/.local/lib/python3.8/site-packages/airflow/models/dagbag.py", line 344, in parse
    loader.exec_module(new_module)
  File "<frozen importlib._bootstrap_external>", line 843, in exec_module
  File "<frozen importlib._bootstrap>", line 219, in _call_with_frames_removed
  File "/opt/airflow/dags/my_dag.py", line 7, in <module>
    import pandas as pd
  File "/home/airflow/.local/lib/python3.8/site-packages/pandas/__init__.py", line 48, in <module>
    from pandas.core.api import (
  File "/home/airflow/.local/lib/python3.8/site-packages/pandas/core/api.py", line 47, in <module>
    from pandas.core.groupby import (
  File "/home/airflow/.local/lib/python3.8/site-packages/pandas/core/groupby/__init__.py", line 1, in <module>
    from pandas.core.groupby.generic import (
  File "/home/airflow/.local/lib/python3.8/site-packages/pandas/core/groupby/generic.py", line 79, in <module>
    from pandas.core.groupby.groupby import (
  File "<frozen importlib._bootstrap>", line 991, in _find_and_load
  File "<frozen importlib._bootstrap>", line 975, in _find_and_load_unlocked
  File "<frozen importlib._bootstrap>", line 671, in _load_unlocked
  File "<frozen importlib._bootstrap_external>", line 839, in exec_module
  File "<frozen importlib._bootstrap_external>", line 971, in get_code
  File "<frozen importlib._bootstrap_external>", line 640, in _compile_bytecode
  File "/home/airflow/.local/lib/python3.8/site-packages/airflow/utils/timeout.py", line 69, in handle_timeout
    raise AirflowTaskTimeout(self.error_message)
airflow.exceptions.AirflowTaskTimeout: DagBag import timeout for /opt/airflow/dags/my_dag.py after 30.0s.
Please take a look at these docs to improve your DAG import time:
* https://airflow.apache.org/docs/apache-airflow/2.8.1/best-practices.html#top-level-python-code
* https://airflow.apache.org/docs/apache-airflow/2.8.1/best-practices.html#reducing-dag-complexity, PID: 271
[2025-11-01T01:47:15.708+0000] {processor.py:842} WARNING - No viable dags retrieved from /opt/airflow/dags/my_dag.py
[2025-11-01T01:47:25.281+0000] {processor.py:183} INFO - Processing /opt/airflow/dags/my_dag.py took 44.676 seconds
[2025-11-01T01:55:00.950+0000] {processor.py:161} INFO - Started process (PID=45) to work on /opt/airflow/dags/my_dag.py
[2025-11-01T01:55:00.963+0000] {processor.py:830} INFO - Processing file /opt/airflow/dags/my_dag.py for tasks to queue
[2025-11-01T01:55:01.003+0000] {logging_mixin.py:188} INFO - [2025-11-01T01:55:01.002+0000] {dagbag.py:538} INFO - Filling up the DagBag from /opt/airflow/dags/my_dag.py
[2025-11-01T01:55:09.604+0000] {processor.py:840} INFO - DAG(s) 'my_dag' retrieved from /opt/airflow/dags/my_dag.py
[2025-11-01T01:55:09.991+0000] {logging_mixin.py:188} INFO - [2025-11-01T01:55:09.990+0000] {dag.py:3036} INFO - Sync 1 DAGs
[2025-11-01T01:55:10.124+0000] {logging_mixin.py:188} INFO - [2025-11-01T01:55:10.123+0000] {dag.py:3823} INFO - Setting next_dagrun for my_dag to None, run_after=None
[2025-11-01T01:55:10.343+0000] {processor.py:183} INFO - Processing /opt/airflow/dags/my_dag.py took 9.427 seconds
[2025-11-01T01:55:54.243+0000] {processor.py:161} INFO - Started process (PID=63) to work on /opt/airflow/dags/my_dag.py
[2025-11-01T01:55:54.456+0000] {processor.py:830} INFO - Processing file /opt/airflow/dags/my_dag.py for tasks to queue
[2025-11-01T01:55:54.914+0000] {logging_mixin.py:188} INFO - [2025-11-01T01:55:54.914+0000] {dagbag.py:538} INFO - Filling up the DagBag from /opt/airflow/dags/my_dag.py
[2025-11-01T01:56:13.409+0000] {processor.py:840} INFO - DAG(s) 'my_dag' retrieved from /opt/airflow/dags/my_dag.py
[2025-11-01T01:56:13.977+0000] {logging_mixin.py:188} INFO - [2025-11-01T01:56:13.976+0000] {dag.py:3036} INFO - Sync 1 DAGs
[2025-11-01T01:56:14.221+0000] {logging_mixin.py:188} INFO - [2025-11-01T01:56:14.210+0000] {dag.py:3823} INFO - Setting next_dagrun for my_dag to None, run_after=None
[2025-11-01T01:56:14.487+0000] {processor.py:183} INFO - Processing /opt/airflow/dags/my_dag.py took 20.536 seconds
[2025-11-01T01:56:45.872+0000] {processor.py:161} INFO - Started process (PID=76) to work on /opt/airflow/dags/my_dag.py
[2025-11-01T01:56:45.875+0000] {processor.py:830} INFO - Processing file /opt/airflow/dags/my_dag.py for tasks to queue
[2025-11-01T01:56:45.879+0000] {logging_mixin.py:188} INFO - [2025-11-01T01:56:45.879+0000] {dagbag.py:538} INFO - Filling up the DagBag from /opt/airflow/dags/my_dag.py
[2025-11-01T01:56:48.613+0000] {processor.py:840} INFO - DAG(s) 'my_dag' retrieved from /opt/airflow/dags/my_dag.py
[2025-11-01T01:56:48.748+0000] {logging_mixin.py:188} INFO - [2025-11-01T01:56:48.741+0000] {dag.py:3036} INFO - Sync 1 DAGs
[2025-11-01T01:56:48.840+0000] {logging_mixin.py:188} INFO - [2025-11-01T01:56:48.839+0000] {dag.py:3823} INFO - Setting next_dagrun for my_dag to None, run_after=None
[2025-11-01T01:56:48.942+0000] {processor.py:183} INFO - Processing /opt/airflow/dags/my_dag.py took 3.082 seconds
[2025-11-01T01:57:21.783+0000] {processor.py:161} INFO - Started process (PID=89) to work on /opt/airflow/dags/my_dag.py
[2025-11-01T01:57:21.797+0000] {processor.py:830} INFO - Processing file /opt/airflow/dags/my_dag.py for tasks to queue
[2025-11-01T01:57:21.813+0000] {logging_mixin.py:188} INFO - [2025-11-01T01:57:21.812+0000] {dagbag.py:538} INFO - Filling up the DagBag from /opt/airflow/dags/my_dag.py
[2025-11-01T01:57:25.419+0000] {processor.py:840} INFO - DAG(s) 'my_dag' retrieved from /opt/airflow/dags/my_dag.py
[2025-11-01T01:57:25.485+0000] {logging_mixin.py:188} INFO - [2025-11-01T01:57:25.480+0000] {dag.py:3036} INFO - Sync 1 DAGs
[2025-11-01T01:57:25.527+0000] {logging_mixin.py:188} INFO - [2025-11-01T01:57:25.526+0000] {dag.py:3823} INFO - Setting next_dagrun for my_dag to None, run_after=None
[2025-11-01T01:57:23.736+0000] {processor.py:183} INFO - Processing /opt/airflow/dags/my_dag.py took 3.985 seconds
[2025-11-01T01:58:06.881+0000] {processor.py:161} INFO - Started process (PID=109) to work on /opt/airflow/dags/my_dag.py
[2025-11-01T01:58:06.952+0000] {processor.py:830} INFO - Processing file /opt/airflow/dags/my_dag.py for tasks to queue
[2025-11-01T01:58:06.998+0000] {logging_mixin.py:188} INFO - [2025-11-01T01:58:06.991+0000] {dagbag.py:538} INFO - Filling up the DagBag from /opt/airflow/dags/my_dag.py
[2025-11-01T01:58:51.309+0000] {logging_mixin.py:188} INFO - [2025-11-01T01:58:51.296+0000] {timeout.py:68} ERROR - Process timed out, PID: 109
[2025-11-01T01:58:51.373+0000] {logging_mixin.py:188} WARNING - Exception ignored in: <function _collection_gced at 0x7dbda3bce670>
[2025-11-01T01:58:51.400+0000] {logging_mixin.py:188} WARNING - Traceback (most recent call last):
[2025-11-01T01:58:51.412+0000] {logging_mixin.py:188} WARNING -   File "/home/airflow/.local/lib/python3.8/site-packages/sqlalchemy/event/registry.py", line 53, in _collection_gced
[2025-11-01T01:58:51.663+0000] {logging_mixin.py:188} WARNING -     def _collection_gced(ref):
[2025-11-01T01:58:51.667+0000] {logging_mixin.py:188} WARNING -   File "/home/airflow/.local/lib/python3.8/site-packages/airflow/utils/timeout.py", line 69, in handle_timeout
[2025-11-01T01:58:53.619+0000] {logging_mixin.py:188} WARNING -     raise AirflowTaskTimeout(self.error_message)
[2025-11-01T01:58:53.629+0000] {logging_mixin.py:188} WARNING - airflow.exceptions.AirflowTaskTimeout: DagBag import timeout for /opt/airflow/dags/my_dag.py after 30.0s.
Please take a look at these docs to improve your DAG import time:
* https://airflow.apache.org/docs/apache-airflow/2.8.1/best-practices.html#top-level-python-code
* https://airflow.apache.org/docs/apache-airflow/2.8.1/best-practices.html#reducing-dag-complexity, PID: 109
[2025-11-01T01:58:55.269+0000] {processor.py:840} INFO - DAG(s) 'my_dag' retrieved from /opt/airflow/dags/my_dag.py
[2025-11-01T01:58:55.590+0000] {logging_mixin.py:188} INFO - [2025-11-01T01:58:55.589+0000] {dag.py:3036} INFO - Sync 1 DAGs
[2025-11-01T01:59:27.506+0000] {processor.py:161} INFO - Started process (PID=129) to work on /opt/airflow/dags/my_dag.py
[2025-11-01T01:59:27.528+0000] {processor.py:830} INFO - Processing file /opt/airflow/dags/my_dag.py for tasks to queue
[2025-11-01T01:59:27.554+0000] {logging_mixin.py:188} INFO - [2025-11-01T01:59:27.553+0000] {dagbag.py:538} INFO - Filling up the DagBag from /opt/airflow/dags/my_dag.py
[2025-11-01T01:59:35.532+0000] {processor.py:840} INFO - DAG(s) 'my_dag' retrieved from /opt/airflow/dags/my_dag.py
[2025-11-01T01:59:41.374+0000] {logging_mixin.py:188} INFO - [2025-11-01T01:59:41.373+0000] {dag.py:3036} INFO - Sync 1 DAGs
[2025-11-01T01:59:41.459+0000] {logging_mixin.py:188} INFO - [2025-11-01T01:59:41.459+0000] {dag.py:3823} INFO - Setting next_dagrun for my_dag to None, run_after=None
[2025-11-01T01:59:41.603+0000] {processor.py:183} INFO - Processing /opt/airflow/dags/my_dag.py took 11.407 seconds
[2025-11-01T02:00:18.515+0000] {processor.py:161} INFO - Started process (PID=144) to work on /opt/airflow/dags/my_dag.py
[2025-11-01T02:00:18.527+0000] {processor.py:830} INFO - Processing file /opt/airflow/dags/my_dag.py for tasks to queue
[2025-11-01T02:00:18.533+0000] {logging_mixin.py:188} INFO - [2025-11-01T02:00:18.529+0000] {dagbag.py:538} INFO - Filling up the DagBag from /opt/airflow/dags/my_dag.py
[2025-11-01T02:00:25.323+0000] {processor.py:840} INFO - DAG(s) 'my_dag' retrieved from /opt/airflow/dags/my_dag.py
[2025-11-01T02:00:25.543+0000] {logging_mixin.py:188} INFO - [2025-11-01T02:00:25.541+0000] {dag.py:3036} INFO - Sync 1 DAGs
[2025-11-01T02:00:25.657+0000] {logging_mixin.py:188} INFO - [2025-11-01T02:00:25.656+0000] {dag.py:3823} INFO - Setting next_dagrun for my_dag to None, run_after=None
[2025-11-01T02:00:25.735+0000] {processor.py:183} INFO - Processing /opt/airflow/dags/my_dag.py took 7.240 seconds
[2025-11-01T02:00:56.499+0000] {processor.py:161} INFO - Started process (PID=156) to work on /opt/airflow/dags/my_dag.py
[2025-11-01T02:00:56.505+0000] {processor.py:830} INFO - Processing file /opt/airflow/dags/my_dag.py for tasks to queue
[2025-11-01T02:00:56.516+0000] {logging_mixin.py:188} INFO - [2025-11-01T02:00:56.515+0000] {dagbag.py:538} INFO - Filling up the DagBag from /opt/airflow/dags/my_dag.py
[2025-11-01T02:01:00.530+0000] {processor.py:840} INFO - DAG(s) 'my_dag' retrieved from /opt/airflow/dags/my_dag.py
[2025-11-01T02:01:00.697+0000] {logging_mixin.py:188} INFO - [2025-11-01T02:01:00.696+0000] {dag.py:3036} INFO - Sync 1 DAGs
[2025-11-01T02:01:00.746+0000] {logging_mixin.py:188} INFO - [2025-11-01T02:01:00.745+0000] {dag.py:3823} INFO - Setting next_dagrun for my_dag to None, run_after=None
[2025-11-01T02:01:00.927+0000] {processor.py:183} INFO - Processing /opt/airflow/dags/my_dag.py took 4.457 seconds
[2025-11-01T02:01:31.399+0000] {processor.py:161} INFO - Started process (PID=175) to work on /opt/airflow/dags/my_dag.py
[2025-11-01T02:01:31.402+0000] {processor.py:830} INFO - Processing file /opt/airflow/dags/my_dag.py for tasks to queue
[2025-11-01T02:01:31.407+0000] {logging_mixin.py:188} INFO - [2025-11-01T02:01:31.406+0000] {dagbag.py:538} INFO - Filling up the DagBag from /opt/airflow/dags/my_dag.py
[2025-11-01T02:01:34.120+0000] {processor.py:840} INFO - DAG(s) 'my_dag' retrieved from /opt/airflow/dags/my_dag.py
[2025-11-01T02:01:34.326+0000] {logging_mixin.py:188} INFO - [2025-11-01T02:01:34.325+0000] {dag.py:3036} INFO - Sync 1 DAGs
[2025-11-01T02:01:34.393+0000] {logging_mixin.py:188} INFO - [2025-11-01T02:01:34.392+0000] {dag.py:3823} INFO - Setting next_dagrun for my_dag to None, run_after=None
[2025-11-01T02:01:34.468+0000] {processor.py:183} INFO - Processing /opt/airflow/dags/my_dag.py took 3.081 seconds
[2025-11-01T02:02:04.767+0000] {processor.py:161} INFO - Started process (PID=187) to work on /opt/airflow/dags/my_dag.py
[2025-11-01T02:02:04.775+0000] {processor.py:830} INFO - Processing file /opt/airflow/dags/my_dag.py for tasks to queue
[2025-11-01T02:02:04.784+0000] {logging_mixin.py:188} INFO - [2025-11-01T02:02:04.783+0000] {dagbag.py:538} INFO - Filling up the DagBag from /opt/airflow/dags/my_dag.py
[2025-11-01T02:02:07.212+0000] {processor.py:840} INFO - DAG(s) 'my_dag' retrieved from /opt/airflow/dags/my_dag.py
[2025-11-01T02:02:07.393+0000] {logging_mixin.py:188} INFO - [2025-11-01T02:02:07.392+0000] {dag.py:3036} INFO - Sync 1 DAGs
[2025-11-01T02:02:07.487+0000] {logging_mixin.py:188} INFO - [2025-11-01T02:02:07.487+0000] {dag.py:3823} INFO - Setting next_dagrun for my_dag to None, run_after=None
[2025-11-01T02:02:07.656+0000] {processor.py:183} INFO - Processing /opt/airflow/dags/my_dag.py took 2.906 seconds
[2025-11-01T02:02:42.877+0000] {processor.py:161} INFO - Started process (PID=198) to work on /opt/airflow/dags/my_dag.py
[2025-11-01T02:02:42.880+0000] {processor.py:830} INFO - Processing file /opt/airflow/dags/my_dag.py for tasks to queue
[2025-11-01T02:02:42.883+0000] {logging_mixin.py:188} INFO - [2025-11-01T02:02:42.882+0000] {dagbag.py:538} INFO - Filling up the DagBag from /opt/airflow/dags/my_dag.py
[2025-11-01T02:02:45.891+0000] {processor.py:840} INFO - DAG(s) 'my_dag' retrieved from /opt/airflow/dags/my_dag.py
[2025-11-01T02:02:46.092+0000] {logging_mixin.py:188} INFO - [2025-11-01T02:02:46.091+0000] {dag.py:3036} INFO - Sync 1 DAGs
[2025-11-01T02:02:46.122+0000] {logging_mixin.py:188} INFO - [2025-11-01T02:02:46.121+0000] {dag.py:3823} INFO - Setting next_dagrun for my_dag to None, run_after=None
[2025-11-01T02:02:46.221+0000] {processor.py:183} INFO - Processing /opt/airflow/dags/my_dag.py took 3.357 seconds
[2025-11-01T02:03:16.419+0000] {processor.py:161} INFO - Started process (PID=210) to work on /opt/airflow/dags/my_dag.py
[2025-11-01T02:03:16.422+0000] {processor.py:830} INFO - Processing file /opt/airflow/dags/my_dag.py for tasks to queue
[2025-11-01T02:03:16.429+0000] {logging_mixin.py:188} INFO - [2025-11-01T02:03:16.428+0000] {dagbag.py:538} INFO - Filling up the DagBag from /opt/airflow/dags/my_dag.py
[2025-11-01T02:03:21.748+0000] {processor.py:840} INFO - DAG(s) 'my_dag' retrieved from /opt/airflow/dags/my_dag.py
[2025-11-01T02:03:21.846+0000] {logging_mixin.py:188} INFO - [2025-11-01T02:03:21.844+0000] {dag.py:3036} INFO - Sync 1 DAGs
[2025-11-01T02:03:21.914+0000] {logging_mixin.py:188} INFO - [2025-11-01T02:03:21.913+0000] {dag.py:3823} INFO - Setting next_dagrun for my_dag to None, run_after=None
[2025-11-01T02:03:22.023+0000] {processor.py:183} INFO - Processing /opt/airflow/dags/my_dag.py took 5.629 seconds
[2025-11-01T02:03:52.373+0000] {processor.py:161} INFO - Started process (PID=221) to work on /opt/airflow/dags/my_dag.py
[2025-11-01T02:03:52.388+0000] {processor.py:830} INFO - Processing file /opt/airflow/dags/my_dag.py for tasks to queue
[2025-11-01T02:03:52.406+0000] {logging_mixin.py:188} INFO - [2025-11-01T02:03:52.406+0000] {dagbag.py:538} INFO - Filling up the DagBag from /opt/airflow/dags/my_dag.py
[2025-11-01T02:03:54.519+0000] {processor.py:840} INFO - DAG(s) 'my_dag' retrieved from /opt/airflow/dags/my_dag.py
[2025-11-01T02:03:54.574+0000] {logging_mixin.py:188} INFO - [2025-11-01T02:03:54.573+0000] {dag.py:3036} INFO - Sync 1 DAGs
[2025-11-01T02:03:54.623+0000] {logging_mixin.py:188} INFO - [2025-11-01T02:03:54.622+0000] {dag.py:3823} INFO - Setting next_dagrun for my_dag to None, run_after=None
[2025-11-01T02:03:54.715+0000] {processor.py:183} INFO - Processing /opt/airflow/dags/my_dag.py took 2.366 seconds
[2025-11-01T02:04:25.314+0000] {processor.py:161} INFO - Started process (PID=232) to work on /opt/airflow/dags/my_dag.py
[2025-11-01T02:04:25.397+0000] {processor.py:830} INFO - Processing file /opt/airflow/dags/my_dag.py for tasks to queue
[2025-11-01T02:04:25.400+0000] {logging_mixin.py:188} INFO - [2025-11-01T02:04:25.399+0000] {dagbag.py:538} INFO - Filling up the DagBag from /opt/airflow/dags/my_dag.py
[2025-11-01T02:04:28.908+0000] {processor.py:840} INFO - DAG(s) 'my_dag' retrieved from /opt/airflow/dags/my_dag.py
[2025-11-01T02:04:29.052+0000] {logging_mixin.py:188} INFO - [2025-11-01T02:04:29.051+0000] {dag.py:3036} INFO - Sync 1 DAGs
[2025-11-01T02:04:29.122+0000] {logging_mixin.py:188} INFO - [2025-11-01T02:04:29.116+0000] {dag.py:3823} INFO - Setting next_dagrun for my_dag to None, run_after=None
[2025-11-01T02:04:29.305+0000] {processor.py:183} INFO - Processing /opt/airflow/dags/my_dag.py took 3.999 seconds
[2025-11-01T02:04:59.610+0000] {processor.py:161} INFO - Started process (PID=243) to work on /opt/airflow/dags/my_dag.py
[2025-11-01T02:04:59.613+0000] {processor.py:830} INFO - Processing file /opt/airflow/dags/my_dag.py for tasks to queue
[2025-11-01T02:04:59.618+0000] {logging_mixin.py:188} INFO - [2025-11-01T02:04:59.614+0000] {dagbag.py:538} INFO - Filling up the DagBag from /opt/airflow/dags/my_dag.py
[2025-11-01T02:05:01.305+0000] {processor.py:840} INFO - DAG(s) 'my_dag' retrieved from /opt/airflow/dags/my_dag.py
[2025-11-01T02:05:01.762+0000] {logging_mixin.py:188} INFO - [2025-11-01T02:05:01.762+0000] {dag.py:3036} INFO - Sync 1 DAGs
[2025-11-01T02:05:01.784+0000] {logging_mixin.py:188} INFO - [2025-11-01T02:05:01.784+0000] {dag.py:3823} INFO - Setting next_dagrun for my_dag to None, run_after=None
[2025-11-01T02:05:01.850+0000] {processor.py:183} INFO - Processing /opt/airflow/dags/my_dag.py took 2.257 seconds
[2025-11-01T02:05:32.164+0000] {processor.py:161} INFO - Started process (PID=255) to work on /opt/airflow/dags/my_dag.py
[2025-11-01T02:05:32.187+0000] {processor.py:830} INFO - Processing file /opt/airflow/dags/my_dag.py for tasks to queue
[2025-11-01T02:05:32.190+0000] {logging_mixin.py:188} INFO - [2025-11-01T02:05:32.189+0000] {dagbag.py:538} INFO - Filling up the DagBag from /opt/airflow/dags/my_dag.py
[2025-11-01T02:05:34.664+0000] {processor.py:840} INFO - DAG(s) 'my_dag' retrieved from /opt/airflow/dags/my_dag.py
[2025-11-01T02:05:34.794+0000] {logging_mixin.py:188} INFO - [2025-11-01T02:05:34.785+0000] {dag.py:3036} INFO - Sync 1 DAGs
[2025-11-01T02:05:34.829+0000] {logging_mixin.py:188} INFO - [2025-11-01T02:05:34.828+0000] {dag.py:3823} INFO - Setting next_dagrun for my_dag to None, run_after=None
[2025-11-01T02:05:34.870+0000] {processor.py:183} INFO - Processing /opt/airflow/dags/my_dag.py took 2.725 seconds
[2025-11-01T02:06:05.535+0000] {processor.py:161} INFO - Started process (PID=267) to work on /opt/airflow/dags/my_dag.py
[2025-11-01T02:06:05.538+0000] {processor.py:830} INFO - Processing file /opt/airflow/dags/my_dag.py for tasks to queue
[2025-11-01T02:06:05.540+0000] {logging_mixin.py:188} INFO - [2025-11-01T02:06:05.540+0000] {dagbag.py:538} INFO - Filling up the DagBag from /opt/airflow/dags/my_dag.py
[2025-11-01T02:06:07.310+0000] {processor.py:840} INFO - DAG(s) 'my_dag' retrieved from /opt/airflow/dags/my_dag.py
[2025-11-01T02:06:07.352+0000] {logging_mixin.py:188} INFO - [2025-11-01T02:06:07.351+0000] {dag.py:3036} INFO - Sync 1 DAGs
[2025-11-01T02:06:07.368+0000] {logging_mixin.py:188} INFO - [2025-11-01T02:06:07.368+0000] {dag.py:3823} INFO - Setting next_dagrun for my_dag to None, run_after=None
[2025-11-01T02:06:07.479+0000] {processor.py:183} INFO - Processing /opt/airflow/dags/my_dag.py took 1.952 seconds
[2025-11-01T02:06:38.099+0000] {processor.py:161} INFO - Started process (PID=279) to work on /opt/airflow/dags/my_dag.py
[2025-11-01T02:06:38.104+0000] {processor.py:830} INFO - Processing file /opt/airflow/dags/my_dag.py for tasks to queue
[2025-11-01T02:06:38.108+0000] {logging_mixin.py:188} INFO - [2025-11-01T02:06:38.107+0000] {dagbag.py:538} INFO - Filling up the DagBag from /opt/airflow/dags/my_dag.py
[2025-11-01T02:06:39.226+0000] {processor.py:840} INFO - DAG(s) 'my_dag' retrieved from /opt/airflow/dags/my_dag.py
[2025-11-01T02:06:39.285+0000] {logging_mixin.py:188} INFO - [2025-11-01T02:06:39.284+0000] {dag.py:3036} INFO - Sync 1 DAGs
[2025-11-01T02:06:39.352+0000] {logging_mixin.py:188} INFO - [2025-11-01T02:06:39.351+0000] {dag.py:3823} INFO - Setting next_dagrun for my_dag to None, run_after=None
[2025-11-01T02:06:39.431+0000] {processor.py:183} INFO - Processing /opt/airflow/dags/my_dag.py took 1.342 seconds
[2025-11-01T02:07:09.923+0000] {processor.py:161} INFO - Started process (PID=291) to work on /opt/airflow/dags/my_dag.py
[2025-11-01T02:07:09.925+0000] {processor.py:830} INFO - Processing file /opt/airflow/dags/my_dag.py for tasks to queue
[2025-11-01T02:07:09.927+0000] {logging_mixin.py:188} INFO - [2025-11-01T02:07:09.927+0000] {dagbag.py:538} INFO - Filling up the DagBag from /opt/airflow/dags/my_dag.py
[2025-11-01T02:07:10.754+0000] {processor.py:840} INFO - DAG(s) 'my_dag' retrieved from /opt/airflow/dags/my_dag.py
[2025-11-01T02:07:10.822+0000] {logging_mixin.py:188} INFO - [2025-11-01T02:07:10.820+0000] {dag.py:3036} INFO - Sync 1 DAGs
[2025-11-01T02:07:10.849+0000] {logging_mixin.py:188} INFO - [2025-11-01T02:07:10.848+0000] {dag.py:3823} INFO - Setting next_dagrun for my_dag to None, run_after=None
[2025-11-01T02:07:11.006+0000] {processor.py:183} INFO - Processing /opt/airflow/dags/my_dag.py took 1.090 seconds
[2025-11-01T02:07:42.795+0000] {processor.py:161} INFO - Started process (PID=303) to work on /opt/airflow/dags/my_dag.py
[2025-11-01T02:07:42.818+0000] {processor.py:830} INFO - Processing file /opt/airflow/dags/my_dag.py for tasks to queue
[2025-11-01T02:07:42.826+0000] {logging_mixin.py:188} INFO - [2025-11-01T02:07:42.823+0000] {dagbag.py:538} INFO - Filling up the DagBag from /opt/airflow/dags/my_dag.py
[2025-11-01T02:07:43.973+0000] {processor.py:840} INFO - DAG(s) 'my_dag' retrieved from /opt/airflow/dags/my_dag.py
[2025-11-01T02:07:44.045+0000] {logging_mixin.py:188} INFO - [2025-11-01T02:07:44.044+0000] {dag.py:3036} INFO - Sync 1 DAGs
[2025-11-01T02:07:44.067+0000] {logging_mixin.py:188} INFO - [2025-11-01T02:07:44.067+0000] {dag.py:3823} INFO - Setting next_dagrun for my_dag to None, run_after=None
[2025-11-01T02:07:44.158+0000] {processor.py:183} INFO - Processing /opt/airflow/dags/my_dag.py took 1.388 seconds
[2025-11-01T02:08:14.960+0000] {processor.py:161} INFO - Started process (PID=315) to work on /opt/airflow/dags/my_dag.py
[2025-11-01T02:08:14.963+0000] {processor.py:830} INFO - Processing file /opt/airflow/dags/my_dag.py for tasks to queue
[2025-11-01T02:08:14.965+0000] {logging_mixin.py:188} INFO - [2025-11-01T02:08:14.964+0000] {dagbag.py:538} INFO - Filling up the DagBag from /opt/airflow/dags/my_dag.py
[2025-11-01T02:08:16.186+0000] {processor.py:840} INFO - DAG(s) 'my_dag' retrieved from /opt/airflow/dags/my_dag.py
[2025-11-01T02:08:16.239+0000] {logging_mixin.py:188} INFO - [2025-11-01T02:08:16.238+0000] {dag.py:3036} INFO - Sync 1 DAGs
[2025-11-01T02:08:16.261+0000] {logging_mixin.py:188} INFO - [2025-11-01T02:08:16.261+0000] {dag.py:3823} INFO - Setting next_dagrun for my_dag to None, run_after=None
[2025-11-01T02:08:16.552+0000] {processor.py:183} INFO - Processing /opt/airflow/dags/my_dag.py took 1.600 seconds
[2025-11-01T02:08:47.330+0000] {processor.py:161} INFO - Started process (PID=326) to work on /opt/airflow/dags/my_dag.py
[2025-11-01T02:08:47.332+0000] {processor.py:830} INFO - Processing file /opt/airflow/dags/my_dag.py for tasks to queue
[2025-11-01T02:08:47.334+0000] {logging_mixin.py:188} INFO - [2025-11-01T02:08:47.333+0000] {dagbag.py:538} INFO - Filling up the DagBag from /opt/airflow/dags/my_dag.py
[2025-11-01T02:08:48.581+0000] {processor.py:840} INFO - DAG(s) 'my_dag' retrieved from /opt/airflow/dags/my_dag.py
[2025-11-01T02:08:48.682+0000] {logging_mixin.py:188} INFO - [2025-11-01T02:08:48.682+0000] {dag.py:3036} INFO - Sync 1 DAGs
[2025-11-01T02:08:48.701+0000] {logging_mixin.py:188} INFO - [2025-11-01T02:08:48.701+0000] {dag.py:3823} INFO - Setting next_dagrun for my_dag to None, run_after=None
[2025-11-01T02:08:48.766+0000] {processor.py:183} INFO - Processing /opt/airflow/dags/my_dag.py took 1.441 seconds
[2025-11-01T02:09:19.809+0000] {processor.py:161} INFO - Started process (PID=338) to work on /opt/airflow/dags/my_dag.py
[2025-11-01T02:09:19.811+0000] {processor.py:830} INFO - Processing file /opt/airflow/dags/my_dag.py for tasks to queue
[2025-11-01T02:09:19.814+0000] {logging_mixin.py:188} INFO - [2025-11-01T02:09:19.813+0000] {dagbag.py:538} INFO - Filling up the DagBag from /opt/airflow/dags/my_dag.py
[2025-11-01T02:09:20.702+0000] {processor.py:840} INFO - DAG(s) 'my_dag' retrieved from /opt/airflow/dags/my_dag.py
[2025-11-01T02:09:20.735+0000] {logging_mixin.py:188} INFO - [2025-11-01T02:09:20.734+0000] {dag.py:3036} INFO - Sync 1 DAGs
[2025-11-01T02:09:20.753+0000] {logging_mixin.py:188} INFO - [2025-11-01T02:09:20.752+0000] {dag.py:3823} INFO - Setting next_dagrun for my_dag to None, run_after=None
[2025-11-01T02:09:20.851+0000] {processor.py:183} INFO - Processing /opt/airflow/dags/my_dag.py took 1.050 seconds
[2025-11-01T02:09:51.339+0000] {processor.py:161} INFO - Started process (PID=349) to work on /opt/airflow/dags/my_dag.py
[2025-11-01T02:09:51.341+0000] {processor.py:830} INFO - Processing file /opt/airflow/dags/my_dag.py for tasks to queue
[2025-11-01T02:09:51.344+0000] {logging_mixin.py:188} INFO - [2025-11-01T02:09:51.342+0000] {dagbag.py:538} INFO - Filling up the DagBag from /opt/airflow/dags/my_dag.py
[2025-11-01T02:09:52.559+0000] {processor.py:840} INFO - DAG(s) 'my_dag' retrieved from /opt/airflow/dags/my_dag.py
[2025-11-01T02:09:52.707+0000] {logging_mixin.py:188} INFO - [2025-11-01T02:09:52.706+0000] {dag.py:3036} INFO - Sync 1 DAGs
[2025-11-01T02:09:52.735+0000] {logging_mixin.py:188} INFO - [2025-11-01T02:09:52.735+0000] {dag.py:3823} INFO - Setting next_dagrun for my_dag to None, run_after=None
[2025-11-01T02:09:52.822+0000] {processor.py:183} INFO - Processing /opt/airflow/dags/my_dag.py took 1.489 seconds
[2025-11-01T02:10:24.050+0000] {processor.py:161} INFO - Started process (PID=361) to work on /opt/airflow/dags/my_dag.py
[2025-11-01T02:10:24.052+0000] {processor.py:830} INFO - Processing file /opt/airflow/dags/my_dag.py for tasks to queue
[2025-11-01T02:10:24.055+0000] {logging_mixin.py:188} INFO - [2025-11-01T02:10:24.054+0000] {dagbag.py:538} INFO - Filling up the DagBag from /opt/airflow/dags/my_dag.py
[2025-11-01T02:10:25.801+0000] {processor.py:840} INFO - DAG(s) 'my_dag' retrieved from /opt/airflow/dags/my_dag.py
[2025-11-01T02:10:25.911+0000] {logging_mixin.py:188} INFO - [2025-11-01T02:10:25.910+0000] {dag.py:3036} INFO - Sync 1 DAGs
[2025-11-01T02:10:25.942+0000] {logging_mixin.py:188} INFO - [2025-11-01T02:10:25.942+0000] {dag.py:3823} INFO - Setting next_dagrun for my_dag to None, run_after=None
[2025-11-01T02:10:26.172+0000] {processor.py:183} INFO - Processing /opt/airflow/dags/my_dag.py took 2.131 seconds
[2025-11-01T02:10:57.157+0000] {processor.py:161} INFO - Started process (PID=373) to work on /opt/airflow/dags/my_dag.py
[2025-11-01T02:10:57.159+0000] {processor.py:830} INFO - Processing file /opt/airflow/dags/my_dag.py for tasks to queue
[2025-11-01T02:10:57.160+0000] {logging_mixin.py:188} INFO - [2025-11-01T02:10:57.160+0000] {dagbag.py:538} INFO - Filling up the DagBag from /opt/airflow/dags/my_dag.py
[2025-11-01T02:10:58.280+0000] {processor.py:840} INFO - DAG(s) 'my_dag' retrieved from /opt/airflow/dags/my_dag.py
[2025-11-01T02:10:58.318+0000] {logging_mixin.py:188} INFO - [2025-11-01T02:10:58.317+0000] {dag.py:3036} INFO - Sync 1 DAGs
[2025-11-01T02:10:58.335+0000] {logging_mixin.py:188} INFO - [2025-11-01T02:10:58.334+0000] {dag.py:3823} INFO - Setting next_dagrun for my_dag to None, run_after=None
[2025-11-01T02:10:58.699+0000] {processor.py:183} INFO - Processing /opt/airflow/dags/my_dag.py took 1.549 seconds
[2025-11-01T02:11:29.342+0000] {processor.py:161} INFO - Started process (PID=379) to work on /opt/airflow/dags/my_dag.py
[2025-11-01T02:11:29.345+0000] {processor.py:830} INFO - Processing file /opt/airflow/dags/my_dag.py for tasks to queue
[2025-11-01T02:11:29.349+0000] {logging_mixin.py:188} INFO - [2025-11-01T02:11:29.348+0000] {dagbag.py:538} INFO - Filling up the DagBag from /opt/airflow/dags/my_dag.py
[2025-11-01T02:11:31.014+0000] {processor.py:840} INFO - DAG(s) 'my_dag' retrieved from /opt/airflow/dags/my_dag.py
[2025-11-01T02:11:31.051+0000] {logging_mixin.py:188} INFO - [2025-11-01T02:11:31.050+0000] {dag.py:3036} INFO - Sync 1 DAGs
[2025-11-01T02:11:31.083+0000] {logging_mixin.py:188} INFO - [2025-11-01T02:11:31.082+0000] {dag.py:3823} INFO - Setting next_dagrun for my_dag to None, run_after=None
[2025-11-01T02:11:31.420+0000] {processor.py:183} INFO - Processing /opt/airflow/dags/my_dag.py took 2.089 seconds
[2025-11-01T02:12:02.531+0000] {processor.py:161} INFO - Started process (PID=391) to work on /opt/airflow/dags/my_dag.py
[2025-11-01T02:12:02.534+0000] {processor.py:830} INFO - Processing file /opt/airflow/dags/my_dag.py for tasks to queue
[2025-11-01T02:12:02.538+0000] {logging_mixin.py:188} INFO - [2025-11-01T02:12:02.538+0000] {dagbag.py:538} INFO - Filling up the DagBag from /opt/airflow/dags/my_dag.py
[2025-11-01T02:12:04.328+0000] {processor.py:840} INFO - DAG(s) 'my_dag' retrieved from /opt/airflow/dags/my_dag.py
[2025-11-01T02:12:04.450+0000] {logging_mixin.py:188} INFO - [2025-11-01T02:12:04.449+0000] {dag.py:3036} INFO - Sync 1 DAGs
[2025-11-01T02:12:04.497+0000] {logging_mixin.py:188} INFO - [2025-11-01T02:12:04.497+0000] {dag.py:3823} INFO - Setting next_dagrun for my_dag to None, run_after=None
[2025-11-01T02:12:04.563+0000] {processor.py:183} INFO - Processing /opt/airflow/dags/my_dag.py took 2.042 seconds
[2025-11-01T02:12:34.932+0000] {processor.py:161} INFO - Started process (PID=402) to work on /opt/airflow/dags/my_dag.py
[2025-11-01T02:12:34.935+0000] {processor.py:830} INFO - Processing file /opt/airflow/dags/my_dag.py for tasks to queue
[2025-11-01T02:12:34.938+0000] {logging_mixin.py:188} INFO - [2025-11-01T02:12:34.937+0000] {dagbag.py:538} INFO - Filling up the DagBag from /opt/airflow/dags/my_dag.py
[2025-11-01T02:12:36.635+0000] {processor.py:840} INFO - DAG(s) 'my_dag' retrieved from /opt/airflow/dags/my_dag.py
[2025-11-01T02:12:36.700+0000] {logging_mixin.py:188} INFO - [2025-11-01T02:12:36.699+0000] {dag.py:3036} INFO - Sync 1 DAGs
[2025-11-01T02:12:36.731+0000] {logging_mixin.py:188} INFO - [2025-11-01T02:12:36.729+0000] {dag.py:3823} INFO - Setting next_dagrun for my_dag to None, run_after=None
[2025-11-01T02:12:36.812+0000] {processor.py:183} INFO - Processing /opt/airflow/dags/my_dag.py took 1.887 seconds
[2025-11-01T02:13:07.477+0000] {processor.py:161} INFO - Started process (PID=414) to work on /opt/airflow/dags/my_dag.py
[2025-11-01T02:13:07.480+0000] {processor.py:830} INFO - Processing file /opt/airflow/dags/my_dag.py for tasks to queue
[2025-11-01T02:13:07.483+0000] {logging_mixin.py:188} INFO - [2025-11-01T02:13:07.482+0000] {dagbag.py:538} INFO - Filling up the DagBag from /opt/airflow/dags/my_dag.py
[2025-11-01T02:13:08.370+0000] {processor.py:840} INFO - DAG(s) 'my_dag' retrieved from /opt/airflow/dags/my_dag.py
[2025-11-01T02:13:08.431+0000] {logging_mixin.py:188} INFO - [2025-11-01T02:13:08.430+0000] {dag.py:3036} INFO - Sync 1 DAGs
[2025-11-01T02:13:08.456+0000] {logging_mixin.py:188} INFO - [2025-11-01T02:13:08.456+0000] {dag.py:3823} INFO - Setting next_dagrun for my_dag to None, run_after=None
[2025-11-01T02:13:08.558+0000] {processor.py:183} INFO - Processing /opt/airflow/dags/my_dag.py took 1.091 seconds
[2025-11-01T02:13:39.180+0000] {processor.py:161} INFO - Started process (PID=426) to work on /opt/airflow/dags/my_dag.py
[2025-11-01T02:13:39.183+0000] {processor.py:830} INFO - Processing file /opt/airflow/dags/my_dag.py for tasks to queue
[2025-11-01T02:13:39.186+0000] {logging_mixin.py:188} INFO - [2025-11-01T02:13:39.185+0000] {dagbag.py:538} INFO - Filling up the DagBag from /opt/airflow/dags/my_dag.py
[2025-11-01T02:13:40.158+0000] {processor.py:840} INFO - DAG(s) 'my_dag' retrieved from /opt/airflow/dags/my_dag.py
[2025-11-01T02:13:40.205+0000] {logging_mixin.py:188} INFO - [2025-11-01T02:13:40.204+0000] {dag.py:3036} INFO - Sync 1 DAGs
[2025-11-01T02:13:40.222+0000] {logging_mixin.py:188} INFO - [2025-11-01T02:13:40.222+0000] {dag.py:3823} INFO - Setting next_dagrun for my_dag to None, run_after=None
[2025-11-01T02:13:40.361+0000] {processor.py:183} INFO - Processing /opt/airflow/dags/my_dag.py took 1.192 seconds
[2025-11-01T02:14:11.193+0000] {processor.py:161} INFO - Started process (PID=438) to work on /opt/airflow/dags/my_dag.py
[2025-11-01T02:14:11.196+0000] {processor.py:830} INFO - Processing file /opt/airflow/dags/my_dag.py for tasks to queue
[2025-11-01T02:14:11.199+0000] {logging_mixin.py:188} INFO - [2025-11-01T02:14:11.197+0000] {dagbag.py:538} INFO - Filling up the DagBag from /opt/airflow/dags/my_dag.py
[2025-11-01T02:14:12.307+0000] {processor.py:840} INFO - DAG(s) 'my_dag' retrieved from /opt/airflow/dags/my_dag.py
[2025-11-01T02:14:12.436+0000] {logging_mixin.py:188} INFO - [2025-11-01T02:14:12.435+0000] {dag.py:3036} INFO - Sync 1 DAGs
[2025-11-01T02:14:12.535+0000] {logging_mixin.py:188} INFO - [2025-11-01T02:14:12.534+0000] {dag.py:3823} INFO - Setting next_dagrun for my_dag to None, run_after=None
[2025-11-01T02:14:12.777+0000] {processor.py:183} INFO - Processing /opt/airflow/dags/my_dag.py took 1.592 seconds
[2025-11-01T02:14:43.399+0000] {processor.py:161} INFO - Started process (PID=450) to work on /opt/airflow/dags/my_dag.py
[2025-11-01T02:14:43.418+0000] {processor.py:830} INFO - Processing file /opt/airflow/dags/my_dag.py for tasks to queue
[2025-11-01T02:14:43.425+0000] {logging_mixin.py:188} INFO - [2025-11-01T02:14:43.423+0000] {dagbag.py:538} INFO - Filling up the DagBag from /opt/airflow/dags/my_dag.py
[2025-11-01T02:14:49.321+0000] {processor.py:840} INFO - DAG(s) 'my_dag' retrieved from /opt/airflow/dags/my_dag.py
[2025-11-01T02:14:49.645+0000] {logging_mixin.py:188} INFO - [2025-11-01T02:14:49.643+0000] {dag.py:3036} INFO - Sync 1 DAGs
[2025-11-01T02:14:49.812+0000] {logging_mixin.py:188} INFO - [2025-11-01T02:14:49.812+0000] {dag.py:3823} INFO - Setting next_dagrun for my_dag to None, run_after=None
[2025-11-01T02:14:50.087+0000] {processor.py:183} INFO - Processing /opt/airflow/dags/my_dag.py took 6.704 seconds
[2025-11-01T02:15:23.722+0000] {processor.py:161} INFO - Started process (PID=469) to work on /opt/airflow/dags/my_dag.py
[2025-11-01T02:15:23.796+0000] {processor.py:830} INFO - Processing file /opt/airflow/dags/my_dag.py for tasks to queue
[2025-11-01T02:15:23.812+0000] {logging_mixin.py:188} INFO - [2025-11-01T02:15:23.810+0000] {dagbag.py:538} INFO - Filling up the DagBag from /opt/airflow/dags/my_dag.py
[2025-11-01T02:15:35.790+0000] {processor.py:840} INFO - DAG(s) 'my_dag' retrieved from /opt/airflow/dags/my_dag.py
[2025-11-01T02:15:36.800+0000] {logging_mixin.py:188} INFO - [2025-11-01T02:15:36.774+0000] {dag.py:3036} INFO - Sync 1 DAGs
[2025-11-01T02:15:37.069+0000] {logging_mixin.py:188} INFO - [2025-11-01T02:15:37.068+0000] {dag.py:3823} INFO - Setting next_dagrun for my_dag to None, run_after=None
[2025-11-01T02:15:37.570+0000] {processor.py:183} INFO - Processing /opt/airflow/dags/my_dag.py took 10.789 seconds
[2025-11-01T02:16:08.371+0000] {processor.py:161} INFO - Started process (PID=482) to work on /opt/airflow/dags/my_dag.py
[2025-11-01T02:16:08.374+0000] {processor.py:830} INFO - Processing file /opt/airflow/dags/my_dag.py for tasks to queue
[2025-11-01T02:16:08.376+0000] {logging_mixin.py:188} INFO - [2025-11-01T02:16:08.375+0000] {dagbag.py:538} INFO - Filling up the DagBag from /opt/airflow/dags/my_dag.py
[2025-11-01T02:16:10.311+0000] {processor.py:840} INFO - DAG(s) 'my_dag' retrieved from /opt/airflow/dags/my_dag.py
[2025-11-01T02:16:10.437+0000] {logging_mixin.py:188} INFO - [2025-11-01T02:16:10.436+0000] {dag.py:3036} INFO - Sync 1 DAGs
[2025-11-01T02:16:10.479+0000] {logging_mixin.py:188} INFO - [2025-11-01T02:16:10.478+0000] {dag.py:3823} INFO - Setting next_dagrun for my_dag to None, run_after=None
[2025-11-01T02:16:10.843+0000] {processor.py:183} INFO - Processing /opt/airflow/dags/my_dag.py took 2.479 seconds
[2025-11-01T02:16:42.096+0000] {processor.py:161} INFO - Started process (PID=496) to work on /opt/airflow/dags/my_dag.py
[2025-11-01T02:16:42.097+0000] {processor.py:830} INFO - Processing file /opt/airflow/dags/my_dag.py for tasks to queue
[2025-11-01T02:16:42.100+0000] {logging_mixin.py:188} INFO - [2025-11-01T02:16:42.099+0000] {dagbag.py:538} INFO - Filling up the DagBag from /opt/airflow/dags/my_dag.py
[2025-11-01T02:16:43.725+0000] {processor.py:840} INFO - DAG(s) 'my_dag' retrieved from /opt/airflow/dags/my_dag.py
[2025-11-01T02:16:43.767+0000] {logging_mixin.py:188} INFO - [2025-11-01T02:16:43.766+0000] {dag.py:3036} INFO - Sync 1 DAGs
[2025-11-01T02:16:43.792+0000] {logging_mixin.py:188} INFO - [2025-11-01T02:16:43.792+0000] {dag.py:3823} INFO - Setting next_dagrun for my_dag to None, run_after=None
[2025-11-01T02:16:43.890+0000] {processor.py:183} INFO - Processing /opt/airflow/dags/my_dag.py took 1.801 seconds
[2025-11-01T02:17:14.515+0000] {processor.py:161} INFO - Started process (PID=509) to work on /opt/airflow/dags/my_dag.py
[2025-11-01T02:17:14.517+0000] {processor.py:830} INFO - Processing file /opt/airflow/dags/my_dag.py for tasks to queue
[2025-11-01T02:17:14.519+0000] {logging_mixin.py:188} INFO - [2025-11-01T02:17:14.518+0000] {dagbag.py:538} INFO - Filling up the DagBag from /opt/airflow/dags/my_dag.py
[2025-11-01T02:17:15.336+0000] {processor.py:840} INFO - DAG(s) 'my_dag' retrieved from /opt/airflow/dags/my_dag.py
[2025-11-01T02:17:15.383+0000] {logging_mixin.py:188} INFO - [2025-11-01T02:17:15.379+0000] {dag.py:3036} INFO - Sync 1 DAGs
[2025-11-01T02:17:15.468+0000] {logging_mixin.py:188} INFO - [2025-11-01T02:17:15.468+0000] {dag.py:3823} INFO - Setting next_dagrun for my_dag to None, run_after=None
[2025-11-01T02:17:15.673+0000] {processor.py:183} INFO - Processing /opt/airflow/dags/my_dag.py took 1.165 seconds
[2025-11-01T02:17:46.370+0000] {processor.py:161} INFO - Started process (PID=520) to work on /opt/airflow/dags/my_dag.py
[2025-11-01T02:17:46.391+0000] {processor.py:830} INFO - Processing file /opt/airflow/dags/my_dag.py for tasks to queue
[2025-11-01T02:17:46.398+0000] {logging_mixin.py:188} INFO - [2025-11-01T02:17:46.398+0000] {dagbag.py:538} INFO - Filling up the DagBag from /opt/airflow/dags/my_dag.py
[2025-11-01T02:17:48.350+0000] {processor.py:840} INFO - DAG(s) 'my_dag' retrieved from /opt/airflow/dags/my_dag.py
[2025-11-01T02:17:48.503+0000] {logging_mixin.py:188} INFO - [2025-11-01T02:17:48.501+0000] {dag.py:3036} INFO - Sync 1 DAGs
[2025-11-01T02:17:48.530+0000] {logging_mixin.py:188} INFO - [2025-11-01T02:17:48.529+0000] {dag.py:3823} INFO - Setting next_dagrun for my_dag to None, run_after=None
[2025-11-01T02:17:48.578+0000] {processor.py:183} INFO - Processing /opt/airflow/dags/my_dag.py took 2.227 seconds
[2025-11-01T02:18:18.978+0000] {processor.py:161} INFO - Started process (PID=533) to work on /opt/airflow/dags/my_dag.py
[2025-11-01T02:18:18.990+0000] {processor.py:830} INFO - Processing file /opt/airflow/dags/my_dag.py for tasks to queue
[2025-11-01T02:18:18.994+0000] {logging_mixin.py:188} INFO - [2025-11-01T02:18:18.993+0000] {dagbag.py:538} INFO - Filling up the DagBag from /opt/airflow/dags/my_dag.py
[2025-11-01T02:18:21.764+0000] {processor.py:840} INFO - DAG(s) 'my_dag' retrieved from /opt/airflow/dags/my_dag.py
[2025-11-01T02:18:21.824+0000] {logging_mixin.py:188} INFO - [2025-11-01T02:18:21.822+0000] {dag.py:3036} INFO - Sync 1 DAGs
[2025-11-01T02:18:21.852+0000] {logging_mixin.py:188} INFO - [2025-11-01T02:18:21.852+0000] {dag.py:3823} INFO - Setting next_dagrun for my_dag to None, run_after=None
[2025-11-01T02:18:22.018+0000] {processor.py:183} INFO - Processing /opt/airflow/dags/my_dag.py took 3.058 seconds
[2025-11-01T02:18:53.064+0000] {processor.py:161} INFO - Started process (PID=546) to work on /opt/airflow/dags/my_dag.py
[2025-11-01T02:18:53.066+0000] {processor.py:830} INFO - Processing file /opt/airflow/dags/my_dag.py for tasks to queue
[2025-11-01T02:18:53.069+0000] {logging_mixin.py:188} INFO - [2025-11-01T02:18:53.068+0000] {dagbag.py:538} INFO - Filling up the DagBag from /opt/airflow/dags/my_dag.py
[2025-11-01T02:18:54.856+0000] {processor.py:840} INFO - DAG(s) 'my_dag' retrieved from /opt/airflow/dags/my_dag.py
[2025-11-01T02:18:54.918+0000] {logging_mixin.py:188} INFO - [2025-11-01T02:18:54.916+0000] {dag.py:3036} INFO - Sync 1 DAGs
[2025-11-01T02:18:54.968+0000] {logging_mixin.py:188} INFO - [2025-11-01T02:18:54.967+0000] {dag.py:3823} INFO - Setting next_dagrun for my_dag to None, run_after=None
[2025-11-01T02:18:55.271+0000] {processor.py:183} INFO - Processing /opt/airflow/dags/my_dag.py took 2.216 seconds
[2025-11-01T02:19:25.824+0000] {processor.py:161} INFO - Started process (PID=558) to work on /opt/airflow/dags/my_dag.py
[2025-11-01T02:19:25.827+0000] {processor.py:830} INFO - Processing file /opt/airflow/dags/my_dag.py for tasks to queue
[2025-11-01T02:19:25.839+0000] {logging_mixin.py:188} INFO - [2025-11-01T02:19:25.838+0000] {dagbag.py:538} INFO - Filling up the DagBag from /opt/airflow/dags/my_dag.py
[2025-11-01T02:19:27.590+0000] {processor.py:840} INFO - DAG(s) 'my_dag' retrieved from /opt/airflow/dags/my_dag.py
[2025-11-01T02:19:27.678+0000] {logging_mixin.py:188} INFO - [2025-11-01T02:19:27.671+0000] {dag.py:3036} INFO - Sync 1 DAGs
[2025-11-01T02:19:27.744+0000] {logging_mixin.py:188} INFO - [2025-11-01T02:19:27.744+0000] {dag.py:3823} INFO - Setting next_dagrun for my_dag to None, run_after=None
[2025-11-01T02:19:27.802+0000] {processor.py:183} INFO - Processing /opt/airflow/dags/my_dag.py took 1.993 seconds
[2025-11-01T02:19:58.512+0000] {processor.py:161} INFO - Started process (PID=570) to work on /opt/airflow/dags/my_dag.py
[2025-11-01T02:19:58.515+0000] {processor.py:830} INFO - Processing file /opt/airflow/dags/my_dag.py for tasks to queue
[2025-11-01T02:19:58.520+0000] {logging_mixin.py:188} INFO - [2025-11-01T02:19:58.518+0000] {dagbag.py:538} INFO - Filling up the DagBag from /opt/airflow/dags/my_dag.py
[2025-11-01T02:19:59.726+0000] {processor.py:840} INFO - DAG(s) 'my_dag' retrieved from /opt/airflow/dags/my_dag.py
[2025-11-01T02:19:59.876+0000] {logging_mixin.py:188} INFO - [2025-11-01T02:19:59.866+0000] {dag.py:3036} INFO - Sync 1 DAGs
[2025-11-01T02:19:59.973+0000] {logging_mixin.py:188} INFO - [2025-11-01T02:19:59.971+0000] {dag.py:3823} INFO - Setting next_dagrun for my_dag to None, run_after=None
[2025-11-01T02:20:00.067+0000] {processor.py:183} INFO - Processing /opt/airflow/dags/my_dag.py took 1.561 seconds
[2025-11-01T02:20:30.284+0000] {processor.py:161} INFO - Started process (PID=582) to work on /opt/airflow/dags/my_dag.py
[2025-11-01T02:20:30.286+0000] {processor.py:830} INFO - Processing file /opt/airflow/dags/my_dag.py for tasks to queue
[2025-11-01T02:20:30.288+0000] {logging_mixin.py:188} INFO - [2025-11-01T02:20:30.288+0000] {dagbag.py:538} INFO - Filling up the DagBag from /opt/airflow/dags/my_dag.py
[2025-11-01T02:20:32.240+0000] {processor.py:840} INFO - DAG(s) 'my_dag' retrieved from /opt/airflow/dags/my_dag.py
[2025-11-01T02:20:32.308+0000] {logging_mixin.py:188} INFO - [2025-11-01T02:20:32.304+0000] {dag.py:3036} INFO - Sync 1 DAGs
[2025-11-01T02:20:32.332+0000] {logging_mixin.py:188} INFO - [2025-11-01T02:20:32.332+0000] {dag.py:3823} INFO - Setting next_dagrun for my_dag to None, run_after=None
[2025-11-01T02:20:32.431+0000] {processor.py:183} INFO - Processing /opt/airflow/dags/my_dag.py took 2.156 seconds
[2025-11-01T02:21:02.860+0000] {processor.py:161} INFO - Started process (PID=593) to work on /opt/airflow/dags/my_dag.py
[2025-11-01T02:21:02.863+0000] {processor.py:830} INFO - Processing file /opt/airflow/dags/my_dag.py for tasks to queue
[2025-11-01T02:21:02.866+0000] {logging_mixin.py:188} INFO - [2025-11-01T02:21:02.864+0000] {dagbag.py:538} INFO - Filling up the DagBag from /opt/airflow/dags/my_dag.py
[2025-11-01T02:21:03.643+0000] {processor.py:840} INFO - DAG(s) 'my_dag' retrieved from /opt/airflow/dags/my_dag.py
[2025-11-01T02:21:03.711+0000] {logging_mixin.py:188} INFO - [2025-11-01T02:21:03.710+0000] {dag.py:3036} INFO - Sync 1 DAGs
[2025-11-01T02:21:03.785+0000] {logging_mixin.py:188} INFO - [2025-11-01T02:21:03.784+0000] {dag.py:3823} INFO - Setting next_dagrun for my_dag to None, run_after=None
[2025-11-01T02:21:03.913+0000] {processor.py:183} INFO - Processing /opt/airflow/dags/my_dag.py took 1.071 seconds
[2025-11-01T02:21:35.269+0000] {processor.py:161} INFO - Started process (PID=604) to work on /opt/airflow/dags/my_dag.py
[2025-11-01T02:21:35.279+0000] {processor.py:830} INFO - Processing file /opt/airflow/dags/my_dag.py for tasks to queue
[2025-11-01T02:21:35.306+0000] {logging_mixin.py:188} INFO - [2025-11-01T02:21:35.305+0000] {dagbag.py:538} INFO - Filling up the DagBag from /opt/airflow/dags/my_dag.py
[2025-11-01T02:21:37.543+0000] {processor.py:840} INFO - DAG(s) 'my_dag' retrieved from /opt/airflow/dags/my_dag.py
[2025-11-01T02:21:37.660+0000] {logging_mixin.py:188} INFO - [2025-11-01T02:21:37.659+0000] {dag.py:3036} INFO - Sync 1 DAGs
[2025-11-01T02:21:37.712+0000] {logging_mixin.py:188} INFO - [2025-11-01T02:21:37.712+0000] {dag.py:3823} INFO - Setting next_dagrun for my_dag to None, run_after=None
[2025-11-01T02:21:37.794+0000] {processor.py:183} INFO - Processing /opt/airflow/dags/my_dag.py took 2.534 seconds
[2025-11-01T02:22:08.438+0000] {processor.py:161} INFO - Started process (PID=616) to work on /opt/airflow/dags/my_dag.py
[2025-11-01T02:22:08.450+0000] {processor.py:830} INFO - Processing file /opt/airflow/dags/my_dag.py for tasks to queue
[2025-11-01T02:22:08.453+0000] {logging_mixin.py:188} INFO - [2025-11-01T02:22:08.452+0000] {dagbag.py:538} INFO - Filling up the DagBag from /opt/airflow/dags/my_dag.py
[2025-11-01T02:22:09.845+0000] {processor.py:840} INFO - DAG(s) 'my_dag' retrieved from /opt/airflow/dags/my_dag.py
[2025-11-01T02:22:09.894+0000] {logging_mixin.py:188} INFO - [2025-11-01T02:22:09.893+0000] {dag.py:3036} INFO - Sync 1 DAGs
[2025-11-01T02:22:09.923+0000] {logging_mixin.py:188} INFO - [2025-11-01T02:22:09.922+0000] {dag.py:3823} INFO - Setting next_dagrun for my_dag to None, run_after=None
[2025-11-01T02:22:09.995+0000] {processor.py:183} INFO - Processing /opt/airflow/dags/my_dag.py took 1.573 seconds
[2025-11-01T02:22:42.495+0000] {processor.py:161} INFO - Started process (PID=627) to work on /opt/airflow/dags/my_dag.py
[2025-11-01T02:22:42.535+0000] {processor.py:830} INFO - Processing file /opt/airflow/dags/my_dag.py for tasks to queue
[2025-11-01T02:22:42.538+0000] {logging_mixin.py:188} INFO - [2025-11-01T02:22:42.537+0000] {dagbag.py:538} INFO - Filling up the DagBag from /opt/airflow/dags/my_dag.py
[2025-11-01T02:22:45.944+0000] {processor.py:840} INFO - DAG(s) 'my_dag' retrieved from /opt/airflow/dags/my_dag.py
[2025-11-01T02:22:46.100+0000] {logging_mixin.py:188} INFO - [2025-11-01T02:22:46.098+0000] {dag.py:3036} INFO - Sync 1 DAGs
[2025-11-01T02:22:46.205+0000] {logging_mixin.py:188} INFO - [2025-11-01T02:22:46.204+0000] {dag.py:3823} INFO - Setting next_dagrun for my_dag to None, run_after=None
[2025-11-01T02:22:46.474+0000] {processor.py:183} INFO - Processing /opt/airflow/dags/my_dag.py took 3.985 seconds
[2025-11-01T02:23:17.219+0000] {processor.py:161} INFO - Started process (PID=639) to work on /opt/airflow/dags/my_dag.py
[2025-11-01T02:23:17.233+0000] {processor.py:830} INFO - Processing file /opt/airflow/dags/my_dag.py for tasks to queue
[2025-11-01T02:23:17.244+0000] {logging_mixin.py:188} INFO - [2025-11-01T02:23:17.235+0000] {dagbag.py:538} INFO - Filling up the DagBag from /opt/airflow/dags/my_dag.py
[2025-11-01T02:23:20.073+0000] {processor.py:840} INFO - DAG(s) 'my_dag' retrieved from /opt/airflow/dags/my_dag.py
[2025-11-01T02:23:20.287+0000] {logging_mixin.py:188} INFO - [2025-11-01T02:23:20.285+0000] {dag.py:3036} INFO - Sync 1 DAGs
[2025-11-01T02:23:20.367+0000] {logging_mixin.py:188} INFO - [2025-11-01T02:23:20.367+0000] {dag.py:3823} INFO - Setting next_dagrun for my_dag to None, run_after=None
[2025-11-01T02:23:20.616+0000] {processor.py:183} INFO - Processing /opt/airflow/dags/my_dag.py took 3.430 seconds
[2025-11-01T02:23:51.416+0000] {processor.py:161} INFO - Started process (PID=651) to work on /opt/airflow/dags/my_dag.py
[2025-11-01T02:23:51.418+0000] {processor.py:830} INFO - Processing file /opt/airflow/dags/my_dag.py for tasks to queue
[2025-11-01T02:23:51.420+0000] {logging_mixin.py:188} INFO - [2025-11-01T02:23:51.420+0000] {dagbag.py:538} INFO - Filling up the DagBag from /opt/airflow/dags/my_dag.py
[2025-11-01T02:23:52.442+0000] {processor.py:840} INFO - DAG(s) 'my_dag' retrieved from /opt/airflow/dags/my_dag.py
[2025-11-01T02:23:52.490+0000] {logging_mixin.py:188} INFO - [2025-11-01T02:23:52.488+0000] {dag.py:3036} INFO - Sync 1 DAGs
[2025-11-01T02:23:52.527+0000] {logging_mixin.py:188} INFO - [2025-11-01T02:23:52.526+0000] {dag.py:3823} INFO - Setting next_dagrun for my_dag to None, run_after=None
[2025-11-01T02:23:52.755+0000] {processor.py:183} INFO - Processing /opt/airflow/dags/my_dag.py took 1.351 seconds
[2025-11-01T02:24:23.041+0000] {processor.py:161} INFO - Started process (PID=663) to work on /opt/airflow/dags/my_dag.py
[2025-11-01T02:24:23.043+0000] {processor.py:830} INFO - Processing file /opt/airflow/dags/my_dag.py for tasks to queue
[2025-11-01T02:24:23.046+0000] {logging_mixin.py:188} INFO - [2025-11-01T02:24:23.045+0000] {dagbag.py:538} INFO - Filling up the DagBag from /opt/airflow/dags/my_dag.py
[2025-11-01T02:24:24.400+0000] {processor.py:840} INFO - DAG(s) 'my_dag' retrieved from /opt/airflow/dags/my_dag.py
[2025-11-01T02:24:24.448+0000] {logging_mixin.py:188} INFO - [2025-11-01T02:24:24.447+0000] {dag.py:3036} INFO - Sync 1 DAGs
[2025-11-01T02:24:24.471+0000] {logging_mixin.py:188} INFO - [2025-11-01T02:24:24.471+0000] {dag.py:3823} INFO - Setting next_dagrun for my_dag to None, run_after=None
[2025-11-01T02:24:24.686+0000] {processor.py:183} INFO - Processing /opt/airflow/dags/my_dag.py took 1.653 seconds
[2025-11-01T02:24:55.122+0000] {processor.py:161} INFO - Started process (PID=675) to work on /opt/airflow/dags/my_dag.py
[2025-11-01T02:24:55.124+0000] {processor.py:830} INFO - Processing file /opt/airflow/dags/my_dag.py for tasks to queue
[2025-11-01T02:24:55.129+0000] {logging_mixin.py:188} INFO - [2025-11-01T02:24:55.126+0000] {dagbag.py:538} INFO - Filling up the DagBag from /opt/airflow/dags/my_dag.py
[2025-11-01T02:24:57.793+0000] {processor.py:840} INFO - DAG(s) 'my_dag' retrieved from /opt/airflow/dags/my_dag.py
[2025-11-01T02:24:57.862+0000] {logging_mixin.py:188} INFO - [2025-11-01T02:24:57.860+0000] {dag.py:3036} INFO - Sync 1 DAGs
[2025-11-01T02:24:57.910+0000] {logging_mixin.py:188} INFO - [2025-11-01T02:24:57.910+0000] {dag.py:3823} INFO - Setting next_dagrun for my_dag to None, run_after=None
[2025-11-01T02:24:58.112+0000] {processor.py:183} INFO - Processing /opt/airflow/dags/my_dag.py took 3.006 seconds
[2025-11-01T02:25:28.771+0000] {processor.py:161} INFO - Started process (PID=687) to work on /opt/airflow/dags/my_dag.py
[2025-11-01T02:25:28.774+0000] {processor.py:830} INFO - Processing file /opt/airflow/dags/my_dag.py for tasks to queue
[2025-11-01T02:25:28.777+0000] {logging_mixin.py:188} INFO - [2025-11-01T02:25:28.776+0000] {dagbag.py:538} INFO - Filling up the DagBag from /opt/airflow/dags/my_dag.py
[2025-11-01T02:25:32.546+0000] {processor.py:840} INFO - DAG(s) 'my_dag' retrieved from /opt/airflow/dags/my_dag.py
[2025-11-01T02:25:32.905+0000] {logging_mixin.py:188} INFO - [2025-11-01T02:25:32.904+0000] {dag.py:3036} INFO - Sync 1 DAGs
[2025-11-01T02:25:33.223+0000] {logging_mixin.py:188} INFO - [2025-11-01T02:25:33.222+0000] {dag.py:3823} INFO - Setting next_dagrun for my_dag to None, run_after=None
[2025-11-01T02:25:33.676+0000] {processor.py:183} INFO - Processing /opt/airflow/dags/my_dag.py took 4.919 seconds
[2025-11-01T02:26:04.553+0000] {processor.py:161} INFO - Started process (PID=699) to work on /opt/airflow/dags/my_dag.py
[2025-11-01T02:26:04.556+0000] {processor.py:830} INFO - Processing file /opt/airflow/dags/my_dag.py for tasks to queue
[2025-11-01T02:26:04.559+0000] {logging_mixin.py:188} INFO - [2025-11-01T02:26:04.558+0000] {dagbag.py:538} INFO - Filling up the DagBag from /opt/airflow/dags/my_dag.py
[2025-11-01T02:26:06.047+0000] {processor.py:840} INFO - DAG(s) 'my_dag' retrieved from /opt/airflow/dags/my_dag.py
[2025-11-01T02:26:06.120+0000] {logging_mixin.py:188} INFO - [2025-11-01T02:26:06.119+0000] {dag.py:3036} INFO - Sync 1 DAGs
[2025-11-01T02:26:06.143+0000] {logging_mixin.py:188} INFO - [2025-11-01T02:26:06.142+0000] {dag.py:3823} INFO - Setting next_dagrun for my_dag to None, run_after=None
[2025-11-01T02:26:06.191+0000] {processor.py:183} INFO - Processing /opt/airflow/dags/my_dag.py took 1.647 seconds
[2025-11-01T02:26:36.567+0000] {processor.py:161} INFO - Started process (PID=711) to work on /opt/airflow/dags/my_dag.py
[2025-11-01T02:26:36.569+0000] {processor.py:830} INFO - Processing file /opt/airflow/dags/my_dag.py for tasks to queue
[2025-11-01T02:26:36.571+0000] {logging_mixin.py:188} INFO - [2025-11-01T02:26:36.570+0000] {dagbag.py:538} INFO - Filling up the DagBag from /opt/airflow/dags/my_dag.py
[2025-11-01T02:26:37.555+0000] {processor.py:840} INFO - DAG(s) 'my_dag' retrieved from /opt/airflow/dags/my_dag.py
[2025-11-01T02:26:37.608+0000] {logging_mixin.py:188} INFO - [2025-11-01T02:26:37.608+0000] {dag.py:3036} INFO - Sync 1 DAGs
[2025-11-01T02:26:37.632+0000] {logging_mixin.py:188} INFO - [2025-11-01T02:26:37.632+0000] {dag.py:3823} INFO - Setting next_dagrun for my_dag to None, run_after=None
[2025-11-01T02:26:37.832+0000] {processor.py:183} INFO - Processing /opt/airflow/dags/my_dag.py took 1.274 seconds
[2025-11-01T02:27:08.544+0000] {processor.py:161} INFO - Started process (PID=723) to work on /opt/airflow/dags/my_dag.py
[2025-11-01T02:27:08.547+0000] {processor.py:830} INFO - Processing file /opt/airflow/dags/my_dag.py for tasks to queue
[2025-11-01T02:27:08.548+0000] {logging_mixin.py:188} INFO - [2025-11-01T02:27:08.548+0000] {dagbag.py:538} INFO - Filling up the DagBag from /opt/airflow/dags/my_dag.py
[2025-11-01T02:27:09.187+0000] {processor.py:840} INFO - DAG(s) 'my_dag' retrieved from /opt/airflow/dags/my_dag.py
[2025-11-01T02:27:09.219+0000] {logging_mixin.py:188} INFO - [2025-11-01T02:27:09.217+0000] {dag.py:3036} INFO - Sync 1 DAGs
[2025-11-01T02:27:09.233+0000] {logging_mixin.py:188} INFO - [2025-11-01T02:27:09.233+0000] {dag.py:3823} INFO - Setting next_dagrun for my_dag to None, run_after=None
[2025-11-01T02:27:09.316+0000] {processor.py:183} INFO - Processing /opt/airflow/dags/my_dag.py took 0.777 seconds
[2025-11-01T02:27:40.227+0000] {processor.py:161} INFO - Started process (PID=735) to work on /opt/airflow/dags/my_dag.py
[2025-11-01T02:27:40.228+0000] {processor.py:830} INFO - Processing file /opt/airflow/dags/my_dag.py for tasks to queue
[2025-11-01T02:27:40.231+0000] {logging_mixin.py:188} INFO - [2025-11-01T02:27:40.230+0000] {dagbag.py:538} INFO - Filling up the DagBag from /opt/airflow/dags/my_dag.py
[2025-11-01T02:27:40.955+0000] {processor.py:840} INFO - DAG(s) 'my_dag' retrieved from /opt/airflow/dags/my_dag.py
[2025-11-01T02:27:40.987+0000] {logging_mixin.py:188} INFO - [2025-11-01T02:27:40.986+0000] {dag.py:3036} INFO - Sync 1 DAGs
[2025-11-01T02:27:41.014+0000] {logging_mixin.py:188} INFO - [2025-11-01T02:27:41.013+0000] {dag.py:3823} INFO - Setting next_dagrun for my_dag to None, run_after=None
[2025-11-01T02:27:41.068+0000] {processor.py:183} INFO - Processing /opt/airflow/dags/my_dag.py took 0.851 seconds
[2025-11-01T02:28:11.731+0000] {processor.py:161} INFO - Started process (PID=747) to work on /opt/airflow/dags/my_dag.py
[2025-11-01T02:28:11.733+0000] {processor.py:830} INFO - Processing file /opt/airflow/dags/my_dag.py for tasks to queue
[2025-11-01T02:28:11.735+0000] {logging_mixin.py:188} INFO - [2025-11-01T02:28:11.734+0000] {dagbag.py:538} INFO - Filling up the DagBag from /opt/airflow/dags/my_dag.py
[2025-11-01T02:28:12.477+0000] {processor.py:840} INFO - DAG(s) 'my_dag' retrieved from /opt/airflow/dags/my_dag.py
[2025-11-01T02:28:12.506+0000] {logging_mixin.py:188} INFO - [2025-11-01T02:28:12.505+0000] {dag.py:3036} INFO - Sync 1 DAGs
[2025-11-01T02:28:12.520+0000] {logging_mixin.py:188} INFO - [2025-11-01T02:28:12.519+0000] {dag.py:3823} INFO - Setting next_dagrun for my_dag to None, run_after=None
[2025-11-01T02:28:12.617+0000] {processor.py:183} INFO - Processing /opt/airflow/dags/my_dag.py took 0.893 seconds
[2025-11-01T02:28:42.851+0000] {processor.py:161} INFO - Started process (PID=758) to work on /opt/airflow/dags/my_dag.py
[2025-11-01T02:28:42.853+0000] {processor.py:830} INFO - Processing file /opt/airflow/dags/my_dag.py for tasks to queue
[2025-11-01T02:28:42.855+0000] {logging_mixin.py:188} INFO - [2025-11-01T02:28:42.854+0000] {dagbag.py:538} INFO - Filling up the DagBag from /opt/airflow/dags/my_dag.py
[2025-11-01T02:28:43.496+0000] {processor.py:840} INFO - DAG(s) 'my_dag' retrieved from /opt/airflow/dags/my_dag.py
[2025-11-01T02:28:43.526+0000] {logging_mixin.py:188} INFO - [2025-11-01T02:28:43.526+0000] {dag.py:3036} INFO - Sync 1 DAGs
[2025-11-01T02:28:43.540+0000] {logging_mixin.py:188} INFO - [2025-11-01T02:28:43.539+0000] {dag.py:3823} INFO - Setting next_dagrun for my_dag to None, run_after=None
[2025-11-01T02:28:43.575+0000] {processor.py:183} INFO - Processing /opt/airflow/dags/my_dag.py took 0.730 seconds
[2025-11-01T02:29:13.769+0000] {processor.py:161} INFO - Started process (PID=764) to work on /opt/airflow/dags/my_dag.py
[2025-11-01T02:29:13.771+0000] {processor.py:830} INFO - Processing file /opt/airflow/dags/my_dag.py for tasks to queue
[2025-11-01T02:29:13.773+0000] {logging_mixin.py:188} INFO - [2025-11-01T02:29:13.772+0000] {dagbag.py:538} INFO - Filling up the DagBag from /opt/airflow/dags/my_dag.py
[2025-11-01T02:29:15.346+0000] {processor.py:840} INFO - DAG(s) 'my_dag' retrieved from /opt/airflow/dags/my_dag.py
[2025-11-01T02:29:15.426+0000] {logging_mixin.py:188} INFO - [2025-11-01T02:29:15.426+0000] {dag.py:3036} INFO - Sync 1 DAGs
[2025-11-01T02:29:15.440+0000] {logging_mixin.py:188} INFO - [2025-11-01T02:29:15.439+0000] {dag.py:3823} INFO - Setting next_dagrun for my_dag to None, run_after=None
[2025-11-01T02:29:15.475+0000] {processor.py:183} INFO - Processing /opt/airflow/dags/my_dag.py took 1.711 seconds
[2025-11-01T02:29:45.605+0000] {processor.py:161} INFO - Started process (PID=776) to work on /opt/airflow/dags/my_dag.py
[2025-11-01T02:29:45.607+0000] {processor.py:830} INFO - Processing file /opt/airflow/dags/my_dag.py for tasks to queue
[2025-11-01T02:29:45.609+0000] {logging_mixin.py:188} INFO - [2025-11-01T02:29:45.608+0000] {dagbag.py:538} INFO - Filling up the DagBag from /opt/airflow/dags/my_dag.py
[2025-11-01T02:29:46.374+0000] {processor.py:840} INFO - DAG(s) 'my_dag' retrieved from /opt/airflow/dags/my_dag.py
[2025-11-01T02:29:46.410+0000] {logging_mixin.py:188} INFO - [2025-11-01T02:29:46.409+0000] {dag.py:3036} INFO - Sync 1 DAGs
[2025-11-01T02:29:46.425+0000] {logging_mixin.py:188} INFO - [2025-11-01T02:29:46.424+0000] {dag.py:3823} INFO - Setting next_dagrun for my_dag to None, run_after=None
[2025-11-01T02:29:46.456+0000] {processor.py:183} INFO - Processing /opt/airflow/dags/my_dag.py took 0.858 seconds
[2025-11-01T02:30:16.711+0000] {processor.py:161} INFO - Started process (PID=787) to work on /opt/airflow/dags/my_dag.py
[2025-11-01T02:30:16.714+0000] {processor.py:830} INFO - Processing file /opt/airflow/dags/my_dag.py for tasks to queue
[2025-11-01T02:30:16.719+0000] {logging_mixin.py:188} INFO - [2025-11-01T02:30:16.718+0000] {dagbag.py:538} INFO - Filling up the DagBag from /opt/airflow/dags/my_dag.py
[2025-11-01T02:30:17.495+0000] {processor.py:840} INFO - DAG(s) 'my_dag' retrieved from /opt/airflow/dags/my_dag.py
[2025-11-01T02:30:17.530+0000] {logging_mixin.py:188} INFO - [2025-11-01T02:30:17.528+0000] {dag.py:3036} INFO - Sync 1 DAGs
[2025-11-01T02:30:17.544+0000] {logging_mixin.py:188} INFO - [2025-11-01T02:30:17.544+0000] {dag.py:3823} INFO - Setting next_dagrun for my_dag to None, run_after=None
[2025-11-01T02:30:17.575+0000] {processor.py:183} INFO - Processing /opt/airflow/dags/my_dag.py took 0.871 seconds
[2025-11-01T02:30:48.885+0000] {processor.py:161} INFO - Started process (PID=798) to work on /opt/airflow/dags/my_dag.py
[2025-11-01T02:30:48.887+0000] {processor.py:830} INFO - Processing file /opt/airflow/dags/my_dag.py for tasks to queue
[2025-11-01T02:30:48.889+0000] {logging_mixin.py:188} INFO - [2025-11-01T02:30:48.888+0000] {dagbag.py:538} INFO - Filling up the DagBag from /opt/airflow/dags/my_dag.py
[2025-11-01T02:30:49.576+0000] {processor.py:840} INFO - DAG(s) 'my_dag' retrieved from /opt/airflow/dags/my_dag.py
[2025-11-01T02:30:49.610+0000] {logging_mixin.py:188} INFO - [2025-11-01T02:30:49.609+0000] {dag.py:3036} INFO - Sync 1 DAGs
[2025-11-01T02:30:49.624+0000] {logging_mixin.py:188} INFO - [2025-11-01T02:30:49.623+0000] {dag.py:3823} INFO - Setting next_dagrun for my_dag to None, run_after=None
[2025-11-01T02:30:49.655+0000] {processor.py:183} INFO - Processing /opt/airflow/dags/my_dag.py took 0.778 seconds
[2025-11-01T02:31:22.284+0000] {processor.py:161} INFO - Started process (PID=809) to work on /opt/airflow/dags/my_dag.py
[2025-11-01T02:31:22.286+0000] {processor.py:830} INFO - Processing file /opt/airflow/dags/my_dag.py for tasks to queue
[2025-11-01T02:31:22.288+0000] {logging_mixin.py:188} INFO - [2025-11-01T02:31:22.288+0000] {dagbag.py:538} INFO - Filling up the DagBag from /opt/airflow/dags/my_dag.py
[2025-11-01T02:31:23.090+0000] {processor.py:840} INFO - DAG(s) 'my_dag' retrieved from /opt/airflow/dags/my_dag.py
[2025-11-01T02:31:23.131+0000] {logging_mixin.py:188} INFO - [2025-11-01T02:31:23.130+0000] {dag.py:3036} INFO - Sync 1 DAGs
[2025-11-01T02:31:23.148+0000] {logging_mixin.py:188} INFO - [2025-11-01T02:31:23.148+0000] {dag.py:3823} INFO - Setting next_dagrun for my_dag to None, run_after=None
[2025-11-01T02:31:23.196+0000] {processor.py:183} INFO - Processing /opt/airflow/dags/my_dag.py took 0.920 seconds
[2025-11-01T02:31:55.187+0000] {processor.py:161} INFO - Started process (PID=823) to work on /opt/airflow/dags/my_dag.py
[2025-11-01T02:31:55.189+0000] {processor.py:830} INFO - Processing file /opt/airflow/dags/my_dag.py for tasks to queue
[2025-11-01T02:31:55.191+0000] {logging_mixin.py:188} INFO - [2025-11-01T02:31:55.191+0000] {dagbag.py:538} INFO - Filling up the DagBag from /opt/airflow/dags/my_dag.py
[2025-11-01T02:31:55.905+0000] {processor.py:840} INFO - DAG(s) 'my_dag' retrieved from /opt/airflow/dags/my_dag.py
[2025-11-01T02:31:55.949+0000] {logging_mixin.py:188} INFO - [2025-11-01T02:31:55.948+0000] {dag.py:3036} INFO - Sync 1 DAGs
[2025-11-01T02:31:55.975+0000] {logging_mixin.py:188} INFO - [2025-11-01T02:31:55.974+0000] {dag.py:3823} INFO - Setting next_dagrun for my_dag to None, run_after=None
[2025-11-01T02:31:56.020+0000] {processor.py:183} INFO - Processing /opt/airflow/dags/my_dag.py took 0.843 seconds
[2025-11-01T02:32:27.604+0000] {processor.py:161} INFO - Started process (PID=835) to work on /opt/airflow/dags/my_dag.py
[2025-11-01T02:32:27.607+0000] {processor.py:830} INFO - Processing file /opt/airflow/dags/my_dag.py for tasks to queue
[2025-11-01T02:32:27.610+0000] {logging_mixin.py:188} INFO - [2025-11-01T02:32:27.609+0000] {dagbag.py:538} INFO - Filling up the DagBag from /opt/airflow/dags/my_dag.py
[2025-11-01T02:32:29.124+0000] {processor.py:840} INFO - DAG(s) 'my_dag' retrieved from /opt/airflow/dags/my_dag.py
[2025-11-01T02:32:29.190+0000] {logging_mixin.py:188} INFO - [2025-11-01T02:32:29.189+0000] {dag.py:3036} INFO - Sync 1 DAGs
[2025-11-01T02:32:29.260+0000] {logging_mixin.py:188} INFO - [2025-11-01T02:32:29.260+0000] {dag.py:3823} INFO - Setting next_dagrun for my_dag to None, run_after=None
[2025-11-01T02:32:29.326+0000] {processor.py:183} INFO - Processing /opt/airflow/dags/my_dag.py took 1.731 seconds
[2025-11-01T02:33:00.250+0000] {processor.py:161} INFO - Started process (PID=848) to work on /opt/airflow/dags/my_dag.py
[2025-11-01T02:33:00.253+0000] {processor.py:830} INFO - Processing file /opt/airflow/dags/my_dag.py for tasks to queue
[2025-11-01T02:33:00.255+0000] {logging_mixin.py:188} INFO - [2025-11-01T02:33:00.254+0000] {dagbag.py:538} INFO - Filling up the DagBag from /opt/airflow/dags/my_dag.py
[2025-11-01T02:33:00.957+0000] {processor.py:840} INFO - DAG(s) 'my_dag' retrieved from /opt/airflow/dags/my_dag.py
[2025-11-01T02:33:00.992+0000] {logging_mixin.py:188} INFO - [2025-11-01T02:33:00.992+0000] {dag.py:3036} INFO - Sync 1 DAGs
[2025-11-01T02:33:01.009+0000] {logging_mixin.py:188} INFO - [2025-11-01T02:33:01.009+0000] {dag.py:3823} INFO - Setting next_dagrun for my_dag to None, run_after=None
[2025-11-01T02:33:01.041+0000] {processor.py:183} INFO - Processing /opt/airflow/dags/my_dag.py took 0.797 seconds
[2025-11-01T02:33:32.208+0000] {processor.py:161} INFO - Started process (PID=860) to work on /opt/airflow/dags/my_dag.py
[2025-11-01T02:33:32.211+0000] {processor.py:830} INFO - Processing file /opt/airflow/dags/my_dag.py for tasks to queue
[2025-11-01T02:33:32.219+0000] {logging_mixin.py:188} INFO - [2025-11-01T02:33:32.217+0000] {dagbag.py:538} INFO - Filling up the DagBag from /opt/airflow/dags/my_dag.py
[2025-11-01T02:33:33.316+0000] {processor.py:840} INFO - DAG(s) 'my_dag' retrieved from /opt/airflow/dags/my_dag.py
[2025-11-01T02:33:33.351+0000] {logging_mixin.py:188} INFO - [2025-11-01T02:33:33.349+0000] {dag.py:3036} INFO - Sync 1 DAGs
[2025-11-01T02:33:33.365+0000] {logging_mixin.py:188} INFO - [2025-11-01T02:33:33.364+0000] {dag.py:3823} INFO - Setting next_dagrun for my_dag to None, run_after=None
[2025-11-01T02:33:33.394+0000] {processor.py:183} INFO - Processing /opt/airflow/dags/my_dag.py took 1.195 seconds
[2025-11-01T02:34:05.064+0000] {processor.py:161} INFO - Started process (PID=872) to work on /opt/airflow/dags/my_dag.py
[2025-11-01T02:34:05.066+0000] {processor.py:830} INFO - Processing file /opt/airflow/dags/my_dag.py for tasks to queue
[2025-11-01T02:34:05.068+0000] {logging_mixin.py:188} INFO - [2025-11-01T02:34:05.068+0000] {dagbag.py:538} INFO - Filling up the DagBag from /opt/airflow/dags/my_dag.py
[2025-11-01T02:34:05.855+0000] {processor.py:840} INFO - DAG(s) 'my_dag' retrieved from /opt/airflow/dags/my_dag.py
[2025-11-01T02:34:05.889+0000] {logging_mixin.py:188} INFO - [2025-11-01T02:34:05.888+0000] {dag.py:3036} INFO - Sync 1 DAGs
[2025-11-01T02:34:05.904+0000] {logging_mixin.py:188} INFO - [2025-11-01T02:34:05.903+0000] {dag.py:3823} INFO - Setting next_dagrun for my_dag to None, run_after=None
[2025-11-01T02:34:05.934+0000] {processor.py:183} INFO - Processing /opt/airflow/dags/my_dag.py took 0.877 seconds
[2025-11-01T02:34:38.051+0000] {processor.py:161} INFO - Started process (PID=884) to work on /opt/airflow/dags/my_dag.py
[2025-11-01T02:34:38.056+0000] {processor.py:830} INFO - Processing file /opt/airflow/dags/my_dag.py for tasks to queue
[2025-11-01T02:34:38.061+0000] {logging_mixin.py:188} INFO - [2025-11-01T02:34:38.058+0000] {dagbag.py:538} INFO - Filling up the DagBag from /opt/airflow/dags/my_dag.py
[2025-11-01T02:34:39.132+0000] {processor.py:840} INFO - DAG(s) 'my_dag' retrieved from /opt/airflow/dags/my_dag.py
[2025-11-01T02:34:39.162+0000] {logging_mixin.py:188} INFO - [2025-11-01T02:34:39.162+0000] {dag.py:3036} INFO - Sync 1 DAGs
[2025-11-01T02:34:39.187+0000] {logging_mixin.py:188} INFO - [2025-11-01T02:34:39.187+0000] {dag.py:3823} INFO - Setting next_dagrun for my_dag to None, run_after=None
[2025-11-01T02:34:39.232+0000] {processor.py:183} INFO - Processing /opt/airflow/dags/my_dag.py took 1.197 seconds
[2025-11-01T02:35:10.541+0000] {processor.py:161} INFO - Started process (PID=896) to work on /opt/airflow/dags/my_dag.py
[2025-11-01T02:35:10.544+0000] {processor.py:830} INFO - Processing file /opt/airflow/dags/my_dag.py for tasks to queue
[2025-11-01T02:35:10.547+0000] {logging_mixin.py:188} INFO - [2025-11-01T02:35:10.546+0000] {dagbag.py:538} INFO - Filling up the DagBag from /opt/airflow/dags/my_dag.py
[2025-11-01T02:35:11.272+0000] {processor.py:840} INFO - DAG(s) 'my_dag' retrieved from /opt/airflow/dags/my_dag.py
[2025-11-01T02:35:11.303+0000] {logging_mixin.py:188} INFO - [2025-11-01T02:35:11.302+0000] {dag.py:3036} INFO - Sync 1 DAGs
[2025-11-01T02:35:11.317+0000] {logging_mixin.py:188} INFO - [2025-11-01T02:35:11.317+0000] {dag.py:3823} INFO - Setting next_dagrun for my_dag to None, run_after=None
[2025-11-01T02:35:11.348+0000] {processor.py:183} INFO - Processing /opt/airflow/dags/my_dag.py took 0.813 seconds
[2025-11-01T02:35:43.487+0000] {processor.py:161} INFO - Started process (PID=908) to work on /opt/airflow/dags/my_dag.py
[2025-11-01T02:35:43.497+0000] {processor.py:830} INFO - Processing file /opt/airflow/dags/my_dag.py for tasks to queue
[2025-11-01T02:35:43.505+0000] {logging_mixin.py:188} INFO - [2025-11-01T02:35:43.504+0000] {dagbag.py:538} INFO - Filling up the DagBag from /opt/airflow/dags/my_dag.py
[2025-11-01T02:35:44.488+0000] {processor.py:840} INFO - DAG(s) 'my_dag' retrieved from /opt/airflow/dags/my_dag.py
[2025-11-01T02:35:44.521+0000] {logging_mixin.py:188} INFO - [2025-11-01T02:35:44.521+0000] {dag.py:3036} INFO - Sync 1 DAGs
[2025-11-01T02:35:44.535+0000] {logging_mixin.py:188} INFO - [2025-11-01T02:35:44.535+0000] {dag.py:3823} INFO - Setting next_dagrun for my_dag to None, run_after=None
[2025-11-01T02:35:44.568+0000] {processor.py:183} INFO - Processing /opt/airflow/dags/my_dag.py took 1.105 seconds
[2025-11-01T02:36:17.588+0000] {processor.py:161} INFO - Started process (PID=920) to work on /opt/airflow/dags/my_dag.py
[2025-11-01T02:36:17.590+0000] {processor.py:830} INFO - Processing file /opt/airflow/dags/my_dag.py for tasks to queue
[2025-11-01T02:36:17.597+0000] {logging_mixin.py:188} INFO - [2025-11-01T02:36:17.596+0000] {dagbag.py:538} INFO - Filling up the DagBag from /opt/airflow/dags/my_dag.py
[2025-11-01T02:36:18.350+0000] {processor.py:840} INFO - DAG(s) 'my_dag' retrieved from /opt/airflow/dags/my_dag.py
[2025-11-01T02:36:18.380+0000] {logging_mixin.py:188} INFO - [2025-11-01T02:36:18.380+0000] {dag.py:3036} INFO - Sync 1 DAGs
[2025-11-01T02:36:18.398+0000] {logging_mixin.py:188} INFO - [2025-11-01T02:36:18.397+0000] {dag.py:3823} INFO - Setting next_dagrun for my_dag to None, run_after=None
[2025-11-01T02:36:18.428+0000] {processor.py:183} INFO - Processing /opt/airflow/dags/my_dag.py took 0.850 seconds
[2025-11-01T02:36:48.774+0000] {processor.py:161} INFO - Started process (PID=933) to work on /opt/airflow/dags/my_dag.py
[2025-11-01T02:36:48.777+0000] {processor.py:830} INFO - Processing file /opt/airflow/dags/my_dag.py for tasks to queue
[2025-11-01T02:36:48.780+0000] {logging_mixin.py:188} INFO - [2025-11-01T02:36:48.779+0000] {dagbag.py:538} INFO - Filling up the DagBag from /opt/airflow/dags/my_dag.py
[2025-11-01T02:36:49.716+0000] {processor.py:840} INFO - DAG(s) 'my_dag' retrieved from /opt/airflow/dags/my_dag.py
[2025-11-01T02:36:49.760+0000] {logging_mixin.py:188} INFO - [2025-11-01T02:36:49.758+0000] {dag.py:3036} INFO - Sync 1 DAGs
[2025-11-01T02:36:49.779+0000] {logging_mixin.py:188} INFO - [2025-11-01T02:36:49.779+0000] {dag.py:3823} INFO - Setting next_dagrun for my_dag to None, run_after=None
[2025-11-01T02:36:49.813+0000] {processor.py:183} INFO - Processing /opt/airflow/dags/my_dag.py took 1.047 seconds
[2025-11-01T02:37:21.724+0000] {processor.py:161} INFO - Started process (PID=945) to work on /opt/airflow/dags/my_dag.py
[2025-11-01T02:37:21.727+0000] {processor.py:830} INFO - Processing file /opt/airflow/dags/my_dag.py for tasks to queue
[2025-11-01T02:37:21.729+0000] {logging_mixin.py:188} INFO - [2025-11-01T02:37:21.728+0000] {dagbag.py:538} INFO - Filling up the DagBag from /opt/airflow/dags/my_dag.py
[2025-11-01T02:37:22.566+0000] {processor.py:840} INFO - DAG(s) 'my_dag' retrieved from /opt/airflow/dags/my_dag.py
[2025-11-01T02:37:22.602+0000] {logging_mixin.py:188} INFO - [2025-11-01T02:37:22.602+0000] {dag.py:3036} INFO - Sync 1 DAGs
[2025-11-01T02:37:22.620+0000] {logging_mixin.py:188} INFO - [2025-11-01T02:37:22.620+0000] {dag.py:3823} INFO - Setting next_dagrun for my_dag to None, run_after=None
[2025-11-01T02:37:22.649+0000] {processor.py:183} INFO - Processing /opt/airflow/dags/my_dag.py took 0.933 seconds
[2025-11-01T02:37:54.604+0000] {processor.py:161} INFO - Started process (PID=958) to work on /opt/airflow/dags/my_dag.py
[2025-11-01T02:37:54.609+0000] {processor.py:830} INFO - Processing file /opt/airflow/dags/my_dag.py for tasks to queue
[2025-11-01T02:37:54.613+0000] {logging_mixin.py:188} INFO - [2025-11-01T02:37:54.612+0000] {dagbag.py:538} INFO - Filling up the DagBag from /opt/airflow/dags/my_dag.py
[2025-11-01T02:37:55.496+0000] {processor.py:840} INFO - DAG(s) 'my_dag' retrieved from /opt/airflow/dags/my_dag.py
[2025-11-01T02:37:55.547+0000] {logging_mixin.py:188} INFO - [2025-11-01T02:37:55.546+0000] {dag.py:3036} INFO - Sync 1 DAGs
[2025-11-01T02:37:55.571+0000] {logging_mixin.py:188} INFO - [2025-11-01T02:37:55.570+0000] {dag.py:3823} INFO - Setting next_dagrun for my_dag to None, run_after=None
[2025-11-01T02:37:55.620+0000] {processor.py:183} INFO - Processing /opt/airflow/dags/my_dag.py took 1.023 seconds
[2025-11-01T02:38:27.580+0000] {processor.py:161} INFO - Started process (PID=970) to work on /opt/airflow/dags/my_dag.py
[2025-11-01T02:38:27.583+0000] {processor.py:830} INFO - Processing file /opt/airflow/dags/my_dag.py for tasks to queue
[2025-11-01T02:38:27.585+0000] {logging_mixin.py:188} INFO - [2025-11-01T02:38:27.585+0000] {dagbag.py:538} INFO - Filling up the DagBag from /opt/airflow/dags/my_dag.py
[2025-11-01T02:38:28.722+0000] {processor.py:840} INFO - DAG(s) 'my_dag' retrieved from /opt/airflow/dags/my_dag.py
[2025-11-01T02:38:28.791+0000] {logging_mixin.py:188} INFO - [2025-11-01T02:38:28.790+0000] {dag.py:3036} INFO - Sync 1 DAGs
[2025-11-01T02:38:28.812+0000] {logging_mixin.py:188} INFO - [2025-11-01T02:38:28.812+0000] {dag.py:3823} INFO - Setting next_dagrun for my_dag to None, run_after=None
[2025-11-01T02:38:28.853+0000] {processor.py:183} INFO - Processing /opt/airflow/dags/my_dag.py took 1.285 seconds
[2025-11-01T02:38:59.782+0000] {processor.py:161} INFO - Started process (PID=982) to work on /opt/airflow/dags/my_dag.py
[2025-11-01T02:38:59.784+0000] {processor.py:830} INFO - Processing file /opt/airflow/dags/my_dag.py for tasks to queue
[2025-11-01T02:38:59.786+0000] {logging_mixin.py:188} INFO - [2025-11-01T02:38:59.786+0000] {dagbag.py:538} INFO - Filling up the DagBag from /opt/airflow/dags/my_dag.py
[2025-11-01T02:39:00.830+0000] {processor.py:840} INFO - DAG(s) 'my_dag' retrieved from /opt/airflow/dags/my_dag.py
[2025-11-01T02:39:00.863+0000] {logging_mixin.py:188} INFO - [2025-11-01T02:39:00.862+0000] {dag.py:3036} INFO - Sync 1 DAGs
[2025-11-01T02:39:00.885+0000] {logging_mixin.py:188} INFO - [2025-11-01T02:39:00.885+0000] {dag.py:3823} INFO - Setting next_dagrun for my_dag to None, run_after=None
[2025-11-01T02:39:00.926+0000] {processor.py:183} INFO - Processing /opt/airflow/dags/my_dag.py took 1.152 seconds
[2025-11-01T02:39:32.810+0000] {processor.py:161} INFO - Started process (PID=994) to work on /opt/airflow/dags/my_dag.py
[2025-11-01T02:39:32.813+0000] {processor.py:830} INFO - Processing file /opt/airflow/dags/my_dag.py for tasks to queue
[2025-11-01T02:39:32.815+0000] {logging_mixin.py:188} INFO - [2025-11-01T02:39:32.815+0000] {dagbag.py:538} INFO - Filling up the DagBag from /opt/airflow/dags/my_dag.py
[2025-11-01T02:39:33.541+0000] {processor.py:840} INFO - DAG(s) 'my_dag' retrieved from /opt/airflow/dags/my_dag.py
[2025-11-01T02:39:33.576+0000] {logging_mixin.py:188} INFO - [2025-11-01T02:39:33.574+0000] {dag.py:3036} INFO - Sync 1 DAGs
[2025-11-01T02:39:33.592+0000] {logging_mixin.py:188} INFO - [2025-11-01T02:39:33.592+0000] {dag.py:3823} INFO - Setting next_dagrun for my_dag to None, run_after=None
[2025-11-01T02:39:33.627+0000] {processor.py:183} INFO - Processing /opt/airflow/dags/my_dag.py took 0.826 seconds
[2025-11-01T02:40:05.014+0000] {processor.py:161} INFO - Started process (PID=1006) to work on /opt/airflow/dags/my_dag.py
[2025-11-01T02:40:05.018+0000] {processor.py:830} INFO - Processing file /opt/airflow/dags/my_dag.py for tasks to queue
[2025-11-01T02:40:05.023+0000] {logging_mixin.py:188} INFO - [2025-11-01T02:40:05.022+0000] {dagbag.py:538} INFO - Filling up the DagBag from /opt/airflow/dags/my_dag.py
[2025-11-01T02:40:05.884+0000] {processor.py:840} INFO - DAG(s) 'my_dag' retrieved from /opt/airflow/dags/my_dag.py
[2025-11-01T02:40:05.928+0000] {logging_mixin.py:188} INFO - [2025-11-01T02:40:05.928+0000] {dag.py:3036} INFO - Sync 1 DAGs
[2025-11-01T02:40:05.945+0000] {logging_mixin.py:188} INFO - [2025-11-01T02:40:05.945+0000] {dag.py:3823} INFO - Setting next_dagrun for my_dag to None, run_after=None
[2025-11-01T02:40:05.978+0000] {processor.py:183} INFO - Processing /opt/airflow/dags/my_dag.py took 0.978 seconds
[2025-11-01T02:40:41.217+0000] {processor.py:161} INFO - Started process (PID=1018) to work on /opt/airflow/dags/my_dag.py
[2025-11-01T02:40:41.220+0000] {processor.py:830} INFO - Processing file /opt/airflow/dags/my_dag.py for tasks to queue
[2025-11-01T02:40:41.223+0000] {logging_mixin.py:188} INFO - [2025-11-01T02:40:41.222+0000] {dagbag.py:538} INFO - Filling up the DagBag from /opt/airflow/dags/my_dag.py
[2025-11-01T02:40:45.081+0000] {processor.py:840} INFO - DAG(s) 'my_dag' retrieved from /opt/airflow/dags/my_dag.py
[2025-11-01T02:40:45.149+0000] {logging_mixin.py:188} INFO - [2025-11-01T02:40:45.148+0000] {dag.py:3036} INFO - Sync 1 DAGs
[2025-11-01T02:40:45.731+0000] {logging_mixin.py:188} INFO - [2025-11-01T02:40:45.729+0000] {dag.py:3823} INFO - Setting next_dagrun for my_dag to None, run_after=None
[2025-11-01T02:40:45.919+0000] {processor.py:183} INFO - Processing /opt/airflow/dags/my_dag.py took 4.710 seconds
[2025-11-01T02:41:16.454+0000] {processor.py:161} INFO - Started process (PID=1030) to work on /opt/airflow/dags/my_dag.py
[2025-11-01T02:41:16.457+0000] {processor.py:830} INFO - Processing file /opt/airflow/dags/my_dag.py for tasks to queue
[2025-11-01T02:41:16.461+0000] {logging_mixin.py:188} INFO - [2025-11-01T02:41:16.460+0000] {dagbag.py:538} INFO - Filling up the DagBag from /opt/airflow/dags/my_dag.py
[2025-11-01T02:41:17.565+0000] {processor.py:840} INFO - DAG(s) 'my_dag' retrieved from /opt/airflow/dags/my_dag.py
[2025-11-01T02:41:17.613+0000] {logging_mixin.py:188} INFO - [2025-11-01T02:41:17.612+0000] {dag.py:3036} INFO - Sync 1 DAGs
[2025-11-01T02:41:17.637+0000] {logging_mixin.py:188} INFO - [2025-11-01T02:41:17.636+0000] {dag.py:3823} INFO - Setting next_dagrun for my_dag to None, run_after=None
[2025-11-01T02:41:17.676+0000] {processor.py:183} INFO - Processing /opt/airflow/dags/my_dag.py took 1.234 seconds
[2025-11-01T02:41:48.211+0000] {processor.py:161} INFO - Started process (PID=1042) to work on /opt/airflow/dags/my_dag.py
[2025-11-01T02:41:48.213+0000] {processor.py:830} INFO - Processing file /opt/airflow/dags/my_dag.py for tasks to queue
[2025-11-01T02:41:48.216+0000] {logging_mixin.py:188} INFO - [2025-11-01T02:41:48.215+0000] {dagbag.py:538} INFO - Filling up the DagBag from /opt/airflow/dags/my_dag.py
[2025-11-01T02:41:49.016+0000] {processor.py:840} INFO - DAG(s) 'my_dag' retrieved from /opt/airflow/dags/my_dag.py
[2025-11-01T02:41:49.046+0000] {logging_mixin.py:188} INFO - [2025-11-01T02:41:49.045+0000] {dag.py:3036} INFO - Sync 1 DAGs
[2025-11-01T02:41:49.060+0000] {logging_mixin.py:188} INFO - [2025-11-01T02:41:49.060+0000] {dag.py:3823} INFO - Setting next_dagrun for my_dag to None, run_after=None
[2025-11-01T02:41:49.234+0000] {processor.py:183} INFO - Processing /opt/airflow/dags/my_dag.py took 1.030 seconds
[2025-11-01T02:42:19.587+0000] {processor.py:161} INFO - Started process (PID=1054) to work on /opt/airflow/dags/my_dag.py
[2025-11-01T02:42:19.593+0000] {processor.py:830} INFO - Processing file /opt/airflow/dags/my_dag.py for tasks to queue
[2025-11-01T02:42:19.599+0000] {logging_mixin.py:188} INFO - [2025-11-01T02:42:19.597+0000] {dagbag.py:538} INFO - Filling up the DagBag from /opt/airflow/dags/my_dag.py
[2025-11-01T02:42:20.346+0000] {processor.py:840} INFO - DAG(s) 'my_dag' retrieved from /opt/airflow/dags/my_dag.py
[2025-11-01T02:42:20.377+0000] {logging_mixin.py:188} INFO - [2025-11-01T02:42:20.376+0000] {dag.py:3036} INFO - Sync 1 DAGs
[2025-11-01T02:42:20.392+0000] {logging_mixin.py:188} INFO - [2025-11-01T02:42:20.392+0000] {dag.py:3823} INFO - Setting next_dagrun for my_dag to None, run_after=None
[2025-11-01T02:42:20.428+0000] {processor.py:183} INFO - Processing /opt/airflow/dags/my_dag.py took 0.868 seconds
[2025-11-01T02:42:51.072+0000] {processor.py:161} INFO - Started process (PID=1066) to work on /opt/airflow/dags/my_dag.py
[2025-11-01T02:42:51.074+0000] {processor.py:830} INFO - Processing file /opt/airflow/dags/my_dag.py for tasks to queue
[2025-11-01T02:42:51.076+0000] {logging_mixin.py:188} INFO - [2025-11-01T02:42:51.076+0000] {dagbag.py:538} INFO - Filling up the DagBag from /opt/airflow/dags/my_dag.py
[2025-11-01T02:42:51.757+0000] {processor.py:840} INFO - DAG(s) 'my_dag' retrieved from /opt/airflow/dags/my_dag.py
[2025-11-01T02:42:51.790+0000] {logging_mixin.py:188} INFO - [2025-11-01T02:42:51.789+0000] {dag.py:3036} INFO - Sync 1 DAGs
[2025-11-01T02:42:51.805+0000] {logging_mixin.py:188} INFO - [2025-11-01T02:42:51.805+0000] {dag.py:3823} INFO - Setting next_dagrun for my_dag to None, run_after=None
[2025-11-01T02:42:51.839+0000] {processor.py:183} INFO - Processing /opt/airflow/dags/my_dag.py took 0.774 seconds
[2025-11-01T02:43:22.272+0000] {processor.py:161} INFO - Started process (PID=1078) to work on /opt/airflow/dags/my_dag.py
[2025-11-01T02:43:22.274+0000] {processor.py:830} INFO - Processing file /opt/airflow/dags/my_dag.py for tasks to queue
[2025-11-01T02:43:22.275+0000] {logging_mixin.py:188} INFO - [2025-11-01T02:43:22.275+0000] {dagbag.py:538} INFO - Filling up the DagBag from /opt/airflow/dags/my_dag.py
[2025-11-01T02:43:23.288+0000] {processor.py:840} INFO - DAG(s) 'my_dag' retrieved from /opt/airflow/dags/my_dag.py
[2025-11-01T02:43:23.343+0000] {logging_mixin.py:188} INFO - [2025-11-01T02:43:23.342+0000] {dag.py:3036} INFO - Sync 1 DAGs
[2025-11-01T02:43:23.370+0000] {logging_mixin.py:188} INFO - [2025-11-01T02:43:23.369+0000] {dag.py:3823} INFO - Setting next_dagrun for my_dag to None, run_after=None
[2025-11-01T02:43:23.415+0000] {processor.py:183} INFO - Processing /opt/airflow/dags/my_dag.py took 1.152 seconds
[2025-11-01T02:43:54.788+0000] {processor.py:161} INFO - Started process (PID=1090) to work on /opt/airflow/dags/my_dag.py
[2025-11-01T02:43:54.790+0000] {processor.py:830} INFO - Processing file /opt/airflow/dags/my_dag.py for tasks to queue
[2025-11-01T02:43:54.792+0000] {logging_mixin.py:188} INFO - [2025-11-01T02:43:54.792+0000] {dagbag.py:538} INFO - Filling up the DagBag from /opt/airflow/dags/my_dag.py
[2025-11-01T02:43:55.640+0000] {processor.py:840} INFO - DAG(s) 'my_dag' retrieved from /opt/airflow/dags/my_dag.py
[2025-11-01T02:43:55.674+0000] {logging_mixin.py:188} INFO - [2025-11-01T02:43:55.673+0000] {dag.py:3036} INFO - Sync 1 DAGs
[2025-11-01T02:43:55.688+0000] {logging_mixin.py:188} INFO - [2025-11-01T02:43:55.688+0000] {dag.py:3823} INFO - Setting next_dagrun for my_dag to None, run_after=None
[2025-11-01T02:43:55.723+0000] {processor.py:183} INFO - Processing /opt/airflow/dags/my_dag.py took 0.945 seconds
[2025-11-01T02:44:26.962+0000] {processor.py:161} INFO - Started process (PID=1102) to work on /opt/airflow/dags/my_dag.py
[2025-11-01T02:44:26.966+0000] {processor.py:830} INFO - Processing file /opt/airflow/dags/my_dag.py for tasks to queue
[2025-11-01T02:44:26.972+0000] {logging_mixin.py:188} INFO - [2025-11-01T02:44:26.971+0000] {dagbag.py:538} INFO - Filling up the DagBag from /opt/airflow/dags/my_dag.py
[2025-11-01T02:44:28.324+0000] {processor.py:840} INFO - DAG(s) 'my_dag' retrieved from /opt/airflow/dags/my_dag.py
[2025-11-01T02:44:28.381+0000] {logging_mixin.py:188} INFO - [2025-11-01T02:44:28.380+0000] {dag.py:3036} INFO - Sync 1 DAGs
[2025-11-01T02:44:28.413+0000] {logging_mixin.py:188} INFO - [2025-11-01T02:44:28.412+0000] {dag.py:3823} INFO - Setting next_dagrun for my_dag to None, run_after=None
[2025-11-01T02:44:28.473+0000] {processor.py:183} INFO - Processing /opt/airflow/dags/my_dag.py took 1.522 seconds
[2025-11-01T02:45:00.268+0000] {processor.py:161} INFO - Started process (PID=1114) to work on /opt/airflow/dags/my_dag.py
[2025-11-01T02:45:00.270+0000] {processor.py:830} INFO - Processing file /opt/airflow/dags/my_dag.py for tasks to queue
[2025-11-01T02:45:00.273+0000] {logging_mixin.py:188} INFO - [2025-11-01T02:45:00.272+0000] {dagbag.py:538} INFO - Filling up the DagBag from /opt/airflow/dags/my_dag.py
[2025-11-01T02:45:01.334+0000] {processor.py:840} INFO - DAG(s) 'my_dag' retrieved from /opt/airflow/dags/my_dag.py
[2025-11-01T02:45:01.365+0000] {logging_mixin.py:188} INFO - [2025-11-01T02:45:01.364+0000] {dag.py:3036} INFO - Sync 1 DAGs
[2025-11-01T02:45:01.383+0000] {logging_mixin.py:188} INFO - [2025-11-01T02:45:01.383+0000] {dag.py:3823} INFO - Setting next_dagrun for my_dag to None, run_after=None
[2025-11-01T02:45:01.425+0000] {processor.py:183} INFO - Processing /opt/airflow/dags/my_dag.py took 1.167 seconds
[2025-11-01T02:45:33.843+0000] {processor.py:161} INFO - Started process (PID=1126) to work on /opt/airflow/dags/my_dag.py
[2025-11-01T02:45:33.847+0000] {processor.py:830} INFO - Processing file /opt/airflow/dags/my_dag.py for tasks to queue
[2025-11-01T02:45:33.850+0000] {logging_mixin.py:188} INFO - [2025-11-01T02:45:33.849+0000] {dagbag.py:538} INFO - Filling up the DagBag from /opt/airflow/dags/my_dag.py
[2025-11-01T02:45:36.884+0000] {processor.py:840} INFO - DAG(s) 'my_dag' retrieved from /opt/airflow/dags/my_dag.py
[2025-11-01T02:45:37.008+0000] {logging_mixin.py:188} INFO - [2025-11-01T02:45:37.005+0000] {dag.py:3036} INFO - Sync 1 DAGs
[2025-11-01T02:45:37.068+0000] {logging_mixin.py:188} INFO - [2025-11-01T02:45:37.067+0000] {dag.py:3823} INFO - Setting next_dagrun for my_dag to None, run_after=None
[2025-11-01T02:45:37.166+0000] {processor.py:183} INFO - Processing /opt/airflow/dags/my_dag.py took 3.340 seconds
[2025-11-01T02:46:07.641+0000] {processor.py:161} INFO - Started process (PID=1139) to work on /opt/airflow/dags/my_dag.py
[2025-11-01T02:46:07.645+0000] {processor.py:830} INFO - Processing file /opt/airflow/dags/my_dag.py for tasks to queue
[2025-11-01T02:46:07.648+0000] {logging_mixin.py:188} INFO - [2025-11-01T02:46:07.647+0000] {dagbag.py:538} INFO - Filling up the DagBag from /opt/airflow/dags/my_dag.py
[2025-11-01T02:46:08.726+0000] {processor.py:840} INFO - DAG(s) 'my_dag' retrieved from /opt/airflow/dags/my_dag.py
[2025-11-01T02:46:08.856+0000] {logging_mixin.py:188} INFO - [2025-11-01T02:46:08.855+0000] {dag.py:3036} INFO - Sync 1 DAGs
[2025-11-01T02:46:08.884+0000] {logging_mixin.py:188} INFO - [2025-11-01T02:46:08.883+0000] {dag.py:3823} INFO - Setting next_dagrun for my_dag to None, run_after=None
[2025-11-01T02:46:09.237+0000] {processor.py:183} INFO - Processing /opt/airflow/dags/my_dag.py took 1.608 seconds
[2025-11-01T02:46:39.663+0000] {processor.py:161} INFO - Started process (PID=1150) to work on /opt/airflow/dags/my_dag.py
[2025-11-01T02:46:39.668+0000] {processor.py:830} INFO - Processing file /opt/airflow/dags/my_dag.py for tasks to queue
[2025-11-01T02:46:39.673+0000] {logging_mixin.py:188} INFO - [2025-11-01T02:46:39.672+0000] {dagbag.py:538} INFO - Filling up the DagBag from /opt/airflow/dags/my_dag.py
[2025-11-01T02:46:40.665+0000] {processor.py:840} INFO - DAG(s) 'my_dag' retrieved from /opt/airflow/dags/my_dag.py
[2025-11-01T02:46:40.712+0000] {logging_mixin.py:188} INFO - [2025-11-01T02:46:40.712+0000] {dag.py:3036} INFO - Sync 1 DAGs
[2025-11-01T02:46:40.885+0000] {logging_mixin.py:188} INFO - [2025-11-01T02:46:40.885+0000] {dag.py:3823} INFO - Setting next_dagrun for my_dag to None, run_after=None
[2025-11-01T02:46:40.929+0000] {processor.py:183} INFO - Processing /opt/airflow/dags/my_dag.py took 1.294 seconds
[2025-11-01T02:47:11.081+0000] {processor.py:161} INFO - Started process (PID=1162) to work on /opt/airflow/dags/my_dag.py
[2025-11-01T02:47:11.084+0000] {processor.py:830} INFO - Processing file /opt/airflow/dags/my_dag.py for tasks to queue
[2025-11-01T02:47:11.086+0000] {logging_mixin.py:188} INFO - [2025-11-01T02:47:11.085+0000] {dagbag.py:538} INFO - Filling up the DagBag from /opt/airflow/dags/my_dag.py
[2025-11-01T02:47:11.945+0000] {processor.py:840} INFO - DAG(s) 'my_dag' retrieved from /opt/airflow/dags/my_dag.py
[2025-11-01T02:47:11.979+0000] {logging_mixin.py:188} INFO - [2025-11-01T02:47:11.978+0000] {dag.py:3036} INFO - Sync 1 DAGs
[2025-11-01T02:47:12.002+0000] {logging_mixin.py:188} INFO - [2025-11-01T02:47:12.001+0000] {dag.py:3823} INFO - Setting next_dagrun for my_dag to None, run_after=None
[2025-11-01T02:47:12.039+0000] {processor.py:183} INFO - Processing /opt/airflow/dags/my_dag.py took 0.965 seconds
[2025-11-01T02:47:43.228+0000] {processor.py:161} INFO - Started process (PID=1173) to work on /opt/airflow/dags/my_dag.py
[2025-11-01T02:47:43.231+0000] {processor.py:830} INFO - Processing file /opt/airflow/dags/my_dag.py for tasks to queue
[2025-11-01T02:47:43.234+0000] {logging_mixin.py:188} INFO - [2025-11-01T02:47:43.233+0000] {dagbag.py:538} INFO - Filling up the DagBag from /opt/airflow/dags/my_dag.py
[2025-11-01T02:47:44.567+0000] {processor.py:840} INFO - DAG(s) 'my_dag' retrieved from /opt/airflow/dags/my_dag.py
[2025-11-01T02:47:44.632+0000] {logging_mixin.py:188} INFO - [2025-11-01T02:47:44.631+0000] {dag.py:3036} INFO - Sync 1 DAGs
[2025-11-01T02:47:44.667+0000] {logging_mixin.py:188} INFO - [2025-11-01T02:47:44.667+0000] {dag.py:3823} INFO - Setting next_dagrun for my_dag to None, run_after=None
[2025-11-01T02:47:44.707+0000] {processor.py:183} INFO - Processing /opt/airflow/dags/my_dag.py took 1.495 seconds
[2025-11-01T02:48:15.995+0000] {processor.py:161} INFO - Started process (PID=1185) to work on /opt/airflow/dags/my_dag.py
[2025-11-01T02:48:15.997+0000] {processor.py:830} INFO - Processing file /opt/airflow/dags/my_dag.py for tasks to queue
[2025-11-01T02:48:15.999+0000] {logging_mixin.py:188} INFO - [2025-11-01T02:48:15.999+0000] {dagbag.py:538} INFO - Filling up the DagBag from /opt/airflow/dags/my_dag.py
[2025-11-01T02:48:16.833+0000] {processor.py:840} INFO - DAG(s) 'my_dag' retrieved from /opt/airflow/dags/my_dag.py
[2025-11-01T02:48:16.867+0000] {logging_mixin.py:188} INFO - [2025-11-01T02:48:16.866+0000] {dag.py:3036} INFO - Sync 1 DAGs
[2025-11-01T02:48:16.882+0000] {logging_mixin.py:188} INFO - [2025-11-01T02:48:16.881+0000] {dag.py:3823} INFO - Setting next_dagrun for my_dag to None, run_after=None
[2025-11-01T02:48:16.923+0000] {processor.py:183} INFO - Processing /opt/airflow/dags/my_dag.py took 0.938 seconds
[2025-11-01T02:48:49.074+0000] {processor.py:161} INFO - Started process (PID=1197) to work on /opt/airflow/dags/my_dag.py
[2025-11-01T02:48:49.077+0000] {processor.py:830} INFO - Processing file /opt/airflow/dags/my_dag.py for tasks to queue
[2025-11-01T02:48:49.080+0000] {logging_mixin.py:188} INFO - [2025-11-01T02:48:49.080+0000] {dagbag.py:538} INFO - Filling up the DagBag from /opt/airflow/dags/my_dag.py
[2025-11-01T02:48:50.152+0000] {processor.py:840} INFO - DAG(s) 'my_dag' retrieved from /opt/airflow/dags/my_dag.py
[2025-11-01T02:48:50.187+0000] {logging_mixin.py:188} INFO - [2025-11-01T02:48:50.187+0000] {dag.py:3036} INFO - Sync 1 DAGs
[2025-11-01T02:48:50.210+0000] {logging_mixin.py:188} INFO - [2025-11-01T02:48:50.209+0000] {dag.py:3823} INFO - Setting next_dagrun for my_dag to None, run_after=None
[2025-11-01T02:48:50.262+0000] {processor.py:183} INFO - Processing /opt/airflow/dags/my_dag.py took 1.200 seconds
[2025-11-01T02:49:22.084+0000] {processor.py:161} INFO - Started process (PID=1209) to work on /opt/airflow/dags/my_dag.py
[2025-11-01T02:49:22.086+0000] {processor.py:830} INFO - Processing file /opt/airflow/dags/my_dag.py for tasks to queue
[2025-11-01T02:49:22.094+0000] {logging_mixin.py:188} INFO - [2025-11-01T02:49:22.094+0000] {dagbag.py:538} INFO - Filling up the DagBag from /opt/airflow/dags/my_dag.py
[2025-11-01T02:49:23.473+0000] {processor.py:840} INFO - DAG(s) 'my_dag' retrieved from /opt/airflow/dags/my_dag.py
[2025-11-01T02:49:23.538+0000] {logging_mixin.py:188} INFO - [2025-11-01T02:49:23.536+0000] {dag.py:3036} INFO - Sync 1 DAGs
[2025-11-01T02:49:23.566+0000] {logging_mixin.py:188} INFO - [2025-11-01T02:49:23.565+0000] {dag.py:3823} INFO - Setting next_dagrun for my_dag to None, run_after=None
[2025-11-01T02:49:23.615+0000] {processor.py:183} INFO - Processing /opt/airflow/dags/my_dag.py took 1.543 seconds
[2025-11-01T02:49:54.357+0000] {processor.py:161} INFO - Started process (PID=1220) to work on /opt/airflow/dags/my_dag.py
[2025-11-01T02:49:54.360+0000] {processor.py:830} INFO - Processing file /opt/airflow/dags/my_dag.py for tasks to queue
[2025-11-01T02:49:54.363+0000] {logging_mixin.py:188} INFO - [2025-11-01T02:49:54.362+0000] {dagbag.py:538} INFO - Filling up the DagBag from /opt/airflow/dags/my_dag.py
[2025-11-01T02:49:55.429+0000] {processor.py:840} INFO - DAG(s) 'my_dag' retrieved from /opt/airflow/dags/my_dag.py
[2025-11-01T02:49:55.464+0000] {logging_mixin.py:188} INFO - [2025-11-01T02:49:55.463+0000] {dag.py:3036} INFO - Sync 1 DAGs
[2025-11-01T02:49:55.478+0000] {logging_mixin.py:188} INFO - [2025-11-01T02:49:55.477+0000] {dag.py:3823} INFO - Setting next_dagrun for my_dag to None, run_after=None
[2025-11-01T02:49:55.525+0000] {processor.py:183} INFO - Processing /opt/airflow/dags/my_dag.py took 1.180 seconds
[2025-11-01T02:50:27.779+0000] {processor.py:161} INFO - Started process (PID=1232) to work on /opt/airflow/dags/my_dag.py
[2025-11-01T02:50:27.782+0000] {processor.py:830} INFO - Processing file /opt/airflow/dags/my_dag.py for tasks to queue
[2025-11-01T02:50:27.785+0000] {logging_mixin.py:188} INFO - [2025-11-01T02:50:27.784+0000] {dagbag.py:538} INFO - Filling up the DagBag from /opt/airflow/dags/my_dag.py
[2025-11-01T02:50:28.932+0000] {processor.py:840} INFO - DAG(s) 'my_dag' retrieved from /opt/airflow/dags/my_dag.py
[2025-11-01T02:50:28.972+0000] {logging_mixin.py:188} INFO - [2025-11-01T02:50:28.972+0000] {dag.py:3036} INFO - Sync 1 DAGs
[2025-11-01T02:50:28.990+0000] {logging_mixin.py:188} INFO - [2025-11-01T02:50:28.989+0000] {dag.py:3823} INFO - Setting next_dagrun for my_dag to None, run_after=None
[2025-11-01T02:50:29.028+0000] {processor.py:183} INFO - Processing /opt/airflow/dags/my_dag.py took 1.273 seconds
[2025-11-01T02:51:00.836+0000] {processor.py:161} INFO - Started process (PID=1245) to work on /opt/airflow/dags/my_dag.py
[2025-11-01T02:51:00.839+0000] {processor.py:830} INFO - Processing file /opt/airflow/dags/my_dag.py for tasks to queue
[2025-11-01T02:51:00.842+0000] {logging_mixin.py:188} INFO - [2025-11-01T02:51:00.841+0000] {dagbag.py:538} INFO - Filling up the DagBag from /opt/airflow/dags/my_dag.py
[2025-11-01T02:51:02.289+0000] {processor.py:840} INFO - DAG(s) 'my_dag' retrieved from /opt/airflow/dags/my_dag.py
[2025-11-01T02:51:02.339+0000] {logging_mixin.py:188} INFO - [2025-11-01T02:51:02.338+0000] {dag.py:3036} INFO - Sync 1 DAGs
[2025-11-01T02:51:02.368+0000] {logging_mixin.py:188} INFO - [2025-11-01T02:51:02.367+0000] {dag.py:3823} INFO - Setting next_dagrun for my_dag to None, run_after=None
[2025-11-01T02:51:02.416+0000] {processor.py:183} INFO - Processing /opt/airflow/dags/my_dag.py took 1.590 seconds
[2025-11-01T02:51:32.619+0000] {processor.py:161} INFO - Started process (PID=1258) to work on /opt/airflow/dags/my_dag.py
[2025-11-01T02:51:32.621+0000] {processor.py:830} INFO - Processing file /opt/airflow/dags/my_dag.py for tasks to queue
[2025-11-01T02:51:32.623+0000] {logging_mixin.py:188} INFO - [2025-11-01T02:51:32.622+0000] {dagbag.py:538} INFO - Filling up the DagBag from /opt/airflow/dags/my_dag.py
[2025-11-01T02:51:33.684+0000] {processor.py:840} INFO - DAG(s) 'my_dag' retrieved from /opt/airflow/dags/my_dag.py
[2025-11-01T02:51:33.749+0000] {logging_mixin.py:188} INFO - [2025-11-01T02:51:33.748+0000] {dag.py:3036} INFO - Sync 1 DAGs
[2025-11-01T02:51:33.767+0000] {logging_mixin.py:188} INFO - [2025-11-01T02:51:33.767+0000] {dag.py:3823} INFO - Setting next_dagrun for my_dag to None, run_after=None
[2025-11-01T02:51:33.799+0000] {processor.py:183} INFO - Processing /opt/airflow/dags/my_dag.py took 1.193 seconds
[2025-11-01T02:52:05.966+0000] {processor.py:161} INFO - Started process (PID=1269) to work on /opt/airflow/dags/my_dag.py
[2025-11-01T02:52:05.969+0000] {processor.py:830} INFO - Processing file /opt/airflow/dags/my_dag.py for tasks to queue
[2025-11-01T02:52:05.971+0000] {logging_mixin.py:188} INFO - [2025-11-01T02:52:05.971+0000] {dagbag.py:538} INFO - Filling up the DagBag from /opt/airflow/dags/my_dag.py
[2025-11-01T02:52:07.041+0000] {processor.py:840} INFO - DAG(s) 'my_dag' retrieved from /opt/airflow/dags/my_dag.py
[2025-11-01T02:52:07.082+0000] {logging_mixin.py:188} INFO - [2025-11-01T02:52:07.080+0000] {dag.py:3036} INFO - Sync 1 DAGs
[2025-11-01T02:52:07.097+0000] {logging_mixin.py:188} INFO - [2025-11-01T02:52:07.097+0000] {dag.py:3823} INFO - Setting next_dagrun for my_dag to None, run_after=None
[2025-11-01T02:52:07.169+0000] {processor.py:183} INFO - Processing /opt/airflow/dags/my_dag.py took 1.215 seconds
[2025-11-01T02:52:39.486+0000] {processor.py:161} INFO - Started process (PID=1281) to work on /opt/airflow/dags/my_dag.py
[2025-11-01T02:52:39.505+0000] {processor.py:830} INFO - Processing file /opt/airflow/dags/my_dag.py for tasks to queue
[2025-11-01T02:52:39.508+0000] {logging_mixin.py:188} INFO - [2025-11-01T02:52:39.507+0000] {dagbag.py:538} INFO - Filling up the DagBag from /opt/airflow/dags/my_dag.py
[2025-11-01T02:52:41.209+0000] {processor.py:840} INFO - DAG(s) 'my_dag' retrieved from /opt/airflow/dags/my_dag.py
[2025-11-01T02:52:41.247+0000] {logging_mixin.py:188} INFO - [2025-11-01T02:52:41.246+0000] {dag.py:3036} INFO - Sync 1 DAGs
[2025-11-01T02:52:41.263+0000] {logging_mixin.py:188} INFO - [2025-11-01T02:52:41.262+0000] {dag.py:3823} INFO - Setting next_dagrun for my_dag to None, run_after=None
[2025-11-01T02:52:41.326+0000] {processor.py:183} INFO - Processing /opt/airflow/dags/my_dag.py took 1.867 seconds
[2025-11-01T02:53:11.753+0000] {processor.py:161} INFO - Started process (PID=1294) to work on /opt/airflow/dags/my_dag.py
[2025-11-01T02:53:11.756+0000] {processor.py:830} INFO - Processing file /opt/airflow/dags/my_dag.py for tasks to queue
[2025-11-01T02:53:11.759+0000] {logging_mixin.py:188} INFO - [2025-11-01T02:53:11.758+0000] {dagbag.py:538} INFO - Filling up the DagBag from /opt/airflow/dags/my_dag.py
[2025-11-01T02:53:13.662+0000] {processor.py:840} INFO - DAG(s) 'my_dag' retrieved from /opt/airflow/dags/my_dag.py
[2025-11-01T02:53:13.701+0000] {logging_mixin.py:188} INFO - [2025-11-01T02:53:13.701+0000] {dag.py:3036} INFO - Sync 1 DAGs
[2025-11-01T02:53:13.719+0000] {logging_mixin.py:188} INFO - [2025-11-01T02:53:13.719+0000] {dag.py:3823} INFO - Setting next_dagrun for my_dag to None, run_after=None
[2025-11-01T02:53:13.769+0000] {processor.py:183} INFO - Processing /opt/airflow/dags/my_dag.py took 2.031 seconds
[2025-11-01T02:53:44.485+0000] {processor.py:161} INFO - Started process (PID=1306) to work on /opt/airflow/dags/my_dag.py
[2025-11-01T02:53:44.487+0000] {processor.py:830} INFO - Processing file /opt/airflow/dags/my_dag.py for tasks to queue
[2025-11-01T02:53:44.489+0000] {logging_mixin.py:188} INFO - [2025-11-01T02:53:44.488+0000] {dagbag.py:538} INFO - Filling up the DagBag from /opt/airflow/dags/my_dag.py
[2025-11-01T02:53:45.371+0000] {processor.py:840} INFO - DAG(s) 'my_dag' retrieved from /opt/airflow/dags/my_dag.py
[2025-11-01T02:53:45.422+0000] {logging_mixin.py:188} INFO - [2025-11-01T02:53:45.421+0000] {dag.py:3036} INFO - Sync 1 DAGs
[2025-11-01T02:53:45.447+0000] {logging_mixin.py:188} INFO - [2025-11-01T02:53:45.446+0000] {dag.py:3823} INFO - Setting next_dagrun for my_dag to None, run_after=None
[2025-11-01T02:53:45.481+0000] {processor.py:183} INFO - Processing /opt/airflow/dags/my_dag.py took 1.002 seconds
[2025-11-01T02:54:16.834+0000] {processor.py:161} INFO - Started process (PID=1317) to work on /opt/airflow/dags/my_dag.py
[2025-11-01T02:54:16.836+0000] {processor.py:830} INFO - Processing file /opt/airflow/dags/my_dag.py for tasks to queue
[2025-11-01T02:54:16.838+0000] {logging_mixin.py:188} INFO - [2025-11-01T02:54:16.838+0000] {dagbag.py:538} INFO - Filling up the DagBag from /opt/airflow/dags/my_dag.py
[2025-11-01T02:54:18.947+0000] {processor.py:840} INFO - DAG(s) 'my_dag' retrieved from /opt/airflow/dags/my_dag.py
[2025-11-01T02:54:19.022+0000] {logging_mixin.py:188} INFO - [2025-11-01T02:54:19.021+0000] {dag.py:3036} INFO - Sync 1 DAGs
[2025-11-01T02:54:19.046+0000] {logging_mixin.py:188} INFO - [2025-11-01T02:54:19.046+0000] {dag.py:3823} INFO - Setting next_dagrun for my_dag to None, run_after=None
[2025-11-01T02:54:19.086+0000] {processor.py:183} INFO - Processing /opt/airflow/dags/my_dag.py took 2.266 seconds
[2025-11-01T02:54:49.973+0000] {processor.py:161} INFO - Started process (PID=1331) to work on /opt/airflow/dags/my_dag.py
[2025-11-01T02:54:49.975+0000] {processor.py:830} INFO - Processing file /opt/airflow/dags/my_dag.py for tasks to queue
[2025-11-01T02:54:49.977+0000] {logging_mixin.py:188} INFO - [2025-11-01T02:54:49.976+0000] {dagbag.py:538} INFO - Filling up the DagBag from /opt/airflow/dags/my_dag.py
[2025-11-01T02:54:50.827+0000] {processor.py:840} INFO - DAG(s) 'my_dag' retrieved from /opt/airflow/dags/my_dag.py
[2025-11-01T02:54:50.858+0000] {logging_mixin.py:188} INFO - [2025-11-01T02:54:50.857+0000] {dag.py:3036} INFO - Sync 1 DAGs
[2025-11-01T02:54:50.873+0000] {logging_mixin.py:188} INFO - [2025-11-01T02:54:50.872+0000] {dag.py:3823} INFO - Setting next_dagrun for my_dag to None, run_after=None
[2025-11-01T02:54:50.912+0000] {processor.py:183} INFO - Processing /opt/airflow/dags/my_dag.py took 0.945 seconds
[2025-11-01T02:55:21.832+0000] {processor.py:161} INFO - Started process (PID=1342) to work on /opt/airflow/dags/my_dag.py
[2025-11-01T02:55:21.835+0000] {processor.py:830} INFO - Processing file /opt/airflow/dags/my_dag.py for tasks to queue
[2025-11-01T02:55:21.837+0000] {logging_mixin.py:188} INFO - [2025-11-01T02:55:21.836+0000] {dagbag.py:538} INFO - Filling up the DagBag from /opt/airflow/dags/my_dag.py
[2025-11-01T02:55:22.688+0000] {processor.py:840} INFO - DAG(s) 'my_dag' retrieved from /opt/airflow/dags/my_dag.py
[2025-11-01T02:55:22.732+0000] {logging_mixin.py:188} INFO - [2025-11-01T02:55:22.731+0000] {dag.py:3036} INFO - Sync 1 DAGs
[2025-11-01T02:55:22.747+0000] {logging_mixin.py:188} INFO - [2025-11-01T02:55:22.747+0000] {dag.py:3823} INFO - Setting next_dagrun for my_dag to None, run_after=None
[2025-11-01T02:55:22.782+0000] {processor.py:183} INFO - Processing /opt/airflow/dags/my_dag.py took 0.959 seconds
[2025-11-01T02:55:55.025+0000] {processor.py:161} INFO - Started process (PID=1354) to work on /opt/airflow/dags/my_dag.py
[2025-11-01T02:55:55.029+0000] {processor.py:830} INFO - Processing file /opt/airflow/dags/my_dag.py for tasks to queue
[2025-11-01T02:55:55.034+0000] {logging_mixin.py:188} INFO - [2025-11-01T02:55:55.033+0000] {dagbag.py:538} INFO - Filling up the DagBag from /opt/airflow/dags/my_dag.py
[2025-11-01T02:55:55.793+0000] {processor.py:840} INFO - DAG(s) 'my_dag' retrieved from /opt/airflow/dags/my_dag.py
[2025-11-01T02:55:55.825+0000] {logging_mixin.py:188} INFO - [2025-11-01T02:55:55.824+0000] {dag.py:3036} INFO - Sync 1 DAGs
[2025-11-01T02:55:55.852+0000] {logging_mixin.py:188} INFO - [2025-11-01T02:55:55.852+0000] {dag.py:3823} INFO - Setting next_dagrun for my_dag to None, run_after=None
[2025-11-01T02:55:56.178+0000] {processor.py:183} INFO - Processing /opt/airflow/dags/my_dag.py took 1.162 seconds
[2025-11-01T02:56:26.931+0000] {processor.py:161} INFO - Started process (PID=1366) to work on /opt/airflow/dags/my_dag.py
[2025-11-01T02:56:26.934+0000] {processor.py:830} INFO - Processing file /opt/airflow/dags/my_dag.py for tasks to queue
[2025-11-01T02:56:26.936+0000] {logging_mixin.py:188} INFO - [2025-11-01T02:56:26.935+0000] {dagbag.py:538} INFO - Filling up the DagBag from /opt/airflow/dags/my_dag.py
[2025-11-01T02:56:27.771+0000] {processor.py:840} INFO - DAG(s) 'my_dag' retrieved from /opt/airflow/dags/my_dag.py
[2025-11-01T02:56:27.826+0000] {logging_mixin.py:188} INFO - [2025-11-01T02:56:27.824+0000] {dag.py:3036} INFO - Sync 1 DAGs
[2025-11-01T02:56:27.842+0000] {logging_mixin.py:188} INFO - [2025-11-01T02:56:27.842+0000] {dag.py:3823} INFO - Setting next_dagrun for my_dag to None, run_after=None
[2025-11-01T02:56:27.889+0000] {processor.py:183} INFO - Processing /opt/airflow/dags/my_dag.py took 0.966 seconds
[2025-11-01T02:56:59.936+0000] {processor.py:161} INFO - Started process (PID=1378) to work on /opt/airflow/dags/my_dag.py
[2025-11-01T02:56:59.938+0000] {processor.py:830} INFO - Processing file /opt/airflow/dags/my_dag.py for tasks to queue
[2025-11-01T02:56:59.940+0000] {logging_mixin.py:188} INFO - [2025-11-01T02:56:59.939+0000] {dagbag.py:538} INFO - Filling up the DagBag from /opt/airflow/dags/my_dag.py
[2025-11-01T02:57:00.713+0000] {processor.py:840} INFO - DAG(s) 'my_dag' retrieved from /opt/airflow/dags/my_dag.py
[2025-11-01T02:57:00.745+0000] {logging_mixin.py:188} INFO - [2025-11-01T02:57:00.744+0000] {dag.py:3036} INFO - Sync 1 DAGs
[2025-11-01T02:57:00.759+0000] {logging_mixin.py:188} INFO - [2025-11-01T02:57:00.759+0000] {dag.py:3823} INFO - Setting next_dagrun for my_dag to None, run_after=None
[2025-11-01T02:57:00.790+0000] {processor.py:183} INFO - Processing /opt/airflow/dags/my_dag.py took 0.861 seconds
[2025-11-01T02:57:33.071+0000] {processor.py:161} INFO - Started process (PID=1390) to work on /opt/airflow/dags/my_dag.py
[2025-11-01T02:57:33.074+0000] {processor.py:830} INFO - Processing file /opt/airflow/dags/my_dag.py for tasks to queue
[2025-11-01T02:57:33.077+0000] {logging_mixin.py:188} INFO - [2025-11-01T02:57:33.076+0000] {dagbag.py:538} INFO - Filling up the DagBag from /opt/airflow/dags/my_dag.py
[2025-11-01T02:57:33.806+0000] {processor.py:840} INFO - DAG(s) 'my_dag' retrieved from /opt/airflow/dags/my_dag.py
[2025-11-01T02:57:33.836+0000] {logging_mixin.py:188} INFO - [2025-11-01T02:57:33.835+0000] {dag.py:3036} INFO - Sync 1 DAGs
[2025-11-01T02:57:33.850+0000] {logging_mixin.py:188} INFO - [2025-11-01T02:57:33.850+0000] {dag.py:3823} INFO - Setting next_dagrun for my_dag to None, run_after=None
[2025-11-01T02:57:33.883+0000] {processor.py:183} INFO - Processing /opt/airflow/dags/my_dag.py took 0.820 seconds
[2025-11-01T02:58:05.516+0000] {processor.py:161} INFO - Started process (PID=1402) to work on /opt/airflow/dags/my_dag.py
[2025-11-01T02:58:05.519+0000] {processor.py:830} INFO - Processing file /opt/airflow/dags/my_dag.py for tasks to queue
[2025-11-01T02:58:05.522+0000] {logging_mixin.py:188} INFO - [2025-11-01T02:58:05.521+0000] {dagbag.py:538} INFO - Filling up the DagBag from /opt/airflow/dags/my_dag.py
[2025-11-01T02:58:06.293+0000] {processor.py:840} INFO - DAG(s) 'my_dag' retrieved from /opt/airflow/dags/my_dag.py
[2025-11-01T02:58:06.329+0000] {logging_mixin.py:188} INFO - [2025-11-01T02:58:06.328+0000] {dag.py:3036} INFO - Sync 1 DAGs
[2025-11-01T02:58:06.352+0000] {logging_mixin.py:188} INFO - [2025-11-01T02:58:06.351+0000] {dag.py:3823} INFO - Setting next_dagrun for my_dag to None, run_after=None
[2025-11-01T02:58:06.383+0000] {processor.py:183} INFO - Processing /opt/airflow/dags/my_dag.py took 0.876 seconds
[2025-11-01T02:58:37.811+0000] {processor.py:161} INFO - Started process (PID=1414) to work on /opt/airflow/dags/my_dag.py
[2025-11-01T02:58:37.813+0000] {processor.py:830} INFO - Processing file /opt/airflow/dags/my_dag.py for tasks to queue
[2025-11-01T02:58:37.815+0000] {logging_mixin.py:188} INFO - [2025-11-01T02:58:37.815+0000] {dagbag.py:538} INFO - Filling up the DagBag from /opt/airflow/dags/my_dag.py
[2025-11-01T02:58:38.871+0000] {processor.py:840} INFO - DAG(s) 'my_dag' retrieved from /opt/airflow/dags/my_dag.py
[2025-11-01T02:58:38.911+0000] {logging_mixin.py:188} INFO - [2025-11-01T02:58:38.910+0000] {dag.py:3036} INFO - Sync 1 DAGs
[2025-11-01T02:58:38.926+0000] {logging_mixin.py:188} INFO - [2025-11-01T02:58:38.926+0000] {dag.py:3823} INFO - Setting next_dagrun for my_dag to None, run_after=None
[2025-11-01T02:58:38.956+0000] {processor.py:183} INFO - Processing /opt/airflow/dags/my_dag.py took 1.153 seconds
[2025-11-01T02:59:10.999+0000] {processor.py:161} INFO - Started process (PID=1426) to work on /opt/airflow/dags/my_dag.py
[2025-11-01T02:59:11.002+0000] {processor.py:830} INFO - Processing file /opt/airflow/dags/my_dag.py for tasks to queue
[2025-11-01T02:59:11.003+0000] {logging_mixin.py:188} INFO - [2025-11-01T02:59:11.003+0000] {dagbag.py:538} INFO - Filling up the DagBag from /opt/airflow/dags/my_dag.py
[2025-11-01T02:59:11.759+0000] {processor.py:840} INFO - DAG(s) 'my_dag' retrieved from /opt/airflow/dags/my_dag.py
[2025-11-01T02:59:11.794+0000] {logging_mixin.py:188} INFO - [2025-11-01T02:59:11.794+0000] {dag.py:3036} INFO - Sync 1 DAGs
[2025-11-01T02:59:11.809+0000] {logging_mixin.py:188} INFO - [2025-11-01T02:59:11.809+0000] {dag.py:3823} INFO - Setting next_dagrun for my_dag to None, run_after=None
[2025-11-01T02:59:11.844+0000] {processor.py:183} INFO - Processing /opt/airflow/dags/my_dag.py took 0.854 seconds
[2025-11-01T02:59:43.841+0000] {processor.py:161} INFO - Started process (PID=1438) to work on /opt/airflow/dags/my_dag.py
[2025-11-01T02:59:43.843+0000] {processor.py:830} INFO - Processing file /opt/airflow/dags/my_dag.py for tasks to queue
[2025-11-01T02:59:43.846+0000] {logging_mixin.py:188} INFO - [2025-11-01T02:59:43.844+0000] {dagbag.py:538} INFO - Filling up the DagBag from /opt/airflow/dags/my_dag.py
[2025-11-01T02:59:44.575+0000] {processor.py:840} INFO - DAG(s) 'my_dag' retrieved from /opt/airflow/dags/my_dag.py
[2025-11-01T02:59:44.605+0000] {logging_mixin.py:188} INFO - [2025-11-01T02:59:44.604+0000] {dag.py:3036} INFO - Sync 1 DAGs
[2025-11-01T02:59:44.619+0000] {logging_mixin.py:188} INFO - [2025-11-01T02:59:44.619+0000] {dag.py:3823} INFO - Setting next_dagrun for my_dag to None, run_after=None
[2025-11-01T02:59:44.656+0000] {processor.py:183} INFO - Processing /opt/airflow/dags/my_dag.py took 0.823 seconds
[2025-11-01T03:00:16.122+0000] {processor.py:161} INFO - Started process (PID=1450) to work on /opt/airflow/dags/my_dag.py
[2025-11-01T03:00:16.125+0000] {processor.py:830} INFO - Processing file /opt/airflow/dags/my_dag.py for tasks to queue
[2025-11-01T03:00:16.127+0000] {logging_mixin.py:188} INFO - [2025-11-01T03:00:16.126+0000] {dagbag.py:538} INFO - Filling up the DagBag from /opt/airflow/dags/my_dag.py
[2025-11-01T03:00:16.851+0000] {processor.py:840} INFO - DAG(s) 'my_dag' retrieved from /opt/airflow/dags/my_dag.py
[2025-11-01T03:00:16.887+0000] {logging_mixin.py:188} INFO - [2025-11-01T03:00:16.886+0000] {dag.py:3036} INFO - Sync 1 DAGs
[2025-11-01T03:00:16.902+0000] {logging_mixin.py:188} INFO - [2025-11-01T03:00:16.902+0000] {dag.py:3823} INFO - Setting next_dagrun for my_dag to None, run_after=None
[2025-11-01T03:00:16.932+0000] {processor.py:183} INFO - Processing /opt/airflow/dags/my_dag.py took 0.817 seconds
[2025-11-01T03:00:49.595+0000] {processor.py:161} INFO - Started process (PID=1462) to work on /opt/airflow/dags/my_dag.py
[2025-11-01T03:00:49.597+0000] {processor.py:830} INFO - Processing file /opt/airflow/dags/my_dag.py for tasks to queue
[2025-11-01T03:00:49.601+0000] {logging_mixin.py:188} INFO - [2025-11-01T03:00:49.600+0000] {dagbag.py:538} INFO - Filling up the DagBag from /opt/airflow/dags/my_dag.py
[2025-11-01T03:00:50.497+0000] {processor.py:840} INFO - DAG(s) 'my_dag' retrieved from /opt/airflow/dags/my_dag.py
[2025-11-01T03:00:50.565+0000] {logging_mixin.py:188} INFO - [2025-11-01T03:00:50.564+0000] {dag.py:3036} INFO - Sync 1 DAGs
[2025-11-01T03:00:50.590+0000] {logging_mixin.py:188} INFO - [2025-11-01T03:00:50.590+0000] {dag.py:3823} INFO - Setting next_dagrun for my_dag to None, run_after=None
[2025-11-01T03:00:50.633+0000] {processor.py:183} INFO - Processing /opt/airflow/dags/my_dag.py took 1.045 seconds
[2025-11-01T03:01:22.027+0000] {processor.py:161} INFO - Started process (PID=1474) to work on /opt/airflow/dags/my_dag.py
[2025-11-01T03:01:22.052+0000] {processor.py:830} INFO - Processing file /opt/airflow/dags/my_dag.py for tasks to queue
[2025-11-01T03:01:22.059+0000] {logging_mixin.py:188} INFO - [2025-11-01T03:01:22.058+0000] {dagbag.py:538} INFO - Filling up the DagBag from /opt/airflow/dags/my_dag.py
[2025-11-01T03:01:23.870+0000] {processor.py:840} INFO - DAG(s) 'my_dag' retrieved from /opt/airflow/dags/my_dag.py
[2025-11-01T03:01:24.037+0000] {logging_mixin.py:188} INFO - [2025-11-01T03:01:24.033+0000] {dag.py:3036} INFO - Sync 1 DAGs
[2025-11-01T03:01:24.097+0000] {logging_mixin.py:188} INFO - [2025-11-01T03:01:24.096+0000] {dag.py:3823} INFO - Setting next_dagrun for my_dag to None, run_after=None
[2025-11-01T03:01:24.195+0000] {processor.py:183} INFO - Processing /opt/airflow/dags/my_dag.py took 2.177 seconds
[2025-11-01T03:01:54.816+0000] {processor.py:161} INFO - Started process (PID=1487) to work on /opt/airflow/dags/my_dag.py
[2025-11-01T03:01:54.818+0000] {processor.py:830} INFO - Processing file /opt/airflow/dags/my_dag.py for tasks to queue
[2025-11-01T03:01:54.820+0000] {logging_mixin.py:188} INFO - [2025-11-01T03:01:54.819+0000] {dagbag.py:538} INFO - Filling up the DagBag from /opt/airflow/dags/my_dag.py
[2025-11-01T03:01:55.567+0000] {processor.py:840} INFO - DAG(s) 'my_dag' retrieved from /opt/airflow/dags/my_dag.py
[2025-11-01T03:01:55.597+0000] {logging_mixin.py:188} INFO - [2025-11-01T03:01:55.596+0000] {dag.py:3036} INFO - Sync 1 DAGs
[2025-11-01T03:01:55.611+0000] {logging_mixin.py:188} INFO - [2025-11-01T03:01:55.611+0000] {dag.py:3823} INFO - Setting next_dagrun for my_dag to None, run_after=None
[2025-11-01T03:01:55.640+0000] {processor.py:183} INFO - Processing /opt/airflow/dags/my_dag.py took 0.830 seconds
[2025-11-01T03:02:27.903+0000] {processor.py:161} INFO - Started process (PID=1498) to work on /opt/airflow/dags/my_dag.py
[2025-11-01T03:02:27.908+0000] {processor.py:830} INFO - Processing file /opt/airflow/dags/my_dag.py for tasks to queue
[2025-11-01T03:02:27.921+0000] {logging_mixin.py:188} INFO - [2025-11-01T03:02:27.921+0000] {dagbag.py:538} INFO - Filling up the DagBag from /opt/airflow/dags/my_dag.py
[2025-11-01T03:02:29.644+0000] {processor.py:840} INFO - DAG(s) 'my_dag' retrieved from /opt/airflow/dags/my_dag.py
[2025-11-01T03:02:29.698+0000] {logging_mixin.py:188} INFO - [2025-11-01T03:02:29.697+0000] {dag.py:3036} INFO - Sync 1 DAGs
[2025-11-01T03:02:29.727+0000] {logging_mixin.py:188} INFO - [2025-11-01T03:02:29.727+0000] {dag.py:3823} INFO - Setting next_dagrun for my_dag to None, run_after=None
[2025-11-01T03:02:29.797+0000] {processor.py:183} INFO - Processing /opt/airflow/dags/my_dag.py took 1.909 seconds
[2025-11-01T03:03:00.470+0000] {processor.py:161} INFO - Started process (PID=1511) to work on /opt/airflow/dags/my_dag.py
[2025-11-01T03:03:00.472+0000] {processor.py:830} INFO - Processing file /opt/airflow/dags/my_dag.py for tasks to queue
[2025-11-01T03:03:00.474+0000] {logging_mixin.py:188} INFO - [2025-11-01T03:03:00.474+0000] {dagbag.py:538} INFO - Filling up the DagBag from /opt/airflow/dags/my_dag.py
[2025-11-01T03:03:01.551+0000] {processor.py:840} INFO - DAG(s) 'my_dag' retrieved from /opt/airflow/dags/my_dag.py
[2025-11-01T03:03:01.646+0000] {logging_mixin.py:188} INFO - [2025-11-01T03:03:01.645+0000] {dag.py:3036} INFO - Sync 1 DAGs
[2025-11-01T03:03:01.664+0000] {logging_mixin.py:188} INFO - [2025-11-01T03:03:01.664+0000] {dag.py:3823} INFO - Setting next_dagrun for my_dag to None, run_after=None
[2025-11-01T03:03:01.710+0000] {processor.py:183} INFO - Processing /opt/airflow/dags/my_dag.py took 1.246 seconds
[2025-11-01T03:03:35.022+0000] {processor.py:161} INFO - Started process (PID=1522) to work on /opt/airflow/dags/my_dag.py
[2025-11-01T03:03:35.024+0000] {processor.py:830} INFO - Processing file /opt/airflow/dags/my_dag.py for tasks to queue
[2025-11-01T03:03:35.028+0000] {logging_mixin.py:188} INFO - [2025-11-01T03:03:35.026+0000] {dagbag.py:538} INFO - Filling up the DagBag from /opt/airflow/dags/my_dag.py
[2025-11-01T03:03:36.535+0000] {processor.py:840} INFO - DAG(s) 'my_dag' retrieved from /opt/airflow/dags/my_dag.py
[2025-11-01T03:03:36.611+0000] {logging_mixin.py:188} INFO - [2025-11-01T03:03:36.610+0000] {dag.py:3036} INFO - Sync 1 DAGs
[2025-11-01T03:03:36.627+0000] {logging_mixin.py:188} INFO - [2025-11-01T03:03:36.626+0000] {dag.py:3823} INFO - Setting next_dagrun for my_dag to None, run_after=None
[2025-11-01T03:03:36.722+0000] {processor.py:183} INFO - Processing /opt/airflow/dags/my_dag.py took 1.712 seconds
[2025-11-01T03:04:06.910+0000] {processor.py:161} INFO - Started process (PID=1536) to work on /opt/airflow/dags/my_dag.py
[2025-11-01T03:04:06.912+0000] {processor.py:830} INFO - Processing file /opt/airflow/dags/my_dag.py for tasks to queue
[2025-11-01T03:04:06.914+0000] {logging_mixin.py:188} INFO - [2025-11-01T03:04:06.913+0000] {dagbag.py:538} INFO - Filling up the DagBag from /opt/airflow/dags/my_dag.py
[2025-11-01T03:04:07.743+0000] {processor.py:840} INFO - DAG(s) 'my_dag' retrieved from /opt/airflow/dags/my_dag.py
[2025-11-01T03:04:07.781+0000] {logging_mixin.py:188} INFO - [2025-11-01T03:04:07.780+0000] {dag.py:3036} INFO - Sync 1 DAGs
[2025-11-01T03:04:07.818+0000] {logging_mixin.py:188} INFO - [2025-11-01T03:04:07.818+0000] {dag.py:3823} INFO - Setting next_dagrun for my_dag to None, run_after=None
[2025-11-01T03:04:07.875+0000] {processor.py:183} INFO - Processing /opt/airflow/dags/my_dag.py took 0.972 seconds
[2025-11-01T03:04:39.283+0000] {processor.py:161} INFO - Started process (PID=1547) to work on /opt/airflow/dags/my_dag.py
[2025-11-01T03:04:39.286+0000] {processor.py:830} INFO - Processing file /opt/airflow/dags/my_dag.py for tasks to queue
[2025-11-01T03:04:39.290+0000] {logging_mixin.py:188} INFO - [2025-11-01T03:04:39.289+0000] {dagbag.py:538} INFO - Filling up the DagBag from /opt/airflow/dags/my_dag.py
[2025-11-01T03:04:40.569+0000] {processor.py:840} INFO - DAG(s) 'my_dag' retrieved from /opt/airflow/dags/my_dag.py
[2025-11-01T03:04:40.610+0000] {logging_mixin.py:188} INFO - [2025-11-01T03:04:40.608+0000] {dag.py:3036} INFO - Sync 1 DAGs
[2025-11-01T03:04:40.641+0000] {logging_mixin.py:188} INFO - [2025-11-01T03:04:40.641+0000] {dag.py:3823} INFO - Setting next_dagrun for my_dag to None, run_after=None
[2025-11-01T03:04:40.738+0000] {processor.py:183} INFO - Processing /opt/airflow/dags/my_dag.py took 1.469 seconds
[2025-11-01T03:05:11.819+0000] {processor.py:161} INFO - Started process (PID=1559) to work on /opt/airflow/dags/my_dag.py
[2025-11-01T03:05:11.822+0000] {processor.py:830} INFO - Processing file /opt/airflow/dags/my_dag.py for tasks to queue
[2025-11-01T03:05:11.825+0000] {logging_mixin.py:188} INFO - [2025-11-01T03:05:11.825+0000] {dagbag.py:538} INFO - Filling up the DagBag from /opt/airflow/dags/my_dag.py
[2025-11-01T03:05:13.106+0000] {processor.py:840} INFO - DAG(s) 'my_dag' retrieved from /opt/airflow/dags/my_dag.py
[2025-11-01T03:05:13.185+0000] {logging_mixin.py:188} INFO - [2025-11-01T03:05:13.184+0000] {dag.py:3036} INFO - Sync 1 DAGs
[2025-11-01T03:05:13.204+0000] {logging_mixin.py:188} INFO - [2025-11-01T03:05:13.203+0000] {dag.py:3823} INFO - Setting next_dagrun for my_dag to None, run_after=None
[2025-11-01T03:05:13.259+0000] {processor.py:183} INFO - Processing /opt/airflow/dags/my_dag.py took 1.449 seconds
[2025-11-01T03:05:44.073+0000] {processor.py:161} INFO - Started process (PID=1572) to work on /opt/airflow/dags/my_dag.py
[2025-11-01T03:05:44.079+0000] {processor.py:830} INFO - Processing file /opt/airflow/dags/my_dag.py for tasks to queue
[2025-11-01T03:05:44.082+0000] {logging_mixin.py:188} INFO - [2025-11-01T03:05:44.081+0000] {dagbag.py:538} INFO - Filling up the DagBag from /opt/airflow/dags/my_dag.py
[2025-11-01T03:05:45.029+0000] {processor.py:840} INFO - DAG(s) 'my_dag' retrieved from /opt/airflow/dags/my_dag.py
[2025-11-01T03:05:45.074+0000] {logging_mixin.py:188} INFO - [2025-11-01T03:05:45.072+0000] {dag.py:3036} INFO - Sync 1 DAGs
[2025-11-01T03:05:45.095+0000] {logging_mixin.py:188} INFO - [2025-11-01T03:05:45.095+0000] {dag.py:3823} INFO - Setting next_dagrun for my_dag to None, run_after=None
[2025-11-01T03:05:45.172+0000] {processor.py:183} INFO - Processing /opt/airflow/dags/my_dag.py took 1.105 seconds
[2025-11-01T03:06:16.766+0000] {processor.py:161} INFO - Started process (PID=1583) to work on /opt/airflow/dags/my_dag.py
[2025-11-01T03:06:16.770+0000] {processor.py:830} INFO - Processing file /opt/airflow/dags/my_dag.py for tasks to queue
[2025-11-01T03:06:16.772+0000] {logging_mixin.py:188} INFO - [2025-11-01T03:06:16.771+0000] {dagbag.py:538} INFO - Filling up the DagBag from /opt/airflow/dags/my_dag.py
[2025-11-01T03:06:19.340+0000] {processor.py:840} INFO - DAG(s) 'my_dag' retrieved from /opt/airflow/dags/my_dag.py
[2025-11-01T03:06:19.489+0000] {logging_mixin.py:188} INFO - [2025-11-01T03:06:19.487+0000] {dag.py:3036} INFO - Sync 1 DAGs
[2025-11-01T03:06:19.621+0000] {logging_mixin.py:188} INFO - [2025-11-01T03:06:19.620+0000] {dag.py:3823} INFO - Setting next_dagrun for my_dag to None, run_after=None
[2025-11-01T03:06:19.743+0000] {processor.py:183} INFO - Processing /opt/airflow/dags/my_dag.py took 2.999 seconds
[2025-11-01T03:06:50.088+0000] {processor.py:161} INFO - Started process (PID=1597) to work on /opt/airflow/dags/my_dag.py
[2025-11-01T03:06:50.094+0000] {processor.py:830} INFO - Processing file /opt/airflow/dags/my_dag.py for tasks to queue
[2025-11-01T03:06:50.099+0000] {logging_mixin.py:188} INFO - [2025-11-01T03:06:50.098+0000] {dagbag.py:538} INFO - Filling up the DagBag from /opt/airflow/dags/my_dag.py
[2025-11-01T03:06:51.325+0000] {processor.py:840} INFO - DAG(s) 'my_dag' retrieved from /opt/airflow/dags/my_dag.py
[2025-11-01T03:06:51.381+0000] {logging_mixin.py:188} INFO - [2025-11-01T03:06:51.379+0000] {dag.py:3036} INFO - Sync 1 DAGs
[2025-11-01T03:06:51.422+0000] {logging_mixin.py:188} INFO - [2025-11-01T03:06:51.422+0000] {dag.py:3823} INFO - Setting next_dagrun for my_dag to None, run_after=None
[2025-11-01T03:06:51.471+0000] {processor.py:183} INFO - Processing /opt/airflow/dags/my_dag.py took 1.393 seconds
[2025-11-01T03:07:22.082+0000] {processor.py:161} INFO - Started process (PID=1608) to work on /opt/airflow/dags/my_dag.py
[2025-11-01T03:07:22.085+0000] {processor.py:830} INFO - Processing file /opt/airflow/dags/my_dag.py for tasks to queue
[2025-11-01T03:07:22.088+0000] {logging_mixin.py:188} INFO - [2025-11-01T03:07:22.087+0000] {dagbag.py:538} INFO - Filling up the DagBag from /opt/airflow/dags/my_dag.py
[2025-11-01T03:07:23.534+0000] {processor.py:840} INFO - DAG(s) 'my_dag' retrieved from /opt/airflow/dags/my_dag.py
[2025-11-01T03:07:23.591+0000] {logging_mixin.py:188} INFO - [2025-11-01T03:07:23.589+0000] {dag.py:3036} INFO - Sync 1 DAGs
[2025-11-01T03:07:23.619+0000] {logging_mixin.py:188} INFO - [2025-11-01T03:07:23.619+0000] {dag.py:3823} INFO - Setting next_dagrun for my_dag to None, run_after=None
[2025-11-01T03:07:23.661+0000] {processor.py:183} INFO - Processing /opt/airflow/dags/my_dag.py took 1.594 seconds
[2025-11-01T03:07:54.947+0000] {processor.py:161} INFO - Started process (PID=1621) to work on /opt/airflow/dags/my_dag.py
[2025-11-01T03:07:54.951+0000] {processor.py:830} INFO - Processing file /opt/airflow/dags/my_dag.py for tasks to queue
[2025-11-01T03:07:54.953+0000] {logging_mixin.py:188} INFO - [2025-11-01T03:07:54.952+0000] {dagbag.py:538} INFO - Filling up the DagBag from /opt/airflow/dags/my_dag.py
[2025-11-01T03:07:56.416+0000] {processor.py:840} INFO - DAG(s) 'my_dag' retrieved from /opt/airflow/dags/my_dag.py
[2025-11-01T03:07:56.469+0000] {logging_mixin.py:188} INFO - [2025-11-01T03:07:56.467+0000] {dag.py:3036} INFO - Sync 1 DAGs
[2025-11-01T03:07:56.492+0000] {logging_mixin.py:188} INFO - [2025-11-01T03:07:56.491+0000] {dag.py:3823} INFO - Setting next_dagrun for my_dag to None, run_after=None
[2025-11-01T03:07:56.556+0000] {processor.py:183} INFO - Processing /opt/airflow/dags/my_dag.py took 1.624 seconds
[2025-11-01T03:08:28.071+0000] {processor.py:161} INFO - Started process (PID=1633) to work on /opt/airflow/dags/my_dag.py
[2025-11-01T03:08:28.075+0000] {processor.py:830} INFO - Processing file /opt/airflow/dags/my_dag.py for tasks to queue
[2025-11-01T03:08:28.087+0000] {logging_mixin.py:188} INFO - [2025-11-01T03:08:28.078+0000] {dagbag.py:538} INFO - Filling up the DagBag from /opt/airflow/dags/my_dag.py
[2025-11-01T03:08:30.121+0000] {processor.py:840} INFO - DAG(s) 'my_dag' retrieved from /opt/airflow/dags/my_dag.py
[2025-11-01T03:08:30.156+0000] {logging_mixin.py:188} INFO - [2025-11-01T03:08:30.155+0000] {dag.py:3036} INFO - Sync 1 DAGs
[2025-11-01T03:08:30.181+0000] {logging_mixin.py:188} INFO - [2025-11-01T03:08:30.181+0000] {dag.py:3823} INFO - Setting next_dagrun for my_dag to None, run_after=None
[2025-11-01T03:08:30.222+0000] {processor.py:183} INFO - Processing /opt/airflow/dags/my_dag.py took 2.173 seconds
[2025-11-01T03:09:01.527+0000] {processor.py:161} INFO - Started process (PID=1646) to work on /opt/airflow/dags/my_dag.py
[2025-11-01T03:09:01.540+0000] {processor.py:830} INFO - Processing file /opt/airflow/dags/my_dag.py for tasks to queue
[2025-11-01T03:09:01.563+0000] {logging_mixin.py:188} INFO - [2025-11-01T03:09:01.553+0000] {dagbag.py:538} INFO - Filling up the DagBag from /opt/airflow/dags/my_dag.py
[2025-11-01T03:09:03.795+0000] {processor.py:840} INFO - DAG(s) 'my_dag' retrieved from /opt/airflow/dags/my_dag.py
[2025-11-01T03:09:03.859+0000] {logging_mixin.py:188} INFO - [2025-11-01T03:09:03.858+0000] {dag.py:3036} INFO - Sync 1 DAGs
[2025-11-01T03:09:03.895+0000] {logging_mixin.py:188} INFO - [2025-11-01T03:09:03.895+0000] {dag.py:3823} INFO - Setting next_dagrun for my_dag to None, run_after=None
[2025-11-01T03:09:03.954+0000] {processor.py:183} INFO - Processing /opt/airflow/dags/my_dag.py took 2.454 seconds
[2025-11-01T03:09:34.630+0000] {processor.py:161} INFO - Started process (PID=1658) to work on /opt/airflow/dags/my_dag.py
[2025-11-01T03:09:34.634+0000] {processor.py:830} INFO - Processing file /opt/airflow/dags/my_dag.py for tasks to queue
[2025-11-01T03:09:34.638+0000] {logging_mixin.py:188} INFO - [2025-11-01T03:09:34.637+0000] {dagbag.py:538} INFO - Filling up the DagBag from /opt/airflow/dags/my_dag.py
[2025-11-01T03:09:36.049+0000] {processor.py:840} INFO - DAG(s) 'my_dag' retrieved from /opt/airflow/dags/my_dag.py
[2025-11-01T03:09:36.131+0000] {logging_mixin.py:188} INFO - [2025-11-01T03:09:36.129+0000] {dag.py:3036} INFO - Sync 1 DAGs
[2025-11-01T03:09:36.171+0000] {logging_mixin.py:188} INFO - [2025-11-01T03:09:36.170+0000] {dag.py:3823} INFO - Setting next_dagrun for my_dag to None, run_after=None
[2025-11-01T03:09:36.230+0000] {processor.py:183} INFO - Processing /opt/airflow/dags/my_dag.py took 1.616 seconds
[2025-11-01T03:10:06.511+0000] {processor.py:161} INFO - Started process (PID=1670) to work on /opt/airflow/dags/my_dag.py
[2025-11-01T03:10:06.515+0000] {processor.py:830} INFO - Processing file /opt/airflow/dags/my_dag.py for tasks to queue
[2025-11-01T03:10:06.521+0000] {logging_mixin.py:188} INFO - [2025-11-01T03:10:06.521+0000] {dagbag.py:538} INFO - Filling up the DagBag from /opt/airflow/dags/my_dag.py
[2025-11-01T03:10:07.517+0000] {processor.py:840} INFO - DAG(s) 'my_dag' retrieved from /opt/airflow/dags/my_dag.py
[2025-11-01T03:10:07.561+0000] {logging_mixin.py:188} INFO - [2025-11-01T03:10:07.560+0000] {dag.py:3036} INFO - Sync 1 DAGs
[2025-11-01T03:10:07.588+0000] {logging_mixin.py:188} INFO - [2025-11-01T03:10:07.587+0000] {dag.py:3823} INFO - Setting next_dagrun for my_dag to None, run_after=None
[2025-11-01T03:10:07.621+0000] {processor.py:183} INFO - Processing /opt/airflow/dags/my_dag.py took 1.126 seconds
[2025-11-01T03:10:39.169+0000] {processor.py:161} INFO - Started process (PID=1681) to work on /opt/airflow/dags/my_dag.py
[2025-11-01T03:10:39.206+0000] {processor.py:830} INFO - Processing file /opt/airflow/dags/my_dag.py for tasks to queue
[2025-11-01T03:10:39.222+0000] {logging_mixin.py:188} INFO - [2025-11-01T03:10:39.221+0000] {dagbag.py:538} INFO - Filling up the DagBag from /opt/airflow/dags/my_dag.py
[2025-11-01T03:10:41.976+0000] {processor.py:840} INFO - DAG(s) 'my_dag' retrieved from /opt/airflow/dags/my_dag.py
[2025-11-01T03:10:42.037+0000] {logging_mixin.py:188} INFO - [2025-11-01T03:10:42.032+0000] {dag.py:3036} INFO - Sync 1 DAGs
[2025-11-01T03:10:42.064+0000] {logging_mixin.py:188} INFO - [2025-11-01T03:10:42.064+0000] {dag.py:3823} INFO - Setting next_dagrun for my_dag to None, run_after=None
[2025-11-01T03:10:42.141+0000] {processor.py:183} INFO - Processing /opt/airflow/dags/my_dag.py took 2.993 seconds
[2025-11-01T03:11:12.685+0000] {processor.py:161} INFO - Started process (PID=1694) to work on /opt/airflow/dags/my_dag.py
[2025-11-01T03:11:12.687+0000] {processor.py:830} INFO - Processing file /opt/airflow/dags/my_dag.py for tasks to queue
[2025-11-01T03:11:12.689+0000] {logging_mixin.py:188} INFO - [2025-11-01T03:11:12.688+0000] {dagbag.py:538} INFO - Filling up the DagBag from /opt/airflow/dags/my_dag.py
[2025-11-01T03:11:13.885+0000] {processor.py:840} INFO - DAG(s) 'my_dag' retrieved from /opt/airflow/dags/my_dag.py
[2025-11-01T03:11:13.956+0000] {logging_mixin.py:188} INFO - [2025-11-01T03:11:13.954+0000] {dag.py:3036} INFO - Sync 1 DAGs
[2025-11-01T03:11:13.997+0000] {logging_mixin.py:188} INFO - [2025-11-01T03:11:13.996+0000] {dag.py:3823} INFO - Setting next_dagrun for my_dag to None, run_after=None
[2025-11-01T03:11:14.044+0000] {processor.py:183} INFO - Processing /opt/airflow/dags/my_dag.py took 1.368 seconds
[2025-11-01T03:11:45.500+0000] {processor.py:161} INFO - Started process (PID=1706) to work on /opt/airflow/dags/my_dag.py
[2025-11-01T03:11:45.513+0000] {processor.py:830} INFO - Processing file /opt/airflow/dags/my_dag.py for tasks to queue
[2025-11-01T03:11:45.521+0000] {logging_mixin.py:188} INFO - [2025-11-01T03:11:45.520+0000] {dagbag.py:538} INFO - Filling up the DagBag from /opt/airflow/dags/my_dag.py
[2025-11-01T03:11:47.386+0000] {processor.py:840} INFO - DAG(s) 'my_dag' retrieved from /opt/airflow/dags/my_dag.py
[2025-11-01T03:11:47.457+0000] {logging_mixin.py:188} INFO - [2025-11-01T03:11:47.454+0000] {dag.py:3036} INFO - Sync 1 DAGs
[2025-11-01T03:11:47.502+0000] {logging_mixin.py:188} INFO - [2025-11-01T03:11:47.502+0000] {dag.py:3823} INFO - Setting next_dagrun for my_dag to None, run_after=None
[2025-11-01T03:11:47.555+0000] {processor.py:183} INFO - Processing /opt/airflow/dags/my_dag.py took 2.074 seconds
[2025-11-01T03:12:18.034+0000] {processor.py:161} INFO - Started process (PID=1718) to work on /opt/airflow/dags/my_dag.py
[2025-11-01T03:12:18.044+0000] {processor.py:830} INFO - Processing file /opt/airflow/dags/my_dag.py for tasks to queue
[2025-11-01T03:12:18.048+0000] {logging_mixin.py:188} INFO - [2025-11-01T03:12:18.047+0000] {dagbag.py:538} INFO - Filling up the DagBag from /opt/airflow/dags/my_dag.py
[2025-11-01T03:12:19.447+0000] {processor.py:840} INFO - DAG(s) 'my_dag' retrieved from /opt/airflow/dags/my_dag.py
[2025-11-01T03:12:19.491+0000] {logging_mixin.py:188} INFO - [2025-11-01T03:12:19.490+0000] {dag.py:3036} INFO - Sync 1 DAGs
[2025-11-01T03:12:19.512+0000] {logging_mixin.py:188} INFO - [2025-11-01T03:12:19.511+0000] {dag.py:3823} INFO - Setting next_dagrun for my_dag to None, run_after=None
[2025-11-01T03:12:19.558+0000] {processor.py:183} INFO - Processing /opt/airflow/dags/my_dag.py took 1.541 seconds
[2025-11-01T03:12:50.857+0000] {processor.py:161} INFO - Started process (PID=1730) to work on /opt/airflow/dags/my_dag.py
[2025-11-01T03:12:50.873+0000] {processor.py:830} INFO - Processing file /opt/airflow/dags/my_dag.py for tasks to queue
[2025-11-01T03:12:50.883+0000] {logging_mixin.py:188} INFO - [2025-11-01T03:12:50.882+0000] {dagbag.py:538} INFO - Filling up the DagBag from /opt/airflow/dags/my_dag.py
[2025-11-01T03:12:52.548+0000] {processor.py:840} INFO - DAG(s) 'my_dag' retrieved from /opt/airflow/dags/my_dag.py
[2025-11-01T03:12:52.612+0000] {logging_mixin.py:188} INFO - [2025-11-01T03:12:52.610+0000] {dag.py:3036} INFO - Sync 1 DAGs
[2025-11-01T03:12:52.632+0000] {logging_mixin.py:188} INFO - [2025-11-01T03:12:52.631+0000] {dag.py:3823} INFO - Setting next_dagrun for my_dag to None, run_after=None
[2025-11-01T03:12:52.710+0000] {processor.py:183} INFO - Processing /opt/airflow/dags/my_dag.py took 1.873 seconds
[2025-11-01T03:13:23.239+0000] {processor.py:161} INFO - Started process (PID=1742) to work on /opt/airflow/dags/my_dag.py
[2025-11-01T03:13:23.242+0000] {processor.py:830} INFO - Processing file /opt/airflow/dags/my_dag.py for tasks to queue
[2025-11-01T03:13:23.246+0000] {logging_mixin.py:188} INFO - [2025-11-01T03:13:23.244+0000] {dagbag.py:538} INFO - Filling up the DagBag from /opt/airflow/dags/my_dag.py
[2025-11-01T03:13:24.262+0000] {processor.py:840} INFO - DAG(s) 'my_dag' retrieved from /opt/airflow/dags/my_dag.py
[2025-11-01T03:13:24.298+0000] {logging_mixin.py:188} INFO - [2025-11-01T03:13:24.297+0000] {dag.py:3036} INFO - Sync 1 DAGs
[2025-11-01T03:13:24.321+0000] {logging_mixin.py:188} INFO - [2025-11-01T03:13:24.321+0000] {dag.py:3823} INFO - Setting next_dagrun for my_dag to None, run_after=None
[2025-11-01T03:13:24.359+0000] {processor.py:183} INFO - Processing /opt/airflow/dags/my_dag.py took 1.132 seconds
[2025-11-01T03:13:55.728+0000] {processor.py:161} INFO - Started process (PID=1754) to work on /opt/airflow/dags/my_dag.py
[2025-11-01T03:13:55.732+0000] {processor.py:830} INFO - Processing file /opt/airflow/dags/my_dag.py for tasks to queue
[2025-11-01T03:13:55.742+0000] {logging_mixin.py:188} INFO - [2025-11-01T03:13:55.735+0000] {dagbag.py:538} INFO - Filling up the DagBag from /opt/airflow/dags/my_dag.py
[2025-11-01T03:13:56.908+0000] {processor.py:840} INFO - DAG(s) 'my_dag' retrieved from /opt/airflow/dags/my_dag.py
[2025-11-01T03:13:56.948+0000] {logging_mixin.py:188} INFO - [2025-11-01T03:13:56.945+0000] {dag.py:3036} INFO - Sync 1 DAGs
[2025-11-01T03:13:56.970+0000] {logging_mixin.py:188} INFO - [2025-11-01T03:13:56.969+0000] {dag.py:3823} INFO - Setting next_dagrun for my_dag to None, run_after=None
[2025-11-01T03:13:57.025+0000] {processor.py:183} INFO - Processing /opt/airflow/dags/my_dag.py took 1.310 seconds
[2025-11-01T03:14:28.831+0000] {processor.py:161} INFO - Started process (PID=1767) to work on /opt/airflow/dags/my_dag.py
[2025-11-01T03:14:28.843+0000] {processor.py:830} INFO - Processing file /opt/airflow/dags/my_dag.py for tasks to queue
[2025-11-01T03:14:28.847+0000] {logging_mixin.py:188} INFO - [2025-11-01T03:14:28.846+0000] {dagbag.py:538} INFO - Filling up the DagBag from /opt/airflow/dags/my_dag.py
[2025-11-01T03:14:30.475+0000] {processor.py:840} INFO - DAG(s) 'my_dag' retrieved from /opt/airflow/dags/my_dag.py
[2025-11-01T03:14:30.569+0000] {logging_mixin.py:188} INFO - [2025-11-01T03:14:30.569+0000] {dag.py:3036} INFO - Sync 1 DAGs
[2025-11-01T03:14:30.596+0000] {logging_mixin.py:188} INFO - [2025-11-01T03:14:30.595+0000] {dag.py:3823} INFO - Setting next_dagrun for my_dag to None, run_after=None
[2025-11-01T03:14:30.642+0000] {processor.py:183} INFO - Processing /opt/airflow/dags/my_dag.py took 1.830 seconds
[2025-11-01T03:15:01.196+0000] {processor.py:161} INFO - Started process (PID=1779) to work on /opt/airflow/dags/my_dag.py
[2025-11-01T03:15:01.200+0000] {processor.py:830} INFO - Processing file /opt/airflow/dags/my_dag.py for tasks to queue
[2025-11-01T03:15:01.204+0000] {logging_mixin.py:188} INFO - [2025-11-01T03:15:01.203+0000] {dagbag.py:538} INFO - Filling up the DagBag from /opt/airflow/dags/my_dag.py
[2025-11-01T03:15:02.552+0000] {processor.py:840} INFO - DAG(s) 'my_dag' retrieved from /opt/airflow/dags/my_dag.py
[2025-11-01T03:15:02.585+0000] {logging_mixin.py:188} INFO - [2025-11-01T03:15:02.584+0000] {dag.py:3036} INFO - Sync 1 DAGs
[2025-11-01T03:15:02.628+0000] {logging_mixin.py:188} INFO - [2025-11-01T03:15:02.628+0000] {dag.py:3823} INFO - Setting next_dagrun for my_dag to None, run_after=None
[2025-11-01T03:15:02.677+0000] {processor.py:183} INFO - Processing /opt/airflow/dags/my_dag.py took 1.493 seconds
[2025-11-01T03:15:33.584+0000] {processor.py:161} INFO - Started process (PID=1790) to work on /opt/airflow/dags/my_dag.py
[2025-11-01T03:15:33.589+0000] {processor.py:830} INFO - Processing file /opt/airflow/dags/my_dag.py for tasks to queue
[2025-11-01T03:15:33.593+0000] {logging_mixin.py:188} INFO - [2025-11-01T03:15:33.592+0000] {dagbag.py:538} INFO - Filling up the DagBag from /opt/airflow/dags/my_dag.py
[2025-11-01T03:15:34.957+0000] {processor.py:840} INFO - DAG(s) 'my_dag' retrieved from /opt/airflow/dags/my_dag.py
[2025-11-01T03:15:34.996+0000] {logging_mixin.py:188} INFO - [2025-11-01T03:15:34.996+0000] {dag.py:3036} INFO - Sync 1 DAGs
[2025-11-01T03:15:35.037+0000] {logging_mixin.py:188} INFO - [2025-11-01T03:15:35.036+0000] {dag.py:3823} INFO - Setting next_dagrun for my_dag to None, run_after=None
[2025-11-01T03:15:35.100+0000] {processor.py:183} INFO - Processing /opt/airflow/dags/my_dag.py took 1.527 seconds
[2025-11-01T03:16:06.682+0000] {processor.py:161} INFO - Started process (PID=1801) to work on /opt/airflow/dags/my_dag.py
[2025-11-01T03:16:06.686+0000] {processor.py:830} INFO - Processing file /opt/airflow/dags/my_dag.py for tasks to queue
[2025-11-01T03:16:06.692+0000] {logging_mixin.py:188} INFO - [2025-11-01T03:16:06.690+0000] {dagbag.py:538} INFO - Filling up the DagBag from /opt/airflow/dags/my_dag.py
[2025-11-01T03:16:08.069+0000] {processor.py:840} INFO - DAG(s) 'my_dag' retrieved from /opt/airflow/dags/my_dag.py
[2025-11-01T03:16:08.161+0000] {logging_mixin.py:188} INFO - [2025-11-01T03:16:08.159+0000] {dag.py:3036} INFO - Sync 1 DAGs
[2025-11-01T03:16:08.241+0000] {logging_mixin.py:188} INFO - [2025-11-01T03:16:08.241+0000] {dag.py:3823} INFO - Setting next_dagrun for my_dag to None, run_after=None
[2025-11-01T03:16:08.343+0000] {processor.py:183} INFO - Processing /opt/airflow/dags/my_dag.py took 1.676 seconds
[2025-11-01T03:16:40.299+0000] {processor.py:161} INFO - Started process (PID=1814) to work on /opt/airflow/dags/my_dag.py
[2025-11-01T03:16:40.302+0000] {processor.py:830} INFO - Processing file /opt/airflow/dags/my_dag.py for tasks to queue
[2025-11-01T03:16:40.304+0000] {logging_mixin.py:188} INFO - [2025-11-01T03:16:40.303+0000] {dagbag.py:538} INFO - Filling up the DagBag from /opt/airflow/dags/my_dag.py
[2025-11-01T03:16:42.583+0000] {processor.py:840} INFO - DAG(s) 'my_dag' retrieved from /opt/airflow/dags/my_dag.py
[2025-11-01T03:16:42.693+0000] {logging_mixin.py:188} INFO - [2025-11-01T03:16:42.692+0000] {dag.py:3036} INFO - Sync 1 DAGs
[2025-11-01T03:16:42.740+0000] {logging_mixin.py:188} INFO - [2025-11-01T03:16:42.739+0000] {dag.py:3823} INFO - Setting next_dagrun for my_dag to None, run_after=None
[2025-11-01T03:16:42.810+0000] {processor.py:183} INFO - Processing /opt/airflow/dags/my_dag.py took 2.521 seconds
[2025-11-01T03:17:13.269+0000] {processor.py:161} INFO - Started process (PID=1827) to work on /opt/airflow/dags/my_dag.py
[2025-11-01T03:17:13.271+0000] {processor.py:830} INFO - Processing file /opt/airflow/dags/my_dag.py for tasks to queue
[2025-11-01T03:17:13.277+0000] {logging_mixin.py:188} INFO - [2025-11-01T03:17:13.275+0000] {dagbag.py:538} INFO - Filling up the DagBag from /opt/airflow/dags/my_dag.py
[2025-11-01T03:17:22.009+0000] {processor.py:840} INFO - DAG(s) 'my_dag' retrieved from /opt/airflow/dags/my_dag.py
[2025-11-01T03:17:22.126+0000] {logging_mixin.py:188} INFO - [2025-11-01T03:17:22.121+0000] {dag.py:3036} INFO - Sync 1 DAGs
[2025-11-01T03:17:22.156+0000] {logging_mixin.py:188} INFO - [2025-11-01T03:17:22.155+0000] {dag.py:3823} INFO - Setting next_dagrun for my_dag to None, run_after=None
[2025-11-01T03:17:22.282+0000] {processor.py:183} INFO - Processing /opt/airflow/dags/my_dag.py took 9.024 seconds
[2025-11-01T03:17:52.993+0000] {processor.py:161} INFO - Started process (PID=1839) to work on /opt/airflow/dags/my_dag.py
[2025-11-01T03:17:52.999+0000] {processor.py:830} INFO - Processing file /opt/airflow/dags/my_dag.py for tasks to queue
[2025-11-01T03:17:53.003+0000] {logging_mixin.py:188} INFO - [2025-11-01T03:17:53.002+0000] {dagbag.py:538} INFO - Filling up the DagBag from /opt/airflow/dags/my_dag.py
[2025-11-01T03:17:55.168+0000] {processor.py:840} INFO - DAG(s) 'my_dag' retrieved from /opt/airflow/dags/my_dag.py
[2025-11-01T03:17:55.220+0000] {logging_mixin.py:188} INFO - [2025-11-01T03:17:55.219+0000] {dag.py:3036} INFO - Sync 1 DAGs
[2025-11-01T03:17:55.243+0000] {logging_mixin.py:188} INFO - [2025-11-01T03:17:55.242+0000] {dag.py:3823} INFO - Setting next_dagrun for my_dag to None, run_after=None
[2025-11-01T03:17:55.282+0000] {processor.py:183} INFO - Processing /opt/airflow/dags/my_dag.py took 2.299 seconds
[2025-11-01T03:18:25.620+0000] {processor.py:161} INFO - Started process (PID=1851) to work on /opt/airflow/dags/my_dag.py
[2025-11-01T03:18:25.623+0000] {processor.py:830} INFO - Processing file /opt/airflow/dags/my_dag.py for tasks to queue
[2025-11-01T03:18:25.625+0000] {logging_mixin.py:188} INFO - [2025-11-01T03:18:25.624+0000] {dagbag.py:538} INFO - Filling up the DagBag from /opt/airflow/dags/my_dag.py
[2025-11-01T03:18:26.798+0000] {processor.py:840} INFO - DAG(s) 'my_dag' retrieved from /opt/airflow/dags/my_dag.py
[2025-11-01T03:18:26.845+0000] {logging_mixin.py:188} INFO - [2025-11-01T03:18:26.844+0000] {dag.py:3036} INFO - Sync 1 DAGs
[2025-11-01T03:18:26.869+0000] {logging_mixin.py:188} INFO - [2025-11-01T03:18:26.868+0000] {dag.py:3823} INFO - Setting next_dagrun for my_dag to None, run_after=None
[2025-11-01T03:18:26.926+0000] {processor.py:183} INFO - Processing /opt/airflow/dags/my_dag.py took 1.318 seconds
[2025-11-01T03:18:57.267+0000] {processor.py:161} INFO - Started process (PID=1862) to work on /opt/airflow/dags/my_dag.py
[2025-11-01T03:18:57.270+0000] {processor.py:830} INFO - Processing file /opt/airflow/dags/my_dag.py for tasks to queue
[2025-11-01T03:18:57.272+0000] {logging_mixin.py:188} INFO - [2025-11-01T03:18:57.272+0000] {dagbag.py:538} INFO - Filling up the DagBag from /opt/airflow/dags/my_dag.py
[2025-11-01T03:18:58.622+0000] {processor.py:840} INFO - DAG(s) 'my_dag' retrieved from /opt/airflow/dags/my_dag.py
[2025-11-01T03:18:58.666+0000] {logging_mixin.py:188} INFO - [2025-11-01T03:18:58.665+0000] {dag.py:3036} INFO - Sync 1 DAGs
[2025-11-01T03:18:58.701+0000] {logging_mixin.py:188} INFO - [2025-11-01T03:18:58.700+0000] {dag.py:3823} INFO - Setting next_dagrun for my_dag to None, run_after=None
[2025-11-01T03:18:58.744+0000] {processor.py:183} INFO - Processing /opt/airflow/dags/my_dag.py took 1.488 seconds
[2025-11-01T03:19:28.930+0000] {processor.py:161} INFO - Started process (PID=1874) to work on /opt/airflow/dags/my_dag.py
[2025-11-01T03:19:28.933+0000] {processor.py:830} INFO - Processing file /opt/airflow/dags/my_dag.py for tasks to queue
[2025-11-01T03:19:28.937+0000] {logging_mixin.py:188} INFO - [2025-11-01T03:19:28.936+0000] {dagbag.py:538} INFO - Filling up the DagBag from /opt/airflow/dags/my_dag.py
[2025-11-01T03:19:30.359+0000] {processor.py:840} INFO - DAG(s) 'my_dag' retrieved from /opt/airflow/dags/my_dag.py
[2025-11-01T03:19:30.429+0000] {logging_mixin.py:188} INFO - [2025-11-01T03:19:30.428+0000] {dag.py:3036} INFO - Sync 1 DAGs
[2025-11-01T03:19:30.464+0000] {logging_mixin.py:188} INFO - [2025-11-01T03:19:30.464+0000] {dag.py:3823} INFO - Setting next_dagrun for my_dag to None, run_after=None
[2025-11-01T03:19:30.524+0000] {processor.py:183} INFO - Processing /opt/airflow/dags/my_dag.py took 1.603 seconds
[2025-11-01T03:20:00.782+0000] {processor.py:161} INFO - Started process (PID=1886) to work on /opt/airflow/dags/my_dag.py
[2025-11-01T03:20:00.785+0000] {processor.py:830} INFO - Processing file /opt/airflow/dags/my_dag.py for tasks to queue
[2025-11-01T03:20:00.790+0000] {logging_mixin.py:188} INFO - [2025-11-01T03:20:00.787+0000] {dagbag.py:538} INFO - Filling up the DagBag from /opt/airflow/dags/my_dag.py
[2025-11-01T03:20:02.049+0000] {processor.py:840} INFO - DAG(s) 'my_dag' retrieved from /opt/airflow/dags/my_dag.py
[2025-11-01T03:20:02.103+0000] {logging_mixin.py:188} INFO - [2025-11-01T03:20:02.099+0000] {dag.py:3036} INFO - Sync 1 DAGs
[2025-11-01T03:20:02.141+0000] {logging_mixin.py:188} INFO - [2025-11-01T03:20:02.141+0000] {dag.py:3823} INFO - Setting next_dagrun for my_dag to None, run_after=None
[2025-11-01T03:20:02.196+0000] {processor.py:183} INFO - Processing /opt/airflow/dags/my_dag.py took 1.423 seconds
[2025-11-01T03:20:33.243+0000] {processor.py:161} INFO - Started process (PID=1898) to work on /opt/airflow/dags/my_dag.py
[2025-11-01T03:20:33.245+0000] {processor.py:830} INFO - Processing file /opt/airflow/dags/my_dag.py for tasks to queue
[2025-11-01T03:20:33.248+0000] {logging_mixin.py:188} INFO - [2025-11-01T03:20:33.247+0000] {dagbag.py:538} INFO - Filling up the DagBag from /opt/airflow/dags/my_dag.py
[2025-11-01T03:20:35.059+0000] {processor.py:840} INFO - DAG(s) 'my_dag' retrieved from /opt/airflow/dags/my_dag.py
[2025-11-01T03:20:35.132+0000] {logging_mixin.py:188} INFO - [2025-11-01T03:20:35.131+0000] {dag.py:3036} INFO - Sync 1 DAGs
[2025-11-01T03:20:35.158+0000] {logging_mixin.py:188} INFO - [2025-11-01T03:20:35.157+0000] {dag.py:3823} INFO - Setting next_dagrun for my_dag to None, run_after=None
[2025-11-01T03:20:35.229+0000] {processor.py:183} INFO - Processing /opt/airflow/dags/my_dag.py took 1.993 seconds
[2025-11-01T03:21:05.567+0000] {processor.py:161} INFO - Started process (PID=1910) to work on /opt/airflow/dags/my_dag.py
[2025-11-01T03:21:05.572+0000] {processor.py:830} INFO - Processing file /opt/airflow/dags/my_dag.py for tasks to queue
[2025-11-01T03:21:05.574+0000] {logging_mixin.py:188} INFO - [2025-11-01T03:21:05.573+0000] {dagbag.py:538} INFO - Filling up the DagBag from /opt/airflow/dags/my_dag.py
[2025-11-01T03:21:06.629+0000] {processor.py:840} INFO - DAG(s) 'my_dag' retrieved from /opt/airflow/dags/my_dag.py
[2025-11-01T03:21:06.682+0000] {logging_mixin.py:188} INFO - [2025-11-01T03:21:06.681+0000] {dag.py:3036} INFO - Sync 1 DAGs
[2025-11-01T03:21:06.725+0000] {logging_mixin.py:188} INFO - [2025-11-01T03:21:06.724+0000] {dag.py:3823} INFO - Setting next_dagrun for my_dag to None, run_after=None
[2025-11-01T03:21:06.774+0000] {processor.py:183} INFO - Processing /opt/airflow/dags/my_dag.py took 1.222 seconds
[2025-11-01T03:21:37.132+0000] {processor.py:161} INFO - Started process (PID=1922) to work on /opt/airflow/dags/my_dag.py
[2025-11-01T03:21:37.142+0000] {processor.py:830} INFO - Processing file /opt/airflow/dags/my_dag.py for tasks to queue
[2025-11-01T03:21:37.146+0000] {logging_mixin.py:188} INFO - [2025-11-01T03:21:37.145+0000] {dagbag.py:538} INFO - Filling up the DagBag from /opt/airflow/dags/my_dag.py
[2025-11-01T03:21:39.097+0000] {processor.py:840} INFO - DAG(s) 'my_dag' retrieved from /opt/airflow/dags/my_dag.py
[2025-11-01T03:21:39.156+0000] {logging_mixin.py:188} INFO - [2025-11-01T03:21:39.155+0000] {dag.py:3036} INFO - Sync 1 DAGs
[2025-11-01T03:21:39.179+0000] {logging_mixin.py:188} INFO - [2025-11-01T03:21:39.179+0000] {dag.py:3823} INFO - Setting next_dagrun for my_dag to None, run_after=None
[2025-11-01T03:21:39.232+0000] {processor.py:183} INFO - Processing /opt/airflow/dags/my_dag.py took 2.113 seconds
[2025-11-01T03:22:09.422+0000] {processor.py:161} INFO - Started process (PID=1934) to work on /opt/airflow/dags/my_dag.py
[2025-11-01T03:22:09.424+0000] {processor.py:830} INFO - Processing file /opt/airflow/dags/my_dag.py for tasks to queue
[2025-11-01T03:22:09.427+0000] {logging_mixin.py:188} INFO - [2025-11-01T03:22:09.426+0000] {dagbag.py:538} INFO - Filling up the DagBag from /opt/airflow/dags/my_dag.py
[2025-11-01T03:22:11.415+0000] {processor.py:840} INFO - DAG(s) 'my_dag' retrieved from /opt/airflow/dags/my_dag.py
[2025-11-01T03:22:11.503+0000] {logging_mixin.py:188} INFO - [2025-11-01T03:22:11.502+0000] {dag.py:3036} INFO - Sync 1 DAGs
[2025-11-01T03:22:11.560+0000] {logging_mixin.py:188} INFO - [2025-11-01T03:22:11.551+0000] {dag.py:3823} INFO - Setting next_dagrun for my_dag to None, run_after=None
[2025-11-01T03:22:11.624+0000] {processor.py:183} INFO - Processing /opt/airflow/dags/my_dag.py took 2.215 seconds
[2025-11-01T03:22:41.878+0000] {processor.py:161} INFO - Started process (PID=1946) to work on /opt/airflow/dags/my_dag.py
[2025-11-01T03:22:41.883+0000] {processor.py:830} INFO - Processing file /opt/airflow/dags/my_dag.py for tasks to queue
[2025-11-01T03:22:41.888+0000] {logging_mixin.py:188} INFO - [2025-11-01T03:22:41.887+0000] {dagbag.py:538} INFO - Filling up the DagBag from /opt/airflow/dags/my_dag.py
[2025-11-01T03:22:43.136+0000] {processor.py:840} INFO - DAG(s) 'my_dag' retrieved from /opt/airflow/dags/my_dag.py
[2025-11-01T03:22:43.195+0000] {logging_mixin.py:188} INFO - [2025-11-01T03:22:43.193+0000] {dag.py:3036} INFO - Sync 1 DAGs
[2025-11-01T03:22:43.217+0000] {logging_mixin.py:188} INFO - [2025-11-01T03:22:43.216+0000] {dag.py:3823} INFO - Setting next_dagrun for my_dag to None, run_after=None
[2025-11-01T03:22:43.273+0000] {processor.py:183} INFO - Processing /opt/airflow/dags/my_dag.py took 1.410 seconds
[2025-11-01T03:23:13.926+0000] {processor.py:161} INFO - Started process (PID=1958) to work on /opt/airflow/dags/my_dag.py
[2025-11-01T03:23:13.931+0000] {processor.py:830} INFO - Processing file /opt/airflow/dags/my_dag.py for tasks to queue
[2025-11-01T03:23:13.933+0000] {logging_mixin.py:188} INFO - [2025-11-01T03:23:13.932+0000] {dagbag.py:538} INFO - Filling up the DagBag from /opt/airflow/dags/my_dag.py
[2025-11-01T03:23:14.991+0000] {processor.py:840} INFO - DAG(s) 'my_dag' retrieved from /opt/airflow/dags/my_dag.py
[2025-11-01T03:23:15.042+0000] {logging_mixin.py:188} INFO - [2025-11-01T03:23:15.040+0000] {dag.py:3036} INFO - Sync 1 DAGs
[2025-11-01T03:23:15.063+0000] {logging_mixin.py:188} INFO - [2025-11-01T03:23:15.063+0000] {dag.py:3823} INFO - Setting next_dagrun for my_dag to None, run_after=None
[2025-11-01T03:23:15.099+0000] {processor.py:183} INFO - Processing /opt/airflow/dags/my_dag.py took 1.183 seconds
[2025-11-01T03:23:45.719+0000] {processor.py:161} INFO - Started process (PID=1970) to work on /opt/airflow/dags/my_dag.py
[2025-11-01T03:23:45.722+0000] {processor.py:830} INFO - Processing file /opt/airflow/dags/my_dag.py for tasks to queue
[2025-11-01T03:23:45.725+0000] {logging_mixin.py:188} INFO - [2025-11-01T03:23:45.724+0000] {dagbag.py:538} INFO - Filling up the DagBag from /opt/airflow/dags/my_dag.py
[2025-11-01T03:23:46.830+0000] {processor.py:840} INFO - DAG(s) 'my_dag' retrieved from /opt/airflow/dags/my_dag.py
[2025-11-01T03:23:46.911+0000] {logging_mixin.py:188} INFO - [2025-11-01T03:23:46.910+0000] {dag.py:3036} INFO - Sync 1 DAGs
[2025-11-01T03:23:46.948+0000] {logging_mixin.py:188} INFO - [2025-11-01T03:23:46.947+0000] {dag.py:3823} INFO - Setting next_dagrun for my_dag to None, run_after=None
[2025-11-01T03:23:46.998+0000] {processor.py:183} INFO - Processing /opt/airflow/dags/my_dag.py took 1.290 seconds
[2025-11-01T03:24:17.622+0000] {processor.py:161} INFO - Started process (PID=1982) to work on /opt/airflow/dags/my_dag.py
[2025-11-01T03:24:17.629+0000] {processor.py:830} INFO - Processing file /opt/airflow/dags/my_dag.py for tasks to queue
[2025-11-01T03:24:17.636+0000] {logging_mixin.py:188} INFO - [2025-11-01T03:24:17.634+0000] {dagbag.py:538} INFO - Filling up the DagBag from /opt/airflow/dags/my_dag.py
[2025-11-01T03:24:19.294+0000] {processor.py:840} INFO - DAG(s) 'my_dag' retrieved from /opt/airflow/dags/my_dag.py
[2025-11-01T03:24:19.354+0000] {logging_mixin.py:188} INFO - [2025-11-01T03:24:19.353+0000] {dag.py:3036} INFO - Sync 1 DAGs
[2025-11-01T03:24:19.377+0000] {logging_mixin.py:188} INFO - [2025-11-01T03:24:19.377+0000] {dag.py:3823} INFO - Setting next_dagrun for my_dag to None, run_after=None
[2025-11-01T03:24:19.441+0000] {processor.py:183} INFO - Processing /opt/airflow/dags/my_dag.py took 1.837 seconds
[2025-11-01T03:24:50.320+0000] {processor.py:161} INFO - Started process (PID=1994) to work on /opt/airflow/dags/my_dag.py
[2025-11-01T03:24:50.322+0000] {processor.py:830} INFO - Processing file /opt/airflow/dags/my_dag.py for tasks to queue
[2025-11-01T03:24:50.324+0000] {logging_mixin.py:188} INFO - [2025-11-01T03:24:50.323+0000] {dagbag.py:538} INFO - Filling up the DagBag from /opt/airflow/dags/my_dag.py
[2025-11-01T03:24:51.602+0000] {processor.py:840} INFO - DAG(s) 'my_dag' retrieved from /opt/airflow/dags/my_dag.py
[2025-11-01T03:24:51.644+0000] {logging_mixin.py:188} INFO - [2025-11-01T03:24:51.643+0000] {dag.py:3036} INFO - Sync 1 DAGs
[2025-11-01T03:24:51.661+0000] {logging_mixin.py:188} INFO - [2025-11-01T03:24:51.661+0000] {dag.py:3823} INFO - Setting next_dagrun for my_dag to None, run_after=None
[2025-11-01T03:24:51.705+0000] {processor.py:183} INFO - Processing /opt/airflow/dags/my_dag.py took 1.394 seconds
[2025-11-01T03:25:23.036+0000] {processor.py:161} INFO - Started process (PID=2005) to work on /opt/airflow/dags/my_dag.py
[2025-11-01T03:25:23.039+0000] {processor.py:830} INFO - Processing file /opt/airflow/dags/my_dag.py for tasks to queue
[2025-11-01T03:25:23.041+0000] {logging_mixin.py:188} INFO - [2025-11-01T03:25:23.040+0000] {dagbag.py:538} INFO - Filling up the DagBag from /opt/airflow/dags/my_dag.py
[2025-11-01T03:25:24.396+0000] {processor.py:840} INFO - DAG(s) 'my_dag' retrieved from /opt/airflow/dags/my_dag.py
[2025-11-01T03:25:24.444+0000] {logging_mixin.py:188} INFO - [2025-11-01T03:25:24.444+0000] {dag.py:3036} INFO - Sync 1 DAGs
[2025-11-01T03:25:24.469+0000] {logging_mixin.py:188} INFO - [2025-11-01T03:25:24.468+0000] {dag.py:3823} INFO - Setting next_dagrun for my_dag to None, run_after=None
[2025-11-01T03:25:24.516+0000] {processor.py:183} INFO - Processing /opt/airflow/dags/my_dag.py took 1.490 seconds
[2025-11-01T03:25:55.856+0000] {processor.py:161} INFO - Started process (PID=2017) to work on /opt/airflow/dags/my_dag.py
[2025-11-01T03:25:55.858+0000] {processor.py:830} INFO - Processing file /opt/airflow/dags/my_dag.py for tasks to queue
[2025-11-01T03:25:55.861+0000] {logging_mixin.py:188} INFO - [2025-11-01T03:25:55.860+0000] {dagbag.py:538} INFO - Filling up the DagBag from /opt/airflow/dags/my_dag.py
[2025-11-01T03:25:57.175+0000] {processor.py:840} INFO - DAG(s) 'my_dag' retrieved from /opt/airflow/dags/my_dag.py
[2025-11-01T03:25:57.224+0000] {logging_mixin.py:188} INFO - [2025-11-01T03:25:57.223+0000] {dag.py:3036} INFO - Sync 1 DAGs
[2025-11-01T03:25:57.289+0000] {logging_mixin.py:188} INFO - [2025-11-01T03:25:57.287+0000] {dag.py:3823} INFO - Setting next_dagrun for my_dag to None, run_after=None
[2025-11-01T03:25:57.359+0000] {processor.py:183} INFO - Processing /opt/airflow/dags/my_dag.py took 1.514 seconds
[2025-11-01T03:26:28.482+0000] {processor.py:161} INFO - Started process (PID=2031) to work on /opt/airflow/dags/my_dag.py
[2025-11-01T03:26:28.487+0000] {processor.py:830} INFO - Processing file /opt/airflow/dags/my_dag.py for tasks to queue
[2025-11-01T03:26:28.491+0000] {logging_mixin.py:188} INFO - [2025-11-01T03:26:28.488+0000] {dagbag.py:538} INFO - Filling up the DagBag from /opt/airflow/dags/my_dag.py
[2025-11-01T03:26:30.241+0000] {processor.py:840} INFO - DAG(s) 'my_dag' retrieved from /opt/airflow/dags/my_dag.py
[2025-11-01T03:26:30.303+0000] {logging_mixin.py:188} INFO - [2025-11-01T03:26:30.302+0000] {dag.py:3036} INFO - Sync 1 DAGs
[2025-11-01T03:26:30.327+0000] {logging_mixin.py:188} INFO - [2025-11-01T03:26:30.327+0000] {dag.py:3823} INFO - Setting next_dagrun for my_dag to None, run_after=None
[2025-11-01T03:26:30.373+0000] {processor.py:183} INFO - Processing /opt/airflow/dags/my_dag.py took 1.904 seconds
[2025-11-01T03:27:01.221+0000] {processor.py:161} INFO - Started process (PID=2043) to work on /opt/airflow/dags/my_dag.py
[2025-11-01T03:27:01.233+0000] {processor.py:830} INFO - Processing file /opt/airflow/dags/my_dag.py for tasks to queue
[2025-11-01T03:27:01.238+0000] {logging_mixin.py:188} INFO - [2025-11-01T03:27:01.237+0000] {dagbag.py:538} INFO - Filling up the DagBag from /opt/airflow/dags/my_dag.py
[2025-11-01T03:27:02.643+0000] {processor.py:840} INFO - DAG(s) 'my_dag' retrieved from /opt/airflow/dags/my_dag.py
[2025-11-01T03:27:02.722+0000] {logging_mixin.py:188} INFO - [2025-11-01T03:27:02.721+0000] {dag.py:3036} INFO - Sync 1 DAGs
[2025-11-01T03:27:02.741+0000] {logging_mixin.py:188} INFO - [2025-11-01T03:27:02.741+0000] {dag.py:3823} INFO - Setting next_dagrun for my_dag to None, run_after=None
[2025-11-01T03:27:02.810+0000] {processor.py:183} INFO - Processing /opt/airflow/dags/my_dag.py took 1.611 seconds
[2025-11-01T03:27:33.474+0000] {processor.py:161} INFO - Started process (PID=2055) to work on /opt/airflow/dags/my_dag.py
[2025-11-01T03:27:33.477+0000] {processor.py:830} INFO - Processing file /opt/airflow/dags/my_dag.py for tasks to queue
[2025-11-01T03:27:33.481+0000] {logging_mixin.py:188} INFO - [2025-11-01T03:27:33.479+0000] {dagbag.py:538} INFO - Filling up the DagBag from /opt/airflow/dags/my_dag.py
[2025-11-01T03:27:34.456+0000] {processor.py:840} INFO - DAG(s) 'my_dag' retrieved from /opt/airflow/dags/my_dag.py
[2025-11-01T03:27:34.495+0000] {logging_mixin.py:188} INFO - [2025-11-01T03:27:34.495+0000] {dag.py:3036} INFO - Sync 1 DAGs
[2025-11-01T03:27:34.531+0000] {logging_mixin.py:188} INFO - [2025-11-01T03:27:34.529+0000] {dag.py:3823} INFO - Setting next_dagrun for my_dag to None, run_after=None
[2025-11-01T03:27:34.702+0000] {processor.py:183} INFO - Processing /opt/airflow/dags/my_dag.py took 1.241 seconds
[2025-11-01T03:28:06.881+0000] {processor.py:161} INFO - Started process (PID=2065) to work on /opt/airflow/dags/my_dag.py
[2025-11-01T03:28:06.942+0000] {processor.py:830} INFO - Processing file /opt/airflow/dags/my_dag.py for tasks to queue
[2025-11-01T03:28:06.945+0000] {logging_mixin.py:188} INFO - [2025-11-01T03:28:06.944+0000] {dagbag.py:538} INFO - Filling up the DagBag from /opt/airflow/dags/my_dag.py
[2025-11-01T03:28:10.418+0000] {processor.py:840} INFO - DAG(s) 'my_dag' retrieved from /opt/airflow/dags/my_dag.py
[2025-11-01T03:28:10.708+0000] {logging_mixin.py:188} INFO - [2025-11-01T03:28:10.706+0000] {dag.py:3036} INFO - Sync 1 DAGs
[2025-11-01T03:28:10.797+0000] {logging_mixin.py:188} INFO - [2025-11-01T03:28:10.797+0000] {dag.py:3823} INFO - Setting next_dagrun for my_dag to None, run_after=None
[2025-11-01T03:28:10.922+0000] {processor.py:183} INFO - Processing /opt/airflow/dags/my_dag.py took 4.054 seconds
[2025-11-01T03:28:41.121+0000] {processor.py:161} INFO - Started process (PID=2078) to work on /opt/airflow/dags/my_dag.py
[2025-11-01T03:28:41.123+0000] {processor.py:830} INFO - Processing file /opt/airflow/dags/my_dag.py for tasks to queue
[2025-11-01T03:28:41.124+0000] {logging_mixin.py:188} INFO - [2025-11-01T03:28:41.124+0000] {dagbag.py:538} INFO - Filling up the DagBag from /opt/airflow/dags/my_dag.py
[2025-11-01T03:28:42.800+0000] {processor.py:840} INFO - DAG(s) 'my_dag' retrieved from /opt/airflow/dags/my_dag.py
[2025-11-01T03:28:42.860+0000] {logging_mixin.py:188} INFO - [2025-11-01T03:28:42.858+0000] {dag.py:3036} INFO - Sync 1 DAGs
[2025-11-01T03:28:42.892+0000] {logging_mixin.py:188} INFO - [2025-11-01T03:28:42.892+0000] {dag.py:3823} INFO - Setting next_dagrun for my_dag to None, run_after=None
[2025-11-01T03:28:42.987+0000] {processor.py:183} INFO - Processing /opt/airflow/dags/my_dag.py took 1.876 seconds
[2025-11-01T03:29:13.446+0000] {processor.py:161} INFO - Started process (PID=2090) to work on /opt/airflow/dags/my_dag.py
[2025-11-01T03:29:13.448+0000] {processor.py:830} INFO - Processing file /opt/airflow/dags/my_dag.py for tasks to queue
[2025-11-01T03:29:13.450+0000] {logging_mixin.py:188} INFO - [2025-11-01T03:29:13.450+0000] {dagbag.py:538} INFO - Filling up the DagBag from /opt/airflow/dags/my_dag.py
[2025-11-01T03:29:14.598+0000] {processor.py:840} INFO - DAG(s) 'my_dag' retrieved from /opt/airflow/dags/my_dag.py
[2025-11-01T03:29:14.638+0000] {logging_mixin.py:188} INFO - [2025-11-01T03:29:14.638+0000] {dag.py:3036} INFO - Sync 1 DAGs
[2025-11-01T03:29:14.665+0000] {logging_mixin.py:188} INFO - [2025-11-01T03:29:14.664+0000] {dag.py:3823} INFO - Setting next_dagrun for my_dag to None, run_after=None
[2025-11-01T03:29:14.858+0000] {processor.py:183} INFO - Processing /opt/airflow/dags/my_dag.py took 1.419 seconds
[2025-11-01T03:29:45.313+0000] {processor.py:161} INFO - Started process (PID=2102) to work on /opt/airflow/dags/my_dag.py
[2025-11-01T03:29:45.315+0000] {processor.py:830} INFO - Processing file /opt/airflow/dags/my_dag.py for tasks to queue
[2025-11-01T03:29:45.321+0000] {logging_mixin.py:188} INFO - [2025-11-01T03:29:45.316+0000] {dagbag.py:538} INFO - Filling up the DagBag from /opt/airflow/dags/my_dag.py
[2025-11-01T03:29:46.617+0000] {processor.py:840} INFO - DAG(s) 'my_dag' retrieved from /opt/airflow/dags/my_dag.py
[2025-11-01T03:29:46.679+0000] {logging_mixin.py:188} INFO - [2025-11-01T03:29:46.677+0000] {dag.py:3036} INFO - Sync 1 DAGs
[2025-11-01T03:29:46.707+0000] {logging_mixin.py:188} INFO - [2025-11-01T03:29:46.707+0000] {dag.py:3823} INFO - Setting next_dagrun for my_dag to None, run_after=None
[2025-11-01T03:29:46.755+0000] {processor.py:183} INFO - Processing /opt/airflow/dags/my_dag.py took 1.448 seconds
[2025-11-01T03:30:17.594+0000] {processor.py:161} INFO - Started process (PID=2114) to work on /opt/airflow/dags/my_dag.py
[2025-11-01T03:30:17.598+0000] {processor.py:830} INFO - Processing file /opt/airflow/dags/my_dag.py for tasks to queue
[2025-11-01T03:30:17.604+0000] {logging_mixin.py:188} INFO - [2025-11-01T03:30:17.602+0000] {dagbag.py:538} INFO - Filling up the DagBag from /opt/airflow/dags/my_dag.py
[2025-11-01T03:30:19.366+0000] {processor.py:840} INFO - DAG(s) 'my_dag' retrieved from /opt/airflow/dags/my_dag.py
[2025-11-01T03:30:19.445+0000] {logging_mixin.py:188} INFO - [2025-11-01T03:30:19.444+0000] {dag.py:3036} INFO - Sync 1 DAGs
[2025-11-01T03:30:19.494+0000] {logging_mixin.py:188} INFO - [2025-11-01T03:30:19.493+0000] {dag.py:3823} INFO - Setting next_dagrun for my_dag to None, run_after=None
[2025-11-01T03:30:19.548+0000] {processor.py:183} INFO - Processing /opt/airflow/dags/my_dag.py took 1.967 seconds
[2025-11-01T03:30:54.067+0000] {processor.py:161} INFO - Started process (PID=2125) to work on /opt/airflow/dags/my_dag.py
[2025-11-01T03:30:54.070+0000] {processor.py:830} INFO - Processing file /opt/airflow/dags/my_dag.py for tasks to queue
[2025-11-01T03:30:54.081+0000] {logging_mixin.py:188} INFO - [2025-11-01T03:30:54.072+0000] {dagbag.py:538} INFO - Filling up the DagBag from /opt/airflow/dags/my_dag.py
[2025-11-01T03:30:55.893+0000] {processor.py:840} INFO - DAG(s) 'my_dag' retrieved from /opt/airflow/dags/my_dag.py
[2025-11-01T03:30:55.984+0000] {logging_mixin.py:188} INFO - [2025-11-01T03:30:55.983+0000] {dag.py:3036} INFO - Sync 1 DAGs
[2025-11-01T03:30:56.078+0000] {logging_mixin.py:188} INFO - [2025-11-01T03:30:56.077+0000] {dag.py:3823} INFO - Setting next_dagrun for my_dag to None, run_after=None
[2025-11-01T03:30:56.210+0000] {processor.py:183} INFO - Processing /opt/airflow/dags/my_dag.py took 2.155 seconds
[2025-11-01T03:31:26.596+0000] {processor.py:161} INFO - Started process (PID=2138) to work on /opt/airflow/dags/my_dag.py
[2025-11-01T03:31:26.598+0000] {processor.py:830} INFO - Processing file /opt/airflow/dags/my_dag.py for tasks to queue
[2025-11-01T03:31:26.601+0000] {logging_mixin.py:188} INFO - [2025-11-01T03:31:26.600+0000] {dagbag.py:538} INFO - Filling up the DagBag from /opt/airflow/dags/my_dag.py
[2025-11-01T03:31:27.503+0000] {processor.py:840} INFO - DAG(s) 'my_dag' retrieved from /opt/airflow/dags/my_dag.py
[2025-11-01T03:31:27.542+0000] {logging_mixin.py:188} INFO - [2025-11-01T03:31:27.541+0000] {dag.py:3036} INFO - Sync 1 DAGs
[2025-11-01T03:31:27.558+0000] {logging_mixin.py:188} INFO - [2025-11-01T03:31:27.558+0000] {dag.py:3823} INFO - Setting next_dagrun for my_dag to None, run_after=None
[2025-11-01T03:31:27.597+0000] {processor.py:183} INFO - Processing /opt/airflow/dags/my_dag.py took 1.007 seconds
[2025-11-01T03:31:58.020+0000] {processor.py:161} INFO - Started process (PID=2150) to work on /opt/airflow/dags/my_dag.py
[2025-11-01T03:31:58.026+0000] {processor.py:830} INFO - Processing file /opt/airflow/dags/my_dag.py for tasks to queue
[2025-11-01T03:31:58.028+0000] {logging_mixin.py:188} INFO - [2025-11-01T03:31:58.028+0000] {dagbag.py:538} INFO - Filling up the DagBag from /opt/airflow/dags/my_dag.py
[2025-11-01T03:31:59.067+0000] {processor.py:840} INFO - DAG(s) 'my_dag' retrieved from /opt/airflow/dags/my_dag.py
[2025-11-01T03:31:59.109+0000] {logging_mixin.py:188} INFO - [2025-11-01T03:31:59.108+0000] {dag.py:3036} INFO - Sync 1 DAGs
[2025-11-01T03:31:59.131+0000] {logging_mixin.py:188} INFO - [2025-11-01T03:31:59.130+0000] {dag.py:3823} INFO - Setting next_dagrun for my_dag to None, run_after=None
[2025-11-01T03:31:59.173+0000] {processor.py:183} INFO - Processing /opt/airflow/dags/my_dag.py took 1.165 seconds
[2025-11-01T03:32:29.378+0000] {processor.py:161} INFO - Started process (PID=2162) to work on /opt/airflow/dags/my_dag.py
[2025-11-01T03:32:29.381+0000] {processor.py:830} INFO - Processing file /opt/airflow/dags/my_dag.py for tasks to queue
[2025-11-01T03:32:29.385+0000] {logging_mixin.py:188} INFO - [2025-11-01T03:32:29.384+0000] {dagbag.py:538} INFO - Filling up the DagBag from /opt/airflow/dags/my_dag.py
[2025-11-01T03:32:31.140+0000] {processor.py:840} INFO - DAG(s) 'my_dag' retrieved from /opt/airflow/dags/my_dag.py
[2025-11-01T03:32:31.236+0000] {logging_mixin.py:188} INFO - [2025-11-01T03:32:31.235+0000] {dag.py:3036} INFO - Sync 1 DAGs
[2025-11-01T03:32:31.279+0000] {logging_mixin.py:188} INFO - [2025-11-01T03:32:31.278+0000] {dag.py:3823} INFO - Setting next_dagrun for my_dag to None, run_after=None
[2025-11-01T03:32:31.402+0000] {processor.py:183} INFO - Processing /opt/airflow/dags/my_dag.py took 2.043 seconds
[2025-11-01T03:33:01.979+0000] {processor.py:161} INFO - Started process (PID=2174) to work on /opt/airflow/dags/my_dag.py
[2025-11-01T03:33:01.981+0000] {processor.py:830} INFO - Processing file /opt/airflow/dags/my_dag.py for tasks to queue
[2025-11-01T03:33:01.984+0000] {logging_mixin.py:188} INFO - [2025-11-01T03:33:01.983+0000] {dagbag.py:538} INFO - Filling up the DagBag from /opt/airflow/dags/my_dag.py
[2025-11-01T03:33:03.825+0000] {processor.py:840} INFO - DAG(s) 'my_dag' retrieved from /opt/airflow/dags/my_dag.py
[2025-11-01T03:33:03.893+0000] {logging_mixin.py:188} INFO - [2025-11-01T03:33:03.891+0000] {dag.py:3036} INFO - Sync 1 DAGs
[2025-11-01T03:33:03.926+0000] {logging_mixin.py:188} INFO - [2025-11-01T03:33:03.925+0000] {dag.py:3823} INFO - Setting next_dagrun for my_dag to None, run_after=None
[2025-11-01T03:33:04.038+0000] {processor.py:183} INFO - Processing /opt/airflow/dags/my_dag.py took 2.067 seconds
[2025-11-01T03:33:34.701+0000] {processor.py:161} INFO - Started process (PID=2187) to work on /opt/airflow/dags/my_dag.py
[2025-11-01T03:33:34.703+0000] {processor.py:830} INFO - Processing file /opt/airflow/dags/my_dag.py for tasks to queue
[2025-11-01T03:33:34.706+0000] {logging_mixin.py:188} INFO - [2025-11-01T03:33:34.705+0000] {dagbag.py:538} INFO - Filling up the DagBag from /opt/airflow/dags/my_dag.py
[2025-11-01T03:33:36.567+0000] {processor.py:840} INFO - DAG(s) 'my_dag' retrieved from /opt/airflow/dags/my_dag.py
[2025-11-01T03:33:36.621+0000] {logging_mixin.py:188} INFO - [2025-11-01T03:33:36.620+0000] {dag.py:3036} INFO - Sync 1 DAGs
[2025-11-01T03:33:36.646+0000] {logging_mixin.py:188} INFO - [2025-11-01T03:33:36.645+0000] {dag.py:3823} INFO - Setting next_dagrun for my_dag to None, run_after=None
[2025-11-01T03:33:36.695+0000] {processor.py:183} INFO - Processing /opt/airflow/dags/my_dag.py took 2.003 seconds
[2025-11-01T03:34:07.581+0000] {processor.py:161} INFO - Started process (PID=2199) to work on /opt/airflow/dags/my_dag.py
[2025-11-01T03:34:07.583+0000] {processor.py:830} INFO - Processing file /opt/airflow/dags/my_dag.py for tasks to queue
[2025-11-01T03:34:07.586+0000] {logging_mixin.py:188} INFO - [2025-11-01T03:34:07.585+0000] {dagbag.py:538} INFO - Filling up the DagBag from /opt/airflow/dags/my_dag.py
[2025-11-01T03:34:09.095+0000] {processor.py:840} INFO - DAG(s) 'my_dag' retrieved from /opt/airflow/dags/my_dag.py
[2025-11-01T03:34:09.140+0000] {logging_mixin.py:188} INFO - [2025-11-01T03:34:09.139+0000] {dag.py:3036} INFO - Sync 1 DAGs
[2025-11-01T03:34:09.167+0000] {logging_mixin.py:188} INFO - [2025-11-01T03:34:09.166+0000] {dag.py:3823} INFO - Setting next_dagrun for my_dag to None, run_after=None
[2025-11-01T03:34:09.207+0000] {processor.py:183} INFO - Processing /opt/airflow/dags/my_dag.py took 1.638 seconds
[2025-11-01T03:34:39.569+0000] {processor.py:161} INFO - Started process (PID=2211) to work on /opt/airflow/dags/my_dag.py
[2025-11-01T03:34:39.571+0000] {processor.py:830} INFO - Processing file /opt/airflow/dags/my_dag.py for tasks to queue
[2025-11-01T03:34:39.573+0000] {logging_mixin.py:188} INFO - [2025-11-01T03:34:39.572+0000] {dagbag.py:538} INFO - Filling up the DagBag from /opt/airflow/dags/my_dag.py
[2025-11-01T03:34:40.711+0000] {processor.py:840} INFO - DAG(s) 'my_dag' retrieved from /opt/airflow/dags/my_dag.py
[2025-11-01T03:34:40.776+0000] {logging_mixin.py:188} INFO - [2025-11-01T03:34:40.776+0000] {dag.py:3036} INFO - Sync 1 DAGs
[2025-11-01T03:34:40.796+0000] {logging_mixin.py:188} INFO - [2025-11-01T03:34:40.796+0000] {dag.py:3823} INFO - Setting next_dagrun for my_dag to None, run_after=None
[2025-11-01T03:34:40.831+0000] {processor.py:183} INFO - Processing /opt/airflow/dags/my_dag.py took 1.272 seconds
[2025-11-01T03:35:12.616+0000] {processor.py:161} INFO - Started process (PID=2222) to work on /opt/airflow/dags/my_dag.py
[2025-11-01T03:35:12.626+0000] {processor.py:830} INFO - Processing file /opt/airflow/dags/my_dag.py for tasks to queue
[2025-11-01T03:35:12.631+0000] {logging_mixin.py:188} INFO - [2025-11-01T03:35:12.628+0000] {dagbag.py:538} INFO - Filling up the DagBag from /opt/airflow/dags/my_dag.py
[2025-11-01T03:35:14.270+0000] {processor.py:840} INFO - DAG(s) 'my_dag' retrieved from /opt/airflow/dags/my_dag.py
[2025-11-01T03:35:14.325+0000] {logging_mixin.py:188} INFO - [2025-11-01T03:35:14.324+0000] {dag.py:3036} INFO - Sync 1 DAGs
[2025-11-01T03:35:14.352+0000] {logging_mixin.py:188} INFO - [2025-11-01T03:35:14.351+0000] {dag.py:3823} INFO - Setting next_dagrun for my_dag to None, run_after=None
[2025-11-01T03:35:14.397+0000] {processor.py:183} INFO - Processing /opt/airflow/dags/my_dag.py took 1.796 seconds
[2025-11-01T03:35:44.911+0000] {processor.py:161} INFO - Started process (PID=2235) to work on /opt/airflow/dags/my_dag.py
[2025-11-01T03:35:44.919+0000] {processor.py:830} INFO - Processing file /opt/airflow/dags/my_dag.py for tasks to queue
[2025-11-01T03:35:44.921+0000] {logging_mixin.py:188} INFO - [2025-11-01T03:35:44.921+0000] {dagbag.py:538} INFO - Filling up the DagBag from /opt/airflow/dags/my_dag.py
[2025-11-01T03:35:45.992+0000] {processor.py:840} INFO - DAG(s) 'my_dag' retrieved from /opt/airflow/dags/my_dag.py
[2025-11-01T03:35:46.028+0000] {logging_mixin.py:188} INFO - [2025-11-01T03:35:46.027+0000] {dag.py:3036} INFO - Sync 1 DAGs
[2025-11-01T03:35:46.047+0000] {logging_mixin.py:188} INFO - [2025-11-01T03:35:46.046+0000] {dag.py:3823} INFO - Setting next_dagrun for my_dag to None, run_after=None
[2025-11-01T03:35:46.099+0000] {processor.py:183} INFO - Processing /opt/airflow/dags/my_dag.py took 1.197 seconds
[2025-11-01T03:36:17.765+0000] {processor.py:161} INFO - Started process (PID=2247) to work on /opt/airflow/dags/my_dag.py
[2025-11-01T03:36:17.768+0000] {processor.py:830} INFO - Processing file /opt/airflow/dags/my_dag.py for tasks to queue
[2025-11-01T03:36:17.771+0000] {logging_mixin.py:188} INFO - [2025-11-01T03:36:17.770+0000] {dagbag.py:538} INFO - Filling up the DagBag from /opt/airflow/dags/my_dag.py
[2025-11-01T03:36:19.226+0000] {processor.py:840} INFO - DAG(s) 'my_dag' retrieved from /opt/airflow/dags/my_dag.py
[2025-11-01T03:36:19.303+0000] {logging_mixin.py:188} INFO - [2025-11-01T03:36:19.302+0000] {dag.py:3036} INFO - Sync 1 DAGs
[2025-11-01T03:36:19.330+0000] {logging_mixin.py:188} INFO - [2025-11-01T03:36:19.330+0000] {dag.py:3823} INFO - Setting next_dagrun for my_dag to None, run_after=None
[2025-11-01T03:36:19.385+0000] {processor.py:183} INFO - Processing /opt/airflow/dags/my_dag.py took 1.633 seconds
[2025-11-01T03:36:50.328+0000] {processor.py:161} INFO - Started process (PID=2260) to work on /opt/airflow/dags/my_dag.py
[2025-11-01T03:36:50.331+0000] {processor.py:830} INFO - Processing file /opt/airflow/dags/my_dag.py for tasks to queue
[2025-11-01T03:36:50.335+0000] {logging_mixin.py:188} INFO - [2025-11-01T03:36:50.333+0000] {dagbag.py:538} INFO - Filling up the DagBag from /opt/airflow/dags/my_dag.py
[2025-11-01T03:36:51.421+0000] {processor.py:840} INFO - DAG(s) 'my_dag' retrieved from /opt/airflow/dags/my_dag.py
[2025-11-01T03:36:51.468+0000] {logging_mixin.py:188} INFO - [2025-11-01T03:36:51.468+0000] {dag.py:3036} INFO - Sync 1 DAGs
[2025-11-01T03:36:51.487+0000] {logging_mixin.py:188} INFO - [2025-11-01T03:36:51.486+0000] {dag.py:3823} INFO - Setting next_dagrun for my_dag to None, run_after=None
[2025-11-01T03:36:51.553+0000] {processor.py:183} INFO - Processing /opt/airflow/dags/my_dag.py took 1.235 seconds
[2025-11-01T03:37:22.873+0000] {processor.py:161} INFO - Started process (PID=2270) to work on /opt/airflow/dags/my_dag.py
[2025-11-01T03:37:22.880+0000] {processor.py:830} INFO - Processing file /opt/airflow/dags/my_dag.py for tasks to queue
[2025-11-01T03:37:22.885+0000] {logging_mixin.py:188} INFO - [2025-11-01T03:37:22.884+0000] {dagbag.py:538} INFO - Filling up the DagBag from /opt/airflow/dags/my_dag.py
[2025-11-01T03:37:24.507+0000] {processor.py:840} INFO - DAG(s) 'my_dag' retrieved from /opt/airflow/dags/my_dag.py
[2025-11-01T03:37:24.574+0000] {logging_mixin.py:188} INFO - [2025-11-01T03:37:24.571+0000] {dag.py:3036} INFO - Sync 1 DAGs
[2025-11-01T03:37:24.600+0000] {logging_mixin.py:188} INFO - [2025-11-01T03:37:24.600+0000] {dag.py:3823} INFO - Setting next_dagrun for my_dag to None, run_after=None
[2025-11-01T03:37:24.668+0000] {processor.py:183} INFO - Processing /opt/airflow/dags/my_dag.py took 1.816 seconds
[2025-11-01T03:37:55.773+0000] {processor.py:161} INFO - Started process (PID=2283) to work on /opt/airflow/dags/my_dag.py
[2025-11-01T03:37:55.775+0000] {processor.py:830} INFO - Processing file /opt/airflow/dags/my_dag.py for tasks to queue
[2025-11-01T03:37:55.778+0000] {logging_mixin.py:188} INFO - [2025-11-01T03:37:55.777+0000] {dagbag.py:538} INFO - Filling up the DagBag from /opt/airflow/dags/my_dag.py
[2025-11-01T03:37:56.978+0000] {processor.py:840} INFO - DAG(s) 'my_dag' retrieved from /opt/airflow/dags/my_dag.py
[2025-11-01T03:37:57.013+0000] {logging_mixin.py:188} INFO - [2025-11-01T03:37:57.013+0000] {dag.py:3036} INFO - Sync 1 DAGs
[2025-11-01T03:37:57.032+0000] {logging_mixin.py:188} INFO - [2025-11-01T03:37:57.032+0000] {dag.py:3823} INFO - Setting next_dagrun for my_dag to None, run_after=None
[2025-11-01T03:37:57.078+0000] {processor.py:183} INFO - Processing /opt/airflow/dags/my_dag.py took 1.320 seconds
[2025-11-01T03:38:28.000+0000] {processor.py:161} INFO - Started process (PID=2294) to work on /opt/airflow/dags/my_dag.py
[2025-11-01T03:38:28.002+0000] {processor.py:830} INFO - Processing file /opt/airflow/dags/my_dag.py for tasks to queue
[2025-11-01T03:38:28.007+0000] {logging_mixin.py:188} INFO - [2025-11-01T03:38:28.005+0000] {dagbag.py:538} INFO - Filling up the DagBag from /opt/airflow/dags/my_dag.py
[2025-11-01T03:38:28.850+0000] {processor.py:840} INFO - DAG(s) 'my_dag' retrieved from /opt/airflow/dags/my_dag.py
[2025-11-01T03:38:28.921+0000] {logging_mixin.py:188} INFO - [2025-11-01T03:38:28.920+0000] {dag.py:3036} INFO - Sync 1 DAGs
[2025-11-01T03:38:28.952+0000] {logging_mixin.py:188} INFO - [2025-11-01T03:38:28.951+0000] {dag.py:3823} INFO - Setting next_dagrun for my_dag to None, run_after=None
[2025-11-01T03:38:29.372+0000] {processor.py:183} INFO - Processing /opt/airflow/dags/my_dag.py took 1.386 seconds
[2025-11-01T03:39:00.953+0000] {processor.py:161} INFO - Started process (PID=2306) to work on /opt/airflow/dags/my_dag.py
[2025-11-01T03:39:00.956+0000] {processor.py:830} INFO - Processing file /opt/airflow/dags/my_dag.py for tasks to queue
[2025-11-01T03:39:00.959+0000] {logging_mixin.py:188} INFO - [2025-11-01T03:39:00.958+0000] {dagbag.py:538} INFO - Filling up the DagBag from /opt/airflow/dags/my_dag.py
[2025-11-01T03:39:02.262+0000] {processor.py:840} INFO - DAG(s) 'my_dag' retrieved from /opt/airflow/dags/my_dag.py
[2025-11-01T03:39:02.315+0000] {logging_mixin.py:188} INFO - [2025-11-01T03:39:02.314+0000] {dag.py:3036} INFO - Sync 1 DAGs
[2025-11-01T03:39:02.375+0000] {logging_mixin.py:188} INFO - [2025-11-01T03:39:02.374+0000] {dag.py:3823} INFO - Setting next_dagrun for my_dag to None, run_after=None
[2025-11-01T03:39:02.425+0000] {processor.py:183} INFO - Processing /opt/airflow/dags/my_dag.py took 1.482 seconds
[2025-11-01T03:39:34.246+0000] {processor.py:161} INFO - Started process (PID=2318) to work on /opt/airflow/dags/my_dag.py
[2025-11-01T03:39:34.252+0000] {processor.py:830} INFO - Processing file /opt/airflow/dags/my_dag.py for tasks to queue
[2025-11-01T03:39:34.304+0000] {logging_mixin.py:188} INFO - [2025-11-01T03:39:34.302+0000] {dagbag.py:538} INFO - Filling up the DagBag from /opt/airflow/dags/my_dag.py
[2025-11-01T03:39:36.262+0000] {processor.py:840} INFO - DAG(s) 'my_dag' retrieved from /opt/airflow/dags/my_dag.py
[2025-11-01T03:39:36.334+0000] {logging_mixin.py:188} INFO - [2025-11-01T03:39:36.333+0000] {dag.py:3036} INFO - Sync 1 DAGs
[2025-11-01T03:39:36.365+0000] {logging_mixin.py:188} INFO - [2025-11-01T03:39:36.365+0000] {dag.py:3823} INFO - Setting next_dagrun for my_dag to None, run_after=None
[2025-11-01T03:39:36.415+0000] {processor.py:183} INFO - Processing /opt/airflow/dags/my_dag.py took 2.191 seconds
[2025-11-01T03:40:07.265+0000] {processor.py:161} INFO - Started process (PID=2330) to work on /opt/airflow/dags/my_dag.py
[2025-11-01T03:40:07.267+0000] {processor.py:830} INFO - Processing file /opt/airflow/dags/my_dag.py for tasks to queue
[2025-11-01T03:40:07.271+0000] {logging_mixin.py:188} INFO - [2025-11-01T03:40:07.270+0000] {dagbag.py:538} INFO - Filling up the DagBag from /opt/airflow/dags/my_dag.py
[2025-11-01T03:40:08.498+0000] {processor.py:840} INFO - DAG(s) 'my_dag' retrieved from /opt/airflow/dags/my_dag.py
[2025-11-01T03:40:08.536+0000] {logging_mixin.py:188} INFO - [2025-11-01T03:40:08.535+0000] {dag.py:3036} INFO - Sync 1 DAGs
[2025-11-01T03:40:08.553+0000] {logging_mixin.py:188} INFO - [2025-11-01T03:40:08.553+0000] {dag.py:3823} INFO - Setting next_dagrun for my_dag to None, run_after=None
[2025-11-01T03:40:08.595+0000] {processor.py:183} INFO - Processing /opt/airflow/dags/my_dag.py took 1.339 seconds
[2025-11-01T03:40:39.436+0000] {processor.py:161} INFO - Started process (PID=2342) to work on /opt/airflow/dags/my_dag.py
[2025-11-01T03:40:39.441+0000] {processor.py:830} INFO - Processing file /opt/airflow/dags/my_dag.py for tasks to queue
[2025-11-01T03:40:39.447+0000] {logging_mixin.py:188} INFO - [2025-11-01T03:40:39.443+0000] {dagbag.py:538} INFO - Filling up the DagBag from /opt/airflow/dags/my_dag.py
[2025-11-01T03:40:41.026+0000] {processor.py:840} INFO - DAG(s) 'my_dag' retrieved from /opt/airflow/dags/my_dag.py
[2025-11-01T03:40:41.095+0000] {logging_mixin.py:188} INFO - [2025-11-01T03:40:41.094+0000] {dag.py:3036} INFO - Sync 1 DAGs
[2025-11-01T03:40:41.120+0000] {logging_mixin.py:188} INFO - [2025-11-01T03:40:41.119+0000] {dag.py:3823} INFO - Setting next_dagrun for my_dag to None, run_after=None
[2025-11-01T03:40:41.167+0000] {processor.py:183} INFO - Processing /opt/airflow/dags/my_dag.py took 1.741 seconds
[2025-11-01T03:41:12.108+0000] {processor.py:161} INFO - Started process (PID=2354) to work on /opt/airflow/dags/my_dag.py
[2025-11-01T03:41:12.110+0000] {processor.py:830} INFO - Processing file /opt/airflow/dags/my_dag.py for tasks to queue
[2025-11-01T03:41:12.113+0000] {logging_mixin.py:188} INFO - [2025-11-01T03:41:12.112+0000] {dagbag.py:538} INFO - Filling up the DagBag from /opt/airflow/dags/my_dag.py
[2025-11-01T03:41:13.241+0000] {processor.py:840} INFO - DAG(s) 'my_dag' retrieved from /opt/airflow/dags/my_dag.py
[2025-11-01T03:41:13.274+0000] {logging_mixin.py:188} INFO - [2025-11-01T03:41:13.274+0000] {dag.py:3036} INFO - Sync 1 DAGs
[2025-11-01T03:41:13.301+0000] {logging_mixin.py:188} INFO - [2025-11-01T03:41:13.301+0000] {dag.py:3823} INFO - Setting next_dagrun for my_dag to None, run_after=None
[2025-11-01T03:41:13.376+0000] {processor.py:183} INFO - Processing /opt/airflow/dags/my_dag.py took 1.277 seconds
[2025-11-01T03:41:46.012+0000] {processor.py:161} INFO - Started process (PID=2365) to work on /opt/airflow/dags/my_dag.py
[2025-11-01T03:41:46.053+0000] {processor.py:830} INFO - Processing file /opt/airflow/dags/my_dag.py for tasks to queue
[2025-11-01T03:41:46.070+0000] {logging_mixin.py:188} INFO - [2025-11-01T03:41:46.069+0000] {dagbag.py:538} INFO - Filling up the DagBag from /opt/airflow/dags/my_dag.py
[2025-11-01T03:41:48.199+0000] {processor.py:840} INFO - DAG(s) 'my_dag' retrieved from /opt/airflow/dags/my_dag.py
[2025-11-01T03:41:48.318+0000] {logging_mixin.py:188} INFO - [2025-11-01T03:41:48.316+0000] {dag.py:3036} INFO - Sync 1 DAGs
[2025-11-01T03:41:48.423+0000] {logging_mixin.py:188} INFO - [2025-11-01T03:41:48.420+0000] {dag.py:3823} INFO - Setting next_dagrun for my_dag to None, run_after=None
[2025-11-01T03:41:48.515+0000] {processor.py:183} INFO - Processing /opt/airflow/dags/my_dag.py took 2.529 seconds
[2025-11-01T03:42:18.704+0000] {processor.py:161} INFO - Started process (PID=2378) to work on /opt/airflow/dags/my_dag.py
[2025-11-01T03:42:18.706+0000] {processor.py:830} INFO - Processing file /opt/airflow/dags/my_dag.py for tasks to queue
[2025-11-01T03:42:18.711+0000] {logging_mixin.py:188} INFO - [2025-11-01T03:42:18.710+0000] {dagbag.py:538} INFO - Filling up the DagBag from /opt/airflow/dags/my_dag.py
[2025-11-01T03:42:19.640+0000] {processor.py:840} INFO - DAG(s) 'my_dag' retrieved from /opt/airflow/dags/my_dag.py
[2025-11-01T03:42:19.688+0000] {logging_mixin.py:188} INFO - [2025-11-01T03:42:19.687+0000] {dag.py:3036} INFO - Sync 1 DAGs
[2025-11-01T03:42:19.710+0000] {logging_mixin.py:188} INFO - [2025-11-01T03:42:19.709+0000] {dag.py:3823} INFO - Setting next_dagrun for my_dag to None, run_after=None
[2025-11-01T03:42:19.769+0000] {processor.py:183} INFO - Processing /opt/airflow/dags/my_dag.py took 1.078 seconds
[2025-11-01T03:42:50.349+0000] {processor.py:161} INFO - Started process (PID=2390) to work on /opt/airflow/dags/my_dag.py
[2025-11-01T03:42:50.356+0000] {processor.py:830} INFO - Processing file /opt/airflow/dags/my_dag.py for tasks to queue
[2025-11-01T03:42:50.360+0000] {logging_mixin.py:188} INFO - [2025-11-01T03:42:50.359+0000] {dagbag.py:538} INFO - Filling up the DagBag from /opt/airflow/dags/my_dag.py
[2025-11-01T03:42:51.864+0000] {processor.py:840} INFO - DAG(s) 'my_dag' retrieved from /opt/airflow/dags/my_dag.py
[2025-11-01T03:42:51.951+0000] {logging_mixin.py:188} INFO - [2025-11-01T03:42:51.950+0000] {dag.py:3036} INFO - Sync 1 DAGs
[2025-11-01T03:42:51.984+0000] {logging_mixin.py:188} INFO - [2025-11-01T03:42:51.984+0000] {dag.py:3823} INFO - Setting next_dagrun for my_dag to None, run_after=None
[2025-11-01T03:42:52.055+0000] {processor.py:183} INFO - Processing /opt/airflow/dags/my_dag.py took 1.722 seconds
[2025-11-01T03:43:23.751+0000] {processor.py:161} INFO - Started process (PID=2401) to work on /opt/airflow/dags/my_dag.py
[2025-11-01T03:43:23.769+0000] {processor.py:830} INFO - Processing file /opt/airflow/dags/my_dag.py for tasks to queue
[2025-11-01T03:43:23.782+0000] {logging_mixin.py:188} INFO - [2025-11-01T03:43:23.776+0000] {dagbag.py:538} INFO - Filling up the DagBag from /opt/airflow/dags/my_dag.py
[2025-11-01T03:43:26.461+0000] {processor.py:840} INFO - DAG(s) 'my_dag' retrieved from /opt/airflow/dags/my_dag.py
[2025-11-01T03:43:26.529+0000] {logging_mixin.py:188} INFO - [2025-11-01T03:43:26.528+0000] {dag.py:3036} INFO - Sync 1 DAGs
[2025-11-01T03:43:26.608+0000] {logging_mixin.py:188} INFO - [2025-11-01T03:43:26.607+0000] {dag.py:3823} INFO - Setting next_dagrun for my_dag to None, run_after=None
[2025-11-01T03:43:26.708+0000] {processor.py:183} INFO - Processing /opt/airflow/dags/my_dag.py took 3.012 seconds
[2025-11-01T03:43:56.913+0000] {processor.py:161} INFO - Started process (PID=2414) to work on /opt/airflow/dags/my_dag.py
[2025-11-01T03:43:56.915+0000] {processor.py:830} INFO - Processing file /opt/airflow/dags/my_dag.py for tasks to queue
[2025-11-01T03:43:56.919+0000] {logging_mixin.py:188} INFO - [2025-11-01T03:43:56.918+0000] {dagbag.py:538} INFO - Filling up the DagBag from /opt/airflow/dags/my_dag.py
[2025-11-01T03:43:58.822+0000] {processor.py:840} INFO - DAG(s) 'my_dag' retrieved from /opt/airflow/dags/my_dag.py
[2025-11-01T03:43:58.898+0000] {logging_mixin.py:188} INFO - [2025-11-01T03:43:58.894+0000] {dag.py:3036} INFO - Sync 1 DAGs
[2025-11-01T03:43:58.952+0000] {logging_mixin.py:188} INFO - [2025-11-01T03:43:58.951+0000] {dag.py:3823} INFO - Setting next_dagrun for my_dag to None, run_after=None
[2025-11-01T03:43:59.032+0000] {processor.py:183} INFO - Processing /opt/airflow/dags/my_dag.py took 2.127 seconds
[2025-11-01T03:44:29.867+0000] {processor.py:161} INFO - Started process (PID=2426) to work on /opt/airflow/dags/my_dag.py
[2025-11-01T03:44:29.870+0000] {processor.py:830} INFO - Processing file /opt/airflow/dags/my_dag.py for tasks to queue
[2025-11-01T03:44:29.873+0000] {logging_mixin.py:188} INFO - [2025-11-01T03:44:29.872+0000] {dagbag.py:538} INFO - Filling up the DagBag from /opt/airflow/dags/my_dag.py
[2025-11-01T03:44:31.579+0000] {processor.py:840} INFO - DAG(s) 'my_dag' retrieved from /opt/airflow/dags/my_dag.py
[2025-11-01T03:44:31.724+0000] {logging_mixin.py:188} INFO - [2025-11-01T03:44:31.723+0000] {dag.py:3036} INFO - Sync 1 DAGs
[2025-11-01T03:44:31.780+0000] {logging_mixin.py:188} INFO - [2025-11-01T03:44:31.779+0000] {dag.py:3823} INFO - Setting next_dagrun for my_dag to None, run_after=None
[2025-11-01T03:44:31.908+0000] {processor.py:183} INFO - Processing /opt/airflow/dags/my_dag.py took 2.058 seconds
[2025-11-01T03:45:02.226+0000] {processor.py:161} INFO - Started process (PID=2439) to work on /opt/airflow/dags/my_dag.py
[2025-11-01T03:45:02.230+0000] {processor.py:830} INFO - Processing file /opt/airflow/dags/my_dag.py for tasks to queue
[2025-11-01T03:45:02.234+0000] {logging_mixin.py:188} INFO - [2025-11-01T03:45:02.233+0000] {dagbag.py:538} INFO - Filling up the DagBag from /opt/airflow/dags/my_dag.py
[2025-11-01T03:45:04.818+0000] {processor.py:840} INFO - DAG(s) 'my_dag' retrieved from /opt/airflow/dags/my_dag.py
[2025-11-01T03:45:04.914+0000] {logging_mixin.py:188} INFO - [2025-11-01T03:45:04.913+0000] {dag.py:3036} INFO - Sync 1 DAGs
[2025-11-01T03:45:04.962+0000] {logging_mixin.py:188} INFO - [2025-11-01T03:45:04.961+0000] {dag.py:3823} INFO - Setting next_dagrun for my_dag to None, run_after=None
[2025-11-01T03:45:05.049+0000] {processor.py:183} INFO - Processing /opt/airflow/dags/my_dag.py took 2.835 seconds
[2025-11-01T03:45:35.545+0000] {processor.py:161} INFO - Started process (PID=2451) to work on /opt/airflow/dags/my_dag.py
[2025-11-01T03:45:35.550+0000] {processor.py:830} INFO - Processing file /opt/airflow/dags/my_dag.py for tasks to queue
[2025-11-01T03:45:35.556+0000] {logging_mixin.py:188} INFO - [2025-11-01T03:45:35.554+0000] {dagbag.py:538} INFO - Filling up the DagBag from /opt/airflow/dags/my_dag.py
[2025-11-01T03:45:37.197+0000] {processor.py:840} INFO - DAG(s) 'my_dag' retrieved from /opt/airflow/dags/my_dag.py
[2025-11-01T03:45:37.270+0000] {logging_mixin.py:188} INFO - [2025-11-01T03:45:37.269+0000] {dag.py:3036} INFO - Sync 1 DAGs
[2025-11-01T03:45:37.298+0000] {logging_mixin.py:188} INFO - [2025-11-01T03:45:37.297+0000] {dag.py:3823} INFO - Setting next_dagrun for my_dag to None, run_after=None
[2025-11-01T03:45:37.370+0000] {processor.py:183} INFO - Processing /opt/airflow/dags/my_dag.py took 1.843 seconds
[2025-11-01T03:46:08.143+0000] {processor.py:161} INFO - Started process (PID=2463) to work on /opt/airflow/dags/my_dag.py
[2025-11-01T03:46:08.147+0000] {processor.py:830} INFO - Processing file /opt/airflow/dags/my_dag.py for tasks to queue
[2025-11-01T03:46:08.152+0000] {logging_mixin.py:188} INFO - [2025-11-01T03:46:08.150+0000] {dagbag.py:538} INFO - Filling up the DagBag from /opt/airflow/dags/my_dag.py
[2025-11-01T03:46:10.051+0000] {processor.py:840} INFO - DAG(s) 'my_dag' retrieved from /opt/airflow/dags/my_dag.py
[2025-11-01T03:46:10.125+0000] {logging_mixin.py:188} INFO - [2025-11-01T03:46:10.123+0000] {dag.py:3036} INFO - Sync 1 DAGs
[2025-11-01T03:46:10.158+0000] {logging_mixin.py:188} INFO - [2025-11-01T03:46:10.158+0000] {dag.py:3823} INFO - Setting next_dagrun for my_dag to None, run_after=None
[2025-11-01T03:46:10.233+0000] {processor.py:183} INFO - Processing /opt/airflow/dags/my_dag.py took 2.105 seconds
[2025-11-01T03:46:40.428+0000] {processor.py:161} INFO - Started process (PID=2475) to work on /opt/airflow/dags/my_dag.py
[2025-11-01T03:46:40.433+0000] {processor.py:830} INFO - Processing file /opt/airflow/dags/my_dag.py for tasks to queue
[2025-11-01T03:46:40.436+0000] {logging_mixin.py:188} INFO - [2025-11-01T03:46:40.435+0000] {dagbag.py:538} INFO - Filling up the DagBag from /opt/airflow/dags/my_dag.py
[2025-11-01T03:46:42.298+0000] {processor.py:840} INFO - DAG(s) 'my_dag' retrieved from /opt/airflow/dags/my_dag.py
[2025-11-01T03:46:42.366+0000] {logging_mixin.py:188} INFO - [2025-11-01T03:46:42.365+0000] {dag.py:3036} INFO - Sync 1 DAGs
[2025-11-01T03:46:42.402+0000] {logging_mixin.py:188} INFO - [2025-11-01T03:46:42.398+0000] {dag.py:3823} INFO - Setting next_dagrun for my_dag to None, run_after=None
[2025-11-01T03:46:42.477+0000] {processor.py:183} INFO - Processing /opt/airflow/dags/my_dag.py took 2.066 seconds
[2025-11-01T03:47:12.851+0000] {processor.py:161} INFO - Started process (PID=2487) to work on /opt/airflow/dags/my_dag.py
[2025-11-01T03:47:12.855+0000] {processor.py:830} INFO - Processing file /opt/airflow/dags/my_dag.py for tasks to queue
[2025-11-01T03:47:12.858+0000] {logging_mixin.py:188} INFO - [2025-11-01T03:47:12.857+0000] {dagbag.py:538} INFO - Filling up the DagBag from /opt/airflow/dags/my_dag.py
[2025-11-01T03:47:15.020+0000] {processor.py:840} INFO - DAG(s) 'my_dag' retrieved from /opt/airflow/dags/my_dag.py
[2025-11-01T03:47:15.121+0000] {logging_mixin.py:188} INFO - [2025-11-01T03:47:15.120+0000] {dag.py:3036} INFO - Sync 1 DAGs
[2025-11-01T03:47:15.161+0000] {logging_mixin.py:188} INFO - [2025-11-01T03:47:15.161+0000] {dag.py:3823} INFO - Setting next_dagrun for my_dag to None, run_after=None
[2025-11-01T03:47:15.219+0000] {processor.py:183} INFO - Processing /opt/airflow/dags/my_dag.py took 2.380 seconds
[2025-11-01T03:47:46.000+0000] {processor.py:161} INFO - Started process (PID=2499) to work on /opt/airflow/dags/my_dag.py
[2025-11-01T03:47:46.004+0000] {processor.py:830} INFO - Processing file /opt/airflow/dags/my_dag.py for tasks to queue
[2025-11-01T03:47:46.007+0000] {logging_mixin.py:188} INFO - [2025-11-01T03:47:46.006+0000] {dagbag.py:538} INFO - Filling up the DagBag from /opt/airflow/dags/my_dag.py
[2025-11-01T03:47:47.870+0000] {processor.py:840} INFO - DAG(s) 'my_dag' retrieved from /opt/airflow/dags/my_dag.py
[2025-11-01T03:47:47.935+0000] {logging_mixin.py:188} INFO - [2025-11-01T03:47:47.934+0000] {dag.py:3036} INFO - Sync 1 DAGs
[2025-11-01T03:47:47.976+0000] {logging_mixin.py:188} INFO - [2025-11-01T03:47:47.975+0000] {dag.py:3823} INFO - Setting next_dagrun for my_dag to None, run_after=None
[2025-11-01T03:47:48.052+0000] {processor.py:183} INFO - Processing /opt/airflow/dags/my_dag.py took 2.064 seconds
[2025-11-01T03:48:18.626+0000] {processor.py:161} INFO - Started process (PID=2511) to work on /opt/airflow/dags/my_dag.py
[2025-11-01T03:48:18.631+0000] {processor.py:830} INFO - Processing file /opt/airflow/dags/my_dag.py for tasks to queue
[2025-11-01T03:48:18.635+0000] {logging_mixin.py:188} INFO - [2025-11-01T03:48:18.634+0000] {dagbag.py:538} INFO - Filling up the DagBag from /opt/airflow/dags/my_dag.py
[2025-11-01T03:48:20.512+0000] {processor.py:840} INFO - DAG(s) 'my_dag' retrieved from /opt/airflow/dags/my_dag.py
[2025-11-01T03:48:20.612+0000] {logging_mixin.py:188} INFO - [2025-11-01T03:48:20.611+0000] {dag.py:3036} INFO - Sync 1 DAGs
[2025-11-01T03:48:20.663+0000] {logging_mixin.py:188} INFO - [2025-11-01T03:48:20.662+0000] {dag.py:3823} INFO - Setting next_dagrun for my_dag to None, run_after=None
[2025-11-01T03:48:20.738+0000] {processor.py:183} INFO - Processing /opt/airflow/dags/my_dag.py took 2.136 seconds
[2025-11-01T03:48:51.285+0000] {processor.py:161} INFO - Started process (PID=2523) to work on /opt/airflow/dags/my_dag.py
[2025-11-01T03:48:51.290+0000] {processor.py:830} INFO - Processing file /opt/airflow/dags/my_dag.py for tasks to queue
[2025-11-01T03:48:51.295+0000] {logging_mixin.py:188} INFO - [2025-11-01T03:48:51.293+0000] {dagbag.py:538} INFO - Filling up the DagBag from /opt/airflow/dags/my_dag.py
[2025-11-01T03:48:52.925+0000] {processor.py:840} INFO - DAG(s) 'my_dag' retrieved from /opt/airflow/dags/my_dag.py
[2025-11-01T03:48:52.989+0000] {logging_mixin.py:188} INFO - [2025-11-01T03:48:52.988+0000] {dag.py:3036} INFO - Sync 1 DAGs
[2025-11-01T03:48:53.024+0000] {logging_mixin.py:188} INFO - [2025-11-01T03:48:53.024+0000] {dag.py:3823} INFO - Setting next_dagrun for my_dag to None, run_after=None
[2025-11-01T03:48:53.085+0000] {processor.py:183} INFO - Processing /opt/airflow/dags/my_dag.py took 1.819 seconds
[2025-11-01T03:49:23.821+0000] {processor.py:161} INFO - Started process (PID=2535) to work on /opt/airflow/dags/my_dag.py
[2025-11-01T03:49:23.827+0000] {processor.py:830} INFO - Processing file /opt/airflow/dags/my_dag.py for tasks to queue
[2025-11-01T03:49:23.841+0000] {logging_mixin.py:188} INFO - [2025-11-01T03:49:23.840+0000] {dagbag.py:538} INFO - Filling up the DagBag from /opt/airflow/dags/my_dag.py
[2025-11-01T03:49:26.946+0000] {processor.py:840} INFO - DAG(s) 'my_dag' retrieved from /opt/airflow/dags/my_dag.py
[2025-11-01T03:49:27.012+0000] {logging_mixin.py:188} INFO - [2025-11-01T03:49:27.010+0000] {dag.py:3036} INFO - Sync 1 DAGs
[2025-11-01T03:49:27.063+0000] {logging_mixin.py:188} INFO - [2025-11-01T03:49:27.063+0000] {dag.py:3823} INFO - Setting next_dagrun for my_dag to None, run_after=None
[2025-11-01T03:49:27.132+0000] {processor.py:183} INFO - Processing /opt/airflow/dags/my_dag.py took 3.332 seconds
[2025-11-01T03:49:57.414+0000] {processor.py:161} INFO - Started process (PID=2547) to work on /opt/airflow/dags/my_dag.py
[2025-11-01T03:49:57.417+0000] {processor.py:830} INFO - Processing file /opt/airflow/dags/my_dag.py for tasks to queue
[2025-11-01T03:49:57.419+0000] {logging_mixin.py:188} INFO - [2025-11-01T03:49:57.419+0000] {dagbag.py:538} INFO - Filling up the DagBag from /opt/airflow/dags/my_dag.py
[2025-11-01T03:49:59.707+0000] {processor.py:840} INFO - DAG(s) 'my_dag' retrieved from /opt/airflow/dags/my_dag.py
[2025-11-01T03:49:59.785+0000] {logging_mixin.py:188} INFO - [2025-11-01T03:49:59.783+0000] {dag.py:3036} INFO - Sync 1 DAGs
[2025-11-01T03:49:59.822+0000] {logging_mixin.py:188} INFO - [2025-11-01T03:49:59.822+0000] {dag.py:3823} INFO - Setting next_dagrun for my_dag to None, run_after=None
[2025-11-01T03:49:59.890+0000] {processor.py:183} INFO - Processing /opt/airflow/dags/my_dag.py took 2.490 seconds
[2025-11-01T03:50:30.316+0000] {processor.py:161} INFO - Started process (PID=2559) to work on /opt/airflow/dags/my_dag.py
[2025-11-01T03:50:30.332+0000] {processor.py:830} INFO - Processing file /opt/airflow/dags/my_dag.py for tasks to queue
[2025-11-01T03:50:30.342+0000] {logging_mixin.py:188} INFO - [2025-11-01T03:50:30.341+0000] {dagbag.py:538} INFO - Filling up the DagBag from /opt/airflow/dags/my_dag.py
[2025-11-01T03:50:32.668+0000] {processor.py:840} INFO - DAG(s) 'my_dag' retrieved from /opt/airflow/dags/my_dag.py
[2025-11-01T03:50:32.763+0000] {logging_mixin.py:188} INFO - [2025-11-01T03:50:32.761+0000] {dag.py:3036} INFO - Sync 1 DAGs
[2025-11-01T03:50:32.824+0000] {logging_mixin.py:188} INFO - [2025-11-01T03:50:32.823+0000] {dag.py:3823} INFO - Setting next_dagrun for my_dag to None, run_after=None
[2025-11-01T03:50:33.003+0000] {processor.py:183} INFO - Processing /opt/airflow/dags/my_dag.py took 2.764 seconds
[2025-11-01T03:51:03.381+0000] {processor.py:161} INFO - Started process (PID=2571) to work on /opt/airflow/dags/my_dag.py
[2025-11-01T03:51:03.391+0000] {processor.py:830} INFO - Processing file /opt/airflow/dags/my_dag.py for tasks to queue
[2025-11-01T03:51:03.399+0000] {logging_mixin.py:188} INFO - [2025-11-01T03:51:03.397+0000] {dagbag.py:538} INFO - Filling up the DagBag from /opt/airflow/dags/my_dag.py
[2025-11-01T03:51:06.623+0000] {processor.py:840} INFO - DAG(s) 'my_dag' retrieved from /opt/airflow/dags/my_dag.py
[2025-11-01T03:51:06.767+0000] {logging_mixin.py:188} INFO - [2025-11-01T03:51:06.765+0000] {dag.py:3036} INFO - Sync 1 DAGs
[2025-11-01T03:51:06.830+0000] {logging_mixin.py:188} INFO - [2025-11-01T03:51:06.830+0000] {dag.py:3823} INFO - Setting next_dagrun for my_dag to None, run_after=None
[2025-11-01T03:51:06.890+0000] {processor.py:183} INFO - Processing /opt/airflow/dags/my_dag.py took 3.529 seconds
[2025-11-01T03:51:37.239+0000] {processor.py:161} INFO - Started process (PID=2583) to work on /opt/airflow/dags/my_dag.py
[2025-11-01T03:51:37.242+0000] {processor.py:830} INFO - Processing file /opt/airflow/dags/my_dag.py for tasks to queue
[2025-11-01T03:51:37.244+0000] {logging_mixin.py:188} INFO - [2025-11-01T03:51:37.243+0000] {dagbag.py:538} INFO - Filling up the DagBag from /opt/airflow/dags/my_dag.py
[2025-11-01T03:51:38.675+0000] {processor.py:840} INFO - DAG(s) 'my_dag' retrieved from /opt/airflow/dags/my_dag.py
[2025-11-01T03:51:38.746+0000] {logging_mixin.py:188} INFO - [2025-11-01T03:51:38.745+0000] {dag.py:3036} INFO - Sync 1 DAGs
[2025-11-01T03:51:38.774+0000] {logging_mixin.py:188} INFO - [2025-11-01T03:51:38.774+0000] {dag.py:3823} INFO - Setting next_dagrun for my_dag to None, run_after=None
[2025-11-01T03:51:38.831+0000] {processor.py:183} INFO - Processing /opt/airflow/dags/my_dag.py took 1.605 seconds
[2025-11-01T03:52:09.110+0000] {processor.py:161} INFO - Started process (PID=2595) to work on /opt/airflow/dags/my_dag.py
[2025-11-01T03:52:09.118+0000] {processor.py:830} INFO - Processing file /opt/airflow/dags/my_dag.py for tasks to queue
[2025-11-01T03:52:09.124+0000] {logging_mixin.py:188} INFO - [2025-11-01T03:52:09.123+0000] {dagbag.py:538} INFO - Filling up the DagBag from /opt/airflow/dags/my_dag.py
[2025-11-01T03:52:10.608+0000] {processor.py:840} INFO - DAG(s) 'my_dag' retrieved from /opt/airflow/dags/my_dag.py
[2025-11-01T03:52:10.682+0000] {logging_mixin.py:188} INFO - [2025-11-01T03:52:10.681+0000] {dag.py:3036} INFO - Sync 1 DAGs
[2025-11-01T03:52:10.712+0000] {logging_mixin.py:188} INFO - [2025-11-01T03:52:10.712+0000] {dag.py:3823} INFO - Setting next_dagrun for my_dag to None, run_after=None
[2025-11-01T03:52:10.778+0000] {processor.py:183} INFO - Processing /opt/airflow/dags/my_dag.py took 1.692 seconds
[2025-11-01T03:52:40.949+0000] {processor.py:161} INFO - Started process (PID=2608) to work on /opt/airflow/dags/my_dag.py
[2025-11-01T03:52:40.954+0000] {processor.py:830} INFO - Processing file /opt/airflow/dags/my_dag.py for tasks to queue
[2025-11-01T03:52:40.958+0000] {logging_mixin.py:188} INFO - [2025-11-01T03:52:40.957+0000] {dagbag.py:538} INFO - Filling up the DagBag from /opt/airflow/dags/my_dag.py
[2025-11-01T03:52:42.538+0000] {processor.py:840} INFO - DAG(s) 'my_dag' retrieved from /opt/airflow/dags/my_dag.py
[2025-11-01T03:52:42.582+0000] {logging_mixin.py:188} INFO - [2025-11-01T03:52:42.581+0000] {dag.py:3036} INFO - Sync 1 DAGs
[2025-11-01T03:52:42.607+0000] {logging_mixin.py:188} INFO - [2025-11-01T03:52:42.606+0000] {dag.py:3823} INFO - Setting next_dagrun for my_dag to None, run_after=None
[2025-11-01T03:52:42.652+0000] {processor.py:183} INFO - Processing /opt/airflow/dags/my_dag.py took 1.714 seconds
[2025-11-01T03:53:13.200+0000] {processor.py:161} INFO - Started process (PID=2620) to work on /opt/airflow/dags/my_dag.py
[2025-11-01T03:53:13.203+0000] {processor.py:830} INFO - Processing file /opt/airflow/dags/my_dag.py for tasks to queue
[2025-11-01T03:53:13.208+0000] {logging_mixin.py:188} INFO - [2025-11-01T03:53:13.207+0000] {dagbag.py:538} INFO - Filling up the DagBag from /opt/airflow/dags/my_dag.py
[2025-11-01T03:53:15.453+0000] {processor.py:840} INFO - DAG(s) 'my_dag' retrieved from /opt/airflow/dags/my_dag.py
[2025-11-01T03:53:15.518+0000] {logging_mixin.py:188} INFO - [2025-11-01T03:53:15.516+0000] {dag.py:3036} INFO - Sync 1 DAGs
[2025-11-01T03:53:15.547+0000] {logging_mixin.py:188} INFO - [2025-11-01T03:53:15.546+0000] {dag.py:3823} INFO - Setting next_dagrun for my_dag to None, run_after=None
[2025-11-01T03:53:15.618+0000] {processor.py:183} INFO - Processing /opt/airflow/dags/my_dag.py took 2.431 seconds
