[2025-11-01T01:34:45.795+0000] {processor.py:161} INFO - Started process (PID=44) to work on /opt/airflow/dags/pg_dbt.py
[2025-11-01T01:34:45.807+0000] {processor.py:830} INFO - Processing file /opt/airflow/dags/pg_dbt.py for tasks to queue
[2025-11-01T01:34:45.827+0000] {logging_mixin.py:188} INFO - [2025-11-01T01:34:45.823+0000] {dagbag.py:538} INFO - Filling up the DagBag from /opt/airflow/dags/pg_dbt.py
[2025-11-01T01:34:45.911+0000] {processor.py:840} INFO - DAG(s) 'scheduled_dbt_pg_daily' retrieved from /opt/airflow/dags/pg_dbt.py
[2025-11-01T01:34:46.176+0000] {logging_mixin.py:188} INFO - [2025-11-01T01:34:46.175+0000] {dag.py:3036} INFO - Sync 1 DAGs
[2025-11-01T01:34:46.315+0000] {logging_mixin.py:188} INFO - [2025-11-01T01:34:46.313+0000] {dag.py:3823} INFO - Setting next_dagrun for scheduled_dbt_pg_daily to None, run_after=None
[2025-11-01T01:34:46.456+0000] {processor.py:183} INFO - Processing /opt/airflow/dags/pg_dbt.py took 0.686 seconds
[2025-11-01T01:35:18.340+0000] {processor.py:161} INFO - Started process (PID=56) to work on /opt/airflow/dags/pg_dbt.py
[2025-11-01T01:35:18.354+0000] {processor.py:830} INFO - Processing file /opt/airflow/dags/pg_dbt.py for tasks to queue
[2025-11-01T01:35:18.393+0000] {logging_mixin.py:188} INFO - [2025-11-01T01:35:18.392+0000] {dagbag.py:538} INFO - Filling up the DagBag from /opt/airflow/dags/pg_dbt.py
[2025-11-01T01:35:21.286+0000] {processor.py:840} INFO - DAG(s) 'scheduled_dbt_pg_daily' retrieved from /opt/airflow/dags/pg_dbt.py
[2025-11-01T01:35:22.490+0000] {logging_mixin.py:188} INFO - [2025-11-01T01:35:22.490+0000] {dag.py:3036} INFO - Sync 1 DAGs
[2025-11-01T01:35:23.038+0000] {logging_mixin.py:188} INFO - [2025-11-01T01:35:23.037+0000] {dag.py:3823} INFO - Setting next_dagrun for scheduled_dbt_pg_daily to None, run_after=None
[2025-11-01T01:35:25.079+0000] {processor.py:183} INFO - Processing /opt/airflow/dags/pg_dbt.py took 6.825 seconds
[2025-11-01T01:36:20.997+0000] {processor.py:161} INFO - Started process (PID=74) to work on /opt/airflow/dags/pg_dbt.py
[2025-11-01T01:36:21.009+0000] {processor.py:830} INFO - Processing file /opt/airflow/dags/pg_dbt.py for tasks to queue
[2025-11-01T01:36:21.026+0000] {logging_mixin.py:188} INFO - [2025-11-01T01:36:21.013+0000] {dagbag.py:538} INFO - Filling up the DagBag from /opt/airflow/dags/pg_dbt.py
[2025-11-01T01:36:21.314+0000] {processor.py:840} INFO - DAG(s) 'scheduled_dbt_pg_daily' retrieved from /opt/airflow/dags/pg_dbt.py
[2025-11-01T01:36:21.573+0000] {logging_mixin.py:188} INFO - [2025-11-01T01:36:21.570+0000] {dag.py:3036} INFO - Sync 1 DAGs
[2025-11-01T01:36:21.929+0000] {logging_mixin.py:188} INFO - [2025-11-01T01:36:21.891+0000] {dag.py:3823} INFO - Setting next_dagrun for scheduled_dbt_pg_daily to None, run_after=None
[2025-11-01T01:36:22.252+0000] {processor.py:183} INFO - Processing /opt/airflow/dags/pg_dbt.py took 1.300 seconds
[2025-11-01T01:36:55.205+0000] {processor.py:161} INFO - Started process (PID=84) to work on /opt/airflow/dags/pg_dbt.py
[2025-11-01T01:36:55.269+0000] {processor.py:830} INFO - Processing file /opt/airflow/dags/pg_dbt.py for tasks to queue
[2025-11-01T01:36:55.404+0000] {logging_mixin.py:188} INFO - [2025-11-01T01:36:55.397+0000] {dagbag.py:538} INFO - Filling up the DagBag from /opt/airflow/dags/pg_dbt.py
[2025-11-01T01:36:56.459+0000] {processor.py:840} INFO - DAG(s) 'scheduled_dbt_pg_daily' retrieved from /opt/airflow/dags/pg_dbt.py
[2025-11-01T01:36:59.106+0000] {logging_mixin.py:188} INFO - [2025-11-01T01:36:59.105+0000] {dag.py:3036} INFO - Sync 1 DAGs
[2025-11-01T01:36:59.555+0000] {logging_mixin.py:188} INFO - [2025-11-01T01:36:59.554+0000] {dag.py:3823} INFO - Setting next_dagrun for scheduled_dbt_pg_daily to None, run_after=None
[2025-11-01T01:36:59.848+0000] {processor.py:183} INFO - Processing /opt/airflow/dags/pg_dbt.py took 5.383 seconds
[2025-11-01T01:37:34.892+0000] {processor.py:161} INFO - Started process (PID=96) to work on /opt/airflow/dags/pg_dbt.py
[2025-11-01T01:37:34.909+0000] {processor.py:830} INFO - Processing file /opt/airflow/dags/pg_dbt.py for tasks to queue
[2025-11-01T01:37:34.911+0000] {logging_mixin.py:188} INFO - [2025-11-01T01:37:34.911+0000] {dagbag.py:538} INFO - Filling up the DagBag from /opt/airflow/dags/pg_dbt.py
[2025-11-01T01:37:35.161+0000] {processor.py:840} INFO - DAG(s) 'scheduled_dbt_pg_daily' retrieved from /opt/airflow/dags/pg_dbt.py
[2025-11-01T01:37:35.447+0000] {logging_mixin.py:188} INFO - [2025-11-01T01:37:35.447+0000] {dag.py:3036} INFO - Sync 1 DAGs
[2025-11-01T01:37:35.903+0000] {logging_mixin.py:188} INFO - [2025-11-01T01:37:35.902+0000] {dag.py:3823} INFO - Setting next_dagrun for scheduled_dbt_pg_daily to None, run_after=None
[2025-11-01T01:37:36.803+0000] {processor.py:183} INFO - Processing /opt/airflow/dags/pg_dbt.py took 1.971 seconds
[2025-11-01T01:38:10.743+0000] {processor.py:161} INFO - Started process (PID=106) to work on /opt/airflow/dags/pg_dbt.py
[2025-11-01T01:38:10.849+0000] {processor.py:830} INFO - Processing file /opt/airflow/dags/pg_dbt.py for tasks to queue
[2025-11-01T01:38:10.996+0000] {logging_mixin.py:188} INFO - [2025-11-01T01:38:10.994+0000] {dagbag.py:538} INFO - Filling up the DagBag from /opt/airflow/dags/pg_dbt.py
[2025-11-01T01:38:11.236+0000] {processor.py:840} INFO - DAG(s) 'scheduled_dbt_pg_daily' retrieved from /opt/airflow/dags/pg_dbt.py
[2025-11-01T01:38:11.595+0000] {logging_mixin.py:188} INFO - [2025-11-01T01:38:11.595+0000] {dag.py:3036} INFO - Sync 1 DAGs
[2025-11-01T01:38:14.577+0000] {logging_mixin.py:188} INFO - [2025-11-01T01:38:09.846+0000] {dag.py:3823} INFO - Setting next_dagrun for scheduled_dbt_pg_daily to None, run_after=None
[2025-11-01T01:38:15.205+0000] {processor.py:183} INFO - Processing /opt/airflow/dags/pg_dbt.py took 1.881 seconds
[2025-11-01T01:38:55.250+0000] {processor.py:161} INFO - Started process (PID=117) to work on /opt/airflow/dags/pg_dbt.py
[2025-11-01T01:38:55.675+0000] {processor.py:830} INFO - Processing file /opt/airflow/dags/pg_dbt.py for tasks to queue
[2025-11-01T01:38:56.007+0000] {logging_mixin.py:188} INFO - [2025-11-01T01:38:55.934+0000] {dagbag.py:538} INFO - Filling up the DagBag from /opt/airflow/dags/pg_dbt.py
[2025-11-01T01:38:57.013+0000] {processor.py:840} INFO - DAG(s) 'scheduled_dbt_pg_daily' retrieved from /opt/airflow/dags/pg_dbt.py
[2025-11-01T01:38:57.968+0000] {logging_mixin.py:188} INFO - [2025-11-01T01:38:57.967+0000] {dag.py:3036} INFO - Sync 1 DAGs
[2025-11-01T01:38:58.815+0000] {logging_mixin.py:188} INFO - [2025-11-01T01:38:58.815+0000] {dag.py:3823} INFO - Setting next_dagrun for scheduled_dbt_pg_daily to None, run_after=None
[2025-11-01T01:38:59.396+0000] {processor.py:183} INFO - Processing /opt/airflow/dags/pg_dbt.py took 4.651 seconds
[2025-11-01T01:39:31.496+0000] {processor.py:161} INFO - Started process (PID=127) to work on /opt/airflow/dags/pg_dbt.py
[2025-11-01T01:39:31.508+0000] {processor.py:830} INFO - Processing file /opt/airflow/dags/pg_dbt.py for tasks to queue
[2025-11-01T01:39:31.514+0000] {logging_mixin.py:188} INFO - [2025-11-01T01:39:31.513+0000] {dagbag.py:538} INFO - Filling up the DagBag from /opt/airflow/dags/pg_dbt.py
[2025-11-01T01:39:32.319+0000] {processor.py:840} INFO - DAG(s) 'scheduled_dbt_pg_daily' retrieved from /opt/airflow/dags/pg_dbt.py
[2025-11-01T01:39:36.314+0000] {logging_mixin.py:188} INFO - [2025-11-01T01:39:36.314+0000] {dag.py:3036} INFO - Sync 1 DAGs
[2025-11-01T01:39:36.883+0000] {logging_mixin.py:188} INFO - [2025-11-01T01:39:36.883+0000] {dag.py:3823} INFO - Setting next_dagrun for scheduled_dbt_pg_daily to None, run_after=None
[2025-11-01T01:39:39.465+0000] {processor.py:183} INFO - Processing /opt/airflow/dags/pg_dbt.py took 7.983 seconds
[2025-11-01T01:40:11.507+0000] {processor.py:161} INFO - Started process (PID=138) to work on /opt/airflow/dags/pg_dbt.py
[2025-11-01T01:40:11.510+0000] {processor.py:830} INFO - Processing file /opt/airflow/dags/pg_dbt.py for tasks to queue
[2025-11-01T01:40:11.512+0000] {logging_mixin.py:188} INFO - [2025-11-01T01:40:11.512+0000] {dagbag.py:538} INFO - Filling up the DagBag from /opt/airflow/dags/pg_dbt.py
[2025-11-01T01:40:11.677+0000] {processor.py:840} INFO - DAG(s) 'scheduled_dbt_pg_daily' retrieved from /opt/airflow/dags/pg_dbt.py
[2025-11-01T01:40:11.807+0000] {logging_mixin.py:188} INFO - [2025-11-01T01:40:11.806+0000] {dag.py:3036} INFO - Sync 1 DAGs
[2025-11-01T01:40:11.983+0000] {logging_mixin.py:188} INFO - [2025-11-01T01:40:11.983+0000] {dag.py:3823} INFO - Setting next_dagrun for scheduled_dbt_pg_daily to None, run_after=None
[2025-11-01T01:40:12.091+0000] {processor.py:183} INFO - Processing /opt/airflow/dags/pg_dbt.py took 0.713 seconds
[2025-11-01T01:41:03.001+0000] {processor.py:161} INFO - Started process (PID=157) to work on /opt/airflow/dags/pg_dbt.py
[2025-11-01T01:41:03.037+0000] {processor.py:830} INFO - Processing file /opt/airflow/dags/pg_dbt.py for tasks to queue
[2025-11-01T01:41:03.071+0000] {logging_mixin.py:188} INFO - [2025-11-01T01:41:03.059+0000] {dagbag.py:538} INFO - Filling up the DagBag from /opt/airflow/dags/pg_dbt.py
[2025-11-01T01:41:03.515+0000] {processor.py:840} INFO - DAG(s) 'scheduled_dbt_pg_daily' retrieved from /opt/airflow/dags/pg_dbt.py
[2025-11-01T01:41:04.286+0000] {logging_mixin.py:188} INFO - [2025-11-01T01:41:04.286+0000] {dag.py:3036} INFO - Sync 1 DAGs
[2025-11-01T01:41:04.559+0000] {logging_mixin.py:188} INFO - [2025-11-01T01:41:04.558+0000] {dag.py:3823} INFO - Setting next_dagrun for scheduled_dbt_pg_daily to None, run_after=None
[2025-11-01T01:41:04.864+0000] {processor.py:183} INFO - Processing /opt/airflow/dags/pg_dbt.py took 1.905 seconds
[2025-11-01T01:41:35.624+0000] {processor.py:161} INFO - Started process (PID=168) to work on /opt/airflow/dags/pg_dbt.py
[2025-11-01T01:41:35.633+0000] {processor.py:830} INFO - Processing file /opt/airflow/dags/pg_dbt.py for tasks to queue
[2025-11-01T01:41:35.641+0000] {logging_mixin.py:188} INFO - [2025-11-01T01:41:35.636+0000] {dagbag.py:538} INFO - Filling up the DagBag from /opt/airflow/dags/pg_dbt.py
[2025-11-01T01:41:35.728+0000] {processor.py:840} INFO - DAG(s) 'scheduled_dbt_pg_daily' retrieved from /opt/airflow/dags/pg_dbt.py
[2025-11-01T01:41:36.017+0000] {logging_mixin.py:188} INFO - [2025-11-01T01:41:36.017+0000] {dag.py:3036} INFO - Sync 1 DAGs
[2025-11-01T01:41:36.295+0000] {logging_mixin.py:188} INFO - [2025-11-01T01:41:36.294+0000] {dag.py:3823} INFO - Setting next_dagrun for scheduled_dbt_pg_daily to None, run_after=None
[2025-11-01T01:41:36.422+0000] {processor.py:183} INFO - Processing /opt/airflow/dags/pg_dbt.py took 0.823 seconds
[2025-11-01T01:42:08.768+0000] {processor.py:161} INFO - Started process (PID=179) to work on /opt/airflow/dags/pg_dbt.py
[2025-11-01T01:42:08.771+0000] {processor.py:830} INFO - Processing file /opt/airflow/dags/pg_dbt.py for tasks to queue
[2025-11-01T01:42:08.776+0000] {logging_mixin.py:188} INFO - [2025-11-01T01:42:08.775+0000] {dagbag.py:538} INFO - Filling up the DagBag from /opt/airflow/dags/pg_dbt.py
[2025-11-01T01:42:08.923+0000] {processor.py:840} INFO - DAG(s) 'scheduled_dbt_pg_daily' retrieved from /opt/airflow/dags/pg_dbt.py
[2025-11-01T01:42:09.171+0000] {logging_mixin.py:188} INFO - [2025-11-01T01:42:09.170+0000] {dag.py:3036} INFO - Sync 1 DAGs
[2025-11-01T01:42:09.367+0000] {logging_mixin.py:188} INFO - [2025-11-01T01:42:09.366+0000] {dag.py:3823} INFO - Setting next_dagrun for scheduled_dbt_pg_daily to None, run_after=None
[2025-11-01T01:42:09.665+0000] {processor.py:183} INFO - Processing /opt/airflow/dags/pg_dbt.py took 0.938 seconds
[2025-11-01T01:42:48.467+0000] {processor.py:161} INFO - Started process (PID=191) to work on /opt/airflow/dags/pg_dbt.py
[2025-11-01T01:42:48.488+0000] {processor.py:830} INFO - Processing file /opt/airflow/dags/pg_dbt.py for tasks to queue
[2025-11-01T01:42:48.491+0000] {logging_mixin.py:188} INFO - [2025-11-01T01:42:48.490+0000] {dagbag.py:538} INFO - Filling up the DagBag from /opt/airflow/dags/pg_dbt.py
[2025-11-01T01:42:48.676+0000] {processor.py:840} INFO - DAG(s) 'scheduled_dbt_pg_daily' retrieved from /opt/airflow/dags/pg_dbt.py
[2025-11-01T01:42:48.990+0000] {logging_mixin.py:188} INFO - [2025-11-01T01:42:48.989+0000] {dag.py:3036} INFO - Sync 1 DAGs
[2025-11-01T01:42:49.163+0000] {logging_mixin.py:188} INFO - [2025-11-01T01:42:49.163+0000] {dag.py:3823} INFO - Setting next_dagrun for scheduled_dbt_pg_daily to None, run_after=None
[2025-11-01T01:42:49.327+0000] {processor.py:183} INFO - Processing /opt/airflow/dags/pg_dbt.py took 0.866 seconds
[2025-11-01T01:43:23.802+0000] {processor.py:161} INFO - Started process (PID=204) to work on /opt/airflow/dags/pg_dbt.py
[2025-11-01T01:43:23.821+0000] {processor.py:830} INFO - Processing file /opt/airflow/dags/pg_dbt.py for tasks to queue
[2025-11-01T01:43:23.826+0000] {logging_mixin.py:188} INFO - [2025-11-01T01:43:23.825+0000] {dagbag.py:538} INFO - Filling up the DagBag from /opt/airflow/dags/pg_dbt.py
[2025-11-01T01:43:24.185+0000] {processor.py:840} INFO - DAG(s) 'scheduled_dbt_pg_daily' retrieved from /opt/airflow/dags/pg_dbt.py
[2025-11-01T01:43:24.458+0000] {logging_mixin.py:188} INFO - [2025-11-01T01:43:24.457+0000] {dag.py:3036} INFO - Sync 1 DAGs
[2025-11-01T01:43:24.792+0000] {logging_mixin.py:188} INFO - [2025-11-01T01:43:24.791+0000] {dag.py:3823} INFO - Setting next_dagrun for scheduled_dbt_pg_daily to None, run_after=None
[2025-11-01T01:43:25.196+0000] {processor.py:183} INFO - Processing /opt/airflow/dags/pg_dbt.py took 1.428 seconds
[2025-11-01T01:43:55.960+0000] {processor.py:161} INFO - Started process (PID=215) to work on /opt/airflow/dags/pg_dbt.py
[2025-11-01T01:43:55.963+0000] {processor.py:830} INFO - Processing file /opt/airflow/dags/pg_dbt.py for tasks to queue
[2025-11-01T01:43:55.966+0000] {logging_mixin.py:188} INFO - [2025-11-01T01:43:55.965+0000] {dagbag.py:538} INFO - Filling up the DagBag from /opt/airflow/dags/pg_dbt.py
[2025-11-01T01:43:56.008+0000] {processor.py:840} INFO - DAG(s) 'scheduled_dbt_pg_daily' retrieved from /opt/airflow/dags/pg_dbt.py
[2025-11-01T01:43:56.237+0000] {logging_mixin.py:188} INFO - [2025-11-01T01:43:56.236+0000] {dag.py:3036} INFO - Sync 1 DAGs
[2025-11-01T01:43:56.338+0000] {logging_mixin.py:188} INFO - [2025-11-01T01:43:56.338+0000] {dag.py:3823} INFO - Setting next_dagrun for scheduled_dbt_pg_daily to None, run_after=None
[2025-11-01T01:43:56.422+0000] {processor.py:183} INFO - Processing /opt/airflow/dags/pg_dbt.py took 0.474 seconds
[2025-11-01T01:44:26.987+0000] {processor.py:161} INFO - Started process (PID=227) to work on /opt/airflow/dags/pg_dbt.py
[2025-11-01T01:44:26.990+0000] {processor.py:830} INFO - Processing file /opt/airflow/dags/pg_dbt.py for tasks to queue
[2025-11-01T01:44:26.993+0000] {logging_mixin.py:188} INFO - [2025-11-01T01:44:26.992+0000] {dagbag.py:538} INFO - Filling up the DagBag from /opt/airflow/dags/pg_dbt.py
[2025-11-01T01:44:27.073+0000] {processor.py:840} INFO - DAG(s) 'scheduled_dbt_pg_daily' retrieved from /opt/airflow/dags/pg_dbt.py
[2025-11-01T01:44:27.255+0000] {logging_mixin.py:188} INFO - [2025-11-01T01:44:27.255+0000] {dag.py:3036} INFO - Sync 1 DAGs
[2025-11-01T01:44:27.446+0000] {logging_mixin.py:188} INFO - [2025-11-01T01:44:27.446+0000] {dag.py:3823} INFO - Setting next_dagrun for scheduled_dbt_pg_daily to None, run_after=None
[2025-11-01T01:44:27.596+0000] {processor.py:183} INFO - Processing /opt/airflow/dags/pg_dbt.py took 0.616 seconds
[2025-11-01T01:44:57.823+0000] {processor.py:161} INFO - Started process (PID=238) to work on /opt/airflow/dags/pg_dbt.py
[2025-11-01T01:44:57.825+0000] {processor.py:830} INFO - Processing file /opt/airflow/dags/pg_dbt.py for tasks to queue
[2025-11-01T01:44:57.829+0000] {logging_mixin.py:188} INFO - [2025-11-01T01:44:57.828+0000] {dagbag.py:538} INFO - Filling up the DagBag from /opt/airflow/dags/pg_dbt.py
[2025-11-01T01:44:57.963+0000] {processor.py:840} INFO - DAG(s) 'scheduled_dbt_pg_daily' retrieved from /opt/airflow/dags/pg_dbt.py
[2025-11-01T01:44:58.085+0000] {logging_mixin.py:188} INFO - [2025-11-01T01:44:58.084+0000] {dag.py:3036} INFO - Sync 1 DAGs
[2025-11-01T01:44:58.191+0000] {logging_mixin.py:188} INFO - [2025-11-01T01:44:58.190+0000] {dag.py:3823} INFO - Setting next_dagrun for scheduled_dbt_pg_daily to None, run_after=None
[2025-11-01T01:44:58.329+0000] {processor.py:183} INFO - Processing /opt/airflow/dags/pg_dbt.py took 0.516 seconds
[2025-11-01T01:45:31.372+0000] {processor.py:161} INFO - Started process (PID=250) to work on /opt/airflow/dags/pg_dbt.py
[2025-11-01T01:45:31.429+0000] {processor.py:830} INFO - Processing file /opt/airflow/dags/pg_dbt.py for tasks to queue
[2025-11-01T01:45:31.474+0000] {logging_mixin.py:188} INFO - [2025-11-01T01:45:31.473+0000] {dagbag.py:538} INFO - Filling up the DagBag from /opt/airflow/dags/pg_dbt.py
[2025-11-01T01:45:33.396+0000] {processor.py:840} INFO - DAG(s) 'scheduled_dbt_pg_daily' retrieved from /opt/airflow/dags/pg_dbt.py
[2025-11-01T01:45:33.781+0000] {logging_mixin.py:188} INFO - [2025-11-01T01:45:33.781+0000] {dag.py:3036} INFO - Sync 1 DAGs
[2025-11-01T01:45:33.964+0000] {logging_mixin.py:188} INFO - [2025-11-01T01:45:33.964+0000] {dag.py:3823} INFO - Setting next_dagrun for scheduled_dbt_pg_daily to None, run_after=None
[2025-11-01T01:45:56.262+0000] {processor.py:183} INFO - Processing /opt/airflow/dags/pg_dbt.py took 22.152 seconds
[2025-11-01T01:46:33.410+0000] {processor.py:161} INFO - Started process (PID=261) to work on /opt/airflow/dags/pg_dbt.py
[2025-11-01T01:46:33.418+0000] {processor.py:830} INFO - Processing file /opt/airflow/dags/pg_dbt.py for tasks to queue
[2025-11-01T01:46:33.428+0000] {logging_mixin.py:188} INFO - [2025-11-01T01:46:33.427+0000] {dagbag.py:538} INFO - Filling up the DagBag from /opt/airflow/dags/pg_dbt.py
[2025-11-01T01:46:33.963+0000] {processor.py:840} INFO - DAG(s) 'scheduled_dbt_pg_daily' retrieved from /opt/airflow/dags/pg_dbt.py
[2025-11-01T01:46:34.339+0000] {logging_mixin.py:188} INFO - [2025-11-01T01:46:34.327+0000] {dag.py:3036} INFO - Sync 1 DAGs
[2025-11-01T01:46:34.530+0000] {logging_mixin.py:188} INFO - [2025-11-01T01:46:34.530+0000] {dag.py:3823} INFO - Setting next_dagrun for scheduled_dbt_pg_daily to None, run_after=None
[2025-11-01T01:46:34.752+0000] {processor.py:183} INFO - Processing /opt/airflow/dags/pg_dbt.py took 1.366 seconds
[2025-11-01T01:47:30.696+0000] {processor.py:161} INFO - Started process (PID=282) to work on /opt/airflow/dags/pg_dbt.py
[2025-11-01T01:47:30.742+0000] {processor.py:830} INFO - Processing file /opt/airflow/dags/pg_dbt.py for tasks to queue
[2025-11-01T01:47:30.782+0000] {logging_mixin.py:188} INFO - [2025-11-01T01:47:30.782+0000] {dagbag.py:538} INFO - Filling up the DagBag from /opt/airflow/dags/pg_dbt.py
[2025-11-01T01:54:50.517+0000] {processor.py:161} INFO - Started process (PID=43) to work on /opt/airflow/dags/pg_dbt.py
[2025-11-01T01:54:50.533+0000] {processor.py:830} INFO - Processing file /opt/airflow/dags/pg_dbt.py for tasks to queue
[2025-11-01T01:54:50.566+0000] {logging_mixin.py:188} INFO - [2025-11-01T01:54:50.565+0000] {dagbag.py:538} INFO - Filling up the DagBag from /opt/airflow/dags/pg_dbt.py
[2025-11-01T01:54:50.964+0000] {processor.py:840} INFO - DAG(s) 'scheduled_dbt_pg_daily' retrieved from /opt/airflow/dags/pg_dbt.py
[2025-11-01T01:54:57.771+0000] {logging_mixin.py:188} INFO - [2025-11-01T01:54:57.770+0000] {dag.py:3036} INFO - Sync 1 DAGs
[2025-11-01T01:54:59.289+0000] {logging_mixin.py:188} INFO - [2025-11-01T01:54:59.288+0000] {dag.py:3823} INFO - Setting next_dagrun for scheduled_dbt_pg_daily to None, run_after=None
[2025-11-01T01:54:59.609+0000] {processor.py:183} INFO - Processing /opt/airflow/dags/pg_dbt.py took 9.260 seconds
[2025-11-01T01:55:35.118+0000] {processor.py:161} INFO - Started process (PID=55) to work on /opt/airflow/dags/pg_dbt.py
[2025-11-01T01:55:35.232+0000] {processor.py:830} INFO - Processing file /opt/airflow/dags/pg_dbt.py for tasks to queue
[2025-11-01T01:55:35.321+0000] {logging_mixin.py:188} INFO - [2025-11-01T01:55:35.320+0000] {dagbag.py:538} INFO - Filling up the DagBag from /opt/airflow/dags/pg_dbt.py
[2025-11-01T01:55:38.406+0000] {processor.py:840} INFO - DAG(s) 'scheduled_dbt_pg_daily' retrieved from /opt/airflow/dags/pg_dbt.py
[2025-11-01T01:55:44.088+0000] {logging_mixin.py:188} INFO - [2025-11-01T01:55:44.087+0000] {dag.py:3036} INFO - Sync 1 DAGs
[2025-11-01T01:55:44.578+0000] {logging_mixin.py:188} INFO - [2025-11-01T01:55:44.577+0000] {dag.py:3823} INFO - Setting next_dagrun for scheduled_dbt_pg_daily to None, run_after=None
[2025-11-01T01:55:45.776+0000] {processor.py:183} INFO - Processing /opt/airflow/dags/pg_dbt.py took 13.345 seconds
[2025-11-01T01:56:17.430+0000] {processor.py:161} INFO - Started process (PID=73) to work on /opt/airflow/dags/pg_dbt.py
[2025-11-01T01:56:17.433+0000] {processor.py:830} INFO - Processing file /opt/airflow/dags/pg_dbt.py for tasks to queue
[2025-11-01T01:56:17.437+0000] {logging_mixin.py:188} INFO - [2025-11-01T01:56:17.437+0000] {dagbag.py:538} INFO - Filling up the DagBag from /opt/airflow/dags/pg_dbt.py
[2025-11-01T01:56:17.474+0000] {processor.py:840} INFO - DAG(s) 'scheduled_dbt_pg_daily' retrieved from /opt/airflow/dags/pg_dbt.py
[2025-11-01T01:56:17.617+0000] {logging_mixin.py:188} INFO - [2025-11-01T01:56:17.617+0000] {dag.py:3036} INFO - Sync 1 DAGs
[2025-11-01T01:56:17.810+0000] {logging_mixin.py:188} INFO - [2025-11-01T01:56:17.809+0000] {dag.py:3823} INFO - Setting next_dagrun for scheduled_dbt_pg_daily to None, run_after=None
[2025-11-01T01:56:17.973+0000] {processor.py:183} INFO - Processing /opt/airflow/dags/pg_dbt.py took 0.549 seconds
[2025-11-01T01:56:48.651+0000] {processor.py:161} INFO - Started process (PID=85) to work on /opt/airflow/dags/pg_dbt.py
[2025-11-01T01:56:48.654+0000] {processor.py:830} INFO - Processing file /opt/airflow/dags/pg_dbt.py for tasks to queue
[2025-11-01T01:56:48.658+0000] {logging_mixin.py:188} INFO - [2025-11-01T01:56:48.657+0000] {dagbag.py:538} INFO - Filling up the DagBag from /opt/airflow/dags/pg_dbt.py
[2025-11-01T01:56:48.774+0000] {processor.py:840} INFO - DAG(s) 'scheduled_dbt_pg_daily' retrieved from /opt/airflow/dags/pg_dbt.py
[2025-11-01T01:56:48.941+0000] {logging_mixin.py:188} INFO - [2025-11-01T01:56:48.940+0000] {dag.py:3036} INFO - Sync 1 DAGs
[2025-11-01T01:56:49.023+0000] {logging_mixin.py:188} INFO - [2025-11-01T01:56:49.023+0000] {dag.py:3823} INFO - Setting next_dagrun for scheduled_dbt_pg_daily to None, run_after=None
[2025-11-01T01:56:49.119+0000] {processor.py:183} INFO - Processing /opt/airflow/dags/pg_dbt.py took 0.480 seconds
[2025-11-01T01:57:22.990+0000] {processor.py:161} INFO - Started process (PID=96) to work on /opt/airflow/dags/pg_dbt.py
[2025-11-01T01:57:22.992+0000] {processor.py:830} INFO - Processing file /opt/airflow/dags/pg_dbt.py for tasks to queue
[2025-11-01T01:57:22.996+0000] {logging_mixin.py:188} INFO - [2025-11-01T01:57:22.996+0000] {dagbag.py:538} INFO - Filling up the DagBag from /opt/airflow/dags/pg_dbt.py
[2025-11-01T01:57:23.052+0000] {processor.py:840} INFO - DAG(s) 'scheduled_dbt_pg_daily' retrieved from /opt/airflow/dags/pg_dbt.py
[2025-11-01T01:57:23.284+0000] {logging_mixin.py:188} INFO - [2025-11-01T01:57:23.283+0000] {dag.py:3036} INFO - Sync 1 DAGs
[2025-11-01T01:57:23.404+0000] {logging_mixin.py:188} INFO - [2025-11-01T01:57:23.403+0000] {dag.py:3823} INFO - Setting next_dagrun for scheduled_dbt_pg_daily to None, run_after=None
[2025-11-01T01:57:23.509+0000] {processor.py:183} INFO - Processing /opt/airflow/dags/pg_dbt.py took 0.538 seconds
[2025-11-01T01:57:53.989+0000] {processor.py:161} INFO - Started process (PID=101) to work on /opt/airflow/dags/pg_dbt.py
[2025-11-01T01:57:54.023+0000] {processor.py:830} INFO - Processing file /opt/airflow/dags/pg_dbt.py for tasks to queue
[2025-11-01T01:57:54.041+0000] {logging_mixin.py:188} INFO - [2025-11-01T01:57:54.040+0000] {dagbag.py:538} INFO - Filling up the DagBag from /opt/airflow/dags/pg_dbt.py
[2025-11-01T01:57:54.298+0000] {processor.py:840} INFO - DAG(s) 'scheduled_dbt_pg_daily' retrieved from /opt/airflow/dags/pg_dbt.py
[2025-11-01T01:57:54.555+0000] {logging_mixin.py:188} INFO - [2025-11-01T01:57:54.555+0000] {dag.py:3036} INFO - Sync 1 DAGs
[2025-11-01T01:57:54.816+0000] {logging_mixin.py:188} INFO - [2025-11-01T01:57:54.816+0000] {dag.py:3823} INFO - Setting next_dagrun for scheduled_dbt_pg_daily to None, run_after=None
[2025-11-01T01:57:55.949+0000] {processor.py:183} INFO - Processing /opt/airflow/dags/pg_dbt.py took 1.985 seconds
[2025-11-01T01:58:59.183+0000] {processor.py:161} INFO - Started process (PID=120) to work on /opt/airflow/dags/pg_dbt.py
[2025-11-01T01:58:59.198+0000] {processor.py:830} INFO - Processing file /opt/airflow/dags/pg_dbt.py for tasks to queue
[2025-11-01T01:58:59.215+0000] {logging_mixin.py:188} INFO - [2025-11-01T01:58:59.214+0000] {dagbag.py:538} INFO - Filling up the DagBag from /opt/airflow/dags/pg_dbt.py
[2025-11-01T01:58:59.898+0000] {processor.py:840} INFO - DAG(s) 'scheduled_dbt_pg_daily' retrieved from /opt/airflow/dags/pg_dbt.py
[2025-11-01T01:59:00.250+0000] {logging_mixin.py:188} INFO - [2025-11-01T01:59:00.249+0000] {dag.py:3036} INFO - Sync 1 DAGs
[2025-11-01T01:59:00.462+0000] {logging_mixin.py:188} INFO - [2025-11-01T01:59:00.461+0000] {dag.py:3823} INFO - Setting next_dagrun for scheduled_dbt_pg_daily to None, run_after=None
[2025-11-01T01:59:01.770+0000] {processor.py:183} INFO - Processing /opt/airflow/dags/pg_dbt.py took 3.516 seconds
[2025-11-01T01:59:36.687+0000] {processor.py:161} INFO - Started process (PID=132) to work on /opt/airflow/dags/pg_dbt.py
[2025-11-01T01:59:36.692+0000] {processor.py:830} INFO - Processing file /opt/airflow/dags/pg_dbt.py for tasks to queue
[2025-11-01T01:59:36.729+0000] {logging_mixin.py:188} INFO - [2025-11-01T01:59:36.729+0000] {dagbag.py:538} INFO - Filling up the DagBag from /opt/airflow/dags/pg_dbt.py
[2025-11-01T01:59:40.028+0000] {processor.py:840} INFO - DAG(s) 'scheduled_dbt_pg_daily' retrieved from /opt/airflow/dags/pg_dbt.py
[2025-11-01T01:59:40.479+0000] {logging_mixin.py:188} INFO - [2025-11-01T01:59:40.479+0000] {dag.py:3036} INFO - Sync 1 DAGs
[2025-11-01T01:59:40.779+0000] {logging_mixin.py:188} INFO - [2025-11-01T01:59:40.778+0000] {dag.py:3823} INFO - Setting next_dagrun for scheduled_dbt_pg_daily to None, run_after=None
[2025-11-01T01:59:41.005+0000] {processor.py:183} INFO - Processing /opt/airflow/dags/pg_dbt.py took 1.634 seconds
[2025-11-01T02:00:14.400+0000] {processor.py:161} INFO - Started process (PID=142) to work on /opt/airflow/dags/pg_dbt.py
[2025-11-01T02:00:14.415+0000] {processor.py:830} INFO - Processing file /opt/airflow/dags/pg_dbt.py for tasks to queue
[2025-11-01T02:00:14.434+0000] {logging_mixin.py:188} INFO - [2025-11-01T02:00:14.433+0000] {dagbag.py:538} INFO - Filling up the DagBag from /opt/airflow/dags/pg_dbt.py
[2025-11-01T02:00:14.651+0000] {processor.py:840} INFO - DAG(s) 'scheduled_dbt_pg_daily' retrieved from /opt/airflow/dags/pg_dbt.py
[2025-11-01T02:00:14.975+0000] {logging_mixin.py:188} INFO - [2025-11-01T02:00:14.974+0000] {dag.py:3036} INFO - Sync 1 DAGs
[2025-11-01T02:00:15.278+0000] {logging_mixin.py:188} INFO - [2025-11-01T02:00:15.278+0000] {dag.py:3823} INFO - Setting next_dagrun for scheduled_dbt_pg_daily to None, run_after=None
[2025-11-01T02:00:16.952+0000] {processor.py:183} INFO - Processing /opt/airflow/dags/pg_dbt.py took 2.581 seconds
[2025-11-01T02:00:47.498+0000] {processor.py:161} INFO - Started process (PID=154) to work on /opt/airflow/dags/pg_dbt.py
[2025-11-01T02:00:47.502+0000] {processor.py:830} INFO - Processing file /opt/airflow/dags/pg_dbt.py for tasks to queue
[2025-11-01T02:00:47.515+0000] {logging_mixin.py:188} INFO - [2025-11-01T02:00:47.514+0000] {dagbag.py:538} INFO - Filling up the DagBag from /opt/airflow/dags/pg_dbt.py
[2025-11-01T02:00:47.590+0000] {processor.py:840} INFO - DAG(s) 'scheduled_dbt_pg_daily' retrieved from /opt/airflow/dags/pg_dbt.py
[2025-11-01T02:00:47.753+0000] {logging_mixin.py:188} INFO - [2025-11-01T02:00:47.753+0000] {dag.py:3036} INFO - Sync 1 DAGs
[2025-11-01T02:00:47.836+0000] {logging_mixin.py:188} INFO - [2025-11-01T02:00:47.835+0000] {dag.py:3823} INFO - Setting next_dagrun for scheduled_dbt_pg_daily to None, run_after=None
[2025-11-01T02:00:47.953+0000] {processor.py:183} INFO - Processing /opt/airflow/dags/pg_dbt.py took 0.484 seconds
[2025-11-01T02:01:19.121+0000] {processor.py:161} INFO - Started process (PID=166) to work on /opt/airflow/dags/pg_dbt.py
[2025-11-01T02:01:19.127+0000] {processor.py:830} INFO - Processing file /opt/airflow/dags/pg_dbt.py for tasks to queue
[2025-11-01T02:01:19.130+0000] {logging_mixin.py:188} INFO - [2025-11-01T02:01:19.130+0000] {dagbag.py:538} INFO - Filling up the DagBag from /opt/airflow/dags/pg_dbt.py
[2025-11-01T02:01:19.298+0000] {processor.py:840} INFO - DAG(s) 'scheduled_dbt_pg_daily' retrieved from /opt/airflow/dags/pg_dbt.py
[2025-11-01T02:01:19.556+0000] {logging_mixin.py:188} INFO - [2025-11-01T02:01:19.555+0000] {dag.py:3036} INFO - Sync 1 DAGs
[2025-11-01T02:01:19.692+0000] {logging_mixin.py:188} INFO - [2025-11-01T02:01:19.692+0000] {dag.py:3823} INFO - Setting next_dagrun for scheduled_dbt_pg_daily to None, run_after=None
[2025-11-01T02:01:19.921+0000] {processor.py:183} INFO - Processing /opt/airflow/dags/pg_dbt.py took 0.830 seconds
[2025-11-01T02:01:54.723+0000] {processor.py:161} INFO - Started process (PID=178) to work on /opt/airflow/dags/pg_dbt.py
[2025-11-01T02:01:54.992+0000] {processor.py:830} INFO - Processing file /opt/airflow/dags/pg_dbt.py for tasks to queue
[2025-11-01T02:01:55.210+0000] {logging_mixin.py:188} INFO - [2025-11-01T02:01:55.160+0000] {dagbag.py:538} INFO - Filling up the DagBag from /opt/airflow/dags/pg_dbt.py
[2025-11-01T02:01:58.002+0000] {processor.py:840} INFO - DAG(s) 'scheduled_dbt_pg_daily' retrieved from /opt/airflow/dags/pg_dbt.py
[2025-11-01T02:01:58.267+0000] {logging_mixin.py:188} INFO - [2025-11-01T02:01:58.266+0000] {dag.py:3036} INFO - Sync 1 DAGs
[2025-11-01T02:01:58.484+0000] {logging_mixin.py:188} INFO - [2025-11-01T02:01:58.484+0000] {dag.py:3823} INFO - Setting next_dagrun for scheduled_dbt_pg_daily to None, run_after=None
[2025-11-01T02:01:58.721+0000] {processor.py:183} INFO - Processing /opt/airflow/dags/pg_dbt.py took 5.192 seconds
[2025-11-01T02:02:32.665+0000] {processor.py:161} INFO - Started process (PID=190) to work on /opt/airflow/dags/pg_dbt.py
[2025-11-01T02:02:32.751+0000] {processor.py:830} INFO - Processing file /opt/airflow/dags/pg_dbt.py for tasks to queue
[2025-11-01T02:02:32.863+0000] {logging_mixin.py:188} INFO - [2025-11-01T02:02:32.842+0000] {dagbag.py:538} INFO - Filling up the DagBag from /opt/airflow/dags/pg_dbt.py
[2025-11-01T02:02:34.902+0000] {processor.py:840} INFO - DAG(s) 'scheduled_dbt_pg_daily' retrieved from /opt/airflow/dags/pg_dbt.py
[2025-11-01T02:02:37.448+0000] {logging_mixin.py:188} INFO - [2025-11-01T02:02:37.448+0000] {dag.py:3036} INFO - Sync 1 DAGs
[2025-11-01T02:02:39.157+0000] {logging_mixin.py:188} INFO - [2025-11-01T02:02:39.157+0000] {dag.py:3823} INFO - Setting next_dagrun for scheduled_dbt_pg_daily to None, run_after=None
[2025-11-01T02:02:41.611+0000] {processor.py:183} INFO - Processing /opt/airflow/dags/pg_dbt.py took 9.707 seconds
[2025-11-01T02:03:12.956+0000] {processor.py:161} INFO - Started process (PID=201) to work on /opt/airflow/dags/pg_dbt.py
[2025-11-01T02:03:12.960+0000] {processor.py:830} INFO - Processing file /opt/airflow/dags/pg_dbt.py for tasks to queue
[2025-11-01T02:03:12.967+0000] {logging_mixin.py:188} INFO - [2025-11-01T02:03:12.964+0000] {dagbag.py:538} INFO - Filling up the DagBag from /opt/airflow/dags/pg_dbt.py
[2025-11-01T02:03:13.044+0000] {processor.py:840} INFO - DAG(s) 'scheduled_dbt_pg_daily' retrieved from /opt/airflow/dags/pg_dbt.py
[2025-11-01T02:03:13.116+0000] {logging_mixin.py:188} INFO - [2025-11-01T02:03:13.115+0000] {dag.py:3036} INFO - Sync 1 DAGs
[2025-11-01T02:03:13.213+0000] {logging_mixin.py:188} INFO - [2025-11-01T02:03:13.212+0000] {dag.py:3823} INFO - Setting next_dagrun for scheduled_dbt_pg_daily to None, run_after=None
[2025-11-01T02:03:13.282+0000] {processor.py:183} INFO - Processing /opt/airflow/dags/pg_dbt.py took 0.338 seconds
[2025-11-01T02:03:44.087+0000] {processor.py:161} INFO - Started process (PID=213) to work on /opt/airflow/dags/pg_dbt.py
[2025-11-01T02:03:44.101+0000] {processor.py:830} INFO - Processing file /opt/airflow/dags/pg_dbt.py for tasks to queue
[2025-11-01T02:03:44.124+0000] {logging_mixin.py:188} INFO - [2025-11-01T02:03:44.122+0000] {dagbag.py:538} INFO - Filling up the DagBag from /opt/airflow/dags/pg_dbt.py
[2025-11-01T02:03:44.191+0000] {processor.py:840} INFO - DAG(s) 'scheduled_dbt_pg_daily' retrieved from /opt/airflow/dags/pg_dbt.py
[2025-11-01T02:03:44.249+0000] {logging_mixin.py:188} INFO - [2025-11-01T02:03:44.249+0000] {dag.py:3036} INFO - Sync 1 DAGs
[2025-11-01T02:03:44.281+0000] {logging_mixin.py:188} INFO - [2025-11-01T02:03:44.281+0000] {dag.py:3823} INFO - Setting next_dagrun for scheduled_dbt_pg_daily to None, run_after=None
[2025-11-01T02:03:44.341+0000] {processor.py:183} INFO - Processing /opt/airflow/dags/pg_dbt.py took 0.272 seconds
[2025-11-01T02:04:14.701+0000] {processor.py:161} INFO - Started process (PID=224) to work on /opt/airflow/dags/pg_dbt.py
[2025-11-01T02:04:14.726+0000] {processor.py:830} INFO - Processing file /opt/airflow/dags/pg_dbt.py for tasks to queue
[2025-11-01T02:04:14.730+0000] {logging_mixin.py:188} INFO - [2025-11-01T02:04:14.729+0000] {dagbag.py:538} INFO - Filling up the DagBag from /opt/airflow/dags/pg_dbt.py
[2025-11-01T02:04:14.827+0000] {processor.py:840} INFO - DAG(s) 'scheduled_dbt_pg_daily' retrieved from /opt/airflow/dags/pg_dbt.py
[2025-11-01T02:04:14.886+0000] {logging_mixin.py:188} INFO - [2025-11-01T02:04:14.886+0000] {dag.py:3036} INFO - Sync 1 DAGs
[2025-11-01T02:04:14.962+0000] {logging_mixin.py:188} INFO - [2025-11-01T02:04:14.961+0000] {dag.py:3823} INFO - Setting next_dagrun for scheduled_dbt_pg_daily to None, run_after=None
[2025-11-01T02:04:15.126+0000] {processor.py:183} INFO - Processing /opt/airflow/dags/pg_dbt.py took 0.434 seconds
[2025-11-01T02:04:45.877+0000] {processor.py:161} INFO - Started process (PID=235) to work on /opt/airflow/dags/pg_dbt.py
[2025-11-01T02:04:45.905+0000] {processor.py:830} INFO - Processing file /opt/airflow/dags/pg_dbt.py for tasks to queue
[2025-11-01T02:04:45.907+0000] {logging_mixin.py:188} INFO - [2025-11-01T02:04:45.906+0000] {dagbag.py:538} INFO - Filling up the DagBag from /opt/airflow/dags/pg_dbt.py
[2025-11-01T02:04:45.941+0000] {processor.py:840} INFO - DAG(s) 'scheduled_dbt_pg_daily' retrieved from /opt/airflow/dags/pg_dbt.py
[2025-11-01T02:04:46.010+0000] {logging_mixin.py:188} INFO - [2025-11-01T02:04:46.010+0000] {dag.py:3036} INFO - Sync 1 DAGs
[2025-11-01T02:04:46.057+0000] {logging_mixin.py:188} INFO - [2025-11-01T02:04:46.057+0000] {dag.py:3823} INFO - Setting next_dagrun for scheduled_dbt_pg_daily to None, run_after=None
[2025-11-01T02:04:46.305+0000] {processor.py:183} INFO - Processing /opt/airflow/dags/pg_dbt.py took 0.437 seconds
[2025-11-01T02:05:17.336+0000] {processor.py:161} INFO - Started process (PID=246) to work on /opt/airflow/dags/pg_dbt.py
[2025-11-01T02:05:17.340+0000] {processor.py:830} INFO - Processing file /opt/airflow/dags/pg_dbt.py for tasks to queue
[2025-11-01T02:05:17.351+0000] {logging_mixin.py:188} INFO - [2025-11-01T02:05:17.350+0000] {dagbag.py:538} INFO - Filling up the DagBag from /opt/airflow/dags/pg_dbt.py
[2025-11-01T02:05:17.392+0000] {processor.py:840} INFO - DAG(s) 'scheduled_dbt_pg_daily' retrieved from /opt/airflow/dags/pg_dbt.py
[2025-11-01T02:05:17.504+0000] {logging_mixin.py:188} INFO - [2025-11-01T02:05:17.504+0000] {dag.py:3036} INFO - Sync 1 DAGs
[2025-11-01T02:05:17.579+0000] {logging_mixin.py:188} INFO - [2025-11-01T02:05:17.579+0000] {dag.py:3823} INFO - Setting next_dagrun for scheduled_dbt_pg_daily to None, run_after=None
[2025-11-01T02:05:17.694+0000] {processor.py:183} INFO - Processing /opt/airflow/dags/pg_dbt.py took 0.378 seconds
[2025-11-01T02:05:47.878+0000] {processor.py:161} INFO - Started process (PID=258) to work on /opt/airflow/dags/pg_dbt.py
[2025-11-01T02:05:47.881+0000] {processor.py:830} INFO - Processing file /opt/airflow/dags/pg_dbt.py for tasks to queue
[2025-11-01T02:05:47.885+0000] {logging_mixin.py:188} INFO - [2025-11-01T02:05:47.884+0000] {dagbag.py:538} INFO - Filling up the DagBag from /opt/airflow/dags/pg_dbt.py
[2025-11-01T02:05:47.941+0000] {processor.py:840} INFO - DAG(s) 'scheduled_dbt_pg_daily' retrieved from /opt/airflow/dags/pg_dbt.py
[2025-11-01T02:05:47.999+0000] {logging_mixin.py:188} INFO - [2025-11-01T02:05:47.999+0000] {dag.py:3036} INFO - Sync 1 DAGs
[2025-11-01T02:05:48.042+0000] {logging_mixin.py:188} INFO - [2025-11-01T02:05:48.041+0000] {dag.py:3823} INFO - Setting next_dagrun for scheduled_dbt_pg_daily to None, run_after=None
[2025-11-01T02:05:48.142+0000] {processor.py:183} INFO - Processing /opt/airflow/dags/pg_dbt.py took 0.279 seconds
[2025-11-01T02:06:18.536+0000] {processor.py:161} INFO - Started process (PID=270) to work on /opt/airflow/dags/pg_dbt.py
[2025-11-01T02:06:18.546+0000] {processor.py:830} INFO - Processing file /opt/airflow/dags/pg_dbt.py for tasks to queue
[2025-11-01T02:06:18.549+0000] {logging_mixin.py:188} INFO - [2025-11-01T02:06:18.548+0000] {dagbag.py:538} INFO - Filling up the DagBag from /opt/airflow/dags/pg_dbt.py
[2025-11-01T02:06:18.622+0000] {processor.py:840} INFO - DAG(s) 'scheduled_dbt_pg_daily' retrieved from /opt/airflow/dags/pg_dbt.py
[2025-11-01T02:06:18.802+0000] {logging_mixin.py:188} INFO - [2025-11-01T02:06:18.802+0000] {dag.py:3036} INFO - Sync 1 DAGs
[2025-11-01T02:06:18.874+0000] {logging_mixin.py:188} INFO - [2025-11-01T02:06:18.874+0000] {dag.py:3823} INFO - Setting next_dagrun for scheduled_dbt_pg_daily to None, run_after=None
[2025-11-01T02:06:19.039+0000] {processor.py:183} INFO - Processing /opt/airflow/dags/pg_dbt.py took 0.517 seconds
[2025-11-01T02:06:49.609+0000] {processor.py:161} INFO - Started process (PID=282) to work on /opt/airflow/dags/pg_dbt.py
[2025-11-01T02:06:49.613+0000] {processor.py:830} INFO - Processing file /opt/airflow/dags/pg_dbt.py for tasks to queue
[2025-11-01T02:06:49.617+0000] {logging_mixin.py:188} INFO - [2025-11-01T02:06:49.616+0000] {dagbag.py:538} INFO - Filling up the DagBag from /opt/airflow/dags/pg_dbt.py
[2025-11-01T02:06:49.702+0000] {processor.py:840} INFO - DAG(s) 'scheduled_dbt_pg_daily' retrieved from /opt/airflow/dags/pg_dbt.py
[2025-11-01T02:06:49.885+0000] {logging_mixin.py:188} INFO - [2025-11-01T02:06:49.883+0000] {dag.py:3036} INFO - Sync 1 DAGs
[2025-11-01T02:06:49.980+0000] {logging_mixin.py:188} INFO - [2025-11-01T02:06:49.980+0000] {dag.py:3823} INFO - Setting next_dagrun for scheduled_dbt_pg_daily to None, run_after=None
[2025-11-01T02:06:50.099+0000] {processor.py:183} INFO - Processing /opt/airflow/dags/pg_dbt.py took 0.504 seconds
[2025-11-01T02:07:20.263+0000] {processor.py:161} INFO - Started process (PID=294) to work on /opt/airflow/dags/pg_dbt.py
[2025-11-01T02:07:20.461+0000] {processor.py:830} INFO - Processing file /opt/airflow/dags/pg_dbt.py for tasks to queue
[2025-11-01T02:07:20.466+0000] {logging_mixin.py:188} INFO - [2025-11-01T02:07:20.466+0000] {dagbag.py:538} INFO - Filling up the DagBag from /opt/airflow/dags/pg_dbt.py
[2025-11-01T02:07:20.517+0000] {processor.py:840} INFO - DAG(s) 'scheduled_dbt_pg_daily' retrieved from /opt/airflow/dags/pg_dbt.py
[2025-11-01T02:07:20.668+0000] {logging_mixin.py:188} INFO - [2025-11-01T02:07:20.667+0000] {dag.py:3036} INFO - Sync 1 DAGs
[2025-11-01T02:07:20.780+0000] {logging_mixin.py:188} INFO - [2025-11-01T02:07:20.780+0000] {dag.py:3823} INFO - Setting next_dagrun for scheduled_dbt_pg_daily to None, run_after=None
[2025-11-01T02:07:20.906+0000] {processor.py:183} INFO - Processing /opt/airflow/dags/pg_dbt.py took 0.653 seconds
[2025-11-01T02:07:52.105+0000] {processor.py:161} INFO - Started process (PID=306) to work on /opt/airflow/dags/pg_dbt.py
[2025-11-01T02:07:52.108+0000] {processor.py:830} INFO - Processing file /opt/airflow/dags/pg_dbt.py for tasks to queue
[2025-11-01T02:07:52.114+0000] {logging_mixin.py:188} INFO - [2025-11-01T02:07:52.113+0000] {dagbag.py:538} INFO - Filling up the DagBag from /opt/airflow/dags/pg_dbt.py
[2025-11-01T02:07:52.161+0000] {processor.py:840} INFO - DAG(s) 'scheduled_dbt_pg_daily' retrieved from /opt/airflow/dags/pg_dbt.py
[2025-11-01T02:07:52.275+0000] {logging_mixin.py:188} INFO - [2025-11-01T02:07:52.275+0000] {dag.py:3036} INFO - Sync 1 DAGs
[2025-11-01T02:07:52.321+0000] {logging_mixin.py:188} INFO - [2025-11-01T02:07:52.321+0000] {dag.py:3823} INFO - Setting next_dagrun for scheduled_dbt_pg_daily to None, run_after=None
[2025-11-01T02:07:52.565+0000] {processor.py:183} INFO - Processing /opt/airflow/dags/pg_dbt.py took 0.470 seconds
[2025-11-01T02:08:24.690+0000] {processor.py:161} INFO - Started process (PID=318) to work on /opt/airflow/dags/pg_dbt.py
[2025-11-01T02:08:24.692+0000] {processor.py:830} INFO - Processing file /opt/airflow/dags/pg_dbt.py for tasks to queue
[2025-11-01T02:08:24.695+0000] {logging_mixin.py:188} INFO - [2025-11-01T02:08:24.694+0000] {dagbag.py:538} INFO - Filling up the DagBag from /opt/airflow/dags/pg_dbt.py
[2025-11-01T02:08:24.982+0000] {processor.py:840} INFO - DAG(s) 'scheduled_dbt_pg_daily' retrieved from /opt/airflow/dags/pg_dbt.py
[2025-11-01T02:08:25.142+0000] {logging_mixin.py:188} INFO - [2025-11-01T02:08:25.141+0000] {dag.py:3036} INFO - Sync 1 DAGs
[2025-11-01T02:08:25.242+0000] {logging_mixin.py:188} INFO - [2025-11-01T02:08:25.242+0000] {dag.py:3823} INFO - Setting next_dagrun for scheduled_dbt_pg_daily to None, run_after=None
[2025-11-01T02:08:25.539+0000] {processor.py:183} INFO - Processing /opt/airflow/dags/pg_dbt.py took 0.861 seconds
[2025-11-01T02:08:57.572+0000] {processor.py:161} INFO - Started process (PID=329) to work on /opt/airflow/dags/pg_dbt.py
[2025-11-01T02:08:57.576+0000] {processor.py:830} INFO - Processing file /opt/airflow/dags/pg_dbt.py for tasks to queue
[2025-11-01T02:08:57.579+0000] {logging_mixin.py:188} INFO - [2025-11-01T02:08:57.578+0000] {dagbag.py:538} INFO - Filling up the DagBag from /opt/airflow/dags/pg_dbt.py
[2025-11-01T02:08:57.625+0000] {processor.py:840} INFO - DAG(s) 'scheduled_dbt_pg_daily' retrieved from /opt/airflow/dags/pg_dbt.py
[2025-11-01T02:08:57.748+0000] {logging_mixin.py:188} INFO - [2025-11-01T02:08:57.747+0000] {dag.py:3036} INFO - Sync 1 DAGs
[2025-11-01T02:08:57.902+0000] {logging_mixin.py:188} INFO - [2025-11-01T02:08:57.902+0000] {dag.py:3823} INFO - Setting next_dagrun for scheduled_dbt_pg_daily to None, run_after=None
[2025-11-01T02:08:58.052+0000] {processor.py:183} INFO - Processing /opt/airflow/dags/pg_dbt.py took 0.498 seconds
[2025-11-01T02:09:29.971+0000] {processor.py:161} INFO - Started process (PID=341) to work on /opt/airflow/dags/pg_dbt.py
[2025-11-01T02:09:29.974+0000] {processor.py:830} INFO - Processing file /opt/airflow/dags/pg_dbt.py for tasks to queue
[2025-11-01T02:09:29.978+0000] {logging_mixin.py:188} INFO - [2025-11-01T02:09:29.977+0000] {dagbag.py:538} INFO - Filling up the DagBag from /opt/airflow/dags/pg_dbt.py
[2025-11-01T02:09:30.037+0000] {processor.py:840} INFO - DAG(s) 'scheduled_dbt_pg_daily' retrieved from /opt/airflow/dags/pg_dbt.py
[2025-11-01T02:09:30.167+0000] {logging_mixin.py:188} INFO - [2025-11-01T02:09:30.167+0000] {dag.py:3036} INFO - Sync 1 DAGs
[2025-11-01T02:09:30.235+0000] {logging_mixin.py:188} INFO - [2025-11-01T02:09:30.234+0000] {dag.py:3823} INFO - Setting next_dagrun for scheduled_dbt_pg_daily to None, run_after=None
[2025-11-01T02:09:30.504+0000] {processor.py:183} INFO - Processing /opt/airflow/dags/pg_dbt.py took 0.542 seconds
[2025-11-01T02:10:03.868+0000] {processor.py:161} INFO - Started process (PID=352) to work on /opt/airflow/dags/pg_dbt.py
[2025-11-01T02:10:03.880+0000] {processor.py:830} INFO - Processing file /opt/airflow/dags/pg_dbt.py for tasks to queue
[2025-11-01T02:10:03.906+0000] {logging_mixin.py:188} INFO - [2025-11-01T02:10:03.905+0000] {dagbag.py:538} INFO - Filling up the DagBag from /opt/airflow/dags/pg_dbt.py
[2025-11-01T02:10:04.048+0000] {processor.py:840} INFO - DAG(s) 'scheduled_dbt_pg_daily' retrieved from /opt/airflow/dags/pg_dbt.py
[2025-11-01T02:10:04.421+0000] {logging_mixin.py:188} INFO - [2025-11-01T02:10:04.421+0000] {dag.py:3036} INFO - Sync 1 DAGs
[2025-11-01T02:10:04.567+0000] {logging_mixin.py:188} INFO - [2025-11-01T02:10:04.567+0000] {dag.py:3823} INFO - Setting next_dagrun for scheduled_dbt_pg_daily to None, run_after=None
[2025-11-01T02:10:04.776+0000] {processor.py:183} INFO - Processing /opt/airflow/dags/pg_dbt.py took 0.924 seconds
[2025-11-01T02:10:35.562+0000] {processor.py:161} INFO - Started process (PID=364) to work on /opt/airflow/dags/pg_dbt.py
[2025-11-01T02:10:35.565+0000] {processor.py:830} INFO - Processing file /opt/airflow/dags/pg_dbt.py for tasks to queue
[2025-11-01T02:10:35.570+0000] {logging_mixin.py:188} INFO - [2025-11-01T02:10:35.569+0000] {dagbag.py:538} INFO - Filling up the DagBag from /opt/airflow/dags/pg_dbt.py
[2025-11-01T02:10:35.622+0000] {processor.py:840} INFO - DAG(s) 'scheduled_dbt_pg_daily' retrieved from /opt/airflow/dags/pg_dbt.py
[2025-11-01T02:10:35.838+0000] {logging_mixin.py:188} INFO - [2025-11-01T02:10:35.837+0000] {dag.py:3036} INFO - Sync 1 DAGs
[2025-11-01T02:10:36.097+0000] {logging_mixin.py:188} INFO - [2025-11-01T02:10:36.096+0000] {dag.py:3823} INFO - Setting next_dagrun for scheduled_dbt_pg_daily to None, run_after=None
[2025-11-01T02:10:36.256+0000] {processor.py:183} INFO - Processing /opt/airflow/dags/pg_dbt.py took 0.710 seconds
[2025-11-01T02:11:08.301+0000] {processor.py:161} INFO - Started process (PID=376) to work on /opt/airflow/dags/pg_dbt.py
[2025-11-01T02:11:08.304+0000] {processor.py:830} INFO - Processing file /opt/airflow/dags/pg_dbt.py for tasks to queue
[2025-11-01T02:11:08.305+0000] {logging_mixin.py:188} INFO - [2025-11-01T02:11:08.305+0000] {dagbag.py:538} INFO - Filling up the DagBag from /opt/airflow/dags/pg_dbt.py
[2025-11-01T02:11:08.344+0000] {processor.py:840} INFO - DAG(s) 'scheduled_dbt_pg_daily' retrieved from /opt/airflow/dags/pg_dbt.py
[2025-11-01T02:11:08.404+0000] {logging_mixin.py:188} INFO - [2025-11-01T02:11:08.403+0000] {dag.py:3036} INFO - Sync 1 DAGs
[2025-11-01T02:11:08.447+0000] {logging_mixin.py:188} INFO - [2025-11-01T02:11:08.447+0000] {dag.py:3823} INFO - Setting next_dagrun for scheduled_dbt_pg_daily to None, run_after=None
[2025-11-01T02:11:08.547+0000] {processor.py:183} INFO - Processing /opt/airflow/dags/pg_dbt.py took 0.255 seconds
[2025-11-01T02:11:41.552+0000] {processor.py:161} INFO - Started process (PID=388) to work on /opt/airflow/dags/pg_dbt.py
[2025-11-01T02:11:41.554+0000] {processor.py:830} INFO - Processing file /opt/airflow/dags/pg_dbt.py for tasks to queue
[2025-11-01T02:11:41.557+0000] {logging_mixin.py:188} INFO - [2025-11-01T02:11:41.556+0000] {dagbag.py:538} INFO - Filling up the DagBag from /opt/airflow/dags/pg_dbt.py
[2025-11-01T02:11:41.591+0000] {processor.py:840} INFO - DAG(s) 'scheduled_dbt_pg_daily' retrieved from /opt/airflow/dags/pg_dbt.py
[2025-11-01T02:11:41.640+0000] {logging_mixin.py:188} INFO - [2025-11-01T02:11:41.639+0000] {dag.py:3036} INFO - Sync 1 DAGs
[2025-11-01T02:11:41.684+0000] {logging_mixin.py:188} INFO - [2025-11-01T02:11:41.683+0000] {dag.py:3823} INFO - Setting next_dagrun for scheduled_dbt_pg_daily to None, run_after=None
[2025-11-01T02:11:41.957+0000] {processor.py:183} INFO - Processing /opt/airflow/dags/pg_dbt.py took 0.412 seconds
[2025-11-01T02:12:14.704+0000] {processor.py:161} INFO - Started process (PID=399) to work on /opt/airflow/dags/pg_dbt.py
[2025-11-01T02:12:14.706+0000] {processor.py:830} INFO - Processing file /opt/airflow/dags/pg_dbt.py for tasks to queue
[2025-11-01T02:12:14.708+0000] {logging_mixin.py:188} INFO - [2025-11-01T02:12:14.707+0000] {dagbag.py:538} INFO - Filling up the DagBag from /opt/airflow/dags/pg_dbt.py
[2025-11-01T02:12:14.739+0000] {processor.py:840} INFO - DAG(s) 'scheduled_dbt_pg_daily' retrieved from /opt/airflow/dags/pg_dbt.py
[2025-11-01T02:12:14.789+0000] {logging_mixin.py:188} INFO - [2025-11-01T02:12:14.789+0000] {dag.py:3036} INFO - Sync 1 DAGs
[2025-11-01T02:12:14.822+0000] {logging_mixin.py:188} INFO - [2025-11-01T02:12:14.822+0000] {dag.py:3823} INFO - Setting next_dagrun for scheduled_dbt_pg_daily to None, run_after=None
[2025-11-01T02:12:14.980+0000] {processor.py:183} INFO - Processing /opt/airflow/dags/pg_dbt.py took 0.283 seconds
[2025-11-01T02:12:47.074+0000] {processor.py:161} INFO - Started process (PID=411) to work on /opt/airflow/dags/pg_dbt.py
[2025-11-01T02:12:47.081+0000] {processor.py:830} INFO - Processing file /opt/airflow/dags/pg_dbt.py for tasks to queue
[2025-11-01T02:12:47.084+0000] {logging_mixin.py:188} INFO - [2025-11-01T02:12:47.083+0000] {dagbag.py:538} INFO - Filling up the DagBag from /opt/airflow/dags/pg_dbt.py
[2025-11-01T02:12:47.130+0000] {processor.py:840} INFO - DAG(s) 'scheduled_dbt_pg_daily' retrieved from /opt/airflow/dags/pg_dbt.py
[2025-11-01T02:12:47.230+0000] {logging_mixin.py:188} INFO - [2025-11-01T02:12:47.230+0000] {dag.py:3036} INFO - Sync 1 DAGs
[2025-11-01T02:12:47.357+0000] {logging_mixin.py:188} INFO - [2025-11-01T02:12:47.356+0000] {dag.py:3823} INFO - Setting next_dagrun for scheduled_dbt_pg_daily to None, run_after=None
[2025-11-01T02:12:47.418+0000] {processor.py:183} INFO - Processing /opt/airflow/dags/pg_dbt.py took 0.360 seconds
[2025-11-01T02:13:19.505+0000] {processor.py:161} INFO - Started process (PID=423) to work on /opt/airflow/dags/pg_dbt.py
[2025-11-01T02:13:19.516+0000] {processor.py:830} INFO - Processing file /opt/airflow/dags/pg_dbt.py for tasks to queue
[2025-11-01T02:13:19.523+0000] {logging_mixin.py:188} INFO - [2025-11-01T02:13:19.522+0000] {dagbag.py:538} INFO - Filling up the DagBag from /opt/airflow/dags/pg_dbt.py
[2025-11-01T02:13:19.643+0000] {processor.py:840} INFO - DAG(s) 'scheduled_dbt_pg_daily' retrieved from /opt/airflow/dags/pg_dbt.py
[2025-11-01T02:13:19.729+0000] {logging_mixin.py:188} INFO - [2025-11-01T02:13:19.726+0000] {dag.py:3036} INFO - Sync 1 DAGs
[2025-11-01T02:13:19.802+0000] {logging_mixin.py:188} INFO - [2025-11-01T02:13:19.802+0000] {dag.py:3823} INFO - Setting next_dagrun for scheduled_dbt_pg_daily to None, run_after=None
[2025-11-01T02:13:19.904+0000] {processor.py:183} INFO - Processing /opt/airflow/dags/pg_dbt.py took 0.414 seconds
[2025-11-01T02:13:52.300+0000] {processor.py:161} INFO - Started process (PID=435) to work on /opt/airflow/dags/pg_dbt.py
[2025-11-01T02:13:52.306+0000] {processor.py:830} INFO - Processing file /opt/airflow/dags/pg_dbt.py for tasks to queue
[2025-11-01T02:13:52.311+0000] {logging_mixin.py:188} INFO - [2025-11-01T02:13:52.310+0000] {dagbag.py:538} INFO - Filling up the DagBag from /opt/airflow/dags/pg_dbt.py
[2025-11-01T02:13:52.385+0000] {processor.py:840} INFO - DAG(s) 'scheduled_dbt_pg_daily' retrieved from /opt/airflow/dags/pg_dbt.py
[2025-11-01T02:13:52.444+0000] {logging_mixin.py:188} INFO - [2025-11-01T02:13:52.443+0000] {dag.py:3036} INFO - Sync 1 DAGs
[2025-11-01T02:13:52.484+0000] {logging_mixin.py:188} INFO - [2025-11-01T02:13:52.484+0000] {dag.py:3823} INFO - Setting next_dagrun for scheduled_dbt_pg_daily to None, run_after=None
[2025-11-01T02:13:52.721+0000] {processor.py:183} INFO - Processing /opt/airflow/dags/pg_dbt.py took 0.430 seconds
[2025-11-01T02:14:25.745+0000] {processor.py:161} INFO - Started process (PID=447) to work on /opt/airflow/dags/pg_dbt.py
[2025-11-01T02:14:25.749+0000] {processor.py:830} INFO - Processing file /opt/airflow/dags/pg_dbt.py for tasks to queue
[2025-11-01T02:14:25.760+0000] {logging_mixin.py:188} INFO - [2025-11-01T02:14:25.755+0000] {dagbag.py:538} INFO - Filling up the DagBag from /opt/airflow/dags/pg_dbt.py
[2025-11-01T02:14:25.854+0000] {processor.py:840} INFO - DAG(s) 'scheduled_dbt_pg_daily' retrieved from /opt/airflow/dags/pg_dbt.py
[2025-11-01T02:14:25.920+0000] {logging_mixin.py:188} INFO - [2025-11-01T02:14:25.920+0000] {dag.py:3036} INFO - Sync 1 DAGs
[2025-11-01T02:14:25.980+0000] {logging_mixin.py:188} INFO - [2025-11-01T02:14:25.979+0000] {dag.py:3823} INFO - Setting next_dagrun for scheduled_dbt_pg_daily to None, run_after=None
[2025-11-01T02:14:26.122+0000] {processor.py:183} INFO - Processing /opt/airflow/dags/pg_dbt.py took 0.392 seconds
[2025-11-01T02:14:59.538+0000] {processor.py:161} INFO - Started process (PID=460) to work on /opt/airflow/dags/pg_dbt.py
[2025-11-01T02:14:59.543+0000] {processor.py:830} INFO - Processing file /opt/airflow/dags/pg_dbt.py for tasks to queue
[2025-11-01T02:14:59.555+0000] {logging_mixin.py:188} INFO - [2025-11-01T02:14:59.554+0000] {dagbag.py:538} INFO - Filling up the DagBag from /opt/airflow/dags/pg_dbt.py
[2025-11-01T02:15:00.855+0000] {processor.py:840} INFO - DAG(s) 'scheduled_dbt_pg_daily' retrieved from /opt/airflow/dags/pg_dbt.py
[2025-11-01T02:15:01.241+0000] {logging_mixin.py:188} INFO - [2025-11-01T02:15:01.240+0000] {dag.py:3036} INFO - Sync 1 DAGs
[2025-11-01T02:15:01.496+0000] {logging_mixin.py:188} INFO - [2025-11-01T02:15:01.495+0000] {dag.py:3823} INFO - Setting next_dagrun for scheduled_dbt_pg_daily to None, run_after=None
[2025-11-01T02:15:02.006+0000] {processor.py:183} INFO - Processing /opt/airflow/dags/pg_dbt.py took 2.500 seconds
[2025-11-01T02:15:38.451+0000] {processor.py:161} INFO - Started process (PID=472) to work on /opt/airflow/dags/pg_dbt.py
[2025-11-01T02:15:38.455+0000] {processor.py:830} INFO - Processing file /opt/airflow/dags/pg_dbt.py for tasks to queue
[2025-11-01T02:15:38.486+0000] {logging_mixin.py:188} INFO - [2025-11-01T02:15:38.475+0000] {dagbag.py:538} INFO - Filling up the DagBag from /opt/airflow/dags/pg_dbt.py
[2025-11-01T02:15:38.636+0000] {processor.py:840} INFO - DAG(s) 'scheduled_dbt_pg_daily' retrieved from /opt/airflow/dags/pg_dbt.py
[2025-11-01T02:15:38.824+0000] {logging_mixin.py:188} INFO - [2025-11-01T02:15:38.823+0000] {dag.py:3036} INFO - Sync 1 DAGs
[2025-11-01T02:15:38.889+0000] {logging_mixin.py:188} INFO - [2025-11-01T02:15:38.889+0000] {dag.py:3823} INFO - Setting next_dagrun for scheduled_dbt_pg_daily to None, run_after=None
[2025-11-01T02:15:39.036+0000] {processor.py:183} INFO - Processing /opt/airflow/dags/pg_dbt.py took 0.622 seconds
[2025-11-01T02:16:09.705+0000] {processor.py:161} INFO - Started process (PID=484) to work on /opt/airflow/dags/pg_dbt.py
[2025-11-01T02:16:09.716+0000] {processor.py:830} INFO - Processing file /opt/airflow/dags/pg_dbt.py for tasks to queue
[2025-11-01T02:16:09.720+0000] {logging_mixin.py:188} INFO - [2025-11-01T02:16:09.719+0000] {dagbag.py:538} INFO - Filling up the DagBag from /opt/airflow/dags/pg_dbt.py
[2025-11-01T02:16:09.761+0000] {processor.py:840} INFO - DAG(s) 'scheduled_dbt_pg_daily' retrieved from /opt/airflow/dags/pg_dbt.py
[2025-11-01T02:16:09.920+0000] {logging_mixin.py:188} INFO - [2025-11-01T02:16:09.917+0000] {dag.py:3036} INFO - Sync 1 DAGs
[2025-11-01T02:16:09.994+0000] {logging_mixin.py:188} INFO - [2025-11-01T02:16:09.994+0000] {dag.py:3823} INFO - Setting next_dagrun for scheduled_dbt_pg_daily to None, run_after=None
[2025-11-01T02:16:10.156+0000] {processor.py:183} INFO - Processing /opt/airflow/dags/pg_dbt.py took 0.480 seconds
[2025-11-01T02:16:41.250+0000] {processor.py:161} INFO - Started process (PID=494) to work on /opt/airflow/dags/pg_dbt.py
[2025-11-01T02:16:41.287+0000] {processor.py:830} INFO - Processing file /opt/airflow/dags/pg_dbt.py for tasks to queue
[2025-11-01T02:16:41.306+0000] {logging_mixin.py:188} INFO - [2025-11-01T02:16:41.305+0000] {dagbag.py:538} INFO - Filling up the DagBag from /opt/airflow/dags/pg_dbt.py
[2025-11-01T02:16:41.551+0000] {processor.py:840} INFO - DAG(s) 'scheduled_dbt_pg_daily' retrieved from /opt/airflow/dags/pg_dbt.py
[2025-11-01T02:16:41.678+0000] {logging_mixin.py:188} INFO - [2025-11-01T02:16:41.677+0000] {dag.py:3036} INFO - Sync 1 DAGs
[2025-11-01T02:16:41.766+0000] {logging_mixin.py:188} INFO - [2025-11-01T02:16:41.766+0000] {dag.py:3823} INFO - Setting next_dagrun for scheduled_dbt_pg_daily to None, run_after=None
[2025-11-01T02:16:41.935+0000] {processor.py:183} INFO - Processing /opt/airflow/dags/pg_dbt.py took 0.703 seconds
[2025-11-01T02:17:12.419+0000] {processor.py:161} INFO - Started process (PID=506) to work on /opt/airflow/dags/pg_dbt.py
[2025-11-01T02:17:12.424+0000] {processor.py:830} INFO - Processing file /opt/airflow/dags/pg_dbt.py for tasks to queue
[2025-11-01T02:17:12.428+0000] {logging_mixin.py:188} INFO - [2025-11-01T02:17:12.427+0000] {dagbag.py:538} INFO - Filling up the DagBag from /opt/airflow/dags/pg_dbt.py
[2025-11-01T02:17:12.520+0000] {processor.py:840} INFO - DAG(s) 'scheduled_dbt_pg_daily' retrieved from /opt/airflow/dags/pg_dbt.py
[2025-11-01T02:17:12.691+0000] {logging_mixin.py:188} INFO - [2025-11-01T02:17:12.690+0000] {dag.py:3036} INFO - Sync 1 DAGs
[2025-11-01T02:17:12.840+0000] {logging_mixin.py:188} INFO - [2025-11-01T02:17:12.840+0000] {dag.py:3823} INFO - Setting next_dagrun for scheduled_dbt_pg_daily to None, run_after=None
[2025-11-01T02:17:13.206+0000] {processor.py:183} INFO - Processing /opt/airflow/dags/pg_dbt.py took 0.798 seconds
[2025-11-01T02:17:44.003+0000] {processor.py:161} INFO - Started process (PID=519) to work on /opt/airflow/dags/pg_dbt.py
[2025-11-01T02:17:44.007+0000] {processor.py:830} INFO - Processing file /opt/airflow/dags/pg_dbt.py for tasks to queue
[2025-11-01T02:17:44.018+0000] {logging_mixin.py:188} INFO - [2025-11-01T02:17:44.017+0000] {dagbag.py:538} INFO - Filling up the DagBag from /opt/airflow/dags/pg_dbt.py
[2025-11-01T02:17:44.124+0000] {processor.py:840} INFO - DAG(s) 'scheduled_dbt_pg_daily' retrieved from /opt/airflow/dags/pg_dbt.py
[2025-11-01T02:17:44.268+0000] {logging_mixin.py:188} INFO - [2025-11-01T02:17:44.267+0000] {dag.py:3036} INFO - Sync 1 DAGs
[2025-11-01T02:17:44.371+0000] {logging_mixin.py:188} INFO - [2025-11-01T02:17:44.371+0000] {dag.py:3823} INFO - Setting next_dagrun for scheduled_dbt_pg_daily to None, run_after=None
[2025-11-01T02:17:44.644+0000] {processor.py:183} INFO - Processing /opt/airflow/dags/pg_dbt.py took 0.660 seconds
[2025-11-01T02:18:16.091+0000] {processor.py:161} INFO - Started process (PID=530) to work on /opt/airflow/dags/pg_dbt.py
[2025-11-01T02:18:16.094+0000] {processor.py:830} INFO - Processing file /opt/airflow/dags/pg_dbt.py for tasks to queue
[2025-11-01T02:18:16.096+0000] {logging_mixin.py:188} INFO - [2025-11-01T02:18:16.096+0000] {dagbag.py:538} INFO - Filling up the DagBag from /opt/airflow/dags/pg_dbt.py
[2025-11-01T02:18:16.169+0000] {processor.py:840} INFO - DAG(s) 'scheduled_dbt_pg_daily' retrieved from /opt/airflow/dags/pg_dbt.py
[2025-11-01T02:18:16.262+0000] {logging_mixin.py:188} INFO - [2025-11-01T02:18:16.262+0000] {dag.py:3036} INFO - Sync 1 DAGs
[2025-11-01T02:18:16.309+0000] {logging_mixin.py:188} INFO - [2025-11-01T02:18:16.308+0000] {dag.py:3823} INFO - Setting next_dagrun for scheduled_dbt_pg_daily to None, run_after=None
[2025-11-01T02:18:16.392+0000] {processor.py:183} INFO - Processing /opt/airflow/dags/pg_dbt.py took 0.309 seconds
[2025-11-01T02:18:49.903+0000] {processor.py:161} INFO - Started process (PID=543) to work on /opt/airflow/dags/pg_dbt.py
[2025-11-01T02:18:49.908+0000] {processor.py:830} INFO - Processing file /opt/airflow/dags/pg_dbt.py for tasks to queue
[2025-11-01T02:18:49.911+0000] {logging_mixin.py:188} INFO - [2025-11-01T02:18:49.910+0000] {dagbag.py:538} INFO - Filling up the DagBag from /opt/airflow/dags/pg_dbt.py
[2025-11-01T02:18:49.986+0000] {processor.py:840} INFO - DAG(s) 'scheduled_dbt_pg_daily' retrieved from /opt/airflow/dags/pg_dbt.py
[2025-11-01T02:18:50.166+0000] {logging_mixin.py:188} INFO - [2025-11-01T02:18:50.166+0000] {dag.py:3036} INFO - Sync 1 DAGs
[2025-11-01T02:18:50.298+0000] {logging_mixin.py:188} INFO - [2025-11-01T02:18:50.297+0000] {dag.py:3823} INFO - Setting next_dagrun for scheduled_dbt_pg_daily to None, run_after=None
[2025-11-01T02:18:50.433+0000] {processor.py:183} INFO - Processing /opt/airflow/dags/pg_dbt.py took 0.538 seconds
[2025-11-01T02:19:21.666+0000] {processor.py:161} INFO - Started process (PID=555) to work on /opt/airflow/dags/pg_dbt.py
[2025-11-01T02:19:21.669+0000] {processor.py:830} INFO - Processing file /opt/airflow/dags/pg_dbt.py for tasks to queue
[2025-11-01T02:19:21.671+0000] {logging_mixin.py:188} INFO - [2025-11-01T02:19:21.670+0000] {dagbag.py:538} INFO - Filling up the DagBag from /opt/airflow/dags/pg_dbt.py
[2025-11-01T02:19:21.996+0000] {processor.py:840} INFO - DAG(s) 'scheduled_dbt_pg_daily' retrieved from /opt/airflow/dags/pg_dbt.py
[2025-11-01T02:19:22.108+0000] {logging_mixin.py:188} INFO - [2025-11-01T02:19:22.107+0000] {dag.py:3036} INFO - Sync 1 DAGs
[2025-11-01T02:19:22.189+0000] {logging_mixin.py:188} INFO - [2025-11-01T02:19:22.189+0000] {dag.py:3823} INFO - Setting next_dagrun for scheduled_dbt_pg_daily to None, run_after=None
[2025-11-01T02:19:22.352+0000] {processor.py:183} INFO - Processing /opt/airflow/dags/pg_dbt.py took 0.695 seconds
[2025-11-01T02:19:52.498+0000] {processor.py:161} INFO - Started process (PID=567) to work on /opt/airflow/dags/pg_dbt.py
[2025-11-01T02:19:52.501+0000] {processor.py:830} INFO - Processing file /opt/airflow/dags/pg_dbt.py for tasks to queue
[2025-11-01T02:19:52.504+0000] {logging_mixin.py:188} INFO - [2025-11-01T02:19:52.503+0000] {dagbag.py:538} INFO - Filling up the DagBag from /opt/airflow/dags/pg_dbt.py
[2025-11-01T02:19:52.536+0000] {processor.py:840} INFO - DAG(s) 'scheduled_dbt_pg_daily' retrieved from /opt/airflow/dags/pg_dbt.py
[2025-11-01T02:19:53.082+0000] {logging_mixin.py:188} INFO - [2025-11-01T02:19:53.082+0000] {dag.py:3036} INFO - Sync 1 DAGs
[2025-11-01T02:19:53.213+0000] {logging_mixin.py:188} INFO - [2025-11-01T02:19:53.212+0000] {dag.py:3823} INFO - Setting next_dagrun for scheduled_dbt_pg_daily to None, run_after=None
[2025-11-01T02:19:53.569+0000] {processor.py:183} INFO - Processing /opt/airflow/dags/pg_dbt.py took 1.078 seconds
[2025-11-01T02:20:27.257+0000] {processor.py:161} INFO - Started process (PID=579) to work on /opt/airflow/dags/pg_dbt.py
[2025-11-01T02:20:27.267+0000] {processor.py:830} INFO - Processing file /opt/airflow/dags/pg_dbt.py for tasks to queue
[2025-11-01T02:20:27.340+0000] {logging_mixin.py:188} INFO - [2025-11-01T02:20:27.340+0000] {dagbag.py:538} INFO - Filling up the DagBag from /opt/airflow/dags/pg_dbt.py
[2025-11-01T02:20:27.521+0000] {processor.py:840} INFO - DAG(s) 'scheduled_dbt_pg_daily' retrieved from /opt/airflow/dags/pg_dbt.py
[2025-11-01T02:20:27.776+0000] {logging_mixin.py:188} INFO - [2025-11-01T02:20:27.766+0000] {dag.py:3036} INFO - Sync 1 DAGs
[2025-11-01T02:20:27.958+0000] {logging_mixin.py:188} INFO - [2025-11-01T02:20:27.957+0000] {dag.py:3823} INFO - Setting next_dagrun for scheduled_dbt_pg_daily to None, run_after=None
[2025-11-01T02:20:28.532+0000] {processor.py:183} INFO - Processing /opt/airflow/dags/pg_dbt.py took 1.304 seconds
[2025-11-01T02:21:00.001+0000] {processor.py:161} INFO - Started process (PID=590) to work on /opt/airflow/dags/pg_dbt.py
[2025-11-01T02:21:00.005+0000] {processor.py:830} INFO - Processing file /opt/airflow/dags/pg_dbt.py for tasks to queue
[2025-11-01T02:21:00.007+0000] {logging_mixin.py:188} INFO - [2025-11-01T02:21:00.006+0000] {dagbag.py:538} INFO - Filling up the DagBag from /opt/airflow/dags/pg_dbt.py
[2025-11-01T02:21:00.052+0000] {processor.py:840} INFO - DAG(s) 'scheduled_dbt_pg_daily' retrieved from /opt/airflow/dags/pg_dbt.py
[2025-11-01T02:21:00.106+0000] {logging_mixin.py:188} INFO - [2025-11-01T02:21:00.106+0000] {dag.py:3036} INFO - Sync 1 DAGs
[2025-11-01T02:21:00.152+0000] {logging_mixin.py:188} INFO - [2025-11-01T02:21:00.151+0000] {dag.py:3823} INFO - Setting next_dagrun for scheduled_dbt_pg_daily to None, run_after=None
[2025-11-01T02:21:00.308+0000] {processor.py:183} INFO - Processing /opt/airflow/dags/pg_dbt.py took 0.316 seconds
[2025-11-01T02:21:31.663+0000] {processor.py:161} INFO - Started process (PID=601) to work on /opt/airflow/dags/pg_dbt.py
[2025-11-01T02:21:31.666+0000] {processor.py:830} INFO - Processing file /opt/airflow/dags/pg_dbt.py for tasks to queue
[2025-11-01T02:21:31.673+0000] {logging_mixin.py:188} INFO - [2025-11-01T02:21:31.672+0000] {dagbag.py:538} INFO - Filling up the DagBag from /opt/airflow/dags/pg_dbt.py
[2025-11-01T02:21:31.752+0000] {processor.py:840} INFO - DAG(s) 'scheduled_dbt_pg_daily' retrieved from /opt/airflow/dags/pg_dbt.py
[2025-11-01T02:21:31.827+0000] {logging_mixin.py:188} INFO - [2025-11-01T02:21:31.827+0000] {dag.py:3036} INFO - Sync 1 DAGs
[2025-11-01T02:21:31.927+0000] {logging_mixin.py:188} INFO - [2025-11-01T02:21:31.927+0000] {dag.py:3823} INFO - Setting next_dagrun for scheduled_dbt_pg_daily to None, run_after=None
[2025-11-01T02:21:32.189+0000] {processor.py:183} INFO - Processing /opt/airflow/dags/pg_dbt.py took 0.547 seconds
[2025-11-01T02:22:05.175+0000] {processor.py:161} INFO - Started process (PID=613) to work on /opt/airflow/dags/pg_dbt.py
[2025-11-01T02:22:05.178+0000] {processor.py:830} INFO - Processing file /opt/airflow/dags/pg_dbt.py for tasks to queue
[2025-11-01T02:22:05.180+0000] {logging_mixin.py:188} INFO - [2025-11-01T02:22:05.180+0000] {dagbag.py:538} INFO - Filling up the DagBag from /opt/airflow/dags/pg_dbt.py
[2025-11-01T02:22:05.253+0000] {processor.py:840} INFO - DAG(s) 'scheduled_dbt_pg_daily' retrieved from /opt/airflow/dags/pg_dbt.py
[2025-11-01T02:22:05.344+0000] {logging_mixin.py:188} INFO - [2025-11-01T02:22:05.344+0000] {dag.py:3036} INFO - Sync 1 DAGs
[2025-11-01T02:22:05.428+0000] {logging_mixin.py:188} INFO - [2025-11-01T02:22:05.427+0000] {dag.py:3823} INFO - Setting next_dagrun for scheduled_dbt_pg_daily to None, run_after=None
[2025-11-01T02:22:05.538+0000] {processor.py:183} INFO - Processing /opt/airflow/dags/pg_dbt.py took 0.372 seconds
[2025-11-01T02:22:39.057+0000] {processor.py:161} INFO - Started process (PID=624) to work on /opt/airflow/dags/pg_dbt.py
[2025-11-01T02:22:39.164+0000] {processor.py:830} INFO - Processing file /opt/airflow/dags/pg_dbt.py for tasks to queue
[2025-11-01T02:22:39.248+0000] {logging_mixin.py:188} INFO - [2025-11-01T02:22:39.247+0000] {dagbag.py:538} INFO - Filling up the DagBag from /opt/airflow/dags/pg_dbt.py
[2025-11-01T02:22:40.424+0000] {processor.py:840} INFO - DAG(s) 'scheduled_dbt_pg_daily' retrieved from /opt/airflow/dags/pg_dbt.py
[2025-11-01T02:22:40.686+0000] {logging_mixin.py:188} INFO - [2025-11-01T02:22:40.686+0000] {dag.py:3036} INFO - Sync 1 DAGs
[2025-11-01T02:22:40.894+0000] {logging_mixin.py:188} INFO - [2025-11-01T02:22:40.893+0000] {dag.py:3823} INFO - Setting next_dagrun for scheduled_dbt_pg_daily to None, run_after=None
[2025-11-01T02:22:41.118+0000] {processor.py:183} INFO - Processing /opt/airflow/dags/pg_dbt.py took 2.089 seconds
[2025-11-01T02:23:11.377+0000] {processor.py:161} INFO - Started process (PID=636) to work on /opt/airflow/dags/pg_dbt.py
[2025-11-01T02:23:11.382+0000] {processor.py:830} INFO - Processing file /opt/airflow/dags/pg_dbt.py for tasks to queue
[2025-11-01T02:23:11.385+0000] {logging_mixin.py:188} INFO - [2025-11-01T02:23:11.384+0000] {dagbag.py:538} INFO - Filling up the DagBag from /opt/airflow/dags/pg_dbt.py
[2025-11-01T02:23:11.448+0000] {processor.py:840} INFO - DAG(s) 'scheduled_dbt_pg_daily' retrieved from /opt/airflow/dags/pg_dbt.py
[2025-11-01T02:23:11.547+0000] {logging_mixin.py:188} INFO - [2025-11-01T02:23:11.546+0000] {dag.py:3036} INFO - Sync 1 DAGs
[2025-11-01T02:23:11.618+0000] {logging_mixin.py:188} INFO - [2025-11-01T02:23:11.618+0000] {dag.py:3823} INFO - Setting next_dagrun for scheduled_dbt_pg_daily to None, run_after=None
[2025-11-01T02:23:11.932+0000] {processor.py:183} INFO - Processing /opt/airflow/dags/pg_dbt.py took 0.564 seconds
[2025-11-01T02:23:42.933+0000] {processor.py:161} INFO - Started process (PID=648) to work on /opt/airflow/dags/pg_dbt.py
[2025-11-01T02:23:42.945+0000] {processor.py:830} INFO - Processing file /opt/airflow/dags/pg_dbt.py for tasks to queue
[2025-11-01T02:23:42.948+0000] {logging_mixin.py:188} INFO - [2025-11-01T02:23:42.947+0000] {dagbag.py:538} INFO - Filling up the DagBag from /opt/airflow/dags/pg_dbt.py
[2025-11-01T02:23:43.080+0000] {processor.py:840} INFO - DAG(s) 'scheduled_dbt_pg_daily' retrieved from /opt/airflow/dags/pg_dbt.py
[2025-11-01T02:23:43.205+0000] {logging_mixin.py:188} INFO - [2025-11-01T02:23:43.204+0000] {dag.py:3036} INFO - Sync 1 DAGs
[2025-11-01T02:23:43.306+0000] {logging_mixin.py:188} INFO - [2025-11-01T02:23:43.305+0000] {dag.py:3823} INFO - Setting next_dagrun for scheduled_dbt_pg_daily to None, run_after=None
[2025-11-01T02:23:43.602+0000] {processor.py:183} INFO - Processing /opt/airflow/dags/pg_dbt.py took 0.706 seconds
[2025-11-01T02:24:15.919+0000] {processor.py:161} INFO - Started process (PID=654) to work on /opt/airflow/dags/pg_dbt.py
[2025-11-01T02:24:15.955+0000] {processor.py:830} INFO - Processing file /opt/airflow/dags/pg_dbt.py for tasks to queue
[2025-11-01T02:24:15.971+0000] {logging_mixin.py:188} INFO - [2025-11-01T02:24:15.970+0000] {dagbag.py:538} INFO - Filling up the DagBag from /opt/airflow/dags/pg_dbt.py
[2025-11-01T02:24:16.092+0000] {processor.py:840} INFO - DAG(s) 'scheduled_dbt_pg_daily' retrieved from /opt/airflow/dags/pg_dbt.py
[2025-11-01T02:24:16.278+0000] {logging_mixin.py:188} INFO - [2025-11-01T02:24:16.278+0000] {dag.py:3036} INFO - Sync 1 DAGs
[2025-11-01T02:24:16.571+0000] {logging_mixin.py:188} INFO - [2025-11-01T02:24:16.571+0000] {dag.py:3823} INFO - Setting next_dagrun for scheduled_dbt_pg_daily to None, run_after=None
[2025-11-01T02:24:16.726+0000] {processor.py:183} INFO - Processing /opt/airflow/dags/pg_dbt.py took 0.820 seconds
[2025-11-01T02:24:49.183+0000] {processor.py:161} INFO - Started process (PID=672) to work on /opt/airflow/dags/pg_dbt.py
[2025-11-01T02:24:49.197+0000] {processor.py:830} INFO - Processing file /opt/airflow/dags/pg_dbt.py for tasks to queue
[2025-11-01T02:24:49.210+0000] {logging_mixin.py:188} INFO - [2025-11-01T02:24:49.209+0000] {dagbag.py:538} INFO - Filling up the DagBag from /opt/airflow/dags/pg_dbt.py
[2025-11-01T02:24:49.403+0000] {processor.py:840} INFO - DAG(s) 'scheduled_dbt_pg_daily' retrieved from /opt/airflow/dags/pg_dbt.py
[2025-11-01T02:24:49.654+0000] {logging_mixin.py:188} INFO - [2025-11-01T02:24:49.653+0000] {dag.py:3036} INFO - Sync 1 DAGs
[2025-11-01T02:24:49.762+0000] {logging_mixin.py:188} INFO - [2025-11-01T02:24:49.761+0000] {dag.py:3823} INFO - Setting next_dagrun for scheduled_dbt_pg_daily to None, run_after=None
[2025-11-01T02:24:49.970+0000] {processor.py:183} INFO - Processing /opt/airflow/dags/pg_dbt.py took 0.840 seconds
[2025-11-01T02:25:20.852+0000] {processor.py:161} INFO - Started process (PID=678) to work on /opt/airflow/dags/pg_dbt.py
[2025-11-01T02:25:20.855+0000] {processor.py:830} INFO - Processing file /opt/airflow/dags/pg_dbt.py for tasks to queue
[2025-11-01T02:25:20.859+0000] {logging_mixin.py:188} INFO - [2025-11-01T02:25:20.858+0000] {dagbag.py:538} INFO - Filling up the DagBag from /opt/airflow/dags/pg_dbt.py
[2025-11-01T02:25:21.147+0000] {processor.py:840} INFO - DAG(s) 'scheduled_dbt_pg_daily' retrieved from /opt/airflow/dags/pg_dbt.py
[2025-11-01T02:25:21.407+0000] {logging_mixin.py:188} INFO - [2025-11-01T02:25:21.407+0000] {dag.py:3036} INFO - Sync 1 DAGs
[2025-11-01T02:25:21.525+0000] {logging_mixin.py:188} INFO - [2025-11-01T02:25:21.524+0000] {dag.py:3823} INFO - Setting next_dagrun for scheduled_dbt_pg_daily to None, run_after=None
[2025-11-01T02:25:21.988+0000] {processor.py:183} INFO - Processing /opt/airflow/dags/pg_dbt.py took 1.154 seconds
[2025-11-01T02:25:54.066+0000] {processor.py:161} INFO - Started process (PID=690) to work on /opt/airflow/dags/pg_dbt.py
[2025-11-01T02:25:54.070+0000] {processor.py:830} INFO - Processing file /opt/airflow/dags/pg_dbt.py for tasks to queue
[2025-11-01T02:25:54.073+0000] {logging_mixin.py:188} INFO - [2025-11-01T02:25:54.072+0000] {dagbag.py:538} INFO - Filling up the DagBag from /opt/airflow/dags/pg_dbt.py
[2025-11-01T02:25:54.260+0000] {processor.py:840} INFO - DAG(s) 'scheduled_dbt_pg_daily' retrieved from /opt/airflow/dags/pg_dbt.py
[2025-11-01T02:25:55.034+0000] {logging_mixin.py:188} INFO - [2025-11-01T02:25:55.034+0000] {dag.py:3036} INFO - Sync 1 DAGs
[2025-11-01T02:25:55.121+0000] {logging_mixin.py:188} INFO - [2025-11-01T02:25:55.121+0000] {dag.py:3823} INFO - Setting next_dagrun for scheduled_dbt_pg_daily to None, run_after=None
[2025-11-01T02:25:55.752+0000] {processor.py:183} INFO - Processing /opt/airflow/dags/pg_dbt.py took 1.726 seconds
[2025-11-01T02:26:27.138+0000] {processor.py:161} INFO - Started process (PID=702) to work on /opt/airflow/dags/pg_dbt.py
[2025-11-01T02:26:27.141+0000] {processor.py:830} INFO - Processing file /opt/airflow/dags/pg_dbt.py for tasks to queue
[2025-11-01T02:26:27.145+0000] {logging_mixin.py:188} INFO - [2025-11-01T02:26:27.144+0000] {dagbag.py:538} INFO - Filling up the DagBag from /opt/airflow/dags/pg_dbt.py
[2025-11-01T02:26:27.186+0000] {processor.py:840} INFO - DAG(s) 'scheduled_dbt_pg_daily' retrieved from /opt/airflow/dags/pg_dbt.py
[2025-11-01T02:26:27.262+0000] {logging_mixin.py:188} INFO - [2025-11-01T02:26:27.261+0000] {dag.py:3036} INFO - Sync 1 DAGs
[2025-11-01T02:26:27.311+0000] {logging_mixin.py:188} INFO - [2025-11-01T02:26:27.311+0000] {dag.py:3823} INFO - Setting next_dagrun for scheduled_dbt_pg_daily to None, run_after=None
[2025-11-01T02:26:27.418+0000] {processor.py:183} INFO - Processing /opt/airflow/dags/pg_dbt.py took 0.287 seconds
[2025-11-01T02:26:59.700+0000] {processor.py:161} INFO - Started process (PID=714) to work on /opt/airflow/dags/pg_dbt.py
[2025-11-01T02:26:59.707+0000] {processor.py:830} INFO - Processing file /opt/airflow/dags/pg_dbt.py for tasks to queue
[2025-11-01T02:26:59.709+0000] {logging_mixin.py:188} INFO - [2025-11-01T02:26:59.708+0000] {dagbag.py:538} INFO - Filling up the DagBag from /opt/airflow/dags/pg_dbt.py
[2025-11-01T02:26:59.749+0000] {processor.py:840} INFO - DAG(s) 'scheduled_dbt_pg_daily' retrieved from /opt/airflow/dags/pg_dbt.py
[2025-11-01T02:26:59.814+0000] {logging_mixin.py:188} INFO - [2025-11-01T02:26:59.814+0000] {dag.py:3036} INFO - Sync 1 DAGs
[2025-11-01T02:26:59.860+0000] {logging_mixin.py:188} INFO - [2025-11-01T02:26:59.859+0000] {dag.py:3823} INFO - Setting next_dagrun for scheduled_dbt_pg_daily to None, run_after=None
[2025-11-01T02:27:00.124+0000] {processor.py:183} INFO - Processing /opt/airflow/dags/pg_dbt.py took 0.429 seconds
[2025-11-01T02:27:31.587+0000] {processor.py:161} INFO - Started process (PID=726) to work on /opt/airflow/dags/pg_dbt.py
[2025-11-01T02:27:31.589+0000] {processor.py:830} INFO - Processing file /opt/airflow/dags/pg_dbt.py for tasks to queue
[2025-11-01T02:27:31.591+0000] {logging_mixin.py:188} INFO - [2025-11-01T02:27:31.590+0000] {dagbag.py:538} INFO - Filling up the DagBag from /opt/airflow/dags/pg_dbt.py
[2025-11-01T02:27:31.624+0000] {processor.py:840} INFO - DAG(s) 'scheduled_dbt_pg_daily' retrieved from /opt/airflow/dags/pg_dbt.py
[2025-11-01T02:27:31.684+0000] {logging_mixin.py:188} INFO - [2025-11-01T02:27:31.684+0000] {dag.py:3036} INFO - Sync 1 DAGs
[2025-11-01T02:27:31.735+0000] {logging_mixin.py:188} INFO - [2025-11-01T02:27:31.734+0000] {dag.py:3823} INFO - Setting next_dagrun for scheduled_dbt_pg_daily to None, run_after=None
[2025-11-01T02:27:32.087+0000] {processor.py:183} INFO - Processing /opt/airflow/dags/pg_dbt.py took 0.509 seconds
[2025-11-01T02:28:04.766+0000] {processor.py:161} INFO - Started process (PID=738) to work on /opt/airflow/dags/pg_dbt.py
[2025-11-01T02:28:04.768+0000] {processor.py:830} INFO - Processing file /opt/airflow/dags/pg_dbt.py for tasks to queue
[2025-11-01T02:28:04.771+0000] {logging_mixin.py:188} INFO - [2025-11-01T02:28:04.770+0000] {dagbag.py:538} INFO - Filling up the DagBag from /opt/airflow/dags/pg_dbt.py
[2025-11-01T02:28:04.813+0000] {processor.py:840} INFO - DAG(s) 'scheduled_dbt_pg_daily' retrieved from /opt/airflow/dags/pg_dbt.py
[2025-11-01T02:28:04.862+0000] {logging_mixin.py:188} INFO - [2025-11-01T02:28:04.862+0000] {dag.py:3036} INFO - Sync 1 DAGs
[2025-11-01T02:28:04.899+0000] {logging_mixin.py:188} INFO - [2025-11-01T02:28:04.899+0000] {dag.py:3823} INFO - Setting next_dagrun for scheduled_dbt_pg_daily to None, run_after=None
[2025-11-01T02:28:05.193+0000] {processor.py:183} INFO - Processing /opt/airflow/dags/pg_dbt.py took 0.435 seconds
[2025-11-01T02:28:37.270+0000] {processor.py:161} INFO - Started process (PID=750) to work on /opt/airflow/dags/pg_dbt.py
[2025-11-01T02:28:37.273+0000] {processor.py:830} INFO - Processing file /opt/airflow/dags/pg_dbt.py for tasks to queue
[2025-11-01T02:28:37.275+0000] {logging_mixin.py:188} INFO - [2025-11-01T02:28:37.274+0000] {dagbag.py:538} INFO - Filling up the DagBag from /opt/airflow/dags/pg_dbt.py
[2025-11-01T02:28:37.314+0000] {processor.py:840} INFO - DAG(s) 'scheduled_dbt_pg_daily' retrieved from /opt/airflow/dags/pg_dbt.py
[2025-11-01T02:28:37.370+0000] {logging_mixin.py:188} INFO - [2025-11-01T02:28:37.370+0000] {dag.py:3036} INFO - Sync 1 DAGs
[2025-11-01T02:28:37.413+0000] {logging_mixin.py:188} INFO - [2025-11-01T02:28:37.412+0000] {dag.py:3823} INFO - Setting next_dagrun for scheduled_dbt_pg_daily to None, run_after=None
[2025-11-01T02:28:37.474+0000] {processor.py:183} INFO - Processing /opt/airflow/dags/pg_dbt.py took 0.212 seconds
[2025-11-01T02:29:10.101+0000] {processor.py:161} INFO - Started process (PID=761) to work on /opt/airflow/dags/pg_dbt.py
[2025-11-01T02:29:10.103+0000] {processor.py:830} INFO - Processing file /opt/airflow/dags/pg_dbt.py for tasks to queue
[2025-11-01T02:29:10.106+0000] {logging_mixin.py:188} INFO - [2025-11-01T02:29:10.105+0000] {dagbag.py:538} INFO - Filling up the DagBag from /opt/airflow/dags/pg_dbt.py
[2025-11-01T02:29:10.138+0000] {processor.py:840} INFO - DAG(s) 'scheduled_dbt_pg_daily' retrieved from /opt/airflow/dags/pg_dbt.py
[2025-11-01T02:29:10.191+0000] {logging_mixin.py:188} INFO - [2025-11-01T02:29:10.191+0000] {dag.py:3036} INFO - Sync 1 DAGs
[2025-11-01T02:29:10.230+0000] {logging_mixin.py:188} INFO - [2025-11-01T02:29:10.230+0000] {dag.py:3823} INFO - Setting next_dagrun for scheduled_dbt_pg_daily to None, run_after=None
[2025-11-01T02:29:10.280+0000] {processor.py:183} INFO - Processing /opt/airflow/dags/pg_dbt.py took 0.186 seconds
[2025-11-01T02:29:42.900+0000] {processor.py:161} INFO - Started process (PID=773) to work on /opt/airflow/dags/pg_dbt.py
[2025-11-01T02:29:42.902+0000] {processor.py:830} INFO - Processing file /opt/airflow/dags/pg_dbt.py for tasks to queue
[2025-11-01T02:29:42.905+0000] {logging_mixin.py:188} INFO - [2025-11-01T02:29:42.904+0000] {dagbag.py:538} INFO - Filling up the DagBag from /opt/airflow/dags/pg_dbt.py
[2025-11-01T02:29:42.937+0000] {processor.py:840} INFO - DAG(s) 'scheduled_dbt_pg_daily' retrieved from /opt/airflow/dags/pg_dbt.py
[2025-11-01T02:29:42.994+0000] {logging_mixin.py:188} INFO - [2025-11-01T02:29:42.994+0000] {dag.py:3036} INFO - Sync 1 DAGs
[2025-11-01T02:29:43.039+0000] {logging_mixin.py:188} INFO - [2025-11-01T02:29:43.039+0000] {dag.py:3823} INFO - Setting next_dagrun for scheduled_dbt_pg_daily to None, run_after=None
[2025-11-01T02:29:43.094+0000] {processor.py:183} INFO - Processing /opt/airflow/dags/pg_dbt.py took 0.203 seconds
[2025-11-01T02:30:16.242+0000] {processor.py:161} INFO - Started process (PID=784) to work on /opt/airflow/dags/pg_dbt.py
[2025-11-01T02:30:16.244+0000] {processor.py:830} INFO - Processing file /opt/airflow/dags/pg_dbt.py for tasks to queue
[2025-11-01T02:30:16.247+0000] {logging_mixin.py:188} INFO - [2025-11-01T02:30:16.246+0000] {dagbag.py:538} INFO - Filling up the DagBag from /opt/airflow/dags/pg_dbt.py
[2025-11-01T02:30:16.285+0000] {processor.py:840} INFO - DAG(s) 'scheduled_dbt_pg_daily' retrieved from /opt/airflow/dags/pg_dbt.py
[2025-11-01T02:30:16.335+0000] {logging_mixin.py:188} INFO - [2025-11-01T02:30:16.335+0000] {dag.py:3036} INFO - Sync 1 DAGs
[2025-11-01T02:30:16.370+0000] {logging_mixin.py:188} INFO - [2025-11-01T02:30:16.370+0000] {dag.py:3823} INFO - Setting next_dagrun for scheduled_dbt_pg_daily to None, run_after=None
[2025-11-01T02:30:16.424+0000] {processor.py:183} INFO - Processing /opt/airflow/dags/pg_dbt.py took 0.189 seconds
[2025-11-01T02:30:48.464+0000] {processor.py:161} INFO - Started process (PID=796) to work on /opt/airflow/dags/pg_dbt.py
[2025-11-01T02:30:48.466+0000] {processor.py:830} INFO - Processing file /opt/airflow/dags/pg_dbt.py for tasks to queue
[2025-11-01T02:30:48.469+0000] {logging_mixin.py:188} INFO - [2025-11-01T02:30:48.468+0000] {dagbag.py:538} INFO - Filling up the DagBag from /opt/airflow/dags/pg_dbt.py
[2025-11-01T02:30:48.505+0000] {processor.py:840} INFO - DAG(s) 'scheduled_dbt_pg_daily' retrieved from /opt/airflow/dags/pg_dbt.py
[2025-11-01T02:30:48.547+0000] {logging_mixin.py:188} INFO - [2025-11-01T02:30:48.547+0000] {dag.py:3036} INFO - Sync 1 DAGs
[2025-11-01T02:30:48.582+0000] {logging_mixin.py:188} INFO - [2025-11-01T02:30:48.582+0000] {dag.py:3823} INFO - Setting next_dagrun for scheduled_dbt_pg_daily to None, run_after=None
[2025-11-01T02:30:48.633+0000] {processor.py:183} INFO - Processing /opt/airflow/dags/pg_dbt.py took 0.178 seconds
[2025-11-01T02:31:21.795+0000] {processor.py:161} INFO - Started process (PID=807) to work on /opt/airflow/dags/pg_dbt.py
[2025-11-01T02:31:21.799+0000] {processor.py:830} INFO - Processing file /opt/airflow/dags/pg_dbt.py for tasks to queue
[2025-11-01T02:31:21.802+0000] {logging_mixin.py:188} INFO - [2025-11-01T02:31:21.801+0000] {dagbag.py:538} INFO - Filling up the DagBag from /opt/airflow/dags/pg_dbt.py
[2025-11-01T02:31:21.843+0000] {processor.py:840} INFO - DAG(s) 'scheduled_dbt_pg_daily' retrieved from /opt/airflow/dags/pg_dbt.py
[2025-11-01T02:31:21.924+0000] {logging_mixin.py:188} INFO - [2025-11-01T02:31:21.924+0000] {dag.py:3036} INFO - Sync 1 DAGs
[2025-11-01T02:31:21.976+0000] {logging_mixin.py:188} INFO - [2025-11-01T02:31:21.975+0000] {dag.py:3823} INFO - Setting next_dagrun for scheduled_dbt_pg_daily to None, run_after=None
[2025-11-01T02:31:22.044+0000] {processor.py:183} INFO - Processing /opt/airflow/dags/pg_dbt.py took 0.260 seconds
[2025-11-01T02:31:54.692+0000] {processor.py:161} INFO - Started process (PID=821) to work on /opt/airflow/dags/pg_dbt.py
[2025-11-01T02:31:54.694+0000] {processor.py:830} INFO - Processing file /opt/airflow/dags/pg_dbt.py for tasks to queue
[2025-11-01T02:31:54.697+0000] {logging_mixin.py:188} INFO - [2025-11-01T02:31:54.696+0000] {dagbag.py:538} INFO - Filling up the DagBag from /opt/airflow/dags/pg_dbt.py
[2025-11-01T02:31:54.725+0000] {processor.py:840} INFO - DAG(s) 'scheduled_dbt_pg_daily' retrieved from /opt/airflow/dags/pg_dbt.py
[2025-11-01T02:31:54.797+0000] {logging_mixin.py:188} INFO - [2025-11-01T02:31:54.797+0000] {dag.py:3036} INFO - Sync 1 DAGs
[2025-11-01T02:31:54.852+0000] {logging_mixin.py:188} INFO - [2025-11-01T02:31:54.851+0000] {dag.py:3823} INFO - Setting next_dagrun for scheduled_dbt_pg_daily to None, run_after=None
[2025-11-01T02:31:54.901+0000] {processor.py:183} INFO - Processing /opt/airflow/dags/pg_dbt.py took 0.216 seconds
[2025-11-01T02:32:27.171+0000] {processor.py:161} INFO - Started process (PID=833) to work on /opt/airflow/dags/pg_dbt.py
[2025-11-01T02:32:27.174+0000] {processor.py:830} INFO - Processing file /opt/airflow/dags/pg_dbt.py for tasks to queue
[2025-11-01T02:32:27.178+0000] {logging_mixin.py:188} INFO - [2025-11-01T02:32:27.177+0000] {dagbag.py:538} INFO - Filling up the DagBag from /opt/airflow/dags/pg_dbt.py
[2025-11-01T02:32:27.230+0000] {processor.py:840} INFO - DAG(s) 'scheduled_dbt_pg_daily' retrieved from /opt/airflow/dags/pg_dbt.py
[2025-11-01T02:32:27.317+0000] {logging_mixin.py:188} INFO - [2025-11-01T02:32:27.317+0000] {dag.py:3036} INFO - Sync 1 DAGs
[2025-11-01T02:32:27.389+0000] {logging_mixin.py:188} INFO - [2025-11-01T02:32:27.388+0000] {dag.py:3823} INFO - Setting next_dagrun for scheduled_dbt_pg_daily to None, run_after=None
[2025-11-01T02:32:27.508+0000] {processor.py:183} INFO - Processing /opt/airflow/dags/pg_dbt.py took 0.346 seconds
[2025-11-01T02:32:59.830+0000] {processor.py:161} INFO - Started process (PID=846) to work on /opt/airflow/dags/pg_dbt.py
[2025-11-01T02:32:59.833+0000] {processor.py:830} INFO - Processing file /opt/airflow/dags/pg_dbt.py for tasks to queue
[2025-11-01T02:32:59.837+0000] {logging_mixin.py:188} INFO - [2025-11-01T02:32:59.836+0000] {dagbag.py:538} INFO - Filling up the DagBag from /opt/airflow/dags/pg_dbt.py
[2025-11-01T02:32:59.865+0000] {processor.py:840} INFO - DAG(s) 'scheduled_dbt_pg_daily' retrieved from /opt/airflow/dags/pg_dbt.py
[2025-11-01T02:32:59.916+0000] {logging_mixin.py:188} INFO - [2025-11-01T02:32:59.916+0000] {dag.py:3036} INFO - Sync 1 DAGs
[2025-11-01T02:32:59.957+0000] {logging_mixin.py:188} INFO - [2025-11-01T02:32:59.956+0000] {dag.py:3823} INFO - Setting next_dagrun for scheduled_dbt_pg_daily to None, run_after=None
[2025-11-01T02:33:00.005+0000] {processor.py:183} INFO - Processing /opt/airflow/dags/pg_dbt.py took 0.181 seconds
[2025-11-01T02:33:31.671+0000] {processor.py:161} INFO - Started process (PID=858) to work on /opt/airflow/dags/pg_dbt.py
[2025-11-01T02:33:31.674+0000] {processor.py:830} INFO - Processing file /opt/airflow/dags/pg_dbt.py for tasks to queue
[2025-11-01T02:33:31.676+0000] {logging_mixin.py:188} INFO - [2025-11-01T02:33:31.675+0000] {dagbag.py:538} INFO - Filling up the DagBag from /opt/airflow/dags/pg_dbt.py
[2025-11-01T02:33:31.714+0000] {processor.py:840} INFO - DAG(s) 'scheduled_dbt_pg_daily' retrieved from /opt/airflow/dags/pg_dbt.py
[2025-11-01T02:33:31.791+0000] {logging_mixin.py:188} INFO - [2025-11-01T02:33:31.790+0000] {dag.py:3036} INFO - Sync 1 DAGs
[2025-11-01T02:33:31.850+0000] {logging_mixin.py:188} INFO - [2025-11-01T02:33:31.850+0000] {dag.py:3823} INFO - Setting next_dagrun for scheduled_dbt_pg_daily to None, run_after=None
[2025-11-01T02:33:31.899+0000] {processor.py:183} INFO - Processing /opt/airflow/dags/pg_dbt.py took 0.236 seconds
[2025-11-01T02:34:04.598+0000] {processor.py:161} INFO - Started process (PID=870) to work on /opt/airflow/dags/pg_dbt.py
[2025-11-01T02:34:04.602+0000] {processor.py:830} INFO - Processing file /opt/airflow/dags/pg_dbt.py for tasks to queue
[2025-11-01T02:34:04.604+0000] {logging_mixin.py:188} INFO - [2025-11-01T02:34:04.603+0000] {dagbag.py:538} INFO - Filling up the DagBag from /opt/airflow/dags/pg_dbt.py
[2025-11-01T02:34:04.646+0000] {processor.py:840} INFO - DAG(s) 'scheduled_dbt_pg_daily' retrieved from /opt/airflow/dags/pg_dbt.py
[2025-11-01T02:34:04.738+0000] {logging_mixin.py:188} INFO - [2025-11-01T02:34:04.738+0000] {dag.py:3036} INFO - Sync 1 DAGs
[2025-11-01T02:34:04.775+0000] {logging_mixin.py:188} INFO - [2025-11-01T02:34:04.774+0000] {dag.py:3823} INFO - Setting next_dagrun for scheduled_dbt_pg_daily to None, run_after=None
[2025-11-01T02:34:04.825+0000] {processor.py:183} INFO - Processing /opt/airflow/dags/pg_dbt.py took 0.239 seconds
[2025-11-01T02:34:37.587+0000] {processor.py:161} INFO - Started process (PID=882) to work on /opt/airflow/dags/pg_dbt.py
[2025-11-01T02:34:37.594+0000] {processor.py:830} INFO - Processing file /opt/airflow/dags/pg_dbt.py for tasks to queue
[2025-11-01T02:34:37.602+0000] {logging_mixin.py:188} INFO - [2025-11-01T02:34:37.601+0000] {dagbag.py:538} INFO - Filling up the DagBag from /opt/airflow/dags/pg_dbt.py
[2025-11-01T02:34:37.680+0000] {processor.py:840} INFO - DAG(s) 'scheduled_dbt_pg_daily' retrieved from /opt/airflow/dags/pg_dbt.py
[2025-11-01T02:34:37.753+0000] {logging_mixin.py:188} INFO - [2025-11-01T02:34:37.753+0000] {dag.py:3036} INFO - Sync 1 DAGs
[2025-11-01T02:34:37.832+0000] {logging_mixin.py:188} INFO - [2025-11-01T02:34:37.831+0000] {dag.py:3823} INFO - Setting next_dagrun for scheduled_dbt_pg_daily to None, run_after=None
[2025-11-01T02:34:37.949+0000] {processor.py:183} INFO - Processing /opt/airflow/dags/pg_dbt.py took 0.379 seconds
[2025-11-01T02:35:10.074+0000] {processor.py:161} INFO - Started process (PID=894) to work on /opt/airflow/dags/pg_dbt.py
[2025-11-01T02:35:10.076+0000] {processor.py:830} INFO - Processing file /opt/airflow/dags/pg_dbt.py for tasks to queue
[2025-11-01T02:35:10.078+0000] {logging_mixin.py:188} INFO - [2025-11-01T02:35:10.077+0000] {dagbag.py:538} INFO - Filling up the DagBag from /opt/airflow/dags/pg_dbt.py
[2025-11-01T02:35:10.106+0000] {processor.py:840} INFO - DAG(s) 'scheduled_dbt_pg_daily' retrieved from /opt/airflow/dags/pg_dbt.py
[2025-11-01T02:35:10.172+0000] {logging_mixin.py:188} INFO - [2025-11-01T02:35:10.171+0000] {dag.py:3036} INFO - Sync 1 DAGs
[2025-11-01T02:35:10.220+0000] {logging_mixin.py:188} INFO - [2025-11-01T02:35:10.220+0000] {dag.py:3823} INFO - Setting next_dagrun for scheduled_dbt_pg_daily to None, run_after=None
[2025-11-01T02:35:10.278+0000] {processor.py:183} INFO - Processing /opt/airflow/dags/pg_dbt.py took 0.213 seconds
[2025-11-01T02:35:42.880+0000] {processor.py:161} INFO - Started process (PID=906) to work on /opt/airflow/dags/pg_dbt.py
[2025-11-01T02:35:42.883+0000] {processor.py:830} INFO - Processing file /opt/airflow/dags/pg_dbt.py for tasks to queue
[2025-11-01T02:35:42.885+0000] {logging_mixin.py:188} INFO - [2025-11-01T02:35:42.885+0000] {dagbag.py:538} INFO - Filling up the DagBag from /opt/airflow/dags/pg_dbt.py
[2025-11-01T02:35:42.921+0000] {processor.py:840} INFO - DAG(s) 'scheduled_dbt_pg_daily' retrieved from /opt/airflow/dags/pg_dbt.py
[2025-11-01T02:35:42.969+0000] {logging_mixin.py:188} INFO - [2025-11-01T02:35:42.969+0000] {dag.py:3036} INFO - Sync 1 DAGs
[2025-11-01T02:35:43.027+0000] {logging_mixin.py:188} INFO - [2025-11-01T02:35:43.026+0000] {dag.py:3823} INFO - Setting next_dagrun for scheduled_dbt_pg_daily to None, run_after=None
[2025-11-01T02:35:43.099+0000] {processor.py:183} INFO - Processing /opt/airflow/dags/pg_dbt.py took 0.232 seconds
[2025-11-01T02:36:15.959+0000] {processor.py:161} INFO - Started process (PID=918) to work on /opt/airflow/dags/pg_dbt.py
[2025-11-01T02:36:15.963+0000] {processor.py:830} INFO - Processing file /opt/airflow/dags/pg_dbt.py for tasks to queue
[2025-11-01T02:36:15.989+0000] {logging_mixin.py:188} INFO - [2025-11-01T02:36:15.985+0000] {dagbag.py:538} INFO - Filling up the DagBag from /opt/airflow/dags/pg_dbt.py
[2025-11-01T02:36:16.802+0000] {processor.py:840} INFO - DAG(s) 'scheduled_dbt_pg_daily' retrieved from /opt/airflow/dags/pg_dbt.py
[2025-11-01T02:36:17.173+0000] {logging_mixin.py:188} INFO - [2025-11-01T02:36:17.172+0000] {dag.py:3036} INFO - Sync 1 DAGs
[2025-11-01T02:36:17.237+0000] {logging_mixin.py:188} INFO - [2025-11-01T02:36:17.237+0000] {dag.py:3823} INFO - Setting next_dagrun for scheduled_dbt_pg_daily to None, run_after=None
[2025-11-01T02:36:17.304+0000] {processor.py:183} INFO - Processing /opt/airflow/dags/pg_dbt.py took 1.427 seconds
[2025-11-01T02:36:48.103+0000] {processor.py:161} INFO - Started process (PID=930) to work on /opt/airflow/dags/pg_dbt.py
[2025-11-01T02:36:48.107+0000] {processor.py:830} INFO - Processing file /opt/airflow/dags/pg_dbt.py for tasks to queue
[2025-11-01T02:36:48.111+0000] {logging_mixin.py:188} INFO - [2025-11-01T02:36:48.111+0000] {dagbag.py:538} INFO - Filling up the DagBag from /opt/airflow/dags/pg_dbt.py
[2025-11-01T02:36:48.143+0000] {processor.py:840} INFO - DAG(s) 'scheduled_dbt_pg_daily' retrieved from /opt/airflow/dags/pg_dbt.py
[2025-11-01T02:36:48.297+0000] {logging_mixin.py:188} INFO - [2025-11-01T02:36:48.297+0000] {dag.py:3036} INFO - Sync 1 DAGs
[2025-11-01T02:36:48.349+0000] {logging_mixin.py:188} INFO - [2025-11-01T02:36:48.349+0000] {dag.py:3823} INFO - Setting next_dagrun for scheduled_dbt_pg_daily to None, run_after=None
[2025-11-01T02:36:48.439+0000] {processor.py:183} INFO - Processing /opt/airflow/dags/pg_dbt.py took 0.345 seconds
[2025-11-01T02:37:21.313+0000] {processor.py:161} INFO - Started process (PID=943) to work on /opt/airflow/dags/pg_dbt.py
[2025-11-01T02:37:21.315+0000] {processor.py:830} INFO - Processing file /opt/airflow/dags/pg_dbt.py for tasks to queue
[2025-11-01T02:37:21.318+0000] {logging_mixin.py:188} INFO - [2025-11-01T02:37:21.317+0000] {dagbag.py:538} INFO - Filling up the DagBag from /opt/airflow/dags/pg_dbt.py
[2025-11-01T02:37:21.355+0000] {processor.py:840} INFO - DAG(s) 'scheduled_dbt_pg_daily' retrieved from /opt/airflow/dags/pg_dbt.py
[2025-11-01T02:37:21.409+0000] {logging_mixin.py:188} INFO - [2025-11-01T02:37:21.409+0000] {dag.py:3036} INFO - Sync 1 DAGs
[2025-11-01T02:37:21.446+0000] {logging_mixin.py:188} INFO - [2025-11-01T02:37:21.445+0000] {dag.py:3823} INFO - Setting next_dagrun for scheduled_dbt_pg_daily to None, run_after=None
[2025-11-01T02:37:21.495+0000] {processor.py:183} INFO - Processing /opt/airflow/dags/pg_dbt.py took 0.190 seconds
[2025-11-01T02:37:54.079+0000] {processor.py:161} INFO - Started process (PID=956) to work on /opt/airflow/dags/pg_dbt.py
[2025-11-01T02:37:54.082+0000] {processor.py:830} INFO - Processing file /opt/airflow/dags/pg_dbt.py for tasks to queue
[2025-11-01T02:37:54.086+0000] {logging_mixin.py:188} INFO - [2025-11-01T02:37:54.084+0000] {dagbag.py:538} INFO - Filling up the DagBag from /opt/airflow/dags/pg_dbt.py
[2025-11-01T02:37:54.125+0000] {processor.py:840} INFO - DAG(s) 'scheduled_dbt_pg_daily' retrieved from /opt/airflow/dags/pg_dbt.py
[2025-11-01T02:37:54.182+0000] {logging_mixin.py:188} INFO - [2025-11-01T02:37:54.182+0000] {dag.py:3036} INFO - Sync 1 DAGs
[2025-11-01T02:37:54.244+0000] {logging_mixin.py:188} INFO - [2025-11-01T02:37:54.244+0000] {dag.py:3823} INFO - Setting next_dagrun for scheduled_dbt_pg_daily to None, run_after=None
[2025-11-01T02:37:54.345+0000] {processor.py:183} INFO - Processing /opt/airflow/dags/pg_dbt.py took 0.281 seconds
[2025-11-01T02:38:26.992+0000] {processor.py:161} INFO - Started process (PID=968) to work on /opt/airflow/dags/pg_dbt.py
[2025-11-01T02:38:26.999+0000] {processor.py:830} INFO - Processing file /opt/airflow/dags/pg_dbt.py for tasks to queue
[2025-11-01T02:38:27.003+0000] {logging_mixin.py:188} INFO - [2025-11-01T02:38:27.002+0000] {dagbag.py:538} INFO - Filling up the DagBag from /opt/airflow/dags/pg_dbt.py
[2025-11-01T02:38:27.060+0000] {processor.py:840} INFO - DAG(s) 'scheduled_dbt_pg_daily' retrieved from /opt/airflow/dags/pg_dbt.py
[2025-11-01T02:38:27.136+0000] {logging_mixin.py:188} INFO - [2025-11-01T02:38:27.136+0000] {dag.py:3036} INFO - Sync 1 DAGs
[2025-11-01T02:38:27.181+0000] {logging_mixin.py:188} INFO - [2025-11-01T02:38:27.181+0000] {dag.py:3823} INFO - Setting next_dagrun for scheduled_dbt_pg_daily to None, run_after=None
[2025-11-01T02:38:27.232+0000] {processor.py:183} INFO - Processing /opt/airflow/dags/pg_dbt.py took 0.258 seconds
[2025-11-01T02:38:59.231+0000] {processor.py:161} INFO - Started process (PID=980) to work on /opt/airflow/dags/pg_dbt.py
[2025-11-01T02:38:59.234+0000] {processor.py:830} INFO - Processing file /opt/airflow/dags/pg_dbt.py for tasks to queue
[2025-11-01T02:38:59.237+0000] {logging_mixin.py:188} INFO - [2025-11-01T02:38:59.236+0000] {dagbag.py:538} INFO - Filling up the DagBag from /opt/airflow/dags/pg_dbt.py
[2025-11-01T02:38:59.285+0000] {processor.py:840} INFO - DAG(s) 'scheduled_dbt_pg_daily' retrieved from /opt/airflow/dags/pg_dbt.py
[2025-11-01T02:38:59.403+0000] {logging_mixin.py:188} INFO - [2025-11-01T02:38:59.402+0000] {dag.py:3036} INFO - Sync 1 DAGs
[2025-11-01T02:38:59.438+0000] {logging_mixin.py:188} INFO - [2025-11-01T02:38:59.438+0000] {dag.py:3823} INFO - Setting next_dagrun for scheduled_dbt_pg_daily to None, run_after=None
[2025-11-01T02:38:59.485+0000] {processor.py:183} INFO - Processing /opt/airflow/dags/pg_dbt.py took 0.263 seconds
[2025-11-01T02:39:32.284+0000] {processor.py:161} INFO - Started process (PID=992) to work on /opt/airflow/dags/pg_dbt.py
[2025-11-01T02:39:32.286+0000] {processor.py:830} INFO - Processing file /opt/airflow/dags/pg_dbt.py for tasks to queue
[2025-11-01T02:39:32.288+0000] {logging_mixin.py:188} INFO - [2025-11-01T02:39:32.288+0000] {dagbag.py:538} INFO - Filling up the DagBag from /opt/airflow/dags/pg_dbt.py
[2025-11-01T02:39:32.330+0000] {processor.py:840} INFO - DAG(s) 'scheduled_dbt_pg_daily' retrieved from /opt/airflow/dags/pg_dbt.py
[2025-11-01T02:39:32.379+0000] {logging_mixin.py:188} INFO - [2025-11-01T02:39:32.379+0000] {dag.py:3036} INFO - Sync 1 DAGs
[2025-11-01T02:39:32.417+0000] {logging_mixin.py:188} INFO - [2025-11-01T02:39:32.417+0000] {dag.py:3823} INFO - Setting next_dagrun for scheduled_dbt_pg_daily to None, run_after=None
[2025-11-01T02:39:32.464+0000] {processor.py:183} INFO - Processing /opt/airflow/dags/pg_dbt.py took 0.189 seconds
[2025-11-01T02:40:04.522+0000] {processor.py:161} INFO - Started process (PID=1004) to work on /opt/airflow/dags/pg_dbt.py
[2025-11-01T02:40:04.525+0000] {processor.py:830} INFO - Processing file /opt/airflow/dags/pg_dbt.py for tasks to queue
[2025-11-01T02:40:04.528+0000] {logging_mixin.py:188} INFO - [2025-11-01T02:40:04.527+0000] {dagbag.py:538} INFO - Filling up the DagBag from /opt/airflow/dags/pg_dbt.py
[2025-11-01T02:40:04.568+0000] {processor.py:840} INFO - DAG(s) 'scheduled_dbt_pg_daily' retrieved from /opt/airflow/dags/pg_dbt.py
[2025-11-01T02:40:04.629+0000] {logging_mixin.py:188} INFO - [2025-11-01T02:40:04.628+0000] {dag.py:3036} INFO - Sync 1 DAGs
[2025-11-01T02:40:04.677+0000] {logging_mixin.py:188} INFO - [2025-11-01T02:40:04.677+0000] {dag.py:3823} INFO - Setting next_dagrun for scheduled_dbt_pg_daily to None, run_after=None
[2025-11-01T02:40:04.730+0000] {processor.py:183} INFO - Processing /opt/airflow/dags/pg_dbt.py took 0.220 seconds
[2025-11-01T02:40:37.552+0000] {processor.py:161} INFO - Started process (PID=1016) to work on /opt/airflow/dags/pg_dbt.py
[2025-11-01T02:40:37.565+0000] {processor.py:830} INFO - Processing file /opt/airflow/dags/pg_dbt.py for tasks to queue
[2025-11-01T02:40:37.568+0000] {logging_mixin.py:188} INFO - [2025-11-01T02:40:37.567+0000] {dagbag.py:538} INFO - Filling up the DagBag from /opt/airflow/dags/pg_dbt.py
[2025-11-01T02:40:37.729+0000] {processor.py:840} INFO - DAG(s) 'scheduled_dbt_pg_daily' retrieved from /opt/airflow/dags/pg_dbt.py
[2025-11-01T02:40:38.743+0000] {logging_mixin.py:188} INFO - [2025-11-01T02:40:38.742+0000] {dag.py:3036} INFO - Sync 1 DAGs
[2025-11-01T02:40:39.772+0000] {logging_mixin.py:188} INFO - [2025-11-01T02:40:39.771+0000] {dag.py:3823} INFO - Setting next_dagrun for scheduled_dbt_pg_daily to None, run_after=None
[2025-11-01T02:40:40.005+0000] {processor.py:183} INFO - Processing /opt/airflow/dags/pg_dbt.py took 2.461 seconds
[2025-11-01T02:41:10.568+0000] {processor.py:161} INFO - Started process (PID=1027) to work on /opt/airflow/dags/pg_dbt.py
[2025-11-01T02:41:10.571+0000] {processor.py:830} INFO - Processing file /opt/airflow/dags/pg_dbt.py for tasks to queue
[2025-11-01T02:41:10.574+0000] {logging_mixin.py:188} INFO - [2025-11-01T02:41:10.573+0000] {dagbag.py:538} INFO - Filling up the DagBag from /opt/airflow/dags/pg_dbt.py
[2025-11-01T02:41:10.618+0000] {processor.py:840} INFO - DAG(s) 'scheduled_dbt_pg_daily' retrieved from /opt/airflow/dags/pg_dbt.py
[2025-11-01T02:41:10.667+0000] {logging_mixin.py:188} INFO - [2025-11-01T02:41:10.667+0000] {dag.py:3036} INFO - Sync 1 DAGs
[2025-11-01T02:41:10.714+0000] {logging_mixin.py:188} INFO - [2025-11-01T02:41:10.713+0000] {dag.py:3823} INFO - Setting next_dagrun for scheduled_dbt_pg_daily to None, run_after=None
[2025-11-01T02:41:10.774+0000] {processor.py:183} INFO - Processing /opt/airflow/dags/pg_dbt.py took 0.221 seconds
[2025-11-01T02:41:42.940+0000] {processor.py:161} INFO - Started process (PID=1039) to work on /opt/airflow/dags/pg_dbt.py
[2025-11-01T02:41:42.944+0000] {processor.py:830} INFO - Processing file /opt/airflow/dags/pg_dbt.py for tasks to queue
[2025-11-01T02:41:42.947+0000] {logging_mixin.py:188} INFO - [2025-11-01T02:41:42.946+0000] {dagbag.py:538} INFO - Filling up the DagBag from /opt/airflow/dags/pg_dbt.py
[2025-11-01T02:41:42.989+0000] {processor.py:840} INFO - DAG(s) 'scheduled_dbt_pg_daily' retrieved from /opt/airflow/dags/pg_dbt.py
[2025-11-01T02:41:43.068+0000] {logging_mixin.py:188} INFO - [2025-11-01T02:41:43.067+0000] {dag.py:3036} INFO - Sync 1 DAGs
[2025-11-01T02:41:43.124+0000] {logging_mixin.py:188} INFO - [2025-11-01T02:41:43.123+0000] {dag.py:3823} INFO - Setting next_dagrun for scheduled_dbt_pg_daily to None, run_after=None
[2025-11-01T02:41:43.451+0000] {processor.py:183} INFO - Processing /opt/airflow/dags/pg_dbt.py took 0.521 seconds
[2025-11-01T02:42:15.660+0000] {processor.py:161} INFO - Started process (PID=1051) to work on /opt/airflow/dags/pg_dbt.py
[2025-11-01T02:42:15.662+0000] {processor.py:830} INFO - Processing file /opt/airflow/dags/pg_dbt.py for tasks to queue
[2025-11-01T02:42:15.664+0000] {logging_mixin.py:188} INFO - [2025-11-01T02:42:15.663+0000] {dagbag.py:538} INFO - Filling up the DagBag from /opt/airflow/dags/pg_dbt.py
[2025-11-01T02:42:15.697+0000] {processor.py:840} INFO - DAG(s) 'scheduled_dbt_pg_daily' retrieved from /opt/airflow/dags/pg_dbt.py
[2025-11-01T02:42:15.779+0000] {logging_mixin.py:188} INFO - [2025-11-01T02:42:15.778+0000] {dag.py:3036} INFO - Sync 1 DAGs
[2025-11-01T02:42:15.842+0000] {logging_mixin.py:188} INFO - [2025-11-01T02:42:15.842+0000] {dag.py:3823} INFO - Setting next_dagrun for scheduled_dbt_pg_daily to None, run_after=None
[2025-11-01T02:42:15.889+0000] {processor.py:183} INFO - Processing /opt/airflow/dags/pg_dbt.py took 0.236 seconds
[2025-11-01T02:42:48.551+0000] {processor.py:161} INFO - Started process (PID=1063) to work on /opt/airflow/dags/pg_dbt.py
[2025-11-01T02:42:48.554+0000] {processor.py:830} INFO - Processing file /opt/airflow/dags/pg_dbt.py for tasks to queue
[2025-11-01T02:42:48.557+0000] {logging_mixin.py:188} INFO - [2025-11-01T02:42:48.557+0000] {dagbag.py:538} INFO - Filling up the DagBag from /opt/airflow/dags/pg_dbt.py
[2025-11-01T02:42:48.594+0000] {processor.py:840} INFO - DAG(s) 'scheduled_dbt_pg_daily' retrieved from /opt/airflow/dags/pg_dbt.py
[2025-11-01T02:42:48.661+0000] {logging_mixin.py:188} INFO - [2025-11-01T02:42:48.660+0000] {dag.py:3036} INFO - Sync 1 DAGs
[2025-11-01T02:42:48.697+0000] {logging_mixin.py:188} INFO - [2025-11-01T02:42:48.697+0000] {dag.py:3823} INFO - Setting next_dagrun for scheduled_dbt_pg_daily to None, run_after=None
[2025-11-01T02:42:48.741+0000] {processor.py:183} INFO - Processing /opt/airflow/dags/pg_dbt.py took 0.199 seconds
[2025-11-01T02:43:21.417+0000] {processor.py:161} INFO - Started process (PID=1075) to work on /opt/airflow/dags/pg_dbt.py
[2025-11-01T02:43:21.420+0000] {processor.py:830} INFO - Processing file /opt/airflow/dags/pg_dbt.py for tasks to queue
[2025-11-01T02:43:21.422+0000] {logging_mixin.py:188} INFO - [2025-11-01T02:43:21.421+0000] {dagbag.py:538} INFO - Filling up the DagBag from /opt/airflow/dags/pg_dbt.py
[2025-11-01T02:43:21.464+0000] {processor.py:840} INFO - DAG(s) 'scheduled_dbt_pg_daily' retrieved from /opt/airflow/dags/pg_dbt.py
[2025-11-01T02:43:21.563+0000] {logging_mixin.py:188} INFO - [2025-11-01T02:43:21.563+0000] {dag.py:3036} INFO - Sync 1 DAGs
[2025-11-01T02:43:21.616+0000] {logging_mixin.py:188} INFO - [2025-11-01T02:43:21.616+0000] {dag.py:3823} INFO - Setting next_dagrun for scheduled_dbt_pg_daily to None, run_after=None
[2025-11-01T02:43:21.657+0000] {processor.py:183} INFO - Processing /opt/airflow/dags/pg_dbt.py took 0.249 seconds
[2025-11-01T02:43:54.019+0000] {processor.py:161} INFO - Started process (PID=1088) to work on /opt/airflow/dags/pg_dbt.py
[2025-11-01T02:43:54.024+0000] {processor.py:830} INFO - Processing file /opt/airflow/dags/pg_dbt.py for tasks to queue
[2025-11-01T02:43:54.028+0000] {logging_mixin.py:188} INFO - [2025-11-01T02:43:54.027+0000] {dagbag.py:538} INFO - Filling up the DagBag from /opt/airflow/dags/pg_dbt.py
[2025-11-01T02:43:54.066+0000] {processor.py:840} INFO - DAG(s) 'scheduled_dbt_pg_daily' retrieved from /opt/airflow/dags/pg_dbt.py
[2025-11-01T02:43:54.161+0000] {logging_mixin.py:188} INFO - [2025-11-01T02:43:54.161+0000] {dag.py:3036} INFO - Sync 1 DAGs
[2025-11-01T02:43:54.297+0000] {logging_mixin.py:188} INFO - [2025-11-01T02:43:54.297+0000] {dag.py:3823} INFO - Setting next_dagrun for scheduled_dbt_pg_daily to None, run_after=None
[2025-11-01T02:43:54.418+0000] {processor.py:183} INFO - Processing /opt/airflow/dags/pg_dbt.py took 0.407 seconds
[2025-11-01T02:44:26.394+0000] {processor.py:161} INFO - Started process (PID=1100) to work on /opt/airflow/dags/pg_dbt.py
[2025-11-01T02:44:26.396+0000] {processor.py:830} INFO - Processing file /opt/airflow/dags/pg_dbt.py for tasks to queue
[2025-11-01T02:44:26.399+0000] {logging_mixin.py:188} INFO - [2025-11-01T02:44:26.398+0000] {dagbag.py:538} INFO - Filling up the DagBag from /opt/airflow/dags/pg_dbt.py
[2025-11-01T02:44:26.444+0000] {processor.py:840} INFO - DAG(s) 'scheduled_dbt_pg_daily' retrieved from /opt/airflow/dags/pg_dbt.py
[2025-11-01T02:44:26.502+0000] {logging_mixin.py:188} INFO - [2025-11-01T02:44:26.502+0000] {dag.py:3036} INFO - Sync 1 DAGs
[2025-11-01T02:44:26.541+0000] {logging_mixin.py:188} INFO - [2025-11-01T02:44:26.541+0000] {dag.py:3823} INFO - Setting next_dagrun for scheduled_dbt_pg_daily to None, run_after=None
[2025-11-01T02:44:26.603+0000] {processor.py:183} INFO - Processing /opt/airflow/dags/pg_dbt.py took 0.219 seconds
[2025-11-01T02:44:59.565+0000] {processor.py:161} INFO - Started process (PID=1112) to work on /opt/airflow/dags/pg_dbt.py
[2025-11-01T02:44:59.568+0000] {processor.py:830} INFO - Processing file /opt/airflow/dags/pg_dbt.py for tasks to queue
[2025-11-01T02:44:59.572+0000] {logging_mixin.py:188} INFO - [2025-11-01T02:44:59.571+0000] {dagbag.py:538} INFO - Filling up the DagBag from /opt/airflow/dags/pg_dbt.py
[2025-11-01T02:44:59.640+0000] {processor.py:840} INFO - DAG(s) 'scheduled_dbt_pg_daily' retrieved from /opt/airflow/dags/pg_dbt.py
[2025-11-01T02:44:59.734+0000] {logging_mixin.py:188} INFO - [2025-11-01T02:44:59.733+0000] {dag.py:3036} INFO - Sync 1 DAGs
[2025-11-01T02:44:59.802+0000] {logging_mixin.py:188} INFO - [2025-11-01T02:44:59.801+0000] {dag.py:3823} INFO - Setting next_dagrun for scheduled_dbt_pg_daily to None, run_after=None
[2025-11-01T02:44:59.872+0000] {processor.py:183} INFO - Processing /opt/airflow/dags/pg_dbt.py took 0.315 seconds
[2025-11-01T02:45:32.370+0000] {processor.py:161} INFO - Started process (PID=1124) to work on /opt/airflow/dags/pg_dbt.py
[2025-11-01T02:45:32.372+0000] {processor.py:830} INFO - Processing file /opt/airflow/dags/pg_dbt.py for tasks to queue
[2025-11-01T02:45:32.375+0000] {logging_mixin.py:188} INFO - [2025-11-01T02:45:32.374+0000] {dagbag.py:538} INFO - Filling up the DagBag from /opt/airflow/dags/pg_dbt.py
[2025-11-01T02:45:32.417+0000] {processor.py:840} INFO - DAG(s) 'scheduled_dbt_pg_daily' retrieved from /opt/airflow/dags/pg_dbt.py
[2025-11-01T02:45:32.470+0000] {logging_mixin.py:188} INFO - [2025-11-01T02:45:32.470+0000] {dag.py:3036} INFO - Sync 1 DAGs
[2025-11-01T02:45:32.515+0000] {logging_mixin.py:188} INFO - [2025-11-01T02:45:32.513+0000] {dag.py:3823} INFO - Setting next_dagrun for scheduled_dbt_pg_daily to None, run_after=None
[2025-11-01T02:45:33.202+0000] {processor.py:183} INFO - Processing /opt/airflow/dags/pg_dbt.py took 0.842 seconds
[2025-11-01T02:46:04.850+0000] {processor.py:161} INFO - Started process (PID=1136) to work on /opt/airflow/dags/pg_dbt.py
[2025-11-01T02:46:04.853+0000] {processor.py:830} INFO - Processing file /opt/airflow/dags/pg_dbt.py for tasks to queue
[2025-11-01T02:46:04.857+0000] {logging_mixin.py:188} INFO - [2025-11-01T02:46:04.856+0000] {dagbag.py:538} INFO - Filling up the DagBag from /opt/airflow/dags/pg_dbt.py
[2025-11-01T02:46:04.940+0000] {processor.py:840} INFO - DAG(s) 'scheduled_dbt_pg_daily' retrieved from /opt/airflow/dags/pg_dbt.py
[2025-11-01T02:46:04.999+0000] {logging_mixin.py:188} INFO - [2025-11-01T02:46:04.999+0000] {dag.py:3036} INFO - Sync 1 DAGs
[2025-11-01T02:46:05.048+0000] {logging_mixin.py:188} INFO - [2025-11-01T02:46:05.047+0000] {dag.py:3823} INFO - Setting next_dagrun for scheduled_dbt_pg_daily to None, run_after=None
[2025-11-01T02:46:05.270+0000] {processor.py:183} INFO - Processing /opt/airflow/dags/pg_dbt.py took 0.439 seconds
[2025-11-01T02:46:37.380+0000] {processor.py:161} INFO - Started process (PID=1147) to work on /opt/airflow/dags/pg_dbt.py
[2025-11-01T02:46:37.383+0000] {processor.py:830} INFO - Processing file /opt/airflow/dags/pg_dbt.py for tasks to queue
[2025-11-01T02:46:37.387+0000] {logging_mixin.py:188} INFO - [2025-11-01T02:46:37.386+0000] {dagbag.py:538} INFO - Filling up the DagBag from /opt/airflow/dags/pg_dbt.py
[2025-11-01T02:46:37.446+0000] {processor.py:840} INFO - DAG(s) 'scheduled_dbt_pg_daily' retrieved from /opt/airflow/dags/pg_dbt.py
[2025-11-01T02:46:37.533+0000] {logging_mixin.py:188} INFO - [2025-11-01T02:46:37.532+0000] {dag.py:3036} INFO - Sync 1 DAGs
[2025-11-01T02:46:37.670+0000] {logging_mixin.py:188} INFO - [2025-11-01T02:46:37.669+0000] {dag.py:3823} INFO - Setting next_dagrun for scheduled_dbt_pg_daily to None, run_after=None
[2025-11-01T02:46:37.996+0000] {processor.py:183} INFO - Processing /opt/airflow/dags/pg_dbt.py took 0.632 seconds
[2025-11-01T02:47:10.171+0000] {processor.py:161} INFO - Started process (PID=1159) to work on /opt/airflow/dags/pg_dbt.py
[2025-11-01T02:47:10.174+0000] {processor.py:830} INFO - Processing file /opt/airflow/dags/pg_dbt.py for tasks to queue
[2025-11-01T02:47:10.177+0000] {logging_mixin.py:188} INFO - [2025-11-01T02:47:10.176+0000] {dagbag.py:538} INFO - Filling up the DagBag from /opt/airflow/dags/pg_dbt.py
[2025-11-01T02:47:10.232+0000] {processor.py:840} INFO - DAG(s) 'scheduled_dbt_pg_daily' retrieved from /opt/airflow/dags/pg_dbt.py
[2025-11-01T02:47:10.337+0000] {logging_mixin.py:188} INFO - [2025-11-01T02:47:10.337+0000] {dag.py:3036} INFO - Sync 1 DAGs
[2025-11-01T02:47:10.410+0000] {logging_mixin.py:188} INFO - [2025-11-01T02:47:10.410+0000] {dag.py:3823} INFO - Setting next_dagrun for scheduled_dbt_pg_daily to None, run_after=None
[2025-11-01T02:47:10.511+0000] {processor.py:183} INFO - Processing /opt/airflow/dags/pg_dbt.py took 0.350 seconds
[2025-11-01T02:47:42.867+0000] {processor.py:161} INFO - Started process (PID=1171) to work on /opt/airflow/dags/pg_dbt.py
[2025-11-01T02:47:42.869+0000] {processor.py:830} INFO - Processing file /opt/airflow/dags/pg_dbt.py for tasks to queue
[2025-11-01T02:47:42.871+0000] {logging_mixin.py:188} INFO - [2025-11-01T02:47:42.871+0000] {dagbag.py:538} INFO - Filling up the DagBag from /opt/airflow/dags/pg_dbt.py
[2025-11-01T02:47:42.938+0000] {processor.py:840} INFO - DAG(s) 'scheduled_dbt_pg_daily' retrieved from /opt/airflow/dags/pg_dbt.py
[2025-11-01T02:47:42.993+0000] {logging_mixin.py:188} INFO - [2025-11-01T02:47:42.993+0000] {dag.py:3036} INFO - Sync 1 DAGs
[2025-11-01T02:47:43.048+0000] {logging_mixin.py:188} INFO - [2025-11-01T02:47:43.047+0000] {dag.py:3823} INFO - Setting next_dagrun for scheduled_dbt_pg_daily to None, run_after=None
[2025-11-01T02:47:43.117+0000] {processor.py:183} INFO - Processing /opt/airflow/dags/pg_dbt.py took 0.258 seconds
[2025-11-01T02:48:15.541+0000] {processor.py:161} INFO - Started process (PID=1183) to work on /opt/airflow/dags/pg_dbt.py
[2025-11-01T02:48:15.544+0000] {processor.py:830} INFO - Processing file /opt/airflow/dags/pg_dbt.py for tasks to queue
[2025-11-01T02:48:15.547+0000] {logging_mixin.py:188} INFO - [2025-11-01T02:48:15.545+0000] {dagbag.py:538} INFO - Filling up the DagBag from /opt/airflow/dags/pg_dbt.py
[2025-11-01T02:48:15.581+0000] {processor.py:840} INFO - DAG(s) 'scheduled_dbt_pg_daily' retrieved from /opt/airflow/dags/pg_dbt.py
[2025-11-01T02:48:15.635+0000] {logging_mixin.py:188} INFO - [2025-11-01T02:48:15.635+0000] {dag.py:3036} INFO - Sync 1 DAGs
[2025-11-01T02:48:15.678+0000] {logging_mixin.py:188} INFO - [2025-11-01T02:48:15.678+0000] {dag.py:3823} INFO - Setting next_dagrun for scheduled_dbt_pg_daily to None, run_after=None
[2025-11-01T02:48:15.734+0000] {processor.py:183} INFO - Processing /opt/airflow/dags/pg_dbt.py took 0.200 seconds
[2025-11-01T02:48:48.526+0000] {processor.py:161} INFO - Started process (PID=1195) to work on /opt/airflow/dags/pg_dbt.py
[2025-11-01T02:48:48.529+0000] {processor.py:830} INFO - Processing file /opt/airflow/dags/pg_dbt.py for tasks to queue
[2025-11-01T02:48:48.532+0000] {logging_mixin.py:188} INFO - [2025-11-01T02:48:48.530+0000] {dagbag.py:538} INFO - Filling up the DagBag from /opt/airflow/dags/pg_dbt.py
[2025-11-01T02:48:48.600+0000] {processor.py:840} INFO - DAG(s) 'scheduled_dbt_pg_daily' retrieved from /opt/airflow/dags/pg_dbt.py
[2025-11-01T02:48:48.661+0000] {logging_mixin.py:188} INFO - [2025-11-01T02:48:48.661+0000] {dag.py:3036} INFO - Sync 1 DAGs
[2025-11-01T02:48:48.706+0000] {logging_mixin.py:188} INFO - [2025-11-01T02:48:48.706+0000] {dag.py:3823} INFO - Setting next_dagrun for scheduled_dbt_pg_daily to None, run_after=None
[2025-11-01T02:48:48.781+0000] {processor.py:183} INFO - Processing /opt/airflow/dags/pg_dbt.py took 0.270 seconds
[2025-11-01T02:49:21.554+0000] {processor.py:161} INFO - Started process (PID=1207) to work on /opt/airflow/dags/pg_dbt.py
[2025-11-01T02:49:21.559+0000] {processor.py:830} INFO - Processing file /opt/airflow/dags/pg_dbt.py for tasks to queue
[2025-11-01T02:49:21.562+0000] {logging_mixin.py:188} INFO - [2025-11-01T02:49:21.561+0000] {dagbag.py:538} INFO - Filling up the DagBag from /opt/airflow/dags/pg_dbt.py
[2025-11-01T02:49:21.602+0000] {processor.py:840} INFO - DAG(s) 'scheduled_dbt_pg_daily' retrieved from /opt/airflow/dags/pg_dbt.py
[2025-11-01T02:49:21.657+0000] {logging_mixin.py:188} INFO - [2025-11-01T02:49:21.656+0000] {dag.py:3036} INFO - Sync 1 DAGs
[2025-11-01T02:49:21.704+0000] {logging_mixin.py:188} INFO - [2025-11-01T02:49:21.704+0000] {dag.py:3823} INFO - Setting next_dagrun for scheduled_dbt_pg_daily to None, run_after=None
[2025-11-01T02:49:21.758+0000] {processor.py:183} INFO - Processing /opt/airflow/dags/pg_dbt.py took 0.210 seconds
[2025-11-01T02:49:53.802+0000] {processor.py:161} INFO - Started process (PID=1218) to work on /opt/airflow/dags/pg_dbt.py
[2025-11-01T02:49:53.804+0000] {processor.py:830} INFO - Processing file /opt/airflow/dags/pg_dbt.py for tasks to queue
[2025-11-01T02:49:53.807+0000] {logging_mixin.py:188} INFO - [2025-11-01T02:49:53.806+0000] {dagbag.py:538} INFO - Filling up the DagBag from /opt/airflow/dags/pg_dbt.py
[2025-11-01T02:49:53.847+0000] {processor.py:840} INFO - DAG(s) 'scheduled_dbt_pg_daily' retrieved from /opt/airflow/dags/pg_dbt.py
[2025-11-01T02:49:53.907+0000] {logging_mixin.py:188} INFO - [2025-11-01T02:49:53.907+0000] {dag.py:3036} INFO - Sync 1 DAGs
[2025-11-01T02:49:53.956+0000] {logging_mixin.py:188} INFO - [2025-11-01T02:49:53.956+0000] {dag.py:3823} INFO - Setting next_dagrun for scheduled_dbt_pg_daily to None, run_after=None
[2025-11-01T02:49:54.007+0000] {processor.py:183} INFO - Processing /opt/airflow/dags/pg_dbt.py took 0.213 seconds
[2025-11-01T02:50:27.136+0000] {processor.py:161} INFO - Started process (PID=1230) to work on /opt/airflow/dags/pg_dbt.py
[2025-11-01T02:50:27.138+0000] {processor.py:830} INFO - Processing file /opt/airflow/dags/pg_dbt.py for tasks to queue
[2025-11-01T02:50:27.141+0000] {logging_mixin.py:188} INFO - [2025-11-01T02:50:27.140+0000] {dagbag.py:538} INFO - Filling up the DagBag from /opt/airflow/dags/pg_dbt.py
[2025-11-01T02:50:27.176+0000] {processor.py:840} INFO - DAG(s) 'scheduled_dbt_pg_daily' retrieved from /opt/airflow/dags/pg_dbt.py
[2025-11-01T02:50:27.236+0000] {logging_mixin.py:188} INFO - [2025-11-01T02:50:27.235+0000] {dag.py:3036} INFO - Sync 1 DAGs
[2025-11-01T02:50:27.284+0000] {logging_mixin.py:188} INFO - [2025-11-01T02:50:27.284+0000] {dag.py:3823} INFO - Setting next_dagrun for scheduled_dbt_pg_daily to None, run_after=None
[2025-11-01T02:50:27.335+0000] {processor.py:183} INFO - Processing /opt/airflow/dags/pg_dbt.py took 0.208 seconds
[2025-11-01T02:50:59.693+0000] {processor.py:161} INFO - Started process (PID=1243) to work on /opt/airflow/dags/pg_dbt.py
[2025-11-01T02:50:59.696+0000] {processor.py:830} INFO - Processing file /opt/airflow/dags/pg_dbt.py for tasks to queue
[2025-11-01T02:50:59.708+0000] {logging_mixin.py:188} INFO - [2025-11-01T02:50:59.707+0000] {dagbag.py:538} INFO - Filling up the DagBag from /opt/airflow/dags/pg_dbt.py
[2025-11-01T02:50:59.797+0000] {processor.py:840} INFO - DAG(s) 'scheduled_dbt_pg_daily' retrieved from /opt/airflow/dags/pg_dbt.py
[2025-11-01T02:50:59.921+0000] {logging_mixin.py:188} INFO - [2025-11-01T02:50:59.920+0000] {dag.py:3036} INFO - Sync 1 DAGs
[2025-11-01T02:51:00.000+0000] {logging_mixin.py:188} INFO - [2025-11-01T02:50:59.999+0000] {dag.py:3823} INFO - Setting next_dagrun for scheduled_dbt_pg_daily to None, run_after=None
[2025-11-01T02:51:00.194+0000] {processor.py:183} INFO - Processing /opt/airflow/dags/pg_dbt.py took 0.519 seconds
[2025-11-01T02:51:32.051+0000] {processor.py:161} INFO - Started process (PID=1255) to work on /opt/airflow/dags/pg_dbt.py
[2025-11-01T02:51:32.054+0000] {processor.py:830} INFO - Processing file /opt/airflow/dags/pg_dbt.py for tasks to queue
[2025-11-01T02:51:32.058+0000] {logging_mixin.py:188} INFO - [2025-11-01T02:51:32.058+0000] {dagbag.py:538} INFO - Filling up the DagBag from /opt/airflow/dags/pg_dbt.py
[2025-11-01T02:51:32.113+0000] {processor.py:840} INFO - DAG(s) 'scheduled_dbt_pg_daily' retrieved from /opt/airflow/dags/pg_dbt.py
[2025-11-01T02:51:32.176+0000] {logging_mixin.py:188} INFO - [2025-11-01T02:51:32.175+0000] {dag.py:3036} INFO - Sync 1 DAGs
[2025-11-01T02:51:32.221+0000] {logging_mixin.py:188} INFO - [2025-11-01T02:51:32.221+0000] {dag.py:3823} INFO - Setting next_dagrun for scheduled_dbt_pg_daily to None, run_after=None
[2025-11-01T02:51:32.286+0000] {processor.py:183} INFO - Processing /opt/airflow/dags/pg_dbt.py took 0.245 seconds
[2025-11-01T02:52:05.470+0000] {processor.py:161} INFO - Started process (PID=1267) to work on /opt/airflow/dags/pg_dbt.py
[2025-11-01T02:52:05.473+0000] {processor.py:830} INFO - Processing file /opt/airflow/dags/pg_dbt.py for tasks to queue
[2025-11-01T02:52:05.475+0000] {logging_mixin.py:188} INFO - [2025-11-01T02:52:05.474+0000] {dagbag.py:538} INFO - Filling up the DagBag from /opt/airflow/dags/pg_dbt.py
[2025-11-01T02:52:05.511+0000] {processor.py:840} INFO - DAG(s) 'scheduled_dbt_pg_daily' retrieved from /opt/airflow/dags/pg_dbt.py
[2025-11-01T02:52:05.587+0000] {logging_mixin.py:188} INFO - [2025-11-01T02:52:05.586+0000] {dag.py:3036} INFO - Sync 1 DAGs
[2025-11-01T02:52:05.629+0000] {logging_mixin.py:188} INFO - [2025-11-01T02:52:05.629+0000] {dag.py:3823} INFO - Setting next_dagrun for scheduled_dbt_pg_daily to None, run_after=None
[2025-11-01T02:52:05.687+0000] {processor.py:183} INFO - Processing /opt/airflow/dags/pg_dbt.py took 0.228 seconds
[2025-11-01T02:52:37.822+0000] {processor.py:161} INFO - Started process (PID=1279) to work on /opt/airflow/dags/pg_dbt.py
[2025-11-01T02:52:37.834+0000] {processor.py:830} INFO - Processing file /opt/airflow/dags/pg_dbt.py for tasks to queue
[2025-11-01T02:52:37.837+0000] {logging_mixin.py:188} INFO - [2025-11-01T02:52:37.836+0000] {dagbag.py:538} INFO - Filling up the DagBag from /opt/airflow/dags/pg_dbt.py
[2025-11-01T02:52:37.934+0000] {processor.py:840} INFO - DAG(s) 'scheduled_dbt_pg_daily' retrieved from /opt/airflow/dags/pg_dbt.py
[2025-11-01T02:52:38.175+0000] {logging_mixin.py:188} INFO - [2025-11-01T02:52:38.174+0000] {dag.py:3036} INFO - Sync 1 DAGs
[2025-11-01T02:52:38.390+0000] {logging_mixin.py:188} INFO - [2025-11-01T02:52:38.380+0000] {dag.py:3823} INFO - Setting next_dagrun for scheduled_dbt_pg_daily to None, run_after=None
[2025-11-01T02:52:38.691+0000] {processor.py:183} INFO - Processing /opt/airflow/dags/pg_dbt.py took 0.894 seconds
[2025-11-01T02:53:10.128+0000] {processor.py:161} INFO - Started process (PID=1291) to work on /opt/airflow/dags/pg_dbt.py
[2025-11-01T02:53:10.131+0000] {processor.py:830} INFO - Processing file /opt/airflow/dags/pg_dbt.py for tasks to queue
[2025-11-01T02:53:10.136+0000] {logging_mixin.py:188} INFO - [2025-11-01T02:53:10.134+0000] {dagbag.py:538} INFO - Filling up the DagBag from /opt/airflow/dags/pg_dbt.py
[2025-11-01T02:53:10.221+0000] {processor.py:840} INFO - DAG(s) 'scheduled_dbt_pg_daily' retrieved from /opt/airflow/dags/pg_dbt.py
[2025-11-01T02:53:10.276+0000] {logging_mixin.py:188} INFO - [2025-11-01T02:53:10.276+0000] {dag.py:3036} INFO - Sync 1 DAGs
[2025-11-01T02:53:10.319+0000] {logging_mixin.py:188} INFO - [2025-11-01T02:53:10.319+0000] {dag.py:3823} INFO - Setting next_dagrun for scheduled_dbt_pg_daily to None, run_after=None
[2025-11-01T02:53:10.374+0000] {processor.py:183} INFO - Processing /opt/airflow/dags/pg_dbt.py took 0.261 seconds
[2025-11-01T02:53:43.738+0000] {processor.py:161} INFO - Started process (PID=1303) to work on /opt/airflow/dags/pg_dbt.py
[2025-11-01T02:53:43.742+0000] {processor.py:830} INFO - Processing file /opt/airflow/dags/pg_dbt.py for tasks to queue
[2025-11-01T02:53:43.745+0000] {logging_mixin.py:188} INFO - [2025-11-01T02:53:43.744+0000] {dagbag.py:538} INFO - Filling up the DagBag from /opt/airflow/dags/pg_dbt.py
[2025-11-01T02:53:43.796+0000] {processor.py:840} INFO - DAG(s) 'scheduled_dbt_pg_daily' retrieved from /opt/airflow/dags/pg_dbt.py
[2025-11-01T02:53:43.858+0000] {logging_mixin.py:188} INFO - [2025-11-01T02:53:43.858+0000] {dag.py:3036} INFO - Sync 1 DAGs
[2025-11-01T02:53:43.901+0000] {logging_mixin.py:188} INFO - [2025-11-01T02:53:43.900+0000] {dag.py:3823} INFO - Setting next_dagrun for scheduled_dbt_pg_daily to None, run_after=None
[2025-11-01T02:53:43.964+0000] {processor.py:183} INFO - Processing /opt/airflow/dags/pg_dbt.py took 0.236 seconds
[2025-11-01T02:54:16.107+0000] {processor.py:161} INFO - Started process (PID=1315) to work on /opt/airflow/dags/pg_dbt.py
[2025-11-01T02:54:16.110+0000] {processor.py:830} INFO - Processing file /opt/airflow/dags/pg_dbt.py for tasks to queue
[2025-11-01T02:54:16.115+0000] {logging_mixin.py:188} INFO - [2025-11-01T02:54:16.115+0000] {dagbag.py:538} INFO - Filling up the DagBag from /opt/airflow/dags/pg_dbt.py
[2025-11-01T02:54:16.168+0000] {processor.py:840} INFO - DAG(s) 'scheduled_dbt_pg_daily' retrieved from /opt/airflow/dags/pg_dbt.py
[2025-11-01T02:54:16.322+0000] {logging_mixin.py:188} INFO - [2025-11-01T02:54:16.322+0000] {dag.py:3036} INFO - Sync 1 DAGs
[2025-11-01T02:54:16.396+0000] {logging_mixin.py:188} INFO - [2025-11-01T02:54:16.396+0000] {dag.py:3823} INFO - Setting next_dagrun for scheduled_dbt_pg_daily to None, run_after=None
[2025-11-01T02:54:16.475+0000] {processor.py:183} INFO - Processing /opt/airflow/dags/pg_dbt.py took 0.382 seconds
[2025-11-01T02:54:49.101+0000] {processor.py:161} INFO - Started process (PID=1328) to work on /opt/airflow/dags/pg_dbt.py
[2025-11-01T02:54:49.103+0000] {processor.py:830} INFO - Processing file /opt/airflow/dags/pg_dbt.py for tasks to queue
[2025-11-01T02:54:49.105+0000] {logging_mixin.py:188} INFO - [2025-11-01T02:54:49.105+0000] {dagbag.py:538} INFO - Filling up the DagBag from /opt/airflow/dags/pg_dbt.py
[2025-11-01T02:54:49.139+0000] {processor.py:840} INFO - DAG(s) 'scheduled_dbt_pg_daily' retrieved from /opt/airflow/dags/pg_dbt.py
[2025-11-01T02:54:49.196+0000] {logging_mixin.py:188} INFO - [2025-11-01T02:54:49.195+0000] {dag.py:3036} INFO - Sync 1 DAGs
[2025-11-01T02:54:49.236+0000] {logging_mixin.py:188} INFO - [2025-11-01T02:54:49.236+0000] {dag.py:3823} INFO - Setting next_dagrun for scheduled_dbt_pg_daily to None, run_after=None
[2025-11-01T02:54:49.291+0000] {processor.py:183} INFO - Processing /opt/airflow/dags/pg_dbt.py took 0.198 seconds
[2025-11-01T02:55:21.519+0000] {processor.py:161} INFO - Started process (PID=1340) to work on /opt/airflow/dags/pg_dbt.py
[2025-11-01T02:55:21.521+0000] {processor.py:830} INFO - Processing file /opt/airflow/dags/pg_dbt.py for tasks to queue
[2025-11-01T02:55:21.524+0000] {logging_mixin.py:188} INFO - [2025-11-01T02:55:21.523+0000] {dagbag.py:538} INFO - Filling up the DagBag from /opt/airflow/dags/pg_dbt.py
[2025-11-01T02:55:21.569+0000] {processor.py:840} INFO - DAG(s) 'scheduled_dbt_pg_daily' retrieved from /opt/airflow/dags/pg_dbt.py
[2025-11-01T02:55:21.636+0000] {logging_mixin.py:188} INFO - [2025-11-01T02:55:21.636+0000] {dag.py:3036} INFO - Sync 1 DAGs
[2025-11-01T02:55:21.687+0000] {logging_mixin.py:188} INFO - [2025-11-01T02:55:21.687+0000] {dag.py:3823} INFO - Setting next_dagrun for scheduled_dbt_pg_daily to None, run_after=None
[2025-11-01T02:55:21.755+0000] {processor.py:183} INFO - Processing /opt/airflow/dags/pg_dbt.py took 0.244 seconds
[2025-11-01T02:55:54.249+0000] {processor.py:161} INFO - Started process (PID=1352) to work on /opt/airflow/dags/pg_dbt.py
[2025-11-01T02:55:54.252+0000] {processor.py:830} INFO - Processing file /opt/airflow/dags/pg_dbt.py for tasks to queue
[2025-11-01T02:55:54.254+0000] {logging_mixin.py:188} INFO - [2025-11-01T02:55:54.253+0000] {dagbag.py:538} INFO - Filling up the DagBag from /opt/airflow/dags/pg_dbt.py
[2025-11-01T02:55:54.303+0000] {processor.py:840} INFO - DAG(s) 'scheduled_dbt_pg_daily' retrieved from /opt/airflow/dags/pg_dbt.py
[2025-11-01T02:55:54.347+0000] {logging_mixin.py:188} INFO - [2025-11-01T02:55:54.347+0000] {dag.py:3036} INFO - Sync 1 DAGs
[2025-11-01T02:55:54.393+0000] {logging_mixin.py:188} INFO - [2025-11-01T02:55:54.392+0000] {dag.py:3823} INFO - Setting next_dagrun for scheduled_dbt_pg_daily to None, run_after=None
[2025-11-01T02:55:54.498+0000] {processor.py:183} INFO - Processing /opt/airflow/dags/pg_dbt.py took 0.257 seconds
[2025-11-01T02:56:26.502+0000] {processor.py:161} INFO - Started process (PID=1364) to work on /opt/airflow/dags/pg_dbt.py
[2025-11-01T02:56:26.503+0000] {processor.py:830} INFO - Processing file /opt/airflow/dags/pg_dbt.py for tasks to queue
[2025-11-01T02:56:26.506+0000] {logging_mixin.py:188} INFO - [2025-11-01T02:56:26.505+0000] {dagbag.py:538} INFO - Filling up the DagBag from /opt/airflow/dags/pg_dbt.py
[2025-11-01T02:56:26.536+0000] {processor.py:840} INFO - DAG(s) 'scheduled_dbt_pg_daily' retrieved from /opt/airflow/dags/pg_dbt.py
[2025-11-01T02:56:26.596+0000] {logging_mixin.py:188} INFO - [2025-11-01T02:56:26.595+0000] {dag.py:3036} INFO - Sync 1 DAGs
[2025-11-01T02:56:26.629+0000] {logging_mixin.py:188} INFO - [2025-11-01T02:56:26.629+0000] {dag.py:3823} INFO - Setting next_dagrun for scheduled_dbt_pg_daily to None, run_after=None
[2025-11-01T02:56:26.689+0000] {processor.py:183} INFO - Processing /opt/airflow/dags/pg_dbt.py took 0.195 seconds
[2025-11-01T02:56:59.511+0000] {processor.py:161} INFO - Started process (PID=1376) to work on /opt/airflow/dags/pg_dbt.py
[2025-11-01T02:56:59.513+0000] {processor.py:830} INFO - Processing file /opt/airflow/dags/pg_dbt.py for tasks to queue
[2025-11-01T02:56:59.516+0000] {logging_mixin.py:188} INFO - [2025-11-01T02:56:59.515+0000] {dagbag.py:538} INFO - Filling up the DagBag from /opt/airflow/dags/pg_dbt.py
[2025-11-01T02:56:59.553+0000] {processor.py:840} INFO - DAG(s) 'scheduled_dbt_pg_daily' retrieved from /opt/airflow/dags/pg_dbt.py
[2025-11-01T02:56:59.606+0000] {logging_mixin.py:188} INFO - [2025-11-01T02:56:59.606+0000] {dag.py:3036} INFO - Sync 1 DAGs
[2025-11-01T02:56:59.644+0000] {logging_mixin.py:188} INFO - [2025-11-01T02:56:59.643+0000] {dag.py:3823} INFO - Setting next_dagrun for scheduled_dbt_pg_daily to None, run_after=None
[2025-11-01T02:56:59.692+0000] {processor.py:183} INFO - Processing /opt/airflow/dags/pg_dbt.py took 0.189 seconds
[2025-11-01T02:57:32.589+0000] {processor.py:161} INFO - Started process (PID=1388) to work on /opt/airflow/dags/pg_dbt.py
[2025-11-01T02:57:32.591+0000] {processor.py:830} INFO - Processing file /opt/airflow/dags/pg_dbt.py for tasks to queue
[2025-11-01T02:57:32.593+0000] {logging_mixin.py:188} INFO - [2025-11-01T02:57:32.592+0000] {dagbag.py:538} INFO - Filling up the DagBag from /opt/airflow/dags/pg_dbt.py
[2025-11-01T02:57:32.623+0000] {processor.py:840} INFO - DAG(s) 'scheduled_dbt_pg_daily' retrieved from /opt/airflow/dags/pg_dbt.py
[2025-11-01T02:57:32.669+0000] {logging_mixin.py:188} INFO - [2025-11-01T02:57:32.669+0000] {dag.py:3036} INFO - Sync 1 DAGs
[2025-11-01T02:57:32.703+0000] {logging_mixin.py:188} INFO - [2025-11-01T02:57:32.703+0000] {dag.py:3823} INFO - Setting next_dagrun for scheduled_dbt_pg_daily to None, run_after=None
[2025-11-01T02:57:32.774+0000] {processor.py:183} INFO - Processing /opt/airflow/dags/pg_dbt.py took 0.191 seconds
[2025-11-01T02:58:05.081+0000] {processor.py:161} INFO - Started process (PID=1400) to work on /opt/airflow/dags/pg_dbt.py
[2025-11-01T02:58:05.083+0000] {processor.py:830} INFO - Processing file /opt/airflow/dags/pg_dbt.py for tasks to queue
[2025-11-01T02:58:05.085+0000] {logging_mixin.py:188} INFO - [2025-11-01T02:58:05.084+0000] {dagbag.py:538} INFO - Filling up the DagBag from /opt/airflow/dags/pg_dbt.py
[2025-11-01T02:58:05.122+0000] {processor.py:840} INFO - DAG(s) 'scheduled_dbt_pg_daily' retrieved from /opt/airflow/dags/pg_dbt.py
[2025-11-01T02:58:05.174+0000] {logging_mixin.py:188} INFO - [2025-11-01T02:58:05.174+0000] {dag.py:3036} INFO - Sync 1 DAGs
[2025-11-01T02:58:05.210+0000] {logging_mixin.py:188} INFO - [2025-11-01T02:58:05.210+0000] {dag.py:3823} INFO - Setting next_dagrun for scheduled_dbt_pg_daily to None, run_after=None
[2025-11-01T02:58:05.255+0000] {processor.py:183} INFO - Processing /opt/airflow/dags/pg_dbt.py took 0.182 seconds
[2025-11-01T02:58:37.532+0000] {processor.py:161} INFO - Started process (PID=1412) to work on /opt/airflow/dags/pg_dbt.py
[2025-11-01T02:58:37.534+0000] {processor.py:830} INFO - Processing file /opt/airflow/dags/pg_dbt.py for tasks to queue
[2025-11-01T02:58:37.536+0000] {logging_mixin.py:188} INFO - [2025-11-01T02:58:37.536+0000] {dagbag.py:538} INFO - Filling up the DagBag from /opt/airflow/dags/pg_dbt.py
[2025-11-01T02:58:37.576+0000] {processor.py:840} INFO - DAG(s) 'scheduled_dbt_pg_daily' retrieved from /opt/airflow/dags/pg_dbt.py
[2025-11-01T02:58:37.636+0000] {logging_mixin.py:188} INFO - [2025-11-01T02:58:37.635+0000] {dag.py:3036} INFO - Sync 1 DAGs
[2025-11-01T02:58:37.676+0000] {logging_mixin.py:188} INFO - [2025-11-01T02:58:37.675+0000] {dag.py:3823} INFO - Setting next_dagrun for scheduled_dbt_pg_daily to None, run_after=None
[2025-11-01T02:58:37.728+0000] {processor.py:183} INFO - Processing /opt/airflow/dags/pg_dbt.py took 0.203 seconds
[2025-11-01T02:59:10.515+0000] {processor.py:161} INFO - Started process (PID=1424) to work on /opt/airflow/dags/pg_dbt.py
[2025-11-01T02:59:10.518+0000] {processor.py:830} INFO - Processing file /opt/airflow/dags/pg_dbt.py for tasks to queue
[2025-11-01T02:59:10.521+0000] {logging_mixin.py:188} INFO - [2025-11-01T02:59:10.520+0000] {dagbag.py:538} INFO - Filling up the DagBag from /opt/airflow/dags/pg_dbt.py
[2025-11-01T02:59:10.557+0000] {processor.py:840} INFO - DAG(s) 'scheduled_dbt_pg_daily' retrieved from /opt/airflow/dags/pg_dbt.py
[2025-11-01T02:59:10.615+0000] {logging_mixin.py:188} INFO - [2025-11-01T02:59:10.615+0000] {dag.py:3036} INFO - Sync 1 DAGs
[2025-11-01T02:59:10.656+0000] {logging_mixin.py:188} INFO - [2025-11-01T02:59:10.656+0000] {dag.py:3823} INFO - Setting next_dagrun for scheduled_dbt_pg_daily to None, run_after=None
[2025-11-01T02:59:10.715+0000] {processor.py:183} INFO - Processing /opt/airflow/dags/pg_dbt.py took 0.210 seconds
[2025-11-01T02:59:43.398+0000] {processor.py:161} INFO - Started process (PID=1436) to work on /opt/airflow/dags/pg_dbt.py
[2025-11-01T02:59:43.400+0000] {processor.py:830} INFO - Processing file /opt/airflow/dags/pg_dbt.py for tasks to queue
[2025-11-01T02:59:43.403+0000] {logging_mixin.py:188} INFO - [2025-11-01T02:59:43.402+0000] {dagbag.py:538} INFO - Filling up the DagBag from /opt/airflow/dags/pg_dbt.py
[2025-11-01T02:59:43.440+0000] {processor.py:840} INFO - DAG(s) 'scheduled_dbt_pg_daily' retrieved from /opt/airflow/dags/pg_dbt.py
[2025-11-01T02:59:43.486+0000] {logging_mixin.py:188} INFO - [2025-11-01T02:59:43.485+0000] {dag.py:3036} INFO - Sync 1 DAGs
[2025-11-01T02:59:43.524+0000] {logging_mixin.py:188} INFO - [2025-11-01T02:59:43.523+0000] {dag.py:3823} INFO - Setting next_dagrun for scheduled_dbt_pg_daily to None, run_after=None
[2025-11-01T02:59:43.594+0000] {processor.py:183} INFO - Processing /opt/airflow/dags/pg_dbt.py took 0.204 seconds
[2025-11-01T03:00:15.699+0000] {processor.py:161} INFO - Started process (PID=1448) to work on /opt/airflow/dags/pg_dbt.py
[2025-11-01T03:00:15.701+0000] {processor.py:830} INFO - Processing file /opt/airflow/dags/pg_dbt.py for tasks to queue
[2025-11-01T03:00:15.704+0000] {logging_mixin.py:188} INFO - [2025-11-01T03:00:15.703+0000] {dagbag.py:538} INFO - Filling up the DagBag from /opt/airflow/dags/pg_dbt.py
[2025-11-01T03:00:15.733+0000] {processor.py:840} INFO - DAG(s) 'scheduled_dbt_pg_daily' retrieved from /opt/airflow/dags/pg_dbt.py
[2025-11-01T03:00:15.789+0000] {logging_mixin.py:188} INFO - [2025-11-01T03:00:15.789+0000] {dag.py:3036} INFO - Sync 1 DAGs
[2025-11-01T03:00:15.825+0000] {logging_mixin.py:188} INFO - [2025-11-01T03:00:15.825+0000] {dag.py:3823} INFO - Setting next_dagrun for scheduled_dbt_pg_daily to None, run_after=None
[2025-11-01T03:00:15.883+0000] {processor.py:183} INFO - Processing /opt/airflow/dags/pg_dbt.py took 0.192 seconds
[2025-11-01T03:00:49.093+0000] {processor.py:161} INFO - Started process (PID=1460) to work on /opt/airflow/dags/pg_dbt.py
[2025-11-01T03:00:49.096+0000] {processor.py:830} INFO - Processing file /opt/airflow/dags/pg_dbt.py for tasks to queue
[2025-11-01T03:00:49.098+0000] {logging_mixin.py:188} INFO - [2025-11-01T03:00:49.097+0000] {dagbag.py:538} INFO - Filling up the DagBag from /opt/airflow/dags/pg_dbt.py
[2025-11-01T03:00:49.130+0000] {processor.py:840} INFO - DAG(s) 'scheduled_dbt_pg_daily' retrieved from /opt/airflow/dags/pg_dbt.py
[2025-11-01T03:00:49.198+0000] {logging_mixin.py:188} INFO - [2025-11-01T03:00:49.197+0000] {dag.py:3036} INFO - Sync 1 DAGs
[2025-11-01T03:00:49.248+0000] {logging_mixin.py:188} INFO - [2025-11-01T03:00:49.247+0000] {dag.py:3823} INFO - Setting next_dagrun for scheduled_dbt_pg_daily to None, run_after=None
[2025-11-01T03:00:49.310+0000] {processor.py:183} INFO - Processing /opt/airflow/dags/pg_dbt.py took 0.225 seconds
[2025-11-01T03:01:21.375+0000] {processor.py:161} INFO - Started process (PID=1472) to work on /opt/airflow/dags/pg_dbt.py
[2025-11-01T03:01:21.377+0000] {processor.py:830} INFO - Processing file /opt/airflow/dags/pg_dbt.py for tasks to queue
[2025-11-01T03:01:21.380+0000] {logging_mixin.py:188} INFO - [2025-11-01T03:01:21.379+0000] {dagbag.py:538} INFO - Filling up the DagBag from /opt/airflow/dags/pg_dbt.py
[2025-11-01T03:01:21.418+0000] {processor.py:840} INFO - DAG(s) 'scheduled_dbt_pg_daily' retrieved from /opt/airflow/dags/pg_dbt.py
[2025-11-01T03:01:21.472+0000] {logging_mixin.py:188} INFO - [2025-11-01T03:01:21.472+0000] {dag.py:3036} INFO - Sync 1 DAGs
[2025-11-01T03:01:21.516+0000] {logging_mixin.py:188} INFO - [2025-11-01T03:01:21.515+0000] {dag.py:3823} INFO - Setting next_dagrun for scheduled_dbt_pg_daily to None, run_after=None
[2025-11-01T03:01:21.568+0000] {processor.py:183} INFO - Processing /opt/airflow/dags/pg_dbt.py took 0.200 seconds
[2025-11-01T03:01:54.071+0000] {processor.py:161} INFO - Started process (PID=1484) to work on /opt/airflow/dags/pg_dbt.py
[2025-11-01T03:01:54.074+0000] {processor.py:830} INFO - Processing file /opt/airflow/dags/pg_dbt.py for tasks to queue
[2025-11-01T03:01:54.077+0000] {logging_mixin.py:188} INFO - [2025-11-01T03:01:54.076+0000] {dagbag.py:538} INFO - Filling up the DagBag from /opt/airflow/dags/pg_dbt.py
[2025-11-01T03:01:54.110+0000] {processor.py:840} INFO - DAG(s) 'scheduled_dbt_pg_daily' retrieved from /opt/airflow/dags/pg_dbt.py
[2025-11-01T03:01:54.171+0000] {logging_mixin.py:188} INFO - [2025-11-01T03:01:54.171+0000] {dag.py:3036} INFO - Sync 1 DAGs
[2025-11-01T03:01:54.207+0000] {logging_mixin.py:188} INFO - [2025-11-01T03:01:54.206+0000] {dag.py:3823} INFO - Setting next_dagrun for scheduled_dbt_pg_daily to None, run_after=None
[2025-11-01T03:01:54.272+0000] {processor.py:183} INFO - Processing /opt/airflow/dags/pg_dbt.py took 0.211 seconds
[2025-11-01T03:02:27.403+0000] {processor.py:161} INFO - Started process (PID=1496) to work on /opt/airflow/dags/pg_dbt.py
[2025-11-01T03:02:27.406+0000] {processor.py:830} INFO - Processing file /opt/airflow/dags/pg_dbt.py for tasks to queue
[2025-11-01T03:02:27.408+0000] {logging_mixin.py:188} INFO - [2025-11-01T03:02:27.408+0000] {dagbag.py:538} INFO - Filling up the DagBag from /opt/airflow/dags/pg_dbt.py
[2025-11-01T03:02:27.442+0000] {processor.py:840} INFO - DAG(s) 'scheduled_dbt_pg_daily' retrieved from /opt/airflow/dags/pg_dbt.py
[2025-11-01T03:02:27.499+0000] {logging_mixin.py:188} INFO - [2025-11-01T03:02:27.499+0000] {dag.py:3036} INFO - Sync 1 DAGs
[2025-11-01T03:02:27.541+0000] {logging_mixin.py:188} INFO - [2025-11-01T03:02:27.541+0000] {dag.py:3823} INFO - Setting next_dagrun for scheduled_dbt_pg_daily to None, run_after=None
[2025-11-01T03:02:27.604+0000] {processor.py:183} INFO - Processing /opt/airflow/dags/pg_dbt.py took 0.210 seconds
[2025-11-01T03:02:59.396+0000] {processor.py:161} INFO - Started process (PID=1508) to work on /opt/airflow/dags/pg_dbt.py
[2025-11-01T03:02:59.399+0000] {processor.py:830} INFO - Processing file /opt/airflow/dags/pg_dbt.py for tasks to queue
[2025-11-01T03:02:59.405+0000] {logging_mixin.py:188} INFO - [2025-11-01T03:02:59.402+0000] {dagbag.py:538} INFO - Filling up the DagBag from /opt/airflow/dags/pg_dbt.py
[2025-11-01T03:02:59.491+0000] {processor.py:840} INFO - DAG(s) 'scheduled_dbt_pg_daily' retrieved from /opt/airflow/dags/pg_dbt.py
[2025-11-01T03:02:59.563+0000] {logging_mixin.py:188} INFO - [2025-11-01T03:02:59.562+0000] {dag.py:3036} INFO - Sync 1 DAGs
[2025-11-01T03:02:59.648+0000] {logging_mixin.py:188} INFO - [2025-11-01T03:02:59.643+0000] {dag.py:3823} INFO - Setting next_dagrun for scheduled_dbt_pg_daily to None, run_after=None
[2025-11-01T03:02:59.729+0000] {processor.py:183} INFO - Processing /opt/airflow/dags/pg_dbt.py took 0.346 seconds
[2025-11-01T03:03:34.066+0000] {processor.py:161} INFO - Started process (PID=1520) to work on /opt/airflow/dags/pg_dbt.py
[2025-11-01T03:03:34.068+0000] {processor.py:830} INFO - Processing file /opt/airflow/dags/pg_dbt.py for tasks to queue
[2025-11-01T03:03:34.070+0000] {logging_mixin.py:188} INFO - [2025-11-01T03:03:34.070+0000] {dagbag.py:538} INFO - Filling up the DagBag from /opt/airflow/dags/pg_dbt.py
[2025-11-01T03:03:34.102+0000] {processor.py:840} INFO - DAG(s) 'scheduled_dbt_pg_daily' retrieved from /opt/airflow/dags/pg_dbt.py
[2025-11-01T03:03:34.154+0000] {logging_mixin.py:188} INFO - [2025-11-01T03:03:34.153+0000] {dag.py:3036} INFO - Sync 1 DAGs
[2025-11-01T03:03:34.205+0000] {logging_mixin.py:188} INFO - [2025-11-01T03:03:34.204+0000] {dag.py:3823} INFO - Setting next_dagrun for scheduled_dbt_pg_daily to None, run_after=None
[2025-11-01T03:03:34.350+0000] {processor.py:183} INFO - Processing /opt/airflow/dags/pg_dbt.py took 0.292 seconds
[2025-11-01T03:04:04.970+0000] {processor.py:161} INFO - Started process (PID=1533) to work on /opt/airflow/dags/pg_dbt.py
[2025-11-01T03:04:04.973+0000] {processor.py:830} INFO - Processing file /opt/airflow/dags/pg_dbt.py for tasks to queue
[2025-11-01T03:04:04.977+0000] {logging_mixin.py:188} INFO - [2025-11-01T03:04:04.976+0000] {dagbag.py:538} INFO - Filling up the DagBag from /opt/airflow/dags/pg_dbt.py
[2025-11-01T03:04:05.027+0000] {processor.py:840} INFO - DAG(s) 'scheduled_dbt_pg_daily' retrieved from /opt/airflow/dags/pg_dbt.py
[2025-11-01T03:04:05.101+0000] {logging_mixin.py:188} INFO - [2025-11-01T03:04:05.100+0000] {dag.py:3036} INFO - Sync 1 DAGs
[2025-11-01T03:04:05.159+0000] {logging_mixin.py:188} INFO - [2025-11-01T03:04:05.158+0000] {dag.py:3823} INFO - Setting next_dagrun for scheduled_dbt_pg_daily to None, run_after=None
[2025-11-01T03:04:05.217+0000] {processor.py:183} INFO - Processing /opt/airflow/dags/pg_dbt.py took 0.260 seconds
[2025-11-01T03:04:38.439+0000] {processor.py:161} INFO - Started process (PID=1545) to work on /opt/airflow/dags/pg_dbt.py
[2025-11-01T03:04:38.442+0000] {processor.py:830} INFO - Processing file /opt/airflow/dags/pg_dbt.py for tasks to queue
[2025-11-01T03:04:38.446+0000] {logging_mixin.py:188} INFO - [2025-11-01T03:04:38.445+0000] {dagbag.py:538} INFO - Filling up the DagBag from /opt/airflow/dags/pg_dbt.py
[2025-11-01T03:04:38.507+0000] {processor.py:840} INFO - DAG(s) 'scheduled_dbt_pg_daily' retrieved from /opt/airflow/dags/pg_dbt.py
[2025-11-01T03:04:38.616+0000] {logging_mixin.py:188} INFO - [2025-11-01T03:04:38.615+0000] {dag.py:3036} INFO - Sync 1 DAGs
[2025-11-01T03:04:38.746+0000] {logging_mixin.py:188} INFO - [2025-11-01T03:04:38.745+0000] {dag.py:3823} INFO - Setting next_dagrun for scheduled_dbt_pg_daily to None, run_after=None
[2025-11-01T03:04:39.113+0000] {processor.py:183} INFO - Processing /opt/airflow/dags/pg_dbt.py took 0.688 seconds
[2025-11-01T03:05:11.074+0000] {processor.py:161} INFO - Started process (PID=1557) to work on /opt/airflow/dags/pg_dbt.py
[2025-11-01T03:05:11.078+0000] {processor.py:830} INFO - Processing file /opt/airflow/dags/pg_dbt.py for tasks to queue
[2025-11-01T03:05:11.081+0000] {logging_mixin.py:188} INFO - [2025-11-01T03:05:11.081+0000] {dagbag.py:538} INFO - Filling up the DagBag from /opt/airflow/dags/pg_dbt.py
[2025-11-01T03:05:11.131+0000] {processor.py:840} INFO - DAG(s) 'scheduled_dbt_pg_daily' retrieved from /opt/airflow/dags/pg_dbt.py
[2025-11-01T03:05:11.250+0000] {logging_mixin.py:188} INFO - [2025-11-01T03:05:11.249+0000] {dag.py:3036} INFO - Sync 1 DAGs
[2025-11-01T03:05:11.311+0000] {logging_mixin.py:188} INFO - [2025-11-01T03:05:11.304+0000] {dag.py:3823} INFO - Setting next_dagrun for scheduled_dbt_pg_daily to None, run_after=None
[2025-11-01T03:05:11.393+0000] {processor.py:183} INFO - Processing /opt/airflow/dags/pg_dbt.py took 0.328 seconds
[2025-11-01T03:05:43.155+0000] {processor.py:161} INFO - Started process (PID=1569) to work on /opt/airflow/dags/pg_dbt.py
[2025-11-01T03:05:43.160+0000] {processor.py:830} INFO - Processing file /opt/airflow/dags/pg_dbt.py for tasks to queue
[2025-11-01T03:05:43.163+0000] {logging_mixin.py:188} INFO - [2025-11-01T03:05:43.161+0000] {dagbag.py:538} INFO - Filling up the DagBag from /opt/airflow/dags/pg_dbt.py
[2025-11-01T03:05:43.228+0000] {processor.py:840} INFO - DAG(s) 'scheduled_dbt_pg_daily' retrieved from /opt/airflow/dags/pg_dbt.py
[2025-11-01T03:05:43.339+0000] {logging_mixin.py:188} INFO - [2025-11-01T03:05:43.339+0000] {dag.py:3036} INFO - Sync 1 DAGs
[2025-11-01T03:05:43.415+0000] {logging_mixin.py:188} INFO - [2025-11-01T03:05:43.415+0000] {dag.py:3823} INFO - Setting next_dagrun for scheduled_dbt_pg_daily to None, run_after=None
[2025-11-01T03:05:43.502+0000] {processor.py:183} INFO - Processing /opt/airflow/dags/pg_dbt.py took 0.356 seconds
[2025-11-01T03:06:15.909+0000] {processor.py:161} INFO - Started process (PID=1581) to work on /opt/airflow/dags/pg_dbt.py
[2025-11-01T03:06:15.912+0000] {processor.py:830} INFO - Processing file /opt/airflow/dags/pg_dbt.py for tasks to queue
[2025-11-01T03:06:15.915+0000] {logging_mixin.py:188} INFO - [2025-11-01T03:06:15.915+0000] {dagbag.py:538} INFO - Filling up the DagBag from /opt/airflow/dags/pg_dbt.py
[2025-11-01T03:06:15.966+0000] {processor.py:840} INFO - DAG(s) 'scheduled_dbt_pg_daily' retrieved from /opt/airflow/dags/pg_dbt.py
[2025-11-01T03:06:16.048+0000] {logging_mixin.py:188} INFO - [2025-11-01T03:06:16.047+0000] {dag.py:3036} INFO - Sync 1 DAGs
[2025-11-01T03:06:16.120+0000] {logging_mixin.py:188} INFO - [2025-11-01T03:06:16.120+0000] {dag.py:3823} INFO - Setting next_dagrun for scheduled_dbt_pg_daily to None, run_after=None
[2025-11-01T03:06:16.287+0000] {processor.py:183} INFO - Processing /opt/airflow/dags/pg_dbt.py took 0.392 seconds
[2025-11-01T03:06:49.068+0000] {processor.py:161} INFO - Started process (PID=1594) to work on /opt/airflow/dags/pg_dbt.py
[2025-11-01T03:06:49.079+0000] {processor.py:830} INFO - Processing file /opt/airflow/dags/pg_dbt.py for tasks to queue
[2025-11-01T03:06:49.092+0000] {logging_mixin.py:188} INFO - [2025-11-01T03:06:49.091+0000] {dagbag.py:538} INFO - Filling up the DagBag from /opt/airflow/dags/pg_dbt.py
[2025-11-01T03:06:49.166+0000] {processor.py:840} INFO - DAG(s) 'scheduled_dbt_pg_daily' retrieved from /opt/airflow/dags/pg_dbt.py
[2025-11-01T03:06:49.272+0000] {logging_mixin.py:188} INFO - [2025-11-01T03:06:49.271+0000] {dag.py:3036} INFO - Sync 1 DAGs
[2025-11-01T03:06:49.363+0000] {logging_mixin.py:188} INFO - [2025-11-01T03:06:49.362+0000] {dag.py:3823} INFO - Setting next_dagrun for scheduled_dbt_pg_daily to None, run_after=None
[2025-11-01T03:06:49.436+0000] {processor.py:183} INFO - Processing /opt/airflow/dags/pg_dbt.py took 0.385 seconds
[2025-11-01T03:07:21.642+0000] {processor.py:161} INFO - Started process (PID=1606) to work on /opt/airflow/dags/pg_dbt.py
[2025-11-01T03:07:21.649+0000] {processor.py:830} INFO - Processing file /opt/airflow/dags/pg_dbt.py for tasks to queue
[2025-11-01T03:07:21.653+0000] {logging_mixin.py:188} INFO - [2025-11-01T03:07:21.652+0000] {dagbag.py:538} INFO - Filling up the DagBag from /opt/airflow/dags/pg_dbt.py
[2025-11-01T03:07:21.701+0000] {processor.py:840} INFO - DAG(s) 'scheduled_dbt_pg_daily' retrieved from /opt/airflow/dags/pg_dbt.py
[2025-11-01T03:07:21.789+0000] {logging_mixin.py:188} INFO - [2025-11-01T03:07:21.789+0000] {dag.py:3036} INFO - Sync 1 DAGs
[2025-11-01T03:07:21.850+0000] {logging_mixin.py:188} INFO - [2025-11-01T03:07:21.849+0000] {dag.py:3823} INFO - Setting next_dagrun for scheduled_dbt_pg_daily to None, run_after=None
[2025-11-01T03:07:21.938+0000] {processor.py:183} INFO - Processing /opt/airflow/dags/pg_dbt.py took 0.307 seconds
[2025-11-01T03:07:54.095+0000] {processor.py:161} INFO - Started process (PID=1619) to work on /opt/airflow/dags/pg_dbt.py
[2025-11-01T03:07:54.098+0000] {processor.py:830} INFO - Processing file /opt/airflow/dags/pg_dbt.py for tasks to queue
[2025-11-01T03:07:54.101+0000] {logging_mixin.py:188} INFO - [2025-11-01T03:07:54.099+0000] {dagbag.py:538} INFO - Filling up the DagBag from /opt/airflow/dags/pg_dbt.py
[2025-11-01T03:07:54.148+0000] {processor.py:840} INFO - DAG(s) 'scheduled_dbt_pg_daily' retrieved from /opt/airflow/dags/pg_dbt.py
[2025-11-01T03:07:54.243+0000] {logging_mixin.py:188} INFO - [2025-11-01T03:07:54.243+0000] {dag.py:3036} INFO - Sync 1 DAGs
[2025-11-01T03:07:54.328+0000] {logging_mixin.py:188} INFO - [2025-11-01T03:07:54.327+0000] {dag.py:3823} INFO - Setting next_dagrun for scheduled_dbt_pg_daily to None, run_after=None
[2025-11-01T03:07:54.436+0000] {processor.py:183} INFO - Processing /opt/airflow/dags/pg_dbt.py took 0.360 seconds
[2025-11-01T03:08:27.219+0000] {processor.py:161} INFO - Started process (PID=1631) to work on /opt/airflow/dags/pg_dbt.py
[2025-11-01T03:08:27.224+0000] {processor.py:830} INFO - Processing file /opt/airflow/dags/pg_dbt.py for tasks to queue
[2025-11-01T03:08:27.228+0000] {logging_mixin.py:188} INFO - [2025-11-01T03:08:27.227+0000] {dagbag.py:538} INFO - Filling up the DagBag from /opt/airflow/dags/pg_dbt.py
[2025-11-01T03:08:27.284+0000] {processor.py:840} INFO - DAG(s) 'scheduled_dbt_pg_daily' retrieved from /opt/airflow/dags/pg_dbt.py
[2025-11-01T03:08:27.437+0000] {logging_mixin.py:188} INFO - [2025-11-01T03:08:27.434+0000] {dag.py:3036} INFO - Sync 1 DAGs
[2025-11-01T03:08:27.509+0000] {logging_mixin.py:188} INFO - [2025-11-01T03:08:27.508+0000] {dag.py:3823} INFO - Setting next_dagrun for scheduled_dbt_pg_daily to None, run_after=None
[2025-11-01T03:08:27.591+0000] {processor.py:183} INFO - Processing /opt/airflow/dags/pg_dbt.py took 0.397 seconds
[2025-11-01T03:08:59.718+0000] {processor.py:161} INFO - Started process (PID=1643) to work on /opt/airflow/dags/pg_dbt.py
[2025-11-01T03:08:59.722+0000] {processor.py:830} INFO - Processing file /opt/airflow/dags/pg_dbt.py for tasks to queue
[2025-11-01T03:08:59.725+0000] {logging_mixin.py:188} INFO - [2025-11-01T03:08:59.724+0000] {dagbag.py:538} INFO - Filling up the DagBag from /opt/airflow/dags/pg_dbt.py
[2025-11-01T03:08:59.822+0000] {processor.py:840} INFO - DAG(s) 'scheduled_dbt_pg_daily' retrieved from /opt/airflow/dags/pg_dbt.py
[2025-11-01T03:09:00.039+0000] {logging_mixin.py:188} INFO - [2025-11-01T03:09:00.039+0000] {dag.py:3036} INFO - Sync 1 DAGs
[2025-11-01T03:09:00.159+0000] {logging_mixin.py:188} INFO - [2025-11-01T03:09:00.157+0000] {dag.py:3823} INFO - Setting next_dagrun for scheduled_dbt_pg_daily to None, run_after=None
[2025-11-01T03:09:00.308+0000] {processor.py:183} INFO - Processing /opt/airflow/dags/pg_dbt.py took 0.604 seconds
[2025-11-01T03:09:32.676+0000] {processor.py:161} INFO - Started process (PID=1655) to work on /opt/airflow/dags/pg_dbt.py
[2025-11-01T03:09:32.681+0000] {processor.py:830} INFO - Processing file /opt/airflow/dags/pg_dbt.py for tasks to queue
[2025-11-01T03:09:32.688+0000] {logging_mixin.py:188} INFO - [2025-11-01T03:09:32.685+0000] {dagbag.py:538} INFO - Filling up the DagBag from /opt/airflow/dags/pg_dbt.py
[2025-11-01T03:09:32.787+0000] {processor.py:840} INFO - DAG(s) 'scheduled_dbt_pg_daily' retrieved from /opt/airflow/dags/pg_dbt.py
[2025-11-01T03:09:32.920+0000] {logging_mixin.py:188} INFO - [2025-11-01T03:09:32.920+0000] {dag.py:3036} INFO - Sync 1 DAGs
[2025-11-01T03:09:33.003+0000] {logging_mixin.py:188} INFO - [2025-11-01T03:09:33.002+0000] {dag.py:3823} INFO - Setting next_dagrun for scheduled_dbt_pg_daily to None, run_after=None
[2025-11-01T03:09:33.121+0000] {processor.py:183} INFO - Processing /opt/airflow/dags/pg_dbt.py took 0.462 seconds
[2025-11-01T03:10:05.276+0000] {processor.py:161} INFO - Started process (PID=1667) to work on /opt/airflow/dags/pg_dbt.py
[2025-11-01T03:10:05.280+0000] {processor.py:830} INFO - Processing file /opt/airflow/dags/pg_dbt.py for tasks to queue
[2025-11-01T03:10:05.283+0000] {logging_mixin.py:188} INFO - [2025-11-01T03:10:05.282+0000] {dagbag.py:538} INFO - Filling up the DagBag from /opt/airflow/dags/pg_dbt.py
[2025-11-01T03:10:05.346+0000] {processor.py:840} INFO - DAG(s) 'scheduled_dbt_pg_daily' retrieved from /opt/airflow/dags/pg_dbt.py
[2025-11-01T03:10:05.471+0000] {logging_mixin.py:188} INFO - [2025-11-01T03:10:05.471+0000] {dag.py:3036} INFO - Sync 1 DAGs
[2025-11-01T03:10:05.594+0000] {logging_mixin.py:188} INFO - [2025-11-01T03:10:05.593+0000] {dag.py:3823} INFO - Setting next_dagrun for scheduled_dbt_pg_daily to None, run_after=None
[2025-11-01T03:10:05.725+0000] {processor.py:183} INFO - Processing /opt/airflow/dags/pg_dbt.py took 0.472 seconds
[2025-11-01T03:10:38.295+0000] {processor.py:161} INFO - Started process (PID=1679) to work on /opt/airflow/dags/pg_dbt.py
[2025-11-01T03:10:38.312+0000] {processor.py:830} INFO - Processing file /opt/airflow/dags/pg_dbt.py for tasks to queue
[2025-11-01T03:10:38.316+0000] {logging_mixin.py:188} INFO - [2025-11-01T03:10:38.315+0000] {dagbag.py:538} INFO - Filling up the DagBag from /opt/airflow/dags/pg_dbt.py
[2025-11-01T03:10:38.436+0000] {processor.py:840} INFO - DAG(s) 'scheduled_dbt_pg_daily' retrieved from /opt/airflow/dags/pg_dbt.py
[2025-11-01T03:10:38.614+0000] {logging_mixin.py:188} INFO - [2025-11-01T03:10:38.612+0000] {dag.py:3036} INFO - Sync 1 DAGs
[2025-11-01T03:10:38.809+0000] {logging_mixin.py:188} INFO - [2025-11-01T03:10:38.809+0000] {dag.py:3823} INFO - Setting next_dagrun for scheduled_dbt_pg_daily to None, run_after=None
[2025-11-01T03:10:38.923+0000] {processor.py:183} INFO - Processing /opt/airflow/dags/pg_dbt.py took 0.647 seconds
[2025-11-01T03:11:10.688+0000] {processor.py:161} INFO - Started process (PID=1691) to work on /opt/airflow/dags/pg_dbt.py
[2025-11-01T03:11:10.692+0000] {processor.py:830} INFO - Processing file /opt/airflow/dags/pg_dbt.py for tasks to queue
[2025-11-01T03:11:10.694+0000] {logging_mixin.py:188} INFO - [2025-11-01T03:11:10.693+0000] {dagbag.py:538} INFO - Filling up the DagBag from /opt/airflow/dags/pg_dbt.py
[2025-11-01T03:11:10.770+0000] {processor.py:840} INFO - DAG(s) 'scheduled_dbt_pg_daily' retrieved from /opt/airflow/dags/pg_dbt.py
[2025-11-01T03:11:10.908+0000] {logging_mixin.py:188} INFO - [2025-11-01T03:11:10.908+0000] {dag.py:3036} INFO - Sync 1 DAGs
[2025-11-01T03:11:10.986+0000] {logging_mixin.py:188} INFO - [2025-11-01T03:11:10.985+0000] {dag.py:3823} INFO - Setting next_dagrun for scheduled_dbt_pg_daily to None, run_after=None
[2025-11-01T03:11:11.067+0000] {processor.py:183} INFO - Processing /opt/airflow/dags/pg_dbt.py took 0.390 seconds
[2025-11-01T03:11:44.044+0000] {processor.py:161} INFO - Started process (PID=1703) to work on /opt/airflow/dags/pg_dbt.py
[2025-11-01T03:11:44.053+0000] {processor.py:830} INFO - Processing file /opt/airflow/dags/pg_dbt.py for tasks to queue
[2025-11-01T03:11:44.074+0000] {logging_mixin.py:188} INFO - [2025-11-01T03:11:44.072+0000] {dagbag.py:538} INFO - Filling up the DagBag from /opt/airflow/dags/pg_dbt.py
[2025-11-01T03:11:44.178+0000] {processor.py:840} INFO - DAG(s) 'scheduled_dbt_pg_daily' retrieved from /opt/airflow/dags/pg_dbt.py
[2025-11-01T03:11:44.307+0000] {logging_mixin.py:188} INFO - [2025-11-01T03:11:44.307+0000] {dag.py:3036} INFO - Sync 1 DAGs
[2025-11-01T03:11:44.395+0000] {logging_mixin.py:188} INFO - [2025-11-01T03:11:44.394+0000] {dag.py:3823} INFO - Setting next_dagrun for scheduled_dbt_pg_daily to None, run_after=None
[2025-11-01T03:11:44.577+0000] {processor.py:183} INFO - Processing /opt/airflow/dags/pg_dbt.py took 0.550 seconds
[2025-11-01T03:12:16.229+0000] {processor.py:161} INFO - Started process (PID=1715) to work on /opt/airflow/dags/pg_dbt.py
[2025-11-01T03:12:16.235+0000] {processor.py:830} INFO - Processing file /opt/airflow/dags/pg_dbt.py for tasks to queue
[2025-11-01T03:12:16.239+0000] {logging_mixin.py:188} INFO - [2025-11-01T03:12:16.238+0000] {dagbag.py:538} INFO - Filling up the DagBag from /opt/airflow/dags/pg_dbt.py
[2025-11-01T03:12:16.305+0000] {processor.py:840} INFO - DAG(s) 'scheduled_dbt_pg_daily' retrieved from /opt/airflow/dags/pg_dbt.py
[2025-11-01T03:12:16.389+0000] {logging_mixin.py:188} INFO - [2025-11-01T03:12:16.389+0000] {dag.py:3036} INFO - Sync 1 DAGs
[2025-11-01T03:12:16.456+0000] {logging_mixin.py:188} INFO - [2025-11-01T03:12:16.455+0000] {dag.py:3823} INFO - Setting next_dagrun for scheduled_dbt_pg_daily to None, run_after=None
[2025-11-01T03:12:16.531+0000] {processor.py:183} INFO - Processing /opt/airflow/dags/pg_dbt.py took 0.317 seconds
[2025-11-01T03:12:48.839+0000] {processor.py:161} INFO - Started process (PID=1727) to work on /opt/airflow/dags/pg_dbt.py
[2025-11-01T03:12:48.843+0000] {processor.py:830} INFO - Processing file /opt/airflow/dags/pg_dbt.py for tasks to queue
[2025-11-01T03:12:48.848+0000] {logging_mixin.py:188} INFO - [2025-11-01T03:12:48.847+0000] {dagbag.py:538} INFO - Filling up the DagBag from /opt/airflow/dags/pg_dbt.py
[2025-11-01T03:12:48.951+0000] {processor.py:840} INFO - DAG(s) 'scheduled_dbt_pg_daily' retrieved from /opt/airflow/dags/pg_dbt.py
[2025-11-01T03:12:49.080+0000] {logging_mixin.py:188} INFO - [2025-11-01T03:12:49.080+0000] {dag.py:3036} INFO - Sync 1 DAGs
[2025-11-01T03:12:49.304+0000] {logging_mixin.py:188} INFO - [2025-11-01T03:12:49.303+0000] {dag.py:3823} INFO - Setting next_dagrun for scheduled_dbt_pg_daily to None, run_after=None
[2025-11-01T03:12:49.604+0000] {processor.py:183} INFO - Processing /opt/airflow/dags/pg_dbt.py took 0.777 seconds
[2025-11-01T03:13:21.385+0000] {processor.py:161} INFO - Started process (PID=1739) to work on /opt/airflow/dags/pg_dbt.py
[2025-11-01T03:13:21.392+0000] {processor.py:830} INFO - Processing file /opt/airflow/dags/pg_dbt.py for tasks to queue
[2025-11-01T03:13:21.402+0000] {logging_mixin.py:188} INFO - [2025-11-01T03:13:21.401+0000] {dagbag.py:538} INFO - Filling up the DagBag from /opt/airflow/dags/pg_dbt.py
[2025-11-01T03:13:21.460+0000] {processor.py:840} INFO - DAG(s) 'scheduled_dbt_pg_daily' retrieved from /opt/airflow/dags/pg_dbt.py
[2025-11-01T03:13:21.539+0000] {logging_mixin.py:188} INFO - [2025-11-01T03:13:21.538+0000] {dag.py:3036} INFO - Sync 1 DAGs
[2025-11-01T03:13:21.591+0000] {logging_mixin.py:188} INFO - [2025-11-01T03:13:21.590+0000] {dag.py:3823} INFO - Setting next_dagrun for scheduled_dbt_pg_daily to None, run_after=None
[2025-11-01T03:13:21.678+0000] {processor.py:183} INFO - Processing /opt/airflow/dags/pg_dbt.py took 0.302 seconds
[2025-11-01T03:13:54.957+0000] {processor.py:161} INFO - Started process (PID=1752) to work on /opt/airflow/dags/pg_dbt.py
[2025-11-01T03:13:54.961+0000] {processor.py:830} INFO - Processing file /opt/airflow/dags/pg_dbt.py for tasks to queue
[2025-11-01T03:13:54.966+0000] {logging_mixin.py:188} INFO - [2025-11-01T03:13:54.965+0000] {dagbag.py:538} INFO - Filling up the DagBag from /opt/airflow/dags/pg_dbt.py
[2025-11-01T03:13:55.035+0000] {processor.py:840} INFO - DAG(s) 'scheduled_dbt_pg_daily' retrieved from /opt/airflow/dags/pg_dbt.py
[2025-11-01T03:13:55.144+0000] {logging_mixin.py:188} INFO - [2025-11-01T03:13:55.140+0000] {dag.py:3036} INFO - Sync 1 DAGs
[2025-11-01T03:13:55.244+0000] {logging_mixin.py:188} INFO - [2025-11-01T03:13:55.243+0000] {dag.py:3823} INFO - Setting next_dagrun for scheduled_dbt_pg_daily to None, run_after=None
[2025-11-01T03:13:55.338+0000] {processor.py:183} INFO - Processing /opt/airflow/dags/pg_dbt.py took 0.435 seconds
[2025-11-01T03:14:27.130+0000] {processor.py:161} INFO - Started process (PID=1764) to work on /opt/airflow/dags/pg_dbt.py
[2025-11-01T03:14:27.132+0000] {processor.py:830} INFO - Processing file /opt/airflow/dags/pg_dbt.py for tasks to queue
[2025-11-01T03:14:27.136+0000] {logging_mixin.py:188} INFO - [2025-11-01T03:14:27.135+0000] {dagbag.py:538} INFO - Filling up the DagBag from /opt/airflow/dags/pg_dbt.py
[2025-11-01T03:14:27.191+0000] {processor.py:840} INFO - DAG(s) 'scheduled_dbt_pg_daily' retrieved from /opt/airflow/dags/pg_dbt.py
[2025-11-01T03:14:27.315+0000] {logging_mixin.py:188} INFO - [2025-11-01T03:14:27.305+0000] {dag.py:3036} INFO - Sync 1 DAGs
[2025-11-01T03:14:27.400+0000] {logging_mixin.py:188} INFO - [2025-11-01T03:14:27.399+0000] {dag.py:3823} INFO - Setting next_dagrun for scheduled_dbt_pg_daily to None, run_after=None
[2025-11-01T03:14:27.500+0000] {processor.py:183} INFO - Processing /opt/airflow/dags/pg_dbt.py took 0.383 seconds
[2025-11-01T03:15:00.020+0000] {processor.py:161} INFO - Started process (PID=1776) to work on /opt/airflow/dags/pg_dbt.py
[2025-11-01T03:15:00.023+0000] {processor.py:830} INFO - Processing file /opt/airflow/dags/pg_dbt.py for tasks to queue
[2025-11-01T03:15:00.027+0000] {logging_mixin.py:188} INFO - [2025-11-01T03:15:00.026+0000] {dagbag.py:538} INFO - Filling up the DagBag from /opt/airflow/dags/pg_dbt.py
[2025-11-01T03:15:00.082+0000] {processor.py:840} INFO - DAG(s) 'scheduled_dbt_pg_daily' retrieved from /opt/airflow/dags/pg_dbt.py
[2025-11-01T03:15:00.168+0000] {logging_mixin.py:188} INFO - [2025-11-01T03:15:00.168+0000] {dag.py:3036} INFO - Sync 1 DAGs
[2025-11-01T03:15:00.237+0000] {logging_mixin.py:188} INFO - [2025-11-01T03:15:00.237+0000] {dag.py:3823} INFO - Setting next_dagrun for scheduled_dbt_pg_daily to None, run_after=None
[2025-11-01T03:15:00.309+0000] {processor.py:183} INFO - Processing /opt/airflow/dags/pg_dbt.py took 0.306 seconds
[2025-11-01T03:15:32.978+0000] {processor.py:161} INFO - Started process (PID=1788) to work on /opt/airflow/dags/pg_dbt.py
[2025-11-01T03:15:32.982+0000] {processor.py:830} INFO - Processing file /opt/airflow/dags/pg_dbt.py for tasks to queue
[2025-11-01T03:15:32.984+0000] {logging_mixin.py:188} INFO - [2025-11-01T03:15:32.983+0000] {dagbag.py:538} INFO - Filling up the DagBag from /opt/airflow/dags/pg_dbt.py
[2025-11-01T03:15:33.057+0000] {processor.py:840} INFO - DAG(s) 'scheduled_dbt_pg_daily' retrieved from /opt/airflow/dags/pg_dbt.py
[2025-11-01T03:15:33.156+0000] {logging_mixin.py:188} INFO - [2025-11-01T03:15:33.155+0000] {dag.py:3036} INFO - Sync 1 DAGs
[2025-11-01T03:15:33.257+0000] {logging_mixin.py:188} INFO - [2025-11-01T03:15:33.256+0000] {dag.py:3823} INFO - Setting next_dagrun for scheduled_dbt_pg_daily to None, run_after=None
[2025-11-01T03:15:33.413+0000] {processor.py:183} INFO - Processing /opt/airflow/dags/pg_dbt.py took 0.450 seconds
[2025-11-01T03:16:05.909+0000] {processor.py:161} INFO - Started process (PID=1799) to work on /opt/airflow/dags/pg_dbt.py
[2025-11-01T03:16:05.913+0000] {processor.py:830} INFO - Processing file /opt/airflow/dags/pg_dbt.py for tasks to queue
[2025-11-01T03:16:05.920+0000] {logging_mixin.py:188} INFO - [2025-11-01T03:16:05.918+0000] {dagbag.py:538} INFO - Filling up the DagBag from /opt/airflow/dags/pg_dbt.py
[2025-11-01T03:16:05.975+0000] {processor.py:840} INFO - DAG(s) 'scheduled_dbt_pg_daily' retrieved from /opt/airflow/dags/pg_dbt.py
[2025-11-01T03:16:06.057+0000] {logging_mixin.py:188} INFO - [2025-11-01T03:16:06.056+0000] {dag.py:3036} INFO - Sync 1 DAGs
[2025-11-01T03:16:06.131+0000] {logging_mixin.py:188} INFO - [2025-11-01T03:16:06.130+0000] {dag.py:3823} INFO - Setting next_dagrun for scheduled_dbt_pg_daily to None, run_after=None
[2025-11-01T03:16:06.230+0000] {processor.py:183} INFO - Processing /opt/airflow/dags/pg_dbt.py took 0.338 seconds
[2025-11-01T03:16:38.487+0000] {processor.py:161} INFO - Started process (PID=1811) to work on /opt/airflow/dags/pg_dbt.py
[2025-11-01T03:16:38.495+0000] {processor.py:830} INFO - Processing file /opt/airflow/dags/pg_dbt.py for tasks to queue
[2025-11-01T03:16:38.499+0000] {logging_mixin.py:188} INFO - [2025-11-01T03:16:38.498+0000] {dagbag.py:538} INFO - Filling up the DagBag from /opt/airflow/dags/pg_dbt.py
[2025-11-01T03:16:38.627+0000] {processor.py:840} INFO - DAG(s) 'scheduled_dbt_pg_daily' retrieved from /opt/airflow/dags/pg_dbt.py
[2025-11-01T03:16:38.881+0000] {logging_mixin.py:188} INFO - [2025-11-01T03:16:38.880+0000] {dag.py:3036} INFO - Sync 1 DAGs
[2025-11-01T03:16:39.086+0000] {logging_mixin.py:188} INFO - [2025-11-01T03:16:39.086+0000] {dag.py:3823} INFO - Setting next_dagrun for scheduled_dbt_pg_daily to None, run_after=None
[2025-11-01T03:16:39.313+0000] {processor.py:183} INFO - Processing /opt/airflow/dags/pg_dbt.py took 0.841 seconds
[2025-11-01T03:17:10.753+0000] {processor.py:161} INFO - Started process (PID=1824) to work on /opt/airflow/dags/pg_dbt.py
[2025-11-01T03:17:10.758+0000] {processor.py:830} INFO - Processing file /opt/airflow/dags/pg_dbt.py for tasks to queue
[2025-11-01T03:17:10.765+0000] {logging_mixin.py:188} INFO - [2025-11-01T03:17:10.763+0000] {dagbag.py:538} INFO - Filling up the DagBag from /opt/airflow/dags/pg_dbt.py
[2025-11-01T03:17:10.957+0000] {processor.py:840} INFO - DAG(s) 'scheduled_dbt_pg_daily' retrieved from /opt/airflow/dags/pg_dbt.py
[2025-11-01T03:17:11.097+0000] {logging_mixin.py:188} INFO - [2025-11-01T03:17:11.096+0000] {dag.py:3036} INFO - Sync 1 DAGs
[2025-11-01T03:17:11.182+0000] {logging_mixin.py:188} INFO - [2025-11-01T03:17:11.182+0000] {dag.py:3823} INFO - Setting next_dagrun for scheduled_dbt_pg_daily to None, run_after=None
[2025-11-01T03:17:11.307+0000] {processor.py:183} INFO - Processing /opt/airflow/dags/pg_dbt.py took 0.566 seconds
[2025-11-01T03:17:43.719+0000] {processor.py:161} INFO - Started process (PID=1836) to work on /opt/airflow/dags/pg_dbt.py
[2025-11-01T03:17:43.722+0000] {processor.py:830} INFO - Processing file /opt/airflow/dags/pg_dbt.py for tasks to queue
[2025-11-01T03:17:43.728+0000] {logging_mixin.py:188} INFO - [2025-11-01T03:17:43.727+0000] {dagbag.py:538} INFO - Filling up the DagBag from /opt/airflow/dags/pg_dbt.py
[2025-11-01T03:17:43.802+0000] {processor.py:840} INFO - DAG(s) 'scheduled_dbt_pg_daily' retrieved from /opt/airflow/dags/pg_dbt.py
[2025-11-01T03:17:44.083+0000] {logging_mixin.py:188} INFO - [2025-11-01T03:17:44.083+0000] {dag.py:3036} INFO - Sync 1 DAGs
[2025-11-01T03:17:44.197+0000] {logging_mixin.py:188} INFO - [2025-11-01T03:17:44.196+0000] {dag.py:3823} INFO - Setting next_dagrun for scheduled_dbt_pg_daily to None, run_after=None
[2025-11-01T03:17:44.364+0000] {processor.py:183} INFO - Processing /opt/airflow/dags/pg_dbt.py took 0.653 seconds
[2025-11-01T03:18:16.716+0000] {processor.py:161} INFO - Started process (PID=1848) to work on /opt/airflow/dags/pg_dbt.py
[2025-11-01T03:18:16.719+0000] {processor.py:830} INFO - Processing file /opt/airflow/dags/pg_dbt.py for tasks to queue
[2025-11-01T03:18:16.723+0000] {logging_mixin.py:188} INFO - [2025-11-01T03:18:16.722+0000] {dagbag.py:538} INFO - Filling up the DagBag from /opt/airflow/dags/pg_dbt.py
[2025-11-01T03:18:16.764+0000] {processor.py:840} INFO - DAG(s) 'scheduled_dbt_pg_daily' retrieved from /opt/airflow/dags/pg_dbt.py
[2025-11-01T03:18:16.829+0000] {logging_mixin.py:188} INFO - [2025-11-01T03:18:16.828+0000] {dag.py:3036} INFO - Sync 1 DAGs
[2025-11-01T03:18:16.878+0000] {logging_mixin.py:188} INFO - [2025-11-01T03:18:16.878+0000] {dag.py:3823} INFO - Setting next_dagrun for scheduled_dbt_pg_daily to None, run_after=None
[2025-11-01T03:18:16.945+0000] {processor.py:183} INFO - Processing /opt/airflow/dags/pg_dbt.py took 0.240 seconds
[2025-11-01T03:18:49.283+0000] {processor.py:161} INFO - Started process (PID=1859) to work on /opt/airflow/dags/pg_dbt.py
[2025-11-01T03:18:49.286+0000] {processor.py:830} INFO - Processing file /opt/airflow/dags/pg_dbt.py for tasks to queue
[2025-11-01T03:18:49.288+0000] {logging_mixin.py:188} INFO - [2025-11-01T03:18:49.288+0000] {dagbag.py:538} INFO - Filling up the DagBag from /opt/airflow/dags/pg_dbt.py
[2025-11-01T03:18:49.347+0000] {processor.py:840} INFO - DAG(s) 'scheduled_dbt_pg_daily' retrieved from /opt/airflow/dags/pg_dbt.py
[2025-11-01T03:18:49.458+0000] {logging_mixin.py:188} INFO - [2025-11-01T03:18:49.458+0000] {dag.py:3036} INFO - Sync 1 DAGs
[2025-11-01T03:18:49.520+0000] {logging_mixin.py:188} INFO - [2025-11-01T03:18:49.520+0000] {dag.py:3823} INFO - Setting next_dagrun for scheduled_dbt_pg_daily to None, run_after=None
[2025-11-01T03:18:49.616+0000] {processor.py:183} INFO - Processing /opt/airflow/dags/pg_dbt.py took 0.346 seconds
[2025-11-01T03:19:21.748+0000] {processor.py:161} INFO - Started process (PID=1871) to work on /opt/airflow/dags/pg_dbt.py
[2025-11-01T03:19:21.752+0000] {processor.py:830} INFO - Processing file /opt/airflow/dags/pg_dbt.py for tasks to queue
[2025-11-01T03:19:21.756+0000] {logging_mixin.py:188} INFO - [2025-11-01T03:19:21.755+0000] {dagbag.py:538} INFO - Filling up the DagBag from /opt/airflow/dags/pg_dbt.py
[2025-11-01T03:19:21.802+0000] {processor.py:840} INFO - DAG(s) 'scheduled_dbt_pg_daily' retrieved from /opt/airflow/dags/pg_dbt.py
[2025-11-01T03:19:21.908+0000] {logging_mixin.py:188} INFO - [2025-11-01T03:19:21.907+0000] {dag.py:3036} INFO - Sync 1 DAGs
[2025-11-01T03:19:21.973+0000] {logging_mixin.py:188} INFO - [2025-11-01T03:19:21.973+0000] {dag.py:3823} INFO - Setting next_dagrun for scheduled_dbt_pg_daily to None, run_after=None
[2025-11-01T03:19:22.052+0000] {processor.py:183} INFO - Processing /opt/airflow/dags/pg_dbt.py took 0.321 seconds
[2025-11-01T03:19:54.345+0000] {processor.py:161} INFO - Started process (PID=1883) to work on /opt/airflow/dags/pg_dbt.py
[2025-11-01T03:19:54.349+0000] {processor.py:830} INFO - Processing file /opt/airflow/dags/pg_dbt.py for tasks to queue
[2025-11-01T03:19:54.353+0000] {logging_mixin.py:188} INFO - [2025-11-01T03:19:54.352+0000] {dagbag.py:538} INFO - Filling up the DagBag from /opt/airflow/dags/pg_dbt.py
[2025-11-01T03:19:54.429+0000] {processor.py:840} INFO - DAG(s) 'scheduled_dbt_pg_daily' retrieved from /opt/airflow/dags/pg_dbt.py
[2025-11-01T03:19:54.530+0000] {logging_mixin.py:188} INFO - [2025-11-01T03:19:54.527+0000] {dag.py:3036} INFO - Sync 1 DAGs
[2025-11-01T03:19:54.608+0000] {logging_mixin.py:188} INFO - [2025-11-01T03:19:54.607+0000] {dag.py:3823} INFO - Setting next_dagrun for scheduled_dbt_pg_daily to None, run_after=None
[2025-11-01T03:19:54.743+0000] {processor.py:183} INFO - Processing /opt/airflow/dags/pg_dbt.py took 0.412 seconds
[2025-11-01T03:20:27.302+0000] {processor.py:161} INFO - Started process (PID=1895) to work on /opt/airflow/dags/pg_dbt.py
[2025-11-01T03:20:27.304+0000] {processor.py:830} INFO - Processing file /opt/airflow/dags/pg_dbt.py for tasks to queue
[2025-11-01T03:20:27.307+0000] {logging_mixin.py:188} INFO - [2025-11-01T03:20:27.306+0000] {dagbag.py:538} INFO - Filling up the DagBag from /opt/airflow/dags/pg_dbt.py
[2025-11-01T03:20:27.353+0000] {processor.py:840} INFO - DAG(s) 'scheduled_dbt_pg_daily' retrieved from /opt/airflow/dags/pg_dbt.py
[2025-11-01T03:20:27.439+0000] {logging_mixin.py:188} INFO - [2025-11-01T03:20:27.439+0000] {dag.py:3036} INFO - Sync 1 DAGs
[2025-11-01T03:20:27.522+0000] {logging_mixin.py:188} INFO - [2025-11-01T03:20:27.516+0000] {dag.py:3823} INFO - Setting next_dagrun for scheduled_dbt_pg_daily to None, run_after=None
[2025-11-01T03:20:27.610+0000] {processor.py:183} INFO - Processing /opt/airflow/dags/pg_dbt.py took 0.319 seconds
[2025-11-01T03:20:59.628+0000] {processor.py:161} INFO - Started process (PID=1907) to work on /opt/airflow/dags/pg_dbt.py
[2025-11-01T03:20:59.640+0000] {processor.py:830} INFO - Processing file /opt/airflow/dags/pg_dbt.py for tasks to queue
[2025-11-01T03:20:59.652+0000] {logging_mixin.py:188} INFO - [2025-11-01T03:20:59.646+0000] {dagbag.py:538} INFO - Filling up the DagBag from /opt/airflow/dags/pg_dbt.py
[2025-11-01T03:20:59.708+0000] {processor.py:840} INFO - DAG(s) 'scheduled_dbt_pg_daily' retrieved from /opt/airflow/dags/pg_dbt.py
[2025-11-01T03:20:59.792+0000] {logging_mixin.py:188} INFO - [2025-11-01T03:20:59.792+0000] {dag.py:3036} INFO - Sync 1 DAGs
[2025-11-01T03:20:59.857+0000] {logging_mixin.py:188} INFO - [2025-11-01T03:20:59.856+0000] {dag.py:3823} INFO - Setting next_dagrun for scheduled_dbt_pg_daily to None, run_after=None
[2025-11-01T03:20:59.971+0000] {processor.py:183} INFO - Processing /opt/airflow/dags/pg_dbt.py took 0.355 seconds
[2025-11-01T03:21:32.338+0000] {processor.py:161} INFO - Started process (PID=1919) to work on /opt/airflow/dags/pg_dbt.py
[2025-11-01T03:21:32.342+0000] {processor.py:830} INFO - Processing file /opt/airflow/dags/pg_dbt.py for tasks to queue
[2025-11-01T03:21:32.347+0000] {logging_mixin.py:188} INFO - [2025-11-01T03:21:32.345+0000] {dagbag.py:538} INFO - Filling up the DagBag from /opt/airflow/dags/pg_dbt.py
[2025-11-01T03:21:32.388+0000] {processor.py:840} INFO - DAG(s) 'scheduled_dbt_pg_daily' retrieved from /opt/airflow/dags/pg_dbt.py
[2025-11-01T03:21:32.465+0000] {logging_mixin.py:188} INFO - [2025-11-01T03:21:32.464+0000] {dag.py:3036} INFO - Sync 1 DAGs
[2025-11-01T03:21:32.525+0000] {logging_mixin.py:188} INFO - [2025-11-01T03:21:32.524+0000] {dag.py:3823} INFO - Setting next_dagrun for scheduled_dbt_pg_daily to None, run_after=None
[2025-11-01T03:21:32.607+0000] {processor.py:183} INFO - Processing /opt/airflow/dags/pg_dbt.py took 0.280 seconds
[2025-11-01T03:22:05.613+0000] {processor.py:161} INFO - Started process (PID=1931) to work on /opt/airflow/dags/pg_dbt.py
[2025-11-01T03:22:05.616+0000] {processor.py:830} INFO - Processing file /opt/airflow/dags/pg_dbt.py for tasks to queue
[2025-11-01T03:22:05.622+0000] {logging_mixin.py:188} INFO - [2025-11-01T03:22:05.621+0000] {dagbag.py:538} INFO - Filling up the DagBag from /opt/airflow/dags/pg_dbt.py
[2025-11-01T03:22:05.666+0000] {processor.py:840} INFO - DAG(s) 'scheduled_dbt_pg_daily' retrieved from /opt/airflow/dags/pg_dbt.py
[2025-11-01T03:22:05.725+0000] {logging_mixin.py:188} INFO - [2025-11-01T03:22:05.725+0000] {dag.py:3036} INFO - Sync 1 DAGs
[2025-11-01T03:22:05.777+0000] {logging_mixin.py:188} INFO - [2025-11-01T03:22:05.777+0000] {dag.py:3823} INFO - Setting next_dagrun for scheduled_dbt_pg_daily to None, run_after=None
[2025-11-01T03:22:05.862+0000] {processor.py:183} INFO - Processing /opt/airflow/dags/pg_dbt.py took 0.260 seconds
[2025-11-01T03:22:38.408+0000] {processor.py:161} INFO - Started process (PID=1943) to work on /opt/airflow/dags/pg_dbt.py
[2025-11-01T03:22:38.414+0000] {processor.py:830} INFO - Processing file /opt/airflow/dags/pg_dbt.py for tasks to queue
[2025-11-01T03:22:38.425+0000] {logging_mixin.py:188} INFO - [2025-11-01T03:22:38.424+0000] {dagbag.py:538} INFO - Filling up the DagBag from /opt/airflow/dags/pg_dbt.py
[2025-11-01T03:22:38.506+0000] {processor.py:840} INFO - DAG(s) 'scheduled_dbt_pg_daily' retrieved from /opt/airflow/dags/pg_dbt.py
[2025-11-01T03:22:38.713+0000] {logging_mixin.py:188} INFO - [2025-11-01T03:22:38.712+0000] {dag.py:3036} INFO - Sync 1 DAGs
[2025-11-01T03:22:38.821+0000] {logging_mixin.py:188} INFO - [2025-11-01T03:22:38.815+0000] {dag.py:3823} INFO - Setting next_dagrun for scheduled_dbt_pg_daily to None, run_after=None
[2025-11-01T03:22:38.973+0000] {processor.py:183} INFO - Processing /opt/airflow/dags/pg_dbt.py took 0.582 seconds
[2025-11-01T03:23:10.855+0000] {processor.py:161} INFO - Started process (PID=1955) to work on /opt/airflow/dags/pg_dbt.py
[2025-11-01T03:23:10.858+0000] {processor.py:830} INFO - Processing file /opt/airflow/dags/pg_dbt.py for tasks to queue
[2025-11-01T03:23:10.860+0000] {logging_mixin.py:188} INFO - [2025-11-01T03:23:10.860+0000] {dagbag.py:538} INFO - Filling up the DagBag from /opt/airflow/dags/pg_dbt.py
[2025-11-01T03:23:10.992+0000] {processor.py:840} INFO - DAG(s) 'scheduled_dbt_pg_daily' retrieved from /opt/airflow/dags/pg_dbt.py
[2025-11-01T03:23:11.117+0000] {logging_mixin.py:188} INFO - [2025-11-01T03:23:11.116+0000] {dag.py:3036} INFO - Sync 1 DAGs
[2025-11-01T03:23:11.224+0000] {logging_mixin.py:188} INFO - [2025-11-01T03:23:11.224+0000] {dag.py:3823} INFO - Setting next_dagrun for scheduled_dbt_pg_daily to None, run_after=None
[2025-11-01T03:23:11.394+0000] {processor.py:183} INFO - Processing /opt/airflow/dags/pg_dbt.py took 0.549 seconds
[2025-11-01T03:23:43.943+0000] {processor.py:161} INFO - Started process (PID=1967) to work on /opt/airflow/dags/pg_dbt.py
[2025-11-01T03:23:43.948+0000] {processor.py:830} INFO - Processing file /opt/airflow/dags/pg_dbt.py for tasks to queue
[2025-11-01T03:23:43.952+0000] {logging_mixin.py:188} INFO - [2025-11-01T03:23:43.951+0000] {dagbag.py:538} INFO - Filling up the DagBag from /opt/airflow/dags/pg_dbt.py
[2025-11-01T03:23:44.007+0000] {processor.py:840} INFO - DAG(s) 'scheduled_dbt_pg_daily' retrieved from /opt/airflow/dags/pg_dbt.py
[2025-11-01T03:23:44.109+0000] {logging_mixin.py:188} INFO - [2025-11-01T03:23:44.109+0000] {dag.py:3036} INFO - Sync 1 DAGs
[2025-11-01T03:23:44.180+0000] {logging_mixin.py:188} INFO - [2025-11-01T03:23:44.180+0000] {dag.py:3823} INFO - Setting next_dagrun for scheduled_dbt_pg_daily to None, run_after=None
[2025-11-01T03:23:44.243+0000] {processor.py:183} INFO - Processing /opt/airflow/dags/pg_dbt.py took 0.310 seconds
[2025-11-01T03:24:16.378+0000] {processor.py:161} INFO - Started process (PID=1979) to work on /opt/airflow/dags/pg_dbt.py
[2025-11-01T03:24:16.381+0000] {processor.py:830} INFO - Processing file /opt/airflow/dags/pg_dbt.py for tasks to queue
[2025-11-01T03:24:16.386+0000] {logging_mixin.py:188} INFO - [2025-11-01T03:24:16.383+0000] {dagbag.py:538} INFO - Filling up the DagBag from /opt/airflow/dags/pg_dbt.py
[2025-11-01T03:24:16.446+0000] {processor.py:840} INFO - DAG(s) 'scheduled_dbt_pg_daily' retrieved from /opt/airflow/dags/pg_dbt.py
[2025-11-01T03:24:16.575+0000] {logging_mixin.py:188} INFO - [2025-11-01T03:24:16.574+0000] {dag.py:3036} INFO - Sync 1 DAGs
[2025-11-01T03:24:16.666+0000] {logging_mixin.py:188} INFO - [2025-11-01T03:24:16.665+0000] {dag.py:3823} INFO - Setting next_dagrun for scheduled_dbt_pg_daily to None, run_after=None
[2025-11-01T03:24:16.756+0000] {processor.py:183} INFO - Processing /opt/airflow/dags/pg_dbt.py took 0.388 seconds
[2025-11-01T03:24:48.862+0000] {processor.py:161} INFO - Started process (PID=1991) to work on /opt/airflow/dags/pg_dbt.py
[2025-11-01T03:24:48.875+0000] {processor.py:830} INFO - Processing file /opt/airflow/dags/pg_dbt.py for tasks to queue
[2025-11-01T03:24:48.881+0000] {logging_mixin.py:188} INFO - [2025-11-01T03:24:48.879+0000] {dagbag.py:538} INFO - Filling up the DagBag from /opt/airflow/dags/pg_dbt.py
[2025-11-01T03:24:48.954+0000] {processor.py:840} INFO - DAG(s) 'scheduled_dbt_pg_daily' retrieved from /opt/airflow/dags/pg_dbt.py
[2025-11-01T03:24:49.122+0000] {logging_mixin.py:188} INFO - [2025-11-01T03:24:49.121+0000] {dag.py:3036} INFO - Sync 1 DAGs
[2025-11-01T03:24:49.282+0000] {logging_mixin.py:188} INFO - [2025-11-01T03:24:49.282+0000] {dag.py:3823} INFO - Setting next_dagrun for scheduled_dbt_pg_daily to None, run_after=None
[2025-11-01T03:24:49.503+0000] {processor.py:183} INFO - Processing /opt/airflow/dags/pg_dbt.py took 0.668 seconds
[2025-11-01T03:25:22.384+0000] {processor.py:161} INFO - Started process (PID=2003) to work on /opt/airflow/dags/pg_dbt.py
[2025-11-01T03:25:22.387+0000] {processor.py:830} INFO - Processing file /opt/airflow/dags/pg_dbt.py for tasks to queue
[2025-11-01T03:25:22.391+0000] {logging_mixin.py:188} INFO - [2025-11-01T03:25:22.390+0000] {dagbag.py:538} INFO - Filling up the DagBag from /opt/airflow/dags/pg_dbt.py
[2025-11-01T03:25:22.449+0000] {processor.py:840} INFO - DAG(s) 'scheduled_dbt_pg_daily' retrieved from /opt/airflow/dags/pg_dbt.py
[2025-11-01T03:25:22.518+0000] {logging_mixin.py:188} INFO - [2025-11-01T03:25:22.518+0000] {dag.py:3036} INFO - Sync 1 DAGs
[2025-11-01T03:25:22.586+0000] {logging_mixin.py:188} INFO - [2025-11-01T03:25:22.585+0000] {dag.py:3823} INFO - Setting next_dagrun for scheduled_dbt_pg_daily to None, run_after=None
[2025-11-01T03:25:22.649+0000] {processor.py:183} INFO - Processing /opt/airflow/dags/pg_dbt.py took 0.272 seconds
[2025-11-01T03:25:54.996+0000] {processor.py:161} INFO - Started process (PID=2015) to work on /opt/airflow/dags/pg_dbt.py
[2025-11-01T03:25:55.001+0000] {processor.py:830} INFO - Processing file /opt/airflow/dags/pg_dbt.py for tasks to queue
[2025-11-01T03:25:55.007+0000] {logging_mixin.py:188} INFO - [2025-11-01T03:25:55.004+0000] {dagbag.py:538} INFO - Filling up the DagBag from /opt/airflow/dags/pg_dbt.py
[2025-11-01T03:25:55.075+0000] {processor.py:840} INFO - DAG(s) 'scheduled_dbt_pg_daily' retrieved from /opt/airflow/dags/pg_dbt.py
[2025-11-01T03:25:55.178+0000] {logging_mixin.py:188} INFO - [2025-11-01T03:25:55.177+0000] {dag.py:3036} INFO - Sync 1 DAGs
[2025-11-01T03:25:55.251+0000] {logging_mixin.py:188} INFO - [2025-11-01T03:25:55.249+0000] {dag.py:3823} INFO - Setting next_dagrun for scheduled_dbt_pg_daily to None, run_after=None
[2025-11-01T03:25:55.367+0000] {processor.py:183} INFO - Processing /opt/airflow/dags/pg_dbt.py took 0.391 seconds
[2025-11-01T03:26:26.999+0000] {processor.py:161} INFO - Started process (PID=2028) to work on /opt/airflow/dags/pg_dbt.py
[2025-11-01T03:26:27.002+0000] {processor.py:830} INFO - Processing file /opt/airflow/dags/pg_dbt.py for tasks to queue
[2025-11-01T03:26:27.006+0000] {logging_mixin.py:188} INFO - [2025-11-01T03:26:27.005+0000] {dagbag.py:538} INFO - Filling up the DagBag from /opt/airflow/dags/pg_dbt.py
[2025-11-01T03:26:27.064+0000] {processor.py:840} INFO - DAG(s) 'scheduled_dbt_pg_daily' retrieved from /opt/airflow/dags/pg_dbt.py
[2025-11-01T03:26:27.161+0000] {logging_mixin.py:188} INFO - [2025-11-01T03:26:27.161+0000] {dag.py:3036} INFO - Sync 1 DAGs
[2025-11-01T03:26:27.268+0000] {logging_mixin.py:188} INFO - [2025-11-01T03:26:27.268+0000] {dag.py:3823} INFO - Setting next_dagrun for scheduled_dbt_pg_daily to None, run_after=None
[2025-11-01T03:26:27.354+0000] {processor.py:183} INFO - Processing /opt/airflow/dags/pg_dbt.py took 0.366 seconds
[2025-11-01T03:26:59.986+0000] {processor.py:161} INFO - Started process (PID=2040) to work on /opt/airflow/dags/pg_dbt.py
[2025-11-01T03:26:59.988+0000] {processor.py:830} INFO - Processing file /opt/airflow/dags/pg_dbt.py for tasks to queue
[2025-11-01T03:26:59.992+0000] {logging_mixin.py:188} INFO - [2025-11-01T03:26:59.991+0000] {dagbag.py:538} INFO - Filling up the DagBag from /opt/airflow/dags/pg_dbt.py
[2025-11-01T03:27:00.035+0000] {processor.py:840} INFO - DAG(s) 'scheduled_dbt_pg_daily' retrieved from /opt/airflow/dags/pg_dbt.py
[2025-11-01T03:27:00.166+0000] {logging_mixin.py:188} INFO - [2025-11-01T03:27:00.165+0000] {dag.py:3036} INFO - Sync 1 DAGs
[2025-11-01T03:27:00.234+0000] {logging_mixin.py:188} INFO - [2025-11-01T03:27:00.233+0000] {dag.py:3823} INFO - Setting next_dagrun for scheduled_dbt_pg_daily to None, run_after=None
[2025-11-01T03:27:00.372+0000] {processor.py:183} INFO - Processing /opt/airflow/dags/pg_dbt.py took 0.396 seconds
[2025-11-01T03:27:32.527+0000] {processor.py:161} INFO - Started process (PID=2052) to work on /opt/airflow/dags/pg_dbt.py
[2025-11-01T03:27:32.530+0000] {processor.py:830} INFO - Processing file /opt/airflow/dags/pg_dbt.py for tasks to queue
[2025-11-01T03:27:32.532+0000] {logging_mixin.py:188} INFO - [2025-11-01T03:27:32.532+0000] {dagbag.py:538} INFO - Filling up the DagBag from /opt/airflow/dags/pg_dbt.py
[2025-11-01T03:27:32.586+0000] {processor.py:840} INFO - DAG(s) 'scheduled_dbt_pg_daily' retrieved from /opt/airflow/dags/pg_dbt.py
[2025-11-01T03:27:32.659+0000] {logging_mixin.py:188} INFO - [2025-11-01T03:27:32.658+0000] {dag.py:3036} INFO - Sync 1 DAGs
[2025-11-01T03:27:32.699+0000] {logging_mixin.py:188} INFO - [2025-11-01T03:27:32.699+0000] {dag.py:3823} INFO - Setting next_dagrun for scheduled_dbt_pg_daily to None, run_after=None
[2025-11-01T03:27:32.750+0000] {processor.py:183} INFO - Processing /opt/airflow/dags/pg_dbt.py took 0.233 seconds
[2025-11-01T03:28:05.242+0000] {processor.py:161} INFO - Started process (PID=2063) to work on /opt/airflow/dags/pg_dbt.py
[2025-11-01T03:28:05.245+0000] {processor.py:830} INFO - Processing file /opt/airflow/dags/pg_dbt.py for tasks to queue
[2025-11-01T03:28:05.247+0000] {logging_mixin.py:188} INFO - [2025-11-01T03:28:05.246+0000] {dagbag.py:538} INFO - Filling up the DagBag from /opt/airflow/dags/pg_dbt.py
[2025-11-01T03:28:05.307+0000] {processor.py:840} INFO - DAG(s) 'scheduled_dbt_pg_daily' retrieved from /opt/airflow/dags/pg_dbt.py
[2025-11-01T03:28:05.468+0000] {logging_mixin.py:188} INFO - [2025-11-01T03:28:05.462+0000] {dag.py:3036} INFO - Sync 1 DAGs
[2025-11-01T03:28:05.573+0000] {logging_mixin.py:188} INFO - [2025-11-01T03:28:05.573+0000] {dag.py:3823} INFO - Setting next_dagrun for scheduled_dbt_pg_daily to None, run_after=None
[2025-11-01T03:28:06.247+0000] {processor.py:183} INFO - Processing /opt/airflow/dags/pg_dbt.py took 1.020 seconds
[2025-11-01T03:28:38.393+0000] {processor.py:161} INFO - Started process (PID=2075) to work on /opt/airflow/dags/pg_dbt.py
[2025-11-01T03:28:38.398+0000] {processor.py:830} INFO - Processing file /opt/airflow/dags/pg_dbt.py for tasks to queue
[2025-11-01T03:28:38.404+0000] {logging_mixin.py:188} INFO - [2025-11-01T03:28:38.403+0000] {dagbag.py:538} INFO - Filling up the DagBag from /opt/airflow/dags/pg_dbt.py
[2025-11-01T03:28:38.865+0000] {processor.py:840} INFO - DAG(s) 'scheduled_dbt_pg_daily' retrieved from /opt/airflow/dags/pg_dbt.py
[2025-11-01T03:28:39.193+0000] {logging_mixin.py:188} INFO - [2025-11-01T03:28:39.193+0000] {dag.py:3036} INFO - Sync 1 DAGs
[2025-11-01T03:28:39.542+0000] {logging_mixin.py:188} INFO - [2025-11-01T03:28:39.542+0000] {dag.py:3823} INFO - Setting next_dagrun for scheduled_dbt_pg_daily to None, run_after=None
[2025-11-01T03:28:39.621+0000] {processor.py:183} INFO - Processing /opt/airflow/dags/pg_dbt.py took 1.255 seconds
[2025-11-01T03:29:10.709+0000] {processor.py:161} INFO - Started process (PID=2087) to work on /opt/airflow/dags/pg_dbt.py
[2025-11-01T03:29:10.719+0000] {processor.py:830} INFO - Processing file /opt/airflow/dags/pg_dbt.py for tasks to queue
[2025-11-01T03:29:10.723+0000] {logging_mixin.py:188} INFO - [2025-11-01T03:29:10.721+0000] {dagbag.py:538} INFO - Filling up the DagBag from /opt/airflow/dags/pg_dbt.py
[2025-11-01T03:29:10.772+0000] {processor.py:840} INFO - DAG(s) 'scheduled_dbt_pg_daily' retrieved from /opt/airflow/dags/pg_dbt.py
[2025-11-01T03:29:10.896+0000] {logging_mixin.py:188} INFO - [2025-11-01T03:29:10.895+0000] {dag.py:3036} INFO - Sync 1 DAGs
[2025-11-01T03:29:10.990+0000] {logging_mixin.py:188} INFO - [2025-11-01T03:29:10.989+0000] {dag.py:3823} INFO - Setting next_dagrun for scheduled_dbt_pg_daily to None, run_after=None
[2025-11-01T03:29:11.353+0000] {processor.py:183} INFO - Processing /opt/airflow/dags/pg_dbt.py took 0.653 seconds
[2025-11-01T03:29:43.503+0000] {processor.py:161} INFO - Started process (PID=2099) to work on /opt/airflow/dags/pg_dbt.py
[2025-11-01T03:29:43.507+0000] {processor.py:830} INFO - Processing file /opt/airflow/dags/pg_dbt.py for tasks to queue
[2025-11-01T03:29:43.509+0000] {logging_mixin.py:188} INFO - [2025-11-01T03:29:43.508+0000] {dagbag.py:538} INFO - Filling up the DagBag from /opt/airflow/dags/pg_dbt.py
[2025-11-01T03:29:43.545+0000] {processor.py:840} INFO - DAG(s) 'scheduled_dbt_pg_daily' retrieved from /opt/airflow/dags/pg_dbt.py
[2025-11-01T03:29:43.642+0000] {logging_mixin.py:188} INFO - [2025-11-01T03:29:43.642+0000] {dag.py:3036} INFO - Sync 1 DAGs
[2025-11-01T03:29:43.713+0000] {logging_mixin.py:188} INFO - [2025-11-01T03:29:43.713+0000] {dag.py:3823} INFO - Setting next_dagrun for scheduled_dbt_pg_daily to None, run_after=None
[2025-11-01T03:29:43.808+0000] {processor.py:183} INFO - Processing /opt/airflow/dags/pg_dbt.py took 0.316 seconds
[2025-11-01T03:30:16.359+0000] {processor.py:161} INFO - Started process (PID=2111) to work on /opt/airflow/dags/pg_dbt.py
[2025-11-01T03:30:16.363+0000] {processor.py:830} INFO - Processing file /opt/airflow/dags/pg_dbt.py for tasks to queue
[2025-11-01T03:30:16.367+0000] {logging_mixin.py:188} INFO - [2025-11-01T03:30:16.365+0000] {dagbag.py:538} INFO - Filling up the DagBag from /opt/airflow/dags/pg_dbt.py
[2025-11-01T03:30:16.439+0000] {processor.py:840} INFO - DAG(s) 'scheduled_dbt_pg_daily' retrieved from /opt/airflow/dags/pg_dbt.py
[2025-11-01T03:30:16.522+0000] {logging_mixin.py:188} INFO - [2025-11-01T03:30:16.521+0000] {dag.py:3036} INFO - Sync 1 DAGs
[2025-11-01T03:30:16.621+0000] {logging_mixin.py:188} INFO - [2025-11-01T03:30:16.620+0000] {dag.py:3823} INFO - Setting next_dagrun for scheduled_dbt_pg_daily to None, run_after=None
[2025-11-01T03:30:16.706+0000] {processor.py:183} INFO - Processing /opt/airflow/dags/pg_dbt.py took 0.368 seconds
[2025-11-01T03:30:53.073+0000] {processor.py:161} INFO - Started process (PID=2123) to work on /opt/airflow/dags/pg_dbt.py
[2025-11-01T03:30:53.078+0000] {processor.py:830} INFO - Processing file /opt/airflow/dags/pg_dbt.py for tasks to queue
[2025-11-01T03:30:53.093+0000] {logging_mixin.py:188} INFO - [2025-11-01T03:30:53.092+0000] {dagbag.py:538} INFO - Filling up the DagBag from /opt/airflow/dags/pg_dbt.py
[2025-11-01T03:30:53.207+0000] {processor.py:840} INFO - DAG(s) 'scheduled_dbt_pg_daily' retrieved from /opt/airflow/dags/pg_dbt.py
[2025-11-01T03:30:53.375+0000] {logging_mixin.py:188} INFO - [2025-11-01T03:30:53.373+0000] {dag.py:3036} INFO - Sync 1 DAGs
[2025-11-01T03:30:53.496+0000] {logging_mixin.py:188} INFO - [2025-11-01T03:30:53.494+0000] {dag.py:3823} INFO - Setting next_dagrun for scheduled_dbt_pg_daily to None, run_after=None
[2025-11-01T03:30:53.690+0000] {processor.py:183} INFO - Processing /opt/airflow/dags/pg_dbt.py took 0.637 seconds
[2025-11-01T03:31:23.894+0000] {processor.py:161} INFO - Started process (PID=2135) to work on /opt/airflow/dags/pg_dbt.py
[2025-11-01T03:31:23.912+0000] {processor.py:830} INFO - Processing file /opt/airflow/dags/pg_dbt.py for tasks to queue
[2025-11-01T03:31:23.916+0000] {logging_mixin.py:188} INFO - [2025-11-01T03:31:23.915+0000] {dagbag.py:538} INFO - Filling up the DagBag from /opt/airflow/dags/pg_dbt.py
[2025-11-01T03:31:23.988+0000] {processor.py:840} INFO - DAG(s) 'scheduled_dbt_pg_daily' retrieved from /opt/airflow/dags/pg_dbt.py
[2025-11-01T03:31:24.099+0000] {logging_mixin.py:188} INFO - [2025-11-01T03:31:24.098+0000] {dag.py:3036} INFO - Sync 1 DAGs
[2025-11-01T03:31:24.145+0000] {logging_mixin.py:188} INFO - [2025-11-01T03:31:24.145+0000] {dag.py:3823} INFO - Setting next_dagrun for scheduled_dbt_pg_daily to None, run_after=None
[2025-11-01T03:31:24.203+0000] {processor.py:183} INFO - Processing /opt/airflow/dags/pg_dbt.py took 0.326 seconds
[2025-11-01T03:31:55.214+0000] {processor.py:161} INFO - Started process (PID=2147) to work on /opt/airflow/dags/pg_dbt.py
[2025-11-01T03:31:55.218+0000] {processor.py:830} INFO - Processing file /opt/airflow/dags/pg_dbt.py for tasks to queue
[2025-11-01T03:31:55.224+0000] {logging_mixin.py:188} INFO - [2025-11-01T03:31:55.223+0000] {dagbag.py:538} INFO - Filling up the DagBag from /opt/airflow/dags/pg_dbt.py
[2025-11-01T03:31:55.274+0000] {processor.py:840} INFO - DAG(s) 'scheduled_dbt_pg_daily' retrieved from /opt/airflow/dags/pg_dbt.py
[2025-11-01T03:31:55.350+0000] {logging_mixin.py:188} INFO - [2025-11-01T03:31:55.349+0000] {dag.py:3036} INFO - Sync 1 DAGs
[2025-11-01T03:31:55.414+0000] {logging_mixin.py:188} INFO - [2025-11-01T03:31:55.414+0000] {dag.py:3823} INFO - Setting next_dagrun for scheduled_dbt_pg_daily to None, run_after=None
[2025-11-01T03:31:55.489+0000] {processor.py:183} INFO - Processing /opt/airflow/dags/pg_dbt.py took 0.291 seconds
[2025-11-01T03:32:27.680+0000] {processor.py:161} INFO - Started process (PID=2159) to work on /opt/airflow/dags/pg_dbt.py
[2025-11-01T03:32:27.684+0000] {processor.py:830} INFO - Processing file /opt/airflow/dags/pg_dbt.py for tasks to queue
[2025-11-01T03:32:27.688+0000] {logging_mixin.py:188} INFO - [2025-11-01T03:32:27.687+0000] {dagbag.py:538} INFO - Filling up the DagBag from /opt/airflow/dags/pg_dbt.py
[2025-11-01T03:32:27.735+0000] {processor.py:840} INFO - DAG(s) 'scheduled_dbt_pg_daily' retrieved from /opt/airflow/dags/pg_dbt.py
[2025-11-01T03:32:27.796+0000] {logging_mixin.py:188} INFO - [2025-11-01T03:32:27.796+0000] {dag.py:3036} INFO - Sync 1 DAGs
[2025-11-01T03:32:27.856+0000] {logging_mixin.py:188} INFO - [2025-11-01T03:32:27.856+0000] {dag.py:3823} INFO - Setting next_dagrun for scheduled_dbt_pg_daily to None, run_after=None
[2025-11-01T03:32:27.920+0000] {processor.py:183} INFO - Processing /opt/airflow/dags/pg_dbt.py took 0.256 seconds
[2025-11-01T03:33:00.150+0000] {processor.py:161} INFO - Started process (PID=2171) to work on /opt/airflow/dags/pg_dbt.py
[2025-11-01T03:33:00.154+0000] {processor.py:830} INFO - Processing file /opt/airflow/dags/pg_dbt.py for tasks to queue
[2025-11-01T03:33:00.156+0000] {logging_mixin.py:188} INFO - [2025-11-01T03:33:00.156+0000] {dagbag.py:538} INFO - Filling up the DagBag from /opt/airflow/dags/pg_dbt.py
[2025-11-01T03:33:00.256+0000] {processor.py:840} INFO - DAG(s) 'scheduled_dbt_pg_daily' retrieved from /opt/airflow/dags/pg_dbt.py
[2025-11-01T03:33:00.364+0000] {logging_mixin.py:188} INFO - [2025-11-01T03:33:00.363+0000] {dag.py:3036} INFO - Sync 1 DAGs
[2025-11-01T03:33:00.466+0000] {logging_mixin.py:188} INFO - [2025-11-01T03:33:00.465+0000] {dag.py:3823} INFO - Setting next_dagrun for scheduled_dbt_pg_daily to None, run_after=None
[2025-11-01T03:33:00.561+0000] {processor.py:183} INFO - Processing /opt/airflow/dags/pg_dbt.py took 0.426 seconds
[2025-11-01T03:33:32.684+0000] {processor.py:161} INFO - Started process (PID=2184) to work on /opt/airflow/dags/pg_dbt.py
[2025-11-01T03:33:32.689+0000] {processor.py:830} INFO - Processing file /opt/airflow/dags/pg_dbt.py for tasks to queue
[2025-11-01T03:33:32.696+0000] {logging_mixin.py:188} INFO - [2025-11-01T03:33:32.694+0000] {dagbag.py:538} INFO - Filling up the DagBag from /opt/airflow/dags/pg_dbt.py
[2025-11-01T03:33:32.740+0000] {processor.py:840} INFO - DAG(s) 'scheduled_dbt_pg_daily' retrieved from /opt/airflow/dags/pg_dbt.py
[2025-11-01T03:33:32.810+0000] {logging_mixin.py:188} INFO - [2025-11-01T03:33:32.809+0000] {dag.py:3036} INFO - Sync 1 DAGs
[2025-11-01T03:33:32.874+0000] {logging_mixin.py:188} INFO - [2025-11-01T03:33:32.873+0000] {dag.py:3823} INFO - Setting next_dagrun for scheduled_dbt_pg_daily to None, run_after=None
[2025-11-01T03:33:32.970+0000] {processor.py:183} INFO - Processing /opt/airflow/dags/pg_dbt.py took 0.296 seconds
[2025-11-01T03:34:05.676+0000] {processor.py:161} INFO - Started process (PID=2196) to work on /opt/airflow/dags/pg_dbt.py
[2025-11-01T03:34:05.678+0000] {processor.py:830} INFO - Processing file /opt/airflow/dags/pg_dbt.py for tasks to queue
[2025-11-01T03:34:05.681+0000] {logging_mixin.py:188} INFO - [2025-11-01T03:34:05.680+0000] {dagbag.py:538} INFO - Filling up the DagBag from /opt/airflow/dags/pg_dbt.py
[2025-11-01T03:34:05.720+0000] {processor.py:840} INFO - DAG(s) 'scheduled_dbt_pg_daily' retrieved from /opt/airflow/dags/pg_dbt.py
[2025-11-01T03:34:05.792+0000] {logging_mixin.py:188} INFO - [2025-11-01T03:34:05.792+0000] {dag.py:3036} INFO - Sync 1 DAGs
[2025-11-01T03:34:05.855+0000] {logging_mixin.py:188} INFO - [2025-11-01T03:34:05.855+0000] {dag.py:3823} INFO - Setting next_dagrun for scheduled_dbt_pg_daily to None, run_after=None
[2025-11-01T03:34:05.961+0000] {processor.py:183} INFO - Processing /opt/airflow/dags/pg_dbt.py took 0.299 seconds
[2025-11-01T03:34:38.405+0000] {processor.py:161} INFO - Started process (PID=2208) to work on /opt/airflow/dags/pg_dbt.py
[2025-11-01T03:34:38.410+0000] {processor.py:830} INFO - Processing file /opt/airflow/dags/pg_dbt.py for tasks to queue
[2025-11-01T03:34:38.415+0000] {logging_mixin.py:188} INFO - [2025-11-01T03:34:38.413+0000] {dagbag.py:538} INFO - Filling up the DagBag from /opt/airflow/dags/pg_dbt.py
[2025-11-01T03:34:38.470+0000] {processor.py:840} INFO - DAG(s) 'scheduled_dbt_pg_daily' retrieved from /opt/airflow/dags/pg_dbt.py
[2025-11-01T03:34:38.561+0000] {logging_mixin.py:188} INFO - [2025-11-01T03:34:38.560+0000] {dag.py:3036} INFO - Sync 1 DAGs
[2025-11-01T03:34:38.706+0000] {logging_mixin.py:188} INFO - [2025-11-01T03:34:38.705+0000] {dag.py:3823} INFO - Setting next_dagrun for scheduled_dbt_pg_daily to None, run_after=None
[2025-11-01T03:34:38.833+0000] {processor.py:183} INFO - Processing /opt/airflow/dags/pg_dbt.py took 0.444 seconds
[2025-11-01T03:35:11.695+0000] {processor.py:161} INFO - Started process (PID=2220) to work on /opt/airflow/dags/pg_dbt.py
[2025-11-01T03:35:11.701+0000] {processor.py:830} INFO - Processing file /opt/airflow/dags/pg_dbt.py for tasks to queue
[2025-11-01T03:35:11.711+0000] {logging_mixin.py:188} INFO - [2025-11-01T03:35:11.710+0000] {dagbag.py:538} INFO - Filling up the DagBag from /opt/airflow/dags/pg_dbt.py
[2025-11-01T03:35:11.772+0000] {processor.py:840} INFO - DAG(s) 'scheduled_dbt_pg_daily' retrieved from /opt/airflow/dags/pg_dbt.py
[2025-11-01T03:35:11.851+0000] {logging_mixin.py:188} INFO - [2025-11-01T03:35:11.850+0000] {dag.py:3036} INFO - Sync 1 DAGs
[2025-11-01T03:35:11.943+0000] {logging_mixin.py:188} INFO - [2025-11-01T03:35:11.942+0000] {dag.py:3823} INFO - Setting next_dagrun for scheduled_dbt_pg_daily to None, run_after=None
[2025-11-01T03:35:12.033+0000] {processor.py:183} INFO - Processing /opt/airflow/dags/pg_dbt.py took 0.356 seconds
[2025-11-01T03:35:43.841+0000] {processor.py:161} INFO - Started process (PID=2232) to work on /opt/airflow/dags/pg_dbt.py
[2025-11-01T03:35:43.846+0000] {processor.py:830} INFO - Processing file /opt/airflow/dags/pg_dbt.py for tasks to queue
[2025-11-01T03:35:43.853+0000] {logging_mixin.py:188} INFO - [2025-11-01T03:35:43.852+0000] {dagbag.py:538} INFO - Filling up the DagBag from /opt/airflow/dags/pg_dbt.py
[2025-11-01T03:35:43.896+0000] {processor.py:840} INFO - DAG(s) 'scheduled_dbt_pg_daily' retrieved from /opt/airflow/dags/pg_dbt.py
[2025-11-01T03:35:43.982+0000] {logging_mixin.py:188} INFO - [2025-11-01T03:35:43.981+0000] {dag.py:3036} INFO - Sync 1 DAGs
[2025-11-01T03:35:44.106+0000] {logging_mixin.py:188} INFO - [2025-11-01T03:35:44.105+0000] {dag.py:3823} INFO - Setting next_dagrun for scheduled_dbt_pg_daily to None, run_after=None
[2025-11-01T03:35:44.239+0000] {processor.py:183} INFO - Processing /opt/airflow/dags/pg_dbt.py took 0.429 seconds
[2025-11-01T03:36:16.794+0000] {processor.py:161} INFO - Started process (PID=2245) to work on /opt/airflow/dags/pg_dbt.py
[2025-11-01T03:36:16.798+0000] {processor.py:830} INFO - Processing file /opt/airflow/dags/pg_dbt.py for tasks to queue
[2025-11-01T03:36:16.808+0000] {logging_mixin.py:188} INFO - [2025-11-01T03:36:16.803+0000] {dagbag.py:538} INFO - Filling up the DagBag from /opt/airflow/dags/pg_dbt.py
[2025-11-01T03:36:16.877+0000] {processor.py:840} INFO - DAG(s) 'scheduled_dbt_pg_daily' retrieved from /opt/airflow/dags/pg_dbt.py
[2025-11-01T03:36:16.979+0000] {logging_mixin.py:188} INFO - [2025-11-01T03:36:16.978+0000] {dag.py:3036} INFO - Sync 1 DAGs
[2025-11-01T03:36:17.105+0000] {logging_mixin.py:188} INFO - [2025-11-01T03:36:17.105+0000] {dag.py:3823} INFO - Setting next_dagrun for scheduled_dbt_pg_daily to None, run_after=None
[2025-11-01T03:36:17.232+0000] {processor.py:183} INFO - Processing /opt/airflow/dags/pg_dbt.py took 0.455 seconds
[2025-11-01T03:36:49.067+0000] {processor.py:161} INFO - Started process (PID=2257) to work on /opt/airflow/dags/pg_dbt.py
[2025-11-01T03:36:49.070+0000] {processor.py:830} INFO - Processing file /opt/airflow/dags/pg_dbt.py for tasks to queue
[2025-11-01T03:36:49.074+0000] {logging_mixin.py:188} INFO - [2025-11-01T03:36:49.073+0000] {dagbag.py:538} INFO - Filling up the DagBag from /opt/airflow/dags/pg_dbt.py
[2025-11-01T03:36:49.142+0000] {processor.py:840} INFO - DAG(s) 'scheduled_dbt_pg_daily' retrieved from /opt/airflow/dags/pg_dbt.py
[2025-11-01T03:36:49.331+0000] {logging_mixin.py:188} INFO - [2025-11-01T03:36:49.331+0000] {dag.py:3036} INFO - Sync 1 DAGs
[2025-11-01T03:36:49.406+0000] {logging_mixin.py:188} INFO - [2025-11-01T03:36:49.406+0000] {dag.py:3823} INFO - Setting next_dagrun for scheduled_dbt_pg_daily to None, run_after=None
[2025-11-01T03:36:49.550+0000] {processor.py:183} INFO - Processing /opt/airflow/dags/pg_dbt.py took 0.499 seconds
[2025-11-01T03:37:22.068+0000] {processor.py:161} INFO - Started process (PID=2268) to work on /opt/airflow/dags/pg_dbt.py
[2025-11-01T03:37:22.072+0000] {processor.py:830} INFO - Processing file /opt/airflow/dags/pg_dbt.py for tasks to queue
[2025-11-01T03:37:22.076+0000] {logging_mixin.py:188} INFO - [2025-11-01T03:37:22.075+0000] {dagbag.py:538} INFO - Filling up the DagBag from /opt/airflow/dags/pg_dbt.py
[2025-11-01T03:37:22.139+0000] {processor.py:840} INFO - DAG(s) 'scheduled_dbt_pg_daily' retrieved from /opt/airflow/dags/pg_dbt.py
[2025-11-01T03:37:22.252+0000] {logging_mixin.py:188} INFO - [2025-11-01T03:37:22.251+0000] {dag.py:3036} INFO - Sync 1 DAGs
[2025-11-01T03:37:22.318+0000] {logging_mixin.py:188} INFO - [2025-11-01T03:37:22.317+0000] {dag.py:3823} INFO - Setting next_dagrun for scheduled_dbt_pg_daily to None, run_after=None
[2025-11-01T03:37:22.407+0000] {processor.py:183} INFO - Processing /opt/airflow/dags/pg_dbt.py took 0.354 seconds
[2025-11-01T03:37:54.673+0000] {processor.py:161} INFO - Started process (PID=2280) to work on /opt/airflow/dags/pg_dbt.py
[2025-11-01T03:37:54.683+0000] {processor.py:830} INFO - Processing file /opt/airflow/dags/pg_dbt.py for tasks to queue
[2025-11-01T03:37:54.688+0000] {logging_mixin.py:188} INFO - [2025-11-01T03:37:54.687+0000] {dagbag.py:538} INFO - Filling up the DagBag from /opt/airflow/dags/pg_dbt.py
[2025-11-01T03:37:54.743+0000] {processor.py:840} INFO - DAG(s) 'scheduled_dbt_pg_daily' retrieved from /opt/airflow/dags/pg_dbt.py
[2025-11-01T03:37:54.810+0000] {logging_mixin.py:188} INFO - [2025-11-01T03:37:54.810+0000] {dag.py:3036} INFO - Sync 1 DAGs
[2025-11-01T03:37:54.879+0000] {logging_mixin.py:188} INFO - [2025-11-01T03:37:54.879+0000] {dag.py:3823} INFO - Setting next_dagrun for scheduled_dbt_pg_daily to None, run_after=None
[2025-11-01T03:37:54.974+0000] {processor.py:183} INFO - Processing /opt/airflow/dags/pg_dbt.py took 0.312 seconds
[2025-11-01T03:38:27.475+0000] {processor.py:161} INFO - Started process (PID=2292) to work on /opt/airflow/dags/pg_dbt.py
[2025-11-01T03:38:27.480+0000] {processor.py:830} INFO - Processing file /opt/airflow/dags/pg_dbt.py for tasks to queue
[2025-11-01T03:38:27.482+0000] {logging_mixin.py:188} INFO - [2025-11-01T03:38:27.481+0000] {dagbag.py:538} INFO - Filling up the DagBag from /opt/airflow/dags/pg_dbt.py
[2025-11-01T03:38:27.521+0000] {processor.py:840} INFO - DAG(s) 'scheduled_dbt_pg_daily' retrieved from /opt/airflow/dags/pg_dbt.py
[2025-11-01T03:38:27.589+0000] {logging_mixin.py:188} INFO - [2025-11-01T03:38:27.588+0000] {dag.py:3036} INFO - Sync 1 DAGs
[2025-11-01T03:38:27.635+0000] {logging_mixin.py:188} INFO - [2025-11-01T03:38:27.635+0000] {dag.py:3823} INFO - Setting next_dagrun for scheduled_dbt_pg_daily to None, run_after=None
[2025-11-01T03:38:27.694+0000] {processor.py:183} INFO - Processing /opt/airflow/dags/pg_dbt.py took 0.229 seconds
[2025-11-01T03:39:00.152+0000] {processor.py:161} INFO - Started process (PID=2304) to work on /opt/airflow/dags/pg_dbt.py
[2025-11-01T03:39:00.154+0000] {processor.py:830} INFO - Processing file /opt/airflow/dags/pg_dbt.py for tasks to queue
[2025-11-01T03:39:00.156+0000] {logging_mixin.py:188} INFO - [2025-11-01T03:39:00.155+0000] {dagbag.py:538} INFO - Filling up the DagBag from /opt/airflow/dags/pg_dbt.py
[2025-11-01T03:39:00.219+0000] {processor.py:840} INFO - DAG(s) 'scheduled_dbt_pg_daily' retrieved from /opt/airflow/dags/pg_dbt.py
[2025-11-01T03:39:00.310+0000] {logging_mixin.py:188} INFO - [2025-11-01T03:39:00.310+0000] {dag.py:3036} INFO - Sync 1 DAGs
[2025-11-01T03:39:00.374+0000] {logging_mixin.py:188} INFO - [2025-11-01T03:39:00.374+0000] {dag.py:3823} INFO - Setting next_dagrun for scheduled_dbt_pg_daily to None, run_after=None
[2025-11-01T03:39:00.461+0000] {processor.py:183} INFO - Processing /opt/airflow/dags/pg_dbt.py took 0.318 seconds
[2025-11-01T03:39:33.130+0000] {processor.py:161} INFO - Started process (PID=2316) to work on /opt/airflow/dags/pg_dbt.py
[2025-11-01T03:39:33.133+0000] {processor.py:830} INFO - Processing file /opt/airflow/dags/pg_dbt.py for tasks to queue
[2025-11-01T03:39:33.138+0000] {logging_mixin.py:188} INFO - [2025-11-01T03:39:33.137+0000] {dagbag.py:538} INFO - Filling up the DagBag from /opt/airflow/dags/pg_dbt.py
[2025-11-01T03:39:33.213+0000] {processor.py:840} INFO - DAG(s) 'scheduled_dbt_pg_daily' retrieved from /opt/airflow/dags/pg_dbt.py
[2025-11-01T03:39:33.372+0000] {logging_mixin.py:188} INFO - [2025-11-01T03:39:33.367+0000] {dag.py:3036} INFO - Sync 1 DAGs
[2025-11-01T03:39:33.476+0000] {logging_mixin.py:188} INFO - [2025-11-01T03:39:33.475+0000] {dag.py:3823} INFO - Setting next_dagrun for scheduled_dbt_pg_daily to None, run_after=None
[2025-11-01T03:39:33.606+0000] {processor.py:183} INFO - Processing /opt/airflow/dags/pg_dbt.py took 0.489 seconds
[2025-11-01T03:40:05.420+0000] {processor.py:161} INFO - Started process (PID=2327) to work on /opt/airflow/dags/pg_dbt.py
[2025-11-01T03:40:05.423+0000] {processor.py:830} INFO - Processing file /opt/airflow/dags/pg_dbt.py for tasks to queue
[2025-11-01T03:40:05.426+0000] {logging_mixin.py:188} INFO - [2025-11-01T03:40:05.424+0000] {dagbag.py:538} INFO - Filling up the DagBag from /opt/airflow/dags/pg_dbt.py
[2025-11-01T03:40:05.498+0000] {processor.py:840} INFO - DAG(s) 'scheduled_dbt_pg_daily' retrieved from /opt/airflow/dags/pg_dbt.py
[2025-11-01T03:40:05.623+0000] {logging_mixin.py:188} INFO - [2025-11-01T03:40:05.623+0000] {dag.py:3036} INFO - Sync 1 DAGs
[2025-11-01T03:40:05.718+0000] {logging_mixin.py:188} INFO - [2025-11-01T03:40:05.717+0000] {dag.py:3823} INFO - Setting next_dagrun for scheduled_dbt_pg_daily to None, run_after=None
[2025-11-01T03:40:05.813+0000] {processor.py:183} INFO - Processing /opt/airflow/dags/pg_dbt.py took 0.415 seconds
[2025-11-01T03:40:38.229+0000] {processor.py:161} INFO - Started process (PID=2339) to work on /opt/airflow/dags/pg_dbt.py
[2025-11-01T03:40:38.233+0000] {processor.py:830} INFO - Processing file /opt/airflow/dags/pg_dbt.py for tasks to queue
[2025-11-01T03:40:38.243+0000] {logging_mixin.py:188} INFO - [2025-11-01T03:40:38.241+0000] {dagbag.py:538} INFO - Filling up the DagBag from /opt/airflow/dags/pg_dbt.py
[2025-11-01T03:40:38.303+0000] {processor.py:840} INFO - DAG(s) 'scheduled_dbt_pg_daily' retrieved from /opt/airflow/dags/pg_dbt.py
[2025-11-01T03:40:38.465+0000] {logging_mixin.py:188} INFO - [2025-11-01T03:40:38.464+0000] {dag.py:3036} INFO - Sync 1 DAGs
[2025-11-01T03:40:38.578+0000] {logging_mixin.py:188} INFO - [2025-11-01T03:40:38.577+0000] {dag.py:3823} INFO - Setting next_dagrun for scheduled_dbt_pg_daily to None, run_after=None
[2025-11-01T03:40:38.673+0000] {processor.py:183} INFO - Processing /opt/airflow/dags/pg_dbt.py took 0.457 seconds
[2025-11-01T03:41:10.962+0000] {processor.py:161} INFO - Started process (PID=2351) to work on /opt/airflow/dags/pg_dbt.py
[2025-11-01T03:41:10.965+0000] {processor.py:830} INFO - Processing file /opt/airflow/dags/pg_dbt.py for tasks to queue
[2025-11-01T03:41:10.970+0000] {logging_mixin.py:188} INFO - [2025-11-01T03:41:10.969+0000] {dagbag.py:538} INFO - Filling up the DagBag from /opt/airflow/dags/pg_dbt.py
[2025-11-01T03:41:11.046+0000] {processor.py:840} INFO - DAG(s) 'scheduled_dbt_pg_daily' retrieved from /opt/airflow/dags/pg_dbt.py
[2025-11-01T03:41:11.159+0000] {logging_mixin.py:188} INFO - [2025-11-01T03:41:11.158+0000] {dag.py:3036} INFO - Sync 1 DAGs
[2025-11-01T03:41:11.255+0000] {logging_mixin.py:188} INFO - [2025-11-01T03:41:11.254+0000] {dag.py:3823} INFO - Setting next_dagrun for scheduled_dbt_pg_daily to None, run_after=None
[2025-11-01T03:41:11.344+0000] {processor.py:183} INFO - Processing /opt/airflow/dags/pg_dbt.py took 0.396 seconds
[2025-11-01T03:41:43.937+0000] {processor.py:161} INFO - Started process (PID=2363) to work on /opt/airflow/dags/pg_dbt.py
[2025-11-01T03:41:43.964+0000] {processor.py:830} INFO - Processing file /opt/airflow/dags/pg_dbt.py for tasks to queue
[2025-11-01T03:41:44.012+0000] {logging_mixin.py:188} INFO - [2025-11-01T03:41:44.011+0000] {dagbag.py:538} INFO - Filling up the DagBag from /opt/airflow/dags/pg_dbt.py
[2025-11-01T03:41:44.323+0000] {processor.py:840} INFO - DAG(s) 'scheduled_dbt_pg_daily' retrieved from /opt/airflow/dags/pg_dbt.py
[2025-11-01T03:41:44.623+0000] {logging_mixin.py:188} INFO - [2025-11-01T03:41:44.622+0000] {dag.py:3036} INFO - Sync 1 DAGs
[2025-11-01T03:41:44.832+0000] {logging_mixin.py:188} INFO - [2025-11-01T03:41:44.832+0000] {dag.py:3823} INFO - Setting next_dagrun for scheduled_dbt_pg_daily to None, run_after=None
[2025-11-01T03:41:45.068+0000] {processor.py:183} INFO - Processing /opt/airflow/dags/pg_dbt.py took 1.152 seconds
[2025-11-01T03:42:17.054+0000] {processor.py:161} INFO - Started process (PID=2375) to work on /opt/airflow/dags/pg_dbt.py
[2025-11-01T03:42:17.056+0000] {processor.py:830} INFO - Processing file /opt/airflow/dags/pg_dbt.py for tasks to queue
[2025-11-01T03:42:17.059+0000] {logging_mixin.py:188} INFO - [2025-11-01T03:42:17.058+0000] {dagbag.py:538} INFO - Filling up the DagBag from /opt/airflow/dags/pg_dbt.py
[2025-11-01T03:42:17.102+0000] {processor.py:840} INFO - DAG(s) 'scheduled_dbt_pg_daily' retrieved from /opt/airflow/dags/pg_dbt.py
[2025-11-01T03:42:17.175+0000] {logging_mixin.py:188} INFO - [2025-11-01T03:42:17.174+0000] {dag.py:3036} INFO - Sync 1 DAGs
[2025-11-01T03:42:17.239+0000] {logging_mixin.py:188} INFO - [2025-11-01T03:42:17.239+0000] {dag.py:3823} INFO - Setting next_dagrun for scheduled_dbt_pg_daily to None, run_after=None
[2025-11-01T03:42:17.297+0000] {processor.py:183} INFO - Processing /opt/airflow/dags/pg_dbt.py took 0.252 seconds
[2025-11-01T03:42:49.215+0000] {processor.py:161} INFO - Started process (PID=2387) to work on /opt/airflow/dags/pg_dbt.py
[2025-11-01T03:42:49.218+0000] {processor.py:830} INFO - Processing file /opt/airflow/dags/pg_dbt.py for tasks to queue
[2025-11-01T03:42:49.222+0000] {logging_mixin.py:188} INFO - [2025-11-01T03:42:49.220+0000] {dagbag.py:538} INFO - Filling up the DagBag from /opt/airflow/dags/pg_dbt.py
[2025-11-01T03:42:49.255+0000] {processor.py:840} INFO - DAG(s) 'scheduled_dbt_pg_daily' retrieved from /opt/airflow/dags/pg_dbt.py
[2025-11-01T03:42:49.322+0000] {logging_mixin.py:188} INFO - [2025-11-01T03:42:49.322+0000] {dag.py:3036} INFO - Sync 1 DAGs
[2025-11-01T03:42:49.362+0000] {logging_mixin.py:188} INFO - [2025-11-01T03:42:49.361+0000] {dag.py:3823} INFO - Setting next_dagrun for scheduled_dbt_pg_daily to None, run_after=None
[2025-11-01T03:42:49.417+0000] {processor.py:183} INFO - Processing /opt/airflow/dags/pg_dbt.py took 0.219 seconds
[2025-11-01T03:43:22.536+0000] {processor.py:161} INFO - Started process (PID=2399) to work on /opt/airflow/dags/pg_dbt.py
[2025-11-01T03:43:22.540+0000] {processor.py:830} INFO - Processing file /opt/airflow/dags/pg_dbt.py for tasks to queue
[2025-11-01T03:43:22.545+0000] {logging_mixin.py:188} INFO - [2025-11-01T03:43:22.544+0000] {dagbag.py:538} INFO - Filling up the DagBag from /opt/airflow/dags/pg_dbt.py
[2025-11-01T03:43:22.608+0000] {processor.py:840} INFO - DAG(s) 'scheduled_dbt_pg_daily' retrieved from /opt/airflow/dags/pg_dbt.py
[2025-11-01T03:43:22.736+0000] {logging_mixin.py:188} INFO - [2025-11-01T03:43:22.735+0000] {dag.py:3036} INFO - Sync 1 DAGs
[2025-11-01T03:43:22.826+0000] {logging_mixin.py:188} INFO - [2025-11-01T03:43:22.824+0000] {dag.py:3823} INFO - Setting next_dagrun for scheduled_dbt_pg_daily to None, run_after=None
[2025-11-01T03:43:22.964+0000] {processor.py:183} INFO - Processing /opt/airflow/dags/pg_dbt.py took 0.447 seconds
[2025-11-01T03:43:54.775+0000] {processor.py:161} INFO - Started process (PID=2411) to work on /opt/airflow/dags/pg_dbt.py
[2025-11-01T03:43:54.793+0000] {processor.py:830} INFO - Processing file /opt/airflow/dags/pg_dbt.py for tasks to queue
[2025-11-01T03:43:54.820+0000] {logging_mixin.py:188} INFO - [2025-11-01T03:43:54.819+0000] {dagbag.py:538} INFO - Filling up the DagBag from /opt/airflow/dags/pg_dbt.py
[2025-11-01T03:43:54.963+0000] {processor.py:840} INFO - DAG(s) 'scheduled_dbt_pg_daily' retrieved from /opt/airflow/dags/pg_dbt.py
[2025-11-01T03:43:55.130+0000] {logging_mixin.py:188} INFO - [2025-11-01T03:43:55.129+0000] {dag.py:3036} INFO - Sync 1 DAGs
[2025-11-01T03:43:55.273+0000] {logging_mixin.py:188} INFO - [2025-11-01T03:43:55.272+0000] {dag.py:3823} INFO - Setting next_dagrun for scheduled_dbt_pg_daily to None, run_after=None
[2025-11-01T03:43:55.522+0000] {processor.py:183} INFO - Processing /opt/airflow/dags/pg_dbt.py took 0.797 seconds
[2025-11-01T03:44:27.811+0000] {processor.py:161} INFO - Started process (PID=2423) to work on /opt/airflow/dags/pg_dbt.py
[2025-11-01T03:44:27.819+0000] {processor.py:830} INFO - Processing file /opt/airflow/dags/pg_dbt.py for tasks to queue
[2025-11-01T03:44:27.825+0000] {logging_mixin.py:188} INFO - [2025-11-01T03:44:27.823+0000] {dagbag.py:538} INFO - Filling up the DagBag from /opt/airflow/dags/pg_dbt.py
[2025-11-01T03:44:27.899+0000] {processor.py:840} INFO - DAG(s) 'scheduled_dbt_pg_daily' retrieved from /opt/airflow/dags/pg_dbt.py
[2025-11-01T03:44:28.043+0000] {logging_mixin.py:188} INFO - [2025-11-01T03:44:28.042+0000] {dag.py:3036} INFO - Sync 1 DAGs
[2025-11-01T03:44:28.141+0000] {logging_mixin.py:188} INFO - [2025-11-01T03:44:28.140+0000] {dag.py:3823} INFO - Setting next_dagrun for scheduled_dbt_pg_daily to None, run_after=None
[2025-11-01T03:44:28.250+0000] {processor.py:183} INFO - Processing /opt/airflow/dags/pg_dbt.py took 0.465 seconds
[2025-11-01T03:45:00.518+0000] {processor.py:161} INFO - Started process (PID=2436) to work on /opt/airflow/dags/pg_dbt.py
[2025-11-01T03:45:00.522+0000] {processor.py:830} INFO - Processing file /opt/airflow/dags/pg_dbt.py for tasks to queue
[2025-11-01T03:45:00.526+0000] {logging_mixin.py:188} INFO - [2025-11-01T03:45:00.525+0000] {dagbag.py:538} INFO - Filling up the DagBag from /opt/airflow/dags/pg_dbt.py
[2025-11-01T03:45:00.601+0000] {processor.py:840} INFO - DAG(s) 'scheduled_dbt_pg_daily' retrieved from /opt/airflow/dags/pg_dbt.py
[2025-11-01T03:45:00.706+0000] {logging_mixin.py:188} INFO - [2025-11-01T03:45:00.705+0000] {dag.py:3036} INFO - Sync 1 DAGs
[2025-11-01T03:45:00.788+0000] {logging_mixin.py:188} INFO - [2025-11-01T03:45:00.787+0000] {dag.py:3823} INFO - Setting next_dagrun for scheduled_dbt_pg_daily to None, run_after=None
[2025-11-01T03:45:01.015+0000] {processor.py:183} INFO - Processing /opt/airflow/dags/pg_dbt.py took 0.513 seconds
[2025-11-01T03:45:33.081+0000] {processor.py:161} INFO - Started process (PID=2448) to work on /opt/airflow/dags/pg_dbt.py
[2025-11-01T03:45:33.088+0000] {processor.py:830} INFO - Processing file /opt/airflow/dags/pg_dbt.py for tasks to queue
[2025-11-01T03:45:33.092+0000] {logging_mixin.py:188} INFO - [2025-11-01T03:45:33.091+0000] {dagbag.py:538} INFO - Filling up the DagBag from /opt/airflow/dags/pg_dbt.py
[2025-11-01T03:45:33.158+0000] {processor.py:840} INFO - DAG(s) 'scheduled_dbt_pg_daily' retrieved from /opt/airflow/dags/pg_dbt.py
[2025-11-01T03:45:33.273+0000] {logging_mixin.py:188} INFO - [2025-11-01T03:45:33.272+0000] {dag.py:3036} INFO - Sync 1 DAGs
[2025-11-01T03:45:33.366+0000] {logging_mixin.py:188} INFO - [2025-11-01T03:45:33.366+0000] {dag.py:3823} INFO - Setting next_dagrun for scheduled_dbt_pg_daily to None, run_after=None
[2025-11-01T03:45:33.458+0000] {processor.py:183} INFO - Processing /opt/airflow/dags/pg_dbt.py took 0.400 seconds
[2025-11-01T03:46:06.009+0000] {processor.py:161} INFO - Started process (PID=2460) to work on /opt/airflow/dags/pg_dbt.py
[2025-11-01T03:46:06.018+0000] {processor.py:830} INFO - Processing file /opt/airflow/dags/pg_dbt.py for tasks to queue
[2025-11-01T03:46:06.026+0000] {logging_mixin.py:188} INFO - [2025-11-01T03:46:06.024+0000] {dagbag.py:538} INFO - Filling up the DagBag from /opt/airflow/dags/pg_dbt.py
[2025-11-01T03:46:06.125+0000] {processor.py:840} INFO - DAG(s) 'scheduled_dbt_pg_daily' retrieved from /opt/airflow/dags/pg_dbt.py
[2025-11-01T03:46:06.248+0000] {logging_mixin.py:188} INFO - [2025-11-01T03:46:06.247+0000] {dag.py:3036} INFO - Sync 1 DAGs
[2025-11-01T03:46:06.372+0000] {logging_mixin.py:188} INFO - [2025-11-01T03:46:06.358+0000] {dag.py:3823} INFO - Setting next_dagrun for scheduled_dbt_pg_daily to None, run_after=None
[2025-11-01T03:46:06.497+0000] {processor.py:183} INFO - Processing /opt/airflow/dags/pg_dbt.py took 0.506 seconds
[2025-11-01T03:46:38.871+0000] {processor.py:161} INFO - Started process (PID=2472) to work on /opt/airflow/dags/pg_dbt.py
[2025-11-01T03:46:38.875+0000] {processor.py:830} INFO - Processing file /opt/airflow/dags/pg_dbt.py for tasks to queue
[2025-11-01T03:46:38.878+0000] {logging_mixin.py:188} INFO - [2025-11-01T03:46:38.877+0000] {dagbag.py:538} INFO - Filling up the DagBag from /opt/airflow/dags/pg_dbt.py
[2025-11-01T03:46:38.939+0000] {processor.py:840} INFO - DAG(s) 'scheduled_dbt_pg_daily' retrieved from /opt/airflow/dags/pg_dbt.py
[2025-11-01T03:46:39.051+0000] {logging_mixin.py:188} INFO - [2025-11-01T03:46:39.051+0000] {dag.py:3036} INFO - Sync 1 DAGs
[2025-11-01T03:46:39.126+0000] {logging_mixin.py:188} INFO - [2025-11-01T03:46:39.126+0000] {dag.py:3823} INFO - Setting next_dagrun for scheduled_dbt_pg_daily to None, run_after=None
[2025-11-01T03:46:39.226+0000] {processor.py:183} INFO - Processing /opt/airflow/dags/pg_dbt.py took 0.373 seconds
[2025-11-01T03:47:11.485+0000] {processor.py:161} INFO - Started process (PID=2484) to work on /opt/airflow/dags/pg_dbt.py
[2025-11-01T03:47:11.490+0000] {processor.py:830} INFO - Processing file /opt/airflow/dags/pg_dbt.py for tasks to queue
[2025-11-01T03:47:11.494+0000] {logging_mixin.py:188} INFO - [2025-11-01T03:47:11.493+0000] {dagbag.py:538} INFO - Filling up the DagBag from /opt/airflow/dags/pg_dbt.py
[2025-11-01T03:47:11.599+0000] {processor.py:840} INFO - DAG(s) 'scheduled_dbt_pg_daily' retrieved from /opt/airflow/dags/pg_dbt.py
[2025-11-01T03:47:11.723+0000] {logging_mixin.py:188} INFO - [2025-11-01T03:47:11.722+0000] {dag.py:3036} INFO - Sync 1 DAGs
[2025-11-01T03:47:11.805+0000] {logging_mixin.py:188} INFO - [2025-11-01T03:47:11.804+0000] {dag.py:3823} INFO - Setting next_dagrun for scheduled_dbt_pg_daily to None, run_after=None
[2025-11-01T03:47:11.899+0000] {processor.py:183} INFO - Processing /opt/airflow/dags/pg_dbt.py took 0.427 seconds
[2025-11-01T03:47:43.888+0000] {processor.py:161} INFO - Started process (PID=2496) to work on /opt/airflow/dags/pg_dbt.py
[2025-11-01T03:47:43.893+0000] {processor.py:830} INFO - Processing file /opt/airflow/dags/pg_dbt.py for tasks to queue
[2025-11-01T03:47:43.901+0000] {logging_mixin.py:188} INFO - [2025-11-01T03:47:43.900+0000] {dagbag.py:538} INFO - Filling up the DagBag from /opt/airflow/dags/pg_dbt.py
[2025-11-01T03:47:44.129+0000] {processor.py:840} INFO - DAG(s) 'scheduled_dbt_pg_daily' retrieved from /opt/airflow/dags/pg_dbt.py
[2025-11-01T03:47:44.378+0000] {logging_mixin.py:188} INFO - [2025-11-01T03:47:44.377+0000] {dag.py:3036} INFO - Sync 1 DAGs
[2025-11-01T03:47:44.654+0000] {logging_mixin.py:188} INFO - [2025-11-01T03:47:44.653+0000] {dag.py:3823} INFO - Setting next_dagrun for scheduled_dbt_pg_daily to None, run_after=None
[2025-11-01T03:47:44.890+0000] {processor.py:183} INFO - Processing /opt/airflow/dags/pg_dbt.py took 1.037 seconds
[2025-11-01T03:48:17.060+0000] {processor.py:161} INFO - Started process (PID=2508) to work on /opt/airflow/dags/pg_dbt.py
[2025-11-01T03:48:17.065+0000] {processor.py:830} INFO - Processing file /opt/airflow/dags/pg_dbt.py for tasks to queue
[2025-11-01T03:48:17.070+0000] {logging_mixin.py:188} INFO - [2025-11-01T03:48:17.067+0000] {dagbag.py:538} INFO - Filling up the DagBag from /opt/airflow/dags/pg_dbt.py
[2025-11-01T03:48:17.131+0000] {processor.py:840} INFO - DAG(s) 'scheduled_dbt_pg_daily' retrieved from /opt/airflow/dags/pg_dbt.py
[2025-11-01T03:48:17.352+0000] {logging_mixin.py:188} INFO - [2025-11-01T03:48:17.351+0000] {dag.py:3036} INFO - Sync 1 DAGs
[2025-11-01T03:48:17.501+0000] {logging_mixin.py:188} INFO - [2025-11-01T03:48:17.496+0000] {dag.py:3823} INFO - Setting next_dagrun for scheduled_dbt_pg_daily to None, run_after=None
[2025-11-01T03:48:17.637+0000] {processor.py:183} INFO - Processing /opt/airflow/dags/pg_dbt.py took 0.595 seconds
[2025-11-01T03:48:50.074+0000] {processor.py:161} INFO - Started process (PID=2520) to work on /opt/airflow/dags/pg_dbt.py
[2025-11-01T03:48:50.088+0000] {processor.py:830} INFO - Processing file /opt/airflow/dags/pg_dbt.py for tasks to queue
[2025-11-01T03:48:50.094+0000] {logging_mixin.py:188} INFO - [2025-11-01T03:48:50.093+0000] {dagbag.py:538} INFO - Filling up the DagBag from /opt/airflow/dags/pg_dbt.py
[2025-11-01T03:48:50.218+0000] {processor.py:840} INFO - DAG(s) 'scheduled_dbt_pg_daily' retrieved from /opt/airflow/dags/pg_dbt.py
[2025-11-01T03:48:50.403+0000] {logging_mixin.py:188} INFO - [2025-11-01T03:48:50.403+0000] {dag.py:3036} INFO - Sync 1 DAGs
[2025-11-01T03:48:50.504+0000] {logging_mixin.py:188} INFO - [2025-11-01T03:48:50.503+0000] {dag.py:3823} INFO - Setting next_dagrun for scheduled_dbt_pg_daily to None, run_after=None
[2025-11-01T03:48:50.604+0000] {processor.py:183} INFO - Processing /opt/airflow/dags/pg_dbt.py took 0.547 seconds
[2025-11-01T03:49:22.170+0000] {processor.py:161} INFO - Started process (PID=2532) to work on /opt/airflow/dags/pg_dbt.py
[2025-11-01T03:49:22.176+0000] {processor.py:830} INFO - Processing file /opt/airflow/dags/pg_dbt.py for tasks to queue
[2025-11-01T03:49:22.183+0000] {logging_mixin.py:188} INFO - [2025-11-01T03:49:22.179+0000] {dagbag.py:538} INFO - Filling up the DagBag from /opt/airflow/dags/pg_dbt.py
[2025-11-01T03:49:22.324+0000] {processor.py:840} INFO - DAG(s) 'scheduled_dbt_pg_daily' retrieved from /opt/airflow/dags/pg_dbt.py
[2025-11-01T03:49:22.519+0000] {logging_mixin.py:188} INFO - [2025-11-01T03:49:22.518+0000] {dag.py:3036} INFO - Sync 1 DAGs
[2025-11-01T03:49:22.709+0000] {logging_mixin.py:188} INFO - [2025-11-01T03:49:22.707+0000] {dag.py:3823} INFO - Setting next_dagrun for scheduled_dbt_pg_daily to None, run_after=None
[2025-11-01T03:49:22.866+0000] {processor.py:183} INFO - Processing /opt/airflow/dags/pg_dbt.py took 0.746 seconds
[2025-11-01T03:49:55.094+0000] {processor.py:161} INFO - Started process (PID=2544) to work on /opt/airflow/dags/pg_dbt.py
[2025-11-01T03:49:55.103+0000] {processor.py:830} INFO - Processing file /opt/airflow/dags/pg_dbt.py for tasks to queue
[2025-11-01T03:49:55.106+0000] {logging_mixin.py:188} INFO - [2025-11-01T03:49:55.105+0000] {dagbag.py:538} INFO - Filling up the DagBag from /opt/airflow/dags/pg_dbt.py
[2025-11-01T03:49:55.281+0000] {processor.py:840} INFO - DAG(s) 'scheduled_dbt_pg_daily' retrieved from /opt/airflow/dags/pg_dbt.py
[2025-11-01T03:49:55.505+0000] {logging_mixin.py:188} INFO - [2025-11-01T03:49:55.504+0000] {dag.py:3036} INFO - Sync 1 DAGs
[2025-11-01T03:49:55.637+0000] {logging_mixin.py:188} INFO - [2025-11-01T03:49:55.636+0000] {dag.py:3823} INFO - Setting next_dagrun for scheduled_dbt_pg_daily to None, run_after=None
[2025-11-01T03:49:55.971+0000] {processor.py:183} INFO - Processing /opt/airflow/dags/pg_dbt.py took 0.899 seconds
[2025-11-01T03:50:27.740+0000] {processor.py:161} INFO - Started process (PID=2556) to work on /opt/airflow/dags/pg_dbt.py
[2025-11-01T03:50:27.744+0000] {processor.py:830} INFO - Processing file /opt/airflow/dags/pg_dbt.py for tasks to queue
[2025-11-01T03:50:27.748+0000] {logging_mixin.py:188} INFO - [2025-11-01T03:50:27.747+0000] {dagbag.py:538} INFO - Filling up the DagBag from /opt/airflow/dags/pg_dbt.py
[2025-11-01T03:50:27.836+0000] {processor.py:840} INFO - DAG(s) 'scheduled_dbt_pg_daily' retrieved from /opt/airflow/dags/pg_dbt.py
[2025-11-01T03:50:27.960+0000] {logging_mixin.py:188} INFO - [2025-11-01T03:50:27.959+0000] {dag.py:3036} INFO - Sync 1 DAGs
[2025-11-01T03:50:28.089+0000] {logging_mixin.py:188} INFO - [2025-11-01T03:50:28.088+0000] {dag.py:3823} INFO - Setting next_dagrun for scheduled_dbt_pg_daily to None, run_after=None
[2025-11-01T03:50:28.201+0000] {processor.py:183} INFO - Processing /opt/airflow/dags/pg_dbt.py took 0.489 seconds
[2025-11-01T03:51:00.842+0000] {processor.py:161} INFO - Started process (PID=2568) to work on /opt/airflow/dags/pg_dbt.py
[2025-11-01T03:51:00.856+0000] {processor.py:830} INFO - Processing file /opt/airflow/dags/pg_dbt.py for tasks to queue
[2025-11-01T03:51:00.861+0000] {logging_mixin.py:188} INFO - [2025-11-01T03:51:00.859+0000] {dagbag.py:538} INFO - Filling up the DagBag from /opt/airflow/dags/pg_dbt.py
[2025-11-01T03:51:00.969+0000] {processor.py:840} INFO - DAG(s) 'scheduled_dbt_pg_daily' retrieved from /opt/airflow/dags/pg_dbt.py
[2025-11-01T03:51:01.132+0000] {logging_mixin.py:188} INFO - [2025-11-01T03:51:01.131+0000] {dag.py:3036} INFO - Sync 1 DAGs
[2025-11-01T03:51:01.261+0000] {logging_mixin.py:188} INFO - [2025-11-01T03:51:01.259+0000] {dag.py:3823} INFO - Setting next_dagrun for scheduled_dbt_pg_daily to None, run_after=None
[2025-11-01T03:51:01.380+0000] {processor.py:183} INFO - Processing /opt/airflow/dags/pg_dbt.py took 0.557 seconds
[2025-11-01T03:51:33.704+0000] {processor.py:161} INFO - Started process (PID=2580) to work on /opt/airflow/dags/pg_dbt.py
[2025-11-01T03:51:33.711+0000] {processor.py:830} INFO - Processing file /opt/airflow/dags/pg_dbt.py for tasks to queue
[2025-11-01T03:51:33.716+0000] {logging_mixin.py:188} INFO - [2025-11-01T03:51:33.714+0000] {dagbag.py:538} INFO - Filling up the DagBag from /opt/airflow/dags/pg_dbt.py
[2025-11-01T03:51:33.798+0000] {processor.py:840} INFO - DAG(s) 'scheduled_dbt_pg_daily' retrieved from /opt/airflow/dags/pg_dbt.py
[2025-11-01T03:51:34.023+0000] {logging_mixin.py:188} INFO - [2025-11-01T03:51:34.023+0000] {dag.py:3036} INFO - Sync 1 DAGs
[2025-11-01T03:51:34.299+0000] {logging_mixin.py:188} INFO - [2025-11-01T03:51:34.298+0000] {dag.py:3823} INFO - Setting next_dagrun for scheduled_dbt_pg_daily to None, run_after=None
[2025-11-01T03:51:34.521+0000] {processor.py:183} INFO - Processing /opt/airflow/dags/pg_dbt.py took 0.834 seconds
[2025-11-01T03:52:06.339+0000] {processor.py:161} INFO - Started process (PID=2592) to work on /opt/airflow/dags/pg_dbt.py
[2025-11-01T03:52:06.357+0000] {processor.py:830} INFO - Processing file /opt/airflow/dags/pg_dbt.py for tasks to queue
[2025-11-01T03:52:06.376+0000] {logging_mixin.py:188} INFO - [2025-11-01T03:52:06.368+0000] {dagbag.py:538} INFO - Filling up the DagBag from /opt/airflow/dags/pg_dbt.py
[2025-11-01T03:52:06.697+0000] {processor.py:840} INFO - DAG(s) 'scheduled_dbt_pg_daily' retrieved from /opt/airflow/dags/pg_dbt.py
[2025-11-01T03:52:06.888+0000] {logging_mixin.py:188} INFO - [2025-11-01T03:52:06.888+0000] {dag.py:3036} INFO - Sync 1 DAGs
[2025-11-01T03:52:07.101+0000] {logging_mixin.py:188} INFO - [2025-11-01T03:52:07.100+0000] {dag.py:3823} INFO - Setting next_dagrun for scheduled_dbt_pg_daily to None, run_after=None
[2025-11-01T03:52:07.313+0000] {processor.py:183} INFO - Processing /opt/airflow/dags/pg_dbt.py took 1.012 seconds
[2025-11-01T03:52:38.671+0000] {processor.py:161} INFO - Started process (PID=2605) to work on /opt/airflow/dags/pg_dbt.py
[2025-11-01T03:52:38.676+0000] {processor.py:830} INFO - Processing file /opt/airflow/dags/pg_dbt.py for tasks to queue
[2025-11-01T03:52:38.681+0000] {logging_mixin.py:188} INFO - [2025-11-01T03:52:38.680+0000] {dagbag.py:538} INFO - Filling up the DagBag from /opt/airflow/dags/pg_dbt.py
[2025-11-01T03:52:38.742+0000] {processor.py:840} INFO - DAG(s) 'scheduled_dbt_pg_daily' retrieved from /opt/airflow/dags/pg_dbt.py
[2025-11-01T03:52:38.852+0000] {logging_mixin.py:188} INFO - [2025-11-01T03:52:38.852+0000] {dag.py:3036} INFO - Sync 1 DAGs
[2025-11-01T03:52:38.927+0000] {logging_mixin.py:188} INFO - [2025-11-01T03:52:38.926+0000] {dag.py:3823} INFO - Setting next_dagrun for scheduled_dbt_pg_daily to None, run_after=None
[2025-11-01T03:52:39.019+0000] {processor.py:183} INFO - Processing /opt/airflow/dags/pg_dbt.py took 0.366 seconds
[2025-11-01T03:53:11.840+0000] {processor.py:161} INFO - Started process (PID=2617) to work on /opt/airflow/dags/pg_dbt.py
[2025-11-01T03:53:11.844+0000] {processor.py:830} INFO - Processing file /opt/airflow/dags/pg_dbt.py for tasks to queue
[2025-11-01T03:53:11.850+0000] {logging_mixin.py:188} INFO - [2025-11-01T03:53:11.848+0000] {dagbag.py:538} INFO - Filling up the DagBag from /opt/airflow/dags/pg_dbt.py
[2025-11-01T03:53:11.908+0000] {processor.py:840} INFO - DAG(s) 'scheduled_dbt_pg_daily' retrieved from /opt/airflow/dags/pg_dbt.py
[2025-11-01T03:53:12.012+0000] {logging_mixin.py:188} INFO - [2025-11-01T03:53:12.011+0000] {dag.py:3036} INFO - Sync 1 DAGs
[2025-11-01T03:53:12.092+0000] {logging_mixin.py:188} INFO - [2025-11-01T03:53:12.091+0000] {dag.py:3823} INFO - Setting next_dagrun for scheduled_dbt_pg_daily to None, run_after=None
[2025-11-01T03:53:12.196+0000] {processor.py:183} INFO - Processing /opt/airflow/dags/pg_dbt.py took 0.368 seconds
