[2025-11-02T10:18:37.546+0000] {processor.py:161} INFO - Started process (PID=44) to work on /opt/airflow/dags/dag_csv_to_postgres_dag.py
[2025-11-02T10:18:37.562+0000] {processor.py:830} INFO - Processing file /opt/airflow/dags/dag_csv_to_postgres_dag.py for tasks to queue
[2025-11-02T10:18:37.590+0000] {logging_mixin.py:188} INFO - [2025-11-02T10:18:37.589+0000] {dagbag.py:538} INFO - Filling up the DagBag from /opt/airflow/dags/dag_csv_to_postgres_dag.py
[2025-11-02T10:18:37.995+0000] {processor.py:840} INFO - DAG(s) 'load_csv_to_postgres' retrieved from /opt/airflow/dags/dag_csv_to_postgres_dag.py
[2025-11-02T10:18:38.378+0000] {logging_mixin.py:188} INFO - [2025-11-02T10:18:38.378+0000] {dag.py:3036} INFO - Sync 1 DAGs
[2025-11-02T10:18:38.497+0000] {logging_mixin.py:188} INFO - [2025-11-02T10:18:38.497+0000] {dag.py:3823} INFO - Setting next_dagrun for load_csv_to_postgres to None, run_after=None
[2025-11-02T10:18:38.777+0000] {processor.py:183} INFO - Processing /opt/airflow/dags/dag_csv_to_postgres_dag.py took 1.258 seconds
[2025-11-02T10:19:10.853+0000] {processor.py:161} INFO - Started process (PID=56) to work on /opt/airflow/dags/dag_csv_to_postgres_dag.py
[2025-11-02T10:19:10.884+0000] {processor.py:830} INFO - Processing file /opt/airflow/dags/dag_csv_to_postgres_dag.py for tasks to queue
[2025-11-02T10:19:10.899+0000] {logging_mixin.py:188} INFO - [2025-11-02T10:19:10.898+0000] {dagbag.py:538} INFO - Filling up the DagBag from /opt/airflow/dags/dag_csv_to_postgres_dag.py
[2025-11-02T10:19:11.271+0000] {processor.py:840} INFO - DAG(s) 'load_csv_to_postgres' retrieved from /opt/airflow/dags/dag_csv_to_postgres_dag.py
[2025-11-02T10:19:11.894+0000] {logging_mixin.py:188} INFO - [2025-11-02T10:19:11.887+0000] {dag.py:3036} INFO - Sync 1 DAGs
[2025-11-02T10:19:12.825+0000] {logging_mixin.py:188} INFO - [2025-11-02T10:19:12.824+0000] {dag.py:3823} INFO - Setting next_dagrun for load_csv_to_postgres to None, run_after=None
[2025-11-02T10:19:14.071+0000] {processor.py:183} INFO - Processing /opt/airflow/dags/dag_csv_to_postgres_dag.py took 3.306 seconds
[2025-11-02T10:20:07.654+0000] {processor.py:161} INFO - Started process (PID=74) to work on /opt/airflow/dags/dag_csv_to_postgres_dag.py
[2025-11-02T10:20:07.657+0000] {processor.py:830} INFO - Processing file /opt/airflow/dags/dag_csv_to_postgres_dag.py for tasks to queue
[2025-11-02T10:20:07.663+0000] {logging_mixin.py:188} INFO - [2025-11-02T10:20:07.663+0000] {dagbag.py:538} INFO - Filling up the DagBag from /opt/airflow/dags/dag_csv_to_postgres_dag.py
[2025-11-02T10:20:08.636+0000] {processor.py:840} INFO - DAG(s) 'load_csv_to_postgres' retrieved from /opt/airflow/dags/dag_csv_to_postgres_dag.py
[2025-11-02T10:20:10.125+0000] {logging_mixin.py:188} INFO - [2025-11-02T10:20:10.088+0000] {dag.py:3036} INFO - Sync 1 DAGs
[2025-11-02T10:20:10.254+0000] {logging_mixin.py:188} INFO - [2025-11-02T10:20:10.241+0000] {dag.py:3823} INFO - Setting next_dagrun for load_csv_to_postgres to None, run_after=None
[2025-11-02T10:20:10.516+0000] {processor.py:183} INFO - Processing /opt/airflow/dags/dag_csv_to_postgres_dag.py took 2.874 seconds
[2025-11-02T10:20:48.962+0000] {processor.py:161} INFO - Started process (PID=84) to work on /opt/airflow/dags/dag_csv_to_postgres_dag.py
[2025-11-02T10:20:49.012+0000] {processor.py:830} INFO - Processing file /opt/airflow/dags/dag_csv_to_postgres_dag.py for tasks to queue
[2025-11-02T10:20:49.060+0000] {logging_mixin.py:188} INFO - [2025-11-02T10:20:49.060+0000] {dagbag.py:538} INFO - Filling up the DagBag from /opt/airflow/dags/dag_csv_to_postgres_dag.py
[2025-11-02T10:20:49.669+0000] {processor.py:840} INFO - DAG(s) 'load_csv_to_postgres' retrieved from /opt/airflow/dags/dag_csv_to_postgres_dag.py
[2025-11-02T10:20:51.138+0000] {logging_mixin.py:188} INFO - [2025-11-02T10:20:51.137+0000] {dag.py:3036} INFO - Sync 1 DAGs
[2025-11-02T10:20:51.559+0000] {logging_mixin.py:188} INFO - [2025-11-02T10:20:51.558+0000] {dag.py:3823} INFO - Setting next_dagrun for load_csv_to_postgres to None, run_after=None
[2025-11-02T10:20:52.270+0000] {processor.py:183} INFO - Processing /opt/airflow/dags/dag_csv_to_postgres_dag.py took 3.328 seconds
[2025-11-02T10:21:41.648+0000] {processor.py:161} INFO - Started process (PID=95) to work on /opt/airflow/dags/dag_csv_to_postgres_dag.py
[2025-11-02T10:21:41.687+0000] {processor.py:830} INFO - Processing file /opt/airflow/dags/dag_csv_to_postgres_dag.py for tasks to queue
[2025-11-02T10:21:41.694+0000] {logging_mixin.py:188} INFO - [2025-11-02T10:21:41.693+0000] {dagbag.py:538} INFO - Filling up the DagBag from /opt/airflow/dags/dag_csv_to_postgres_dag.py
[2025-11-02T10:21:42.204+0000] {processor.py:840} INFO - DAG(s) 'load_csv_to_postgres' retrieved from /opt/airflow/dags/dag_csv_to_postgres_dag.py
[2025-11-02T10:21:42.661+0000] {logging_mixin.py:188} INFO - [2025-11-02T10:21:42.661+0000] {dag.py:3036} INFO - Sync 1 DAGs
[2025-11-02T10:21:44.231+0000] {logging_mixin.py:188} INFO - [2025-11-02T10:21:44.230+0000] {dag.py:3823} INFO - Setting next_dagrun for load_csv_to_postgres to None, run_after=None
[2025-11-02T10:21:45.270+0000] {processor.py:183} INFO - Processing /opt/airflow/dags/dag_csv_to_postgres_dag.py took 3.633 seconds
[2025-11-02T10:22:27.714+0000] {processor.py:161} INFO - Started process (PID=105) to work on /opt/airflow/dags/dag_csv_to_postgres_dag.py
[2025-11-02T10:22:27.767+0000] {processor.py:830} INFO - Processing file /opt/airflow/dags/dag_csv_to_postgres_dag.py for tasks to queue
[2025-11-02T10:22:27.802+0000] {logging_mixin.py:188} INFO - [2025-11-02T10:22:27.798+0000] {dagbag.py:538} INFO - Filling up the DagBag from /opt/airflow/dags/dag_csv_to_postgres_dag.py
[2025-11-02T10:22:27.928+0000] {processor.py:840} INFO - DAG(s) 'load_csv_to_postgres' retrieved from /opt/airflow/dags/dag_csv_to_postgres_dag.py
[2025-11-02T10:22:28.820+0000] {logging_mixin.py:188} INFO - [2025-11-02T10:22:28.818+0000] {dag.py:3036} INFO - Sync 1 DAGs
[2025-11-02T10:22:29.930+0000] {logging_mixin.py:188} INFO - [2025-11-02T10:22:29.930+0000] {dag.py:3823} INFO - Setting next_dagrun for load_csv_to_postgres to None, run_after=None
[2025-11-02T10:22:30.267+0000] {processor.py:183} INFO - Processing /opt/airflow/dags/dag_csv_to_postgres_dag.py took 2.758 seconds
[2025-11-02T10:23:04.849+0000] {processor.py:161} INFO - Started process (PID=116) to work on /opt/airflow/dags/dag_csv_to_postgres_dag.py
[2025-11-02T10:23:04.857+0000] {processor.py:830} INFO - Processing file /opt/airflow/dags/dag_csv_to_postgres_dag.py for tasks to queue
[2025-11-02T10:23:04.861+0000] {logging_mixin.py:188} INFO - [2025-11-02T10:23:04.860+0000] {dagbag.py:538} INFO - Filling up the DagBag from /opt/airflow/dags/dag_csv_to_postgres_dag.py
[2025-11-02T10:23:04.934+0000] {processor.py:840} INFO - DAG(s) 'load_csv_to_postgres' retrieved from /opt/airflow/dags/dag_csv_to_postgres_dag.py
[2025-11-02T10:23:05.309+0000] {logging_mixin.py:188} INFO - [2025-11-02T10:23:05.306+0000] {dag.py:3036} INFO - Sync 1 DAGs
[2025-11-02T10:23:05.659+0000] {logging_mixin.py:188} INFO - [2025-11-02T10:23:05.659+0000] {dag.py:3823} INFO - Setting next_dagrun for load_csv_to_postgres to None, run_after=None
[2025-11-02T10:23:06.251+0000] {processor.py:183} INFO - Processing /opt/airflow/dags/dag_csv_to_postgres_dag.py took 1.438 seconds
[2025-11-02T10:23:42.115+0000] {processor.py:161} INFO - Started process (PID=127) to work on /opt/airflow/dags/dag_csv_to_postgres_dag.py
[2025-11-02T10:23:42.119+0000] {processor.py:830} INFO - Processing file /opt/airflow/dags/dag_csv_to_postgres_dag.py for tasks to queue
[2025-11-02T10:23:42.121+0000] {logging_mixin.py:188} INFO - [2025-11-02T10:23:42.120+0000] {dagbag.py:538} INFO - Filling up the DagBag from /opt/airflow/dags/dag_csv_to_postgres_dag.py
[2025-11-02T10:23:42.184+0000] {processor.py:840} INFO - DAG(s) 'load_csv_to_postgres' retrieved from /opt/airflow/dags/dag_csv_to_postgres_dag.py
[2025-11-02T10:23:42.547+0000] {logging_mixin.py:188} INFO - [2025-11-02T10:23:42.547+0000] {dag.py:3036} INFO - Sync 1 DAGs
[2025-11-02T10:23:42.833+0000] {logging_mixin.py:188} INFO - [2025-11-02T10:23:42.818+0000] {dag.py:3823} INFO - Setting next_dagrun for load_csv_to_postgres to None, run_after=None
[2025-11-02T10:23:43.325+0000] {processor.py:183} INFO - Processing /opt/airflow/dags/dag_csv_to_postgres_dag.py took 1.233 seconds
[2025-11-02T10:24:13.807+0000] {processor.py:161} INFO - Started process (PID=137) to work on /opt/airflow/dags/dag_csv_to_postgres_dag.py
[2025-11-02T10:24:13.811+0000] {processor.py:830} INFO - Processing file /opt/airflow/dags/dag_csv_to_postgres_dag.py for tasks to queue
[2025-11-02T10:24:13.814+0000] {logging_mixin.py:188} INFO - [2025-11-02T10:24:13.813+0000] {dagbag.py:538} INFO - Filling up the DagBag from /opt/airflow/dags/dag_csv_to_postgres_dag.py
[2025-11-02T10:24:13.849+0000] {processor.py:840} INFO - DAG(s) 'load_csv_to_postgres' retrieved from /opt/airflow/dags/dag_csv_to_postgres_dag.py
[2025-11-02T10:24:14.025+0000] {logging_mixin.py:188} INFO - [2025-11-02T10:24:14.025+0000] {dag.py:3036} INFO - Sync 1 DAGs
[2025-11-02T10:24:14.134+0000] {logging_mixin.py:188} INFO - [2025-11-02T10:24:14.134+0000] {dag.py:3823} INFO - Setting next_dagrun for load_csv_to_postgres to None, run_after=None
[2025-11-02T10:24:14.218+0000] {processor.py:183} INFO - Processing /opt/airflow/dags/dag_csv_to_postgres_dag.py took 0.440 seconds
[2025-11-02T10:24:44.865+0000] {processor.py:161} INFO - Started process (PID=149) to work on /opt/airflow/dags/dag_csv_to_postgres_dag.py
[2025-11-02T10:24:44.868+0000] {processor.py:830} INFO - Processing file /opt/airflow/dags/dag_csv_to_postgres_dag.py for tasks to queue
[2025-11-02T10:24:44.879+0000] {logging_mixin.py:188} INFO - [2025-11-02T10:24:44.879+0000] {dagbag.py:538} INFO - Filling up the DagBag from /opt/airflow/dags/dag_csv_to_postgres_dag.py
[2025-11-02T10:24:45.092+0000] {processor.py:840} INFO - DAG(s) 'load_csv_to_postgres' retrieved from /opt/airflow/dags/dag_csv_to_postgres_dag.py
[2025-11-02T10:24:45.228+0000] {logging_mixin.py:188} INFO - [2025-11-02T10:24:45.227+0000] {dag.py:3036} INFO - Sync 1 DAGs
[2025-11-02T10:24:45.281+0000] {logging_mixin.py:188} INFO - [2025-11-02T10:24:45.280+0000] {dag.py:3823} INFO - Setting next_dagrun for load_csv_to_postgres to None, run_after=None
[2025-11-02T10:24:45.368+0000] {processor.py:183} INFO - Processing /opt/airflow/dags/dag_csv_to_postgres_dag.py took 0.521 seconds
[2025-11-02T10:25:15.967+0000] {processor.py:161} INFO - Started process (PID=161) to work on /opt/airflow/dags/dag_csv_to_postgres_dag.py
[2025-11-02T10:25:15.969+0000] {processor.py:830} INFO - Processing file /opt/airflow/dags/dag_csv_to_postgres_dag.py for tasks to queue
[2025-11-02T10:25:15.971+0000] {logging_mixin.py:188} INFO - [2025-11-02T10:25:15.971+0000] {dagbag.py:538} INFO - Filling up the DagBag from /opt/airflow/dags/dag_csv_to_postgres_dag.py
[2025-11-02T10:25:16.008+0000] {processor.py:840} INFO - DAG(s) 'load_csv_to_postgres' retrieved from /opt/airflow/dags/dag_csv_to_postgres_dag.py
[2025-11-02T10:25:16.107+0000] {logging_mixin.py:188} INFO - [2025-11-02T10:25:16.106+0000] {dag.py:3036} INFO - Sync 1 DAGs
[2025-11-02T10:25:16.157+0000] {logging_mixin.py:188} INFO - [2025-11-02T10:25:16.156+0000] {dag.py:3823} INFO - Setting next_dagrun for load_csv_to_postgres to None, run_after=None
[2025-11-02T10:25:16.200+0000] {processor.py:183} INFO - Processing /opt/airflow/dags/dag_csv_to_postgres_dag.py took 0.240 seconds
[2025-11-02T10:25:46.564+0000] {processor.py:161} INFO - Started process (PID=173) to work on /opt/airflow/dags/dag_csv_to_postgres_dag.py
[2025-11-02T10:25:46.567+0000] {processor.py:830} INFO - Processing file /opt/airflow/dags/dag_csv_to_postgres_dag.py for tasks to queue
[2025-11-02T10:25:46.572+0000] {logging_mixin.py:188} INFO - [2025-11-02T10:25:46.571+0000] {dagbag.py:538} INFO - Filling up the DagBag from /opt/airflow/dags/dag_csv_to_postgres_dag.py
[2025-11-02T10:25:46.716+0000] {processor.py:840} INFO - DAG(s) 'load_csv_to_postgres' retrieved from /opt/airflow/dags/dag_csv_to_postgres_dag.py
[2025-11-02T10:25:46.766+0000] {logging_mixin.py:188} INFO - [2025-11-02T10:25:46.765+0000] {dag.py:3036} INFO - Sync 1 DAGs
[2025-11-02T10:25:46.783+0000] {logging_mixin.py:188} INFO - [2025-11-02T10:25:46.783+0000] {dag.py:3823} INFO - Setting next_dagrun for load_csv_to_postgres to None, run_after=None
[2025-11-02T10:25:46.906+0000] {processor.py:183} INFO - Processing /opt/airflow/dags/dag_csv_to_postgres_dag.py took 0.359 seconds
[2025-11-02T10:26:17.315+0000] {processor.py:161} INFO - Started process (PID=185) to work on /opt/airflow/dags/dag_csv_to_postgres_dag.py
[2025-11-02T10:26:17.316+0000] {processor.py:830} INFO - Processing file /opt/airflow/dags/dag_csv_to_postgres_dag.py for tasks to queue
[2025-11-02T10:26:17.318+0000] {logging_mixin.py:188} INFO - [2025-11-02T10:26:17.317+0000] {dagbag.py:538} INFO - Filling up the DagBag from /opt/airflow/dags/dag_csv_to_postgres_dag.py
[2025-11-02T10:26:17.345+0000] {processor.py:840} INFO - DAG(s) 'load_csv_to_postgres' retrieved from /opt/airflow/dags/dag_csv_to_postgres_dag.py
[2025-11-02T10:26:17.410+0000] {logging_mixin.py:188} INFO - [2025-11-02T10:26:17.410+0000] {dag.py:3036} INFO - Sync 1 DAGs
[2025-11-02T10:26:17.444+0000] {logging_mixin.py:188} INFO - [2025-11-02T10:26:17.444+0000] {dag.py:3823} INFO - Setting next_dagrun for load_csv_to_postgres to None, run_after=None
[2025-11-02T10:26:17.697+0000] {processor.py:183} INFO - Processing /opt/airflow/dags/dag_csv_to_postgres_dag.py took 0.389 seconds
[2025-11-02T10:26:48.439+0000] {processor.py:161} INFO - Started process (PID=197) to work on /opt/airflow/dags/dag_csv_to_postgres_dag.py
[2025-11-02T10:26:48.442+0000] {processor.py:830} INFO - Processing file /opt/airflow/dags/dag_csv_to_postgres_dag.py for tasks to queue
[2025-11-02T10:26:48.445+0000] {logging_mixin.py:188} INFO - [2025-11-02T10:26:48.444+0000] {dagbag.py:538} INFO - Filling up the DagBag from /opt/airflow/dags/dag_csv_to_postgres_dag.py
[2025-11-02T10:26:48.550+0000] {processor.py:840} INFO - DAG(s) 'load_csv_to_postgres' retrieved from /opt/airflow/dags/dag_csv_to_postgres_dag.py
[2025-11-02T10:26:48.656+0000] {logging_mixin.py:188} INFO - [2025-11-02T10:26:48.655+0000] {dag.py:3036} INFO - Sync 1 DAGs
[2025-11-02T10:26:48.697+0000] {logging_mixin.py:188} INFO - [2025-11-02T10:26:48.696+0000] {dag.py:3823} INFO - Setting next_dagrun for load_csv_to_postgres to None, run_after=None
[2025-11-02T10:26:48.740+0000] {processor.py:183} INFO - Processing /opt/airflow/dags/dag_csv_to_postgres_dag.py took 0.316 seconds
[2025-11-02T10:27:19.588+0000] {processor.py:161} INFO - Started process (PID=209) to work on /opt/airflow/dags/dag_csv_to_postgres_dag.py
[2025-11-02T10:27:19.590+0000] {processor.py:830} INFO - Processing file /opt/airflow/dags/dag_csv_to_postgres_dag.py for tasks to queue
[2025-11-02T10:27:19.592+0000] {logging_mixin.py:188} INFO - [2025-11-02T10:27:19.592+0000] {dagbag.py:538} INFO - Filling up the DagBag from /opt/airflow/dags/dag_csv_to_postgres_dag.py
[2025-11-02T10:27:19.625+0000] {processor.py:840} INFO - DAG(s) 'load_csv_to_postgres' retrieved from /opt/airflow/dags/dag_csv_to_postgres_dag.py
[2025-11-02T10:27:19.693+0000] {logging_mixin.py:188} INFO - [2025-11-02T10:27:19.692+0000] {dag.py:3036} INFO - Sync 1 DAGs
[2025-11-02T10:27:19.728+0000] {logging_mixin.py:188} INFO - [2025-11-02T10:27:19.727+0000] {dag.py:3823} INFO - Setting next_dagrun for load_csv_to_postgres to None, run_after=None
[2025-11-02T10:27:20.033+0000] {processor.py:183} INFO - Processing /opt/airflow/dags/dag_csv_to_postgres_dag.py took 0.453 seconds
[2025-11-02T10:27:50.640+0000] {processor.py:161} INFO - Started process (PID=221) to work on /opt/airflow/dags/dag_csv_to_postgres_dag.py
[2025-11-02T10:27:50.678+0000] {processor.py:830} INFO - Processing file /opt/airflow/dags/dag_csv_to_postgres_dag.py for tasks to queue
[2025-11-02T10:27:50.690+0000] {logging_mixin.py:188} INFO - [2025-11-02T10:27:50.683+0000] {dagbag.py:538} INFO - Filling up the DagBag from /opt/airflow/dags/dag_csv_to_postgres_dag.py
[2025-11-02T10:27:50.741+0000] {processor.py:840} INFO - DAG(s) 'load_csv_to_postgres' retrieved from /opt/airflow/dags/dag_csv_to_postgres_dag.py
[2025-11-02T10:27:50.840+0000] {logging_mixin.py:188} INFO - [2025-11-02T10:27:50.838+0000] {dag.py:3036} INFO - Sync 1 DAGs
[2025-11-02T10:27:50.884+0000] {logging_mixin.py:188} INFO - [2025-11-02T10:27:50.884+0000] {dag.py:3823} INFO - Setting next_dagrun for load_csv_to_postgres to None, run_after=None
[2025-11-02T10:27:50.959+0000] {processor.py:183} INFO - Processing /opt/airflow/dags/dag_csv_to_postgres_dag.py took 0.327 seconds
[2025-11-02T10:28:21.665+0000] {processor.py:161} INFO - Started process (PID=233) to work on /opt/airflow/dags/dag_csv_to_postgres_dag.py
[2025-11-02T10:28:21.667+0000] {processor.py:830} INFO - Processing file /opt/airflow/dags/dag_csv_to_postgres_dag.py for tasks to queue
[2025-11-02T10:28:21.669+0000] {logging_mixin.py:188} INFO - [2025-11-02T10:28:21.669+0000] {dagbag.py:538} INFO - Filling up the DagBag from /opt/airflow/dags/dag_csv_to_postgres_dag.py
[2025-11-02T10:28:21.710+0000] {processor.py:840} INFO - DAG(s) 'load_csv_to_postgres' retrieved from /opt/airflow/dags/dag_csv_to_postgres_dag.py
[2025-11-02T10:28:21.826+0000] {logging_mixin.py:188} INFO - [2025-11-02T10:28:21.826+0000] {dag.py:3036} INFO - Sync 1 DAGs
[2025-11-02T10:28:21.850+0000] {logging_mixin.py:188} INFO - [2025-11-02T10:28:21.850+0000] {dag.py:3823} INFO - Setting next_dagrun for load_csv_to_postgres to None, run_after=None
[2025-11-02T10:28:21.891+0000] {processor.py:183} INFO - Processing /opt/airflow/dags/dag_csv_to_postgres_dag.py took 0.231 seconds
[2025-11-02T10:28:52.257+0000] {processor.py:161} INFO - Started process (PID=245) to work on /opt/airflow/dags/dag_csv_to_postgres_dag.py
[2025-11-02T10:28:52.259+0000] {processor.py:830} INFO - Processing file /opt/airflow/dags/dag_csv_to_postgres_dag.py for tasks to queue
[2025-11-02T10:28:52.262+0000] {logging_mixin.py:188} INFO - [2025-11-02T10:28:52.261+0000] {dagbag.py:538} INFO - Filling up the DagBag from /opt/airflow/dags/dag_csv_to_postgres_dag.py
[2025-11-02T10:28:52.296+0000] {processor.py:840} INFO - DAG(s) 'load_csv_to_postgres' retrieved from /opt/airflow/dags/dag_csv_to_postgres_dag.py
[2025-11-02T10:28:52.337+0000] {logging_mixin.py:188} INFO - [2025-11-02T10:28:52.337+0000] {dag.py:3036} INFO - Sync 1 DAGs
[2025-11-02T10:28:52.354+0000] {logging_mixin.py:188} INFO - [2025-11-02T10:28:52.354+0000] {dag.py:3823} INFO - Setting next_dagrun for load_csv_to_postgres to None, run_after=None
[2025-11-02T10:28:52.561+0000] {processor.py:183} INFO - Processing /opt/airflow/dags/dag_csv_to_postgres_dag.py took 0.312 seconds
[2025-11-02T10:29:22.828+0000] {processor.py:161} INFO - Started process (PID=257) to work on /opt/airflow/dags/dag_csv_to_postgres_dag.py
[2025-11-02T10:29:22.830+0000] {processor.py:830} INFO - Processing file /opt/airflow/dags/dag_csv_to_postgres_dag.py for tasks to queue
[2025-11-02T10:29:22.832+0000] {logging_mixin.py:188} INFO - [2025-11-02T10:29:22.831+0000] {dagbag.py:538} INFO - Filling up the DagBag from /opt/airflow/dags/dag_csv_to_postgres_dag.py
[2025-11-02T10:29:22.870+0000] {processor.py:840} INFO - DAG(s) 'load_csv_to_postgres' retrieved from /opt/airflow/dags/dag_csv_to_postgres_dag.py
[2025-11-02T10:29:22.912+0000] {logging_mixin.py:188} INFO - [2025-11-02T10:29:22.912+0000] {dag.py:3036} INFO - Sync 1 DAGs
[2025-11-02T10:29:22.929+0000] {logging_mixin.py:188} INFO - [2025-11-02T10:29:22.928+0000] {dag.py:3823} INFO - Setting next_dagrun for load_csv_to_postgres to None, run_after=None
[2025-11-02T10:29:23.104+0000] {processor.py:183} INFO - Processing /opt/airflow/dags/dag_csv_to_postgres_dag.py took 0.284 seconds
[2025-11-02T10:29:53.858+0000] {processor.py:161} INFO - Started process (PID=269) to work on /opt/airflow/dags/dag_csv_to_postgres_dag.py
[2025-11-02T10:29:53.862+0000] {processor.py:830} INFO - Processing file /opt/airflow/dags/dag_csv_to_postgres_dag.py for tasks to queue
[2025-11-02T10:29:53.872+0000] {logging_mixin.py:188} INFO - [2025-11-02T10:29:53.864+0000] {dagbag.py:538} INFO - Filling up the DagBag from /opt/airflow/dags/dag_csv_to_postgres_dag.py
[2025-11-02T10:29:53.929+0000] {processor.py:840} INFO - DAG(s) 'load_csv_to_postgres' retrieved from /opt/airflow/dags/dag_csv_to_postgres_dag.py
[2025-11-02T10:29:53.983+0000] {logging_mixin.py:188} INFO - [2025-11-02T10:29:53.983+0000] {dag.py:3036} INFO - Sync 1 DAGs
[2025-11-02T10:29:54.008+0000] {logging_mixin.py:188} INFO - [2025-11-02T10:29:54.008+0000] {dag.py:3823} INFO - Setting next_dagrun for load_csv_to_postgres to None, run_after=None
[2025-11-02T10:29:54.070+0000] {processor.py:183} INFO - Processing /opt/airflow/dags/dag_csv_to_postgres_dag.py took 0.222 seconds
[2025-11-02T10:30:25.278+0000] {processor.py:161} INFO - Started process (PID=272) to work on /opt/airflow/dags/dag_csv_to_postgres_dag.py
[2025-11-02T10:30:25.284+0000] {processor.py:830} INFO - Processing file /opt/airflow/dags/dag_csv_to_postgres_dag.py for tasks to queue
[2025-11-02T10:30:25.287+0000] {logging_mixin.py:188} INFO - [2025-11-02T10:30:25.286+0000] {dagbag.py:538} INFO - Filling up the DagBag from /opt/airflow/dags/dag_csv_to_postgres_dag.py
[2025-11-02T10:30:25.333+0000] {processor.py:840} INFO - DAG(s) 'load_csv_to_postgres' retrieved from /opt/airflow/dags/dag_csv_to_postgres_dag.py
[2025-11-02T10:30:25.397+0000] {logging_mixin.py:188} INFO - [2025-11-02T10:30:25.396+0000] {dag.py:3036} INFO - Sync 1 DAGs
[2025-11-02T10:30:25.418+0000] {logging_mixin.py:188} INFO - [2025-11-02T10:30:25.417+0000] {dag.py:3823} INFO - Setting next_dagrun for load_csv_to_postgres to None, run_after=None
[2025-11-02T10:30:25.465+0000] {processor.py:183} INFO - Processing /opt/airflow/dags/dag_csv_to_postgres_dag.py took 0.201 seconds
[2025-11-02T10:30:58.153+0000] {processor.py:161} INFO - Started process (PID=284) to work on /opt/airflow/dags/dag_csv_to_postgres_dag.py
[2025-11-02T10:30:58.155+0000] {processor.py:830} INFO - Processing file /opt/airflow/dags/dag_csv_to_postgres_dag.py for tasks to queue
[2025-11-02T10:30:58.157+0000] {logging_mixin.py:188} INFO - [2025-11-02T10:30:58.156+0000] {dagbag.py:538} INFO - Filling up the DagBag from /opt/airflow/dags/dag_csv_to_postgres_dag.py
[2025-11-02T10:30:58.185+0000] {processor.py:840} INFO - DAG(s) 'load_csv_to_postgres' retrieved from /opt/airflow/dags/dag_csv_to_postgres_dag.py
[2025-11-02T10:30:58.240+0000] {logging_mixin.py:188} INFO - [2025-11-02T10:30:58.240+0000] {dag.py:3036} INFO - Sync 1 DAGs
[2025-11-02T10:30:58.267+0000] {logging_mixin.py:188} INFO - [2025-11-02T10:30:58.267+0000] {dag.py:3823} INFO - Setting next_dagrun for load_csv_to_postgres to None, run_after=None
[2025-11-02T10:30:58.305+0000] {processor.py:183} INFO - Processing /opt/airflow/dags/dag_csv_to_postgres_dag.py took 0.158 seconds
[2025-11-02T10:31:31.795+0000] {processor.py:161} INFO - Started process (PID=296) to work on /opt/airflow/dags/dag_csv_to_postgres_dag.py
[2025-11-02T10:31:31.797+0000] {processor.py:830} INFO - Processing file /opt/airflow/dags/dag_csv_to_postgres_dag.py for tasks to queue
[2025-11-02T10:31:31.800+0000] {logging_mixin.py:188} INFO - [2025-11-02T10:31:31.799+0000] {dagbag.py:538} INFO - Filling up the DagBag from /opt/airflow/dags/dag_csv_to_postgres_dag.py
[2025-11-02T10:31:31.845+0000] {processor.py:840} INFO - DAG(s) 'load_csv_to_postgres' retrieved from /opt/airflow/dags/dag_csv_to_postgres_dag.py
[2025-11-02T10:31:31.945+0000] {logging_mixin.py:188} INFO - [2025-11-02T10:31:31.944+0000] {dag.py:3036} INFO - Sync 1 DAGs
[2025-11-02T10:31:32.007+0000] {logging_mixin.py:188} INFO - [2025-11-02T10:31:32.006+0000] {dag.py:3823} INFO - Setting next_dagrun for load_csv_to_postgres to None, run_after=None
[2025-11-02T10:31:32.108+0000] {processor.py:183} INFO - Processing /opt/airflow/dags/dag_csv_to_postgres_dag.py took 0.321 seconds
[2025-11-02T10:32:04.903+0000] {processor.py:161} INFO - Started process (PID=308) to work on /opt/airflow/dags/dag_csv_to_postgres_dag.py
[2025-11-02T10:32:04.906+0000] {processor.py:830} INFO - Processing file /opt/airflow/dags/dag_csv_to_postgres_dag.py for tasks to queue
[2025-11-02T10:32:04.909+0000] {logging_mixin.py:188} INFO - [2025-11-02T10:32:04.908+0000] {dagbag.py:538} INFO - Filling up the DagBag from /opt/airflow/dags/dag_csv_to_postgres_dag.py
[2025-11-02T10:32:05.008+0000] {processor.py:840} INFO - DAG(s) 'load_csv_to_postgres' retrieved from /opt/airflow/dags/dag_csv_to_postgres_dag.py
[2025-11-02T10:32:05.089+0000] {logging_mixin.py:188} INFO - [2025-11-02T10:32:05.088+0000] {dag.py:3036} INFO - Sync 1 DAGs
[2025-11-02T10:32:05.124+0000] {logging_mixin.py:188} INFO - [2025-11-02T10:32:05.124+0000] {dag.py:3823} INFO - Setting next_dagrun for load_csv_to_postgres to None, run_after=None
[2025-11-02T10:32:05.195+0000] {processor.py:183} INFO - Processing /opt/airflow/dags/dag_csv_to_postgres_dag.py took 0.308 seconds
[2025-11-02T10:32:38.163+0000] {processor.py:161} INFO - Started process (PID=320) to work on /opt/airflow/dags/dag_csv_to_postgres_dag.py
[2025-11-02T10:32:38.166+0000] {processor.py:830} INFO - Processing file /opt/airflow/dags/dag_csv_to_postgres_dag.py for tasks to queue
[2025-11-02T10:32:38.168+0000] {logging_mixin.py:188} INFO - [2025-11-02T10:32:38.167+0000] {dagbag.py:538} INFO - Filling up the DagBag from /opt/airflow/dags/dag_csv_to_postgres_dag.py
[2025-11-02T10:32:38.207+0000] {processor.py:840} INFO - DAG(s) 'load_csv_to_postgres' retrieved from /opt/airflow/dags/dag_csv_to_postgres_dag.py
[2025-11-02T10:32:38.286+0000] {logging_mixin.py:188} INFO - [2025-11-02T10:32:38.285+0000] {dag.py:3036} INFO - Sync 1 DAGs
[2025-11-02T10:32:38.335+0000] {logging_mixin.py:188} INFO - [2025-11-02T10:32:38.335+0000] {dag.py:3823} INFO - Setting next_dagrun for load_csv_to_postgres to None, run_after=None
[2025-11-02T10:32:38.389+0000] {processor.py:183} INFO - Processing /opt/airflow/dags/dag_csv_to_postgres_dag.py took 0.233 seconds
[2025-11-02T10:33:11.951+0000] {processor.py:161} INFO - Started process (PID=332) to work on /opt/airflow/dags/dag_csv_to_postgres_dag.py
[2025-11-02T10:33:11.953+0000] {processor.py:830} INFO - Processing file /opt/airflow/dags/dag_csv_to_postgres_dag.py for tasks to queue
[2025-11-02T10:33:11.955+0000] {logging_mixin.py:188} INFO - [2025-11-02T10:33:11.954+0000] {dagbag.py:538} INFO - Filling up the DagBag from /opt/airflow/dags/dag_csv_to_postgres_dag.py
[2025-11-02T10:33:12.058+0000] {processor.py:840} INFO - DAG(s) 'load_csv_to_postgres' retrieved from /opt/airflow/dags/dag_csv_to_postgres_dag.py
[2025-11-02T10:33:12.249+0000] {logging_mixin.py:188} INFO - [2025-11-02T10:33:12.249+0000] {dag.py:3036} INFO - Sync 1 DAGs
[2025-11-02T10:33:12.284+0000] {logging_mixin.py:188} INFO - [2025-11-02T10:33:12.284+0000] {dag.py:3823} INFO - Setting next_dagrun for load_csv_to_postgres to None, run_after=None
[2025-11-02T10:33:12.592+0000] {processor.py:183} INFO - Processing /opt/airflow/dags/dag_csv_to_postgres_dag.py took 0.647 seconds
[2025-11-02T10:33:44.834+0000] {processor.py:161} INFO - Started process (PID=344) to work on /opt/airflow/dags/dag_csv_to_postgres_dag.py
[2025-11-02T10:33:44.837+0000] {processor.py:830} INFO - Processing file /opt/airflow/dags/dag_csv_to_postgres_dag.py for tasks to queue
[2025-11-02T10:33:44.839+0000] {logging_mixin.py:188} INFO - [2025-11-02T10:33:44.838+0000] {dagbag.py:538} INFO - Filling up the DagBag from /opt/airflow/dags/dag_csv_to_postgres_dag.py
[2025-11-02T10:33:44.931+0000] {processor.py:840} INFO - DAG(s) 'load_csv_to_postgres' retrieved from /opt/airflow/dags/dag_csv_to_postgres_dag.py
[2025-11-02T10:33:45.041+0000] {logging_mixin.py:188} INFO - [2025-11-02T10:33:45.041+0000] {dag.py:3036} INFO - Sync 1 DAGs
[2025-11-02T10:33:45.349+0000] {logging_mixin.py:188} INFO - [2025-11-02T10:33:45.347+0000] {dag.py:3823} INFO - Setting next_dagrun for load_csv_to_postgres to None, run_after=None
[2025-11-02T10:33:45.513+0000] {processor.py:183} INFO - Processing /opt/airflow/dags/dag_csv_to_postgres_dag.py took 0.690 seconds
[2025-11-02T10:34:20.188+0000] {processor.py:161} INFO - Started process (PID=357) to work on /opt/airflow/dags/dag_csv_to_postgres_dag.py
[2025-11-02T10:34:20.206+0000] {processor.py:830} INFO - Processing file /opt/airflow/dags/dag_csv_to_postgres_dag.py for tasks to queue
[2025-11-02T10:34:20.209+0000] {logging_mixin.py:188} INFO - [2025-11-02T10:34:20.208+0000] {dagbag.py:538} INFO - Filling up the DagBag from /opt/airflow/dags/dag_csv_to_postgres_dag.py
[2025-11-02T10:34:20.432+0000] {processor.py:840} INFO - DAG(s) 'load_csv_to_postgres' retrieved from /opt/airflow/dags/dag_csv_to_postgres_dag.py
[2025-11-02T10:34:20.757+0000] {logging_mixin.py:188} INFO - [2025-11-02T10:34:20.746+0000] {dag.py:3036} INFO - Sync 1 DAGs
[2025-11-02T10:34:21.117+0000] {logging_mixin.py:188} INFO - [2025-11-02T10:34:21.116+0000] {dag.py:3823} INFO - Setting next_dagrun for load_csv_to_postgres to None, run_after=None
[2025-11-02T10:34:21.325+0000] {processor.py:183} INFO - Processing /opt/airflow/dags/dag_csv_to_postgres_dag.py took 1.154 seconds
[2025-11-02T10:34:53.176+0000] {processor.py:161} INFO - Started process (PID=369) to work on /opt/airflow/dags/dag_csv_to_postgres_dag.py
[2025-11-02T10:34:53.193+0000] {processor.py:830} INFO - Processing file /opt/airflow/dags/dag_csv_to_postgres_dag.py for tasks to queue
[2025-11-02T10:34:53.197+0000] {logging_mixin.py:188} INFO - [2025-11-02T10:34:53.196+0000] {dagbag.py:538} INFO - Filling up the DagBag from /opt/airflow/dags/dag_csv_to_postgres_dag.py
[2025-11-02T10:34:53.284+0000] {processor.py:840} INFO - DAG(s) 'load_csv_to_postgres' retrieved from /opt/airflow/dags/dag_csv_to_postgres_dag.py
[2025-11-02T10:34:53.512+0000] {logging_mixin.py:188} INFO - [2025-11-02T10:34:53.512+0000] {dag.py:3036} INFO - Sync 1 DAGs
[2025-11-02T10:34:53.568+0000] {logging_mixin.py:188} INFO - [2025-11-02T10:34:53.568+0000] {dag.py:3823} INFO - Setting next_dagrun for load_csv_to_postgres to None, run_after=None
[2025-11-02T10:34:53.757+0000] {processor.py:183} INFO - Processing /opt/airflow/dags/dag_csv_to_postgres_dag.py took 0.600 seconds
[2025-11-02T10:35:27.561+0000] {processor.py:161} INFO - Started process (PID=381) to work on /opt/airflow/dags/dag_csv_to_postgres_dag.py
[2025-11-02T10:35:27.593+0000] {processor.py:830} INFO - Processing file /opt/airflow/dags/dag_csv_to_postgres_dag.py for tasks to queue
[2025-11-02T10:35:27.641+0000] {logging_mixin.py:188} INFO - [2025-11-02T10:35:27.640+0000] {dagbag.py:538} INFO - Filling up the DagBag from /opt/airflow/dags/dag_csv_to_postgres_dag.py
[2025-11-02T10:35:28.113+0000] {processor.py:840} INFO - DAG(s) 'load_csv_to_postgres' retrieved from /opt/airflow/dags/dag_csv_to_postgres_dag.py
[2025-11-02T10:35:28.325+0000] {logging_mixin.py:188} INFO - [2025-11-02T10:35:28.325+0000] {dag.py:3036} INFO - Sync 1 DAGs
[2025-11-02T10:35:28.431+0000] {logging_mixin.py:188} INFO - [2025-11-02T10:35:28.431+0000] {dag.py:3823} INFO - Setting next_dagrun for load_csv_to_postgres to None, run_after=None
[2025-11-02T10:35:28.650+0000] {processor.py:183} INFO - Processing /opt/airflow/dags/dag_csv_to_postgres_dag.py took 1.256 seconds
[2025-11-02T10:36:01.758+0000] {processor.py:161} INFO - Started process (PID=393) to work on /opt/airflow/dags/dag_csv_to_postgres_dag.py
[2025-11-02T10:36:01.775+0000] {processor.py:830} INFO - Processing file /opt/airflow/dags/dag_csv_to_postgres_dag.py for tasks to queue
[2025-11-02T10:36:01.791+0000] {logging_mixin.py:188} INFO - [2025-11-02T10:36:01.790+0000] {dagbag.py:538} INFO - Filling up the DagBag from /opt/airflow/dags/dag_csv_to_postgres_dag.py
[2025-11-02T10:36:02.125+0000] {processor.py:840} INFO - DAG(s) 'load_csv_to_postgres' retrieved from /opt/airflow/dags/dag_csv_to_postgres_dag.py
[2025-11-02T10:36:02.269+0000] {logging_mixin.py:188} INFO - [2025-11-02T10:36:02.268+0000] {dag.py:3036} INFO - Sync 1 DAGs
[2025-11-02T10:36:02.319+0000] {logging_mixin.py:188} INFO - [2025-11-02T10:36:02.319+0000] {dag.py:3823} INFO - Setting next_dagrun for load_csv_to_postgres to None, run_after=None
[2025-11-02T10:36:02.495+0000] {processor.py:183} INFO - Processing /opt/airflow/dags/dag_csv_to_postgres_dag.py took 0.758 seconds
[2025-11-02T10:36:43.152+0000] {processor.py:161} INFO - Started process (PID=405) to work on /opt/airflow/dags/dag_csv_to_postgres_dag.py
[2025-11-02T10:36:43.169+0000] {processor.py:830} INFO - Processing file /opt/airflow/dags/dag_csv_to_postgres_dag.py for tasks to queue
[2025-11-02T10:36:43.192+0000] {logging_mixin.py:188} INFO - [2025-11-02T10:36:43.190+0000] {dagbag.py:538} INFO - Filling up the DagBag from /opt/airflow/dags/dag_csv_to_postgres_dag.py
[2025-11-02T10:36:44.237+0000] {processor.py:840} INFO - DAG(s) 'load_csv_to_postgres' retrieved from /opt/airflow/dags/dag_csv_to_postgres_dag.py
[2025-11-02T10:36:44.784+0000] {logging_mixin.py:188} INFO - [2025-11-02T10:36:44.783+0000] {dag.py:3036} INFO - Sync 1 DAGs
[2025-11-02T10:36:44.929+0000] {logging_mixin.py:188} INFO - [2025-11-02T10:36:44.928+0000] {dag.py:3823} INFO - Setting next_dagrun for load_csv_to_postgres to None, run_after=None
[2025-11-02T10:36:45.313+0000] {processor.py:183} INFO - Processing /opt/airflow/dags/dag_csv_to_postgres_dag.py took 2.199 seconds
[2025-11-02T10:38:01.316+0000] {processor.py:161} INFO - Started process (PID=423) to work on /opt/airflow/dags/dag_csv_to_postgres_dag.py
[2025-11-02T10:38:01.395+0000] {processor.py:830} INFO - Processing file /opt/airflow/dags/dag_csv_to_postgres_dag.py for tasks to queue
[2025-11-02T10:38:01.405+0000] {logging_mixin.py:188} INFO - [2025-11-02T10:38:01.404+0000] {dagbag.py:538} INFO - Filling up the DagBag from /opt/airflow/dags/dag_csv_to_postgres_dag.py
[2025-11-02T10:38:02.605+0000] {processor.py:840} INFO - DAG(s) 'load_csv_to_postgres' retrieved from /opt/airflow/dags/dag_csv_to_postgres_dag.py
[2025-11-02T10:38:03.061+0000] {logging_mixin.py:188} INFO - [2025-11-02T10:38:03.060+0000] {dag.py:3036} INFO - Sync 1 DAGs
[2025-11-02T10:38:03.359+0000] {logging_mixin.py:188} INFO - [2025-11-02T10:38:03.358+0000] {dag.py:3823} INFO - Setting next_dagrun for load_csv_to_postgres to None, run_after=None
[2025-11-02T10:38:03.613+0000] {processor.py:183} INFO - Processing /opt/airflow/dags/dag_csv_to_postgres_dag.py took 2.334 seconds
[2025-11-02T10:38:34.251+0000] {processor.py:161} INFO - Started process (PID=435) to work on /opt/airflow/dags/dag_csv_to_postgres_dag.py
[2025-11-02T10:38:34.254+0000] {processor.py:830} INFO - Processing file /opt/airflow/dags/dag_csv_to_postgres_dag.py for tasks to queue
[2025-11-02T10:38:34.265+0000] {logging_mixin.py:188} INFO - [2025-11-02T10:38:34.256+0000] {dagbag.py:538} INFO - Filling up the DagBag from /opt/airflow/dags/dag_csv_to_postgres_dag.py
[2025-11-02T10:38:34.304+0000] {processor.py:840} INFO - DAG(s) 'load_csv_to_postgres' retrieved from /opt/airflow/dags/dag_csv_to_postgres_dag.py
[2025-11-02T10:38:34.929+0000] {logging_mixin.py:188} INFO - [2025-11-02T10:38:34.928+0000] {dag.py:3036} INFO - Sync 1 DAGs
[2025-11-02T10:38:35.513+0000] {logging_mixin.py:188} INFO - [2025-11-02T10:38:35.512+0000] {dag.py:3823} INFO - Setting next_dagrun for load_csv_to_postgres to None, run_after=None
[2025-11-02T10:38:35.889+0000] {processor.py:183} INFO - Processing /opt/airflow/dags/dag_csv_to_postgres_dag.py took 1.653 seconds
[2025-11-02T10:39:10.552+0000] {processor.py:161} INFO - Started process (PID=444) to work on /opt/airflow/dags/dag_csv_to_postgres_dag.py
[2025-11-02T10:39:10.561+0000] {processor.py:830} INFO - Processing file /opt/airflow/dags/dag_csv_to_postgres_dag.py for tasks to queue
[2025-11-02T10:39:10.582+0000] {logging_mixin.py:188} INFO - [2025-11-02T10:39:10.582+0000] {dagbag.py:538} INFO - Filling up the DagBag from /opt/airflow/dags/dag_csv_to_postgres_dag.py
[2025-11-02T10:39:10.701+0000] {processor.py:840} INFO - DAG(s) 'load_csv_to_postgres' retrieved from /opt/airflow/dags/dag_csv_to_postgres_dag.py
[2025-11-02T10:39:10.768+0000] {logging_mixin.py:188} INFO - [2025-11-02T10:39:10.768+0000] {dag.py:3036} INFO - Sync 1 DAGs
[2025-11-02T10:39:10.789+0000] {logging_mixin.py:188} INFO - [2025-11-02T10:39:10.788+0000] {dag.py:3823} INFO - Setting next_dagrun for load_csv_to_postgres to None, run_after=None
[2025-11-02T10:39:10.871+0000] {processor.py:183} INFO - Processing /opt/airflow/dags/dag_csv_to_postgres_dag.py took 0.329 seconds
[2025-11-02T10:39:41.014+0000] {processor.py:161} INFO - Started process (PID=454) to work on /opt/airflow/dags/dag_csv_to_postgres_dag.py
[2025-11-02T10:39:41.021+0000] {processor.py:830} INFO - Processing file /opt/airflow/dags/dag_csv_to_postgres_dag.py for tasks to queue
[2025-11-02T10:39:41.032+0000] {logging_mixin.py:188} INFO - [2025-11-02T10:39:41.032+0000] {dagbag.py:538} INFO - Filling up the DagBag from /opt/airflow/dags/dag_csv_to_postgres_dag.py
[2025-11-02T10:39:41.071+0000] {processor.py:840} INFO - DAG(s) 'load_csv_to_postgres' retrieved from /opt/airflow/dags/dag_csv_to_postgres_dag.py
[2025-11-02T10:39:41.242+0000] {logging_mixin.py:188} INFO - [2025-11-02T10:39:41.241+0000] {dag.py:3036} INFO - Sync 1 DAGs
[2025-11-02T10:39:41.379+0000] {logging_mixin.py:188} INFO - [2025-11-02T10:39:41.379+0000] {dag.py:3823} INFO - Setting next_dagrun for load_csv_to_postgres to None, run_after=None
[2025-11-02T10:39:41.483+0000] {processor.py:183} INFO - Processing /opt/airflow/dags/dag_csv_to_postgres_dag.py took 0.499 seconds
[2025-11-02T10:40:13.106+0000] {processor.py:161} INFO - Started process (PID=466) to work on /opt/airflow/dags/dag_csv_to_postgres_dag.py
[2025-11-02T10:40:13.109+0000] {processor.py:830} INFO - Processing file /opt/airflow/dags/dag_csv_to_postgres_dag.py for tasks to queue
[2025-11-02T10:40:13.120+0000] {logging_mixin.py:188} INFO - [2025-11-02T10:40:13.120+0000] {dagbag.py:538} INFO - Filling up the DagBag from /opt/airflow/dags/dag_csv_to_postgres_dag.py
[2025-11-02T10:40:13.249+0000] {processor.py:840} INFO - DAG(s) 'load_csv_to_postgres' retrieved from /opt/airflow/dags/dag_csv_to_postgres_dag.py
[2025-11-02T10:40:13.455+0000] {logging_mixin.py:188} INFO - [2025-11-02T10:40:13.455+0000] {dag.py:3036} INFO - Sync 1 DAGs
[2025-11-02T10:40:13.627+0000] {logging_mixin.py:188} INFO - [2025-11-02T10:40:13.627+0000] {dag.py:3823} INFO - Setting next_dagrun for load_csv_to_postgres to None, run_after=None
[2025-11-02T10:40:13.820+0000] {processor.py:183} INFO - Processing /opt/airflow/dags/dag_csv_to_postgres_dag.py took 0.740 seconds
[2025-11-02T10:40:44.493+0000] {processor.py:161} INFO - Started process (PID=478) to work on /opt/airflow/dags/dag_csv_to_postgres_dag.py
[2025-11-02T10:40:44.505+0000] {processor.py:830} INFO - Processing file /opt/airflow/dags/dag_csv_to_postgres_dag.py for tasks to queue
[2025-11-02T10:40:44.508+0000] {logging_mixin.py:188} INFO - [2025-11-02T10:40:44.507+0000] {dagbag.py:538} INFO - Filling up the DagBag from /opt/airflow/dags/dag_csv_to_postgres_dag.py
[2025-11-02T10:40:44.564+0000] {processor.py:840} INFO - DAG(s) 'load_csv_to_postgres' retrieved from /opt/airflow/dags/dag_csv_to_postgres_dag.py
[2025-11-02T10:40:45.000+0000] {logging_mixin.py:188} INFO - [2025-11-02T10:40:44.999+0000] {dag.py:3036} INFO - Sync 1 DAGs
[2025-11-02T10:40:45.084+0000] {logging_mixin.py:188} INFO - [2025-11-02T10:40:45.074+0000] {dag.py:3823} INFO - Setting next_dagrun for load_csv_to_postgres to None, run_after=None
[2025-11-02T10:40:45.261+0000] {processor.py:183} INFO - Processing /opt/airflow/dags/dag_csv_to_postgres_dag.py took 0.786 seconds
[2025-11-02T10:41:16.359+0000] {processor.py:161} INFO - Started process (PID=490) to work on /opt/airflow/dags/dag_csv_to_postgres_dag.py
[2025-11-02T10:41:16.362+0000] {processor.py:830} INFO - Processing file /opt/airflow/dags/dag_csv_to_postgres_dag.py for tasks to queue
[2025-11-02T10:41:16.372+0000] {logging_mixin.py:188} INFO - [2025-11-02T10:41:16.371+0000] {dagbag.py:538} INFO - Filling up the DagBag from /opt/airflow/dags/dag_csv_to_postgres_dag.py
[2025-11-02T10:41:16.527+0000] {processor.py:840} INFO - DAG(s) 'load_csv_to_postgres' retrieved from /opt/airflow/dags/dag_csv_to_postgres_dag.py
[2025-11-02T10:41:16.673+0000] {logging_mixin.py:188} INFO - [2025-11-02T10:41:16.673+0000] {dag.py:3036} INFO - Sync 1 DAGs
[2025-11-02T10:41:16.834+0000] {logging_mixin.py:188} INFO - [2025-11-02T10:41:16.834+0000] {dag.py:3823} INFO - Setting next_dagrun for load_csv_to_postgres to None, run_after=None
[2025-11-02T10:41:16.991+0000] {processor.py:183} INFO - Processing /opt/airflow/dags/dag_csv_to_postgres_dag.py took 0.639 seconds
[2025-11-02T10:41:47.847+0000] {processor.py:161} INFO - Started process (PID=501) to work on /opt/airflow/dags/dag_csv_to_postgres_dag.py
[2025-11-02T10:41:47.849+0000] {processor.py:830} INFO - Processing file /opt/airflow/dags/dag_csv_to_postgres_dag.py for tasks to queue
[2025-11-02T10:41:47.861+0000] {logging_mixin.py:188} INFO - [2025-11-02T10:41:47.852+0000] {dagbag.py:538} INFO - Filling up the DagBag from /opt/airflow/dags/dag_csv_to_postgres_dag.py
[2025-11-02T10:41:48.011+0000] {processor.py:840} INFO - DAG(s) 'load_csv_to_postgres' retrieved from /opt/airflow/dags/dag_csv_to_postgres_dag.py
[2025-11-02T10:41:48.382+0000] {logging_mixin.py:188} INFO - [2025-11-02T10:41:48.382+0000] {dag.py:3036} INFO - Sync 1 DAGs
[2025-11-02T10:41:48.545+0000] {logging_mixin.py:188} INFO - [2025-11-02T10:41:48.544+0000] {dag.py:3823} INFO - Setting next_dagrun for load_csv_to_postgres to None, run_after=None
[2025-11-02T10:41:48.997+0000] {processor.py:183} INFO - Processing /opt/airflow/dags/dag_csv_to_postgres_dag.py took 1.170 seconds
[2025-11-02T10:42:20.374+0000] {processor.py:161} INFO - Started process (PID=507) to work on /opt/airflow/dags/dag_csv_to_postgres_dag.py
[2025-11-02T10:42:20.413+0000] {processor.py:830} INFO - Processing file /opt/airflow/dags/dag_csv_to_postgres_dag.py for tasks to queue
[2025-11-02T10:42:20.426+0000] {logging_mixin.py:188} INFO - [2025-11-02T10:42:20.425+0000] {dagbag.py:538} INFO - Filling up the DagBag from /opt/airflow/dags/dag_csv_to_postgres_dag.py
[2025-11-02T10:42:20.630+0000] {processor.py:840} INFO - DAG(s) 'load_csv_to_postgres' retrieved from /opt/airflow/dags/dag_csv_to_postgres_dag.py
[2025-11-02T10:42:20.955+0000] {logging_mixin.py:188} INFO - [2025-11-02T10:42:20.954+0000] {dag.py:3036} INFO - Sync 1 DAGs
[2025-11-02T10:42:21.059+0000] {logging_mixin.py:188} INFO - [2025-11-02T10:42:21.059+0000] {dag.py:3823} INFO - Setting next_dagrun for load_csv_to_postgres to None, run_after=None
[2025-11-02T10:42:21.208+0000] {processor.py:183} INFO - Processing /opt/airflow/dags/dag_csv_to_postgres_dag.py took 0.866 seconds
[2025-11-02T10:42:51.670+0000] {processor.py:161} INFO - Started process (PID=518) to work on /opt/airflow/dags/dag_csv_to_postgres_dag.py
[2025-11-02T10:42:51.692+0000] {processor.py:830} INFO - Processing file /opt/airflow/dags/dag_csv_to_postgres_dag.py for tasks to queue
[2025-11-02T10:42:51.694+0000] {logging_mixin.py:188} INFO - [2025-11-02T10:42:51.694+0000] {dagbag.py:538} INFO - Filling up the DagBag from /opt/airflow/dags/dag_csv_to_postgres_dag.py
[2025-11-02T10:42:51.822+0000] {processor.py:840} INFO - DAG(s) 'load_csv_to_postgres' retrieved from /opt/airflow/dags/dag_csv_to_postgres_dag.py
[2025-11-02T10:42:52.015+0000] {logging_mixin.py:188} INFO - [2025-11-02T10:42:52.014+0000] {dag.py:3036} INFO - Sync 1 DAGs
[2025-11-02T10:42:52.062+0000] {logging_mixin.py:188} INFO - [2025-11-02T10:42:52.061+0000] {dag.py:3823} INFO - Setting next_dagrun for load_csv_to_postgres to None, run_after=None
[2025-11-02T10:42:52.223+0000] {processor.py:183} INFO - Processing /opt/airflow/dags/dag_csv_to_postgres_dag.py took 0.572 seconds
[2025-11-02T10:43:22.832+0000] {processor.py:161} INFO - Started process (PID=530) to work on /opt/airflow/dags/dag_csv_to_postgres_dag.py
[2025-11-02T10:43:22.838+0000] {processor.py:830} INFO - Processing file /opt/airflow/dags/dag_csv_to_postgres_dag.py for tasks to queue
[2025-11-02T10:43:22.843+0000] {logging_mixin.py:188} INFO - [2025-11-02T10:43:22.843+0000] {dagbag.py:538} INFO - Filling up the DagBag from /opt/airflow/dags/dag_csv_to_postgres_dag.py
[2025-11-02T10:43:23.017+0000] {processor.py:840} INFO - DAG(s) 'load_csv_to_postgres' retrieved from /opt/airflow/dags/dag_csv_to_postgres_dag.py
[2025-11-02T10:43:23.150+0000] {logging_mixin.py:188} INFO - [2025-11-02T10:43:23.149+0000] {dag.py:3036} INFO - Sync 1 DAGs
[2025-11-02T10:43:23.216+0000] {logging_mixin.py:188} INFO - [2025-11-02T10:43:23.216+0000] {dag.py:3823} INFO - Setting next_dagrun for load_csv_to_postgres to None, run_after=None
[2025-11-02T10:43:23.353+0000] {processor.py:183} INFO - Processing /opt/airflow/dags/dag_csv_to_postgres_dag.py took 0.536 seconds
[2025-11-02T10:43:54.506+0000] {processor.py:161} INFO - Started process (PID=541) to work on /opt/airflow/dags/dag_csv_to_postgres_dag.py
[2025-11-02T10:43:54.558+0000] {processor.py:830} INFO - Processing file /opt/airflow/dags/dag_csv_to_postgres_dag.py for tasks to queue
[2025-11-02T10:43:54.570+0000] {logging_mixin.py:188} INFO - [2025-11-02T10:43:54.568+0000] {dagbag.py:538} INFO - Filling up the DagBag from /opt/airflow/dags/dag_csv_to_postgres_dag.py
[2025-11-02T10:43:54.870+0000] {processor.py:840} INFO - DAG(s) 'load_csv_to_postgres' retrieved from /opt/airflow/dags/dag_csv_to_postgres_dag.py
[2025-11-02T10:43:55.044+0000] {logging_mixin.py:188} INFO - [2025-11-02T10:43:55.044+0000] {dag.py:3036} INFO - Sync 1 DAGs
[2025-11-02T10:43:55.149+0000] {logging_mixin.py:188} INFO - [2025-11-02T10:43:55.148+0000] {dag.py:3823} INFO - Setting next_dagrun for load_csv_to_postgres to None, run_after=None
[2025-11-02T10:43:55.296+0000] {processor.py:183} INFO - Processing /opt/airflow/dags/dag_csv_to_postgres_dag.py took 0.800 seconds
[2025-11-02T10:44:26.241+0000] {processor.py:161} INFO - Started process (PID=553) to work on /opt/airflow/dags/dag_csv_to_postgres_dag.py
[2025-11-02T10:44:26.245+0000] {processor.py:830} INFO - Processing file /opt/airflow/dags/dag_csv_to_postgres_dag.py for tasks to queue
[2025-11-02T10:44:26.248+0000] {logging_mixin.py:188} INFO - [2025-11-02T10:44:26.247+0000] {dagbag.py:538} INFO - Filling up the DagBag from /opt/airflow/dags/dag_csv_to_postgres_dag.py
[2025-11-02T10:44:26.300+0000] {processor.py:840} INFO - DAG(s) 'load_csv_to_postgres' retrieved from /opt/airflow/dags/dag_csv_to_postgres_dag.py
[2025-11-02T10:44:26.383+0000] {logging_mixin.py:188} INFO - [2025-11-02T10:44:26.383+0000] {dag.py:3036} INFO - Sync 1 DAGs
[2025-11-02T10:44:26.412+0000] {logging_mixin.py:188} INFO - [2025-11-02T10:44:26.412+0000] {dag.py:3823} INFO - Setting next_dagrun for load_csv_to_postgres to None, run_after=None
[2025-11-02T10:44:26.448+0000] {processor.py:183} INFO - Processing /opt/airflow/dags/dag_csv_to_postgres_dag.py took 0.215 seconds
[2025-11-02T10:44:57.022+0000] {processor.py:161} INFO - Started process (PID=565) to work on /opt/airflow/dags/dag_csv_to_postgres_dag.py
[2025-11-02T10:44:57.024+0000] {processor.py:830} INFO - Processing file /opt/airflow/dags/dag_csv_to_postgres_dag.py for tasks to queue
[2025-11-02T10:44:57.025+0000] {logging_mixin.py:188} INFO - [2025-11-02T10:44:57.025+0000] {dagbag.py:538} INFO - Filling up the DagBag from /opt/airflow/dags/dag_csv_to_postgres_dag.py
[2025-11-02T10:44:57.057+0000] {processor.py:840} INFO - DAG(s) 'load_csv_to_postgres' retrieved from /opt/airflow/dags/dag_csv_to_postgres_dag.py
[2025-11-02T10:44:57.099+0000] {logging_mixin.py:188} INFO - [2025-11-02T10:44:57.098+0000] {dag.py:3036} INFO - Sync 1 DAGs
[2025-11-02T10:44:57.115+0000] {logging_mixin.py:188} INFO - [2025-11-02T10:44:57.115+0000] {dag.py:3823} INFO - Setting next_dagrun for load_csv_to_postgres to None, run_after=None
[2025-11-02T10:44:57.307+0000] {processor.py:183} INFO - Processing /opt/airflow/dags/dag_csv_to_postgres_dag.py took 0.291 seconds
[2025-11-02T10:45:29.200+0000] {processor.py:161} INFO - Started process (PID=576) to work on /opt/airflow/dags/dag_csv_to_postgres_dag.py
[2025-11-02T10:45:29.215+0000] {processor.py:830} INFO - Processing file /opt/airflow/dags/dag_csv_to_postgres_dag.py for tasks to queue
[2025-11-02T10:45:29.218+0000] {logging_mixin.py:188} INFO - [2025-11-02T10:45:29.218+0000] {dagbag.py:538} INFO - Filling up the DagBag from /opt/airflow/dags/dag_csv_to_postgres_dag.py
[2025-11-02T10:45:29.304+0000] {processor.py:840} INFO - DAG(s) 'load_csv_to_postgres' retrieved from /opt/airflow/dags/dag_csv_to_postgres_dag.py
[2025-11-02T10:45:29.541+0000] {logging_mixin.py:188} INFO - [2025-11-02T10:45:29.541+0000] {dag.py:3036} INFO - Sync 1 DAGs
[2025-11-02T10:45:29.579+0000] {logging_mixin.py:188} INFO - [2025-11-02T10:45:29.578+0000] {dag.py:3823} INFO - Setting next_dagrun for load_csv_to_postgres to None, run_after=None
[2025-11-02T10:45:29.682+0000] {processor.py:183} INFO - Processing /opt/airflow/dags/dag_csv_to_postgres_dag.py took 0.500 seconds
[2025-11-02T10:46:01.323+0000] {processor.py:161} INFO - Started process (PID=585) to work on /opt/airflow/dags/dag_csv_to_postgres_dag.py
[2025-11-02T10:46:01.342+0000] {processor.py:830} INFO - Processing file /opt/airflow/dags/dag_csv_to_postgres_dag.py for tasks to queue
[2025-11-02T10:46:01.350+0000] {logging_mixin.py:188} INFO - [2025-11-02T10:46:01.350+0000] {dagbag.py:538} INFO - Filling up the DagBag from /opt/airflow/dags/dag_csv_to_postgres_dag.py
[2025-11-02T10:46:01.497+0000] {processor.py:840} INFO - DAG(s) 'load_csv_to_postgres' retrieved from /opt/airflow/dags/dag_csv_to_postgres_dag.py
[2025-11-02T10:46:01.660+0000] {logging_mixin.py:188} INFO - [2025-11-02T10:46:01.659+0000] {dag.py:3036} INFO - Sync 1 DAGs
[2025-11-02T10:46:01.800+0000] {logging_mixin.py:188} INFO - [2025-11-02T10:46:01.799+0000] {dag.py:3823} INFO - Setting next_dagrun for load_csv_to_postgres to None, run_after=None
[2025-11-02T10:46:02.085+0000] {processor.py:183} INFO - Processing /opt/airflow/dags/dag_csv_to_postgres_dag.py took 0.785 seconds
[2025-11-02T10:46:34.750+0000] {processor.py:161} INFO - Started process (PID=597) to work on /opt/airflow/dags/dag_csv_to_postgres_dag.py
[2025-11-02T10:46:34.820+0000] {processor.py:830} INFO - Processing file /opt/airflow/dags/dag_csv_to_postgres_dag.py for tasks to queue
[2025-11-02T10:46:34.823+0000] {logging_mixin.py:188} INFO - [2025-11-02T10:46:34.822+0000] {dagbag.py:538} INFO - Filling up the DagBag from /opt/airflow/dags/dag_csv_to_postgres_dag.py
[2025-11-02T10:46:34.870+0000] {processor.py:840} INFO - DAG(s) 'load_csv_to_postgres' retrieved from /opt/airflow/dags/dag_csv_to_postgres_dag.py
[2025-11-02T10:46:34.954+0000] {logging_mixin.py:188} INFO - [2025-11-02T10:46:34.953+0000] {dag.py:3036} INFO - Sync 1 DAGs
[2025-11-02T10:46:35.010+0000] {logging_mixin.py:188} INFO - [2025-11-02T10:46:35.010+0000] {dag.py:3823} INFO - Setting next_dagrun for load_csv_to_postgres to None, run_after=None
[2025-11-02T10:46:35.360+0000] {processor.py:183} INFO - Processing /opt/airflow/dags/dag_csv_to_postgres_dag.py took 0.618 seconds
[2025-11-02T10:47:06.901+0000] {processor.py:161} INFO - Started process (PID=610) to work on /opt/airflow/dags/dag_csv_to_postgres_dag.py
[2025-11-02T10:47:06.908+0000] {processor.py:830} INFO - Processing file /opt/airflow/dags/dag_csv_to_postgres_dag.py for tasks to queue
[2025-11-02T10:47:06.925+0000] {logging_mixin.py:188} INFO - [2025-11-02T10:47:06.924+0000] {dagbag.py:538} INFO - Filling up the DagBag from /opt/airflow/dags/dag_csv_to_postgres_dag.py
[2025-11-02T10:47:07.156+0000] {processor.py:840} INFO - DAG(s) 'load_csv_to_postgres' retrieved from /opt/airflow/dags/dag_csv_to_postgres_dag.py
[2025-11-02T10:47:07.310+0000] {logging_mixin.py:188} INFO - [2025-11-02T10:47:07.309+0000] {dag.py:3036} INFO - Sync 1 DAGs
[2025-11-02T10:47:07.362+0000] {logging_mixin.py:188} INFO - [2025-11-02T10:47:07.361+0000] {dag.py:3823} INFO - Setting next_dagrun for load_csv_to_postgres to None, run_after=None
[2025-11-02T10:47:07.488+0000] {processor.py:183} INFO - Processing /opt/airflow/dags/dag_csv_to_postgres_dag.py took 0.608 seconds
[2025-11-02T10:47:41.170+0000] {processor.py:161} INFO - Started process (PID=622) to work on /opt/airflow/dags/dag_csv_to_postgres_dag.py
[2025-11-02T10:47:41.173+0000] {processor.py:830} INFO - Processing file /opt/airflow/dags/dag_csv_to_postgres_dag.py for tasks to queue
[2025-11-02T10:47:41.176+0000] {logging_mixin.py:188} INFO - [2025-11-02T10:47:41.175+0000] {dagbag.py:538} INFO - Filling up the DagBag from /opt/airflow/dags/dag_csv_to_postgres_dag.py
[2025-11-02T10:47:41.238+0000] {processor.py:840} INFO - DAG(s) 'load_csv_to_postgres' retrieved from /opt/airflow/dags/dag_csv_to_postgres_dag.py
[2025-11-02T10:47:41.387+0000] {logging_mixin.py:188} INFO - [2025-11-02T10:47:41.386+0000] {dag.py:3036} INFO - Sync 1 DAGs
[2025-11-02T10:47:41.471+0000] {logging_mixin.py:188} INFO - [2025-11-02T10:47:41.470+0000] {dag.py:3823} INFO - Setting next_dagrun for load_csv_to_postgres to None, run_after=None
[2025-11-02T10:47:41.654+0000] {processor.py:183} INFO - Processing /opt/airflow/dags/dag_csv_to_postgres_dag.py took 0.510 seconds
[2025-11-02T10:48:14.644+0000] {processor.py:161} INFO - Started process (PID=634) to work on /opt/airflow/dags/dag_csv_to_postgres_dag.py
[2025-11-02T10:48:14.646+0000] {processor.py:830} INFO - Processing file /opt/airflow/dags/dag_csv_to_postgres_dag.py for tasks to queue
[2025-11-02T10:48:14.648+0000] {logging_mixin.py:188} INFO - [2025-11-02T10:48:14.647+0000] {dagbag.py:538} INFO - Filling up the DagBag from /opt/airflow/dags/dag_csv_to_postgres_dag.py
[2025-11-02T10:48:14.672+0000] {processor.py:840} INFO - DAG(s) 'load_csv_to_postgres' retrieved from /opt/airflow/dags/dag_csv_to_postgres_dag.py
[2025-11-02T10:48:14.718+0000] {logging_mixin.py:188} INFO - [2025-11-02T10:48:14.718+0000] {dag.py:3036} INFO - Sync 1 DAGs
[2025-11-02T10:48:14.782+0000] {logging_mixin.py:188} INFO - [2025-11-02T10:48:14.781+0000] {dag.py:3823} INFO - Setting next_dagrun for load_csv_to_postgres to None, run_after=None
[2025-11-02T10:48:14.908+0000] {processor.py:183} INFO - Processing /opt/airflow/dags/dag_csv_to_postgres_dag.py took 0.271 seconds
[2025-11-02T10:48:47.431+0000] {processor.py:161} INFO - Started process (PID=646) to work on /opt/airflow/dags/dag_csv_to_postgres_dag.py
[2025-11-02T10:48:47.433+0000] {processor.py:830} INFO - Processing file /opt/airflow/dags/dag_csv_to_postgres_dag.py for tasks to queue
[2025-11-02T10:48:47.437+0000] {logging_mixin.py:188} INFO - [2025-11-02T10:48:47.436+0000] {dagbag.py:538} INFO - Filling up the DagBag from /opt/airflow/dags/dag_csv_to_postgres_dag.py
[2025-11-02T10:48:47.498+0000] {processor.py:840} INFO - DAG(s) 'load_csv_to_postgres' retrieved from /opt/airflow/dags/dag_csv_to_postgres_dag.py
[2025-11-02T10:48:47.631+0000] {logging_mixin.py:188} INFO - [2025-11-02T10:48:47.629+0000] {dag.py:3036} INFO - Sync 1 DAGs
[2025-11-02T10:48:47.671+0000] {logging_mixin.py:188} INFO - [2025-11-02T10:48:47.670+0000] {dag.py:3823} INFO - Setting next_dagrun for load_csv_to_postgres to None, run_after=None
[2025-11-02T10:48:47.748+0000] {processor.py:183} INFO - Processing /opt/airflow/dags/dag_csv_to_postgres_dag.py took 0.338 seconds
[2025-11-02T10:49:19.746+0000] {processor.py:161} INFO - Started process (PID=658) to work on /opt/airflow/dags/dag_csv_to_postgres_dag.py
[2025-11-02T10:49:19.747+0000] {processor.py:830} INFO - Processing file /opt/airflow/dags/dag_csv_to_postgres_dag.py for tasks to queue
[2025-11-02T10:49:19.749+0000] {logging_mixin.py:188} INFO - [2025-11-02T10:49:19.748+0000] {dagbag.py:538} INFO - Filling up the DagBag from /opt/airflow/dags/dag_csv_to_postgres_dag.py
[2025-11-02T10:49:19.775+0000] {processor.py:840} INFO - DAG(s) 'load_csv_to_postgres' retrieved from /opt/airflow/dags/dag_csv_to_postgres_dag.py
[2025-11-02T10:49:19.819+0000] {logging_mixin.py:188} INFO - [2025-11-02T10:49:19.819+0000] {dag.py:3036} INFO - Sync 1 DAGs
[2025-11-02T10:49:19.835+0000] {logging_mixin.py:188} INFO - [2025-11-02T10:49:19.835+0000] {dag.py:3823} INFO - Setting next_dagrun for load_csv_to_postgres to None, run_after=None
[2025-11-02T10:49:20.193+0000] {processor.py:183} INFO - Processing /opt/airflow/dags/dag_csv_to_postgres_dag.py took 0.452 seconds
[2025-11-02T10:49:53.655+0000] {processor.py:161} INFO - Started process (PID=670) to work on /opt/airflow/dags/dag_csv_to_postgres_dag.py
[2025-11-02T10:49:53.658+0000] {processor.py:830} INFO - Processing file /opt/airflow/dags/dag_csv_to_postgres_dag.py for tasks to queue
[2025-11-02T10:49:53.660+0000] {logging_mixin.py:188} INFO - [2025-11-02T10:49:53.659+0000] {dagbag.py:538} INFO - Filling up the DagBag from /opt/airflow/dags/dag_csv_to_postgres_dag.py
[2025-11-02T10:49:53.702+0000] {processor.py:840} INFO - DAG(s) 'load_csv_to_postgres' retrieved from /opt/airflow/dags/dag_csv_to_postgres_dag.py
[2025-11-02T10:49:53.745+0000] {logging_mixin.py:188} INFO - [2025-11-02T10:49:53.745+0000] {dag.py:3036} INFO - Sync 1 DAGs
[2025-11-02T10:49:53.762+0000] {logging_mixin.py:188} INFO - [2025-11-02T10:49:53.762+0000] {dag.py:3823} INFO - Setting next_dagrun for load_csv_to_postgres to None, run_after=None
[2025-11-02T10:49:53.881+0000] {processor.py:183} INFO - Processing /opt/airflow/dags/dag_csv_to_postgres_dag.py took 0.232 seconds
[2025-11-02T10:50:26.930+0000] {processor.py:161} INFO - Started process (PID=682) to work on /opt/airflow/dags/dag_csv_to_postgres_dag.py
[2025-11-02T10:50:26.932+0000] {processor.py:830} INFO - Processing file /opt/airflow/dags/dag_csv_to_postgres_dag.py for tasks to queue
[2025-11-02T10:50:26.935+0000] {logging_mixin.py:188} INFO - [2025-11-02T10:50:26.933+0000] {dagbag.py:538} INFO - Filling up the DagBag from /opt/airflow/dags/dag_csv_to_postgres_dag.py
[2025-11-02T10:50:26.973+0000] {processor.py:840} INFO - DAG(s) 'load_csv_to_postgres' retrieved from /opt/airflow/dags/dag_csv_to_postgres_dag.py
[2025-11-02T10:50:27.131+0000] {logging_mixin.py:188} INFO - [2025-11-02T10:50:27.130+0000] {dag.py:3036} INFO - Sync 1 DAGs
[2025-11-02T10:50:27.275+0000] {logging_mixin.py:188} INFO - [2025-11-02T10:50:27.274+0000] {dag.py:3823} INFO - Setting next_dagrun for load_csv_to_postgres to None, run_after=None
[2025-11-02T10:50:27.371+0000] {processor.py:183} INFO - Processing /opt/airflow/dags/dag_csv_to_postgres_dag.py took 0.448 seconds
[2025-11-02T10:51:02.799+0000] {processor.py:161} INFO - Started process (PID=694) to work on /opt/airflow/dags/dag_csv_to_postgres_dag.py
[2025-11-02T10:51:02.806+0000] {processor.py:830} INFO - Processing file /opt/airflow/dags/dag_csv_to_postgres_dag.py for tasks to queue
[2025-11-02T10:51:02.817+0000] {logging_mixin.py:188} INFO - [2025-11-02T10:51:02.816+0000] {dagbag.py:538} INFO - Filling up the DagBag from /opt/airflow/dags/dag_csv_to_postgres_dag.py
[2025-11-02T10:51:02.896+0000] {processor.py:840} INFO - DAG(s) 'load_csv_to_postgres' retrieved from /opt/airflow/dags/dag_csv_to_postgres_dag.py
[2025-11-02T10:51:02.983+0000] {logging_mixin.py:188} INFO - [2025-11-02T10:51:02.982+0000] {dag.py:3036} INFO - Sync 1 DAGs
[2025-11-02T10:51:03.103+0000] {logging_mixin.py:188} INFO - [2025-11-02T10:51:03.103+0000] {dag.py:3823} INFO - Setting next_dagrun for load_csv_to_postgres to None, run_after=None
[2025-11-02T10:51:03.288+0000] {processor.py:183} INFO - Processing /opt/airflow/dags/dag_csv_to_postgres_dag.py took 0.511 seconds
[2025-11-02T10:51:33.511+0000] {processor.py:161} INFO - Started process (PID=706) to work on /opt/airflow/dags/dag_csv_to_postgres_dag.py
[2025-11-02T10:51:33.513+0000] {processor.py:830} INFO - Processing file /opt/airflow/dags/dag_csv_to_postgres_dag.py for tasks to queue
[2025-11-02T10:51:33.514+0000] {logging_mixin.py:188} INFO - [2025-11-02T10:51:33.514+0000] {dagbag.py:538} INFO - Filling up the DagBag from /opt/airflow/dags/dag_csv_to_postgres_dag.py
[2025-11-02T10:51:33.544+0000] {processor.py:840} INFO - DAG(s) 'load_csv_to_postgres' retrieved from /opt/airflow/dags/dag_csv_to_postgres_dag.py
[2025-11-02T10:51:33.594+0000] {logging_mixin.py:188} INFO - [2025-11-02T10:51:33.594+0000] {dag.py:3036} INFO - Sync 1 DAGs
[2025-11-02T10:51:33.612+0000] {logging_mixin.py:188} INFO - [2025-11-02T10:51:33.612+0000] {dag.py:3823} INFO - Setting next_dagrun for load_csv_to_postgres to None, run_after=None
[2025-11-02T10:51:33.728+0000] {processor.py:183} INFO - Processing /opt/airflow/dags/dag_csv_to_postgres_dag.py took 0.223 seconds
[2025-11-02T10:52:06.926+0000] {processor.py:161} INFO - Started process (PID=717) to work on /opt/airflow/dags/dag_csv_to_postgres_dag.py
[2025-11-02T10:52:06.929+0000] {processor.py:830} INFO - Processing file /opt/airflow/dags/dag_csv_to_postgres_dag.py for tasks to queue
[2025-11-02T10:52:06.932+0000] {logging_mixin.py:188} INFO - [2025-11-02T10:52:06.932+0000] {dagbag.py:538} INFO - Filling up the DagBag from /opt/airflow/dags/dag_csv_to_postgres_dag.py
[2025-11-02T10:52:06.959+0000] {processor.py:840} INFO - DAG(s) 'load_csv_to_postgres' retrieved from /opt/airflow/dags/dag_csv_to_postgres_dag.py
[2025-11-02T10:52:07.008+0000] {logging_mixin.py:188} INFO - [2025-11-02T10:52:07.008+0000] {dag.py:3036} INFO - Sync 1 DAGs
[2025-11-02T10:52:07.037+0000] {logging_mixin.py:188} INFO - [2025-11-02T10:52:07.037+0000] {dag.py:3823} INFO - Setting next_dagrun for load_csv_to_postgres to None, run_after=None
[2025-11-02T10:52:07.149+0000] {processor.py:183} INFO - Processing /opt/airflow/dags/dag_csv_to_postgres_dag.py took 0.243 seconds
[2025-11-02T10:52:40.545+0000] {processor.py:161} INFO - Started process (PID=729) to work on /opt/airflow/dags/dag_csv_to_postgres_dag.py
[2025-11-02T10:52:40.550+0000] {processor.py:830} INFO - Processing file /opt/airflow/dags/dag_csv_to_postgres_dag.py for tasks to queue
[2025-11-02T10:52:40.552+0000] {logging_mixin.py:188} INFO - [2025-11-02T10:52:40.552+0000] {dagbag.py:538} INFO - Filling up the DagBag from /opt/airflow/dags/dag_csv_to_postgres_dag.py
[2025-11-02T10:52:40.603+0000] {processor.py:840} INFO - DAG(s) 'load_csv_to_postgres' retrieved from /opt/airflow/dags/dag_csv_to_postgres_dag.py
[2025-11-02T10:52:40.692+0000] {logging_mixin.py:188} INFO - [2025-11-02T10:52:40.692+0000] {dag.py:3036} INFO - Sync 1 DAGs
[2025-11-02T10:52:40.716+0000] {logging_mixin.py:188} INFO - [2025-11-02T10:52:40.716+0000] {dag.py:3823} INFO - Setting next_dagrun for load_csv_to_postgres to None, run_after=None
[2025-11-02T10:52:40.791+0000] {processor.py:183} INFO - Processing /opt/airflow/dags/dag_csv_to_postgres_dag.py took 0.258 seconds
[2025-11-02T10:53:14.566+0000] {processor.py:161} INFO - Started process (PID=741) to work on /opt/airflow/dags/dag_csv_to_postgres_dag.py
[2025-11-02T10:53:14.568+0000] {processor.py:830} INFO - Processing file /opt/airflow/dags/dag_csv_to_postgres_dag.py for tasks to queue
[2025-11-02T10:53:14.570+0000] {logging_mixin.py:188} INFO - [2025-11-02T10:53:14.570+0000] {dagbag.py:538} INFO - Filling up the DagBag from /opt/airflow/dags/dag_csv_to_postgres_dag.py
[2025-11-02T10:53:14.599+0000] {processor.py:840} INFO - DAG(s) 'load_csv_to_postgres' retrieved from /opt/airflow/dags/dag_csv_to_postgres_dag.py
[2025-11-02T10:53:14.654+0000] {logging_mixin.py:188} INFO - [2025-11-02T10:53:14.653+0000] {dag.py:3036} INFO - Sync 1 DAGs
[2025-11-02T10:53:14.677+0000] {logging_mixin.py:188} INFO - [2025-11-02T10:53:14.677+0000] {dag.py:3823} INFO - Setting next_dagrun for load_csv_to_postgres to None, run_after=None
[2025-11-02T10:53:14.956+0000] {processor.py:183} INFO - Processing /opt/airflow/dags/dag_csv_to_postgres_dag.py took 0.398 seconds
[2025-11-02T10:53:47.583+0000] {processor.py:161} INFO - Started process (PID=753) to work on /opt/airflow/dags/dag_csv_to_postgres_dag.py
[2025-11-02T10:53:47.627+0000] {processor.py:830} INFO - Processing file /opt/airflow/dags/dag_csv_to_postgres_dag.py for tasks to queue
[2025-11-02T10:53:47.629+0000] {logging_mixin.py:188} INFO - [2025-11-02T10:53:47.628+0000] {dagbag.py:538} INFO - Filling up the DagBag from /opt/airflow/dags/dag_csv_to_postgres_dag.py
[2025-11-02T10:53:47.668+0000] {processor.py:840} INFO - DAG(s) 'load_csv_to_postgres' retrieved from /opt/airflow/dags/dag_csv_to_postgres_dag.py
[2025-11-02T10:53:48.048+0000] {logging_mixin.py:188} INFO - [2025-11-02T10:53:48.046+0000] {dag.py:3036} INFO - Sync 1 DAGs
[2025-11-02T10:53:48.264+0000] {logging_mixin.py:188} INFO - [2025-11-02T10:53:48.263+0000] {dag.py:3823} INFO - Setting next_dagrun for load_csv_to_postgres to None, run_after=None
[2025-11-02T10:53:48.304+0000] {processor.py:183} INFO - Processing /opt/airflow/dags/dag_csv_to_postgres_dag.py took 0.727 seconds
[2025-11-02T10:54:19.998+0000] {processor.py:161} INFO - Started process (PID=765) to work on /opt/airflow/dags/dag_csv_to_postgres_dag.py
[2025-11-02T10:54:20.000+0000] {processor.py:830} INFO - Processing file /opt/airflow/dags/dag_csv_to_postgres_dag.py for tasks to queue
[2025-11-02T10:54:20.002+0000] {logging_mixin.py:188} INFO - [2025-11-02T10:54:20.001+0000] {dagbag.py:538} INFO - Filling up the DagBag from /opt/airflow/dags/dag_csv_to_postgres_dag.py
[2025-11-02T10:54:20.038+0000] {processor.py:840} INFO - DAG(s) 'load_csv_to_postgres' retrieved from /opt/airflow/dags/dag_csv_to_postgres_dag.py
[2025-11-02T10:54:20.085+0000] {logging_mixin.py:188} INFO - [2025-11-02T10:54:20.084+0000] {dag.py:3036} INFO - Sync 1 DAGs
[2025-11-02T10:54:20.109+0000] {logging_mixin.py:188} INFO - [2025-11-02T10:54:20.109+0000] {dag.py:3823} INFO - Setting next_dagrun for load_csv_to_postgres to None, run_after=None
[2025-11-02T10:54:20.205+0000] {processor.py:183} INFO - Processing /opt/airflow/dags/dag_csv_to_postgres_dag.py took 0.215 seconds
[2025-11-02T10:54:53.757+0000] {processor.py:161} INFO - Started process (PID=777) to work on /opt/airflow/dags/dag_csv_to_postgres_dag.py
[2025-11-02T10:54:53.760+0000] {processor.py:830} INFO - Processing file /opt/airflow/dags/dag_csv_to_postgres_dag.py for tasks to queue
[2025-11-02T10:54:53.763+0000] {logging_mixin.py:188} INFO - [2025-11-02T10:54:53.762+0000] {dagbag.py:538} INFO - Filling up the DagBag from /opt/airflow/dags/dag_csv_to_postgres_dag.py
[2025-11-02T10:54:53.822+0000] {processor.py:840} INFO - DAG(s) 'load_csv_to_postgres' retrieved from /opt/airflow/dags/dag_csv_to_postgres_dag.py
[2025-11-02T10:54:53.957+0000] {logging_mixin.py:188} INFO - [2025-11-02T10:54:53.957+0000] {dag.py:3036} INFO - Sync 1 DAGs
[2025-11-02T10:54:53.987+0000] {logging_mixin.py:188} INFO - [2025-11-02T10:54:53.986+0000] {dag.py:3823} INFO - Setting next_dagrun for load_csv_to_postgres to None, run_after=None
[2025-11-02T10:54:54.083+0000] {processor.py:183} INFO - Processing /opt/airflow/dags/dag_csv_to_postgres_dag.py took 0.338 seconds
[2025-11-02T10:55:27.374+0000] {processor.py:161} INFO - Started process (PID=788) to work on /opt/airflow/dags/dag_csv_to_postgres_dag.py
[2025-11-02T10:55:27.377+0000] {processor.py:830} INFO - Processing file /opt/airflow/dags/dag_csv_to_postgres_dag.py for tasks to queue
[2025-11-02T10:55:27.380+0000] {logging_mixin.py:188} INFO - [2025-11-02T10:55:27.379+0000] {dagbag.py:538} INFO - Filling up the DagBag from /opt/airflow/dags/dag_csv_to_postgres_dag.py
[2025-11-02T10:55:27.422+0000] {processor.py:840} INFO - DAG(s) 'load_csv_to_postgres' retrieved from /opt/airflow/dags/dag_csv_to_postgres_dag.py
[2025-11-02T10:55:27.475+0000] {logging_mixin.py:188} INFO - [2025-11-02T10:55:27.475+0000] {dag.py:3036} INFO - Sync 1 DAGs
[2025-11-02T10:55:27.499+0000] {logging_mixin.py:188} INFO - [2025-11-02T10:55:27.498+0000] {dag.py:3823} INFO - Setting next_dagrun for load_csv_to_postgres to None, run_after=None
[2025-11-02T10:55:27.539+0000] {processor.py:183} INFO - Processing /opt/airflow/dags/dag_csv_to_postgres_dag.py took 0.178 seconds
[2025-11-02T10:56:00.579+0000] {processor.py:161} INFO - Started process (PID=800) to work on /opt/airflow/dags/dag_csv_to_postgres_dag.py
[2025-11-02T10:56:00.585+0000] {processor.py:830} INFO - Processing file /opt/airflow/dags/dag_csv_to_postgres_dag.py for tasks to queue
[2025-11-02T10:56:00.595+0000] {logging_mixin.py:188} INFO - [2025-11-02T10:56:00.594+0000] {dagbag.py:538} INFO - Filling up the DagBag from /opt/airflow/dags/dag_csv_to_postgres_dag.py
[2025-11-02T10:56:00.629+0000] {processor.py:840} INFO - DAG(s) 'load_csv_to_postgres' retrieved from /opt/airflow/dags/dag_csv_to_postgres_dag.py
[2025-11-02T10:56:00.671+0000] {logging_mixin.py:188} INFO - [2025-11-02T10:56:00.671+0000] {dag.py:3036} INFO - Sync 1 DAGs
[2025-11-02T10:56:00.697+0000] {logging_mixin.py:188} INFO - [2025-11-02T10:56:00.696+0000] {dag.py:3823} INFO - Setting next_dagrun for load_csv_to_postgres to None, run_after=None
[2025-11-02T10:56:00.734+0000] {processor.py:183} INFO - Processing /opt/airflow/dags/dag_csv_to_postgres_dag.py took 0.173 seconds
[2025-11-02T10:56:34.350+0000] {processor.py:161} INFO - Started process (PID=812) to work on /opt/airflow/dags/dag_csv_to_postgres_dag.py
[2025-11-02T10:56:34.352+0000] {processor.py:830} INFO - Processing file /opt/airflow/dags/dag_csv_to_postgres_dag.py for tasks to queue
[2025-11-02T10:56:34.354+0000] {logging_mixin.py:188} INFO - [2025-11-02T10:56:34.353+0000] {dagbag.py:538} INFO - Filling up the DagBag from /opt/airflow/dags/dag_csv_to_postgres_dag.py
[2025-11-02T10:56:34.379+0000] {processor.py:840} INFO - DAG(s) 'load_csv_to_postgres' retrieved from /opt/airflow/dags/dag_csv_to_postgres_dag.py
[2025-11-02T10:56:34.431+0000] {logging_mixin.py:188} INFO - [2025-11-02T10:56:34.431+0000] {dag.py:3036} INFO - Sync 1 DAGs
[2025-11-02T10:56:34.447+0000] {logging_mixin.py:188} INFO - [2025-11-02T10:56:34.447+0000] {dag.py:3823} INFO - Setting next_dagrun for load_csv_to_postgres to None, run_after=None
[2025-11-02T10:56:34.491+0000] {processor.py:183} INFO - Processing /opt/airflow/dags/dag_csv_to_postgres_dag.py took 0.147 seconds
[2025-11-02T10:57:07.597+0000] {processor.py:161} INFO - Started process (PID=824) to work on /opt/airflow/dags/dag_csv_to_postgres_dag.py
[2025-11-02T10:57:07.599+0000] {processor.py:830} INFO - Processing file /opt/airflow/dags/dag_csv_to_postgres_dag.py for tasks to queue
[2025-11-02T10:57:07.600+0000] {logging_mixin.py:188} INFO - [2025-11-02T10:57:07.600+0000] {dagbag.py:538} INFO - Filling up the DagBag from /opt/airflow/dags/dag_csv_to_postgres_dag.py
[2025-11-02T10:57:07.628+0000] {processor.py:840} INFO - DAG(s) 'load_csv_to_postgres' retrieved from /opt/airflow/dags/dag_csv_to_postgres_dag.py
[2025-11-02T10:57:07.667+0000] {logging_mixin.py:188} INFO - [2025-11-02T10:57:07.666+0000] {dag.py:3036} INFO - Sync 1 DAGs
[2025-11-02T10:57:07.687+0000] {logging_mixin.py:188} INFO - [2025-11-02T10:57:07.686+0000] {dag.py:3823} INFO - Setting next_dagrun for load_csv_to_postgres to None, run_after=None
[2025-11-02T10:57:07.721+0000] {processor.py:183} INFO - Processing /opt/airflow/dags/dag_csv_to_postgres_dag.py took 0.129 seconds
[2025-11-02T10:57:43.429+0000] {processor.py:161} INFO - Started process (PID=836) to work on /opt/airflow/dags/dag_csv_to_postgres_dag.py
[2025-11-02T10:57:43.487+0000] {processor.py:830} INFO - Processing file /opt/airflow/dags/dag_csv_to_postgres_dag.py for tasks to queue
[2025-11-02T10:57:43.503+0000] {logging_mixin.py:188} INFO - [2025-11-02T10:57:43.502+0000] {dagbag.py:538} INFO - Filling up the DagBag from /opt/airflow/dags/dag_csv_to_postgres_dag.py
[2025-11-02T10:57:44.512+0000] {processor.py:840} INFO - DAG(s) 'load_csv_to_postgres' retrieved from /opt/airflow/dags/dag_csv_to_postgres_dag.py
[2025-11-02T10:57:44.713+0000] {logging_mixin.py:188} INFO - [2025-11-02T10:57:44.712+0000] {dag.py:3036} INFO - Sync 1 DAGs
[2025-11-02T10:57:44.813+0000] {logging_mixin.py:188} INFO - [2025-11-02T10:57:44.803+0000] {dag.py:3823} INFO - Setting next_dagrun for load_csv_to_postgres to None, run_after=None
[2025-11-02T10:57:45.108+0000] {processor.py:183} INFO - Processing /opt/airflow/dags/dag_csv_to_postgres_dag.py took 1.708 seconds
[2025-11-02T10:58:20.038+0000] {processor.py:161} INFO - Started process (PID=848) to work on /opt/airflow/dags/dag_csv_to_postgres_dag.py
[2025-11-02T10:58:20.055+0000] {processor.py:830} INFO - Processing file /opt/airflow/dags/dag_csv_to_postgres_dag.py for tasks to queue
[2025-11-02T10:58:20.058+0000] {logging_mixin.py:188} INFO - [2025-11-02T10:58:20.057+0000] {dagbag.py:538} INFO - Filling up the DagBag from /opt/airflow/dags/dag_csv_to_postgres_dag.py
[2025-11-02T10:58:20.932+0000] {processor.py:840} INFO - DAG(s) 'load_csv_to_postgres' retrieved from /opt/airflow/dags/dag_csv_to_postgres_dag.py
[2025-11-02T10:58:21.123+0000] {logging_mixin.py:188} INFO - [2025-11-02T10:58:21.113+0000] {dag.py:3036} INFO - Sync 1 DAGs
[2025-11-02T10:58:21.253+0000] {logging_mixin.py:188} INFO - [2025-11-02T10:58:21.253+0000] {dag.py:3823} INFO - Setting next_dagrun for load_csv_to_postgres to None, run_after=None
[2025-11-02T10:58:21.944+0000] {processor.py:183} INFO - Processing /opt/airflow/dags/dag_csv_to_postgres_dag.py took 1.914 seconds
[2025-11-02T10:58:52.312+0000] {processor.py:161} INFO - Started process (PID=860) to work on /opt/airflow/dags/dag_csv_to_postgres_dag.py
[2025-11-02T10:58:52.329+0000] {processor.py:830} INFO - Processing file /opt/airflow/dags/dag_csv_to_postgres_dag.py for tasks to queue
[2025-11-02T10:58:52.331+0000] {logging_mixin.py:188} INFO - [2025-11-02T10:58:52.331+0000] {dagbag.py:538} INFO - Filling up the DagBag from /opt/airflow/dags/dag_csv_to_postgres_dag.py
[2025-11-02T10:58:52.417+0000] {processor.py:840} INFO - DAG(s) 'load_csv_to_postgres' retrieved from /opt/airflow/dags/dag_csv_to_postgres_dag.py
[2025-11-02T10:58:52.555+0000] {logging_mixin.py:188} INFO - [2025-11-02T10:58:52.554+0000] {dag.py:3036} INFO - Sync 1 DAGs
[2025-11-02T10:58:52.650+0000] {logging_mixin.py:188} INFO - [2025-11-02T10:58:52.649+0000] {dag.py:3823} INFO - Setting next_dagrun for load_csv_to_postgres to None, run_after=None
[2025-11-02T10:58:52.809+0000] {processor.py:183} INFO - Processing /opt/airflow/dags/dag_csv_to_postgres_dag.py took 0.516 seconds
[2025-11-02T10:59:23.729+0000] {processor.py:161} INFO - Started process (PID=872) to work on /opt/airflow/dags/dag_csv_to_postgres_dag.py
[2025-11-02T10:59:23.746+0000] {processor.py:830} INFO - Processing file /opt/airflow/dags/dag_csv_to_postgres_dag.py for tasks to queue
[2025-11-02T10:59:23.750+0000] {logging_mixin.py:188} INFO - [2025-11-02T10:59:23.749+0000] {dagbag.py:538} INFO - Filling up the DagBag from /opt/airflow/dags/dag_csv_to_postgres_dag.py
[2025-11-02T10:59:24.063+0000] {processor.py:840} INFO - DAG(s) 'load_csv_to_postgres' retrieved from /opt/airflow/dags/dag_csv_to_postgres_dag.py
[2025-11-02T10:59:24.209+0000] {logging_mixin.py:188} INFO - [2025-11-02T10:59:24.208+0000] {dag.py:3036} INFO - Sync 1 DAGs
[2025-11-02T10:59:24.289+0000] {logging_mixin.py:188} INFO - [2025-11-02T10:59:24.288+0000] {dag.py:3823} INFO - Setting next_dagrun for load_csv_to_postgres to None, run_after=None
[2025-11-02T10:59:24.412+0000] {processor.py:183} INFO - Processing /opt/airflow/dags/dag_csv_to_postgres_dag.py took 0.738 seconds
[2025-11-02T10:59:54.752+0000] {processor.py:161} INFO - Started process (PID=884) to work on /opt/airflow/dags/dag_csv_to_postgres_dag.py
[2025-11-02T10:59:54.755+0000] {processor.py:830} INFO - Processing file /opt/airflow/dags/dag_csv_to_postgres_dag.py for tasks to queue
[2025-11-02T10:59:54.757+0000] {logging_mixin.py:188} INFO - [2025-11-02T10:59:54.756+0000] {dagbag.py:538} INFO - Filling up the DagBag from /opt/airflow/dags/dag_csv_to_postgres_dag.py
[2025-11-02T10:59:54.797+0000] {processor.py:840} INFO - DAG(s) 'load_csv_to_postgres' retrieved from /opt/airflow/dags/dag_csv_to_postgres_dag.py
[2025-11-02T10:59:54.900+0000] {logging_mixin.py:188} INFO - [2025-11-02T10:59:54.900+0000] {dag.py:3036} INFO - Sync 1 DAGs
[2025-11-02T10:59:54.923+0000] {logging_mixin.py:188} INFO - [2025-11-02T10:59:54.923+0000] {dag.py:3823} INFO - Setting next_dagrun for load_csv_to_postgres to None, run_after=None
[2025-11-02T10:59:55.239+0000] {processor.py:183} INFO - Processing /opt/airflow/dags/dag_csv_to_postgres_dag.py took 0.496 seconds
[2025-11-02T11:00:27.308+0000] {processor.py:161} INFO - Started process (PID=897) to work on /opt/airflow/dags/dag_csv_to_postgres_dag.py
[2025-11-02T11:00:27.319+0000] {processor.py:830} INFO - Processing file /opt/airflow/dags/dag_csv_to_postgres_dag.py for tasks to queue
[2025-11-02T11:00:27.322+0000] {logging_mixin.py:188} INFO - [2025-11-02T11:00:27.321+0000] {dagbag.py:538} INFO - Filling up the DagBag from /opt/airflow/dags/dag_csv_to_postgres_dag.py
[2025-11-02T11:00:27.388+0000] {processor.py:840} INFO - DAG(s) 'load_csv_to_postgres' retrieved from /opt/airflow/dags/dag_csv_to_postgres_dag.py
[2025-11-02T11:00:27.456+0000] {logging_mixin.py:188} INFO - [2025-11-02T11:00:27.456+0000] {dag.py:3036} INFO - Sync 1 DAGs
[2025-11-02T11:00:27.479+0000] {logging_mixin.py:188} INFO - [2025-11-02T11:00:27.479+0000] {dag.py:3823} INFO - Setting next_dagrun for load_csv_to_postgres to None, run_after=None
[2025-11-02T11:00:27.834+0000] {processor.py:183} INFO - Processing /opt/airflow/dags/dag_csv_to_postgres_dag.py took 0.538 seconds
[2025-11-02T11:01:00.431+0000] {processor.py:161} INFO - Started process (PID=909) to work on /opt/airflow/dags/dag_csv_to_postgres_dag.py
[2025-11-02T11:01:00.432+0000] {processor.py:830} INFO - Processing file /opt/airflow/dags/dag_csv_to_postgres_dag.py for tasks to queue
[2025-11-02T11:01:00.434+0000] {logging_mixin.py:188} INFO - [2025-11-02T11:01:00.433+0000] {dagbag.py:538} INFO - Filling up the DagBag from /opt/airflow/dags/dag_csv_to_postgres_dag.py
[2025-11-02T11:01:00.461+0000] {processor.py:840} INFO - DAG(s) 'load_csv_to_postgres' retrieved from /opt/airflow/dags/dag_csv_to_postgres_dag.py
[2025-11-02T11:01:00.541+0000] {logging_mixin.py:188} INFO - [2025-11-02T11:01:00.541+0000] {dag.py:3036} INFO - Sync 1 DAGs
[2025-11-02T11:01:00.558+0000] {logging_mixin.py:188} INFO - [2025-11-02T11:01:00.558+0000] {dag.py:3823} INFO - Setting next_dagrun for load_csv_to_postgres to None, run_after=None
[2025-11-02T11:01:00.603+0000] {processor.py:183} INFO - Processing /opt/airflow/dags/dag_csv_to_postgres_dag.py took 0.179 seconds
[2025-11-02T11:01:34.233+0000] {processor.py:161} INFO - Started process (PID=921) to work on /opt/airflow/dags/dag_csv_to_postgres_dag.py
[2025-11-02T11:01:34.235+0000] {processor.py:830} INFO - Processing file /opt/airflow/dags/dag_csv_to_postgres_dag.py for tasks to queue
[2025-11-02T11:01:34.237+0000] {logging_mixin.py:188} INFO - [2025-11-02T11:01:34.236+0000] {dagbag.py:538} INFO - Filling up the DagBag from /opt/airflow/dags/dag_csv_to_postgres_dag.py
[2025-11-02T11:01:34.272+0000] {processor.py:840} INFO - DAG(s) 'load_csv_to_postgres' retrieved from /opt/airflow/dags/dag_csv_to_postgres_dag.py
[2025-11-02T11:01:34.332+0000] {logging_mixin.py:188} INFO - [2025-11-02T11:01:34.331+0000] {dag.py:3036} INFO - Sync 1 DAGs
[2025-11-02T11:01:34.352+0000] {logging_mixin.py:188} INFO - [2025-11-02T11:01:34.352+0000] {dag.py:3823} INFO - Setting next_dagrun for load_csv_to_postgres to None, run_after=None
[2025-11-02T11:01:34.433+0000] {processor.py:183} INFO - Processing /opt/airflow/dags/dag_csv_to_postgres_dag.py took 0.207 seconds
[2025-11-02T11:02:07.620+0000] {processor.py:161} INFO - Started process (PID=933) to work on /opt/airflow/dags/dag_csv_to_postgres_dag.py
[2025-11-02T11:02:07.622+0000] {processor.py:830} INFO - Processing file /opt/airflow/dags/dag_csv_to_postgres_dag.py for tasks to queue
[2025-11-02T11:02:07.623+0000] {logging_mixin.py:188} INFO - [2025-11-02T11:02:07.623+0000] {dagbag.py:538} INFO - Filling up the DagBag from /opt/airflow/dags/dag_csv_to_postgres_dag.py
[2025-11-02T11:02:07.643+0000] {processor.py:840} INFO - DAG(s) 'load_csv_to_postgres' retrieved from /opt/airflow/dags/dag_csv_to_postgres_dag.py
[2025-11-02T11:02:07.683+0000] {logging_mixin.py:188} INFO - [2025-11-02T11:02:07.682+0000] {dag.py:3036} INFO - Sync 1 DAGs
[2025-11-02T11:02:07.700+0000] {logging_mixin.py:188} INFO - [2025-11-02T11:02:07.700+0000] {dag.py:3823} INFO - Setting next_dagrun for load_csv_to_postgres to None, run_after=None
[2025-11-02T11:02:07.739+0000] {processor.py:183} INFO - Processing /opt/airflow/dags/dag_csv_to_postgres_dag.py took 0.125 seconds
[2025-11-02T11:02:40.377+0000] {processor.py:161} INFO - Started process (PID=945) to work on /opt/airflow/dags/dag_csv_to_postgres_dag.py
[2025-11-02T11:02:40.380+0000] {processor.py:830} INFO - Processing file /opt/airflow/dags/dag_csv_to_postgres_dag.py for tasks to queue
[2025-11-02T11:02:40.383+0000] {logging_mixin.py:188} INFO - [2025-11-02T11:02:40.382+0000] {dagbag.py:538} INFO - Filling up the DagBag from /opt/airflow/dags/dag_csv_to_postgres_dag.py
[2025-11-02T11:02:40.416+0000] {processor.py:840} INFO - DAG(s) 'load_csv_to_postgres' retrieved from /opt/airflow/dags/dag_csv_to_postgres_dag.py
[2025-11-02T11:02:40.475+0000] {logging_mixin.py:188} INFO - [2025-11-02T11:02:40.475+0000] {dag.py:3036} INFO - Sync 1 DAGs
[2025-11-02T11:02:40.510+0000] {logging_mixin.py:188} INFO - [2025-11-02T11:02:40.510+0000] {dag.py:3823} INFO - Setting next_dagrun for load_csv_to_postgres to None, run_after=None
[2025-11-02T11:02:40.543+0000] {processor.py:183} INFO - Processing /opt/airflow/dags/dag_csv_to_postgres_dag.py took 0.174 seconds
[2025-11-02T11:03:13.919+0000] {processor.py:161} INFO - Started process (PID=957) to work on /opt/airflow/dags/dag_csv_to_postgres_dag.py
[2025-11-02T11:03:13.922+0000] {processor.py:830} INFO - Processing file /opt/airflow/dags/dag_csv_to_postgres_dag.py for tasks to queue
[2025-11-02T11:03:13.929+0000] {logging_mixin.py:188} INFO - [2025-11-02T11:03:13.928+0000] {dagbag.py:538} INFO - Filling up the DagBag from /opt/airflow/dags/dag_csv_to_postgres_dag.py
[2025-11-02T11:03:13.994+0000] {processor.py:840} INFO - DAG(s) 'load_csv_to_postgres' retrieved from /opt/airflow/dags/dag_csv_to_postgres_dag.py
[2025-11-02T11:03:14.038+0000] {logging_mixin.py:188} INFO - [2025-11-02T11:03:14.038+0000] {dag.py:3036} INFO - Sync 1 DAGs
[2025-11-02T11:03:14.100+0000] {logging_mixin.py:188} INFO - [2025-11-02T11:03:14.100+0000] {dag.py:3823} INFO - Setting next_dagrun for load_csv_to_postgres to None, run_after=None
[2025-11-02T11:03:14.207+0000] {processor.py:183} INFO - Processing /opt/airflow/dags/dag_csv_to_postgres_dag.py took 0.300 seconds
[2025-11-02T11:03:47.515+0000] {processor.py:161} INFO - Started process (PID=969) to work on /opt/airflow/dags/dag_csv_to_postgres_dag.py
[2025-11-02T11:03:47.517+0000] {processor.py:830} INFO - Processing file /opt/airflow/dags/dag_csv_to_postgres_dag.py for tasks to queue
[2025-11-02T11:03:47.518+0000] {logging_mixin.py:188} INFO - [2025-11-02T11:03:47.518+0000] {dagbag.py:538} INFO - Filling up the DagBag from /opt/airflow/dags/dag_csv_to_postgres_dag.py
[2025-11-02T11:03:47.541+0000] {processor.py:840} INFO - DAG(s) 'load_csv_to_postgres' retrieved from /opt/airflow/dags/dag_csv_to_postgres_dag.py
[2025-11-02T11:03:47.584+0000] {logging_mixin.py:188} INFO - [2025-11-02T11:03:47.583+0000] {dag.py:3036} INFO - Sync 1 DAGs
[2025-11-02T11:03:47.601+0000] {logging_mixin.py:188} INFO - [2025-11-02T11:03:47.600+0000] {dag.py:3823} INFO - Setting next_dagrun for load_csv_to_postgres to None, run_after=None
[2025-11-02T11:03:47.632+0000] {processor.py:183} INFO - Processing /opt/airflow/dags/dag_csv_to_postgres_dag.py took 0.124 seconds
[2025-11-02T11:04:20.773+0000] {processor.py:161} INFO - Started process (PID=981) to work on /opt/airflow/dags/dag_csv_to_postgres_dag.py
[2025-11-02T11:04:20.775+0000] {processor.py:830} INFO - Processing file /opt/airflow/dags/dag_csv_to_postgres_dag.py for tasks to queue
[2025-11-02T11:04:20.777+0000] {logging_mixin.py:188} INFO - [2025-11-02T11:04:20.776+0000] {dagbag.py:538} INFO - Filling up the DagBag from /opt/airflow/dags/dag_csv_to_postgres_dag.py
[2025-11-02T11:04:20.800+0000] {processor.py:840} INFO - DAG(s) 'load_csv_to_postgres' retrieved from /opt/airflow/dags/dag_csv_to_postgres_dag.py
[2025-11-02T11:04:20.838+0000] {logging_mixin.py:188} INFO - [2025-11-02T11:04:20.837+0000] {dag.py:3036} INFO - Sync 1 DAGs
[2025-11-02T11:04:20.853+0000] {logging_mixin.py:188} INFO - [2025-11-02T11:04:20.853+0000] {dag.py:3823} INFO - Setting next_dagrun for load_csv_to_postgres to None, run_after=None
[2025-11-02T11:04:20.887+0000] {processor.py:183} INFO - Processing /opt/airflow/dags/dag_csv_to_postgres_dag.py took 0.119 seconds
[2025-11-02T11:04:53.711+0000] {processor.py:161} INFO - Started process (PID=994) to work on /opt/airflow/dags/dag_csv_to_postgres_dag.py
[2025-11-02T11:04:53.713+0000] {processor.py:830} INFO - Processing file /opt/airflow/dags/dag_csv_to_postgres_dag.py for tasks to queue
[2025-11-02T11:04:53.715+0000] {logging_mixin.py:188} INFO - [2025-11-02T11:04:53.714+0000] {dagbag.py:538} INFO - Filling up the DagBag from /opt/airflow/dags/dag_csv_to_postgres_dag.py
[2025-11-02T11:04:53.738+0000] {processor.py:840} INFO - DAG(s) 'load_csv_to_postgres' retrieved from /opt/airflow/dags/dag_csv_to_postgres_dag.py
[2025-11-02T11:04:53.786+0000] {logging_mixin.py:188} INFO - [2025-11-02T11:04:53.785+0000] {dag.py:3036} INFO - Sync 1 DAGs
[2025-11-02T11:04:53.810+0000] {logging_mixin.py:188} INFO - [2025-11-02T11:04:53.810+0000] {dag.py:3823} INFO - Setting next_dagrun for load_csv_to_postgres to None, run_after=None
[2025-11-02T11:04:53.850+0000] {processor.py:183} INFO - Processing /opt/airflow/dags/dag_csv_to_postgres_dag.py took 0.149 seconds
[2025-11-02T11:05:28.382+0000] {processor.py:161} INFO - Started process (PID=1006) to work on /opt/airflow/dags/dag_csv_to_postgres_dag.py
[2025-11-02T11:05:28.384+0000] {processor.py:830} INFO - Processing file /opt/airflow/dags/dag_csv_to_postgres_dag.py for tasks to queue
[2025-11-02T11:05:28.385+0000] {logging_mixin.py:188} INFO - [2025-11-02T11:05:28.385+0000] {dagbag.py:538} INFO - Filling up the DagBag from /opt/airflow/dags/dag_csv_to_postgres_dag.py
[2025-11-02T11:05:28.416+0000] {processor.py:840} INFO - DAG(s) 'load_csv_to_postgres' retrieved from /opt/airflow/dags/dag_csv_to_postgres_dag.py
[2025-11-02T11:05:28.477+0000] {logging_mixin.py:188} INFO - [2025-11-02T11:05:28.477+0000] {dag.py:3036} INFO - Sync 1 DAGs
[2025-11-02T11:05:28.504+0000] {logging_mixin.py:188} INFO - [2025-11-02T11:05:28.503+0000] {dag.py:3823} INFO - Setting next_dagrun for load_csv_to_postgres to None, run_after=None
[2025-11-02T11:05:29.252+0000] {processor.py:183} INFO - Processing /opt/airflow/dags/dag_csv_to_postgres_dag.py took 0.876 seconds
[2025-11-02T11:06:00.713+0000] {processor.py:161} INFO - Started process (PID=1018) to work on /opt/airflow/dags/dag_csv_to_postgres_dag.py
[2025-11-02T11:06:00.715+0000] {processor.py:830} INFO - Processing file /opt/airflow/dags/dag_csv_to_postgres_dag.py for tasks to queue
[2025-11-02T11:06:00.719+0000] {logging_mixin.py:188} INFO - [2025-11-02T11:06:00.718+0000] {dagbag.py:538} INFO - Filling up the DagBag from /opt/airflow/dags/dag_csv_to_postgres_dag.py
[2025-11-02T11:06:00.753+0000] {processor.py:840} INFO - DAG(s) 'load_csv_to_postgres' retrieved from /opt/airflow/dags/dag_csv_to_postgres_dag.py
[2025-11-02T11:06:00.803+0000] {logging_mixin.py:188} INFO - [2025-11-02T11:06:00.802+0000] {dag.py:3036} INFO - Sync 1 DAGs
[2025-11-02T11:06:00.825+0000] {logging_mixin.py:188} INFO - [2025-11-02T11:06:00.825+0000] {dag.py:3823} INFO - Setting next_dagrun for load_csv_to_postgres to None, run_after=None
[2025-11-02T11:06:00.889+0000] {processor.py:183} INFO - Processing /opt/airflow/dags/dag_csv_to_postgres_dag.py took 0.185 seconds
[2025-11-02T11:06:33.750+0000] {processor.py:161} INFO - Started process (PID=1030) to work on /opt/airflow/dags/dag_csv_to_postgres_dag.py
[2025-11-02T11:06:33.752+0000] {processor.py:830} INFO - Processing file /opt/airflow/dags/dag_csv_to_postgres_dag.py for tasks to queue
[2025-11-02T11:06:33.754+0000] {logging_mixin.py:188} INFO - [2025-11-02T11:06:33.753+0000] {dagbag.py:538} INFO - Filling up the DagBag from /opt/airflow/dags/dag_csv_to_postgres_dag.py
[2025-11-02T11:06:33.787+0000] {processor.py:840} INFO - DAG(s) 'load_csv_to_postgres' retrieved from /opt/airflow/dags/dag_csv_to_postgres_dag.py
[2025-11-02T11:06:33.841+0000] {logging_mixin.py:188} INFO - [2025-11-02T11:06:33.841+0000] {dag.py:3036} INFO - Sync 1 DAGs
[2025-11-02T11:06:33.863+0000] {logging_mixin.py:188} INFO - [2025-11-02T11:06:33.863+0000] {dag.py:3823} INFO - Setting next_dagrun for load_csv_to_postgres to None, run_after=None
[2025-11-02T11:06:33.901+0000] {processor.py:183} INFO - Processing /opt/airflow/dags/dag_csv_to_postgres_dag.py took 0.158 seconds
[2025-11-02T11:07:07.485+0000] {processor.py:161} INFO - Started process (PID=1042) to work on /opt/airflow/dags/dag_csv_to_postgres_dag.py
[2025-11-02T11:07:07.487+0000] {processor.py:830} INFO - Processing file /opt/airflow/dags/dag_csv_to_postgres_dag.py for tasks to queue
[2025-11-02T11:07:07.489+0000] {logging_mixin.py:188} INFO - [2025-11-02T11:07:07.489+0000] {dagbag.py:538} INFO - Filling up the DagBag from /opt/airflow/dags/dag_csv_to_postgres_dag.py
[2025-11-02T11:07:07.522+0000] {processor.py:840} INFO - DAG(s) 'load_csv_to_postgres' retrieved from /opt/airflow/dags/dag_csv_to_postgres_dag.py
[2025-11-02T11:07:07.578+0000] {logging_mixin.py:188} INFO - [2025-11-02T11:07:07.577+0000] {dag.py:3036} INFO - Sync 1 DAGs
[2025-11-02T11:07:07.628+0000] {logging_mixin.py:188} INFO - [2025-11-02T11:07:07.628+0000] {dag.py:3823} INFO - Setting next_dagrun for load_csv_to_postgres to None, run_after=None
[2025-11-02T11:07:07.698+0000] {processor.py:183} INFO - Processing /opt/airflow/dags/dag_csv_to_postgres_dag.py took 0.225 seconds
[2025-11-02T11:07:41.182+0000] {processor.py:161} INFO - Started process (PID=1054) to work on /opt/airflow/dags/dag_csv_to_postgres_dag.py
[2025-11-02T11:07:41.185+0000] {processor.py:830} INFO - Processing file /opt/airflow/dags/dag_csv_to_postgres_dag.py for tasks to queue
[2025-11-02T11:07:41.188+0000] {logging_mixin.py:188} INFO - [2025-11-02T11:07:41.187+0000] {dagbag.py:538} INFO - Filling up the DagBag from /opt/airflow/dags/dag_csv_to_postgres_dag.py
[2025-11-02T11:07:41.258+0000] {processor.py:840} INFO - DAG(s) 'load_csv_to_postgres' retrieved from /opt/airflow/dags/dag_csv_to_postgres_dag.py
[2025-11-02T11:07:41.412+0000] {logging_mixin.py:188} INFO - [2025-11-02T11:07:41.411+0000] {dag.py:3036} INFO - Sync 1 DAGs
[2025-11-02T11:07:41.477+0000] {logging_mixin.py:188} INFO - [2025-11-02T11:07:41.476+0000] {dag.py:3823} INFO - Setting next_dagrun for load_csv_to_postgres to None, run_after=None
[2025-11-02T11:07:41.567+0000] {processor.py:183} INFO - Processing /opt/airflow/dags/dag_csv_to_postgres_dag.py took 0.397 seconds
[2025-11-02T11:08:14.351+0000] {processor.py:161} INFO - Started process (PID=1066) to work on /opt/airflow/dags/dag_csv_to_postgres_dag.py
[2025-11-02T11:08:14.386+0000] {processor.py:830} INFO - Processing file /opt/airflow/dags/dag_csv_to_postgres_dag.py for tasks to queue
[2025-11-02T11:08:14.393+0000] {logging_mixin.py:188} INFO - [2025-11-02T11:08:14.392+0000] {dagbag.py:538} INFO - Filling up the DagBag from /opt/airflow/dags/dag_csv_to_postgres_dag.py
[2025-11-02T11:08:14.517+0000] {processor.py:840} INFO - DAG(s) 'load_csv_to_postgres' retrieved from /opt/airflow/dags/dag_csv_to_postgres_dag.py
[2025-11-02T11:08:14.648+0000] {logging_mixin.py:188} INFO - [2025-11-02T11:08:14.647+0000] {dag.py:3036} INFO - Sync 1 DAGs
[2025-11-02T11:08:14.725+0000] {logging_mixin.py:188} INFO - [2025-11-02T11:08:14.725+0000] {dag.py:3823} INFO - Setting next_dagrun for load_csv_to_postgres to None, run_after=None
[2025-11-02T11:08:14.856+0000] {processor.py:183} INFO - Processing /opt/airflow/dags/dag_csv_to_postgres_dag.py took 0.514 seconds
[2025-11-02T11:08:47.642+0000] {processor.py:161} INFO - Started process (PID=1078) to work on /opt/airflow/dags/dag_csv_to_postgres_dag.py
[2025-11-02T11:08:47.645+0000] {processor.py:830} INFO - Processing file /opt/airflow/dags/dag_csv_to_postgres_dag.py for tasks to queue
[2025-11-02T11:08:47.648+0000] {logging_mixin.py:188} INFO - [2025-11-02T11:08:47.647+0000] {dagbag.py:538} INFO - Filling up the DagBag from /opt/airflow/dags/dag_csv_to_postgres_dag.py
[2025-11-02T11:08:47.680+0000] {processor.py:840} INFO - DAG(s) 'load_csv_to_postgres' retrieved from /opt/airflow/dags/dag_csv_to_postgres_dag.py
[2025-11-02T11:08:47.753+0000] {logging_mixin.py:188} INFO - [2025-11-02T11:08:47.752+0000] {dag.py:3036} INFO - Sync 1 DAGs
[2025-11-02T11:08:47.780+0000] {logging_mixin.py:188} INFO - [2025-11-02T11:08:47.780+0000] {dag.py:3823} INFO - Setting next_dagrun for load_csv_to_postgres to None, run_after=None
[2025-11-02T11:08:47.837+0000] {processor.py:183} INFO - Processing /opt/airflow/dags/dag_csv_to_postgres_dag.py took 0.203 seconds
[2025-11-02T11:09:21.338+0000] {processor.py:161} INFO - Started process (PID=1090) to work on /opt/airflow/dags/dag_csv_to_postgres_dag.py
[2025-11-02T11:09:21.340+0000] {processor.py:830} INFO - Processing file /opt/airflow/dags/dag_csv_to_postgres_dag.py for tasks to queue
[2025-11-02T11:09:21.343+0000] {logging_mixin.py:188} INFO - [2025-11-02T11:09:21.342+0000] {dagbag.py:538} INFO - Filling up the DagBag from /opt/airflow/dags/dag_csv_to_postgres_dag.py
[2025-11-02T11:09:21.415+0000] {processor.py:840} INFO - DAG(s) 'load_csv_to_postgres' retrieved from /opt/airflow/dags/dag_csv_to_postgres_dag.py
[2025-11-02T11:09:21.581+0000] {logging_mixin.py:188} INFO - [2025-11-02T11:09:21.581+0000] {dag.py:3036} INFO - Sync 1 DAGs
[2025-11-02T11:09:21.624+0000] {logging_mixin.py:188} INFO - [2025-11-02T11:09:21.624+0000] {dag.py:3823} INFO - Setting next_dagrun for load_csv_to_postgres to None, run_after=None
[2025-11-02T11:09:21.742+0000] {processor.py:183} INFO - Processing /opt/airflow/dags/dag_csv_to_postgres_dag.py took 0.412 seconds
[2025-11-02T11:09:54.552+0000] {processor.py:161} INFO - Started process (PID=1102) to work on /opt/airflow/dags/dag_csv_to_postgres_dag.py
[2025-11-02T11:09:54.555+0000] {processor.py:830} INFO - Processing file /opt/airflow/dags/dag_csv_to_postgres_dag.py for tasks to queue
[2025-11-02T11:09:54.557+0000] {logging_mixin.py:188} INFO - [2025-11-02T11:09:54.556+0000] {dagbag.py:538} INFO - Filling up the DagBag from /opt/airflow/dags/dag_csv_to_postgres_dag.py
[2025-11-02T11:09:54.833+0000] {processor.py:840} INFO - DAG(s) 'load_csv_to_postgres' retrieved from /opt/airflow/dags/dag_csv_to_postgres_dag.py
[2025-11-02T11:09:54.888+0000] {logging_mixin.py:188} INFO - [2025-11-02T11:09:54.887+0000] {dag.py:3036} INFO - Sync 1 DAGs
[2025-11-02T11:09:54.907+0000] {logging_mixin.py:188} INFO - [2025-11-02T11:09:54.906+0000] {dag.py:3823} INFO - Setting next_dagrun for load_csv_to_postgres to None, run_after=None
[2025-11-02T11:09:55.091+0000] {processor.py:183} INFO - Processing /opt/airflow/dags/dag_csv_to_postgres_dag.py took 0.545 seconds
[2025-11-02T11:10:28.001+0000] {processor.py:161} INFO - Started process (PID=1114) to work on /opt/airflow/dags/dag_csv_to_postgres_dag.py
[2025-11-02T11:10:28.003+0000] {processor.py:830} INFO - Processing file /opt/airflow/dags/dag_csv_to_postgres_dag.py for tasks to queue
[2025-11-02T11:10:28.005+0000] {logging_mixin.py:188} INFO - [2025-11-02T11:10:28.004+0000] {dagbag.py:538} INFO - Filling up the DagBag from /opt/airflow/dags/dag_csv_to_postgres_dag.py
[2025-11-02T11:10:28.030+0000] {processor.py:840} INFO - DAG(s) 'load_csv_to_postgres' retrieved from /opt/airflow/dags/dag_csv_to_postgres_dag.py
[2025-11-02T11:10:28.074+0000] {logging_mixin.py:188} INFO - [2025-11-02T11:10:28.074+0000] {dag.py:3036} INFO - Sync 1 DAGs
[2025-11-02T11:10:28.092+0000] {logging_mixin.py:188} INFO - [2025-11-02T11:10:28.092+0000] {dag.py:3823} INFO - Setting next_dagrun for load_csv_to_postgres to None, run_after=None
[2025-11-02T11:10:28.172+0000] {processor.py:183} INFO - Processing /opt/airflow/dags/dag_csv_to_postgres_dag.py took 0.177 seconds
[2025-11-02T11:11:01.171+0000] {processor.py:161} INFO - Started process (PID=1126) to work on /opt/airflow/dags/dag_csv_to_postgres_dag.py
[2025-11-02T11:11:01.173+0000] {processor.py:830} INFO - Processing file /opt/airflow/dags/dag_csv_to_postgres_dag.py for tasks to queue
[2025-11-02T11:11:01.175+0000] {logging_mixin.py:188} INFO - [2025-11-02T11:11:01.174+0000] {dagbag.py:538} INFO - Filling up the DagBag from /opt/airflow/dags/dag_csv_to_postgres_dag.py
[2025-11-02T11:11:01.197+0000] {processor.py:840} INFO - DAG(s) 'load_csv_to_postgres' retrieved from /opt/airflow/dags/dag_csv_to_postgres_dag.py
[2025-11-02T11:11:01.240+0000] {logging_mixin.py:188} INFO - [2025-11-02T11:11:01.240+0000] {dag.py:3036} INFO - Sync 1 DAGs
[2025-11-02T11:11:01.257+0000] {logging_mixin.py:188} INFO - [2025-11-02T11:11:01.257+0000] {dag.py:3823} INFO - Setting next_dagrun for load_csv_to_postgres to None, run_after=None
[2025-11-02T11:11:01.287+0000] {processor.py:183} INFO - Processing /opt/airflow/dags/dag_csv_to_postgres_dag.py took 0.121 seconds
[2025-11-02T11:11:33.621+0000] {processor.py:161} INFO - Started process (PID=1138) to work on /opt/airflow/dags/dag_csv_to_postgres_dag.py
[2025-11-02T11:11:33.623+0000] {processor.py:830} INFO - Processing file /opt/airflow/dags/dag_csv_to_postgres_dag.py for tasks to queue
[2025-11-02T11:11:33.624+0000] {logging_mixin.py:188} INFO - [2025-11-02T11:11:33.624+0000] {dagbag.py:538} INFO - Filling up the DagBag from /opt/airflow/dags/dag_csv_to_postgres_dag.py
[2025-11-02T11:11:33.650+0000] {processor.py:840} INFO - DAG(s) 'load_csv_to_postgres' retrieved from /opt/airflow/dags/dag_csv_to_postgres_dag.py
[2025-11-02T11:11:33.699+0000] {logging_mixin.py:188} INFO - [2025-11-02T11:11:33.699+0000] {dag.py:3036} INFO - Sync 1 DAGs
[2025-11-02T11:11:33.716+0000] {logging_mixin.py:188} INFO - [2025-11-02T11:11:33.716+0000] {dag.py:3823} INFO - Setting next_dagrun for load_csv_to_postgres to None, run_after=None
[2025-11-02T11:11:33.747+0000] {processor.py:183} INFO - Processing /opt/airflow/dags/dag_csv_to_postgres_dag.py took 0.133 seconds
[2025-11-02T11:12:07.071+0000] {processor.py:161} INFO - Started process (PID=1150) to work on /opt/airflow/dags/dag_csv_to_postgres_dag.py
[2025-11-02T11:12:07.073+0000] {processor.py:830} INFO - Processing file /opt/airflow/dags/dag_csv_to_postgres_dag.py for tasks to queue
[2025-11-02T11:12:07.075+0000] {logging_mixin.py:188} INFO - [2025-11-02T11:12:07.074+0000] {dagbag.py:538} INFO - Filling up the DagBag from /opt/airflow/dags/dag_csv_to_postgres_dag.py
[2025-11-02T11:12:07.096+0000] {processor.py:840} INFO - DAG(s) 'load_csv_to_postgres' retrieved from /opt/airflow/dags/dag_csv_to_postgres_dag.py
[2025-11-02T11:12:07.137+0000] {logging_mixin.py:188} INFO - [2025-11-02T11:12:07.137+0000] {dag.py:3036} INFO - Sync 1 DAGs
[2025-11-02T11:12:07.162+0000] {logging_mixin.py:188} INFO - [2025-11-02T11:12:07.161+0000] {dag.py:3823} INFO - Setting next_dagrun for load_csv_to_postgres to None, run_after=None
[2025-11-02T11:12:07.201+0000] {processor.py:183} INFO - Processing /opt/airflow/dags/dag_csv_to_postgres_dag.py took 0.137 seconds
[2025-11-02T11:12:40.403+0000] {processor.py:161} INFO - Started process (PID=1162) to work on /opt/airflow/dags/dag_csv_to_postgres_dag.py
[2025-11-02T11:12:40.405+0000] {processor.py:830} INFO - Processing file /opt/airflow/dags/dag_csv_to_postgres_dag.py for tasks to queue
[2025-11-02T11:12:40.407+0000] {logging_mixin.py:188} INFO - [2025-11-02T11:12:40.406+0000] {dagbag.py:538} INFO - Filling up the DagBag from /opt/airflow/dags/dag_csv_to_postgres_dag.py
[2025-11-02T11:12:40.435+0000] {processor.py:840} INFO - DAG(s) 'load_csv_to_postgres' retrieved from /opt/airflow/dags/dag_csv_to_postgres_dag.py
[2025-11-02T11:12:40.487+0000] {logging_mixin.py:188} INFO - [2025-11-02T11:12:40.487+0000] {dag.py:3036} INFO - Sync 1 DAGs
[2025-11-02T11:12:40.506+0000] {logging_mixin.py:188} INFO - [2025-11-02T11:12:40.505+0000] {dag.py:3823} INFO - Setting next_dagrun for load_csv_to_postgres to None, run_after=None
[2025-11-02T11:12:40.545+0000] {processor.py:183} INFO - Processing /opt/airflow/dags/dag_csv_to_postgres_dag.py took 0.149 seconds
[2025-11-02T11:13:13.757+0000] {processor.py:161} INFO - Started process (PID=1174) to work on /opt/airflow/dags/dag_csv_to_postgres_dag.py
[2025-11-02T11:13:13.759+0000] {processor.py:830} INFO - Processing file /opt/airflow/dags/dag_csv_to_postgres_dag.py for tasks to queue
[2025-11-02T11:13:13.760+0000] {logging_mixin.py:188} INFO - [2025-11-02T11:13:13.760+0000] {dagbag.py:538} INFO - Filling up the DagBag from /opt/airflow/dags/dag_csv_to_postgres_dag.py
[2025-11-02T11:13:13.784+0000] {processor.py:840} INFO - DAG(s) 'load_csv_to_postgres' retrieved from /opt/airflow/dags/dag_csv_to_postgres_dag.py
[2025-11-02T11:13:13.823+0000] {logging_mixin.py:188} INFO - [2025-11-02T11:13:13.823+0000] {dag.py:3036} INFO - Sync 1 DAGs
[2025-11-02T11:13:13.841+0000] {logging_mixin.py:188} INFO - [2025-11-02T11:13:13.841+0000] {dag.py:3823} INFO - Setting next_dagrun for load_csv_to_postgres to None, run_after=None
[2025-11-02T11:13:13.874+0000] {processor.py:183} INFO - Processing /opt/airflow/dags/dag_csv_to_postgres_dag.py took 0.123 seconds
[2025-11-02T11:13:47.373+0000] {processor.py:161} INFO - Started process (PID=1186) to work on /opt/airflow/dags/dag_csv_to_postgres_dag.py
[2025-11-02T11:13:47.375+0000] {processor.py:830} INFO - Processing file /opt/airflow/dags/dag_csv_to_postgres_dag.py for tasks to queue
[2025-11-02T11:13:47.377+0000] {logging_mixin.py:188} INFO - [2025-11-02T11:13:47.376+0000] {dagbag.py:538} INFO - Filling up the DagBag from /opt/airflow/dags/dag_csv_to_postgres_dag.py
[2025-11-02T11:13:47.417+0000] {processor.py:840} INFO - DAG(s) 'load_csv_to_postgres' retrieved from /opt/airflow/dags/dag_csv_to_postgres_dag.py
[2025-11-02T11:13:47.472+0000] {logging_mixin.py:188} INFO - [2025-11-02T11:13:47.471+0000] {dag.py:3036} INFO - Sync 1 DAGs
[2025-11-02T11:13:47.497+0000] {logging_mixin.py:188} INFO - [2025-11-02T11:13:47.497+0000] {dag.py:3823} INFO - Setting next_dagrun for load_csv_to_postgres to None, run_after=None
[2025-11-02T11:13:47.538+0000] {processor.py:183} INFO - Processing /opt/airflow/dags/dag_csv_to_postgres_dag.py took 0.174 seconds
[2025-11-02T11:14:20.354+0000] {processor.py:161} INFO - Started process (PID=1198) to work on /opt/airflow/dags/dag_csv_to_postgres_dag.py
[2025-11-02T11:14:20.356+0000] {processor.py:830} INFO - Processing file /opt/airflow/dags/dag_csv_to_postgres_dag.py for tasks to queue
[2025-11-02T11:14:20.358+0000] {logging_mixin.py:188} INFO - [2025-11-02T11:14:20.357+0000] {dagbag.py:538} INFO - Filling up the DagBag from /opt/airflow/dags/dag_csv_to_postgres_dag.py
[2025-11-02T11:14:20.386+0000] {processor.py:840} INFO - DAG(s) 'load_csv_to_postgres' retrieved from /opt/airflow/dags/dag_csv_to_postgres_dag.py
[2025-11-02T11:14:20.433+0000] {logging_mixin.py:188} INFO - [2025-11-02T11:14:20.433+0000] {dag.py:3036} INFO - Sync 1 DAGs
[2025-11-02T11:14:20.450+0000] {logging_mixin.py:188} INFO - [2025-11-02T11:14:20.450+0000] {dag.py:3823} INFO - Setting next_dagrun for load_csv_to_postgres to None, run_after=None
[2025-11-02T11:14:20.481+0000] {processor.py:183} INFO - Processing /opt/airflow/dags/dag_csv_to_postgres_dag.py took 0.133 seconds
[2025-11-02T11:14:54.086+0000] {processor.py:161} INFO - Started process (PID=1210) to work on /opt/airflow/dags/dag_csv_to_postgres_dag.py
[2025-11-02T11:14:54.088+0000] {processor.py:830} INFO - Processing file /opt/airflow/dags/dag_csv_to_postgres_dag.py for tasks to queue
[2025-11-02T11:14:54.090+0000] {logging_mixin.py:188} INFO - [2025-11-02T11:14:54.089+0000] {dagbag.py:538} INFO - Filling up the DagBag from /opt/airflow/dags/dag_csv_to_postgres_dag.py
[2025-11-02T11:14:54.116+0000] {processor.py:840} INFO - DAG(s) 'load_csv_to_postgres' retrieved from /opt/airflow/dags/dag_csv_to_postgres_dag.py
[2025-11-02T11:14:54.156+0000] {logging_mixin.py:188} INFO - [2025-11-02T11:14:54.156+0000] {dag.py:3036} INFO - Sync 1 DAGs
[2025-11-02T11:14:54.177+0000] {logging_mixin.py:188} INFO - [2025-11-02T11:14:54.176+0000] {dag.py:3823} INFO - Setting next_dagrun for load_csv_to_postgres to None, run_after=None
[2025-11-02T11:14:54.210+0000] {processor.py:183} INFO - Processing /opt/airflow/dags/dag_csv_to_postgres_dag.py took 0.130 seconds
[2025-11-02T11:15:27.092+0000] {processor.py:161} INFO - Started process (PID=1222) to work on /opt/airflow/dags/dag_csv_to_postgres_dag.py
[2025-11-02T11:15:27.094+0000] {processor.py:830} INFO - Processing file /opt/airflow/dags/dag_csv_to_postgres_dag.py for tasks to queue
[2025-11-02T11:15:27.096+0000] {logging_mixin.py:188} INFO - [2025-11-02T11:15:27.095+0000] {dagbag.py:538} INFO - Filling up the DagBag from /opt/airflow/dags/dag_csv_to_postgres_dag.py
[2025-11-02T11:15:27.123+0000] {processor.py:840} INFO - DAG(s) 'load_csv_to_postgres' retrieved from /opt/airflow/dags/dag_csv_to_postgres_dag.py
[2025-11-02T11:15:27.173+0000] {logging_mixin.py:188} INFO - [2025-11-02T11:15:27.172+0000] {dag.py:3036} INFO - Sync 1 DAGs
[2025-11-02T11:15:27.192+0000] {logging_mixin.py:188} INFO - [2025-11-02T11:15:27.191+0000] {dag.py:3823} INFO - Setting next_dagrun for load_csv_to_postgres to None, run_after=None
[2025-11-02T11:15:27.223+0000] {processor.py:183} INFO - Processing /opt/airflow/dags/dag_csv_to_postgres_dag.py took 0.137 seconds
[2025-11-02T11:16:01.564+0000] {processor.py:161} INFO - Started process (PID=1234) to work on /opt/airflow/dags/dag_csv_to_postgres_dag.py
[2025-11-02T11:16:01.566+0000] {processor.py:830} INFO - Processing file /opt/airflow/dags/dag_csv_to_postgres_dag.py for tasks to queue
[2025-11-02T11:16:01.568+0000] {logging_mixin.py:188} INFO - [2025-11-02T11:16:01.567+0000] {dagbag.py:538} INFO - Filling up the DagBag from /opt/airflow/dags/dag_csv_to_postgres_dag.py
[2025-11-02T11:16:01.605+0000] {processor.py:840} INFO - DAG(s) 'load_csv_to_postgres' retrieved from /opt/airflow/dags/dag_csv_to_postgres_dag.py
[2025-11-02T11:16:01.676+0000] {logging_mixin.py:188} INFO - [2025-11-02T11:16:01.675+0000] {dag.py:3036} INFO - Sync 1 DAGs
[2025-11-02T11:16:01.707+0000] {logging_mixin.py:188} INFO - [2025-11-02T11:16:01.706+0000] {dag.py:3823} INFO - Setting next_dagrun for load_csv_to_postgres to None, run_after=None
[2025-11-02T11:16:01.777+0000] {processor.py:183} INFO - Processing /opt/airflow/dags/dag_csv_to_postgres_dag.py took 0.226 seconds
[2025-11-02T11:16:34.624+0000] {processor.py:161} INFO - Started process (PID=1245) to work on /opt/airflow/dags/dag_csv_to_postgres_dag.py
[2025-11-02T11:16:34.626+0000] {processor.py:830} INFO - Processing file /opt/airflow/dags/dag_csv_to_postgres_dag.py for tasks to queue
[2025-11-02T11:16:34.632+0000] {logging_mixin.py:188} INFO - [2025-11-02T11:16:34.631+0000] {dagbag.py:538} INFO - Filling up the DagBag from /opt/airflow/dags/dag_csv_to_postgres_dag.py
[2025-11-02T11:16:34.679+0000] {processor.py:840} INFO - DAG(s) 'load_csv_to_postgres' retrieved from /opt/airflow/dags/dag_csv_to_postgres_dag.py
[2025-11-02T11:16:34.769+0000] {logging_mixin.py:188} INFO - [2025-11-02T11:16:34.768+0000] {dag.py:3036} INFO - Sync 1 DAGs
[2025-11-02T11:16:34.840+0000] {logging_mixin.py:188} INFO - [2025-11-02T11:16:34.840+0000] {dag.py:3823} INFO - Setting next_dagrun for load_csv_to_postgres to None, run_after=None
[2025-11-02T11:16:34.930+0000] {processor.py:183} INFO - Processing /opt/airflow/dags/dag_csv_to_postgres_dag.py took 0.318 seconds
[2025-11-02T11:17:07.411+0000] {processor.py:161} INFO - Started process (PID=1257) to work on /opt/airflow/dags/dag_csv_to_postgres_dag.py
[2025-11-02T11:17:07.413+0000] {processor.py:830} INFO - Processing file /opt/airflow/dags/dag_csv_to_postgres_dag.py for tasks to queue
[2025-11-02T11:17:07.415+0000] {logging_mixin.py:188} INFO - [2025-11-02T11:17:07.415+0000] {dagbag.py:538} INFO - Filling up the DagBag from /opt/airflow/dags/dag_csv_to_postgres_dag.py
[2025-11-02T11:17:07.443+0000] {processor.py:840} INFO - DAG(s) 'load_csv_to_postgres' retrieved from /opt/airflow/dags/dag_csv_to_postgres_dag.py
[2025-11-02T11:17:07.490+0000] {logging_mixin.py:188} INFO - [2025-11-02T11:17:07.489+0000] {dag.py:3036} INFO - Sync 1 DAGs
[2025-11-02T11:17:07.511+0000] {logging_mixin.py:188} INFO - [2025-11-02T11:17:07.510+0000] {dag.py:3823} INFO - Setting next_dagrun for load_csv_to_postgres to None, run_after=None
[2025-11-02T11:17:07.551+0000] {processor.py:183} INFO - Processing /opt/airflow/dags/dag_csv_to_postgres_dag.py took 0.145 seconds
[2025-11-02T11:17:41.276+0000] {processor.py:161} INFO - Started process (PID=1269) to work on /opt/airflow/dags/dag_csv_to_postgres_dag.py
[2025-11-02T11:17:41.279+0000] {processor.py:830} INFO - Processing file /opt/airflow/dags/dag_csv_to_postgres_dag.py for tasks to queue
[2025-11-02T11:17:41.291+0000] {logging_mixin.py:188} INFO - [2025-11-02T11:17:41.290+0000] {dagbag.py:538} INFO - Filling up the DagBag from /opt/airflow/dags/dag_csv_to_postgres_dag.py
[2025-11-02T11:17:41.424+0000] {processor.py:840} INFO - DAG(s) 'load_csv_to_postgres' retrieved from /opt/airflow/dags/dag_csv_to_postgres_dag.py
[2025-11-02T11:17:41.571+0000] {logging_mixin.py:188} INFO - [2025-11-02T11:17:41.570+0000] {dag.py:3036} INFO - Sync 1 DAGs
[2025-11-02T11:17:41.675+0000] {logging_mixin.py:188} INFO - [2025-11-02T11:17:41.674+0000] {dag.py:3823} INFO - Setting next_dagrun for load_csv_to_postgres to None, run_after=None
[2025-11-02T11:17:41.771+0000] {processor.py:183} INFO - Processing /opt/airflow/dags/dag_csv_to_postgres_dag.py took 0.514 seconds
[2025-11-02T11:18:13.806+0000] {processor.py:161} INFO - Started process (PID=1281) to work on /opt/airflow/dags/dag_csv_to_postgres_dag.py
[2025-11-02T11:18:13.808+0000] {processor.py:830} INFO - Processing file /opt/airflow/dags/dag_csv_to_postgres_dag.py for tasks to queue
[2025-11-02T11:18:13.810+0000] {logging_mixin.py:188} INFO - [2025-11-02T11:18:13.810+0000] {dagbag.py:538} INFO - Filling up the DagBag from /opt/airflow/dags/dag_csv_to_postgres_dag.py
[2025-11-02T11:18:13.849+0000] {processor.py:840} INFO - DAG(s) 'load_csv_to_postgres' retrieved from /opt/airflow/dags/dag_csv_to_postgres_dag.py
[2025-11-02T11:18:13.912+0000] {logging_mixin.py:188} INFO - [2025-11-02T11:18:13.911+0000] {dag.py:3036} INFO - Sync 1 DAGs
[2025-11-02T11:18:13.956+0000] {logging_mixin.py:188} INFO - [2025-11-02T11:18:13.955+0000] {dag.py:3823} INFO - Setting next_dagrun for load_csv_to_postgres to None, run_after=None
[2025-11-02T11:18:14.018+0000] {processor.py:183} INFO - Processing /opt/airflow/dags/dag_csv_to_postgres_dag.py took 0.220 seconds
[2025-11-02T11:18:48.192+0000] {processor.py:161} INFO - Started process (PID=1293) to work on /opt/airflow/dags/dag_csv_to_postgres_dag.py
[2025-11-02T11:18:48.195+0000] {processor.py:830} INFO - Processing file /opt/airflow/dags/dag_csv_to_postgres_dag.py for tasks to queue
[2025-11-02T11:18:48.199+0000] {logging_mixin.py:188} INFO - [2025-11-02T11:18:48.198+0000] {dagbag.py:538} INFO - Filling up the DagBag from /opt/airflow/dags/dag_csv_to_postgres_dag.py
[2025-11-02T11:18:48.225+0000] {processor.py:840} INFO - DAG(s) 'load_csv_to_postgres' retrieved from /opt/airflow/dags/dag_csv_to_postgres_dag.py
[2025-11-02T11:18:48.275+0000] {logging_mixin.py:188} INFO - [2025-11-02T11:18:48.275+0000] {dag.py:3036} INFO - Sync 1 DAGs
[2025-11-02T11:18:48.434+0000] {logging_mixin.py:188} INFO - [2025-11-02T11:18:48.433+0000] {dag.py:3823} INFO - Setting next_dagrun for load_csv_to_postgres to None, run_after=None
[2025-11-02T11:18:48.552+0000] {processor.py:183} INFO - Processing /opt/airflow/dags/dag_csv_to_postgres_dag.py took 0.368 seconds
[2025-11-02T11:19:22.072+0000] {processor.py:161} INFO - Started process (PID=1305) to work on /opt/airflow/dags/dag_csv_to_postgres_dag.py
[2025-11-02T11:19:22.088+0000] {processor.py:830} INFO - Processing file /opt/airflow/dags/dag_csv_to_postgres_dag.py for tasks to queue
[2025-11-02T11:19:22.091+0000] {logging_mixin.py:188} INFO - [2025-11-02T11:19:22.090+0000] {dagbag.py:538} INFO - Filling up the DagBag from /opt/airflow/dags/dag_csv_to_postgres_dag.py
[2025-11-02T11:19:22.149+0000] {processor.py:840} INFO - DAG(s) 'load_csv_to_postgres' retrieved from /opt/airflow/dags/dag_csv_to_postgres_dag.py
[2025-11-02T11:19:22.211+0000] {logging_mixin.py:188} INFO - [2025-11-02T11:19:22.211+0000] {dag.py:3036} INFO - Sync 1 DAGs
[2025-11-02T11:19:22.239+0000] {logging_mixin.py:188} INFO - [2025-11-02T11:19:22.239+0000] {dag.py:3823} INFO - Setting next_dagrun for load_csv_to_postgres to None, run_after=None
[2025-11-02T11:19:22.344+0000] {processor.py:183} INFO - Processing /opt/airflow/dags/dag_csv_to_postgres_dag.py took 0.286 seconds
[2025-11-02T11:19:54.375+0000] {processor.py:161} INFO - Started process (PID=1317) to work on /opt/airflow/dags/dag_csv_to_postgres_dag.py
[2025-11-02T11:19:54.378+0000] {processor.py:830} INFO - Processing file /opt/airflow/dags/dag_csv_to_postgres_dag.py for tasks to queue
[2025-11-02T11:19:54.382+0000] {logging_mixin.py:188} INFO - [2025-11-02T11:19:54.381+0000] {dagbag.py:538} INFO - Filling up the DagBag from /opt/airflow/dags/dag_csv_to_postgres_dag.py
[2025-11-02T11:19:54.422+0000] {processor.py:840} INFO - DAG(s) 'load_csv_to_postgres' retrieved from /opt/airflow/dags/dag_csv_to_postgres_dag.py
[2025-11-02T11:19:54.485+0000] {logging_mixin.py:188} INFO - [2025-11-02T11:19:54.485+0000] {dag.py:3036} INFO - Sync 1 DAGs
[2025-11-02T11:19:54.508+0000] {logging_mixin.py:188} INFO - [2025-11-02T11:19:54.508+0000] {dag.py:3823} INFO - Setting next_dagrun for load_csv_to_postgres to None, run_after=None
[2025-11-02T11:19:54.560+0000] {processor.py:183} INFO - Processing /opt/airflow/dags/dag_csv_to_postgres_dag.py took 0.193 seconds
[2025-11-02T11:20:28.331+0000] {processor.py:161} INFO - Started process (PID=1329) to work on /opt/airflow/dags/dag_csv_to_postgres_dag.py
[2025-11-02T11:20:28.333+0000] {processor.py:830} INFO - Processing file /opt/airflow/dags/dag_csv_to_postgres_dag.py for tasks to queue
[2025-11-02T11:20:28.338+0000] {logging_mixin.py:188} INFO - [2025-11-02T11:20:28.337+0000] {dagbag.py:538} INFO - Filling up the DagBag from /opt/airflow/dags/dag_csv_to_postgres_dag.py
[2025-11-02T11:20:28.372+0000] {processor.py:840} INFO - DAG(s) 'load_csv_to_postgres' retrieved from /opt/airflow/dags/dag_csv_to_postgres_dag.py
[2025-11-02T11:20:28.424+0000] {logging_mixin.py:188} INFO - [2025-11-02T11:20:28.424+0000] {dag.py:3036} INFO - Sync 1 DAGs
[2025-11-02T11:20:28.445+0000] {logging_mixin.py:188} INFO - [2025-11-02T11:20:28.445+0000] {dag.py:3823} INFO - Setting next_dagrun for load_csv_to_postgres to None, run_after=None
[2025-11-02T11:20:28.808+0000] {processor.py:183} INFO - Processing /opt/airflow/dags/dag_csv_to_postgres_dag.py took 0.487 seconds
[2025-11-02T11:21:01.023+0000] {processor.py:161} INFO - Started process (PID=1335) to work on /opt/airflow/dags/dag_csv_to_postgres_dag.py
[2025-11-02T11:21:01.025+0000] {processor.py:830} INFO - Processing file /opt/airflow/dags/dag_csv_to_postgres_dag.py for tasks to queue
[2025-11-02T11:21:01.029+0000] {logging_mixin.py:188} INFO - [2025-11-02T11:21:01.028+0000] {dagbag.py:538} INFO - Filling up the DagBag from /opt/airflow/dags/dag_csv_to_postgres_dag.py
[2025-11-02T11:21:01.079+0000] {processor.py:840} INFO - DAG(s) 'load_csv_to_postgres' retrieved from /opt/airflow/dags/dag_csv_to_postgres_dag.py
[2025-11-02T11:21:01.164+0000] {logging_mixin.py:188} INFO - [2025-11-02T11:21:01.164+0000] {dag.py:3036} INFO - Sync 1 DAGs
[2025-11-02T11:21:01.202+0000] {logging_mixin.py:188} INFO - [2025-11-02T11:21:01.202+0000] {dag.py:3823} INFO - Setting next_dagrun for load_csv_to_postgres to None, run_after=None
[2025-11-02T11:21:01.277+0000] {processor.py:183} INFO - Processing /opt/airflow/dags/dag_csv_to_postgres_dag.py took 0.265 seconds
[2025-11-02T11:21:34.403+0000] {processor.py:161} INFO - Started process (PID=1347) to work on /opt/airflow/dags/dag_csv_to_postgres_dag.py
[2025-11-02T11:21:34.407+0000] {processor.py:830} INFO - Processing file /opt/airflow/dags/dag_csv_to_postgres_dag.py for tasks to queue
[2025-11-02T11:21:34.410+0000] {logging_mixin.py:188} INFO - [2025-11-02T11:21:34.409+0000] {dagbag.py:538} INFO - Filling up the DagBag from /opt/airflow/dags/dag_csv_to_postgres_dag.py
[2025-11-02T11:21:34.456+0000] {processor.py:840} INFO - DAG(s) 'load_csv_to_postgres' retrieved from /opt/airflow/dags/dag_csv_to_postgres_dag.py
[2025-11-02T11:21:34.523+0000] {logging_mixin.py:188} INFO - [2025-11-02T11:21:34.523+0000] {dag.py:3036} INFO - Sync 1 DAGs
[2025-11-02T11:21:34.558+0000] {logging_mixin.py:188} INFO - [2025-11-02T11:21:34.558+0000] {dag.py:3823} INFO - Setting next_dagrun for load_csv_to_postgres to None, run_after=None
[2025-11-02T11:21:34.621+0000] {processor.py:183} INFO - Processing /opt/airflow/dags/dag_csv_to_postgres_dag.py took 0.225 seconds
[2025-11-02T11:22:07.301+0000] {processor.py:161} INFO - Started process (PID=1359) to work on /opt/airflow/dags/dag_csv_to_postgres_dag.py
[2025-11-02T11:22:07.303+0000] {processor.py:830} INFO - Processing file /opt/airflow/dags/dag_csv_to_postgres_dag.py for tasks to queue
[2025-11-02T11:22:07.305+0000] {logging_mixin.py:188} INFO - [2025-11-02T11:22:07.304+0000] {dagbag.py:538} INFO - Filling up the DagBag from /opt/airflow/dags/dag_csv_to_postgres_dag.py
[2025-11-02T11:22:07.333+0000] {processor.py:840} INFO - DAG(s) 'load_csv_to_postgres' retrieved from /opt/airflow/dags/dag_csv_to_postgres_dag.py
[2025-11-02T11:22:07.380+0000] {logging_mixin.py:188} INFO - [2025-11-02T11:22:07.379+0000] {dag.py:3036} INFO - Sync 1 DAGs
[2025-11-02T11:22:07.410+0000] {logging_mixin.py:188} INFO - [2025-11-02T11:22:07.409+0000] {dag.py:3823} INFO - Setting next_dagrun for load_csv_to_postgres to None, run_after=None
[2025-11-02T11:22:07.447+0000] {processor.py:183} INFO - Processing /opt/airflow/dags/dag_csv_to_postgres_dag.py took 0.154 seconds
[2025-11-02T11:22:43.345+0000] {processor.py:161} INFO - Started process (PID=1377) to work on /opt/airflow/dags/dag_csv_to_postgres_dag.py
[2025-11-02T11:22:43.357+0000] {processor.py:830} INFO - Processing file /opt/airflow/dags/dag_csv_to_postgres_dag.py for tasks to queue
[2025-11-02T11:22:43.367+0000] {logging_mixin.py:188} INFO - [2025-11-02T11:22:43.366+0000] {dagbag.py:538} INFO - Filling up the DagBag from /opt/airflow/dags/dag_csv_to_postgres_dag.py
[2025-11-02T11:22:43.480+0000] {processor.py:840} INFO - DAG(s) 'load_csv_to_postgres' retrieved from /opt/airflow/dags/dag_csv_to_postgres_dag.py
[2025-11-02T11:22:43.702+0000] {logging_mixin.py:188} INFO - [2025-11-02T11:22:43.701+0000] {dag.py:3036} INFO - Sync 1 DAGs
[2025-11-02T11:22:43.817+0000] {logging_mixin.py:188} INFO - [2025-11-02T11:22:43.816+0000] {dag.py:3823} INFO - Setting next_dagrun for load_csv_to_postgres to None, run_after=None
[2025-11-02T11:22:43.971+0000] {processor.py:183} INFO - Processing /opt/airflow/dags/dag_csv_to_postgres_dag.py took 0.671 seconds
[2025-11-02T11:23:14.675+0000] {processor.py:161} INFO - Started process (PID=1383) to work on /opt/airflow/dags/dag_csv_to_postgres_dag.py
[2025-11-02T11:23:14.681+0000] {processor.py:830} INFO - Processing file /opt/airflow/dags/dag_csv_to_postgres_dag.py for tasks to queue
[2025-11-02T11:23:14.684+0000] {logging_mixin.py:188} INFO - [2025-11-02T11:23:14.683+0000] {dagbag.py:538} INFO - Filling up the DagBag from /opt/airflow/dags/dag_csv_to_postgres_dag.py
[2025-11-02T11:23:14.728+0000] {processor.py:840} INFO - DAG(s) 'load_csv_to_postgres' retrieved from /opt/airflow/dags/dag_csv_to_postgres_dag.py
[2025-11-02T11:23:14.803+0000] {logging_mixin.py:188} INFO - [2025-11-02T11:23:14.803+0000] {dag.py:3036} INFO - Sync 1 DAGs
[2025-11-02T11:23:14.837+0000] {logging_mixin.py:188} INFO - [2025-11-02T11:23:14.837+0000] {dag.py:3823} INFO - Setting next_dagrun for load_csv_to_postgres to None, run_after=None
[2025-11-02T11:23:14.910+0000] {processor.py:183} INFO - Processing /opt/airflow/dags/dag_csv_to_postgres_dag.py took 0.246 seconds
[2025-11-02T11:23:48.353+0000] {processor.py:161} INFO - Started process (PID=1395) to work on /opt/airflow/dags/dag_csv_to_postgres_dag.py
[2025-11-02T11:23:48.356+0000] {processor.py:830} INFO - Processing file /opt/airflow/dags/dag_csv_to_postgres_dag.py for tasks to queue
[2025-11-02T11:23:48.358+0000] {logging_mixin.py:188} INFO - [2025-11-02T11:23:48.357+0000] {dagbag.py:538} INFO - Filling up the DagBag from /opt/airflow/dags/dag_csv_to_postgres_dag.py
[2025-11-02T11:23:48.396+0000] {processor.py:840} INFO - DAG(s) 'load_csv_to_postgres' retrieved from /opt/airflow/dags/dag_csv_to_postgres_dag.py
[2025-11-02T11:23:48.463+0000] {logging_mixin.py:188} INFO - [2025-11-02T11:23:48.463+0000] {dag.py:3036} INFO - Sync 1 DAGs
[2025-11-02T11:23:48.498+0000] {logging_mixin.py:188} INFO - [2025-11-02T11:23:48.497+0000] {dag.py:3823} INFO - Setting next_dagrun for load_csv_to_postgres to None, run_after=None
[2025-11-02T11:23:48.562+0000] {processor.py:183} INFO - Processing /opt/airflow/dags/dag_csv_to_postgres_dag.py took 0.221 seconds
[2025-11-02T11:24:20.993+0000] {processor.py:161} INFO - Started process (PID=1406) to work on /opt/airflow/dags/dag_csv_to_postgres_dag.py
[2025-11-02T11:24:20.997+0000] {processor.py:830} INFO - Processing file /opt/airflow/dags/dag_csv_to_postgres_dag.py for tasks to queue
[2025-11-02T11:24:21.000+0000] {logging_mixin.py:188} INFO - [2025-11-02T11:24:20.999+0000] {dagbag.py:538} INFO - Filling up the DagBag from /opt/airflow/dags/dag_csv_to_postgres_dag.py
[2025-11-02T11:24:21.056+0000] {processor.py:840} INFO - DAG(s) 'load_csv_to_postgres' retrieved from /opt/airflow/dags/dag_csv_to_postgres_dag.py
[2025-11-02T11:24:21.192+0000] {logging_mixin.py:188} INFO - [2025-11-02T11:24:21.191+0000] {dag.py:3036} INFO - Sync 1 DAGs
[2025-11-02T11:24:21.272+0000] {logging_mixin.py:188} INFO - [2025-11-02T11:24:21.271+0000] {dag.py:3823} INFO - Setting next_dagrun for load_csv_to_postgres to None, run_after=None
[2025-11-02T11:24:21.390+0000] {processor.py:183} INFO - Processing /opt/airflow/dags/dag_csv_to_postgres_dag.py took 0.404 seconds
[2025-11-02T11:24:55.073+0000] {processor.py:161} INFO - Started process (PID=1418) to work on /opt/airflow/dags/dag_csv_to_postgres_dag.py
[2025-11-02T11:24:55.076+0000] {processor.py:830} INFO - Processing file /opt/airflow/dags/dag_csv_to_postgres_dag.py for tasks to queue
[2025-11-02T11:24:55.079+0000] {logging_mixin.py:188} INFO - [2025-11-02T11:24:55.078+0000] {dagbag.py:538} INFO - Filling up the DagBag from /opt/airflow/dags/dag_csv_to_postgres_dag.py
[2025-11-02T11:24:55.137+0000] {processor.py:840} INFO - DAG(s) 'load_csv_to_postgres' retrieved from /opt/airflow/dags/dag_csv_to_postgres_dag.py
[2025-11-02T11:24:55.238+0000] {logging_mixin.py:188} INFO - [2025-11-02T11:24:55.237+0000] {dag.py:3036} INFO - Sync 1 DAGs
[2025-11-02T11:24:55.296+0000] {logging_mixin.py:188} INFO - [2025-11-02T11:24:55.293+0000] {dag.py:3823} INFO - Setting next_dagrun for load_csv_to_postgres to None, run_after=None
[2025-11-02T11:24:55.370+0000] {processor.py:183} INFO - Processing /opt/airflow/dags/dag_csv_to_postgres_dag.py took 0.311 seconds
[2025-11-02T11:25:27.914+0000] {processor.py:161} INFO - Started process (PID=1430) to work on /opt/airflow/dags/dag_csv_to_postgres_dag.py
[2025-11-02T11:25:27.918+0000] {processor.py:830} INFO - Processing file /opt/airflow/dags/dag_csv_to_postgres_dag.py for tasks to queue
[2025-11-02T11:25:27.921+0000] {logging_mixin.py:188} INFO - [2025-11-02T11:25:27.920+0000] {dagbag.py:538} INFO - Filling up the DagBag from /opt/airflow/dags/dag_csv_to_postgres_dag.py
[2025-11-02T11:25:27.975+0000] {processor.py:840} INFO - DAG(s) 'load_csv_to_postgres' retrieved from /opt/airflow/dags/dag_csv_to_postgres_dag.py
[2025-11-02T11:25:28.092+0000] {logging_mixin.py:188} INFO - [2025-11-02T11:25:28.092+0000] {dag.py:3036} INFO - Sync 1 DAGs
[2025-11-02T11:25:28.117+0000] {logging_mixin.py:188} INFO - [2025-11-02T11:25:28.117+0000] {dag.py:3823} INFO - Setting next_dagrun for load_csv_to_postgres to None, run_after=None
[2025-11-02T11:25:28.172+0000] {processor.py:183} INFO - Processing /opt/airflow/dags/dag_csv_to_postgres_dag.py took 0.272 seconds
[2025-11-02T11:26:00.858+0000] {processor.py:161} INFO - Started process (PID=1442) to work on /opt/airflow/dags/dag_csv_to_postgres_dag.py
[2025-11-02T11:26:00.860+0000] {processor.py:830} INFO - Processing file /opt/airflow/dags/dag_csv_to_postgres_dag.py for tasks to queue
[2025-11-02T11:26:00.861+0000] {logging_mixin.py:188} INFO - [2025-11-02T11:26:00.861+0000] {dagbag.py:538} INFO - Filling up the DagBag from /opt/airflow/dags/dag_csv_to_postgres_dag.py
[2025-11-02T11:26:00.895+0000] {processor.py:840} INFO - DAG(s) 'load_csv_to_postgres' retrieved from /opt/airflow/dags/dag_csv_to_postgres_dag.py
[2025-11-02T11:26:00.942+0000] {logging_mixin.py:188} INFO - [2025-11-02T11:26:00.941+0000] {dag.py:3036} INFO - Sync 1 DAGs
[2025-11-02T11:26:00.964+0000] {logging_mixin.py:188} INFO - [2025-11-02T11:26:00.963+0000] {dag.py:3823} INFO - Setting next_dagrun for load_csv_to_postgres to None, run_after=None
[2025-11-02T11:26:00.994+0000] {processor.py:183} INFO - Processing /opt/airflow/dags/dag_csv_to_postgres_dag.py took 0.142 seconds
[2025-11-02T11:26:34.263+0000] {processor.py:161} INFO - Started process (PID=1454) to work on /opt/airflow/dags/dag_csv_to_postgres_dag.py
[2025-11-02T11:26:34.265+0000] {processor.py:830} INFO - Processing file /opt/airflow/dags/dag_csv_to_postgres_dag.py for tasks to queue
[2025-11-02T11:26:34.268+0000] {logging_mixin.py:188} INFO - [2025-11-02T11:26:34.267+0000] {dagbag.py:538} INFO - Filling up the DagBag from /opt/airflow/dags/dag_csv_to_postgres_dag.py
[2025-11-02T11:26:34.324+0000] {processor.py:840} INFO - DAG(s) 'load_csv_to_postgres' retrieved from /opt/airflow/dags/dag_csv_to_postgres_dag.py
[2025-11-02T11:26:34.389+0000] {logging_mixin.py:188} INFO - [2025-11-02T11:26:34.389+0000] {dag.py:3036} INFO - Sync 1 DAGs
[2025-11-02T11:26:34.423+0000] {logging_mixin.py:188} INFO - [2025-11-02T11:26:34.423+0000] {dag.py:3823} INFO - Setting next_dagrun for load_csv_to_postgres to None, run_after=None
[2025-11-02T11:26:34.475+0000] {processor.py:183} INFO - Processing /opt/airflow/dags/dag_csv_to_postgres_dag.py took 0.224 seconds
[2025-11-02T11:27:08.267+0000] {processor.py:161} INFO - Started process (PID=1466) to work on /opt/airflow/dags/dag_csv_to_postgres_dag.py
[2025-11-02T11:27:08.270+0000] {processor.py:830} INFO - Processing file /opt/airflow/dags/dag_csv_to_postgres_dag.py for tasks to queue
[2025-11-02T11:27:08.271+0000] {logging_mixin.py:188} INFO - [2025-11-02T11:27:08.271+0000] {dagbag.py:538} INFO - Filling up the DagBag from /opt/airflow/dags/dag_csv_to_postgres_dag.py
[2025-11-02T11:27:08.297+0000] {processor.py:840} INFO - DAG(s) 'load_csv_to_postgres' retrieved from /opt/airflow/dags/dag_csv_to_postgres_dag.py
[2025-11-02T11:27:08.353+0000] {logging_mixin.py:188} INFO - [2025-11-02T11:27:08.353+0000] {dag.py:3036} INFO - Sync 1 DAGs
[2025-11-02T11:27:08.374+0000] {logging_mixin.py:188} INFO - [2025-11-02T11:27:08.373+0000] {dag.py:3823} INFO - Setting next_dagrun for load_csv_to_postgres to None, run_after=None
[2025-11-02T11:27:08.418+0000] {processor.py:183} INFO - Processing /opt/airflow/dags/dag_csv_to_postgres_dag.py took 0.159 seconds
[2025-11-02T11:27:40.930+0000] {processor.py:161} INFO - Started process (PID=1477) to work on /opt/airflow/dags/dag_csv_to_postgres_dag.py
[2025-11-02T11:27:40.933+0000] {processor.py:830} INFO - Processing file /opt/airflow/dags/dag_csv_to_postgres_dag.py for tasks to queue
[2025-11-02T11:27:40.935+0000] {logging_mixin.py:188} INFO - [2025-11-02T11:27:40.935+0000] {dagbag.py:538} INFO - Filling up the DagBag from /opt/airflow/dags/dag_csv_to_postgres_dag.py
[2025-11-02T11:27:40.990+0000] {processor.py:840} INFO - DAG(s) 'load_csv_to_postgres' retrieved from /opt/airflow/dags/dag_csv_to_postgres_dag.py
[2025-11-02T11:27:41.046+0000] {logging_mixin.py:188} INFO - [2025-11-02T11:27:41.046+0000] {dag.py:3036} INFO - Sync 1 DAGs
[2025-11-02T11:27:41.070+0000] {logging_mixin.py:188} INFO - [2025-11-02T11:27:41.069+0000] {dag.py:3823} INFO - Setting next_dagrun for load_csv_to_postgres to None, run_after=None
[2025-11-02T11:27:41.145+0000] {processor.py:183} INFO - Processing /opt/airflow/dags/dag_csv_to_postgres_dag.py took 0.223 seconds
[2025-11-02T11:28:14.526+0000] {processor.py:161} INFO - Started process (PID=1489) to work on /opt/airflow/dags/dag_csv_to_postgres_dag.py
[2025-11-02T11:28:14.528+0000] {processor.py:830} INFO - Processing file /opt/airflow/dags/dag_csv_to_postgres_dag.py for tasks to queue
[2025-11-02T11:28:14.531+0000] {logging_mixin.py:188} INFO - [2025-11-02T11:28:14.530+0000] {dagbag.py:538} INFO - Filling up the DagBag from /opt/airflow/dags/dag_csv_to_postgres_dag.py
[2025-11-02T11:28:14.570+0000] {processor.py:840} INFO - DAG(s) 'load_csv_to_postgres' retrieved from /opt/airflow/dags/dag_csv_to_postgres_dag.py
[2025-11-02T11:28:14.624+0000] {logging_mixin.py:188} INFO - [2025-11-02T11:28:14.624+0000] {dag.py:3036} INFO - Sync 1 DAGs
[2025-11-02T11:28:14.649+0000] {logging_mixin.py:188} INFO - [2025-11-02T11:28:14.648+0000] {dag.py:3823} INFO - Setting next_dagrun for load_csv_to_postgres to None, run_after=None
[2025-11-02T11:28:14.688+0000] {processor.py:183} INFO - Processing /opt/airflow/dags/dag_csv_to_postgres_dag.py took 0.170 seconds
[2025-11-02T11:28:47.405+0000] {processor.py:161} INFO - Started process (PID=1501) to work on /opt/airflow/dags/dag_csv_to_postgres_dag.py
[2025-11-02T11:28:47.407+0000] {processor.py:830} INFO - Processing file /opt/airflow/dags/dag_csv_to_postgres_dag.py for tasks to queue
[2025-11-02T11:28:47.409+0000] {logging_mixin.py:188} INFO - [2025-11-02T11:28:47.408+0000] {dagbag.py:538} INFO - Filling up the DagBag from /opt/airflow/dags/dag_csv_to_postgres_dag.py
[2025-11-02T11:28:47.436+0000] {processor.py:840} INFO - DAG(s) 'load_csv_to_postgres' retrieved from /opt/airflow/dags/dag_csv_to_postgres_dag.py
[2025-11-02T11:28:47.487+0000] {logging_mixin.py:188} INFO - [2025-11-02T11:28:47.487+0000] {dag.py:3036} INFO - Sync 1 DAGs
[2025-11-02T11:28:47.507+0000] {logging_mixin.py:188} INFO - [2025-11-02T11:28:47.506+0000] {dag.py:3823} INFO - Setting next_dagrun for load_csv_to_postgres to None, run_after=None
[2025-11-02T11:28:47.548+0000] {processor.py:183} INFO - Processing /opt/airflow/dags/dag_csv_to_postgres_dag.py took 0.151 seconds
[2025-11-02T11:29:21.486+0000] {processor.py:161} INFO - Started process (PID=1513) to work on /opt/airflow/dags/dag_csv_to_postgres_dag.py
[2025-11-02T11:29:21.489+0000] {processor.py:830} INFO - Processing file /opt/airflow/dags/dag_csv_to_postgres_dag.py for tasks to queue
[2025-11-02T11:29:21.491+0000] {logging_mixin.py:188} INFO - [2025-11-02T11:29:21.490+0000] {dagbag.py:538} INFO - Filling up the DagBag from /opt/airflow/dags/dag_csv_to_postgres_dag.py
[2025-11-02T11:29:21.539+0000] {processor.py:840} INFO - DAG(s) 'load_csv_to_postgres' retrieved from /opt/airflow/dags/dag_csv_to_postgres_dag.py
[2025-11-02T11:29:21.625+0000] {logging_mixin.py:188} INFO - [2025-11-02T11:29:21.624+0000] {dag.py:3036} INFO - Sync 1 DAGs
[2025-11-02T11:29:21.679+0000] {logging_mixin.py:188} INFO - [2025-11-02T11:29:21.679+0000] {dag.py:3823} INFO - Setting next_dagrun for load_csv_to_postgres to None, run_after=None
[2025-11-02T11:29:21.736+0000] {processor.py:183} INFO - Processing /opt/airflow/dags/dag_csv_to_postgres_dag.py took 0.264 seconds
[2025-11-02T11:29:54.812+0000] {processor.py:161} INFO - Started process (PID=1525) to work on /opt/airflow/dags/dag_csv_to_postgres_dag.py
[2025-11-02T11:29:54.814+0000] {processor.py:830} INFO - Processing file /opt/airflow/dags/dag_csv_to_postgres_dag.py for tasks to queue
[2025-11-02T11:29:54.820+0000] {logging_mixin.py:188} INFO - [2025-11-02T11:29:54.819+0000] {dagbag.py:538} INFO - Filling up the DagBag from /opt/airflow/dags/dag_csv_to_postgres_dag.py
[2025-11-02T11:29:54.847+0000] {processor.py:840} INFO - DAG(s) 'load_csv_to_postgres' retrieved from /opt/airflow/dags/dag_csv_to_postgres_dag.py
[2025-11-02T11:29:54.895+0000] {logging_mixin.py:188} INFO - [2025-11-02T11:29:54.894+0000] {dag.py:3036} INFO - Sync 1 DAGs
[2025-11-02T11:29:54.914+0000] {logging_mixin.py:188} INFO - [2025-11-02T11:29:54.914+0000] {dag.py:3823} INFO - Setting next_dagrun for load_csv_to_postgres to None, run_after=None
[2025-11-02T11:29:54.951+0000] {processor.py:183} INFO - Processing /opt/airflow/dags/dag_csv_to_postgres_dag.py took 0.145 seconds
[2025-11-02T11:30:27.591+0000] {processor.py:161} INFO - Started process (PID=1537) to work on /opt/airflow/dags/dag_csv_to_postgres_dag.py
[2025-11-02T11:30:27.593+0000] {processor.py:830} INFO - Processing file /opt/airflow/dags/dag_csv_to_postgres_dag.py for tasks to queue
[2025-11-02T11:30:27.595+0000] {logging_mixin.py:188} INFO - [2025-11-02T11:30:27.594+0000] {dagbag.py:538} INFO - Filling up the DagBag from /opt/airflow/dags/dag_csv_to_postgres_dag.py
[2025-11-02T11:30:27.622+0000] {processor.py:840} INFO - DAG(s) 'load_csv_to_postgres' retrieved from /opt/airflow/dags/dag_csv_to_postgres_dag.py
[2025-11-02T11:30:27.669+0000] {logging_mixin.py:188} INFO - [2025-11-02T11:30:27.668+0000] {dag.py:3036} INFO - Sync 1 DAGs
[2025-11-02T11:30:27.688+0000] {logging_mixin.py:188} INFO - [2025-11-02T11:30:27.688+0000] {dag.py:3823} INFO - Setting next_dagrun for load_csv_to_postgres to None, run_after=None
[2025-11-02T11:30:27.781+0000] {processor.py:183} INFO - Processing /opt/airflow/dags/dag_csv_to_postgres_dag.py took 0.197 seconds
[2025-11-02T11:31:02.641+0000] {processor.py:161} INFO - Started process (PID=1549) to work on /opt/airflow/dags/dag_csv_to_postgres_dag.py
[2025-11-02T11:31:02.644+0000] {processor.py:830} INFO - Processing file /opt/airflow/dags/dag_csv_to_postgres_dag.py for tasks to queue
[2025-11-02T11:31:02.646+0000] {logging_mixin.py:188} INFO - [2025-11-02T11:31:02.646+0000] {dagbag.py:538} INFO - Filling up the DagBag from /opt/airflow/dags/dag_csv_to_postgres_dag.py
[2025-11-02T11:31:02.723+0000] {processor.py:840} INFO - DAG(s) 'load_csv_to_postgres' retrieved from /opt/airflow/dags/dag_csv_to_postgres_dag.py
[2025-11-02T11:31:02.904+0000] {logging_mixin.py:188} INFO - [2025-11-02T11:31:02.904+0000] {dag.py:3036} INFO - Sync 1 DAGs
[2025-11-02T11:31:02.987+0000] {logging_mixin.py:188} INFO - [2025-11-02T11:31:02.986+0000] {dag.py:3823} INFO - Setting next_dagrun for load_csv_to_postgres to None, run_after=None
[2025-11-02T11:31:03.079+0000] {processor.py:183} INFO - Processing /opt/airflow/dags/dag_csv_to_postgres_dag.py took 0.462 seconds
[2025-11-02T11:31:35.875+0000] {processor.py:161} INFO - Started process (PID=1561) to work on /opt/airflow/dags/dag_csv_to_postgres_dag.py
[2025-11-02T11:31:35.887+0000] {processor.py:830} INFO - Processing file /opt/airflow/dags/dag_csv_to_postgres_dag.py for tasks to queue
[2025-11-02T11:31:35.890+0000] {logging_mixin.py:188} INFO - [2025-11-02T11:31:35.889+0000] {dagbag.py:538} INFO - Filling up the DagBag from /opt/airflow/dags/dag_csv_to_postgres_dag.py
[2025-11-02T11:31:36.116+0000] {processor.py:840} INFO - DAG(s) 'load_csv_to_postgres' retrieved from /opt/airflow/dags/dag_csv_to_postgres_dag.py
[2025-11-02T11:31:36.329+0000] {logging_mixin.py:188} INFO - [2025-11-02T11:31:36.329+0000] {dag.py:3036} INFO - Sync 1 DAGs
[2025-11-02T11:31:36.432+0000] {logging_mixin.py:188} INFO - [2025-11-02T11:31:36.432+0000] {dag.py:3823} INFO - Setting next_dagrun for load_csv_to_postgres to None, run_after=None
[2025-11-02T11:31:36.660+0000] {processor.py:183} INFO - Processing /opt/airflow/dags/dag_csv_to_postgres_dag.py took 0.803 seconds
[2025-11-02T11:32:08.261+0000] {processor.py:161} INFO - Started process (PID=1573) to work on /opt/airflow/dags/dag_csv_to_postgres_dag.py
[2025-11-02T11:32:08.264+0000] {processor.py:830} INFO - Processing file /opt/airflow/dags/dag_csv_to_postgres_dag.py for tasks to queue
[2025-11-02T11:32:08.275+0000] {logging_mixin.py:188} INFO - [2025-11-02T11:32:08.266+0000] {dagbag.py:538} INFO - Filling up the DagBag from /opt/airflow/dags/dag_csv_to_postgres_dag.py
[2025-11-02T11:32:08.331+0000] {processor.py:840} INFO - DAG(s) 'load_csv_to_postgres' retrieved from /opt/airflow/dags/dag_csv_to_postgres_dag.py
[2025-11-02T11:32:08.458+0000] {logging_mixin.py:188} INFO - [2025-11-02T11:32:08.458+0000] {dag.py:3036} INFO - Sync 1 DAGs
[2025-11-02T11:32:08.485+0000] {logging_mixin.py:188} INFO - [2025-11-02T11:32:08.485+0000] {dag.py:3823} INFO - Setting next_dagrun for load_csv_to_postgres to None, run_after=None
[2025-11-02T11:32:08.601+0000] {processor.py:183} INFO - Processing /opt/airflow/dags/dag_csv_to_postgres_dag.py took 0.358 seconds
[2025-11-02T11:32:42.468+0000] {processor.py:161} INFO - Started process (PID=1585) to work on /opt/airflow/dags/dag_csv_to_postgres_dag.py
[2025-11-02T11:32:42.470+0000] {processor.py:830} INFO - Processing file /opt/airflow/dags/dag_csv_to_postgres_dag.py for tasks to queue
[2025-11-02T11:32:42.484+0000] {logging_mixin.py:188} INFO - [2025-11-02T11:32:42.483+0000] {dagbag.py:538} INFO - Filling up the DagBag from /opt/airflow/dags/dag_csv_to_postgres_dag.py
[2025-11-02T11:32:42.575+0000] {processor.py:840} INFO - DAG(s) 'load_csv_to_postgres' retrieved from /opt/airflow/dags/dag_csv_to_postgres_dag.py
[2025-11-02T11:32:42.789+0000] {logging_mixin.py:188} INFO - [2025-11-02T11:32:42.788+0000] {dag.py:3036} INFO - Sync 1 DAGs
[2025-11-02T11:32:43.075+0000] {logging_mixin.py:188} INFO - [2025-11-02T11:32:43.065+0000] {dag.py:3823} INFO - Setting next_dagrun for load_csv_to_postgres to None, run_after=None
[2025-11-02T11:32:43.368+0000] {processor.py:183} INFO - Processing /opt/airflow/dags/dag_csv_to_postgres_dag.py took 0.921 seconds
[2025-11-02T11:33:14.969+0000] {processor.py:161} INFO - Started process (PID=1597) to work on /opt/airflow/dags/dag_csv_to_postgres_dag.py
[2025-11-02T11:33:14.972+0000] {processor.py:830} INFO - Processing file /opt/airflow/dags/dag_csv_to_postgres_dag.py for tasks to queue
[2025-11-02T11:33:14.977+0000] {logging_mixin.py:188} INFO - [2025-11-02T11:33:14.976+0000] {dagbag.py:538} INFO - Filling up the DagBag from /opt/airflow/dags/dag_csv_to_postgres_dag.py
[2025-11-02T11:33:15.084+0000] {processor.py:840} INFO - DAG(s) 'load_csv_to_postgres' retrieved from /opt/airflow/dags/dag_csv_to_postgres_dag.py
[2025-11-02T11:33:15.238+0000] {logging_mixin.py:188} INFO - [2025-11-02T11:33:15.237+0000] {dag.py:3036} INFO - Sync 1 DAGs
[2025-11-02T11:33:15.326+0000] {logging_mixin.py:188} INFO - [2025-11-02T11:33:15.317+0000] {dag.py:3823} INFO - Setting next_dagrun for load_csv_to_postgres to None, run_after=None
[2025-11-02T11:33:15.483+0000] {processor.py:183} INFO - Processing /opt/airflow/dags/dag_csv_to_postgres_dag.py took 0.544 seconds
[2025-11-02T11:33:49.635+0000] {processor.py:161} INFO - Started process (PID=1609) to work on /opt/airflow/dags/dag_csv_to_postgres_dag.py
[2025-11-02T11:33:49.647+0000] {processor.py:830} INFO - Processing file /opt/airflow/dags/dag_csv_to_postgres_dag.py for tasks to queue
[2025-11-02T11:33:49.663+0000] {logging_mixin.py:188} INFO - [2025-11-02T11:33:49.662+0000] {dagbag.py:538} INFO - Filling up the DagBag from /opt/airflow/dags/dag_csv_to_postgres_dag.py
[2025-11-02T11:33:49.917+0000] {processor.py:840} INFO - DAG(s) 'load_csv_to_postgres' retrieved from /opt/airflow/dags/dag_csv_to_postgres_dag.py
[2025-11-02T11:33:50.161+0000] {logging_mixin.py:188} INFO - [2025-11-02T11:33:50.152+0000] {dag.py:3036} INFO - Sync 1 DAGs
[2025-11-02T11:33:50.275+0000] {logging_mixin.py:188} INFO - [2025-11-02T11:33:50.275+0000] {dag.py:3823} INFO - Setting next_dagrun for load_csv_to_postgres to None, run_after=None
[2025-11-02T11:33:50.414+0000] {processor.py:183} INFO - Processing /opt/airflow/dags/dag_csv_to_postgres_dag.py took 0.809 seconds
[2025-11-02T11:34:21.370+0000] {processor.py:161} INFO - Started process (PID=1621) to work on /opt/airflow/dags/dag_csv_to_postgres_dag.py
[2025-11-02T11:34:21.373+0000] {processor.py:830} INFO - Processing file /opt/airflow/dags/dag_csv_to_postgres_dag.py for tasks to queue
[2025-11-02T11:34:21.376+0000] {logging_mixin.py:188} INFO - [2025-11-02T11:34:21.375+0000] {dagbag.py:538} INFO - Filling up the DagBag from /opt/airflow/dags/dag_csv_to_postgres_dag.py
[2025-11-02T11:34:21.417+0000] {processor.py:840} INFO - DAG(s) 'load_csv_to_postgres' retrieved from /opt/airflow/dags/dag_csv_to_postgres_dag.py
[2025-11-02T11:34:21.531+0000] {logging_mixin.py:188} INFO - [2025-11-02T11:34:21.530+0000] {dag.py:3036} INFO - Sync 1 DAGs
[2025-11-02T11:34:21.582+0000] {logging_mixin.py:188} INFO - [2025-11-02T11:34:21.579+0000] {dag.py:3823} INFO - Setting next_dagrun for load_csv_to_postgres to None, run_after=None
[2025-11-02T11:34:21.627+0000] {processor.py:183} INFO - Processing /opt/airflow/dags/dag_csv_to_postgres_dag.py took 0.265 seconds
[2025-11-02T11:34:56.191+0000] {processor.py:161} INFO - Started process (PID=1633) to work on /opt/airflow/dags/dag_csv_to_postgres_dag.py
[2025-11-02T11:34:56.208+0000] {processor.py:830} INFO - Processing file /opt/airflow/dags/dag_csv_to_postgres_dag.py for tasks to queue
[2025-11-02T11:34:56.211+0000] {logging_mixin.py:188} INFO - [2025-11-02T11:34:56.210+0000] {dagbag.py:538} INFO - Filling up the DagBag from /opt/airflow/dags/dag_csv_to_postgres_dag.py
[2025-11-02T11:34:56.273+0000] {processor.py:840} INFO - DAG(s) 'load_csv_to_postgres' retrieved from /opt/airflow/dags/dag_csv_to_postgres_dag.py
[2025-11-02T11:34:56.464+0000] {logging_mixin.py:188} INFO - [2025-11-02T11:34:56.455+0000] {dag.py:3036} INFO - Sync 1 DAGs
[2025-11-02T11:34:56.581+0000] {logging_mixin.py:188} INFO - [2025-11-02T11:34:56.581+0000] {dag.py:3823} INFO - Setting next_dagrun for load_csv_to_postgres to None, run_after=None
[2025-11-02T11:34:56.824+0000] {processor.py:183} INFO - Processing /opt/airflow/dags/dag_csv_to_postgres_dag.py took 0.650 seconds
[2025-11-02T11:35:30.135+0000] {processor.py:161} INFO - Started process (PID=1645) to work on /opt/airflow/dags/dag_csv_to_postgres_dag.py
[2025-11-02T11:35:30.148+0000] {processor.py:830} INFO - Processing file /opt/airflow/dags/dag_csv_to_postgres_dag.py for tasks to queue
[2025-11-02T11:35:30.150+0000] {logging_mixin.py:188} INFO - [2025-11-02T11:35:30.149+0000] {dagbag.py:538} INFO - Filling up the DagBag from /opt/airflow/dags/dag_csv_to_postgres_dag.py
[2025-11-02T11:35:30.221+0000] {processor.py:840} INFO - DAG(s) 'load_csv_to_postgres' retrieved from /opt/airflow/dags/dag_csv_to_postgres_dag.py
[2025-11-02T11:35:30.396+0000] {logging_mixin.py:188} INFO - [2025-11-02T11:35:30.395+0000] {dag.py:3036} INFO - Sync 1 DAGs
[2025-11-02T11:35:30.507+0000] {logging_mixin.py:188} INFO - [2025-11-02T11:35:30.506+0000] {dag.py:3823} INFO - Setting next_dagrun for load_csv_to_postgres to None, run_after=None
[2025-11-02T11:35:30.722+0000] {processor.py:183} INFO - Processing /opt/airflow/dags/dag_csv_to_postgres_dag.py took 0.609 seconds
[2025-11-02T11:36:02.833+0000] {processor.py:161} INFO - Started process (PID=1657) to work on /opt/airflow/dags/dag_csv_to_postgres_dag.py
[2025-11-02T11:36:02.836+0000] {processor.py:830} INFO - Processing file /opt/airflow/dags/dag_csv_to_postgres_dag.py for tasks to queue
[2025-11-02T11:36:02.862+0000] {logging_mixin.py:188} INFO - [2025-11-02T11:36:02.860+0000] {dagbag.py:538} INFO - Filling up the DagBag from /opt/airflow/dags/dag_csv_to_postgres_dag.py
[2025-11-02T11:36:03.079+0000] {processor.py:840} INFO - DAG(s) 'load_csv_to_postgres' retrieved from /opt/airflow/dags/dag_csv_to_postgres_dag.py
[2025-11-02T11:36:03.467+0000] {logging_mixin.py:188} INFO - [2025-11-02T11:36:03.466+0000] {dag.py:3036} INFO - Sync 1 DAGs
[2025-11-02T11:36:03.641+0000] {logging_mixin.py:188} INFO - [2025-11-02T11:36:03.629+0000] {dag.py:3823} INFO - Setting next_dagrun for load_csv_to_postgres to None, run_after=None
[2025-11-02T11:36:03.850+0000] {processor.py:183} INFO - Processing /opt/airflow/dags/dag_csv_to_postgres_dag.py took 1.042 seconds
[2025-11-02T11:36:35.407+0000] {processor.py:161} INFO - Started process (PID=1669) to work on /opt/airflow/dags/dag_csv_to_postgres_dag.py
[2025-11-02T11:36:35.420+0000] {processor.py:830} INFO - Processing file /opt/airflow/dags/dag_csv_to_postgres_dag.py for tasks to queue
[2025-11-02T11:36:35.424+0000] {logging_mixin.py:188} INFO - [2025-11-02T11:36:35.423+0000] {dagbag.py:538} INFO - Filling up the DagBag from /opt/airflow/dags/dag_csv_to_postgres_dag.py
[2025-11-02T11:36:35.667+0000] {processor.py:840} INFO - DAG(s) 'load_csv_to_postgres' retrieved from /opt/airflow/dags/dag_csv_to_postgres_dag.py
[2025-11-02T11:36:35.852+0000] {logging_mixin.py:188} INFO - [2025-11-02T11:36:35.851+0000] {dag.py:3036} INFO - Sync 1 DAGs
[2025-11-02T11:36:35.954+0000] {logging_mixin.py:188} INFO - [2025-11-02T11:36:35.954+0000] {dag.py:3823} INFO - Setting next_dagrun for load_csv_to_postgres to None, run_after=None
[2025-11-02T11:36:36.070+0000] {processor.py:183} INFO - Processing /opt/airflow/dags/dag_csv_to_postgres_dag.py took 0.686 seconds
[2025-11-02T11:37:11.848+0000] {processor.py:161} INFO - Started process (PID=1681) to work on /opt/airflow/dags/dag_csv_to_postgres_dag.py
[2025-11-02T11:37:11.886+0000] {processor.py:830} INFO - Processing file /opt/airflow/dags/dag_csv_to_postgres_dag.py for tasks to queue
[2025-11-02T11:37:11.891+0000] {logging_mixin.py:188} INFO - [2025-11-02T11:37:11.890+0000] {dagbag.py:538} INFO - Filling up the DagBag from /opt/airflow/dags/dag_csv_to_postgres_dag.py
[2025-11-02T11:37:11.970+0000] {processor.py:840} INFO - DAG(s) 'load_csv_to_postgres' retrieved from /opt/airflow/dags/dag_csv_to_postgres_dag.py
[2025-11-02T11:37:12.206+0000] {logging_mixin.py:188} INFO - [2025-11-02T11:37:12.205+0000] {dag.py:3036} INFO - Sync 1 DAGs
[2025-11-02T11:37:12.323+0000] {logging_mixin.py:188} INFO - [2025-11-02T11:37:12.322+0000] {dag.py:3823} INFO - Setting next_dagrun for load_csv_to_postgres to None, run_after=None
[2025-11-02T11:37:13.297+0000] {processor.py:183} INFO - Processing /opt/airflow/dags/dag_csv_to_postgres_dag.py took 1.481 seconds
[2025-11-02T11:37:44.286+0000] {processor.py:161} INFO - Started process (PID=1694) to work on /opt/airflow/dags/dag_csv_to_postgres_dag.py
[2025-11-02T11:37:44.292+0000] {processor.py:830} INFO - Processing file /opt/airflow/dags/dag_csv_to_postgres_dag.py for tasks to queue
[2025-11-02T11:37:44.296+0000] {logging_mixin.py:188} INFO - [2025-11-02T11:37:44.295+0000] {dagbag.py:538} INFO - Filling up the DagBag from /opt/airflow/dags/dag_csv_to_postgres_dag.py
[2025-11-02T11:37:44.388+0000] {processor.py:840} INFO - DAG(s) 'load_csv_to_postgres' retrieved from /opt/airflow/dags/dag_csv_to_postgres_dag.py
[2025-11-02T11:37:44.598+0000] {logging_mixin.py:188} INFO - [2025-11-02T11:37:44.598+0000] {dag.py:3036} INFO - Sync 1 DAGs
[2025-11-02T11:37:44.664+0000] {logging_mixin.py:188} INFO - [2025-11-02T11:37:44.659+0000] {dag.py:3823} INFO - Setting next_dagrun for load_csv_to_postgres to None, run_after=None
[2025-11-02T11:37:44.798+0000] {processor.py:183} INFO - Processing /opt/airflow/dags/dag_csv_to_postgres_dag.py took 0.522 seconds
[2025-11-02T11:38:15.925+0000] {processor.py:161} INFO - Started process (PID=1706) to work on /opt/airflow/dags/dag_csv_to_postgres_dag.py
[2025-11-02T11:38:15.928+0000] {processor.py:830} INFO - Processing file /opt/airflow/dags/dag_csv_to_postgres_dag.py for tasks to queue
[2025-11-02T11:38:15.931+0000] {logging_mixin.py:188} INFO - [2025-11-02T11:38:15.930+0000] {dagbag.py:538} INFO - Filling up the DagBag from /opt/airflow/dags/dag_csv_to_postgres_dag.py
[2025-11-02T11:38:16.006+0000] {processor.py:840} INFO - DAG(s) 'load_csv_to_postgres' retrieved from /opt/airflow/dags/dag_csv_to_postgres_dag.py
[2025-11-02T11:38:16.209+0000] {logging_mixin.py:188} INFO - [2025-11-02T11:38:16.209+0000] {dag.py:3036} INFO - Sync 1 DAGs
[2025-11-02T11:38:16.262+0000] {logging_mixin.py:188} INFO - [2025-11-02T11:38:16.262+0000] {dag.py:3823} INFO - Setting next_dagrun for load_csv_to_postgres to None, run_after=None
[2025-11-02T11:38:16.401+0000] {processor.py:183} INFO - Processing /opt/airflow/dags/dag_csv_to_postgres_dag.py took 0.490 seconds
[2025-11-02T11:38:49.202+0000] {processor.py:161} INFO - Started process (PID=1718) to work on /opt/airflow/dags/dag_csv_to_postgres_dag.py
[2025-11-02T11:38:49.214+0000] {processor.py:830} INFO - Processing file /opt/airflow/dags/dag_csv_to_postgres_dag.py for tasks to queue
[2025-11-02T11:38:49.217+0000] {logging_mixin.py:188} INFO - [2025-11-02T11:38:49.216+0000] {dagbag.py:538} INFO - Filling up the DagBag from /opt/airflow/dags/dag_csv_to_postgres_dag.py
[2025-11-02T11:38:49.279+0000] {processor.py:840} INFO - DAG(s) 'load_csv_to_postgres' retrieved from /opt/airflow/dags/dag_csv_to_postgres_dag.py
[2025-11-02T11:38:49.339+0000] {logging_mixin.py:188} INFO - [2025-11-02T11:38:49.338+0000] {dag.py:3036} INFO - Sync 1 DAGs
[2025-11-02T11:38:49.377+0000] {logging_mixin.py:188} INFO - [2025-11-02T11:38:49.377+0000] {dag.py:3823} INFO - Setting next_dagrun for load_csv_to_postgres to None, run_after=None
[2025-11-02T11:38:49.526+0000] {processor.py:183} INFO - Processing /opt/airflow/dags/dag_csv_to_postgres_dag.py took 0.350 seconds
[2025-11-02T11:39:22.509+0000] {processor.py:161} INFO - Started process (PID=1730) to work on /opt/airflow/dags/dag_csv_to_postgres_dag.py
[2025-11-02T11:39:22.511+0000] {processor.py:830} INFO - Processing file /opt/airflow/dags/dag_csv_to_postgres_dag.py for tasks to queue
[2025-11-02T11:39:22.512+0000] {logging_mixin.py:188} INFO - [2025-11-02T11:39:22.512+0000] {dagbag.py:538} INFO - Filling up the DagBag from /opt/airflow/dags/dag_csv_to_postgres_dag.py
[2025-11-02T11:39:22.537+0000] {processor.py:840} INFO - DAG(s) 'load_csv_to_postgres' retrieved from /opt/airflow/dags/dag_csv_to_postgres_dag.py
[2025-11-02T11:39:22.581+0000] {logging_mixin.py:188} INFO - [2025-11-02T11:39:22.581+0000] {dag.py:3036} INFO - Sync 1 DAGs
[2025-11-02T11:39:22.601+0000] {logging_mixin.py:188} INFO - [2025-11-02T11:39:22.601+0000] {dag.py:3823} INFO - Setting next_dagrun for load_csv_to_postgres to None, run_after=None
[2025-11-02T11:39:23.020+0000] {processor.py:183} INFO - Processing /opt/airflow/dags/dag_csv_to_postgres_dag.py took 0.518 seconds
[2025-11-02T11:39:57.174+0000] {processor.py:161} INFO - Started process (PID=1743) to work on /opt/airflow/dags/dag_csv_to_postgres_dag.py
[2025-11-02T11:39:57.182+0000] {processor.py:830} INFO - Processing file /opt/airflow/dags/dag_csv_to_postgres_dag.py for tasks to queue
[2025-11-02T11:39:57.195+0000] {logging_mixin.py:188} INFO - [2025-11-02T11:39:57.193+0000] {dagbag.py:538} INFO - Filling up the DagBag from /opt/airflow/dags/dag_csv_to_postgres_dag.py
[2025-11-02T11:39:57.236+0000] {processor.py:840} INFO - DAG(s) 'load_csv_to_postgres' retrieved from /opt/airflow/dags/dag_csv_to_postgres_dag.py
[2025-11-02T11:39:57.373+0000] {logging_mixin.py:188} INFO - [2025-11-02T11:39:57.371+0000] {dag.py:3036} INFO - Sync 1 DAGs
[2025-11-02T11:39:57.425+0000] {logging_mixin.py:188} INFO - [2025-11-02T11:39:57.422+0000] {dag.py:3823} INFO - Setting next_dagrun for load_csv_to_postgres to None, run_after=None
[2025-11-02T11:39:57.492+0000] {processor.py:183} INFO - Processing /opt/airflow/dags/dag_csv_to_postgres_dag.py took 0.330 seconds
[2025-11-02T11:40:30.594+0000] {processor.py:161} INFO - Started process (PID=1755) to work on /opt/airflow/dags/dag_csv_to_postgres_dag.py
[2025-11-02T11:40:30.596+0000] {processor.py:830} INFO - Processing file /opt/airflow/dags/dag_csv_to_postgres_dag.py for tasks to queue
[2025-11-02T11:40:30.598+0000] {logging_mixin.py:188} INFO - [2025-11-02T11:40:30.597+0000] {dagbag.py:538} INFO - Filling up the DagBag from /opt/airflow/dags/dag_csv_to_postgres_dag.py
[2025-11-02T11:40:30.673+0000] {processor.py:840} INFO - DAG(s) 'load_csv_to_postgres' retrieved from /opt/airflow/dags/dag_csv_to_postgres_dag.py
[2025-11-02T11:40:30.743+0000] {logging_mixin.py:188} INFO - [2025-11-02T11:40:30.742+0000] {dag.py:3036} INFO - Sync 1 DAGs
[2025-11-02T11:40:30.790+0000] {logging_mixin.py:188} INFO - [2025-11-02T11:40:30.790+0000] {dag.py:3823} INFO - Setting next_dagrun for load_csv_to_postgres to None, run_after=None
[2025-11-02T11:40:31.051+0000] {processor.py:183} INFO - Processing /opt/airflow/dags/dag_csv_to_postgres_dag.py took 0.466 seconds
[2025-11-02T11:41:03.730+0000] {processor.py:161} INFO - Started process (PID=1766) to work on /opt/airflow/dags/dag_csv_to_postgres_dag.py
[2025-11-02T11:41:03.736+0000] {processor.py:830} INFO - Processing file /opt/airflow/dags/dag_csv_to_postgres_dag.py for tasks to queue
[2025-11-02T11:41:03.740+0000] {logging_mixin.py:188} INFO - [2025-11-02T11:41:03.739+0000] {dagbag.py:538} INFO - Filling up the DagBag from /opt/airflow/dags/dag_csv_to_postgres_dag.py
[2025-11-02T11:41:03.795+0000] {processor.py:840} INFO - DAG(s) 'load_csv_to_postgres' retrieved from /opt/airflow/dags/dag_csv_to_postgres_dag.py
[2025-11-02T11:41:04.002+0000] {logging_mixin.py:188} INFO - [2025-11-02T11:41:04.001+0000] {dag.py:3036} INFO - Sync 1 DAGs
[2025-11-02T11:41:04.030+0000] {logging_mixin.py:188} INFO - [2025-11-02T11:41:04.029+0000] {dag.py:3823} INFO - Setting next_dagrun for load_csv_to_postgres to None, run_after=None
[2025-11-02T11:41:04.236+0000] {processor.py:183} INFO - Processing /opt/airflow/dags/dag_csv_to_postgres_dag.py took 0.524 seconds
[2025-11-02T11:41:34.533+0000] {processor.py:161} INFO - Started process (PID=1778) to work on /opt/airflow/dags/dag_csv_to_postgres_dag.py
[2025-11-02T11:41:34.537+0000] {processor.py:830} INFO - Processing file /opt/airflow/dags/dag_csv_to_postgres_dag.py for tasks to queue
[2025-11-02T11:41:34.541+0000] {logging_mixin.py:188} INFO - [2025-11-02T11:41:34.539+0000] {dagbag.py:538} INFO - Filling up the DagBag from /opt/airflow/dags/dag_csv_to_postgres_dag.py
[2025-11-02T11:41:34.597+0000] {processor.py:840} INFO - DAG(s) 'load_csv_to_postgres' retrieved from /opt/airflow/dags/dag_csv_to_postgres_dag.py
[2025-11-02T11:41:34.716+0000] {logging_mixin.py:188} INFO - [2025-11-02T11:41:34.715+0000] {dag.py:3036} INFO - Sync 1 DAGs
[2025-11-02T11:41:34.769+0000] {logging_mixin.py:188} INFO - [2025-11-02T11:41:34.769+0000] {dag.py:3823} INFO - Setting next_dagrun for load_csv_to_postgres to None, run_after=None
[2025-11-02T11:41:34.850+0000] {processor.py:183} INFO - Processing /opt/airflow/dags/dag_csv_to_postgres_dag.py took 0.329 seconds
[2025-11-02T11:42:11.684+0000] {processor.py:161} INFO - Started process (PID=1790) to work on /opt/airflow/dags/dag_csv_to_postgres_dag.py
[2025-11-02T11:42:11.711+0000] {processor.py:830} INFO - Processing file /opt/airflow/dags/dag_csv_to_postgres_dag.py for tasks to queue
[2025-11-02T11:42:11.727+0000] {logging_mixin.py:188} INFO - [2025-11-02T11:42:11.726+0000] {dagbag.py:538} INFO - Filling up the DagBag from /opt/airflow/dags/dag_csv_to_postgres_dag.py
[2025-11-02T11:42:12.130+0000] {processor.py:840} INFO - DAG(s) 'load_csv_to_postgres' retrieved from /opt/airflow/dags/dag_csv_to_postgres_dag.py
[2025-11-02T11:42:12.358+0000] {logging_mixin.py:188} INFO - [2025-11-02T11:42:12.357+0000] {dag.py:3036} INFO - Sync 1 DAGs
[2025-11-02T11:42:12.489+0000] {logging_mixin.py:188} INFO - [2025-11-02T11:42:12.488+0000] {dag.py:3823} INFO - Setting next_dagrun for load_csv_to_postgres to None, run_after=None
[2025-11-02T11:42:12.665+0000] {processor.py:183} INFO - Processing /opt/airflow/dags/dag_csv_to_postgres_dag.py took 0.999 seconds
[2025-11-02T11:42:43.986+0000] {processor.py:161} INFO - Started process (PID=1803) to work on /opt/airflow/dags/dag_csv_to_postgres_dag.py
[2025-11-02T11:42:43.990+0000] {processor.py:830} INFO - Processing file /opt/airflow/dags/dag_csv_to_postgres_dag.py for tasks to queue
[2025-11-02T11:42:43.992+0000] {logging_mixin.py:188} INFO - [2025-11-02T11:42:43.991+0000] {dagbag.py:538} INFO - Filling up the DagBag from /opt/airflow/dags/dag_csv_to_postgres_dag.py
[2025-11-02T11:42:44.131+0000] {processor.py:840} INFO - DAG(s) 'load_csv_to_postgres' retrieved from /opt/airflow/dags/dag_csv_to_postgres_dag.py
[2025-11-02T11:42:44.245+0000] {logging_mixin.py:188} INFO - [2025-11-02T11:42:44.244+0000] {dag.py:3036} INFO - Sync 1 DAGs
[2025-11-02T11:42:44.317+0000] {logging_mixin.py:188} INFO - [2025-11-02T11:42:44.316+0000] {dag.py:3823} INFO - Setting next_dagrun for load_csv_to_postgres to None, run_after=None
[2025-11-02T11:42:44.484+0000] {processor.py:183} INFO - Processing /opt/airflow/dags/dag_csv_to_postgres_dag.py took 0.513 seconds
[2025-11-02T11:43:16.745+0000] {processor.py:161} INFO - Started process (PID=1815) to work on /opt/airflow/dags/dag_csv_to_postgres_dag.py
[2025-11-02T11:43:16.751+0000] {processor.py:830} INFO - Processing file /opt/airflow/dags/dag_csv_to_postgres_dag.py for tasks to queue
[2025-11-02T11:43:16.754+0000] {logging_mixin.py:188} INFO - [2025-11-02T11:43:16.753+0000] {dagbag.py:538} INFO - Filling up the DagBag from /opt/airflow/dags/dag_csv_to_postgres_dag.py
[2025-11-02T11:43:16.809+0000] {processor.py:840} INFO - DAG(s) 'load_csv_to_postgres' retrieved from /opt/airflow/dags/dag_csv_to_postgres_dag.py
[2025-11-02T11:43:16.889+0000] {logging_mixin.py:188} INFO - [2025-11-02T11:43:16.889+0000] {dag.py:3036} INFO - Sync 1 DAGs
[2025-11-02T11:43:16.924+0000] {logging_mixin.py:188} INFO - [2025-11-02T11:43:16.924+0000] {dag.py:3823} INFO - Setting next_dagrun for load_csv_to_postgres to None, run_after=None
[2025-11-02T11:43:17.060+0000] {processor.py:183} INFO - Processing /opt/airflow/dags/dag_csv_to_postgres_dag.py took 0.326 seconds
[2025-11-02T11:43:50.655+0000] {processor.py:161} INFO - Started process (PID=1827) to work on /opt/airflow/dags/dag_csv_to_postgres_dag.py
[2025-11-02T11:43:50.659+0000] {processor.py:830} INFO - Processing file /opt/airflow/dags/dag_csv_to_postgres_dag.py for tasks to queue
[2025-11-02T11:43:50.664+0000] {logging_mixin.py:188} INFO - [2025-11-02T11:43:50.663+0000] {dagbag.py:538} INFO - Filling up the DagBag from /opt/airflow/dags/dag_csv_to_postgres_dag.py
[2025-11-02T11:43:50.772+0000] {processor.py:840} INFO - DAG(s) 'load_csv_to_postgres' retrieved from /opt/airflow/dags/dag_csv_to_postgres_dag.py
[2025-11-02T11:43:50.857+0000] {logging_mixin.py:188} INFO - [2025-11-02T11:43:50.856+0000] {dag.py:3036} INFO - Sync 1 DAGs
[2025-11-02T11:43:50.903+0000] {logging_mixin.py:188} INFO - [2025-11-02T11:43:50.902+0000] {dag.py:3823} INFO - Setting next_dagrun for load_csv_to_postgres to None, run_after=None
[2025-11-02T11:43:51.032+0000] {processor.py:183} INFO - Processing /opt/airflow/dags/dag_csv_to_postgres_dag.py took 0.392 seconds
[2025-11-02T11:44:23.051+0000] {processor.py:161} INFO - Started process (PID=1839) to work on /opt/airflow/dags/dag_csv_to_postgres_dag.py
[2025-11-02T11:44:23.053+0000] {processor.py:830} INFO - Processing file /opt/airflow/dags/dag_csv_to_postgres_dag.py for tasks to queue
[2025-11-02T11:44:23.054+0000] {logging_mixin.py:188} INFO - [2025-11-02T11:44:23.054+0000] {dagbag.py:538} INFO - Filling up the DagBag from /opt/airflow/dags/dag_csv_to_postgres_dag.py
[2025-11-02T11:44:23.084+0000] {processor.py:840} INFO - DAG(s) 'load_csv_to_postgres' retrieved from /opt/airflow/dags/dag_csv_to_postgres_dag.py
[2025-11-02T11:44:23.195+0000] {logging_mixin.py:188} INFO - [2025-11-02T11:44:23.195+0000] {dag.py:3036} INFO - Sync 1 DAGs
[2025-11-02T11:44:23.254+0000] {logging_mixin.py:188} INFO - [2025-11-02T11:44:23.248+0000] {dag.py:3823} INFO - Setting next_dagrun for load_csv_to_postgres to None, run_after=None
[2025-11-02T11:44:23.302+0000] {processor.py:183} INFO - Processing /opt/airflow/dags/dag_csv_to_postgres_dag.py took 0.258 seconds
[2025-11-02T11:44:56.329+0000] {processor.py:161} INFO - Started process (PID=1851) to work on /opt/airflow/dags/dag_csv_to_postgres_dag.py
[2025-11-02T11:44:56.331+0000] {processor.py:830} INFO - Processing file /opt/airflow/dags/dag_csv_to_postgres_dag.py for tasks to queue
[2025-11-02T11:44:56.333+0000] {logging_mixin.py:188} INFO - [2025-11-02T11:44:56.332+0000] {dagbag.py:538} INFO - Filling up the DagBag from /opt/airflow/dags/dag_csv_to_postgres_dag.py
[2025-11-02T11:44:56.358+0000] {processor.py:840} INFO - DAG(s) 'load_csv_to_postgres' retrieved from /opt/airflow/dags/dag_csv_to_postgres_dag.py
[2025-11-02T11:44:56.404+0000] {logging_mixin.py:188} INFO - [2025-11-02T11:44:56.404+0000] {dag.py:3036} INFO - Sync 1 DAGs
[2025-11-02T11:44:56.422+0000] {logging_mixin.py:188} INFO - [2025-11-02T11:44:56.422+0000] {dag.py:3823} INFO - Setting next_dagrun for load_csv_to_postgres to None, run_after=None
[2025-11-02T11:44:56.453+0000] {processor.py:183} INFO - Processing /opt/airflow/dags/dag_csv_to_postgres_dag.py took 0.130 seconds
[2025-11-02T11:45:29.943+0000] {processor.py:161} INFO - Started process (PID=1863) to work on /opt/airflow/dags/dag_csv_to_postgres_dag.py
[2025-11-02T11:45:29.945+0000] {processor.py:830} INFO - Processing file /opt/airflow/dags/dag_csv_to_postgres_dag.py for tasks to queue
[2025-11-02T11:45:29.946+0000] {logging_mixin.py:188} INFO - [2025-11-02T11:45:29.946+0000] {dagbag.py:538} INFO - Filling up the DagBag from /opt/airflow/dags/dag_csv_to_postgres_dag.py
[2025-11-02T11:45:29.974+0000] {processor.py:840} INFO - DAG(s) 'load_csv_to_postgres' retrieved from /opt/airflow/dags/dag_csv_to_postgres_dag.py
[2025-11-02T11:45:30.023+0000] {logging_mixin.py:188} INFO - [2025-11-02T11:45:30.023+0000] {dag.py:3036} INFO - Sync 1 DAGs
[2025-11-02T11:45:30.043+0000] {logging_mixin.py:188} INFO - [2025-11-02T11:45:30.042+0000] {dag.py:3823} INFO - Setting next_dagrun for load_csv_to_postgres to None, run_after=None
[2025-11-02T11:45:30.086+0000] {processor.py:183} INFO - Processing /opt/airflow/dags/dag_csv_to_postgres_dag.py took 0.149 seconds
[2025-11-02T11:46:03.749+0000] {processor.py:161} INFO - Started process (PID=1875) to work on /opt/airflow/dags/dag_csv_to_postgres_dag.py
[2025-11-02T11:46:03.752+0000] {processor.py:830} INFO - Processing file /opt/airflow/dags/dag_csv_to_postgres_dag.py for tasks to queue
[2025-11-02T11:46:03.756+0000] {logging_mixin.py:188} INFO - [2025-11-02T11:46:03.754+0000] {dagbag.py:538} INFO - Filling up the DagBag from /opt/airflow/dags/dag_csv_to_postgres_dag.py
[2025-11-02T11:46:03.828+0000] {processor.py:840} INFO - DAG(s) 'load_csv_to_postgres' retrieved from /opt/airflow/dags/dag_csv_to_postgres_dag.py
[2025-11-02T11:46:03.946+0000] {logging_mixin.py:188} INFO - [2025-11-02T11:46:03.946+0000] {dag.py:3036} INFO - Sync 1 DAGs
[2025-11-02T11:46:03.985+0000] {logging_mixin.py:188} INFO - [2025-11-02T11:46:03.984+0000] {dag.py:3823} INFO - Setting next_dagrun for load_csv_to_postgres to None, run_after=None
[2025-11-02T11:46:04.052+0000] {processor.py:183} INFO - Processing /opt/airflow/dags/dag_csv_to_postgres_dag.py took 0.316 seconds
[2025-11-02T11:46:36.833+0000] {processor.py:161} INFO - Started process (PID=1887) to work on /opt/airflow/dags/dag_csv_to_postgres_dag.py
[2025-11-02T11:46:36.835+0000] {processor.py:830} INFO - Processing file /opt/airflow/dags/dag_csv_to_postgres_dag.py for tasks to queue
[2025-11-02T11:46:36.837+0000] {logging_mixin.py:188} INFO - [2025-11-02T11:46:36.836+0000] {dagbag.py:538} INFO - Filling up the DagBag from /opt/airflow/dags/dag_csv_to_postgres_dag.py
[2025-11-02T11:46:36.859+0000] {processor.py:840} INFO - DAG(s) 'load_csv_to_postgres' retrieved from /opt/airflow/dags/dag_csv_to_postgres_dag.py
[2025-11-02T11:46:36.901+0000] {logging_mixin.py:188} INFO - [2025-11-02T11:46:36.900+0000] {dag.py:3036} INFO - Sync 1 DAGs
[2025-11-02T11:46:36.921+0000] {logging_mixin.py:188} INFO - [2025-11-02T11:46:36.921+0000] {dag.py:3823} INFO - Setting next_dagrun for load_csv_to_postgres to None, run_after=None
[2025-11-02T11:46:36.959+0000] {processor.py:183} INFO - Processing /opt/airflow/dags/dag_csv_to_postgres_dag.py took 0.133 seconds
[2025-11-02T11:47:09.824+0000] {processor.py:161} INFO - Started process (PID=1899) to work on /opt/airflow/dags/dag_csv_to_postgres_dag.py
[2025-11-02T11:47:09.827+0000] {processor.py:830} INFO - Processing file /opt/airflow/dags/dag_csv_to_postgres_dag.py for tasks to queue
[2025-11-02T11:47:09.831+0000] {logging_mixin.py:188} INFO - [2025-11-02T11:47:09.831+0000] {dagbag.py:538} INFO - Filling up the DagBag from /opt/airflow/dags/dag_csv_to_postgres_dag.py
[2025-11-02T11:47:09.861+0000] {processor.py:840} INFO - DAG(s) 'load_csv_to_postgres' retrieved from /opt/airflow/dags/dag_csv_to_postgres_dag.py
[2025-11-02T11:47:09.917+0000] {logging_mixin.py:188} INFO - [2025-11-02T11:47:09.917+0000] {dag.py:3036} INFO - Sync 1 DAGs
[2025-11-02T11:47:09.940+0000] {logging_mixin.py:188} INFO - [2025-11-02T11:47:09.940+0000] {dag.py:3823} INFO - Setting next_dagrun for load_csv_to_postgres to None, run_after=None
[2025-11-02T11:47:09.976+0000] {processor.py:183} INFO - Processing /opt/airflow/dags/dag_csv_to_postgres_dag.py took 0.158 seconds
[2025-11-02T11:47:43.523+0000] {processor.py:161} INFO - Started process (PID=1911) to work on /opt/airflow/dags/dag_csv_to_postgres_dag.py
[2025-11-02T11:47:43.525+0000] {processor.py:830} INFO - Processing file /opt/airflow/dags/dag_csv_to_postgres_dag.py for tasks to queue
[2025-11-02T11:47:43.529+0000] {logging_mixin.py:188} INFO - [2025-11-02T11:47:43.528+0000] {dagbag.py:538} INFO - Filling up the DagBag from /opt/airflow/dags/dag_csv_to_postgres_dag.py
[2025-11-02T11:47:43.571+0000] {processor.py:840} INFO - DAG(s) 'load_csv_to_postgres' retrieved from /opt/airflow/dags/dag_csv_to_postgres_dag.py
[2025-11-02T11:47:43.634+0000] {logging_mixin.py:188} INFO - [2025-11-02T11:47:43.633+0000] {dag.py:3036} INFO - Sync 1 DAGs
[2025-11-02T11:47:43.660+0000] {logging_mixin.py:188} INFO - [2025-11-02T11:47:43.659+0000] {dag.py:3823} INFO - Setting next_dagrun for load_csv_to_postgres to None, run_after=None
[2025-11-02T11:47:43.711+0000] {processor.py:183} INFO - Processing /opt/airflow/dags/dag_csv_to_postgres_dag.py took 0.195 seconds
[2025-11-02T11:48:17.047+0000] {processor.py:161} INFO - Started process (PID=1923) to work on /opt/airflow/dags/dag_csv_to_postgres_dag.py
[2025-11-02T11:48:17.050+0000] {processor.py:830} INFO - Processing file /opt/airflow/dags/dag_csv_to_postgres_dag.py for tasks to queue
[2025-11-02T11:48:17.052+0000] {logging_mixin.py:188} INFO - [2025-11-02T11:48:17.051+0000] {dagbag.py:538} INFO - Filling up the DagBag from /opt/airflow/dags/dag_csv_to_postgres_dag.py
[2025-11-02T11:48:17.089+0000] {processor.py:840} INFO - DAG(s) 'load_csv_to_postgres' retrieved from /opt/airflow/dags/dag_csv_to_postgres_dag.py
[2025-11-02T11:48:17.150+0000] {logging_mixin.py:188} INFO - [2025-11-02T11:48:17.150+0000] {dag.py:3036} INFO - Sync 1 DAGs
[2025-11-02T11:48:17.190+0000] {logging_mixin.py:188} INFO - [2025-11-02T11:48:17.190+0000] {dag.py:3823} INFO - Setting next_dagrun for load_csv_to_postgres to None, run_after=None
[2025-11-02T11:48:17.534+0000] {processor.py:183} INFO - Processing /opt/airflow/dags/dag_csv_to_postgres_dag.py took 0.497 seconds
[2025-11-02T11:48:50.288+0000] {processor.py:161} INFO - Started process (PID=1935) to work on /opt/airflow/dags/dag_csv_to_postgres_dag.py
[2025-11-02T11:48:50.290+0000] {processor.py:830} INFO - Processing file /opt/airflow/dags/dag_csv_to_postgres_dag.py for tasks to queue
[2025-11-02T11:48:50.292+0000] {logging_mixin.py:188} INFO - [2025-11-02T11:48:50.291+0000] {dagbag.py:538} INFO - Filling up the DagBag from /opt/airflow/dags/dag_csv_to_postgres_dag.py
[2025-11-02T11:48:50.322+0000] {processor.py:840} INFO - DAG(s) 'load_csv_to_postgres' retrieved from /opt/airflow/dags/dag_csv_to_postgres_dag.py
[2025-11-02T11:48:50.384+0000] {logging_mixin.py:188} INFO - [2025-11-02T11:48:50.383+0000] {dag.py:3036} INFO - Sync 1 DAGs
[2025-11-02T11:48:50.411+0000] {logging_mixin.py:188} INFO - [2025-11-02T11:48:50.410+0000] {dag.py:3823} INFO - Setting next_dagrun for load_csv_to_postgres to None, run_after=None
[2025-11-02T11:48:50.464+0000] {processor.py:183} INFO - Processing /opt/airflow/dags/dag_csv_to_postgres_dag.py took 0.184 seconds
[2025-11-02T11:49:23.328+0000] {processor.py:161} INFO - Started process (PID=1947) to work on /opt/airflow/dags/dag_csv_to_postgres_dag.py
[2025-11-02T11:49:23.330+0000] {processor.py:830} INFO - Processing file /opt/airflow/dags/dag_csv_to_postgres_dag.py for tasks to queue
[2025-11-02T11:49:23.332+0000] {logging_mixin.py:188} INFO - [2025-11-02T11:49:23.331+0000] {dagbag.py:538} INFO - Filling up the DagBag from /opt/airflow/dags/dag_csv_to_postgres_dag.py
[2025-11-02T11:49:23.356+0000] {processor.py:840} INFO - DAG(s) 'load_csv_to_postgres' retrieved from /opt/airflow/dags/dag_csv_to_postgres_dag.py
[2025-11-02T11:49:23.433+0000] {logging_mixin.py:188} INFO - [2025-11-02T11:49:23.432+0000] {dag.py:3036} INFO - Sync 1 DAGs
[2025-11-02T11:49:23.451+0000] {logging_mixin.py:188} INFO - [2025-11-02T11:49:23.451+0000] {dag.py:3823} INFO - Setting next_dagrun for load_csv_to_postgres to None, run_after=None
[2025-11-02T11:49:23.489+0000] {processor.py:183} INFO - Processing /opt/airflow/dags/dag_csv_to_postgres_dag.py took 0.167 seconds
[2025-11-02T11:49:57.052+0000] {processor.py:161} INFO - Started process (PID=1959) to work on /opt/airflow/dags/dag_csv_to_postgres_dag.py
[2025-11-02T11:49:57.054+0000] {processor.py:830} INFO - Processing file /opt/airflow/dags/dag_csv_to_postgres_dag.py for tasks to queue
[2025-11-02T11:49:57.056+0000] {logging_mixin.py:188} INFO - [2025-11-02T11:49:57.055+0000] {dagbag.py:538} INFO - Filling up the DagBag from /opt/airflow/dags/dag_csv_to_postgres_dag.py
[2025-11-02T11:49:57.089+0000] {processor.py:840} INFO - DAG(s) 'load_csv_to_postgres' retrieved from /opt/airflow/dags/dag_csv_to_postgres_dag.py
[2025-11-02T11:49:57.145+0000] {logging_mixin.py:188} INFO - [2025-11-02T11:49:57.144+0000] {dag.py:3036} INFO - Sync 1 DAGs
[2025-11-02T11:49:57.168+0000] {logging_mixin.py:188} INFO - [2025-11-02T11:49:57.167+0000] {dag.py:3823} INFO - Setting next_dagrun for load_csv_to_postgres to None, run_after=None
[2025-11-02T11:49:57.216+0000] {processor.py:183} INFO - Processing /opt/airflow/dags/dag_csv_to_postgres_dag.py took 0.172 seconds
[2025-11-02T11:50:29.602+0000] {processor.py:161} INFO - Started process (PID=1971) to work on /opt/airflow/dags/dag_csv_to_postgres_dag.py
[2025-11-02T11:50:29.606+0000] {processor.py:830} INFO - Processing file /opt/airflow/dags/dag_csv_to_postgres_dag.py for tasks to queue
[2025-11-02T11:50:29.608+0000] {logging_mixin.py:188} INFO - [2025-11-02T11:50:29.608+0000] {dagbag.py:538} INFO - Filling up the DagBag from /opt/airflow/dags/dag_csv_to_postgres_dag.py
[2025-11-02T11:50:29.655+0000] {processor.py:840} INFO - DAG(s) 'load_csv_to_postgres' retrieved from /opt/airflow/dags/dag_csv_to_postgres_dag.py
[2025-11-02T11:50:29.738+0000] {logging_mixin.py:188} INFO - [2025-11-02T11:50:29.737+0000] {dag.py:3036} INFO - Sync 1 DAGs
[2025-11-02T11:50:29.776+0000] {logging_mixin.py:188} INFO - [2025-11-02T11:50:29.775+0000] {dag.py:3823} INFO - Setting next_dagrun for load_csv_to_postgres to None, run_after=None
[2025-11-02T11:50:29.821+0000] {processor.py:183} INFO - Processing /opt/airflow/dags/dag_csv_to_postgres_dag.py took 0.232 seconds
[2025-11-02T11:51:03.424+0000] {processor.py:161} INFO - Started process (PID=1983) to work on /opt/airflow/dags/dag_csv_to_postgres_dag.py
[2025-11-02T11:51:03.426+0000] {processor.py:830} INFO - Processing file /opt/airflow/dags/dag_csv_to_postgres_dag.py for tasks to queue
[2025-11-02T11:51:03.428+0000] {logging_mixin.py:188} INFO - [2025-11-02T11:51:03.427+0000] {dagbag.py:538} INFO - Filling up the DagBag from /opt/airflow/dags/dag_csv_to_postgres_dag.py
[2025-11-02T11:51:03.482+0000] {processor.py:840} INFO - DAG(s) 'load_csv_to_postgres' retrieved from /opt/airflow/dags/dag_csv_to_postgres_dag.py
[2025-11-02T11:51:03.551+0000] {logging_mixin.py:188} INFO - [2025-11-02T11:51:03.551+0000] {dag.py:3036} INFO - Sync 1 DAGs
[2025-11-02T11:51:03.585+0000] {logging_mixin.py:188} INFO - [2025-11-02T11:51:03.585+0000] {dag.py:3823} INFO - Setting next_dagrun for load_csv_to_postgres to None, run_after=None
[2025-11-02T11:51:03.624+0000] {processor.py:183} INFO - Processing /opt/airflow/dags/dag_csv_to_postgres_dag.py took 0.207 seconds
[2025-11-02T11:51:36.261+0000] {processor.py:161} INFO - Started process (PID=1995) to work on /opt/airflow/dags/dag_csv_to_postgres_dag.py
[2025-11-02T11:51:36.263+0000] {processor.py:830} INFO - Processing file /opt/airflow/dags/dag_csv_to_postgres_dag.py for tasks to queue
[2025-11-02T11:51:36.265+0000] {logging_mixin.py:188} INFO - [2025-11-02T11:51:36.264+0000] {dagbag.py:538} INFO - Filling up the DagBag from /opt/airflow/dags/dag_csv_to_postgres_dag.py
[2025-11-02T11:51:36.298+0000] {processor.py:840} INFO - DAG(s) 'load_csv_to_postgres' retrieved from /opt/airflow/dags/dag_csv_to_postgres_dag.py
[2025-11-02T11:51:36.347+0000] {logging_mixin.py:188} INFO - [2025-11-02T11:51:36.346+0000] {dag.py:3036} INFO - Sync 1 DAGs
[2025-11-02T11:51:36.371+0000] {logging_mixin.py:188} INFO - [2025-11-02T11:51:36.370+0000] {dag.py:3823} INFO - Setting next_dagrun for load_csv_to_postgres to None, run_after=None
[2025-11-02T11:51:36.433+0000] {processor.py:183} INFO - Processing /opt/airflow/dags/dag_csv_to_postgres_dag.py took 0.178 seconds
[2025-11-02T11:52:10.253+0000] {processor.py:161} INFO - Started process (PID=2007) to work on /opt/airflow/dags/dag_csv_to_postgres_dag.py
[2025-11-02T11:52:10.255+0000] {processor.py:830} INFO - Processing file /opt/airflow/dags/dag_csv_to_postgres_dag.py for tasks to queue
[2025-11-02T11:52:10.257+0000] {logging_mixin.py:188} INFO - [2025-11-02T11:52:10.256+0000] {dagbag.py:538} INFO - Filling up the DagBag from /opt/airflow/dags/dag_csv_to_postgres_dag.py
[2025-11-02T11:52:10.285+0000] {processor.py:840} INFO - DAG(s) 'load_csv_to_postgres' retrieved from /opt/airflow/dags/dag_csv_to_postgres_dag.py
[2025-11-02T11:52:10.347+0000] {logging_mixin.py:188} INFO - [2025-11-02T11:52:10.347+0000] {dag.py:3036} INFO - Sync 1 DAGs
[2025-11-02T11:52:10.375+0000] {logging_mixin.py:188} INFO - [2025-11-02T11:52:10.375+0000] {dag.py:3823} INFO - Setting next_dagrun for load_csv_to_postgres to None, run_after=None
[2025-11-02T11:52:10.412+0000] {processor.py:183} INFO - Processing /opt/airflow/dags/dag_csv_to_postgres_dag.py took 0.167 seconds
[2025-11-02T11:52:43.654+0000] {processor.py:161} INFO - Started process (PID=2019) to work on /opt/airflow/dags/dag_csv_to_postgres_dag.py
[2025-11-02T11:52:43.656+0000] {processor.py:830} INFO - Processing file /opt/airflow/dags/dag_csv_to_postgres_dag.py for tasks to queue
[2025-11-02T11:52:43.657+0000] {logging_mixin.py:188} INFO - [2025-11-02T11:52:43.657+0000] {dagbag.py:538} INFO - Filling up the DagBag from /opt/airflow/dags/dag_csv_to_postgres_dag.py
[2025-11-02T11:52:43.685+0000] {processor.py:840} INFO - DAG(s) 'load_csv_to_postgres' retrieved from /opt/airflow/dags/dag_csv_to_postgres_dag.py
[2025-11-02T11:52:43.738+0000] {logging_mixin.py:188} INFO - [2025-11-02T11:52:43.738+0000] {dag.py:3036} INFO - Sync 1 DAGs
[2025-11-02T11:52:43.755+0000] {logging_mixin.py:188} INFO - [2025-11-02T11:52:43.755+0000] {dag.py:3823} INFO - Setting next_dagrun for load_csv_to_postgres to None, run_after=None
[2025-11-02T11:52:43.796+0000] {processor.py:183} INFO - Processing /opt/airflow/dags/dag_csv_to_postgres_dag.py took 0.156 seconds
[2025-11-02T11:53:16.506+0000] {processor.py:161} INFO - Started process (PID=2031) to work on /opt/airflow/dags/dag_csv_to_postgres_dag.py
[2025-11-02T11:53:16.509+0000] {processor.py:830} INFO - Processing file /opt/airflow/dags/dag_csv_to_postgres_dag.py for tasks to queue
[2025-11-02T11:53:16.512+0000] {logging_mixin.py:188} INFO - [2025-11-02T11:53:16.511+0000] {dagbag.py:538} INFO - Filling up the DagBag from /opt/airflow/dags/dag_csv_to_postgres_dag.py
[2025-11-02T11:53:16.542+0000] {processor.py:840} INFO - DAG(s) 'load_csv_to_postgres' retrieved from /opt/airflow/dags/dag_csv_to_postgres_dag.py
[2025-11-02T11:53:16.589+0000] {logging_mixin.py:188} INFO - [2025-11-02T11:53:16.588+0000] {dag.py:3036} INFO - Sync 1 DAGs
[2025-11-02T11:53:16.611+0000] {logging_mixin.py:188} INFO - [2025-11-02T11:53:16.611+0000] {dag.py:3823} INFO - Setting next_dagrun for load_csv_to_postgres to None, run_after=None
[2025-11-02T11:53:16.651+0000] {processor.py:183} INFO - Processing /opt/airflow/dags/dag_csv_to_postgres_dag.py took 0.153 seconds
[2025-11-02T11:53:49.652+0000] {processor.py:161} INFO - Started process (PID=2043) to work on /opt/airflow/dags/dag_csv_to_postgres_dag.py
[2025-11-02T11:53:49.654+0000] {processor.py:830} INFO - Processing file /opt/airflow/dags/dag_csv_to_postgres_dag.py for tasks to queue
[2025-11-02T11:53:49.656+0000] {logging_mixin.py:188} INFO - [2025-11-02T11:53:49.655+0000] {dagbag.py:538} INFO - Filling up the DagBag from /opt/airflow/dags/dag_csv_to_postgres_dag.py
[2025-11-02T11:53:49.687+0000] {processor.py:840} INFO - DAG(s) 'load_csv_to_postgres' retrieved from /opt/airflow/dags/dag_csv_to_postgres_dag.py
[2025-11-02T11:53:49.734+0000] {logging_mixin.py:188} INFO - [2025-11-02T11:53:49.734+0000] {dag.py:3036} INFO - Sync 1 DAGs
[2025-11-02T11:53:49.757+0000] {logging_mixin.py:188} INFO - [2025-11-02T11:53:49.757+0000] {dag.py:3823} INFO - Setting next_dagrun for load_csv_to_postgres to None, run_after=None
[2025-11-02T11:53:49.794+0000] {processor.py:183} INFO - Processing /opt/airflow/dags/dag_csv_to_postgres_dag.py took 0.149 seconds
[2025-11-02T11:54:23.469+0000] {processor.py:161} INFO - Started process (PID=2055) to work on /opt/airflow/dags/dag_csv_to_postgres_dag.py
[2025-11-02T11:54:23.471+0000] {processor.py:830} INFO - Processing file /opt/airflow/dags/dag_csv_to_postgres_dag.py for tasks to queue
[2025-11-02T11:54:23.473+0000] {logging_mixin.py:188} INFO - [2025-11-02T11:54:23.472+0000] {dagbag.py:538} INFO - Filling up the DagBag from /opt/airflow/dags/dag_csv_to_postgres_dag.py
[2025-11-02T11:54:23.508+0000] {processor.py:840} INFO - DAG(s) 'load_csv_to_postgres' retrieved from /opt/airflow/dags/dag_csv_to_postgres_dag.py
[2025-11-02T11:54:23.562+0000] {logging_mixin.py:188} INFO - [2025-11-02T11:54:23.562+0000] {dag.py:3036} INFO - Sync 1 DAGs
[2025-11-02T11:54:23.585+0000] {logging_mixin.py:188} INFO - [2025-11-02T11:54:23.585+0000] {dag.py:3823} INFO - Setting next_dagrun for load_csv_to_postgres to None, run_after=None
[2025-11-02T11:54:23.680+0000] {processor.py:183} INFO - Processing /opt/airflow/dags/dag_csv_to_postgres_dag.py took 0.222 seconds
[2025-11-02T11:54:56.427+0000] {processor.py:161} INFO - Started process (PID=2067) to work on /opt/airflow/dags/dag_csv_to_postgres_dag.py
[2025-11-02T11:54:56.432+0000] {processor.py:830} INFO - Processing file /opt/airflow/dags/dag_csv_to_postgres_dag.py for tasks to queue
[2025-11-02T11:54:56.440+0000] {logging_mixin.py:188} INFO - [2025-11-02T11:54:56.438+0000] {dagbag.py:538} INFO - Filling up the DagBag from /opt/airflow/dags/dag_csv_to_postgres_dag.py
[2025-11-02T11:54:56.505+0000] {processor.py:840} INFO - DAG(s) 'load_csv_to_postgres' retrieved from /opt/airflow/dags/dag_csv_to_postgres_dag.py
[2025-11-02T11:54:56.645+0000] {logging_mixin.py:188} INFO - [2025-11-02T11:54:56.644+0000] {dag.py:3036} INFO - Sync 1 DAGs
[2025-11-02T11:54:56.704+0000] {logging_mixin.py:188} INFO - [2025-11-02T11:54:56.703+0000] {dag.py:3823} INFO - Setting next_dagrun for load_csv_to_postgres to None, run_after=None
[2025-11-02T11:54:56.780+0000] {processor.py:183} INFO - Processing /opt/airflow/dags/dag_csv_to_postgres_dag.py took 0.372 seconds
[2025-11-02T11:55:30.077+0000] {processor.py:161} INFO - Started process (PID=2079) to work on /opt/airflow/dags/dag_csv_to_postgres_dag.py
[2025-11-02T11:55:30.081+0000] {processor.py:830} INFO - Processing file /opt/airflow/dags/dag_csv_to_postgres_dag.py for tasks to queue
[2025-11-02T11:55:30.083+0000] {logging_mixin.py:188} INFO - [2025-11-02T11:55:30.082+0000] {dagbag.py:538} INFO - Filling up the DagBag from /opt/airflow/dags/dag_csv_to_postgres_dag.py
[2025-11-02T11:55:30.118+0000] {processor.py:840} INFO - DAG(s) 'load_csv_to_postgres' retrieved from /opt/airflow/dags/dag_csv_to_postgres_dag.py
[2025-11-02T11:55:30.203+0000] {logging_mixin.py:188} INFO - [2025-11-02T11:55:30.202+0000] {dag.py:3036} INFO - Sync 1 DAGs
[2025-11-02T11:55:30.233+0000] {logging_mixin.py:188} INFO - [2025-11-02T11:55:30.232+0000] {dag.py:3823} INFO - Setting next_dagrun for load_csv_to_postgres to None, run_after=None
[2025-11-02T11:55:30.292+0000] {processor.py:183} INFO - Processing /opt/airflow/dags/dag_csv_to_postgres_dag.py took 0.225 seconds
[2025-11-02T11:56:03.020+0000] {processor.py:161} INFO - Started process (PID=2091) to work on /opt/airflow/dags/dag_csv_to_postgres_dag.py
[2025-11-02T11:56:03.022+0000] {processor.py:830} INFO - Processing file /opt/airflow/dags/dag_csv_to_postgres_dag.py for tasks to queue
[2025-11-02T11:56:03.024+0000] {logging_mixin.py:188} INFO - [2025-11-02T11:56:03.023+0000] {dagbag.py:538} INFO - Filling up the DagBag from /opt/airflow/dags/dag_csv_to_postgres_dag.py
[2025-11-02T11:56:03.051+0000] {processor.py:840} INFO - DAG(s) 'load_csv_to_postgres' retrieved from /opt/airflow/dags/dag_csv_to_postgres_dag.py
[2025-11-02T11:56:03.101+0000] {logging_mixin.py:188} INFO - [2025-11-02T11:56:03.100+0000] {dag.py:3036} INFO - Sync 1 DAGs
[2025-11-02T11:56:03.123+0000] {logging_mixin.py:188} INFO - [2025-11-02T11:56:03.122+0000] {dag.py:3823} INFO - Setting next_dagrun for load_csv_to_postgres to None, run_after=None
[2025-11-02T11:56:03.167+0000] {processor.py:183} INFO - Processing /opt/airflow/dags/dag_csv_to_postgres_dag.py took 0.154 seconds
[2025-11-02T11:56:36.923+0000] {processor.py:161} INFO - Started process (PID=2103) to work on /opt/airflow/dags/dag_csv_to_postgres_dag.py
[2025-11-02T11:56:36.926+0000] {processor.py:830} INFO - Processing file /opt/airflow/dags/dag_csv_to_postgres_dag.py for tasks to queue
[2025-11-02T11:56:36.927+0000] {logging_mixin.py:188} INFO - [2025-11-02T11:56:36.927+0000] {dagbag.py:538} INFO - Filling up the DagBag from /opt/airflow/dags/dag_csv_to_postgres_dag.py
[2025-11-02T11:56:36.949+0000] {processor.py:840} INFO - DAG(s) 'load_csv_to_postgres' retrieved from /opt/airflow/dags/dag_csv_to_postgres_dag.py
[2025-11-02T11:56:36.999+0000] {logging_mixin.py:188} INFO - [2025-11-02T11:56:36.999+0000] {dag.py:3036} INFO - Sync 1 DAGs
[2025-11-02T11:56:37.026+0000] {logging_mixin.py:188} INFO - [2025-11-02T11:56:37.026+0000] {dag.py:3823} INFO - Setting next_dagrun for load_csv_to_postgres to None, run_after=None
[2025-11-02T11:56:37.069+0000] {processor.py:183} INFO - Processing /opt/airflow/dags/dag_csv_to_postgres_dag.py took 0.154 seconds
[2025-11-02T11:57:09.780+0000] {processor.py:161} INFO - Started process (PID=2115) to work on /opt/airflow/dags/dag_csv_to_postgres_dag.py
[2025-11-02T11:57:09.782+0000] {processor.py:830} INFO - Processing file /opt/airflow/dags/dag_csv_to_postgres_dag.py for tasks to queue
[2025-11-02T11:57:09.784+0000] {logging_mixin.py:188} INFO - [2025-11-02T11:57:09.783+0000] {dagbag.py:538} INFO - Filling up the DagBag from /opt/airflow/dags/dag_csv_to_postgres_dag.py
[2025-11-02T11:57:09.806+0000] {processor.py:840} INFO - DAG(s) 'load_csv_to_postgres' retrieved from /opt/airflow/dags/dag_csv_to_postgres_dag.py
[2025-11-02T11:57:09.852+0000] {logging_mixin.py:188} INFO - [2025-11-02T11:57:09.852+0000] {dag.py:3036} INFO - Sync 1 DAGs
[2025-11-02T11:57:09.876+0000] {logging_mixin.py:188} INFO - [2025-11-02T11:57:09.876+0000] {dag.py:3823} INFO - Setting next_dagrun for load_csv_to_postgres to None, run_after=None
[2025-11-02T11:57:10.044+0000] {processor.py:183} INFO - Processing /opt/airflow/dags/dag_csv_to_postgres_dag.py took 0.270 seconds
[2025-11-02T11:57:43.093+0000] {processor.py:161} INFO - Started process (PID=2127) to work on /opt/airflow/dags/dag_csv_to_postgres_dag.py
[2025-11-02T11:57:43.097+0000] {processor.py:830} INFO - Processing file /opt/airflow/dags/dag_csv_to_postgres_dag.py for tasks to queue
[2025-11-02T11:57:43.099+0000] {logging_mixin.py:188} INFO - [2025-11-02T11:57:43.098+0000] {dagbag.py:538} INFO - Filling up the DagBag from /opt/airflow/dags/dag_csv_to_postgres_dag.py
[2025-11-02T11:57:43.129+0000] {processor.py:840} INFO - DAG(s) 'load_csv_to_postgres' retrieved from /opt/airflow/dags/dag_csv_to_postgres_dag.py
[2025-11-02T11:57:43.179+0000] {logging_mixin.py:188} INFO - [2025-11-02T11:57:43.178+0000] {dag.py:3036} INFO - Sync 1 DAGs
[2025-11-02T11:57:43.204+0000] {logging_mixin.py:188} INFO - [2025-11-02T11:57:43.204+0000] {dag.py:3823} INFO - Setting next_dagrun for load_csv_to_postgres to None, run_after=None
[2025-11-02T11:57:43.248+0000] {processor.py:183} INFO - Processing /opt/airflow/dags/dag_csv_to_postgres_dag.py took 0.163 seconds
[2025-11-02T11:58:16.946+0000] {processor.py:161} INFO - Started process (PID=2139) to work on /opt/airflow/dags/dag_csv_to_postgres_dag.py
[2025-11-02T11:58:16.947+0000] {processor.py:830} INFO - Processing file /opt/airflow/dags/dag_csv_to_postgres_dag.py for tasks to queue
[2025-11-02T11:58:16.949+0000] {logging_mixin.py:188} INFO - [2025-11-02T11:58:16.948+0000] {dagbag.py:538} INFO - Filling up the DagBag from /opt/airflow/dags/dag_csv_to_postgres_dag.py
[2025-11-02T11:58:16.977+0000] {processor.py:840} INFO - DAG(s) 'load_csv_to_postgres' retrieved from /opt/airflow/dags/dag_csv_to_postgres_dag.py
[2025-11-02T11:58:17.023+0000] {logging_mixin.py:188} INFO - [2025-11-02T11:58:17.023+0000] {dag.py:3036} INFO - Sync 1 DAGs
[2025-11-02T11:58:17.046+0000] {logging_mixin.py:188} INFO - [2025-11-02T11:58:17.046+0000] {dag.py:3823} INFO - Setting next_dagrun for load_csv_to_postgres to None, run_after=None
[2025-11-02T11:58:17.080+0000] {processor.py:183} INFO - Processing /opt/airflow/dags/dag_csv_to_postgres_dag.py took 0.140 seconds
[2025-11-02T11:58:49.855+0000] {processor.py:161} INFO - Started process (PID=2151) to work on /opt/airflow/dags/dag_csv_to_postgres_dag.py
[2025-11-02T11:58:49.858+0000] {processor.py:830} INFO - Processing file /opt/airflow/dags/dag_csv_to_postgres_dag.py for tasks to queue
[2025-11-02T11:58:49.860+0000] {logging_mixin.py:188} INFO - [2025-11-02T11:58:49.859+0000] {dagbag.py:538} INFO - Filling up the DagBag from /opt/airflow/dags/dag_csv_to_postgres_dag.py
[2025-11-02T11:58:49.891+0000] {processor.py:840} INFO - DAG(s) 'load_csv_to_postgres' retrieved from /opt/airflow/dags/dag_csv_to_postgres_dag.py
[2025-11-02T11:58:49.948+0000] {logging_mixin.py:188} INFO - [2025-11-02T11:58:49.948+0000] {dag.py:3036} INFO - Sync 1 DAGs
[2025-11-02T11:58:49.974+0000] {logging_mixin.py:188} INFO - [2025-11-02T11:58:49.973+0000] {dag.py:3823} INFO - Setting next_dagrun for load_csv_to_postgres to None, run_after=None
[2025-11-02T11:58:50.024+0000] {processor.py:183} INFO - Processing /opt/airflow/dags/dag_csv_to_postgres_dag.py took 0.177 seconds
[2025-11-02T11:59:23.149+0000] {processor.py:161} INFO - Started process (PID=2164) to work on /opt/airflow/dags/dag_csv_to_postgres_dag.py
[2025-11-02T11:59:23.151+0000] {processor.py:830} INFO - Processing file /opt/airflow/dags/dag_csv_to_postgres_dag.py for tasks to queue
[2025-11-02T11:59:23.153+0000] {logging_mixin.py:188} INFO - [2025-11-02T11:59:23.152+0000] {dagbag.py:538} INFO - Filling up the DagBag from /opt/airflow/dags/dag_csv_to_postgres_dag.py
[2025-11-02T11:59:23.185+0000] {processor.py:840} INFO - DAG(s) 'load_csv_to_postgres' retrieved from /opt/airflow/dags/dag_csv_to_postgres_dag.py
[2025-11-02T11:59:23.244+0000] {logging_mixin.py:188} INFO - [2025-11-02T11:59:23.244+0000] {dag.py:3036} INFO - Sync 1 DAGs
[2025-11-02T11:59:23.270+0000] {logging_mixin.py:188} INFO - [2025-11-02T11:59:23.269+0000] {dag.py:3823} INFO - Setting next_dagrun for load_csv_to_postgres to None, run_after=None
[2025-11-02T11:59:23.308+0000] {processor.py:183} INFO - Processing /opt/airflow/dags/dag_csv_to_postgres_dag.py took 0.168 seconds
[2025-11-02T11:59:57.222+0000] {processor.py:161} INFO - Started process (PID=2176) to work on /opt/airflow/dags/dag_csv_to_postgres_dag.py
[2025-11-02T11:59:57.229+0000] {processor.py:830} INFO - Processing file /opt/airflow/dags/dag_csv_to_postgres_dag.py for tasks to queue
[2025-11-02T11:59:57.231+0000] {logging_mixin.py:188} INFO - [2025-11-02T11:59:57.230+0000] {dagbag.py:538} INFO - Filling up the DagBag from /opt/airflow/dags/dag_csv_to_postgres_dag.py
[2025-11-02T11:59:57.266+0000] {processor.py:840} INFO - DAG(s) 'load_csv_to_postgres' retrieved from /opt/airflow/dags/dag_csv_to_postgres_dag.py
[2025-11-02T11:59:57.311+0000] {logging_mixin.py:188} INFO - [2025-11-02T11:59:57.311+0000] {dag.py:3036} INFO - Sync 1 DAGs
[2025-11-02T11:59:57.348+0000] {logging_mixin.py:188} INFO - [2025-11-02T11:59:57.347+0000] {dag.py:3823} INFO - Setting next_dagrun for load_csv_to_postgres to None, run_after=None
[2025-11-02T11:59:57.392+0000] {processor.py:183} INFO - Processing /opt/airflow/dags/dag_csv_to_postgres_dag.py took 0.177 seconds
[2025-11-02T12:00:29.963+0000] {processor.py:161} INFO - Started process (PID=2188) to work on /opt/airflow/dags/dag_csv_to_postgres_dag.py
[2025-11-02T12:00:29.968+0000] {processor.py:830} INFO - Processing file /opt/airflow/dags/dag_csv_to_postgres_dag.py for tasks to queue
[2025-11-02T12:00:29.969+0000] {logging_mixin.py:188} INFO - [2025-11-02T12:00:29.969+0000] {dagbag.py:538} INFO - Filling up the DagBag from /opt/airflow/dags/dag_csv_to_postgres_dag.py
[2025-11-02T12:00:30.001+0000] {processor.py:840} INFO - DAG(s) 'load_csv_to_postgres' retrieved from /opt/airflow/dags/dag_csv_to_postgres_dag.py
[2025-11-02T12:00:30.057+0000] {logging_mixin.py:188} INFO - [2025-11-02T12:00:30.056+0000] {dag.py:3036} INFO - Sync 1 DAGs
[2025-11-02T12:00:30.093+0000] {logging_mixin.py:188} INFO - [2025-11-02T12:00:30.093+0000] {dag.py:3823} INFO - Setting next_dagrun for load_csv_to_postgres to None, run_after=None
[2025-11-02T12:00:30.143+0000] {processor.py:183} INFO - Processing /opt/airflow/dags/dag_csv_to_postgres_dag.py took 0.188 seconds
[2025-11-02T12:01:01.050+0000] {processor.py:161} INFO - Started process (PID=2200) to work on /opt/airflow/dags/dag_csv_to_postgres_dag.py
[2025-11-02T12:01:01.052+0000] {processor.py:830} INFO - Processing file /opt/airflow/dags/dag_csv_to_postgres_dag.py for tasks to queue
[2025-11-02T12:01:01.055+0000] {logging_mixin.py:188} INFO - [2025-11-02T12:01:01.054+0000] {dagbag.py:538} INFO - Filling up the DagBag from /opt/airflow/dags/dag_csv_to_postgres_dag.py
[2025-11-02T12:01:01.089+0000] {processor.py:840} INFO - DAG(s) 'load_csv_to_postgres' retrieved from /opt/airflow/dags/dag_csv_to_postgres_dag.py
[2025-11-02T12:01:01.142+0000] {logging_mixin.py:188} INFO - [2025-11-02T12:01:01.142+0000] {dag.py:3036} INFO - Sync 1 DAGs
[2025-11-02T12:01:01.162+0000] {logging_mixin.py:188} INFO - [2025-11-02T12:01:01.162+0000] {dag.py:3823} INFO - Setting next_dagrun for load_csv_to_postgres to None, run_after=None
[2025-11-02T12:01:01.203+0000] {processor.py:183} INFO - Processing /opt/airflow/dags/dag_csv_to_postgres_dag.py took 0.166 seconds
[2025-11-02T12:01:32.150+0000] {processor.py:161} INFO - Started process (PID=2212) to work on /opt/airflow/dags/dag_csv_to_postgres_dag.py
[2025-11-02T12:01:32.152+0000] {processor.py:830} INFO - Processing file /opt/airflow/dags/dag_csv_to_postgres_dag.py for tasks to queue
[2025-11-02T12:01:32.154+0000] {logging_mixin.py:188} INFO - [2025-11-02T12:01:32.153+0000] {dagbag.py:538} INFO - Filling up the DagBag from /opt/airflow/dags/dag_csv_to_postgres_dag.py
[2025-11-02T12:01:32.191+0000] {processor.py:840} INFO - DAG(s) 'load_csv_to_postgres' retrieved from /opt/airflow/dags/dag_csv_to_postgres_dag.py
[2025-11-02T12:01:32.249+0000] {logging_mixin.py:188} INFO - [2025-11-02T12:01:32.248+0000] {dag.py:3036} INFO - Sync 1 DAGs
[2025-11-02T12:01:32.274+0000] {logging_mixin.py:188} INFO - [2025-11-02T12:01:32.273+0000] {dag.py:3823} INFO - Setting next_dagrun for load_csv_to_postgres to None, run_after=None
[2025-11-02T12:01:32.317+0000] {processor.py:183} INFO - Processing /opt/airflow/dags/dag_csv_to_postgres_dag.py took 0.173 seconds
[2025-11-02T12:02:02.580+0000] {processor.py:161} INFO - Started process (PID=2224) to work on /opt/airflow/dags/dag_csv_to_postgres_dag.py
[2025-11-02T12:02:02.583+0000] {processor.py:830} INFO - Processing file /opt/airflow/dags/dag_csv_to_postgres_dag.py for tasks to queue
[2025-11-02T12:02:02.586+0000] {logging_mixin.py:188} INFO - [2025-11-02T12:02:02.585+0000] {dagbag.py:538} INFO - Filling up the DagBag from /opt/airflow/dags/dag_csv_to_postgres_dag.py
[2025-11-02T12:02:02.670+0000] {processor.py:840} INFO - DAG(s) 'load_csv_to_postgres' retrieved from /opt/airflow/dags/dag_csv_to_postgres_dag.py
[2025-11-02T12:02:02.774+0000] {logging_mixin.py:188} INFO - [2025-11-02T12:02:02.771+0000] {dag.py:3036} INFO - Sync 1 DAGs
[2025-11-02T12:02:02.825+0000] {logging_mixin.py:188} INFO - [2025-11-02T12:02:02.824+0000] {dag.py:3823} INFO - Setting next_dagrun for load_csv_to_postgres to None, run_after=None
[2025-11-02T12:02:02.903+0000] {processor.py:183} INFO - Processing /opt/airflow/dags/dag_csv_to_postgres_dag.py took 0.341 seconds
[2025-11-02T12:02:33.386+0000] {processor.py:161} INFO - Started process (PID=2236) to work on /opt/airflow/dags/dag_csv_to_postgres_dag.py
[2025-11-02T12:02:33.387+0000] {processor.py:830} INFO - Processing file /opt/airflow/dags/dag_csv_to_postgres_dag.py for tasks to queue
[2025-11-02T12:02:33.389+0000] {logging_mixin.py:188} INFO - [2025-11-02T12:02:33.388+0000] {dagbag.py:538} INFO - Filling up the DagBag from /opt/airflow/dags/dag_csv_to_postgres_dag.py
[2025-11-02T12:02:33.416+0000] {processor.py:840} INFO - DAG(s) 'load_csv_to_postgres' retrieved from /opt/airflow/dags/dag_csv_to_postgres_dag.py
[2025-11-02T12:02:33.467+0000] {logging_mixin.py:188} INFO - [2025-11-02T12:02:33.466+0000] {dag.py:3036} INFO - Sync 1 DAGs
[2025-11-02T12:02:33.488+0000] {logging_mixin.py:188} INFO - [2025-11-02T12:02:33.488+0000] {dag.py:3823} INFO - Setting next_dagrun for load_csv_to_postgres to None, run_after=None
[2025-11-02T12:02:33.535+0000] {processor.py:183} INFO - Processing /opt/airflow/dags/dag_csv_to_postgres_dag.py took 0.157 seconds
[2025-11-02T12:03:04.108+0000] {processor.py:161} INFO - Started process (PID=2248) to work on /opt/airflow/dags/dag_csv_to_postgres_dag.py
[2025-11-02T12:03:04.111+0000] {processor.py:830} INFO - Processing file /opt/airflow/dags/dag_csv_to_postgres_dag.py for tasks to queue
[2025-11-02T12:03:04.114+0000] {logging_mixin.py:188} INFO - [2025-11-02T12:03:04.112+0000] {dagbag.py:538} INFO - Filling up the DagBag from /opt/airflow/dags/dag_csv_to_postgres_dag.py
[2025-11-02T12:03:04.143+0000] {processor.py:840} INFO - DAG(s) 'load_csv_to_postgres' retrieved from /opt/airflow/dags/dag_csv_to_postgres_dag.py
[2025-11-02T12:03:04.200+0000] {logging_mixin.py:188} INFO - [2025-11-02T12:03:04.199+0000] {dag.py:3036} INFO - Sync 1 DAGs
[2025-11-02T12:03:04.223+0000] {logging_mixin.py:188} INFO - [2025-11-02T12:03:04.222+0000] {dag.py:3823} INFO - Setting next_dagrun for load_csv_to_postgres to None, run_after=None
[2025-11-02T12:03:04.258+0000] {processor.py:183} INFO - Processing /opt/airflow/dags/dag_csv_to_postgres_dag.py took 0.157 seconds
[2025-11-02T12:03:34.988+0000] {processor.py:161} INFO - Started process (PID=2261) to work on /opt/airflow/dags/dag_csv_to_postgres_dag.py
[2025-11-02T12:03:34.996+0000] {processor.py:830} INFO - Processing file /opt/airflow/dags/dag_csv_to_postgres_dag.py for tasks to queue
[2025-11-02T12:03:34.998+0000] {logging_mixin.py:188} INFO - [2025-11-02T12:03:34.998+0000] {dagbag.py:538} INFO - Filling up the DagBag from /opt/airflow/dags/dag_csv_to_postgres_dag.py
[2025-11-02T12:03:35.044+0000] {processor.py:840} INFO - DAG(s) 'load_csv_to_postgres' retrieved from /opt/airflow/dags/dag_csv_to_postgres_dag.py
[2025-11-02T12:03:35.108+0000] {logging_mixin.py:188} INFO - [2025-11-02T12:03:35.107+0000] {dag.py:3036} INFO - Sync 1 DAGs
[2025-11-02T12:03:35.139+0000] {logging_mixin.py:188} INFO - [2025-11-02T12:03:35.138+0000] {dag.py:3823} INFO - Setting next_dagrun for load_csv_to_postgres to None, run_after=None
[2025-11-02T12:03:35.187+0000] {processor.py:183} INFO - Processing /opt/airflow/dags/dag_csv_to_postgres_dag.py took 0.212 seconds
[2025-11-02T12:04:05.951+0000] {processor.py:161} INFO - Started process (PID=2273) to work on /opt/airflow/dags/dag_csv_to_postgres_dag.py
[2025-11-02T12:04:05.960+0000] {processor.py:830} INFO - Processing file /opt/airflow/dags/dag_csv_to_postgres_dag.py for tasks to queue
[2025-11-02T12:04:05.964+0000] {logging_mixin.py:188} INFO - [2025-11-02T12:04:05.963+0000] {dagbag.py:538} INFO - Filling up the DagBag from /opt/airflow/dags/dag_csv_to_postgres_dag.py
[2025-11-02T12:04:06.031+0000] {processor.py:840} INFO - DAG(s) 'load_csv_to_postgres' retrieved from /opt/airflow/dags/dag_csv_to_postgres_dag.py
[2025-11-02T12:04:06.135+0000] {logging_mixin.py:188} INFO - [2025-11-02T12:04:06.134+0000] {dag.py:3036} INFO - Sync 1 DAGs
[2025-11-02T12:04:06.175+0000] {logging_mixin.py:188} INFO - [2025-11-02T12:04:06.175+0000] {dag.py:3823} INFO - Setting next_dagrun for load_csv_to_postgres to None, run_after=None
[2025-11-02T12:04:06.251+0000] {processor.py:183} INFO - Processing /opt/airflow/dags/dag_csv_to_postgres_dag.py took 0.318 seconds
[2025-11-02T12:04:37.023+0000] {processor.py:161} INFO - Started process (PID=2279) to work on /opt/airflow/dags/dag_csv_to_postgres_dag.py
[2025-11-02T12:04:37.026+0000] {processor.py:830} INFO - Processing file /opt/airflow/dags/dag_csv_to_postgres_dag.py for tasks to queue
[2025-11-02T12:04:37.029+0000] {logging_mixin.py:188} INFO - [2025-11-02T12:04:37.028+0000] {dagbag.py:538} INFO - Filling up the DagBag from /opt/airflow/dags/dag_csv_to_postgres_dag.py
[2025-11-02T12:04:37.060+0000] {processor.py:840} INFO - DAG(s) 'load_csv_to_postgres' retrieved from /opt/airflow/dags/dag_csv_to_postgres_dag.py
[2025-11-02T12:04:37.138+0000] {logging_mixin.py:188} INFO - [2025-11-02T12:04:37.138+0000] {dag.py:3036} INFO - Sync 1 DAGs
[2025-11-02T12:04:37.162+0000] {logging_mixin.py:188} INFO - [2025-11-02T12:04:37.161+0000] {dag.py:3823} INFO - Setting next_dagrun for load_csv_to_postgres to None, run_after=None
[2025-11-02T12:04:37.197+0000] {processor.py:183} INFO - Processing /opt/airflow/dags/dag_csv_to_postgres_dag.py took 0.186 seconds
[2025-11-02T12:05:07.567+0000] {processor.py:161} INFO - Started process (PID=2291) to work on /opt/airflow/dags/dag_csv_to_postgres_dag.py
[2025-11-02T12:05:07.569+0000] {processor.py:830} INFO - Processing file /opt/airflow/dags/dag_csv_to_postgres_dag.py for tasks to queue
[2025-11-02T12:05:07.573+0000] {logging_mixin.py:188} INFO - [2025-11-02T12:05:07.572+0000] {dagbag.py:538} INFO - Filling up the DagBag from /opt/airflow/dags/dag_csv_to_postgres_dag.py
[2025-11-02T12:05:07.597+0000] {processor.py:840} INFO - DAG(s) 'load_csv_to_postgres' retrieved from /opt/airflow/dags/dag_csv_to_postgres_dag.py
[2025-11-02T12:05:07.649+0000] {logging_mixin.py:188} INFO - [2025-11-02T12:05:07.648+0000] {dag.py:3036} INFO - Sync 1 DAGs
[2025-11-02T12:05:07.767+0000] {logging_mixin.py:188} INFO - [2025-11-02T12:05:07.766+0000] {dag.py:3823} INFO - Setting next_dagrun for load_csv_to_postgres to None, run_after=None
[2025-11-02T12:05:08.070+0000] {processor.py:183} INFO - Processing /opt/airflow/dags/dag_csv_to_postgres_dag.py took 0.509 seconds
[2025-11-02T12:05:38.231+0000] {processor.py:161} INFO - Started process (PID=2303) to work on /opt/airflow/dags/dag_csv_to_postgres_dag.py
[2025-11-02T12:05:38.233+0000] {processor.py:830} INFO - Processing file /opt/airflow/dags/dag_csv_to_postgres_dag.py for tasks to queue
[2025-11-02T12:05:38.235+0000] {logging_mixin.py:188} INFO - [2025-11-02T12:05:38.234+0000] {dagbag.py:538} INFO - Filling up the DagBag from /opt/airflow/dags/dag_csv_to_postgres_dag.py
[2025-11-02T12:05:38.271+0000] {processor.py:840} INFO - DAG(s) 'load_csv_to_postgres' retrieved from /opt/airflow/dags/dag_csv_to_postgres_dag.py
[2025-11-02T12:05:38.349+0000] {logging_mixin.py:188} INFO - [2025-11-02T12:05:38.348+0000] {dag.py:3036} INFO - Sync 1 DAGs
[2025-11-02T12:05:38.385+0000] {logging_mixin.py:188} INFO - [2025-11-02T12:05:38.384+0000] {dag.py:3823} INFO - Setting next_dagrun for load_csv_to_postgres to None, run_after=None
[2025-11-02T12:05:38.570+0000] {processor.py:183} INFO - Processing /opt/airflow/dags/dag_csv_to_postgres_dag.py took 0.349 seconds
[2025-11-02T12:06:09.404+0000] {processor.py:161} INFO - Started process (PID=2314) to work on /opt/airflow/dags/dag_csv_to_postgres_dag.py
[2025-11-02T12:06:09.409+0000] {processor.py:830} INFO - Processing file /opt/airflow/dags/dag_csv_to_postgres_dag.py for tasks to queue
[2025-11-02T12:06:09.412+0000] {logging_mixin.py:188} INFO - [2025-11-02T12:06:09.411+0000] {dagbag.py:538} INFO - Filling up the DagBag from /opt/airflow/dags/dag_csv_to_postgres_dag.py
[2025-11-02T12:06:09.602+0000] {processor.py:840} INFO - DAG(s) 'load_csv_to_postgres' retrieved from /opt/airflow/dags/dag_csv_to_postgres_dag.py
[2025-11-02T12:06:09.700+0000] {logging_mixin.py:188} INFO - [2025-11-02T12:06:09.699+0000] {dag.py:3036} INFO - Sync 1 DAGs
[2025-11-02T12:06:09.742+0000] {logging_mixin.py:188} INFO - [2025-11-02T12:06:09.741+0000] {dag.py:3823} INFO - Setting next_dagrun for load_csv_to_postgres to None, run_after=None
[2025-11-02T12:06:10.231+0000] {processor.py:183} INFO - Processing /opt/airflow/dags/dag_csv_to_postgres_dag.py took 0.839 seconds
[2025-11-02T12:06:40.843+0000] {processor.py:161} INFO - Started process (PID=2326) to work on /opt/airflow/dags/dag_csv_to_postgres_dag.py
[2025-11-02T12:06:40.845+0000] {processor.py:830} INFO - Processing file /opt/airflow/dags/dag_csv_to_postgres_dag.py for tasks to queue
[2025-11-02T12:06:40.847+0000] {logging_mixin.py:188} INFO - [2025-11-02T12:06:40.846+0000] {dagbag.py:538} INFO - Filling up the DagBag from /opt/airflow/dags/dag_csv_to_postgres_dag.py
[2025-11-02T12:06:40.888+0000] {processor.py:840} INFO - DAG(s) 'load_csv_to_postgres' retrieved from /opt/airflow/dags/dag_csv_to_postgres_dag.py
[2025-11-02T12:06:40.954+0000] {logging_mixin.py:188} INFO - [2025-11-02T12:06:40.953+0000] {dag.py:3036} INFO - Sync 1 DAGs
[2025-11-02T12:06:40.976+0000] {logging_mixin.py:188} INFO - [2025-11-02T12:06:40.975+0000] {dag.py:3823} INFO - Setting next_dagrun for load_csv_to_postgres to None, run_after=None
[2025-11-02T12:06:41.145+0000] {processor.py:183} INFO - Processing /opt/airflow/dags/dag_csv_to_postgres_dag.py took 0.314 seconds
[2025-11-02T12:07:11.809+0000] {processor.py:161} INFO - Started process (PID=2338) to work on /opt/airflow/dags/dag_csv_to_postgres_dag.py
[2025-11-02T12:07:11.812+0000] {processor.py:830} INFO - Processing file /opt/airflow/dags/dag_csv_to_postgres_dag.py for tasks to queue
[2025-11-02T12:07:11.815+0000] {logging_mixin.py:188} INFO - [2025-11-02T12:07:11.814+0000] {dagbag.py:538} INFO - Filling up the DagBag from /opt/airflow/dags/dag_csv_to_postgres_dag.py
[2025-11-02T12:07:11.842+0000] {processor.py:840} INFO - DAG(s) 'load_csv_to_postgres' retrieved from /opt/airflow/dags/dag_csv_to_postgres_dag.py
[2025-11-02T12:07:11.889+0000] {logging_mixin.py:188} INFO - [2025-11-02T12:07:11.889+0000] {dag.py:3036} INFO - Sync 1 DAGs
[2025-11-02T12:07:11.910+0000] {logging_mixin.py:188} INFO - [2025-11-02T12:07:11.909+0000] {dag.py:3823} INFO - Setting next_dagrun for load_csv_to_postgres to None, run_after=None
[2025-11-02T12:07:12.070+0000] {processor.py:183} INFO - Processing /opt/airflow/dags/dag_csv_to_postgres_dag.py took 0.268 seconds
[2025-11-02T12:07:43.443+0000] {processor.py:161} INFO - Started process (PID=2347) to work on /opt/airflow/dags/dag_csv_to_postgres_dag.py
[2025-11-02T12:07:43.445+0000] {processor.py:830} INFO - Processing file /opt/airflow/dags/dag_csv_to_postgres_dag.py for tasks to queue
[2025-11-02T12:07:43.447+0000] {logging_mixin.py:188} INFO - [2025-11-02T12:07:43.446+0000] {dagbag.py:538} INFO - Filling up the DagBag from /opt/airflow/dags/dag_csv_to_postgres_dag.py
[2025-11-02T12:07:43.478+0000] {processor.py:840} INFO - DAG(s) 'load_csv_to_postgres' retrieved from /opt/airflow/dags/dag_csv_to_postgres_dag.py
[2025-11-02T12:07:43.542+0000] {logging_mixin.py:188} INFO - [2025-11-02T12:07:43.542+0000] {dag.py:3036} INFO - Sync 1 DAGs
[2025-11-02T12:07:43.589+0000] {logging_mixin.py:188} INFO - [2025-11-02T12:07:43.589+0000] {dag.py:3823} INFO - Setting next_dagrun for load_csv_to_postgres to None, run_after=None
[2025-11-02T12:07:43.649+0000] {processor.py:183} INFO - Processing /opt/airflow/dags/dag_csv_to_postgres_dag.py took 0.216 seconds
[2025-11-02T12:08:17.377+0000] {processor.py:161} INFO - Started process (PID=2359) to work on /opt/airflow/dags/dag_csv_to_postgres_dag.py
[2025-11-02T12:08:17.380+0000] {processor.py:830} INFO - Processing file /opt/airflow/dags/dag_csv_to_postgres_dag.py for tasks to queue
[2025-11-02T12:08:17.381+0000] {logging_mixin.py:188} INFO - [2025-11-02T12:08:17.381+0000] {dagbag.py:538} INFO - Filling up the DagBag from /opt/airflow/dags/dag_csv_to_postgres_dag.py
[2025-11-02T12:08:17.410+0000] {processor.py:840} INFO - DAG(s) 'load_csv_to_postgres' retrieved from /opt/airflow/dags/dag_csv_to_postgres_dag.py
[2025-11-02T12:08:17.462+0000] {logging_mixin.py:188} INFO - [2025-11-02T12:08:17.461+0000] {dag.py:3036} INFO - Sync 1 DAGs
[2025-11-02T12:08:17.485+0000] {logging_mixin.py:188} INFO - [2025-11-02T12:08:17.485+0000] {dag.py:3823} INFO - Setting next_dagrun for load_csv_to_postgres to None, run_after=None
[2025-11-02T12:08:17.529+0000] {processor.py:183} INFO - Processing /opt/airflow/dags/dag_csv_to_postgres_dag.py took 0.158 seconds
[2025-11-02T12:08:50.963+0000] {processor.py:161} INFO - Started process (PID=2371) to work on /opt/airflow/dags/dag_csv_to_postgres_dag.py
[2025-11-02T12:08:50.973+0000] {processor.py:830} INFO - Processing file /opt/airflow/dags/dag_csv_to_postgres_dag.py for tasks to queue
[2025-11-02T12:08:50.976+0000] {logging_mixin.py:188} INFO - [2025-11-02T12:08:50.975+0000] {dagbag.py:538} INFO - Filling up the DagBag from /opt/airflow/dags/dag_csv_to_postgres_dag.py
[2025-11-02T12:08:51.040+0000] {processor.py:840} INFO - DAG(s) 'load_csv_to_postgres' retrieved from /opt/airflow/dags/dag_csv_to_postgres_dag.py
[2025-11-02T12:08:51.092+0000] {logging_mixin.py:188} INFO - [2025-11-02T12:08:51.091+0000] {dag.py:3036} INFO - Sync 1 DAGs
[2025-11-02T12:08:51.118+0000] {logging_mixin.py:188} INFO - [2025-11-02T12:08:51.118+0000] {dag.py:3823} INFO - Setting next_dagrun for load_csv_to_postgres to None, run_after=None
[2025-11-02T12:08:51.198+0000] {processor.py:183} INFO - Processing /opt/airflow/dags/dag_csv_to_postgres_dag.py took 0.264 seconds
[2025-11-02T12:09:24.114+0000] {processor.py:161} INFO - Started process (PID=2383) to work on /opt/airflow/dags/dag_csv_to_postgres_dag.py
[2025-11-02T12:09:24.124+0000] {processor.py:830} INFO - Processing file /opt/airflow/dags/dag_csv_to_postgres_dag.py for tasks to queue
[2025-11-02T12:09:24.129+0000] {logging_mixin.py:188} INFO - [2025-11-02T12:09:24.128+0000] {dagbag.py:538} INFO - Filling up the DagBag from /opt/airflow/dags/dag_csv_to_postgres_dag.py
[2025-11-02T12:09:24.170+0000] {processor.py:840} INFO - DAG(s) 'load_csv_to_postgres' retrieved from /opt/airflow/dags/dag_csv_to_postgres_dag.py
[2025-11-02T12:09:24.245+0000] {logging_mixin.py:188} INFO - [2025-11-02T12:09:24.245+0000] {dag.py:3036} INFO - Sync 1 DAGs
[2025-11-02T12:09:24.273+0000] {logging_mixin.py:188} INFO - [2025-11-02T12:09:24.273+0000] {dag.py:3823} INFO - Setting next_dagrun for load_csv_to_postgres to None, run_after=None
[2025-11-02T12:09:24.451+0000] {processor.py:183} INFO - Processing /opt/airflow/dags/dag_csv_to_postgres_dag.py took 0.347 seconds
[2025-11-02T12:09:56.984+0000] {processor.py:161} INFO - Started process (PID=2394) to work on /opt/airflow/dags/dag_csv_to_postgres_dag.py
[2025-11-02T12:09:56.986+0000] {processor.py:830} INFO - Processing file /opt/airflow/dags/dag_csv_to_postgres_dag.py for tasks to queue
[2025-11-02T12:09:56.988+0000] {logging_mixin.py:188} INFO - [2025-11-02T12:09:56.988+0000] {dagbag.py:538} INFO - Filling up the DagBag from /opt/airflow/dags/dag_csv_to_postgres_dag.py
[2025-11-02T12:09:57.025+0000] {processor.py:840} INFO - DAG(s) 'load_csv_to_postgres' retrieved from /opt/airflow/dags/dag_csv_to_postgres_dag.py
[2025-11-02T12:09:57.219+0000] {logging_mixin.py:188} INFO - [2025-11-02T12:09:57.218+0000] {dag.py:3036} INFO - Sync 1 DAGs
[2025-11-02T12:09:57.240+0000] {logging_mixin.py:188} INFO - [2025-11-02T12:09:57.239+0000] {dag.py:3823} INFO - Setting next_dagrun for load_csv_to_postgres to None, run_after=None
[2025-11-02T12:09:57.321+0000] {processor.py:183} INFO - Processing /opt/airflow/dags/dag_csv_to_postgres_dag.py took 0.345 seconds
[2025-11-02T12:10:30.123+0000] {processor.py:161} INFO - Started process (PID=2407) to work on /opt/airflow/dags/dag_csv_to_postgres_dag.py
[2025-11-02T12:10:30.126+0000] {processor.py:830} INFO - Processing file /opt/airflow/dags/dag_csv_to_postgres_dag.py for tasks to queue
[2025-11-02T12:10:30.129+0000] {logging_mixin.py:188} INFO - [2025-11-02T12:10:30.127+0000] {dagbag.py:538} INFO - Filling up the DagBag from /opt/airflow/dags/dag_csv_to_postgres_dag.py
[2025-11-02T12:10:30.155+0000] {processor.py:840} INFO - DAG(s) 'load_csv_to_postgres' retrieved from /opt/airflow/dags/dag_csv_to_postgres_dag.py
[2025-11-02T12:10:30.208+0000] {logging_mixin.py:188} INFO - [2025-11-02T12:10:30.208+0000] {dag.py:3036} INFO - Sync 1 DAGs
[2025-11-02T12:10:30.229+0000] {logging_mixin.py:188} INFO - [2025-11-02T12:10:30.228+0000] {dag.py:3823} INFO - Setting next_dagrun for load_csv_to_postgres to None, run_after=None
[2025-11-02T12:10:30.316+0000] {processor.py:183} INFO - Processing /opt/airflow/dags/dag_csv_to_postgres_dag.py took 0.201 seconds
[2025-11-02T12:11:03.853+0000] {processor.py:161} INFO - Started process (PID=2419) to work on /opt/airflow/dags/dag_csv_to_postgres_dag.py
[2025-11-02T12:11:03.855+0000] {processor.py:830} INFO - Processing file /opt/airflow/dags/dag_csv_to_postgres_dag.py for tasks to queue
[2025-11-02T12:11:03.859+0000] {logging_mixin.py:188} INFO - [2025-11-02T12:11:03.857+0000] {dagbag.py:538} INFO - Filling up the DagBag from /opt/airflow/dags/dag_csv_to_postgres_dag.py
[2025-11-02T12:11:03.888+0000] {processor.py:840} INFO - DAG(s) 'load_csv_to_postgres' retrieved from /opt/airflow/dags/dag_csv_to_postgres_dag.py
[2025-11-02T12:11:03.937+0000] {logging_mixin.py:188} INFO - [2025-11-02T12:11:03.936+0000] {dag.py:3036} INFO - Sync 1 DAGs
[2025-11-02T12:11:03.963+0000] {logging_mixin.py:188} INFO - [2025-11-02T12:11:03.962+0000] {dag.py:3823} INFO - Setting next_dagrun for load_csv_to_postgres to None, run_after=None
[2025-11-02T12:11:03.996+0000] {processor.py:183} INFO - Processing /opt/airflow/dags/dag_csv_to_postgres_dag.py took 0.149 seconds
[2025-11-02T12:11:36.552+0000] {processor.py:161} INFO - Started process (PID=2431) to work on /opt/airflow/dags/dag_csv_to_postgres_dag.py
[2025-11-02T12:11:36.554+0000] {processor.py:830} INFO - Processing file /opt/airflow/dags/dag_csv_to_postgres_dag.py for tasks to queue
[2025-11-02T12:11:36.555+0000] {logging_mixin.py:188} INFO - [2025-11-02T12:11:36.555+0000] {dagbag.py:538} INFO - Filling up the DagBag from /opt/airflow/dags/dag_csv_to_postgres_dag.py
[2025-11-02T12:11:36.580+0000] {processor.py:840} INFO - DAG(s) 'load_csv_to_postgres' retrieved from /opt/airflow/dags/dag_csv_to_postgres_dag.py
[2025-11-02T12:11:36.623+0000] {logging_mixin.py:188} INFO - [2025-11-02T12:11:36.622+0000] {dag.py:3036} INFO - Sync 1 DAGs
[2025-11-02T12:11:36.645+0000] {logging_mixin.py:188} INFO - [2025-11-02T12:11:36.645+0000] {dag.py:3823} INFO - Setting next_dagrun for load_csv_to_postgres to None, run_after=None
[2025-11-02T12:11:36.678+0000] {processor.py:183} INFO - Processing /opt/airflow/dags/dag_csv_to_postgres_dag.py took 0.133 seconds
[2025-11-02T12:12:07.442+0000] {processor.py:161} INFO - Started process (PID=2443) to work on /opt/airflow/dags/dag_csv_to_postgres_dag.py
[2025-11-02T12:12:07.445+0000] {processor.py:830} INFO - Processing file /opt/airflow/dags/dag_csv_to_postgres_dag.py for tasks to queue
[2025-11-02T12:12:07.449+0000] {logging_mixin.py:188} INFO - [2025-11-02T12:12:07.448+0000] {dagbag.py:538} INFO - Filling up the DagBag from /opt/airflow/dags/dag_csv_to_postgres_dag.py
[2025-11-02T12:12:07.527+0000] {processor.py:840} INFO - DAG(s) 'load_csv_to_postgres' retrieved from /opt/airflow/dags/dag_csv_to_postgres_dag.py
[2025-11-02T12:12:07.652+0000] {logging_mixin.py:188} INFO - [2025-11-02T12:12:07.651+0000] {dag.py:3036} INFO - Sync 1 DAGs
[2025-11-02T12:12:07.687+0000] {logging_mixin.py:188} INFO - [2025-11-02T12:12:07.686+0000] {dag.py:3823} INFO - Setting next_dagrun for load_csv_to_postgres to None, run_after=None
[2025-11-02T12:12:08.035+0000] {processor.py:183} INFO - Processing /opt/airflow/dags/dag_csv_to_postgres_dag.py took 0.606 seconds
[2025-11-02T12:12:38.922+0000] {processor.py:161} INFO - Started process (PID=2456) to work on /opt/airflow/dags/dag_csv_to_postgres_dag.py
[2025-11-02T12:12:38.928+0000] {processor.py:830} INFO - Processing file /opt/airflow/dags/dag_csv_to_postgres_dag.py for tasks to queue
[2025-11-02T12:12:38.938+0000] {logging_mixin.py:188} INFO - [2025-11-02T12:12:38.937+0000] {dagbag.py:538} INFO - Filling up the DagBag from /opt/airflow/dags/dag_csv_to_postgres_dag.py
[2025-11-02T12:12:39.047+0000] {processor.py:840} INFO - DAG(s) 'load_csv_to_postgres' retrieved from /opt/airflow/dags/dag_csv_to_postgres_dag.py
[2025-11-02T12:12:39.128+0000] {logging_mixin.py:188} INFO - [2025-11-02T12:12:39.127+0000] {dag.py:3036} INFO - Sync 1 DAGs
[2025-11-02T12:12:39.186+0000] {logging_mixin.py:188} INFO - [2025-11-02T12:12:39.185+0000] {dag.py:3823} INFO - Setting next_dagrun for load_csv_to_postgres to None, run_after=None
[2025-11-02T12:12:39.354+0000] {processor.py:183} INFO - Processing /opt/airflow/dags/dag_csv_to_postgres_dag.py took 0.443 seconds
[2025-11-02T12:13:09.570+0000] {processor.py:161} INFO - Started process (PID=2468) to work on /opt/airflow/dags/dag_csv_to_postgres_dag.py
[2025-11-02T12:13:09.575+0000] {processor.py:830} INFO - Processing file /opt/airflow/dags/dag_csv_to_postgres_dag.py for tasks to queue
[2025-11-02T12:13:09.578+0000] {logging_mixin.py:188} INFO - [2025-11-02T12:13:09.577+0000] {dagbag.py:538} INFO - Filling up the DagBag from /opt/airflow/dags/dag_csv_to_postgres_dag.py
[2025-11-02T12:13:09.650+0000] {processor.py:840} INFO - DAG(s) 'load_csv_to_postgres' retrieved from /opt/airflow/dags/dag_csv_to_postgres_dag.py
[2025-11-02T12:13:09.744+0000] {logging_mixin.py:188} INFO - [2025-11-02T12:13:09.743+0000] {dag.py:3036} INFO - Sync 1 DAGs
[2025-11-02T12:13:09.778+0000] {logging_mixin.py:188} INFO - [2025-11-02T12:13:09.778+0000] {dag.py:3823} INFO - Setting next_dagrun for load_csv_to_postgres to None, run_after=None
[2025-11-02T12:13:09.854+0000] {processor.py:183} INFO - Processing /opt/airflow/dags/dag_csv_to_postgres_dag.py took 0.296 seconds
[2025-11-02T12:13:40.363+0000] {processor.py:161} INFO - Started process (PID=2480) to work on /opt/airflow/dags/dag_csv_to_postgres_dag.py
[2025-11-02T12:13:40.364+0000] {processor.py:830} INFO - Processing file /opt/airflow/dags/dag_csv_to_postgres_dag.py for tasks to queue
[2025-11-02T12:13:40.369+0000] {logging_mixin.py:188} INFO - [2025-11-02T12:13:40.367+0000] {dagbag.py:538} INFO - Filling up the DagBag from /opt/airflow/dags/dag_csv_to_postgres_dag.py
[2025-11-02T12:13:40.419+0000] {processor.py:840} INFO - DAG(s) 'load_csv_to_postgres' retrieved from /opt/airflow/dags/dag_csv_to_postgres_dag.py
[2025-11-02T12:13:40.514+0000] {logging_mixin.py:188} INFO - [2025-11-02T12:13:40.514+0000] {dag.py:3036} INFO - Sync 1 DAGs
[2025-11-02T12:13:40.553+0000] {logging_mixin.py:188} INFO - [2025-11-02T12:13:40.553+0000] {dag.py:3823} INFO - Setting next_dagrun for load_csv_to_postgres to None, run_after=None
[2025-11-02T12:13:40.610+0000] {processor.py:183} INFO - Processing /opt/airflow/dags/dag_csv_to_postgres_dag.py took 0.257 seconds
[2025-11-02T12:14:10.945+0000] {processor.py:161} INFO - Started process (PID=2492) to work on /opt/airflow/dags/dag_csv_to_postgres_dag.py
[2025-11-02T12:14:10.948+0000] {processor.py:830} INFO - Processing file /opt/airflow/dags/dag_csv_to_postgres_dag.py for tasks to queue
[2025-11-02T12:14:10.951+0000] {logging_mixin.py:188} INFO - [2025-11-02T12:14:10.950+0000] {dagbag.py:538} INFO - Filling up the DagBag from /opt/airflow/dags/dag_csv_to_postgres_dag.py
[2025-11-02T12:14:11.009+0000] {processor.py:840} INFO - DAG(s) 'load_csv_to_postgres' retrieved from /opt/airflow/dags/dag_csv_to_postgres_dag.py
[2025-11-02T12:14:11.088+0000] {logging_mixin.py:188} INFO - [2025-11-02T12:14:11.088+0000] {dag.py:3036} INFO - Sync 1 DAGs
[2025-11-02T12:14:11.144+0000] {logging_mixin.py:188} INFO - [2025-11-02T12:14:11.143+0000] {dag.py:3823} INFO - Setting next_dagrun for load_csv_to_postgres to None, run_after=None
[2025-11-02T12:14:11.219+0000] {processor.py:183} INFO - Processing /opt/airflow/dags/dag_csv_to_postgres_dag.py took 0.283 seconds
[2025-11-02T12:14:41.838+0000] {processor.py:161} INFO - Started process (PID=2498) to work on /opt/airflow/dags/dag_csv_to_postgres_dag.py
[2025-11-02T12:14:41.841+0000] {processor.py:830} INFO - Processing file /opt/airflow/dags/dag_csv_to_postgres_dag.py for tasks to queue
[2025-11-02T12:14:41.843+0000] {logging_mixin.py:188} INFO - [2025-11-02T12:14:41.842+0000] {dagbag.py:538} INFO - Filling up the DagBag from /opt/airflow/dags/dag_csv_to_postgres_dag.py
[2025-11-02T12:14:41.879+0000] {processor.py:840} INFO - DAG(s) 'load_csv_to_postgres' retrieved from /opt/airflow/dags/dag_csv_to_postgres_dag.py
[2025-11-02T12:14:41.949+0000] {logging_mixin.py:188} INFO - [2025-11-02T12:14:41.948+0000] {dag.py:3036} INFO - Sync 1 DAGs
[2025-11-02T12:14:41.982+0000] {logging_mixin.py:188} INFO - [2025-11-02T12:14:41.981+0000] {dag.py:3823} INFO - Setting next_dagrun for load_csv_to_postgres to None, run_after=None
[2025-11-02T12:14:42.036+0000] {processor.py:183} INFO - Processing /opt/airflow/dags/dag_csv_to_postgres_dag.py took 0.207 seconds
[2025-11-02T12:15:12.826+0000] {processor.py:161} INFO - Started process (PID=2510) to work on /opt/airflow/dags/dag_csv_to_postgres_dag.py
[2025-11-02T12:15:12.828+0000] {processor.py:830} INFO - Processing file /opt/airflow/dags/dag_csv_to_postgres_dag.py for tasks to queue
[2025-11-02T12:15:12.832+0000] {logging_mixin.py:188} INFO - [2025-11-02T12:15:12.831+0000] {dagbag.py:538} INFO - Filling up the DagBag from /opt/airflow/dags/dag_csv_to_postgres_dag.py
[2025-11-02T12:15:12.869+0000] {processor.py:840} INFO - DAG(s) 'load_csv_to_postgres' retrieved from /opt/airflow/dags/dag_csv_to_postgres_dag.py
[2025-11-02T12:15:12.921+0000] {logging_mixin.py:188} INFO - [2025-11-02T12:15:12.920+0000] {dag.py:3036} INFO - Sync 1 DAGs
[2025-11-02T12:15:12.948+0000] {logging_mixin.py:188} INFO - [2025-11-02T12:15:12.948+0000] {dag.py:3823} INFO - Setting next_dagrun for load_csv_to_postgres to None, run_after=None
[2025-11-02T12:15:12.997+0000] {processor.py:183} INFO - Processing /opt/airflow/dags/dag_csv_to_postgres_dag.py took 0.179 seconds
[2025-11-02T12:15:44.108+0000] {processor.py:161} INFO - Started process (PID=2522) to work on /opt/airflow/dags/dag_csv_to_postgres_dag.py
[2025-11-02T12:15:44.113+0000] {processor.py:830} INFO - Processing file /opt/airflow/dags/dag_csv_to_postgres_dag.py for tasks to queue
[2025-11-02T12:15:44.117+0000] {logging_mixin.py:188} INFO - [2025-11-02T12:15:44.115+0000] {dagbag.py:538} INFO - Filling up the DagBag from /opt/airflow/dags/dag_csv_to_postgres_dag.py
[2025-11-02T12:15:44.155+0000] {processor.py:840} INFO - DAG(s) 'load_csv_to_postgres' retrieved from /opt/airflow/dags/dag_csv_to_postgres_dag.py
[2025-11-02T12:15:44.245+0000] {logging_mixin.py:188} INFO - [2025-11-02T12:15:44.244+0000] {dag.py:3036} INFO - Sync 1 DAGs
[2025-11-02T12:15:44.283+0000] {logging_mixin.py:188} INFO - [2025-11-02T12:15:44.283+0000] {dag.py:3823} INFO - Setting next_dagrun for load_csv_to_postgres to None, run_after=None
[2025-11-02T12:15:44.760+0000] {processor.py:183} INFO - Processing /opt/airflow/dags/dag_csv_to_postgres_dag.py took 0.667 seconds
[2025-11-02T12:16:16.302+0000] {processor.py:161} INFO - Started process (PID=2534) to work on /opt/airflow/dags/dag_csv_to_postgres_dag.py
[2025-11-02T12:16:16.306+0000] {processor.py:830} INFO - Processing file /opt/airflow/dags/dag_csv_to_postgres_dag.py for tasks to queue
[2025-11-02T12:16:16.310+0000] {logging_mixin.py:188} INFO - [2025-11-02T12:16:16.309+0000] {dagbag.py:538} INFO - Filling up the DagBag from /opt/airflow/dags/dag_csv_to_postgres_dag.py
[2025-11-02T12:16:16.418+0000] {processor.py:840} INFO - DAG(s) 'load_csv_to_postgres' retrieved from /opt/airflow/dags/dag_csv_to_postgres_dag.py
[2025-11-02T12:16:16.597+0000] {logging_mixin.py:188} INFO - [2025-11-02T12:16:16.596+0000] {dag.py:3036} INFO - Sync 1 DAGs
[2025-11-02T12:16:16.666+0000] {logging_mixin.py:188} INFO - [2025-11-02T12:16:16.665+0000] {dag.py:3823} INFO - Setting next_dagrun for load_csv_to_postgres to None, run_after=None
[2025-11-02T12:16:16.736+0000] {processor.py:183} INFO - Processing /opt/airflow/dags/dag_csv_to_postgres_dag.py took 0.453 seconds
[2025-11-02T12:16:47.206+0000] {processor.py:161} INFO - Started process (PID=2546) to work on /opt/airflow/dags/dag_csv_to_postgres_dag.py
[2025-11-02T12:16:47.210+0000] {processor.py:830} INFO - Processing file /opt/airflow/dags/dag_csv_to_postgres_dag.py for tasks to queue
[2025-11-02T12:16:47.212+0000] {logging_mixin.py:188} INFO - [2025-11-02T12:16:47.212+0000] {dagbag.py:538} INFO - Filling up the DagBag from /opt/airflow/dags/dag_csv_to_postgres_dag.py
[2025-11-02T12:16:47.266+0000] {processor.py:840} INFO - DAG(s) 'load_csv_to_postgres' retrieved from /opt/airflow/dags/dag_csv_to_postgres_dag.py
[2025-11-02T12:16:47.354+0000] {logging_mixin.py:188} INFO - [2025-11-02T12:16:47.354+0000] {dag.py:3036} INFO - Sync 1 DAGs
[2025-11-02T12:16:47.397+0000] {logging_mixin.py:188} INFO - [2025-11-02T12:16:47.397+0000] {dag.py:3823} INFO - Setting next_dagrun for load_csv_to_postgres to None, run_after=None
[2025-11-02T12:16:47.494+0000] {processor.py:183} INFO - Processing /opt/airflow/dags/dag_csv_to_postgres_dag.py took 0.300 seconds
[2025-11-02T12:17:18.323+0000] {processor.py:161} INFO - Started process (PID=2558) to work on /opt/airflow/dags/dag_csv_to_postgres_dag.py
[2025-11-02T12:17:18.330+0000] {processor.py:830} INFO - Processing file /opt/airflow/dags/dag_csv_to_postgres_dag.py for tasks to queue
[2025-11-02T12:17:18.334+0000] {logging_mixin.py:188} INFO - [2025-11-02T12:17:18.333+0000] {dagbag.py:538} INFO - Filling up the DagBag from /opt/airflow/dags/dag_csv_to_postgres_dag.py
[2025-11-02T12:17:18.394+0000] {processor.py:840} INFO - DAG(s) 'load_csv_to_postgres' retrieved from /opt/airflow/dags/dag_csv_to_postgres_dag.py
[2025-11-02T12:17:18.492+0000] {logging_mixin.py:188} INFO - [2025-11-02T12:17:18.491+0000] {dag.py:3036} INFO - Sync 1 DAGs
[2025-11-02T12:17:18.536+0000] {logging_mixin.py:188} INFO - [2025-11-02T12:17:18.536+0000] {dag.py:3823} INFO - Setting next_dagrun for load_csv_to_postgres to None, run_after=None
[2025-11-02T12:17:18.660+0000] {processor.py:183} INFO - Processing /opt/airflow/dags/dag_csv_to_postgres_dag.py took 0.365 seconds
[2025-11-02T12:17:48.923+0000] {processor.py:161} INFO - Started process (PID=2570) to work on /opt/airflow/dags/dag_csv_to_postgres_dag.py
[2025-11-02T12:17:48.926+0000] {processor.py:830} INFO - Processing file /opt/airflow/dags/dag_csv_to_postgres_dag.py for tasks to queue
[2025-11-02T12:17:48.929+0000] {logging_mixin.py:188} INFO - [2025-11-02T12:17:48.928+0000] {dagbag.py:538} INFO - Filling up the DagBag from /opt/airflow/dags/dag_csv_to_postgres_dag.py
[2025-11-02T12:17:48.980+0000] {processor.py:840} INFO - DAG(s) 'load_csv_to_postgres' retrieved from /opt/airflow/dags/dag_csv_to_postgres_dag.py
[2025-11-02T12:17:49.076+0000] {logging_mixin.py:188} INFO - [2025-11-02T12:17:49.076+0000] {dag.py:3036} INFO - Sync 1 DAGs
[2025-11-02T12:17:49.108+0000] {logging_mixin.py:188} INFO - [2025-11-02T12:17:49.108+0000] {dag.py:3823} INFO - Setting next_dagrun for load_csv_to_postgres to None, run_after=None
[2025-11-02T12:17:49.215+0000] {processor.py:183} INFO - Processing /opt/airflow/dags/dag_csv_to_postgres_dag.py took 0.305 seconds
[2025-11-02T12:18:20.173+0000] {processor.py:161} INFO - Started process (PID=2582) to work on /opt/airflow/dags/dag_csv_to_postgres_dag.py
[2025-11-02T12:18:20.178+0000] {processor.py:830} INFO - Processing file /opt/airflow/dags/dag_csv_to_postgres_dag.py for tasks to queue
[2025-11-02T12:18:20.182+0000] {logging_mixin.py:188} INFO - [2025-11-02T12:18:20.181+0000] {dagbag.py:538} INFO - Filling up the DagBag from /opt/airflow/dags/dag_csv_to_postgres_dag.py
[2025-11-02T12:18:20.237+0000] {processor.py:840} INFO - DAG(s) 'load_csv_to_postgres' retrieved from /opt/airflow/dags/dag_csv_to_postgres_dag.py
[2025-11-02T12:18:20.364+0000] {logging_mixin.py:188} INFO - [2025-11-02T12:18:20.363+0000] {dag.py:3036} INFO - Sync 1 DAGs
[2025-11-02T12:18:20.438+0000] {logging_mixin.py:188} INFO - [2025-11-02T12:18:20.436+0000] {dag.py:3823} INFO - Setting next_dagrun for load_csv_to_postgres to None, run_after=None
[2025-11-02T12:18:20.610+0000] {processor.py:183} INFO - Processing /opt/airflow/dags/dag_csv_to_postgres_dag.py took 0.463 seconds
[2025-11-02T12:18:51.593+0000] {processor.py:161} INFO - Started process (PID=2594) to work on /opt/airflow/dags/dag_csv_to_postgres_dag.py
[2025-11-02T12:18:51.599+0000] {processor.py:830} INFO - Processing file /opt/airflow/dags/dag_csv_to_postgres_dag.py for tasks to queue
[2025-11-02T12:18:51.602+0000] {logging_mixin.py:188} INFO - [2025-11-02T12:18:51.602+0000] {dagbag.py:538} INFO - Filling up the DagBag from /opt/airflow/dags/dag_csv_to_postgres_dag.py
[2025-11-02T12:18:51.655+0000] {processor.py:840} INFO - DAG(s) 'load_csv_to_postgres' retrieved from /opt/airflow/dags/dag_csv_to_postgres_dag.py
[2025-11-02T12:18:51.771+0000] {logging_mixin.py:188} INFO - [2025-11-02T12:18:51.771+0000] {dag.py:3036} INFO - Sync 1 DAGs
[2025-11-02T12:18:51.826+0000] {logging_mixin.py:188} INFO - [2025-11-02T12:18:51.826+0000] {dag.py:3823} INFO - Setting next_dagrun for load_csv_to_postgres to None, run_after=None
[2025-11-02T12:18:51.899+0000] {processor.py:183} INFO - Processing /opt/airflow/dags/dag_csv_to_postgres_dag.py took 0.323 seconds
[2025-11-02T12:19:24.209+0000] {processor.py:161} INFO - Started process (PID=2606) to work on /opt/airflow/dags/dag_csv_to_postgres_dag.py
[2025-11-02T12:19:24.212+0000] {processor.py:830} INFO - Processing file /opt/airflow/dags/dag_csv_to_postgres_dag.py for tasks to queue
[2025-11-02T12:19:24.215+0000] {logging_mixin.py:188} INFO - [2025-11-02T12:19:24.214+0000] {dagbag.py:538} INFO - Filling up the DagBag from /opt/airflow/dags/dag_csv_to_postgres_dag.py
[2025-11-02T12:19:24.257+0000] {processor.py:840} INFO - DAG(s) 'load_csv_to_postgres' retrieved from /opt/airflow/dags/dag_csv_to_postgres_dag.py
[2025-11-02T12:19:24.388+0000] {logging_mixin.py:188} INFO - [2025-11-02T12:19:24.387+0000] {dag.py:3036} INFO - Sync 1 DAGs
[2025-11-02T12:19:24.435+0000] {logging_mixin.py:188} INFO - [2025-11-02T12:19:24.435+0000] {dag.py:3823} INFO - Setting next_dagrun for load_csv_to_postgres to None, run_after=None
[2025-11-02T12:19:24.506+0000] {processor.py:183} INFO - Processing /opt/airflow/dags/dag_csv_to_postgres_dag.py took 0.308 seconds
[2025-11-02T12:19:57.396+0000] {processor.py:161} INFO - Started process (PID=2619) to work on /opt/airflow/dags/dag_csv_to_postgres_dag.py
[2025-11-02T12:19:57.401+0000] {processor.py:830} INFO - Processing file /opt/airflow/dags/dag_csv_to_postgres_dag.py for tasks to queue
[2025-11-02T12:19:57.405+0000] {logging_mixin.py:188} INFO - [2025-11-02T12:19:57.404+0000] {dagbag.py:538} INFO - Filling up the DagBag from /opt/airflow/dags/dag_csv_to_postgres_dag.py
[2025-11-02T12:19:57.491+0000] {processor.py:840} INFO - DAG(s) 'load_csv_to_postgres' retrieved from /opt/airflow/dags/dag_csv_to_postgres_dag.py
[2025-11-02T12:19:57.601+0000] {logging_mixin.py:188} INFO - [2025-11-02T12:19:57.600+0000] {dag.py:3036} INFO - Sync 1 DAGs
[2025-11-02T12:19:57.645+0000] {logging_mixin.py:188} INFO - [2025-11-02T12:19:57.644+0000] {dag.py:3823} INFO - Setting next_dagrun for load_csv_to_postgres to None, run_after=None
[2025-11-02T12:19:57.743+0000] {processor.py:183} INFO - Processing /opt/airflow/dags/dag_csv_to_postgres_dag.py took 0.363 seconds
[2025-11-02T12:20:30.549+0000] {processor.py:161} INFO - Started process (PID=2631) to work on /opt/airflow/dags/dag_csv_to_postgres_dag.py
[2025-11-02T12:20:30.554+0000] {processor.py:830} INFO - Processing file /opt/airflow/dags/dag_csv_to_postgres_dag.py for tasks to queue
[2025-11-02T12:20:30.557+0000] {logging_mixin.py:188} INFO - [2025-11-02T12:20:30.556+0000] {dagbag.py:538} INFO - Filling up the DagBag from /opt/airflow/dags/dag_csv_to_postgres_dag.py
[2025-11-02T12:20:30.602+0000] {processor.py:840} INFO - DAG(s) 'load_csv_to_postgres' retrieved from /opt/airflow/dags/dag_csv_to_postgres_dag.py
[2025-11-02T12:20:30.681+0000] {logging_mixin.py:188} INFO - [2025-11-02T12:20:30.681+0000] {dag.py:3036} INFO - Sync 1 DAGs
[2025-11-02T12:20:30.723+0000] {logging_mixin.py:188} INFO - [2025-11-02T12:20:30.722+0000] {dag.py:3823} INFO - Setting next_dagrun for load_csv_to_postgres to None, run_after=None
[2025-11-02T12:20:30.783+0000] {processor.py:183} INFO - Processing /opt/airflow/dags/dag_csv_to_postgres_dag.py took 0.244 seconds
[2025-11-02T12:21:04.157+0000] {processor.py:161} INFO - Started process (PID=2643) to work on /opt/airflow/dags/dag_csv_to_postgres_dag.py
[2025-11-02T12:21:04.160+0000] {processor.py:830} INFO - Processing file /opt/airflow/dags/dag_csv_to_postgres_dag.py for tasks to queue
[2025-11-02T12:21:04.163+0000] {logging_mixin.py:188} INFO - [2025-11-02T12:21:04.162+0000] {dagbag.py:538} INFO - Filling up the DagBag from /opt/airflow/dags/dag_csv_to_postgres_dag.py
[2025-11-02T12:21:04.206+0000] {processor.py:840} INFO - DAG(s) 'load_csv_to_postgres' retrieved from /opt/airflow/dags/dag_csv_to_postgres_dag.py
[2025-11-02T12:21:04.286+0000] {logging_mixin.py:188} INFO - [2025-11-02T12:21:04.286+0000] {dag.py:3036} INFO - Sync 1 DAGs
[2025-11-02T12:21:04.326+0000] {logging_mixin.py:188} INFO - [2025-11-02T12:21:04.326+0000] {dag.py:3823} INFO - Setting next_dagrun for load_csv_to_postgres to None, run_after=None
[2025-11-02T12:21:04.376+0000] {processor.py:183} INFO - Processing /opt/airflow/dags/dag_csv_to_postgres_dag.py took 0.231 seconds
[2025-11-02T12:21:37.983+0000] {processor.py:161} INFO - Started process (PID=2655) to work on /opt/airflow/dags/dag_csv_to_postgres_dag.py
[2025-11-02T12:21:37.986+0000] {processor.py:830} INFO - Processing file /opt/airflow/dags/dag_csv_to_postgres_dag.py for tasks to queue
[2025-11-02T12:21:37.989+0000] {logging_mixin.py:188} INFO - [2025-11-02T12:21:37.988+0000] {dagbag.py:538} INFO - Filling up the DagBag from /opt/airflow/dags/dag_csv_to_postgres_dag.py
[2025-11-02T12:21:38.045+0000] {processor.py:840} INFO - DAG(s) 'load_csv_to_postgres' retrieved from /opt/airflow/dags/dag_csv_to_postgres_dag.py
[2025-11-02T12:21:38.161+0000] {logging_mixin.py:188} INFO - [2025-11-02T12:21:38.161+0000] {dag.py:3036} INFO - Sync 1 DAGs
[2025-11-02T12:21:38.200+0000] {logging_mixin.py:188} INFO - [2025-11-02T12:21:38.200+0000] {dag.py:3823} INFO - Setting next_dagrun for load_csv_to_postgres to None, run_after=None
[2025-11-02T12:21:38.265+0000] {processor.py:183} INFO - Processing /opt/airflow/dags/dag_csv_to_postgres_dag.py took 0.294 seconds
[2025-11-02T12:22:10.713+0000] {processor.py:161} INFO - Started process (PID=2667) to work on /opt/airflow/dags/dag_csv_to_postgres_dag.py
[2025-11-02T12:22:10.716+0000] {processor.py:830} INFO - Processing file /opt/airflow/dags/dag_csv_to_postgres_dag.py for tasks to queue
[2025-11-02T12:22:10.719+0000] {logging_mixin.py:188} INFO - [2025-11-02T12:22:10.718+0000] {dagbag.py:538} INFO - Filling up the DagBag from /opt/airflow/dags/dag_csv_to_postgres_dag.py
[2025-11-02T12:22:10.758+0000] {processor.py:840} INFO - DAG(s) 'load_csv_to_postgres' retrieved from /opt/airflow/dags/dag_csv_to_postgres_dag.py
[2025-11-02T12:22:10.834+0000] {logging_mixin.py:188} INFO - [2025-11-02T12:22:10.833+0000] {dag.py:3036} INFO - Sync 1 DAGs
[2025-11-02T12:22:10.871+0000] {logging_mixin.py:188} INFO - [2025-11-02T12:22:10.870+0000] {dag.py:3823} INFO - Setting next_dagrun for load_csv_to_postgres to None, run_after=None
[2025-11-02T12:22:10.929+0000] {processor.py:183} INFO - Processing /opt/airflow/dags/dag_csv_to_postgres_dag.py took 0.229 seconds
[2025-11-02T12:22:45.063+0000] {processor.py:161} INFO - Started process (PID=2679) to work on /opt/airflow/dags/dag_csv_to_postgres_dag.py
[2025-11-02T12:22:45.076+0000] {processor.py:830} INFO - Processing file /opt/airflow/dags/dag_csv_to_postgres_dag.py for tasks to queue
[2025-11-02T12:22:45.086+0000] {logging_mixin.py:188} INFO - [2025-11-02T12:22:45.084+0000] {dagbag.py:538} INFO - Filling up the DagBag from /opt/airflow/dags/dag_csv_to_postgres_dag.py
[2025-11-02T12:22:45.453+0000] {processor.py:840} INFO - DAG(s) 'load_csv_to_postgres' retrieved from /opt/airflow/dags/dag_csv_to_postgres_dag.py
[2025-11-02T12:22:45.766+0000] {logging_mixin.py:188} INFO - [2025-11-02T12:22:45.765+0000] {dag.py:3036} INFO - Sync 1 DAGs
[2025-11-02T12:22:45.914+0000] {logging_mixin.py:188} INFO - [2025-11-02T12:22:45.913+0000] {dag.py:3823} INFO - Setting next_dagrun for load_csv_to_postgres to None, run_after=None
[2025-11-02T12:22:46.153+0000] {processor.py:183} INFO - Processing /opt/airflow/dags/dag_csv_to_postgres_dag.py took 1.137 seconds
[2025-11-02T12:23:17.640+0000] {processor.py:161} INFO - Started process (PID=2691) to work on /opt/airflow/dags/dag_csv_to_postgres_dag.py
[2025-11-02T12:23:17.644+0000] {processor.py:830} INFO - Processing file /opt/airflow/dags/dag_csv_to_postgres_dag.py for tasks to queue
[2025-11-02T12:23:17.649+0000] {logging_mixin.py:188} INFO - [2025-11-02T12:23:17.647+0000] {dagbag.py:538} INFO - Filling up the DagBag from /opt/airflow/dags/dag_csv_to_postgres_dag.py
[2025-11-02T12:23:17.723+0000] {processor.py:840} INFO - DAG(s) 'load_csv_to_postgres' retrieved from /opt/airflow/dags/dag_csv_to_postgres_dag.py
[2025-11-02T12:23:17.822+0000] {logging_mixin.py:188} INFO - [2025-11-02T12:23:17.821+0000] {dag.py:3036} INFO - Sync 1 DAGs
[2025-11-02T12:23:17.863+0000] {logging_mixin.py:188} INFO - [2025-11-02T12:23:17.862+0000] {dag.py:3823} INFO - Setting next_dagrun for load_csv_to_postgres to None, run_after=None
[2025-11-02T12:23:17.943+0000] {processor.py:183} INFO - Processing /opt/airflow/dags/dag_csv_to_postgres_dag.py took 0.315 seconds
[2025-11-02T12:23:49.195+0000] {processor.py:161} INFO - Started process (PID=2702) to work on /opt/airflow/dags/dag_csv_to_postgres_dag.py
[2025-11-02T12:23:49.199+0000] {processor.py:830} INFO - Processing file /opt/airflow/dags/dag_csv_to_postgres_dag.py for tasks to queue
[2025-11-02T12:23:49.207+0000] {logging_mixin.py:188} INFO - [2025-11-02T12:23:49.205+0000] {dagbag.py:538} INFO - Filling up the DagBag from /opt/airflow/dags/dag_csv_to_postgres_dag.py
[2025-11-02T12:23:49.365+0000] {processor.py:840} INFO - DAG(s) 'load_csv_to_postgres' retrieved from /opt/airflow/dags/dag_csv_to_postgres_dag.py
[2025-11-02T12:23:49.601+0000] {logging_mixin.py:188} INFO - [2025-11-02T12:23:49.601+0000] {dag.py:3036} INFO - Sync 1 DAGs
[2025-11-02T12:23:49.676+0000] {logging_mixin.py:188} INFO - [2025-11-02T12:23:49.675+0000] {dag.py:3823} INFO - Setting next_dagrun for load_csv_to_postgres to None, run_after=None
[2025-11-02T12:23:49.769+0000] {processor.py:183} INFO - Processing /opt/airflow/dags/dag_csv_to_postgres_dag.py took 0.589 seconds
[2025-11-02T12:24:24.370+0000] {processor.py:161} INFO - Started process (PID=2714) to work on /opt/airflow/dags/dag_csv_to_postgres_dag.py
[2025-11-02T12:24:24.375+0000] {processor.py:830} INFO - Processing file /opt/airflow/dags/dag_csv_to_postgres_dag.py for tasks to queue
[2025-11-02T12:24:24.379+0000] {logging_mixin.py:188} INFO - [2025-11-02T12:24:24.378+0000] {dagbag.py:538} INFO - Filling up the DagBag from /opt/airflow/dags/dag_csv_to_postgres_dag.py
[2025-11-02T12:24:24.439+0000] {processor.py:840} INFO - DAG(s) 'load_csv_to_postgres' retrieved from /opt/airflow/dags/dag_csv_to_postgres_dag.py
[2025-11-02T12:24:24.544+0000] {logging_mixin.py:188} INFO - [2025-11-02T12:24:24.544+0000] {dag.py:3036} INFO - Sync 1 DAGs
[2025-11-02T12:24:24.576+0000] {logging_mixin.py:188} INFO - [2025-11-02T12:24:24.575+0000] {dag.py:3823} INFO - Setting next_dagrun for load_csv_to_postgres to None, run_after=None
[2025-11-02T12:24:24.638+0000] {processor.py:183} INFO - Processing /opt/airflow/dags/dag_csv_to_postgres_dag.py took 0.277 seconds
[2025-11-02T12:24:57.704+0000] {processor.py:161} INFO - Started process (PID=2726) to work on /opt/airflow/dags/dag_csv_to_postgres_dag.py
[2025-11-02T12:24:57.708+0000] {processor.py:830} INFO - Processing file /opt/airflow/dags/dag_csv_to_postgres_dag.py for tasks to queue
[2025-11-02T12:24:57.721+0000] {logging_mixin.py:188} INFO - [2025-11-02T12:24:57.720+0000] {dagbag.py:538} INFO - Filling up the DagBag from /opt/airflow/dags/dag_csv_to_postgres_dag.py
[2025-11-02T12:24:57.801+0000] {processor.py:840} INFO - DAG(s) 'load_csv_to_postgres' retrieved from /opt/airflow/dags/dag_csv_to_postgres_dag.py
[2025-11-02T12:24:57.986+0000] {logging_mixin.py:188} INFO - [2025-11-02T12:24:57.986+0000] {dag.py:3036} INFO - Sync 1 DAGs
[2025-11-02T12:24:58.048+0000] {logging_mixin.py:188} INFO - [2025-11-02T12:24:58.048+0000] {dag.py:3823} INFO - Setting next_dagrun for load_csv_to_postgres to None, run_after=None
[2025-11-02T12:24:58.225+0000] {processor.py:183} INFO - Processing /opt/airflow/dags/dag_csv_to_postgres_dag.py took 0.549 seconds
[2025-11-02T12:25:30.623+0000] {processor.py:161} INFO - Started process (PID=2738) to work on /opt/airflow/dags/dag_csv_to_postgres_dag.py
[2025-11-02T12:25:30.626+0000] {processor.py:830} INFO - Processing file /opt/airflow/dags/dag_csv_to_postgres_dag.py for tasks to queue
[2025-11-02T12:25:30.630+0000] {logging_mixin.py:188} INFO - [2025-11-02T12:25:30.629+0000] {dagbag.py:538} INFO - Filling up the DagBag from /opt/airflow/dags/dag_csv_to_postgres_dag.py
[2025-11-02T12:25:30.691+0000] {processor.py:840} INFO - DAG(s) 'load_csv_to_postgres' retrieved from /opt/airflow/dags/dag_csv_to_postgres_dag.py
[2025-11-02T12:25:30.786+0000] {logging_mixin.py:188} INFO - [2025-11-02T12:25:30.785+0000] {dag.py:3036} INFO - Sync 1 DAGs
[2025-11-02T12:25:30.831+0000] {logging_mixin.py:188} INFO - [2025-11-02T12:25:30.830+0000] {dag.py:3823} INFO - Setting next_dagrun for load_csv_to_postgres to None, run_after=None
[2025-11-02T12:25:30.912+0000] {processor.py:183} INFO - Processing /opt/airflow/dags/dag_csv_to_postgres_dag.py took 0.299 seconds
[2025-11-02T12:26:05.581+0000] {processor.py:161} INFO - Started process (PID=2750) to work on /opt/airflow/dags/dag_csv_to_postgres_dag.py
[2025-11-02T12:26:05.586+0000] {processor.py:830} INFO - Processing file /opt/airflow/dags/dag_csv_to_postgres_dag.py for tasks to queue
[2025-11-02T12:26:05.597+0000] {logging_mixin.py:188} INFO - [2025-11-02T12:26:05.591+0000] {dagbag.py:538} INFO - Filling up the DagBag from /opt/airflow/dags/dag_csv_to_postgres_dag.py
[2025-11-02T12:26:05.861+0000] {processor.py:840} INFO - DAG(s) 'load_csv_to_postgres' retrieved from /opt/airflow/dags/dag_csv_to_postgres_dag.py
[2025-11-02T12:26:06.025+0000] {logging_mixin.py:188} INFO - [2025-11-02T12:26:06.024+0000] {dag.py:3036} INFO - Sync 1 DAGs
[2025-11-02T12:26:06.133+0000] {logging_mixin.py:188} INFO - [2025-11-02T12:26:06.133+0000] {dag.py:3823} INFO - Setting next_dagrun for load_csv_to_postgres to None, run_after=None
[2025-11-02T12:26:06.348+0000] {processor.py:183} INFO - Processing /opt/airflow/dags/dag_csv_to_postgres_dag.py took 0.797 seconds
[2025-11-02T12:26:37.449+0000] {processor.py:161} INFO - Started process (PID=2762) to work on /opt/airflow/dags/dag_csv_to_postgres_dag.py
[2025-11-02T12:26:37.452+0000] {processor.py:830} INFO - Processing file /opt/airflow/dags/dag_csv_to_postgres_dag.py for tasks to queue
[2025-11-02T12:26:37.455+0000] {logging_mixin.py:188} INFO - [2025-11-02T12:26:37.454+0000] {dagbag.py:538} INFO - Filling up the DagBag from /opt/airflow/dags/dag_csv_to_postgres_dag.py
[2025-11-02T12:26:37.501+0000] {processor.py:840} INFO - DAG(s) 'load_csv_to_postgres' retrieved from /opt/airflow/dags/dag_csv_to_postgres_dag.py
[2025-11-02T12:26:37.615+0000] {logging_mixin.py:188} INFO - [2025-11-02T12:26:37.614+0000] {dag.py:3036} INFO - Sync 1 DAGs
[2025-11-02T12:26:37.652+0000] {logging_mixin.py:188} INFO - [2025-11-02T12:26:37.652+0000] {dag.py:3823} INFO - Setting next_dagrun for load_csv_to_postgres to None, run_after=None
[2025-11-02T12:26:37.705+0000] {processor.py:183} INFO - Processing /opt/airflow/dags/dag_csv_to_postgres_dag.py took 0.271 seconds
[2025-11-02T12:27:11.323+0000] {processor.py:161} INFO - Started process (PID=2774) to work on /opt/airflow/dags/dag_csv_to_postgres_dag.py
[2025-11-02T12:27:11.327+0000] {processor.py:830} INFO - Processing file /opt/airflow/dags/dag_csv_to_postgres_dag.py for tasks to queue
[2025-11-02T12:27:11.331+0000] {logging_mixin.py:188} INFO - [2025-11-02T12:27:11.329+0000] {dagbag.py:538} INFO - Filling up the DagBag from /opt/airflow/dags/dag_csv_to_postgres_dag.py
[2025-11-02T12:27:11.410+0000] {processor.py:840} INFO - DAG(s) 'load_csv_to_postgres' retrieved from /opt/airflow/dags/dag_csv_to_postgres_dag.py
[2025-11-02T12:27:11.570+0000] {logging_mixin.py:188} INFO - [2025-11-02T12:27:11.570+0000] {dag.py:3036} INFO - Sync 1 DAGs
[2025-11-02T12:27:11.647+0000] {logging_mixin.py:188} INFO - [2025-11-02T12:27:11.646+0000] {dag.py:3823} INFO - Setting next_dagrun for load_csv_to_postgres to None, run_after=None
[2025-11-02T12:27:11.801+0000] {processor.py:183} INFO - Processing /opt/airflow/dags/dag_csv_to_postgres_dag.py took 0.493 seconds
[2025-11-02T12:27:46.924+0000] {processor.py:161} INFO - Started process (PID=2786) to work on /opt/airflow/dags/dag_csv_to_postgres_dag.py
[2025-11-02T12:27:46.928+0000] {processor.py:830} INFO - Processing file /opt/airflow/dags/dag_csv_to_postgres_dag.py for tasks to queue
[2025-11-02T12:27:46.954+0000] {logging_mixin.py:188} INFO - [2025-11-02T12:27:46.952+0000] {dagbag.py:538} INFO - Filling up the DagBag from /opt/airflow/dags/dag_csv_to_postgres_dag.py
[2025-11-02T12:27:47.128+0000] {processor.py:840} INFO - DAG(s) 'load_csv_to_postgres' retrieved from /opt/airflow/dags/dag_csv_to_postgres_dag.py
[2025-11-02T12:27:47.444+0000] {logging_mixin.py:188} INFO - [2025-11-02T12:27:47.443+0000] {dag.py:3036} INFO - Sync 1 DAGs
[2025-11-02T12:27:47.720+0000] {logging_mixin.py:188} INFO - [2025-11-02T12:27:47.719+0000] {dag.py:3823} INFO - Setting next_dagrun for load_csv_to_postgres to None, run_after=None
[2025-11-02T12:27:48.003+0000] {processor.py:183} INFO - Processing /opt/airflow/dags/dag_csv_to_postgres_dag.py took 1.121 seconds
[2025-11-02T12:28:19.091+0000] {processor.py:161} INFO - Started process (PID=2798) to work on /opt/airflow/dags/dag_csv_to_postgres_dag.py
[2025-11-02T12:28:19.110+0000] {processor.py:830} INFO - Processing file /opt/airflow/dags/dag_csv_to_postgres_dag.py for tasks to queue
[2025-11-02T12:28:19.124+0000] {logging_mixin.py:188} INFO - [2025-11-02T12:28:19.123+0000] {dagbag.py:538} INFO - Filling up the DagBag from /opt/airflow/dags/dag_csv_to_postgres_dag.py
[2025-11-02T12:28:19.249+0000] {processor.py:840} INFO - DAG(s) 'load_csv_to_postgres' retrieved from /opt/airflow/dags/dag_csv_to_postgres_dag.py
[2025-11-02T12:28:19.475+0000] {logging_mixin.py:188} INFO - [2025-11-02T12:28:19.474+0000] {dag.py:3036} INFO - Sync 1 DAGs
[2025-11-02T12:28:19.544+0000] {logging_mixin.py:188} INFO - [2025-11-02T12:28:19.543+0000] {dag.py:3823} INFO - Setting next_dagrun for load_csv_to_postgres to None, run_after=None
[2025-11-02T12:28:19.683+0000] {processor.py:183} INFO - Processing /opt/airflow/dags/dag_csv_to_postgres_dag.py took 0.634 seconds
[2025-11-02T12:28:51.687+0000] {processor.py:161} INFO - Started process (PID=2810) to work on /opt/airflow/dags/dag_csv_to_postgres_dag.py
[2025-11-02T12:28:51.694+0000] {processor.py:830} INFO - Processing file /opt/airflow/dags/dag_csv_to_postgres_dag.py for tasks to queue
[2025-11-02T12:28:51.698+0000] {logging_mixin.py:188} INFO - [2025-11-02T12:28:51.697+0000] {dagbag.py:538} INFO - Filling up the DagBag from /opt/airflow/dags/dag_csv_to_postgres_dag.py
[2025-11-02T12:28:51.758+0000] {processor.py:840} INFO - DAG(s) 'load_csv_to_postgres' retrieved from /opt/airflow/dags/dag_csv_to_postgres_dag.py
[2025-11-02T12:28:51.896+0000] {logging_mixin.py:188} INFO - [2025-11-02T12:28:51.895+0000] {dag.py:3036} INFO - Sync 1 DAGs
[2025-11-02T12:28:51.983+0000] {logging_mixin.py:188} INFO - [2025-11-02T12:28:51.982+0000] {dag.py:3823} INFO - Setting next_dagrun for load_csv_to_postgres to None, run_after=None
[2025-11-02T12:28:52.107+0000] {processor.py:183} INFO - Processing /opt/airflow/dags/dag_csv_to_postgres_dag.py took 0.439 seconds
[2025-11-02T12:29:24.839+0000] {processor.py:161} INFO - Started process (PID=2822) to work on /opt/airflow/dags/dag_csv_to_postgres_dag.py
[2025-11-02T12:29:24.855+0000] {processor.py:830} INFO - Processing file /opt/airflow/dags/dag_csv_to_postgres_dag.py for tasks to queue
[2025-11-02T12:29:24.866+0000] {logging_mixin.py:188} INFO - [2025-11-02T12:29:24.865+0000] {dagbag.py:538} INFO - Filling up the DagBag from /opt/airflow/dags/dag_csv_to_postgres_dag.py
[2025-11-02T12:29:25.052+0000] {processor.py:840} INFO - DAG(s) 'load_csv_to_postgres' retrieved from /opt/airflow/dags/dag_csv_to_postgres_dag.py
[2025-11-02T12:29:25.155+0000] {logging_mixin.py:188} INFO - [2025-11-02T12:29:25.154+0000] {dag.py:3036} INFO - Sync 1 DAGs
[2025-11-02T12:29:25.447+0000] {logging_mixin.py:188} INFO - [2025-11-02T12:29:25.447+0000] {dag.py:3823} INFO - Setting next_dagrun for load_csv_to_postgres to None, run_after=None
[2025-11-02T12:29:25.865+0000] {processor.py:183} INFO - Processing /opt/airflow/dags/dag_csv_to_postgres_dag.py took 1.048 seconds
[2025-11-02T12:29:58.143+0000] {processor.py:161} INFO - Started process (PID=2834) to work on /opt/airflow/dags/dag_csv_to_postgres_dag.py
[2025-11-02T12:29:58.147+0000] {processor.py:830} INFO - Processing file /opt/airflow/dags/dag_csv_to_postgres_dag.py for tasks to queue
[2025-11-02T12:29:58.150+0000] {logging_mixin.py:188} INFO - [2025-11-02T12:29:58.149+0000] {dagbag.py:538} INFO - Filling up the DagBag from /opt/airflow/dags/dag_csv_to_postgres_dag.py
[2025-11-02T12:29:58.204+0000] {processor.py:840} INFO - DAG(s) 'load_csv_to_postgres' retrieved from /opt/airflow/dags/dag_csv_to_postgres_dag.py
[2025-11-02T12:29:58.437+0000] {logging_mixin.py:188} INFO - [2025-11-02T12:29:58.437+0000] {dag.py:3036} INFO - Sync 1 DAGs
[2025-11-02T12:29:58.500+0000] {logging_mixin.py:188} INFO - [2025-11-02T12:29:58.499+0000] {dag.py:3823} INFO - Setting next_dagrun for load_csv_to_postgres to None, run_after=None
[2025-11-02T12:29:58.645+0000] {processor.py:183} INFO - Processing /opt/airflow/dags/dag_csv_to_postgres_dag.py took 0.513 seconds
[2025-11-02T12:30:32.019+0000] {processor.py:161} INFO - Started process (PID=2846) to work on /opt/airflow/dags/dag_csv_to_postgres_dag.py
[2025-11-02T12:30:32.033+0000] {processor.py:830} INFO - Processing file /opt/airflow/dags/dag_csv_to_postgres_dag.py for tasks to queue
[2025-11-02T12:30:32.037+0000] {logging_mixin.py:188} INFO - [2025-11-02T12:30:32.035+0000] {dagbag.py:538} INFO - Filling up the DagBag from /opt/airflow/dags/dag_csv_to_postgres_dag.py
[2025-11-02T12:30:32.155+0000] {processor.py:840} INFO - DAG(s) 'load_csv_to_postgres' retrieved from /opt/airflow/dags/dag_csv_to_postgres_dag.py
[2025-11-02T12:30:32.353+0000] {logging_mixin.py:188} INFO - [2025-11-02T12:30:32.350+0000] {dag.py:3036} INFO - Sync 1 DAGs
[2025-11-02T12:30:32.457+0000] {logging_mixin.py:188} INFO - [2025-11-02T12:30:32.456+0000] {dag.py:3823} INFO - Setting next_dagrun for load_csv_to_postgres to None, run_after=None
[2025-11-02T12:30:32.567+0000] {processor.py:183} INFO - Processing /opt/airflow/dags/dag_csv_to_postgres_dag.py took 0.593 seconds
[2025-11-02T12:31:04.831+0000] {processor.py:161} INFO - Started process (PID=2858) to work on /opt/airflow/dags/dag_csv_to_postgres_dag.py
[2025-11-02T12:31:04.834+0000] {processor.py:830} INFO - Processing file /opt/airflow/dags/dag_csv_to_postgres_dag.py for tasks to queue
[2025-11-02T12:31:04.836+0000] {logging_mixin.py:188} INFO - [2025-11-02T12:31:04.836+0000] {dagbag.py:538} INFO - Filling up the DagBag from /opt/airflow/dags/dag_csv_to_postgres_dag.py
[2025-11-02T12:31:04.876+0000] {processor.py:840} INFO - DAG(s) 'load_csv_to_postgres' retrieved from /opt/airflow/dags/dag_csv_to_postgres_dag.py
[2025-11-02T12:31:04.965+0000] {logging_mixin.py:188} INFO - [2025-11-02T12:31:04.964+0000] {dag.py:3036} INFO - Sync 1 DAGs
[2025-11-02T12:31:05.010+0000] {logging_mixin.py:188} INFO - [2025-11-02T12:31:05.009+0000] {dag.py:3823} INFO - Setting next_dagrun for load_csv_to_postgres to None, run_after=None
[2025-11-02T12:31:05.085+0000] {processor.py:183} INFO - Processing /opt/airflow/dags/dag_csv_to_postgres_dag.py took 0.265 seconds
[2025-11-02T12:31:36.348+0000] {processor.py:161} INFO - Started process (PID=2870) to work on /opt/airflow/dags/dag_csv_to_postgres_dag.py
[2025-11-02T12:31:36.351+0000] {processor.py:830} INFO - Processing file /opt/airflow/dags/dag_csv_to_postgres_dag.py for tasks to queue
[2025-11-02T12:31:36.357+0000] {logging_mixin.py:188} INFO - [2025-11-02T12:31:36.356+0000] {dagbag.py:538} INFO - Filling up the DagBag from /opt/airflow/dags/dag_csv_to_postgres_dag.py
[2025-11-02T12:31:36.409+0000] {processor.py:840} INFO - DAG(s) 'load_csv_to_postgres' retrieved from /opt/airflow/dags/dag_csv_to_postgres_dag.py
[2025-11-02T12:31:36.525+0000] {logging_mixin.py:188} INFO - [2025-11-02T12:31:36.524+0000] {dag.py:3036} INFO - Sync 1 DAGs
[2025-11-02T12:31:36.597+0000] {logging_mixin.py:188} INFO - [2025-11-02T12:31:36.597+0000] {dag.py:3823} INFO - Setting next_dagrun for load_csv_to_postgres to None, run_after=None
[2025-11-02T12:31:36.700+0000] {processor.py:183} INFO - Processing /opt/airflow/dags/dag_csv_to_postgres_dag.py took 0.367 seconds
[2025-11-02T12:32:07.294+0000] {processor.py:161} INFO - Started process (PID=2882) to work on /opt/airflow/dags/dag_csv_to_postgres_dag.py
[2025-11-02T12:32:07.298+0000] {processor.py:830} INFO - Processing file /opt/airflow/dags/dag_csv_to_postgres_dag.py for tasks to queue
[2025-11-02T12:32:07.302+0000] {logging_mixin.py:188} INFO - [2025-11-02T12:32:07.301+0000] {dagbag.py:538} INFO - Filling up the DagBag from /opt/airflow/dags/dag_csv_to_postgres_dag.py
[2025-11-02T12:32:07.479+0000] {processor.py:840} INFO - DAG(s) 'load_csv_to_postgres' retrieved from /opt/airflow/dags/dag_csv_to_postgres_dag.py
[2025-11-02T12:32:07.694+0000] {logging_mixin.py:188} INFO - [2025-11-02T12:32:07.693+0000] {dag.py:3036} INFO - Sync 1 DAGs
[2025-11-02T12:32:07.786+0000] {logging_mixin.py:188} INFO - [2025-11-02T12:32:07.785+0000] {dag.py:3823} INFO - Setting next_dagrun for load_csv_to_postgres to None, run_after=None
[2025-11-02T12:32:07.863+0000] {processor.py:183} INFO - Processing /opt/airflow/dags/dag_csv_to_postgres_dag.py took 0.594 seconds
[2025-11-02T12:32:38.926+0000] {processor.py:161} INFO - Started process (PID=2894) to work on /opt/airflow/dags/dag_csv_to_postgres_dag.py
[2025-11-02T12:32:38.931+0000] {processor.py:830} INFO - Processing file /opt/airflow/dags/dag_csv_to_postgres_dag.py for tasks to queue
[2025-11-02T12:32:38.935+0000] {logging_mixin.py:188} INFO - [2025-11-02T12:32:38.934+0000] {dagbag.py:538} INFO - Filling up the DagBag from /opt/airflow/dags/dag_csv_to_postgres_dag.py
[2025-11-02T12:32:39.012+0000] {processor.py:840} INFO - DAG(s) 'load_csv_to_postgres' retrieved from /opt/airflow/dags/dag_csv_to_postgres_dag.py
[2025-11-02T12:32:39.162+0000] {logging_mixin.py:188} INFO - [2025-11-02T12:32:39.161+0000] {dag.py:3036} INFO - Sync 1 DAGs
[2025-11-02T12:32:39.224+0000] {logging_mixin.py:188} INFO - [2025-11-02T12:32:39.220+0000] {dag.py:3823} INFO - Setting next_dagrun for load_csv_to_postgres to None, run_after=None
[2025-11-02T12:32:39.326+0000] {processor.py:183} INFO - Processing /opt/airflow/dags/dag_csv_to_postgres_dag.py took 0.425 seconds
[2025-11-02T12:33:09.652+0000] {processor.py:161} INFO - Started process (PID=2906) to work on /opt/airflow/dags/dag_csv_to_postgres_dag.py
[2025-11-02T12:33:09.656+0000] {processor.py:830} INFO - Processing file /opt/airflow/dags/dag_csv_to_postgres_dag.py for tasks to queue
[2025-11-02T12:33:09.660+0000] {logging_mixin.py:188} INFO - [2025-11-02T12:33:09.659+0000] {dagbag.py:538} INFO - Filling up the DagBag from /opt/airflow/dags/dag_csv_to_postgres_dag.py
[2025-11-02T12:33:09.733+0000] {processor.py:840} INFO - DAG(s) 'load_csv_to_postgres' retrieved from /opt/airflow/dags/dag_csv_to_postgres_dag.py
[2025-11-02T12:33:09.892+0000] {logging_mixin.py:188} INFO - [2025-11-02T12:33:09.891+0000] {dag.py:3036} INFO - Sync 1 DAGs
[2025-11-02T12:33:09.949+0000] {logging_mixin.py:188} INFO - [2025-11-02T12:33:09.948+0000] {dag.py:3823} INFO - Setting next_dagrun for load_csv_to_postgres to None, run_after=None
[2025-11-02T12:33:10.040+0000] {processor.py:183} INFO - Processing /opt/airflow/dags/dag_csv_to_postgres_dag.py took 0.403 seconds
[2025-11-02T12:33:40.427+0000] {processor.py:161} INFO - Started process (PID=2912) to work on /opt/airflow/dags/dag_csv_to_postgres_dag.py
[2025-11-02T12:33:40.430+0000] {processor.py:830} INFO - Processing file /opt/airflow/dags/dag_csv_to_postgres_dag.py for tasks to queue
[2025-11-02T12:33:40.433+0000] {logging_mixin.py:188} INFO - [2025-11-02T12:33:40.432+0000] {dagbag.py:538} INFO - Filling up the DagBag from /opt/airflow/dags/dag_csv_to_postgres_dag.py
[2025-11-02T12:33:40.503+0000] {processor.py:840} INFO - DAG(s) 'load_csv_to_postgres' retrieved from /opt/airflow/dags/dag_csv_to_postgres_dag.py
[2025-11-02T12:33:40.651+0000] {logging_mixin.py:188} INFO - [2025-11-02T12:33:40.642+0000] {dag.py:3036} INFO - Sync 1 DAGs
[2025-11-02T12:33:40.711+0000] {logging_mixin.py:188} INFO - [2025-11-02T12:33:40.711+0000] {dag.py:3823} INFO - Setting next_dagrun for load_csv_to_postgres to None, run_after=None
[2025-11-02T12:33:40.773+0000] {processor.py:183} INFO - Processing /opt/airflow/dags/dag_csv_to_postgres_dag.py took 0.366 seconds
[2025-11-02T12:34:11.334+0000] {processor.py:161} INFO - Started process (PID=2924) to work on /opt/airflow/dags/dag_csv_to_postgres_dag.py
[2025-11-02T12:34:11.336+0000] {processor.py:830} INFO - Processing file /opt/airflow/dags/dag_csv_to_postgres_dag.py for tasks to queue
[2025-11-02T12:34:11.338+0000] {logging_mixin.py:188} INFO - [2025-11-02T12:34:11.338+0000] {dagbag.py:538} INFO - Filling up the DagBag from /opt/airflow/dags/dag_csv_to_postgres_dag.py
[2025-11-02T12:34:11.367+0000] {processor.py:840} INFO - DAG(s) 'load_csv_to_postgres' retrieved from /opt/airflow/dags/dag_csv_to_postgres_dag.py
[2025-11-02T12:34:11.417+0000] {logging_mixin.py:188} INFO - [2025-11-02T12:34:11.416+0000] {dag.py:3036} INFO - Sync 1 DAGs
[2025-11-02T12:34:11.435+0000] {logging_mixin.py:188} INFO - [2025-11-02T12:34:11.434+0000] {dag.py:3823} INFO - Setting next_dagrun for load_csv_to_postgres to None, run_after=None
[2025-11-02T12:34:11.466+0000] {processor.py:183} INFO - Processing /opt/airflow/dags/dag_csv_to_postgres_dag.py took 0.139 seconds
[2025-11-02T12:34:41.766+0000] {processor.py:161} INFO - Started process (PID=2936) to work on /opt/airflow/dags/dag_csv_to_postgres_dag.py
[2025-11-02T12:34:41.768+0000] {processor.py:830} INFO - Processing file /opt/airflow/dags/dag_csv_to_postgres_dag.py for tasks to queue
[2025-11-02T12:34:41.770+0000] {logging_mixin.py:188} INFO - [2025-11-02T12:34:41.769+0000] {dagbag.py:538} INFO - Filling up the DagBag from /opt/airflow/dags/dag_csv_to_postgres_dag.py
[2025-11-02T12:34:41.795+0000] {processor.py:840} INFO - DAG(s) 'load_csv_to_postgres' retrieved from /opt/airflow/dags/dag_csv_to_postgres_dag.py
[2025-11-02T12:34:41.847+0000] {logging_mixin.py:188} INFO - [2025-11-02T12:34:41.847+0000] {dag.py:3036} INFO - Sync 1 DAGs
[2025-11-02T12:34:41.870+0000] {logging_mixin.py:188} INFO - [2025-11-02T12:34:41.870+0000] {dag.py:3823} INFO - Setting next_dagrun for load_csv_to_postgres to None, run_after=None
[2025-11-02T12:34:41.906+0000] {processor.py:183} INFO - Processing /opt/airflow/dags/dag_csv_to_postgres_dag.py took 0.147 seconds
[2025-11-02T12:35:12.162+0000] {processor.py:161} INFO - Started process (PID=2948) to work on /opt/airflow/dags/dag_csv_to_postgres_dag.py
[2025-11-02T12:35:12.164+0000] {processor.py:830} INFO - Processing file /opt/airflow/dags/dag_csv_to_postgres_dag.py for tasks to queue
[2025-11-02T12:35:12.166+0000] {logging_mixin.py:188} INFO - [2025-11-02T12:35:12.165+0000] {dagbag.py:538} INFO - Filling up the DagBag from /opt/airflow/dags/dag_csv_to_postgres_dag.py
[2025-11-02T12:35:12.194+0000] {processor.py:840} INFO - DAG(s) 'load_csv_to_postgres' retrieved from /opt/airflow/dags/dag_csv_to_postgres_dag.py
[2025-11-02T12:35:12.237+0000] {logging_mixin.py:188} INFO - [2025-11-02T12:35:12.237+0000] {dag.py:3036} INFO - Sync 1 DAGs
[2025-11-02T12:35:12.255+0000] {logging_mixin.py:188} INFO - [2025-11-02T12:35:12.254+0000] {dag.py:3823} INFO - Setting next_dagrun for load_csv_to_postgres to None, run_after=None
[2025-11-02T12:35:12.308+0000] {processor.py:183} INFO - Processing /opt/airflow/dags/dag_csv_to_postgres_dag.py took 0.153 seconds
[2025-11-02T12:35:42.489+0000] {processor.py:161} INFO - Started process (PID=2960) to work on /opt/airflow/dags/dag_csv_to_postgres_dag.py
[2025-11-02T12:35:42.491+0000] {processor.py:830} INFO - Processing file /opt/airflow/dags/dag_csv_to_postgres_dag.py for tasks to queue
[2025-11-02T12:35:42.493+0000] {logging_mixin.py:188} INFO - [2025-11-02T12:35:42.492+0000] {dagbag.py:538} INFO - Filling up the DagBag from /opt/airflow/dags/dag_csv_to_postgres_dag.py
[2025-11-02T12:35:42.536+0000] {processor.py:840} INFO - DAG(s) 'load_csv_to_postgres' retrieved from /opt/airflow/dags/dag_csv_to_postgres_dag.py
[2025-11-02T12:35:42.582+0000] {logging_mixin.py:188} INFO - [2025-11-02T12:35:42.582+0000] {dag.py:3036} INFO - Sync 1 DAGs
[2025-11-02T12:35:42.604+0000] {logging_mixin.py:188} INFO - [2025-11-02T12:35:42.604+0000] {dag.py:3823} INFO - Setting next_dagrun for load_csv_to_postgres to None, run_after=None
[2025-11-02T12:35:42.650+0000] {processor.py:183} INFO - Processing /opt/airflow/dags/dag_csv_to_postgres_dag.py took 0.167 seconds
[2025-11-02T12:36:12.823+0000] {processor.py:161} INFO - Started process (PID=2972) to work on /opt/airflow/dags/dag_csv_to_postgres_dag.py
[2025-11-02T12:36:12.825+0000] {processor.py:830} INFO - Processing file /opt/airflow/dags/dag_csv_to_postgres_dag.py for tasks to queue
[2025-11-02T12:36:12.826+0000] {logging_mixin.py:188} INFO - [2025-11-02T12:36:12.826+0000] {dagbag.py:538} INFO - Filling up the DagBag from /opt/airflow/dags/dag_csv_to_postgres_dag.py
[2025-11-02T12:36:12.854+0000] {processor.py:840} INFO - DAG(s) 'load_csv_to_postgres' retrieved from /opt/airflow/dags/dag_csv_to_postgres_dag.py
[2025-11-02T12:36:12.895+0000] {logging_mixin.py:188} INFO - [2025-11-02T12:36:12.895+0000] {dag.py:3036} INFO - Sync 1 DAGs
[2025-11-02T12:36:12.912+0000] {logging_mixin.py:188} INFO - [2025-11-02T12:36:12.912+0000] {dag.py:3823} INFO - Setting next_dagrun for load_csv_to_postgres to None, run_after=None
[2025-11-02T12:36:12.947+0000] {processor.py:183} INFO - Processing /opt/airflow/dags/dag_csv_to_postgres_dag.py took 0.131 seconds
[2025-11-02T12:36:43.279+0000] {processor.py:161} INFO - Started process (PID=2985) to work on /opt/airflow/dags/dag_csv_to_postgres_dag.py
[2025-11-02T12:36:43.281+0000] {processor.py:830} INFO - Processing file /opt/airflow/dags/dag_csv_to_postgres_dag.py for tasks to queue
[2025-11-02T12:36:43.283+0000] {logging_mixin.py:188} INFO - [2025-11-02T12:36:43.282+0000] {dagbag.py:538} INFO - Filling up the DagBag from /opt/airflow/dags/dag_csv_to_postgres_dag.py
[2025-11-02T12:36:43.314+0000] {processor.py:840} INFO - DAG(s) 'load_csv_to_postgres' retrieved from /opt/airflow/dags/dag_csv_to_postgres_dag.py
[2025-11-02T12:36:43.375+0000] {logging_mixin.py:188} INFO - [2025-11-02T12:36:43.374+0000] {dag.py:3036} INFO - Sync 1 DAGs
[2025-11-02T12:36:43.403+0000] {logging_mixin.py:188} INFO - [2025-11-02T12:36:43.402+0000] {dag.py:3823} INFO - Setting next_dagrun for load_csv_to_postgres to None, run_after=None
[2025-11-02T12:36:43.443+0000] {processor.py:183} INFO - Processing /opt/airflow/dags/dag_csv_to_postgres_dag.py took 0.177 seconds
[2025-11-02T12:37:13.553+0000] {processor.py:161} INFO - Started process (PID=2997) to work on /opt/airflow/dags/dag_csv_to_postgres_dag.py
[2025-11-02T12:37:13.555+0000] {processor.py:830} INFO - Processing file /opt/airflow/dags/dag_csv_to_postgres_dag.py for tasks to queue
[2025-11-02T12:37:13.561+0000] {logging_mixin.py:188} INFO - [2025-11-02T12:37:13.559+0000] {dagbag.py:538} INFO - Filling up the DagBag from /opt/airflow/dags/dag_csv_to_postgres_dag.py
[2025-11-02T12:37:13.595+0000] {processor.py:840} INFO - DAG(s) 'load_csv_to_postgres' retrieved from /opt/airflow/dags/dag_csv_to_postgres_dag.py
[2025-11-02T12:37:13.649+0000] {logging_mixin.py:188} INFO - [2025-11-02T12:37:13.648+0000] {dag.py:3036} INFO - Sync 1 DAGs
[2025-11-02T12:37:13.690+0000] {logging_mixin.py:188} INFO - [2025-11-02T12:37:13.689+0000] {dag.py:3823} INFO - Setting next_dagrun for load_csv_to_postgres to None, run_after=None
[2025-11-02T12:37:13.732+0000] {processor.py:183} INFO - Processing /opt/airflow/dags/dag_csv_to_postgres_dag.py took 0.188 seconds
[2025-11-02T12:37:44.332+0000] {processor.py:161} INFO - Started process (PID=3009) to work on /opt/airflow/dags/dag_csv_to_postgres_dag.py
[2025-11-02T12:37:44.335+0000] {processor.py:830} INFO - Processing file /opt/airflow/dags/dag_csv_to_postgres_dag.py for tasks to queue
[2025-11-02T12:37:44.338+0000] {logging_mixin.py:188} INFO - [2025-11-02T12:37:44.338+0000] {dagbag.py:538} INFO - Filling up the DagBag from /opt/airflow/dags/dag_csv_to_postgres_dag.py
[2025-11-02T12:37:44.367+0000] {processor.py:840} INFO - DAG(s) 'load_csv_to_postgres' retrieved from /opt/airflow/dags/dag_csv_to_postgres_dag.py
[2025-11-02T12:37:44.427+0000] {logging_mixin.py:188} INFO - [2025-11-02T12:37:44.426+0000] {dag.py:3036} INFO - Sync 1 DAGs
[2025-11-02T12:37:44.450+0000] {logging_mixin.py:188} INFO - [2025-11-02T12:37:44.449+0000] {dag.py:3823} INFO - Setting next_dagrun for load_csv_to_postgres to None, run_after=None
[2025-11-02T12:37:44.492+0000] {processor.py:183} INFO - Processing /opt/airflow/dags/dag_csv_to_postgres_dag.py took 0.169 seconds
[2025-11-02T12:38:18.078+0000] {processor.py:161} INFO - Started process (PID=3020) to work on /opt/airflow/dags/dag_csv_to_postgres_dag.py
[2025-11-02T12:38:18.080+0000] {processor.py:830} INFO - Processing file /opt/airflow/dags/dag_csv_to_postgres_dag.py for tasks to queue
[2025-11-02T12:38:18.081+0000] {logging_mixin.py:188} INFO - [2025-11-02T12:38:18.081+0000] {dagbag.py:538} INFO - Filling up the DagBag from /opt/airflow/dags/dag_csv_to_postgres_dag.py
[2025-11-02T12:38:18.113+0000] {processor.py:840} INFO - DAG(s) 'load_csv_to_postgres' retrieved from /opt/airflow/dags/dag_csv_to_postgres_dag.py
[2025-11-02T12:38:18.162+0000] {logging_mixin.py:188} INFO - [2025-11-02T12:38:18.161+0000] {dag.py:3036} INFO - Sync 1 DAGs
[2025-11-02T12:38:18.186+0000] {logging_mixin.py:188} INFO - [2025-11-02T12:38:18.186+0000] {dag.py:3823} INFO - Setting next_dagrun for load_csv_to_postgres to None, run_after=None
[2025-11-02T12:38:18.386+0000] {processor.py:183} INFO - Processing /opt/airflow/dags/dag_csv_to_postgres_dag.py took 0.315 seconds
[2025-11-02T12:38:51.544+0000] {processor.py:161} INFO - Started process (PID=3032) to work on /opt/airflow/dags/dag_csv_to_postgres_dag.py
[2025-11-02T12:38:51.545+0000] {processor.py:830} INFO - Processing file /opt/airflow/dags/dag_csv_to_postgres_dag.py for tasks to queue
[2025-11-02T12:38:51.547+0000] {logging_mixin.py:188} INFO - [2025-11-02T12:38:51.546+0000] {dagbag.py:538} INFO - Filling up the DagBag from /opt/airflow/dags/dag_csv_to_postgres_dag.py
[2025-11-02T12:38:51.575+0000] {processor.py:840} INFO - DAG(s) 'load_csv_to_postgres' retrieved from /opt/airflow/dags/dag_csv_to_postgres_dag.py
[2025-11-02T12:38:51.614+0000] {logging_mixin.py:188} INFO - [2025-11-02T12:38:51.614+0000] {dag.py:3036} INFO - Sync 1 DAGs
[2025-11-02T12:38:51.632+0000] {logging_mixin.py:188} INFO - [2025-11-02T12:38:51.631+0000] {dag.py:3823} INFO - Setting next_dagrun for load_csv_to_postgres to None, run_after=None
[2025-11-02T12:38:51.932+0000] {processor.py:183} INFO - Processing /opt/airflow/dags/dag_csv_to_postgres_dag.py took 0.396 seconds
[2025-11-02T12:39:23.988+0000] {processor.py:161} INFO - Started process (PID=3044) to work on /opt/airflow/dags/dag_csv_to_postgres_dag.py
[2025-11-02T12:39:23.990+0000] {processor.py:830} INFO - Processing file /opt/airflow/dags/dag_csv_to_postgres_dag.py for tasks to queue
[2025-11-02T12:39:23.992+0000] {logging_mixin.py:188} INFO - [2025-11-02T12:39:23.991+0000] {dagbag.py:538} INFO - Filling up the DagBag from /opt/airflow/dags/dag_csv_to_postgres_dag.py
[2025-11-02T12:39:24.020+0000] {processor.py:840} INFO - DAG(s) 'load_csv_to_postgres' retrieved from /opt/airflow/dags/dag_csv_to_postgres_dag.py
[2025-11-02T12:39:24.065+0000] {logging_mixin.py:188} INFO - [2025-11-02T12:39:24.065+0000] {dag.py:3036} INFO - Sync 1 DAGs
[2025-11-02T12:39:24.083+0000] {logging_mixin.py:188} INFO - [2025-11-02T12:39:24.082+0000] {dag.py:3823} INFO - Setting next_dagrun for load_csv_to_postgres to None, run_after=None
[2025-11-02T12:39:24.117+0000] {processor.py:183} INFO - Processing /opt/airflow/dags/dag_csv_to_postgres_dag.py took 0.137 seconds
[2025-11-02T12:39:57.292+0000] {processor.py:161} INFO - Started process (PID=3056) to work on /opt/airflow/dags/dag_csv_to_postgres_dag.py
[2025-11-02T12:39:57.294+0000] {processor.py:830} INFO - Processing file /opt/airflow/dags/dag_csv_to_postgres_dag.py for tasks to queue
[2025-11-02T12:39:57.296+0000] {logging_mixin.py:188} INFO - [2025-11-02T12:39:57.296+0000] {dagbag.py:538} INFO - Filling up the DagBag from /opt/airflow/dags/dag_csv_to_postgres_dag.py
[2025-11-02T12:39:57.327+0000] {processor.py:840} INFO - DAG(s) 'load_csv_to_postgres' retrieved from /opt/airflow/dags/dag_csv_to_postgres_dag.py
[2025-11-02T12:39:57.379+0000] {logging_mixin.py:188} INFO - [2025-11-02T12:39:57.379+0000] {dag.py:3036} INFO - Sync 1 DAGs
[2025-11-02T12:39:57.425+0000] {logging_mixin.py:188} INFO - [2025-11-02T12:39:57.425+0000] {dag.py:3823} INFO - Setting next_dagrun for load_csv_to_postgres to None, run_after=None
[2025-11-02T12:39:57.461+0000] {processor.py:183} INFO - Processing /opt/airflow/dags/dag_csv_to_postgres_dag.py took 0.186 seconds
[2025-11-02T12:40:31.339+0000] {processor.py:161} INFO - Started process (PID=3068) to work on /opt/airflow/dags/dag_csv_to_postgres_dag.py
[2025-11-02T12:40:31.342+0000] {processor.py:830} INFO - Processing file /opt/airflow/dags/dag_csv_to_postgres_dag.py for tasks to queue
[2025-11-02T12:40:31.344+0000] {logging_mixin.py:188} INFO - [2025-11-02T12:40:31.343+0000] {dagbag.py:538} INFO - Filling up the DagBag from /opt/airflow/dags/dag_csv_to_postgres_dag.py
[2025-11-02T12:40:31.380+0000] {processor.py:840} INFO - DAG(s) 'load_csv_to_postgres' retrieved from /opt/airflow/dags/dag_csv_to_postgres_dag.py
[2025-11-02T12:40:31.434+0000] {logging_mixin.py:188} INFO - [2025-11-02T12:40:31.434+0000] {dag.py:3036} INFO - Sync 1 DAGs
[2025-11-02T12:40:31.452+0000] {logging_mixin.py:188} INFO - [2025-11-02T12:40:31.452+0000] {dag.py:3823} INFO - Setting next_dagrun for load_csv_to_postgres to None, run_after=None
[2025-11-02T12:40:31.497+0000] {processor.py:183} INFO - Processing /opt/airflow/dags/dag_csv_to_postgres_dag.py took 0.166 seconds
[2025-11-02T12:41:04.290+0000] {processor.py:161} INFO - Started process (PID=3080) to work on /opt/airflow/dags/dag_csv_to_postgres_dag.py
[2025-11-02T12:41:04.293+0000] {processor.py:830} INFO - Processing file /opt/airflow/dags/dag_csv_to_postgres_dag.py for tasks to queue
[2025-11-02T12:41:04.295+0000] {logging_mixin.py:188} INFO - [2025-11-02T12:41:04.295+0000] {dagbag.py:538} INFO - Filling up the DagBag from /opt/airflow/dags/dag_csv_to_postgres_dag.py
[2025-11-02T12:41:04.327+0000] {processor.py:840} INFO - DAG(s) 'load_csv_to_postgres' retrieved from /opt/airflow/dags/dag_csv_to_postgres_dag.py
[2025-11-02T12:41:04.370+0000] {logging_mixin.py:188} INFO - [2025-11-02T12:41:04.370+0000] {dag.py:3036} INFO - Sync 1 DAGs
[2025-11-02T12:41:04.388+0000] {logging_mixin.py:188} INFO - [2025-11-02T12:41:04.388+0000] {dag.py:3823} INFO - Setting next_dagrun for load_csv_to_postgres to None, run_after=None
[2025-11-02T12:41:04.422+0000] {processor.py:183} INFO - Processing /opt/airflow/dags/dag_csv_to_postgres_dag.py took 0.139 seconds
[2025-11-02T12:41:37.769+0000] {processor.py:161} INFO - Started process (PID=3092) to work on /opt/airflow/dags/dag_csv_to_postgres_dag.py
[2025-11-02T12:41:37.770+0000] {processor.py:830} INFO - Processing file /opt/airflow/dags/dag_csv_to_postgres_dag.py for tasks to queue
[2025-11-02T12:41:37.772+0000] {logging_mixin.py:188} INFO - [2025-11-02T12:41:37.771+0000] {dagbag.py:538} INFO - Filling up the DagBag from /opt/airflow/dags/dag_csv_to_postgres_dag.py
[2025-11-02T12:41:37.801+0000] {processor.py:840} INFO - DAG(s) 'load_csv_to_postgres' retrieved from /opt/airflow/dags/dag_csv_to_postgres_dag.py
[2025-11-02T12:41:37.864+0000] {logging_mixin.py:188} INFO - [2025-11-02T12:41:37.864+0000] {dag.py:3036} INFO - Sync 1 DAGs
[2025-11-02T12:41:37.888+0000] {logging_mixin.py:188} INFO - [2025-11-02T12:41:37.888+0000] {dag.py:3823} INFO - Setting next_dagrun for load_csv_to_postgres to None, run_after=None
[2025-11-02T12:41:37.926+0000] {processor.py:183} INFO - Processing /opt/airflow/dags/dag_csv_to_postgres_dag.py took 0.163 seconds
[2025-11-02T12:42:11.278+0000] {processor.py:161} INFO - Started process (PID=3104) to work on /opt/airflow/dags/dag_csv_to_postgres_dag.py
[2025-11-02T12:42:11.280+0000] {processor.py:830} INFO - Processing file /opt/airflow/dags/dag_csv_to_postgres_dag.py for tasks to queue
[2025-11-02T12:42:11.286+0000] {logging_mixin.py:188} INFO - [2025-11-02T12:42:11.285+0000] {dagbag.py:538} INFO - Filling up the DagBag from /opt/airflow/dags/dag_csv_to_postgres_dag.py
[2025-11-02T12:42:11.310+0000] {processor.py:840} INFO - DAG(s) 'load_csv_to_postgres' retrieved from /opt/airflow/dags/dag_csv_to_postgres_dag.py
[2025-11-02T12:42:11.364+0000] {logging_mixin.py:188} INFO - [2025-11-02T12:42:11.364+0000] {dag.py:3036} INFO - Sync 1 DAGs
[2025-11-02T12:42:11.390+0000] {logging_mixin.py:188} INFO - [2025-11-02T12:42:11.389+0000] {dag.py:3823} INFO - Setting next_dagrun for load_csv_to_postgres to None, run_after=None
[2025-11-02T12:42:11.444+0000] {processor.py:183} INFO - Processing /opt/airflow/dags/dag_csv_to_postgres_dag.py took 0.173 seconds
[2025-11-02T12:42:44.468+0000] {processor.py:161} INFO - Started process (PID=3116) to work on /opt/airflow/dags/dag_csv_to_postgres_dag.py
[2025-11-02T12:42:44.470+0000] {processor.py:830} INFO - Processing file /opt/airflow/dags/dag_csv_to_postgres_dag.py for tasks to queue
[2025-11-02T12:42:44.472+0000] {logging_mixin.py:188} INFO - [2025-11-02T12:42:44.471+0000] {dagbag.py:538} INFO - Filling up the DagBag from /opt/airflow/dags/dag_csv_to_postgres_dag.py
[2025-11-02T12:42:44.499+0000] {processor.py:840} INFO - DAG(s) 'load_csv_to_postgres' retrieved from /opt/airflow/dags/dag_csv_to_postgres_dag.py
[2025-11-02T12:42:44.539+0000] {logging_mixin.py:188} INFO - [2025-11-02T12:42:44.538+0000] {dag.py:3036} INFO - Sync 1 DAGs
[2025-11-02T12:42:44.558+0000] {logging_mixin.py:188} INFO - [2025-11-02T12:42:44.557+0000] {dag.py:3823} INFO - Setting next_dagrun for load_csv_to_postgres to None, run_after=None
[2025-11-02T12:42:44.590+0000] {processor.py:183} INFO - Processing /opt/airflow/dags/dag_csv_to_postgres_dag.py took 0.130 seconds
[2025-11-02T12:43:17.333+0000] {processor.py:161} INFO - Started process (PID=3128) to work on /opt/airflow/dags/dag_csv_to_postgres_dag.py
[2025-11-02T12:43:17.336+0000] {processor.py:830} INFO - Processing file /opt/airflow/dags/dag_csv_to_postgres_dag.py for tasks to queue
[2025-11-02T12:43:17.338+0000] {logging_mixin.py:188} INFO - [2025-11-02T12:43:17.337+0000] {dagbag.py:538} INFO - Filling up the DagBag from /opt/airflow/dags/dag_csv_to_postgres_dag.py
[2025-11-02T12:43:17.396+0000] {processor.py:840} INFO - DAG(s) 'load_csv_to_postgres' retrieved from /opt/airflow/dags/dag_csv_to_postgres_dag.py
[2025-11-02T12:43:17.469+0000] {logging_mixin.py:188} INFO - [2025-11-02T12:43:17.468+0000] {dag.py:3036} INFO - Sync 1 DAGs
[2025-11-02T12:43:17.497+0000] {logging_mixin.py:188} INFO - [2025-11-02T12:43:17.497+0000] {dag.py:3823} INFO - Setting next_dagrun for load_csv_to_postgres to None, run_after=None
[2025-11-02T12:43:17.533+0000] {processor.py:183} INFO - Processing /opt/airflow/dags/dag_csv_to_postgres_dag.py took 0.212 seconds
[2025-11-02T12:43:50.682+0000] {processor.py:161} INFO - Started process (PID=3140) to work on /opt/airflow/dags/dag_csv_to_postgres_dag.py
[2025-11-02T12:43:50.684+0000] {processor.py:830} INFO - Processing file /opt/airflow/dags/dag_csv_to_postgres_dag.py for tasks to queue
[2025-11-02T12:43:50.686+0000] {logging_mixin.py:188} INFO - [2025-11-02T12:43:50.686+0000] {dagbag.py:538} INFO - Filling up the DagBag from /opt/airflow/dags/dag_csv_to_postgres_dag.py
[2025-11-02T12:43:50.723+0000] {processor.py:840} INFO - DAG(s) 'load_csv_to_postgres' retrieved from /opt/airflow/dags/dag_csv_to_postgres_dag.py
[2025-11-02T12:43:50.776+0000] {logging_mixin.py:188} INFO - [2025-11-02T12:43:50.775+0000] {dag.py:3036} INFO - Sync 1 DAGs
[2025-11-02T12:43:50.806+0000] {logging_mixin.py:188} INFO - [2025-11-02T12:43:50.805+0000] {dag.py:3823} INFO - Setting next_dagrun for load_csv_to_postgres to None, run_after=None
[2025-11-02T12:43:50.845+0000] {processor.py:183} INFO - Processing /opt/airflow/dags/dag_csv_to_postgres_dag.py took 0.171 seconds
[2025-11-02T12:44:24.149+0000] {processor.py:161} INFO - Started process (PID=3152) to work on /opt/airflow/dags/dag_csv_to_postgres_dag.py
[2025-11-02T12:44:24.152+0000] {processor.py:830} INFO - Processing file /opt/airflow/dags/dag_csv_to_postgres_dag.py for tasks to queue
[2025-11-02T12:44:24.153+0000] {logging_mixin.py:188} INFO - [2025-11-02T12:44:24.153+0000] {dagbag.py:538} INFO - Filling up the DagBag from /opt/airflow/dags/dag_csv_to_postgres_dag.py
[2025-11-02T12:44:24.211+0000] {processor.py:840} INFO - DAG(s) 'load_csv_to_postgres' retrieved from /opt/airflow/dags/dag_csv_to_postgres_dag.py
[2025-11-02T12:44:24.279+0000] {logging_mixin.py:188} INFO - [2025-11-02T12:44:24.278+0000] {dag.py:3036} INFO - Sync 1 DAGs
[2025-11-02T12:44:24.303+0000] {logging_mixin.py:188} INFO - [2025-11-02T12:44:24.303+0000] {dag.py:3823} INFO - Setting next_dagrun for load_csv_to_postgres to None, run_after=None
[2025-11-02T12:44:24.340+0000] {processor.py:183} INFO - Processing /opt/airflow/dags/dag_csv_to_postgres_dag.py took 0.198 seconds
[2025-11-02T12:44:57.921+0000] {processor.py:161} INFO - Started process (PID=3164) to work on /opt/airflow/dags/dag_csv_to_postgres_dag.py
[2025-11-02T12:44:57.925+0000] {processor.py:830} INFO - Processing file /opt/airflow/dags/dag_csv_to_postgres_dag.py for tasks to queue
[2025-11-02T12:44:57.930+0000] {logging_mixin.py:188} INFO - [2025-11-02T12:44:57.929+0000] {dagbag.py:538} INFO - Filling up the DagBag from /opt/airflow/dags/dag_csv_to_postgres_dag.py
[2025-11-02T12:44:57.976+0000] {processor.py:840} INFO - DAG(s) 'load_csv_to_postgres' retrieved from /opt/airflow/dags/dag_csv_to_postgres_dag.py
[2025-11-02T12:44:58.035+0000] {logging_mixin.py:188} INFO - [2025-11-02T12:44:58.035+0000] {dag.py:3036} INFO - Sync 1 DAGs
[2025-11-02T12:44:58.062+0000] {logging_mixin.py:188} INFO - [2025-11-02T12:44:58.062+0000] {dag.py:3823} INFO - Setting next_dagrun for load_csv_to_postgres to None, run_after=None
[2025-11-02T12:44:58.275+0000] {processor.py:183} INFO - Processing /opt/airflow/dags/dag_csv_to_postgres_dag.py took 0.369 seconds
[2025-11-02T12:45:31.707+0000] {processor.py:161} INFO - Started process (PID=3176) to work on /opt/airflow/dags/dag_csv_to_postgres_dag.py
[2025-11-02T12:45:31.708+0000] {processor.py:830} INFO - Processing file /opt/airflow/dags/dag_csv_to_postgres_dag.py for tasks to queue
[2025-11-02T12:45:31.710+0000] {logging_mixin.py:188} INFO - [2025-11-02T12:45:31.710+0000] {dagbag.py:538} INFO - Filling up the DagBag from /opt/airflow/dags/dag_csv_to_postgres_dag.py
[2025-11-02T12:45:31.743+0000] {processor.py:840} INFO - DAG(s) 'load_csv_to_postgres' retrieved from /opt/airflow/dags/dag_csv_to_postgres_dag.py
[2025-11-02T12:45:31.898+0000] {logging_mixin.py:188} INFO - [2025-11-02T12:45:31.897+0000] {dag.py:3036} INFO - Sync 1 DAGs
[2025-11-02T12:45:31.933+0000] {logging_mixin.py:188} INFO - [2025-11-02T12:45:31.933+0000] {dag.py:3823} INFO - Setting next_dagrun for load_csv_to_postgres to None, run_after=None
[2025-11-02T12:45:32.085+0000] {processor.py:183} INFO - Processing /opt/airflow/dags/dag_csv_to_postgres_dag.py took 0.385 seconds
[2025-11-02T12:46:04.842+0000] {processor.py:161} INFO - Started process (PID=3188) to work on /opt/airflow/dags/dag_csv_to_postgres_dag.py
[2025-11-02T12:46:04.844+0000] {processor.py:830} INFO - Processing file /opt/airflow/dags/dag_csv_to_postgres_dag.py for tasks to queue
[2025-11-02T12:46:04.846+0000] {logging_mixin.py:188} INFO - [2025-11-02T12:46:04.845+0000] {dagbag.py:538} INFO - Filling up the DagBag from /opt/airflow/dags/dag_csv_to_postgres_dag.py
[2025-11-02T12:46:04.874+0000] {processor.py:840} INFO - DAG(s) 'load_csv_to_postgres' retrieved from /opt/airflow/dags/dag_csv_to_postgres_dag.py
[2025-11-02T12:46:04.938+0000] {logging_mixin.py:188} INFO - [2025-11-02T12:46:04.937+0000] {dag.py:3036} INFO - Sync 1 DAGs
[2025-11-02T12:46:04.986+0000] {logging_mixin.py:188} INFO - [2025-11-02T12:46:04.986+0000] {dag.py:3823} INFO - Setting next_dagrun for load_csv_to_postgres to None, run_after=None
[2025-11-02T12:46:05.053+0000] {processor.py:183} INFO - Processing /opt/airflow/dags/dag_csv_to_postgres_dag.py took 0.217 seconds
[2025-11-02T12:46:38.079+0000] {processor.py:161} INFO - Started process (PID=3200) to work on /opt/airflow/dags/dag_csv_to_postgres_dag.py
[2025-11-02T12:46:38.083+0000] {processor.py:830} INFO - Processing file /opt/airflow/dags/dag_csv_to_postgres_dag.py for tasks to queue
[2025-11-02T12:46:38.085+0000] {logging_mixin.py:188} INFO - [2025-11-02T12:46:38.084+0000] {dagbag.py:538} INFO - Filling up the DagBag from /opt/airflow/dags/dag_csv_to_postgres_dag.py
[2025-11-02T12:46:38.114+0000] {processor.py:840} INFO - DAG(s) 'load_csv_to_postgres' retrieved from /opt/airflow/dags/dag_csv_to_postgres_dag.py
[2025-11-02T12:46:38.170+0000] {logging_mixin.py:188} INFO - [2025-11-02T12:46:38.169+0000] {dag.py:3036} INFO - Sync 1 DAGs
[2025-11-02T12:46:38.200+0000] {logging_mixin.py:188} INFO - [2025-11-02T12:46:38.199+0000] {dag.py:3823} INFO - Setting next_dagrun for load_csv_to_postgres to None, run_after=None
[2025-11-02T12:46:38.268+0000] {processor.py:183} INFO - Processing /opt/airflow/dags/dag_csv_to_postgres_dag.py took 0.196 seconds
[2025-11-02T12:47:11.137+0000] {processor.py:161} INFO - Started process (PID=3212) to work on /opt/airflow/dags/dag_csv_to_postgres_dag.py
[2025-11-02T12:47:11.140+0000] {processor.py:830} INFO - Processing file /opt/airflow/dags/dag_csv_to_postgres_dag.py for tasks to queue
[2025-11-02T12:47:11.143+0000] {logging_mixin.py:188} INFO - [2025-11-02T12:47:11.142+0000] {dagbag.py:538} INFO - Filling up the DagBag from /opt/airflow/dags/dag_csv_to_postgres_dag.py
[2025-11-02T12:47:11.192+0000] {processor.py:840} INFO - DAG(s) 'load_csv_to_postgres' retrieved from /opt/airflow/dags/dag_csv_to_postgres_dag.py
[2025-11-02T12:47:11.312+0000] {logging_mixin.py:188} INFO - [2025-11-02T12:47:11.310+0000] {dag.py:3036} INFO - Sync 1 DAGs
[2025-11-02T12:47:11.355+0000] {logging_mixin.py:188} INFO - [2025-11-02T12:47:11.355+0000] {dag.py:3823} INFO - Setting next_dagrun for load_csv_to_postgres to None, run_after=None
[2025-11-02T12:47:11.410+0000] {processor.py:183} INFO - Processing /opt/airflow/dags/dag_csv_to_postgres_dag.py took 0.286 seconds
[2025-11-02T12:47:41.748+0000] {processor.py:161} INFO - Started process (PID=3224) to work on /opt/airflow/dags/dag_csv_to_postgres_dag.py
[2025-11-02T12:47:41.750+0000] {processor.py:830} INFO - Processing file /opt/airflow/dags/dag_csv_to_postgres_dag.py for tasks to queue
[2025-11-02T12:47:41.753+0000] {logging_mixin.py:188} INFO - [2025-11-02T12:47:41.752+0000] {dagbag.py:538} INFO - Filling up the DagBag from /opt/airflow/dags/dag_csv_to_postgres_dag.py
[2025-11-02T12:47:41.786+0000] {processor.py:840} INFO - DAG(s) 'load_csv_to_postgres' retrieved from /opt/airflow/dags/dag_csv_to_postgres_dag.py
[2025-11-02T12:47:41.844+0000] {logging_mixin.py:188} INFO - [2025-11-02T12:47:41.843+0000] {dag.py:3036} INFO - Sync 1 DAGs
[2025-11-02T12:47:41.870+0000] {logging_mixin.py:188} INFO - [2025-11-02T12:47:41.870+0000] {dag.py:3823} INFO - Setting next_dagrun for load_csv_to_postgres to None, run_after=None
[2025-11-02T12:47:41.935+0000] {processor.py:183} INFO - Processing /opt/airflow/dags/dag_csv_to_postgres_dag.py took 0.195 seconds
[2025-11-02T12:48:12.352+0000] {processor.py:161} INFO - Started process (PID=3230) to work on /opt/airflow/dags/dag_csv_to_postgres_dag.py
[2025-11-02T12:48:12.358+0000] {processor.py:830} INFO - Processing file /opt/airflow/dags/dag_csv_to_postgres_dag.py for tasks to queue
[2025-11-02T12:48:12.361+0000] {logging_mixin.py:188} INFO - [2025-11-02T12:48:12.360+0000] {dagbag.py:538} INFO - Filling up the DagBag from /opt/airflow/dags/dag_csv_to_postgres_dag.py
[2025-11-02T12:48:12.413+0000] {processor.py:840} INFO - DAG(s) 'load_csv_to_postgres' retrieved from /opt/airflow/dags/dag_csv_to_postgres_dag.py
[2025-11-02T12:48:12.475+0000] {logging_mixin.py:188} INFO - [2025-11-02T12:48:12.474+0000] {dag.py:3036} INFO - Sync 1 DAGs
[2025-11-02T12:48:12.515+0000] {logging_mixin.py:188} INFO - [2025-11-02T12:48:12.515+0000] {dag.py:3823} INFO - Setting next_dagrun for load_csv_to_postgres to None, run_after=None
[2025-11-02T12:48:12.569+0000] {processor.py:183} INFO - Processing /opt/airflow/dags/dag_csv_to_postgres_dag.py took 0.229 seconds
[2025-11-02T12:48:43.635+0000] {processor.py:161} INFO - Started process (PID=3242) to work on /opt/airflow/dags/dag_csv_to_postgres_dag.py
[2025-11-02T12:48:43.645+0000] {processor.py:830} INFO - Processing file /opt/airflow/dags/dag_csv_to_postgres_dag.py for tasks to queue
[2025-11-02T12:48:43.651+0000] {logging_mixin.py:188} INFO - [2025-11-02T12:48:43.651+0000] {dagbag.py:538} INFO - Filling up the DagBag from /opt/airflow/dags/dag_csv_to_postgres_dag.py
[2025-11-02T12:48:43.750+0000] {processor.py:840} INFO - DAG(s) 'load_csv_to_postgres' retrieved from /opt/airflow/dags/dag_csv_to_postgres_dag.py
[2025-11-02T12:48:43.845+0000] {logging_mixin.py:188} INFO - [2025-11-02T12:48:43.845+0000] {dag.py:3036} INFO - Sync 1 DAGs
[2025-11-02T12:48:43.901+0000] {logging_mixin.py:188} INFO - [2025-11-02T12:48:43.901+0000] {dag.py:3823} INFO - Setting next_dagrun for load_csv_to_postgres to None, run_after=None
[2025-11-02T12:48:44.002+0000] {processor.py:183} INFO - Processing /opt/airflow/dags/dag_csv_to_postgres_dag.py took 0.389 seconds
[2025-11-02T12:49:14.939+0000] {processor.py:161} INFO - Started process (PID=3254) to work on /opt/airflow/dags/dag_csv_to_postgres_dag.py
[2025-11-02T12:49:14.941+0000] {processor.py:830} INFO - Processing file /opt/airflow/dags/dag_csv_to_postgres_dag.py for tasks to queue
[2025-11-02T12:49:14.944+0000] {logging_mixin.py:188} INFO - [2025-11-02T12:49:14.943+0000] {dagbag.py:538} INFO - Filling up the DagBag from /opt/airflow/dags/dag_csv_to_postgres_dag.py
[2025-11-02T12:49:14.985+0000] {processor.py:840} INFO - DAG(s) 'load_csv_to_postgres' retrieved from /opt/airflow/dags/dag_csv_to_postgres_dag.py
[2025-11-02T12:49:15.036+0000] {logging_mixin.py:188} INFO - [2025-11-02T12:49:15.036+0000] {dag.py:3036} INFO - Sync 1 DAGs
[2025-11-02T12:49:15.055+0000] {logging_mixin.py:188} INFO - [2025-11-02T12:49:15.054+0000] {dag.py:3823} INFO - Setting next_dagrun for load_csv_to_postgres to None, run_after=None
[2025-11-02T12:49:15.095+0000] {processor.py:183} INFO - Processing /opt/airflow/dags/dag_csv_to_postgres_dag.py took 0.171 seconds
[2025-11-02T12:49:45.630+0000] {processor.py:161} INFO - Started process (PID=3266) to work on /opt/airflow/dags/dag_csv_to_postgres_dag.py
[2025-11-02T12:49:45.633+0000] {processor.py:830} INFO - Processing file /opt/airflow/dags/dag_csv_to_postgres_dag.py for tasks to queue
[2025-11-02T12:49:45.635+0000] {logging_mixin.py:188} INFO - [2025-11-02T12:49:45.634+0000] {dagbag.py:538} INFO - Filling up the DagBag from /opt/airflow/dags/dag_csv_to_postgres_dag.py
[2025-11-02T12:49:45.660+0000] {processor.py:840} INFO - DAG(s) 'load_csv_to_postgres' retrieved from /opt/airflow/dags/dag_csv_to_postgres_dag.py
[2025-11-02T12:49:45.710+0000] {logging_mixin.py:188} INFO - [2025-11-02T12:49:45.709+0000] {dag.py:3036} INFO - Sync 1 DAGs
[2025-11-02T12:49:45.737+0000] {logging_mixin.py:188} INFO - [2025-11-02T12:49:45.737+0000] {dag.py:3823} INFO - Setting next_dagrun for load_csv_to_postgres to None, run_after=None
[2025-11-02T12:49:45.780+0000] {processor.py:183} INFO - Processing /opt/airflow/dags/dag_csv_to_postgres_dag.py took 0.158 seconds
[2025-11-02T12:50:16.246+0000] {processor.py:161} INFO - Started process (PID=3278) to work on /opt/airflow/dags/dag_csv_to_postgres_dag.py
[2025-11-02T12:50:16.249+0000] {processor.py:830} INFO - Processing file /opt/airflow/dags/dag_csv_to_postgres_dag.py for tasks to queue
[2025-11-02T12:50:16.252+0000] {logging_mixin.py:188} INFO - [2025-11-02T12:50:16.250+0000] {dagbag.py:538} INFO - Filling up the DagBag from /opt/airflow/dags/dag_csv_to_postgres_dag.py
[2025-11-02T12:50:16.279+0000] {processor.py:840} INFO - DAG(s) 'load_csv_to_postgres' retrieved from /opt/airflow/dags/dag_csv_to_postgres_dag.py
[2025-11-02T12:50:16.330+0000] {logging_mixin.py:188} INFO - [2025-11-02T12:50:16.330+0000] {dag.py:3036} INFO - Sync 1 DAGs
[2025-11-02T12:50:16.363+0000] {logging_mixin.py:188} INFO - [2025-11-02T12:50:16.363+0000] {dag.py:3823} INFO - Setting next_dagrun for load_csv_to_postgres to None, run_after=None
[2025-11-02T12:50:16.401+0000] {processor.py:183} INFO - Processing /opt/airflow/dags/dag_csv_to_postgres_dag.py took 0.160 seconds
[2025-11-02T12:50:47.984+0000] {processor.py:161} INFO - Started process (PID=3291) to work on /opt/airflow/dags/dag_csv_to_postgres_dag.py
[2025-11-02T12:50:47.988+0000] {processor.py:830} INFO - Processing file /opt/airflow/dags/dag_csv_to_postgres_dag.py for tasks to queue
[2025-11-02T12:50:47.997+0000] {logging_mixin.py:188} INFO - [2025-11-02T12:50:47.996+0000] {dagbag.py:538} INFO - Filling up the DagBag from /opt/airflow/dags/dag_csv_to_postgres_dag.py
[2025-11-02T12:50:48.055+0000] {processor.py:840} INFO - DAG(s) 'load_csv_to_postgres' retrieved from /opt/airflow/dags/dag_csv_to_postgres_dag.py
[2025-11-02T12:50:48.229+0000] {logging_mixin.py:188} INFO - [2025-11-02T12:50:48.228+0000] {dag.py:3036} INFO - Sync 1 DAGs
[2025-11-02T12:50:48.348+0000] {logging_mixin.py:188} INFO - [2025-11-02T12:50:48.348+0000] {dag.py:3823} INFO - Setting next_dagrun for load_csv_to_postgres to None, run_after=None
[2025-11-02T12:50:48.535+0000] {processor.py:183} INFO - Processing /opt/airflow/dags/dag_csv_to_postgres_dag.py took 0.569 seconds
[2025-11-02T12:51:20.273+0000] {processor.py:161} INFO - Started process (PID=3303) to work on /opt/airflow/dags/dag_csv_to_postgres_dag.py
[2025-11-02T12:51:20.400+0000] {processor.py:830} INFO - Processing file /opt/airflow/dags/dag_csv_to_postgres_dag.py for tasks to queue
[2025-11-02T12:51:20.404+0000] {logging_mixin.py:188} INFO - [2025-11-02T12:51:20.404+0000] {dagbag.py:538} INFO - Filling up the DagBag from /opt/airflow/dags/dag_csv_to_postgres_dag.py
[2025-11-02T12:51:20.663+0000] {processor.py:840} INFO - DAG(s) 'load_csv_to_postgres' retrieved from /opt/airflow/dags/dag_csv_to_postgres_dag.py
[2025-11-02T12:51:20.793+0000] {logging_mixin.py:188} INFO - [2025-11-02T12:51:20.792+0000] {dag.py:3036} INFO - Sync 1 DAGs
[2025-11-02T12:51:20.816+0000] {logging_mixin.py:188} INFO - [2025-11-02T12:51:20.816+0000] {dag.py:3823} INFO - Setting next_dagrun for load_csv_to_postgres to None, run_after=None
[2025-11-02T12:51:21.157+0000] {processor.py:183} INFO - Processing /opt/airflow/dags/dag_csv_to_postgres_dag.py took 0.909 seconds
[2025-11-02T12:51:51.490+0000] {processor.py:161} INFO - Started process (PID=3315) to work on /opt/airflow/dags/dag_csv_to_postgres_dag.py
[2025-11-02T12:51:51.493+0000] {processor.py:830} INFO - Processing file /opt/airflow/dags/dag_csv_to_postgres_dag.py for tasks to queue
[2025-11-02T12:51:51.496+0000] {logging_mixin.py:188} INFO - [2025-11-02T12:51:51.496+0000] {dagbag.py:538} INFO - Filling up the DagBag from /opt/airflow/dags/dag_csv_to_postgres_dag.py
[2025-11-02T12:51:51.537+0000] {processor.py:840} INFO - DAG(s) 'load_csv_to_postgres' retrieved from /opt/airflow/dags/dag_csv_to_postgres_dag.py
[2025-11-02T12:51:51.612+0000] {logging_mixin.py:188} INFO - [2025-11-02T12:51:51.612+0000] {dag.py:3036} INFO - Sync 1 DAGs
[2025-11-02T12:51:51.642+0000] {logging_mixin.py:188} INFO - [2025-11-02T12:51:51.641+0000] {dag.py:3823} INFO - Setting next_dagrun for load_csv_to_postgres to None, run_after=None
[2025-11-02T12:51:51.777+0000] {processor.py:183} INFO - Processing /opt/airflow/dags/dag_csv_to_postgres_dag.py took 0.305 seconds
[2025-11-02T12:52:22.123+0000] {processor.py:161} INFO - Started process (PID=3327) to work on /opt/airflow/dags/dag_csv_to_postgres_dag.py
[2025-11-02T12:52:22.126+0000] {processor.py:830} INFO - Processing file /opt/airflow/dags/dag_csv_to_postgres_dag.py for tasks to queue
[2025-11-02T12:52:22.129+0000] {logging_mixin.py:188} INFO - [2025-11-02T12:52:22.128+0000] {dagbag.py:538} INFO - Filling up the DagBag from /opt/airflow/dags/dag_csv_to_postgres_dag.py
[2025-11-02T12:52:22.167+0000] {processor.py:840} INFO - DAG(s) 'load_csv_to_postgres' retrieved from /opt/airflow/dags/dag_csv_to_postgres_dag.py
[2025-11-02T12:52:22.236+0000] {logging_mixin.py:188} INFO - [2025-11-02T12:52:22.236+0000] {dag.py:3036} INFO - Sync 1 DAGs
[2025-11-02T12:52:22.261+0000] {logging_mixin.py:188} INFO - [2025-11-02T12:52:22.260+0000] {dag.py:3823} INFO - Setting next_dagrun for load_csv_to_postgres to None, run_after=None
[2025-11-02T12:52:22.329+0000] {processor.py:183} INFO - Processing /opt/airflow/dags/dag_csv_to_postgres_dag.py took 0.216 seconds
[2025-11-02T12:52:52.884+0000] {processor.py:161} INFO - Started process (PID=3339) to work on /opt/airflow/dags/dag_csv_to_postgres_dag.py
[2025-11-02T12:52:52.886+0000] {processor.py:830} INFO - Processing file /opt/airflow/dags/dag_csv_to_postgres_dag.py for tasks to queue
[2025-11-02T12:52:52.888+0000] {logging_mixin.py:188} INFO - [2025-11-02T12:52:52.887+0000] {dagbag.py:538} INFO - Filling up the DagBag from /opt/airflow/dags/dag_csv_to_postgres_dag.py
[2025-11-02T12:52:52.955+0000] {processor.py:840} INFO - DAG(s) 'load_csv_to_postgres' retrieved from /opt/airflow/dags/dag_csv_to_postgres_dag.py
[2025-11-02T12:52:53.077+0000] {logging_mixin.py:188} INFO - [2025-11-02T12:52:53.076+0000] {dag.py:3036} INFO - Sync 1 DAGs
[2025-11-02T12:52:53.104+0000] {logging_mixin.py:188} INFO - [2025-11-02T12:52:53.103+0000] {dag.py:3823} INFO - Setting next_dagrun for load_csv_to_postgres to None, run_after=None
[2025-11-02T12:52:53.147+0000] {processor.py:183} INFO - Processing /opt/airflow/dags/dag_csv_to_postgres_dag.py took 0.270 seconds
[2025-11-02T12:53:23.554+0000] {processor.py:161} INFO - Started process (PID=3351) to work on /opt/airflow/dags/dag_csv_to_postgres_dag.py
[2025-11-02T12:53:23.557+0000] {processor.py:830} INFO - Processing file /opt/airflow/dags/dag_csv_to_postgres_dag.py for tasks to queue
[2025-11-02T12:53:23.567+0000] {logging_mixin.py:188} INFO - [2025-11-02T12:53:23.566+0000] {dagbag.py:538} INFO - Filling up the DagBag from /opt/airflow/dags/dag_csv_to_postgres_dag.py
[2025-11-02T12:53:23.691+0000] {processor.py:840} INFO - DAG(s) 'load_csv_to_postgres' retrieved from /opt/airflow/dags/dag_csv_to_postgres_dag.py
[2025-11-02T12:53:23.775+0000] {logging_mixin.py:188} INFO - [2025-11-02T12:53:23.775+0000] {dag.py:3036} INFO - Sync 1 DAGs
[2025-11-02T12:53:23.871+0000] {logging_mixin.py:188} INFO - [2025-11-02T12:53:23.870+0000] {dag.py:3823} INFO - Setting next_dagrun for load_csv_to_postgres to None, run_after=None
[2025-11-02T12:53:23.999+0000] {processor.py:183} INFO - Processing /opt/airflow/dags/dag_csv_to_postgres_dag.py took 0.463 seconds
[2025-11-02T12:53:54.689+0000] {processor.py:161} INFO - Started process (PID=3363) to work on /opt/airflow/dags/dag_csv_to_postgres_dag.py
[2025-11-02T12:53:54.692+0000] {processor.py:830} INFO - Processing file /opt/airflow/dags/dag_csv_to_postgres_dag.py for tasks to queue
[2025-11-02T12:53:54.694+0000] {logging_mixin.py:188} INFO - [2025-11-02T12:53:54.694+0000] {dagbag.py:538} INFO - Filling up the DagBag from /opt/airflow/dags/dag_csv_to_postgres_dag.py
[2025-11-02T12:53:54.738+0000] {processor.py:840} INFO - DAG(s) 'load_csv_to_postgres' retrieved from /opt/airflow/dags/dag_csv_to_postgres_dag.py
[2025-11-02T12:53:54.860+0000] {logging_mixin.py:188} INFO - [2025-11-02T12:53:54.860+0000] {dag.py:3036} INFO - Sync 1 DAGs
[2025-11-02T12:53:54.917+0000] {logging_mixin.py:188} INFO - [2025-11-02T12:53:54.916+0000] {dag.py:3823} INFO - Setting next_dagrun for load_csv_to_postgres to None, run_after=None
[2025-11-02T12:53:54.988+0000] {processor.py:183} INFO - Processing /opt/airflow/dags/dag_csv_to_postgres_dag.py took 0.306 seconds
[2025-11-02T12:54:25.224+0000] {processor.py:161} INFO - Started process (PID=3375) to work on /opt/airflow/dags/dag_csv_to_postgres_dag.py
[2025-11-02T12:54:25.227+0000] {processor.py:830} INFO - Processing file /opt/airflow/dags/dag_csv_to_postgres_dag.py for tasks to queue
[2025-11-02T12:54:25.230+0000] {logging_mixin.py:188} INFO - [2025-11-02T12:54:25.229+0000] {dagbag.py:538} INFO - Filling up the DagBag from /opt/airflow/dags/dag_csv_to_postgres_dag.py
[2025-11-02T12:54:25.266+0000] {processor.py:840} INFO - DAG(s) 'load_csv_to_postgres' retrieved from /opt/airflow/dags/dag_csv_to_postgres_dag.py
[2025-11-02T12:54:25.318+0000] {logging_mixin.py:188} INFO - [2025-11-02T12:54:25.317+0000] {dag.py:3036} INFO - Sync 1 DAGs
[2025-11-02T12:54:25.340+0000] {logging_mixin.py:188} INFO - [2025-11-02T12:54:25.340+0000] {dag.py:3823} INFO - Setting next_dagrun for load_csv_to_postgres to None, run_after=None
[2025-11-02T12:54:25.378+0000] {processor.py:183} INFO - Processing /opt/airflow/dags/dag_csv_to_postgres_dag.py took 0.162 seconds
[2025-11-02T12:54:57.431+0000] {processor.py:161} INFO - Started process (PID=3379) to work on /opt/airflow/dags/dag_csv_to_postgres_dag.py
[2025-11-02T12:54:57.433+0000] {processor.py:830} INFO - Processing file /opt/airflow/dags/dag_csv_to_postgres_dag.py for tasks to queue
[2025-11-02T12:54:57.435+0000] {logging_mixin.py:188} INFO - [2025-11-02T12:54:57.434+0000] {dagbag.py:538} INFO - Filling up the DagBag from /opt/airflow/dags/dag_csv_to_postgres_dag.py
[2025-11-02T12:54:57.460+0000] {processor.py:840} INFO - DAG(s) 'load_csv_to_postgres' retrieved from /opt/airflow/dags/dag_csv_to_postgres_dag.py
[2025-11-02T12:54:57.500+0000] {logging_mixin.py:188} INFO - [2025-11-02T12:54:57.500+0000] {dag.py:3036} INFO - Sync 1 DAGs
[2025-11-02T12:54:57.517+0000] {logging_mixin.py:188} INFO - [2025-11-02T12:54:57.517+0000] {dag.py:3823} INFO - Setting next_dagrun for load_csv_to_postgres to None, run_after=None
[2025-11-02T12:54:57.553+0000] {processor.py:183} INFO - Processing /opt/airflow/dags/dag_csv_to_postgres_dag.py took 0.128 seconds
[2025-11-02T12:55:27.693+0000] {processor.py:161} INFO - Started process (PID=3397) to work on /opt/airflow/dags/dag_csv_to_postgres_dag.py
[2025-11-02T12:55:27.695+0000] {processor.py:830} INFO - Processing file /opt/airflow/dags/dag_csv_to_postgres_dag.py for tasks to queue
[2025-11-02T12:55:27.697+0000] {logging_mixin.py:188} INFO - [2025-11-02T12:55:27.696+0000] {dagbag.py:538} INFO - Filling up the DagBag from /opt/airflow/dags/dag_csv_to_postgres_dag.py
[2025-11-02T12:55:27.729+0000] {processor.py:840} INFO - DAG(s) 'load_csv_to_postgres' retrieved from /opt/airflow/dags/dag_csv_to_postgres_dag.py
[2025-11-02T12:55:27.780+0000] {logging_mixin.py:188} INFO - [2025-11-02T12:55:27.779+0000] {dag.py:3036} INFO - Sync 1 DAGs
[2025-11-02T12:55:27.803+0000] {logging_mixin.py:188} INFO - [2025-11-02T12:55:27.802+0000] {dag.py:3823} INFO - Setting next_dagrun for load_csv_to_postgres to None, run_after=None
[2025-11-02T12:55:27.843+0000] {processor.py:183} INFO - Processing /opt/airflow/dags/dag_csv_to_postgres_dag.py took 0.160 seconds
[2025-11-02T12:55:58.183+0000] {processor.py:161} INFO - Started process (PID=3403) to work on /opt/airflow/dags/dag_csv_to_postgres_dag.py
[2025-11-02T12:55:58.185+0000] {processor.py:830} INFO - Processing file /opt/airflow/dags/dag_csv_to_postgres_dag.py for tasks to queue
[2025-11-02T12:55:58.188+0000] {logging_mixin.py:188} INFO - [2025-11-02T12:55:58.188+0000] {dagbag.py:538} INFO - Filling up the DagBag from /opt/airflow/dags/dag_csv_to_postgres_dag.py
[2025-11-02T12:55:58.225+0000] {processor.py:840} INFO - DAG(s) 'load_csv_to_postgres' retrieved from /opt/airflow/dags/dag_csv_to_postgres_dag.py
[2025-11-02T12:55:58.272+0000] {logging_mixin.py:188} INFO - [2025-11-02T12:55:58.271+0000] {dag.py:3036} INFO - Sync 1 DAGs
[2025-11-02T12:55:58.291+0000] {logging_mixin.py:188} INFO - [2025-11-02T12:55:58.290+0000] {dag.py:3823} INFO - Setting next_dagrun for load_csv_to_postgres to None, run_after=None
[2025-11-02T12:55:58.330+0000] {processor.py:183} INFO - Processing /opt/airflow/dags/dag_csv_to_postgres_dag.py took 0.154 seconds
[2025-11-02T12:56:28.654+0000] {processor.py:161} INFO - Started process (PID=3415) to work on /opt/airflow/dags/dag_csv_to_postgres_dag.py
[2025-11-02T12:56:28.656+0000] {processor.py:830} INFO - Processing file /opt/airflow/dags/dag_csv_to_postgres_dag.py for tasks to queue
[2025-11-02T12:56:28.657+0000] {logging_mixin.py:188} INFO - [2025-11-02T12:56:28.656+0000] {dagbag.py:538} INFO - Filling up the DagBag from /opt/airflow/dags/dag_csv_to_postgres_dag.py
[2025-11-02T12:56:28.680+0000] {processor.py:840} INFO - DAG(s) 'load_csv_to_postgres' retrieved from /opt/airflow/dags/dag_csv_to_postgres_dag.py
[2025-11-02T12:56:28.716+0000] {logging_mixin.py:188} INFO - [2025-11-02T12:56:28.716+0000] {dag.py:3036} INFO - Sync 1 DAGs
[2025-11-02T12:56:28.733+0000] {logging_mixin.py:188} INFO - [2025-11-02T12:56:28.733+0000] {dag.py:3823} INFO - Setting next_dagrun for load_csv_to_postgres to None, run_after=None
[2025-11-02T12:56:28.765+0000] {processor.py:183} INFO - Processing /opt/airflow/dags/dag_csv_to_postgres_dag.py took 0.117 seconds
[2025-11-02T12:56:59.113+0000] {processor.py:161} INFO - Started process (PID=3427) to work on /opt/airflow/dags/dag_csv_to_postgres_dag.py
[2025-11-02T12:56:59.116+0000] {processor.py:830} INFO - Processing file /opt/airflow/dags/dag_csv_to_postgres_dag.py for tasks to queue
[2025-11-02T12:56:59.118+0000] {logging_mixin.py:188} INFO - [2025-11-02T12:56:59.117+0000] {dagbag.py:538} INFO - Filling up the DagBag from /opt/airflow/dags/dag_csv_to_postgres_dag.py
[2025-11-02T12:56:59.154+0000] {processor.py:840} INFO - DAG(s) 'load_csv_to_postgres' retrieved from /opt/airflow/dags/dag_csv_to_postgres_dag.py
[2025-11-02T12:56:59.210+0000] {logging_mixin.py:188} INFO - [2025-11-02T12:56:59.210+0000] {dag.py:3036} INFO - Sync 1 DAGs
[2025-11-02T12:56:59.228+0000] {logging_mixin.py:188} INFO - [2025-11-02T12:56:59.228+0000] {dag.py:3823} INFO - Setting next_dagrun for load_csv_to_postgres to None, run_after=None
[2025-11-02T12:56:59.287+0000] {processor.py:183} INFO - Processing /opt/airflow/dags/dag_csv_to_postgres_dag.py took 0.180 seconds
[2025-11-02T12:57:30.287+0000] {processor.py:161} INFO - Started process (PID=3439) to work on /opt/airflow/dags/dag_csv_to_postgres_dag.py
[2025-11-02T12:57:30.289+0000] {processor.py:830} INFO - Processing file /opt/airflow/dags/dag_csv_to_postgres_dag.py for tasks to queue
[2025-11-02T12:57:30.290+0000] {logging_mixin.py:188} INFO - [2025-11-02T12:57:30.290+0000] {dagbag.py:538} INFO - Filling up the DagBag from /opt/airflow/dags/dag_csv_to_postgres_dag.py
[2025-11-02T12:57:30.315+0000] {processor.py:840} INFO - DAG(s) 'load_csv_to_postgres' retrieved from /opt/airflow/dags/dag_csv_to_postgres_dag.py
[2025-11-02T12:57:30.357+0000] {logging_mixin.py:188} INFO - [2025-11-02T12:57:30.356+0000] {dag.py:3036} INFO - Sync 1 DAGs
[2025-11-02T12:57:30.373+0000] {logging_mixin.py:188} INFO - [2025-11-02T12:57:30.372+0000] {dag.py:3823} INFO - Setting next_dagrun for load_csv_to_postgres to None, run_after=None
[2025-11-02T12:57:30.403+0000] {processor.py:183} INFO - Processing /opt/airflow/dags/dag_csv_to_postgres_dag.py took 0.122 seconds
[2025-11-02T12:58:00.648+0000] {processor.py:161} INFO - Started process (PID=3451) to work on /opt/airflow/dags/dag_csv_to_postgres_dag.py
[2025-11-02T12:58:00.650+0000] {processor.py:830} INFO - Processing file /opt/airflow/dags/dag_csv_to_postgres_dag.py for tasks to queue
[2025-11-02T12:58:00.651+0000] {logging_mixin.py:188} INFO - [2025-11-02T12:58:00.651+0000] {dagbag.py:538} INFO - Filling up the DagBag from /opt/airflow/dags/dag_csv_to_postgres_dag.py
[2025-11-02T12:58:00.675+0000] {processor.py:840} INFO - DAG(s) 'load_csv_to_postgres' retrieved from /opt/airflow/dags/dag_csv_to_postgres_dag.py
[2025-11-02T12:58:00.715+0000] {logging_mixin.py:188} INFO - [2025-11-02T12:58:00.714+0000] {dag.py:3036} INFO - Sync 1 DAGs
[2025-11-02T12:58:00.731+0000] {logging_mixin.py:188} INFO - [2025-11-02T12:58:00.730+0000] {dag.py:3823} INFO - Setting next_dagrun for load_csv_to_postgres to None, run_after=None
[2025-11-02T12:58:00.772+0000] {processor.py:183} INFO - Processing /opt/airflow/dags/dag_csv_to_postgres_dag.py took 0.129 seconds
[2025-11-02T12:58:32.202+0000] {processor.py:161} INFO - Started process (PID=3463) to work on /opt/airflow/dags/dag_csv_to_postgres_dag.py
[2025-11-02T12:58:32.206+0000] {processor.py:830} INFO - Processing file /opt/airflow/dags/dag_csv_to_postgres_dag.py for tasks to queue
[2025-11-02T12:58:32.210+0000] {logging_mixin.py:188} INFO - [2025-11-02T12:58:32.208+0000] {dagbag.py:538} INFO - Filling up the DagBag from /opt/airflow/dags/dag_csv_to_postgres_dag.py
[2025-11-02T12:58:32.287+0000] {processor.py:840} INFO - DAG(s) 'load_csv_to_postgres' retrieved from /opt/airflow/dags/dag_csv_to_postgres_dag.py
[2025-11-02T12:58:32.442+0000] {logging_mixin.py:188} INFO - [2025-11-02T12:58:32.442+0000] {dag.py:3036} INFO - Sync 1 DAGs
[2025-11-02T12:58:32.493+0000] {logging_mixin.py:188} INFO - [2025-11-02T12:58:32.492+0000] {dag.py:3823} INFO - Setting next_dagrun for load_csv_to_postgres to None, run_after=None
[2025-11-02T12:58:32.612+0000] {processor.py:183} INFO - Processing /opt/airflow/dags/dag_csv_to_postgres_dag.py took 0.432 seconds
[2025-11-02T12:59:03.577+0000] {processor.py:161} INFO - Started process (PID=3475) to work on /opt/airflow/dags/dag_csv_to_postgres_dag.py
[2025-11-02T12:59:03.598+0000] {processor.py:830} INFO - Processing file /opt/airflow/dags/dag_csv_to_postgres_dag.py for tasks to queue
[2025-11-02T12:59:03.601+0000] {logging_mixin.py:188} INFO - [2025-11-02T12:59:03.600+0000] {dagbag.py:538} INFO - Filling up the DagBag from /opt/airflow/dags/dag_csv_to_postgres_dag.py
[2025-11-02T12:59:03.697+0000] {processor.py:840} INFO - DAG(s) 'load_csv_to_postgres' retrieved from /opt/airflow/dags/dag_csv_to_postgres_dag.py
[2025-11-02T12:59:03.857+0000] {logging_mixin.py:188} INFO - [2025-11-02T12:59:03.856+0000] {dag.py:3036} INFO - Sync 1 DAGs
[2025-11-02T12:59:03.898+0000] {logging_mixin.py:188} INFO - [2025-11-02T12:59:03.898+0000] {dag.py:3823} INFO - Setting next_dagrun for load_csv_to_postgres to None, run_after=None
[2025-11-02T12:59:03.993+0000] {processor.py:183} INFO - Processing /opt/airflow/dags/dag_csv_to_postgres_dag.py took 0.427 seconds
[2025-11-02T12:59:34.810+0000] {processor.py:161} INFO - Started process (PID=3487) to work on /opt/airflow/dags/dag_csv_to_postgres_dag.py
[2025-11-02T12:59:34.816+0000] {processor.py:830} INFO - Processing file /opt/airflow/dags/dag_csv_to_postgres_dag.py for tasks to queue
[2025-11-02T12:59:34.828+0000] {logging_mixin.py:188} INFO - [2025-11-02T12:59:34.826+0000] {dagbag.py:538} INFO - Filling up the DagBag from /opt/airflow/dags/dag_csv_to_postgres_dag.py
[2025-11-02T12:59:34.909+0000] {processor.py:840} INFO - DAG(s) 'load_csv_to_postgres' retrieved from /opt/airflow/dags/dag_csv_to_postgres_dag.py
[2025-11-02T12:59:35.041+0000] {logging_mixin.py:188} INFO - [2025-11-02T12:59:35.041+0000] {dag.py:3036} INFO - Sync 1 DAGs
[2025-11-02T12:59:35.153+0000] {logging_mixin.py:188} INFO - [2025-11-02T12:59:35.153+0000] {dag.py:3823} INFO - Setting next_dagrun for load_csv_to_postgres to None, run_after=None
[2025-11-02T12:59:35.458+0000] {processor.py:183} INFO - Processing /opt/airflow/dags/dag_csv_to_postgres_dag.py took 0.664 seconds
[2025-11-02T13:00:06.133+0000] {processor.py:161} INFO - Started process (PID=3499) to work on /opt/airflow/dags/dag_csv_to_postgres_dag.py
[2025-11-02T13:00:06.138+0000] {processor.py:830} INFO - Processing file /opt/airflow/dags/dag_csv_to_postgres_dag.py for tasks to queue
[2025-11-02T13:00:06.140+0000] {logging_mixin.py:188} INFO - [2025-11-02T13:00:06.139+0000] {dagbag.py:538} INFO - Filling up the DagBag from /opt/airflow/dags/dag_csv_to_postgres_dag.py
[2025-11-02T13:00:06.223+0000] {processor.py:840} INFO - DAG(s) 'load_csv_to_postgres' retrieved from /opt/airflow/dags/dag_csv_to_postgres_dag.py
[2025-11-02T13:00:06.338+0000] {logging_mixin.py:188} INFO - [2025-11-02T13:00:06.337+0000] {dag.py:3036} INFO - Sync 1 DAGs
[2025-11-02T13:00:06.429+0000] {logging_mixin.py:188} INFO - [2025-11-02T13:00:06.428+0000] {dag.py:3823} INFO - Setting next_dagrun for load_csv_to_postgres to None, run_after=None
[2025-11-02T13:00:06.523+0000] {processor.py:183} INFO - Processing /opt/airflow/dags/dag_csv_to_postgres_dag.py took 0.409 seconds
[2025-11-02T13:00:36.810+0000] {processor.py:161} INFO - Started process (PID=3510) to work on /opt/airflow/dags/dag_csv_to_postgres_dag.py
[2025-11-02T13:00:36.815+0000] {processor.py:830} INFO - Processing file /opt/airflow/dags/dag_csv_to_postgres_dag.py for tasks to queue
[2025-11-02T13:00:36.817+0000] {logging_mixin.py:188} INFO - [2025-11-02T13:00:36.817+0000] {dagbag.py:538} INFO - Filling up the DagBag from /opt/airflow/dags/dag_csv_to_postgres_dag.py
[2025-11-02T13:00:36.861+0000] {processor.py:840} INFO - DAG(s) 'load_csv_to_postgres' retrieved from /opt/airflow/dags/dag_csv_to_postgres_dag.py
[2025-11-02T13:00:36.923+0000] {logging_mixin.py:188} INFO - [2025-11-02T13:00:36.922+0000] {dag.py:3036} INFO - Sync 1 DAGs
[2025-11-02T13:00:36.947+0000] {logging_mixin.py:188} INFO - [2025-11-02T13:00:36.946+0000] {dag.py:3823} INFO - Setting next_dagrun for load_csv_to_postgres to None, run_after=None
[2025-11-02T13:00:37.252+0000] {processor.py:183} INFO - Processing /opt/airflow/dags/dag_csv_to_postgres_dag.py took 0.450 seconds
[2025-11-02T13:01:07.886+0000] {processor.py:161} INFO - Started process (PID=3523) to work on /opt/airflow/dags/dag_csv_to_postgres_dag.py
[2025-11-02T13:01:07.890+0000] {processor.py:830} INFO - Processing file /opt/airflow/dags/dag_csv_to_postgres_dag.py for tasks to queue
[2025-11-02T13:01:07.895+0000] {logging_mixin.py:188} INFO - [2025-11-02T13:01:07.894+0000] {dagbag.py:538} INFO - Filling up the DagBag from /opt/airflow/dags/dag_csv_to_postgres_dag.py
[2025-11-02T13:01:07.944+0000] {processor.py:840} INFO - DAG(s) 'load_csv_to_postgres' retrieved from /opt/airflow/dags/dag_csv_to_postgres_dag.py
[2025-11-02T13:01:08.006+0000] {logging_mixin.py:188} INFO - [2025-11-02T13:01:08.006+0000] {dag.py:3036} INFO - Sync 1 DAGs
[2025-11-02T13:01:08.041+0000] {logging_mixin.py:188} INFO - [2025-11-02T13:01:08.040+0000] {dag.py:3823} INFO - Setting next_dagrun for load_csv_to_postgres to None, run_after=None
[2025-11-02T13:01:08.094+0000] {processor.py:183} INFO - Processing /opt/airflow/dags/dag_csv_to_postgres_dag.py took 0.219 seconds
[2025-11-02T13:01:38.245+0000] {processor.py:161} INFO - Started process (PID=3529) to work on /opt/airflow/dags/dag_csv_to_postgres_dag.py
[2025-11-02T13:01:38.247+0000] {processor.py:830} INFO - Processing file /opt/airflow/dags/dag_csv_to_postgres_dag.py for tasks to queue
[2025-11-02T13:01:38.249+0000] {logging_mixin.py:188} INFO - [2025-11-02T13:01:38.249+0000] {dagbag.py:538} INFO - Filling up the DagBag from /opt/airflow/dags/dag_csv_to_postgres_dag.py
[2025-11-02T13:01:38.291+0000] {processor.py:840} INFO - DAG(s) 'load_csv_to_postgres' retrieved from /opt/airflow/dags/dag_csv_to_postgres_dag.py
[2025-11-02T13:01:38.342+0000] {logging_mixin.py:188} INFO - [2025-11-02T13:01:38.342+0000] {dag.py:3036} INFO - Sync 1 DAGs
[2025-11-02T13:01:38.379+0000] {logging_mixin.py:188} INFO - [2025-11-02T13:01:38.379+0000] {dag.py:3823} INFO - Setting next_dagrun for load_csv_to_postgres to None, run_after=None
[2025-11-02T13:01:38.429+0000] {processor.py:183} INFO - Processing /opt/airflow/dags/dag_csv_to_postgres_dag.py took 0.201 seconds
[2025-11-02T13:02:10.876+0000] {processor.py:161} INFO - Started process (PID=3541) to work on /opt/airflow/dags/dag_csv_to_postgres_dag.py
[2025-11-02T13:02:10.878+0000] {processor.py:830} INFO - Processing file /opt/airflow/dags/dag_csv_to_postgres_dag.py for tasks to queue
[2025-11-02T13:02:10.880+0000] {logging_mixin.py:188} INFO - [2025-11-02T13:02:10.879+0000] {dagbag.py:538} INFO - Filling up the DagBag from /opt/airflow/dags/dag_csv_to_postgres_dag.py
[2025-11-02T13:02:10.910+0000] {processor.py:840} INFO - DAG(s) 'load_csv_to_postgres' retrieved from /opt/airflow/dags/dag_csv_to_postgres_dag.py
[2025-11-02T13:02:10.966+0000] {logging_mixin.py:188} INFO - [2025-11-02T13:02:10.965+0000] {dag.py:3036} INFO - Sync 1 DAGs
[2025-11-02T13:02:10.989+0000] {logging_mixin.py:188} INFO - [2025-11-02T13:02:10.988+0000] {dag.py:3823} INFO - Setting next_dagrun for load_csv_to_postgres to None, run_after=None
[2025-11-02T13:02:11.028+0000] {processor.py:183} INFO - Processing /opt/airflow/dags/dag_csv_to_postgres_dag.py took 0.161 seconds
[2025-11-02T13:02:44.842+0000] {processor.py:161} INFO - Started process (PID=3553) to work on /opt/airflow/dags/dag_csv_to_postgres_dag.py
[2025-11-02T13:02:44.844+0000] {processor.py:830} INFO - Processing file /opt/airflow/dags/dag_csv_to_postgres_dag.py for tasks to queue
[2025-11-02T13:02:44.846+0000] {logging_mixin.py:188} INFO - [2025-11-02T13:02:44.845+0000] {dagbag.py:538} INFO - Filling up the DagBag from /opt/airflow/dags/dag_csv_to_postgres_dag.py
[2025-11-02T13:02:44.903+0000] {processor.py:840} INFO - DAG(s) 'load_csv_to_postgres' retrieved from /opt/airflow/dags/dag_csv_to_postgres_dag.py
[2025-11-02T13:02:45.022+0000] {logging_mixin.py:188} INFO - [2025-11-02T13:02:45.022+0000] {dag.py:3036} INFO - Sync 1 DAGs
[2025-11-02T13:02:45.045+0000] {logging_mixin.py:188} INFO - [2025-11-02T13:02:45.045+0000] {dag.py:3823} INFO - Setting next_dagrun for load_csv_to_postgres to None, run_after=None
[2025-11-02T13:02:45.098+0000] {processor.py:183} INFO - Processing /opt/airflow/dags/dag_csv_to_postgres_dag.py took 0.264 seconds
[2025-11-02T13:03:18.054+0000] {processor.py:161} INFO - Started process (PID=3565) to work on /opt/airflow/dags/dag_csv_to_postgres_dag.py
[2025-11-02T13:03:18.056+0000] {processor.py:830} INFO - Processing file /opt/airflow/dags/dag_csv_to_postgres_dag.py for tasks to queue
[2025-11-02T13:03:18.058+0000] {logging_mixin.py:188} INFO - [2025-11-02T13:03:18.057+0000] {dagbag.py:538} INFO - Filling up the DagBag from /opt/airflow/dags/dag_csv_to_postgres_dag.py
[2025-11-02T13:03:18.085+0000] {processor.py:840} INFO - DAG(s) 'load_csv_to_postgres' retrieved from /opt/airflow/dags/dag_csv_to_postgres_dag.py
[2025-11-02T13:03:18.131+0000] {logging_mixin.py:188} INFO - [2025-11-02T13:03:18.131+0000] {dag.py:3036} INFO - Sync 1 DAGs
[2025-11-02T13:03:18.150+0000] {logging_mixin.py:188} INFO - [2025-11-02T13:03:18.150+0000] {dag.py:3823} INFO - Setting next_dagrun for load_csv_to_postgres to None, run_after=None
[2025-11-02T13:03:18.190+0000] {processor.py:183} INFO - Processing /opt/airflow/dags/dag_csv_to_postgres_dag.py took 0.144 seconds
[2025-11-02T13:03:51.434+0000] {processor.py:161} INFO - Started process (PID=3577) to work on /opt/airflow/dags/dag_csv_to_postgres_dag.py
[2025-11-02T13:03:51.436+0000] {processor.py:830} INFO - Processing file /opt/airflow/dags/dag_csv_to_postgres_dag.py for tasks to queue
[2025-11-02T13:03:51.438+0000] {logging_mixin.py:188} INFO - [2025-11-02T13:03:51.437+0000] {dagbag.py:538} INFO - Filling up the DagBag from /opt/airflow/dags/dag_csv_to_postgres_dag.py
[2025-11-02T13:03:51.465+0000] {processor.py:840} INFO - DAG(s) 'load_csv_to_postgres' retrieved from /opt/airflow/dags/dag_csv_to_postgres_dag.py
[2025-11-02T13:03:51.501+0000] {logging_mixin.py:188} INFO - [2025-11-02T13:03:51.501+0000] {dag.py:3036} INFO - Sync 1 DAGs
[2025-11-02T13:03:51.517+0000] {logging_mixin.py:188} INFO - [2025-11-02T13:03:51.517+0000] {dag.py:3823} INFO - Setting next_dagrun for load_csv_to_postgres to None, run_after=None
[2025-11-02T13:03:51.546+0000] {processor.py:183} INFO - Processing /opt/airflow/dags/dag_csv_to_postgres_dag.py took 0.118 seconds
[2025-11-02T13:04:24.654+0000] {processor.py:161} INFO - Started process (PID=3589) to work on /opt/airflow/dags/dag_csv_to_postgres_dag.py
[2025-11-02T13:04:24.656+0000] {processor.py:830} INFO - Processing file /opt/airflow/dags/dag_csv_to_postgres_dag.py for tasks to queue
[2025-11-02T13:04:24.658+0000] {logging_mixin.py:188} INFO - [2025-11-02T13:04:24.657+0000] {dagbag.py:538} INFO - Filling up the DagBag from /opt/airflow/dags/dag_csv_to_postgres_dag.py
[2025-11-02T13:04:24.686+0000] {processor.py:840} INFO - DAG(s) 'load_csv_to_postgres' retrieved from /opt/airflow/dags/dag_csv_to_postgres_dag.py
[2025-11-02T13:04:24.748+0000] {logging_mixin.py:188} INFO - [2025-11-02T13:04:24.747+0000] {dag.py:3036} INFO - Sync 1 DAGs
[2025-11-02T13:04:24.766+0000] {logging_mixin.py:188} INFO - [2025-11-02T13:04:24.766+0000] {dag.py:3823} INFO - Setting next_dagrun for load_csv_to_postgres to None, run_after=None
[2025-11-02T13:04:24.826+0000] {processor.py:183} INFO - Processing /opt/airflow/dags/dag_csv_to_postgres_dag.py took 0.177 seconds
[2025-11-02T13:04:58.235+0000] {processor.py:161} INFO - Started process (PID=3601) to work on /opt/airflow/dags/dag_csv_to_postgres_dag.py
[2025-11-02T13:04:58.237+0000] {processor.py:830} INFO - Processing file /opt/airflow/dags/dag_csv_to_postgres_dag.py for tasks to queue
[2025-11-02T13:04:58.240+0000] {logging_mixin.py:188} INFO - [2025-11-02T13:04:58.239+0000] {dagbag.py:538} INFO - Filling up the DagBag from /opt/airflow/dags/dag_csv_to_postgres_dag.py
[2025-11-02T13:04:58.269+0000] {processor.py:840} INFO - DAG(s) 'load_csv_to_postgres' retrieved from /opt/airflow/dags/dag_csv_to_postgres_dag.py
[2025-11-02T13:04:58.330+0000] {logging_mixin.py:188} INFO - [2025-11-02T13:04:58.330+0000] {dag.py:3036} INFO - Sync 1 DAGs
[2025-11-02T13:04:58.363+0000] {logging_mixin.py:188} INFO - [2025-11-02T13:04:58.362+0000] {dag.py:3823} INFO - Setting next_dagrun for load_csv_to_postgres to None, run_after=None
[2025-11-02T13:04:58.608+0000] {processor.py:183} INFO - Processing /opt/airflow/dags/dag_csv_to_postgres_dag.py took 0.381 seconds
[2025-11-02T13:05:30.804+0000] {processor.py:161} INFO - Started process (PID=3613) to work on /opt/airflow/dags/dag_csv_to_postgres_dag.py
[2025-11-02T13:05:30.806+0000] {processor.py:830} INFO - Processing file /opt/airflow/dags/dag_csv_to_postgres_dag.py for tasks to queue
[2025-11-02T13:05:30.807+0000] {logging_mixin.py:188} INFO - [2025-11-02T13:05:30.807+0000] {dagbag.py:538} INFO - Filling up the DagBag from /opt/airflow/dags/dag_csv_to_postgres_dag.py
[2025-11-02T13:05:30.830+0000] {processor.py:840} INFO - DAG(s) 'load_csv_to_postgres' retrieved from /opt/airflow/dags/dag_csv_to_postgres_dag.py
[2025-11-02T13:05:30.881+0000] {logging_mixin.py:188} INFO - [2025-11-02T13:05:30.881+0000] {dag.py:3036} INFO - Sync 1 DAGs
[2025-11-02T13:05:30.899+0000] {logging_mixin.py:188} INFO - [2025-11-02T13:05:30.899+0000] {dag.py:3823} INFO - Setting next_dagrun for load_csv_to_postgres to None, run_after=None
[2025-11-02T13:05:30.945+0000] {processor.py:183} INFO - Processing /opt/airflow/dags/dag_csv_to_postgres_dag.py took 0.146 seconds
[2025-11-02T13:06:04.022+0000] {processor.py:161} INFO - Started process (PID=3625) to work on /opt/airflow/dags/dag_csv_to_postgres_dag.py
[2025-11-02T13:06:04.024+0000] {processor.py:830} INFO - Processing file /opt/airflow/dags/dag_csv_to_postgres_dag.py for tasks to queue
[2025-11-02T13:06:04.025+0000] {logging_mixin.py:188} INFO - [2025-11-02T13:06:04.025+0000] {dagbag.py:538} INFO - Filling up the DagBag from /opt/airflow/dags/dag_csv_to_postgres_dag.py
[2025-11-02T13:06:04.047+0000] {processor.py:840} INFO - DAG(s) 'load_csv_to_postgres' retrieved from /opt/airflow/dags/dag_csv_to_postgres_dag.py
[2025-11-02T13:06:04.085+0000] {logging_mixin.py:188} INFO - [2025-11-02T13:06:04.084+0000] {dag.py:3036} INFO - Sync 1 DAGs
[2025-11-02T13:06:04.101+0000] {logging_mixin.py:188} INFO - [2025-11-02T13:06:04.101+0000] {dag.py:3823} INFO - Setting next_dagrun for load_csv_to_postgres to None, run_after=None
[2025-11-02T13:06:04.132+0000] {processor.py:183} INFO - Processing /opt/airflow/dags/dag_csv_to_postgres_dag.py took 0.116 seconds
[2025-11-02T13:06:37.701+0000] {processor.py:161} INFO - Started process (PID=3637) to work on /opt/airflow/dags/dag_csv_to_postgres_dag.py
[2025-11-02T13:06:37.704+0000] {processor.py:830} INFO - Processing file /opt/airflow/dags/dag_csv_to_postgres_dag.py for tasks to queue
[2025-11-02T13:06:37.707+0000] {logging_mixin.py:188} INFO - [2025-11-02T13:06:37.706+0000] {dagbag.py:538} INFO - Filling up the DagBag from /opt/airflow/dags/dag_csv_to_postgres_dag.py
[2025-11-02T13:06:37.745+0000] {processor.py:840} INFO - DAG(s) 'load_csv_to_postgres' retrieved from /opt/airflow/dags/dag_csv_to_postgres_dag.py
[2025-11-02T13:06:37.837+0000] {logging_mixin.py:188} INFO - [2025-11-02T13:06:37.837+0000] {dag.py:3036} INFO - Sync 1 DAGs
[2025-11-02T13:06:37.921+0000] {logging_mixin.py:188} INFO - [2025-11-02T13:06:37.920+0000] {dag.py:3823} INFO - Setting next_dagrun for load_csv_to_postgres to None, run_after=None
[2025-11-02T13:06:38.115+0000] {processor.py:183} INFO - Processing /opt/airflow/dags/dag_csv_to_postgres_dag.py took 0.426 seconds
[2025-11-02T13:07:11.502+0000] {processor.py:161} INFO - Started process (PID=3649) to work on /opt/airflow/dags/dag_csv_to_postgres_dag.py
[2025-11-02T13:07:11.504+0000] {processor.py:830} INFO - Processing file /opt/airflow/dags/dag_csv_to_postgres_dag.py for tasks to queue
[2025-11-02T13:07:11.507+0000] {logging_mixin.py:188} INFO - [2025-11-02T13:07:11.506+0000] {dagbag.py:538} INFO - Filling up the DagBag from /opt/airflow/dags/dag_csv_to_postgres_dag.py
[2025-11-02T13:07:11.702+0000] {processor.py:840} INFO - DAG(s) 'load_csv_to_postgres' retrieved from /opt/airflow/dags/dag_csv_to_postgres_dag.py
[2025-11-02T13:07:11.863+0000] {logging_mixin.py:188} INFO - [2025-11-02T13:07:11.853+0000] {dag.py:3036} INFO - Sync 1 DAGs
[2025-11-02T13:07:11.965+0000] {logging_mixin.py:188} INFO - [2025-11-02T13:07:11.965+0000] {dag.py:3823} INFO - Setting next_dagrun for load_csv_to_postgres to None, run_after=None
[2025-11-02T13:07:12.174+0000] {processor.py:183} INFO - Processing /opt/airflow/dags/dag_csv_to_postgres_dag.py took 0.688 seconds
[2025-11-02T13:07:46.844+0000] {processor.py:161} INFO - Started process (PID=3661) to work on /opt/airflow/dags/dag_csv_to_postgres_dag.py
[2025-11-02T13:07:46.850+0000] {processor.py:830} INFO - Processing file /opt/airflow/dags/dag_csv_to_postgres_dag.py for tasks to queue
[2025-11-02T13:07:46.863+0000] {logging_mixin.py:188} INFO - [2025-11-02T13:07:46.862+0000] {dagbag.py:538} INFO - Filling up the DagBag from /opt/airflow/dags/dag_csv_to_postgres_dag.py
[2025-11-02T13:07:47.160+0000] {processor.py:840} INFO - DAG(s) 'load_csv_to_postgres' retrieved from /opt/airflow/dags/dag_csv_to_postgres_dag.py
[2025-11-02T13:07:47.356+0000] {logging_mixin.py:188} INFO - [2025-11-02T13:07:47.355+0000] {dag.py:3036} INFO - Sync 1 DAGs
[2025-11-02T13:07:47.483+0000] {logging_mixin.py:188} INFO - [2025-11-02T13:07:47.482+0000] {dag.py:3823} INFO - Setting next_dagrun for load_csv_to_postgres to None, run_after=None
[2025-11-02T13:07:47.732+0000] {processor.py:183} INFO - Processing /opt/airflow/dags/dag_csv_to_postgres_dag.py took 0.906 seconds
[2025-11-02T13:08:20.838+0000] {processor.py:161} INFO - Started process (PID=3673) to work on /opt/airflow/dags/dag_csv_to_postgres_dag.py
[2025-11-02T13:08:20.884+0000] {processor.py:830} INFO - Processing file /opt/airflow/dags/dag_csv_to_postgres_dag.py for tasks to queue
[2025-11-02T13:08:20.917+0000] {logging_mixin.py:188} INFO - [2025-11-02T13:08:20.916+0000] {dagbag.py:538} INFO - Filling up the DagBag from /opt/airflow/dags/dag_csv_to_postgres_dag.py
[2025-11-02T13:08:21.334+0000] {processor.py:840} INFO - DAG(s) 'load_csv_to_postgres' retrieved from /opt/airflow/dags/dag_csv_to_postgres_dag.py
[2025-11-02T13:08:21.528+0000] {logging_mixin.py:188} INFO - [2025-11-02T13:08:21.517+0000] {dag.py:3036} INFO - Sync 1 DAGs
[2025-11-02T13:08:21.616+0000] {logging_mixin.py:188} INFO - [2025-11-02T13:08:21.616+0000] {dag.py:3823} INFO - Setting next_dagrun for load_csv_to_postgres to None, run_after=None
[2025-11-02T13:08:21.771+0000] {processor.py:183} INFO - Processing /opt/airflow/dags/dag_csv_to_postgres_dag.py took 0.958 seconds
[2025-11-02T13:08:52.949+0000] {processor.py:161} INFO - Started process (PID=3685) to work on /opt/airflow/dags/dag_csv_to_postgres_dag.py
[2025-11-02T13:08:52.953+0000] {processor.py:830} INFO - Processing file /opt/airflow/dags/dag_csv_to_postgres_dag.py for tasks to queue
[2025-11-02T13:08:52.966+0000] {logging_mixin.py:188} INFO - [2025-11-02T13:08:52.961+0000] {dagbag.py:538} INFO - Filling up the DagBag from /opt/airflow/dags/dag_csv_to_postgres_dag.py
[2025-11-02T13:08:53.030+0000] {processor.py:840} INFO - DAG(s) 'load_csv_to_postgres' retrieved from /opt/airflow/dags/dag_csv_to_postgres_dag.py
[2025-11-02T13:08:53.308+0000] {logging_mixin.py:188} INFO - [2025-11-02T13:08:53.308+0000] {dag.py:3036} INFO - Sync 1 DAGs
[2025-11-02T13:08:53.332+0000] {logging_mixin.py:188} INFO - [2025-11-02T13:08:53.332+0000] {dag.py:3823} INFO - Setting next_dagrun for load_csv_to_postgres to None, run_after=None
[2025-11-02T13:08:53.474+0000] {processor.py:183} INFO - Processing /opt/airflow/dags/dag_csv_to_postgres_dag.py took 0.534 seconds
[2025-11-02T13:09:24.688+0000] {processor.py:161} INFO - Started process (PID=3697) to work on /opt/airflow/dags/dag_csv_to_postgres_dag.py
[2025-11-02T13:09:24.690+0000] {processor.py:830} INFO - Processing file /opt/airflow/dags/dag_csv_to_postgres_dag.py for tasks to queue
[2025-11-02T13:09:24.696+0000] {logging_mixin.py:188} INFO - [2025-11-02T13:09:24.695+0000] {dagbag.py:538} INFO - Filling up the DagBag from /opt/airflow/dags/dag_csv_to_postgres_dag.py
[2025-11-02T13:09:24.852+0000] {processor.py:840} INFO - DAG(s) 'load_csv_to_postgres' retrieved from /opt/airflow/dags/dag_csv_to_postgres_dag.py
[2025-11-02T13:09:25.155+0000] {logging_mixin.py:188} INFO - [2025-11-02T13:09:25.155+0000] {dag.py:3036} INFO - Sync 1 DAGs
[2025-11-02T13:09:25.200+0000] {logging_mixin.py:188} INFO - [2025-11-02T13:09:25.199+0000] {dag.py:3823} INFO - Setting next_dagrun for load_csv_to_postgres to None, run_after=None
[2025-11-02T13:09:25.472+0000] {processor.py:183} INFO - Processing /opt/airflow/dags/dag_csv_to_postgres_dag.py took 0.804 seconds
[2025-11-02T13:09:58.308+0000] {processor.py:161} INFO - Started process (PID=3709) to work on /opt/airflow/dags/dag_csv_to_postgres_dag.py
[2025-11-02T13:09:58.312+0000] {processor.py:830} INFO - Processing file /opt/airflow/dags/dag_csv_to_postgres_dag.py for tasks to queue
[2025-11-02T13:09:58.314+0000] {logging_mixin.py:188} INFO - [2025-11-02T13:09:58.314+0000] {dagbag.py:538} INFO - Filling up the DagBag from /opt/airflow/dags/dag_csv_to_postgres_dag.py
[2025-11-02T13:09:58.368+0000] {processor.py:840} INFO - DAG(s) 'load_csv_to_postgres' retrieved from /opt/airflow/dags/dag_csv_to_postgres_dag.py
[2025-11-02T13:09:58.441+0000] {logging_mixin.py:188} INFO - [2025-11-02T13:09:58.441+0000] {dag.py:3036} INFO - Sync 1 DAGs
[2025-11-02T13:09:58.474+0000] {logging_mixin.py:188} INFO - [2025-11-02T13:09:58.473+0000] {dag.py:3823} INFO - Setting next_dagrun for load_csv_to_postgres to None, run_after=None
[2025-11-02T13:09:58.537+0000] {processor.py:183} INFO - Processing /opt/airflow/dags/dag_csv_to_postgres_dag.py took 0.247 seconds
[2025-11-02T13:10:31.006+0000] {processor.py:161} INFO - Started process (PID=3721) to work on /opt/airflow/dags/dag_csv_to_postgres_dag.py
[2025-11-02T13:10:31.009+0000] {processor.py:830} INFO - Processing file /opt/airflow/dags/dag_csv_to_postgres_dag.py for tasks to queue
[2025-11-02T13:10:31.013+0000] {logging_mixin.py:188} INFO - [2025-11-02T13:10:31.011+0000] {dagbag.py:538} INFO - Filling up the DagBag from /opt/airflow/dags/dag_csv_to_postgres_dag.py
[2025-11-02T13:10:31.062+0000] {processor.py:840} INFO - DAG(s) 'load_csv_to_postgres' retrieved from /opt/airflow/dags/dag_csv_to_postgres_dag.py
[2025-11-02T13:10:31.235+0000] {logging_mixin.py:188} INFO - [2025-11-02T13:10:31.234+0000] {dag.py:3036} INFO - Sync 1 DAGs
[2025-11-02T13:10:31.298+0000] {logging_mixin.py:188} INFO - [2025-11-02T13:10:31.298+0000] {dag.py:3823} INFO - Setting next_dagrun for load_csv_to_postgres to None, run_after=None
[2025-11-02T13:10:31.385+0000] {processor.py:183} INFO - Processing /opt/airflow/dags/dag_csv_to_postgres_dag.py took 0.395 seconds
[2025-11-02T13:11:04.287+0000] {processor.py:161} INFO - Started process (PID=3733) to work on /opt/airflow/dags/dag_csv_to_postgres_dag.py
[2025-11-02T13:11:04.289+0000] {processor.py:830} INFO - Processing file /opt/airflow/dags/dag_csv_to_postgres_dag.py for tasks to queue
[2025-11-02T13:11:04.292+0000] {logging_mixin.py:188} INFO - [2025-11-02T13:11:04.291+0000] {dagbag.py:538} INFO - Filling up the DagBag from /opt/airflow/dags/dag_csv_to_postgres_dag.py
[2025-11-02T13:11:04.322+0000] {processor.py:840} INFO - DAG(s) 'load_csv_to_postgres' retrieved from /opt/airflow/dags/dag_csv_to_postgres_dag.py
[2025-11-02T13:11:04.606+0000] {logging_mixin.py:188} INFO - [2025-11-02T13:11:04.605+0000] {dag.py:3036} INFO - Sync 1 DAGs
[2025-11-02T13:11:04.665+0000] {logging_mixin.py:188} INFO - [2025-11-02T13:11:04.665+0000] {dag.py:3823} INFO - Setting next_dagrun for load_csv_to_postgres to None, run_after=None
[2025-11-02T13:11:04.781+0000] {processor.py:183} INFO - Processing /opt/airflow/dags/dag_csv_to_postgres_dag.py took 0.502 seconds
[2025-11-02T13:11:37.628+0000] {processor.py:161} INFO - Started process (PID=3745) to work on /opt/airflow/dags/dag_csv_to_postgres_dag.py
[2025-11-02T13:11:37.633+0000] {processor.py:830} INFO - Processing file /opt/airflow/dags/dag_csv_to_postgres_dag.py for tasks to queue
[2025-11-02T13:11:37.637+0000] {logging_mixin.py:188} INFO - [2025-11-02T13:11:37.636+0000] {dagbag.py:538} INFO - Filling up the DagBag from /opt/airflow/dags/dag_csv_to_postgres_dag.py
[2025-11-02T13:11:37.920+0000] {processor.py:840} INFO - DAG(s) 'load_csv_to_postgres' retrieved from /opt/airflow/dags/dag_csv_to_postgres_dag.py
[2025-11-02T13:11:37.991+0000] {logging_mixin.py:188} INFO - [2025-11-02T13:11:37.991+0000] {dag.py:3036} INFO - Sync 1 DAGs
[2025-11-02T13:11:38.024+0000] {logging_mixin.py:188} INFO - [2025-11-02T13:11:38.024+0000] {dag.py:3823} INFO - Setting next_dagrun for load_csv_to_postgres to None, run_after=None
[2025-11-02T13:11:38.118+0000] {processor.py:183} INFO - Processing /opt/airflow/dags/dag_csv_to_postgres_dag.py took 0.506 seconds
[2025-11-02T13:12:11.437+0000] {processor.py:161} INFO - Started process (PID=3757) to work on /opt/airflow/dags/dag_csv_to_postgres_dag.py
[2025-11-02T13:12:11.441+0000] {processor.py:830} INFO - Processing file /opt/airflow/dags/dag_csv_to_postgres_dag.py for tasks to queue
[2025-11-02T13:12:11.444+0000] {logging_mixin.py:188} INFO - [2025-11-02T13:12:11.443+0000] {dagbag.py:538} INFO - Filling up the DagBag from /opt/airflow/dags/dag_csv_to_postgres_dag.py
[2025-11-02T13:12:11.494+0000] {processor.py:840} INFO - DAG(s) 'load_csv_to_postgres' retrieved from /opt/airflow/dags/dag_csv_to_postgres_dag.py
[2025-11-02T13:12:11.582+0000] {logging_mixin.py:188} INFO - [2025-11-02T13:12:11.582+0000] {dag.py:3036} INFO - Sync 1 DAGs
[2025-11-02T13:12:11.600+0000] {logging_mixin.py:188} INFO - [2025-11-02T13:12:11.599+0000] {dag.py:3823} INFO - Setting next_dagrun for load_csv_to_postgres to None, run_after=None
[2025-11-02T13:12:11.667+0000] {processor.py:183} INFO - Processing /opt/airflow/dags/dag_csv_to_postgres_dag.py took 0.252 seconds
[2025-11-02T13:12:45.464+0000] {processor.py:161} INFO - Started process (PID=3769) to work on /opt/airflow/dags/dag_csv_to_postgres_dag.py
[2025-11-02T13:12:45.468+0000] {processor.py:830} INFO - Processing file /opt/airflow/dags/dag_csv_to_postgres_dag.py for tasks to queue
[2025-11-02T13:12:45.470+0000] {logging_mixin.py:188} INFO - [2025-11-02T13:12:45.469+0000] {dagbag.py:538} INFO - Filling up the DagBag from /opt/airflow/dags/dag_csv_to_postgres_dag.py
[2025-11-02T13:12:45.508+0000] {processor.py:840} INFO - DAG(s) 'load_csv_to_postgres' retrieved from /opt/airflow/dags/dag_csv_to_postgres_dag.py
[2025-11-02T13:12:45.548+0000] {logging_mixin.py:188} INFO - [2025-11-02T13:12:45.547+0000] {dag.py:3036} INFO - Sync 1 DAGs
[2025-11-02T13:12:45.565+0000] {logging_mixin.py:188} INFO - [2025-11-02T13:12:45.564+0000] {dag.py:3823} INFO - Setting next_dagrun for load_csv_to_postgres to None, run_after=None
[2025-11-02T13:12:45.609+0000] {processor.py:183} INFO - Processing /opt/airflow/dags/dag_csv_to_postgres_dag.py took 0.151 seconds
[2025-11-02T13:13:19.291+0000] {processor.py:161} INFO - Started process (PID=3782) to work on /opt/airflow/dags/dag_csv_to_postgres_dag.py
[2025-11-02T13:13:19.294+0000] {processor.py:830} INFO - Processing file /opt/airflow/dags/dag_csv_to_postgres_dag.py for tasks to queue
[2025-11-02T13:13:19.295+0000] {logging_mixin.py:188} INFO - [2025-11-02T13:13:19.295+0000] {dagbag.py:538} INFO - Filling up the DagBag from /opt/airflow/dags/dag_csv_to_postgres_dag.py
[2025-11-02T13:13:19.326+0000] {processor.py:840} INFO - DAG(s) 'load_csv_to_postgres' retrieved from /opt/airflow/dags/dag_csv_to_postgres_dag.py
[2025-11-02T13:13:19.476+0000] {logging_mixin.py:188} INFO - [2025-11-02T13:13:19.475+0000] {dag.py:3036} INFO - Sync 1 DAGs
[2025-11-02T13:13:19.495+0000] {logging_mixin.py:188} INFO - [2025-11-02T13:13:19.495+0000] {dag.py:3823} INFO - Setting next_dagrun for load_csv_to_postgres to None, run_after=None
[2025-11-02T13:13:19.779+0000] {processor.py:183} INFO - Processing /opt/airflow/dags/dag_csv_to_postgres_dag.py took 0.493 seconds
[2025-11-02T13:13:52.134+0000] {processor.py:161} INFO - Started process (PID=3794) to work on /opt/airflow/dags/dag_csv_to_postgres_dag.py
[2025-11-02T13:13:52.136+0000] {processor.py:830} INFO - Processing file /opt/airflow/dags/dag_csv_to_postgres_dag.py for tasks to queue
[2025-11-02T13:13:52.137+0000] {logging_mixin.py:188} INFO - [2025-11-02T13:13:52.137+0000] {dagbag.py:538} INFO - Filling up the DagBag from /opt/airflow/dags/dag_csv_to_postgres_dag.py
[2025-11-02T13:13:52.167+0000] {processor.py:840} INFO - DAG(s) 'load_csv_to_postgres' retrieved from /opt/airflow/dags/dag_csv_to_postgres_dag.py
[2025-11-02T13:13:52.245+0000] {logging_mixin.py:188} INFO - [2025-11-02T13:13:52.243+0000] {dag.py:3036} INFO - Sync 1 DAGs
[2025-11-02T13:13:52.268+0000] {logging_mixin.py:188} INFO - [2025-11-02T13:13:52.268+0000] {dag.py:3823} INFO - Setting next_dagrun for load_csv_to_postgres to None, run_after=None
[2025-11-02T13:13:52.366+0000] {processor.py:183} INFO - Processing /opt/airflow/dags/dag_csv_to_postgres_dag.py took 0.245 seconds
[2025-11-02T13:14:25.072+0000] {processor.py:161} INFO - Started process (PID=3806) to work on /opt/airflow/dags/dag_csv_to_postgres_dag.py
[2025-11-02T13:14:25.076+0000] {processor.py:830} INFO - Processing file /opt/airflow/dags/dag_csv_to_postgres_dag.py for tasks to queue
[2025-11-02T13:14:25.079+0000] {logging_mixin.py:188} INFO - [2025-11-02T13:14:25.078+0000] {dagbag.py:538} INFO - Filling up the DagBag from /opt/airflow/dags/dag_csv_to_postgres_dag.py
[2025-11-02T13:14:25.126+0000] {processor.py:840} INFO - DAG(s) 'load_csv_to_postgres' retrieved from /opt/airflow/dags/dag_csv_to_postgres_dag.py
[2025-11-02T13:14:25.186+0000] {logging_mixin.py:188} INFO - [2025-11-02T13:14:25.185+0000] {dag.py:3036} INFO - Sync 1 DAGs
[2025-11-02T13:14:25.210+0000] {logging_mixin.py:188} INFO - [2025-11-02T13:14:25.210+0000] {dag.py:3823} INFO - Setting next_dagrun for load_csv_to_postgres to None, run_after=None
[2025-11-02T13:14:25.256+0000] {processor.py:183} INFO - Processing /opt/airflow/dags/dag_csv_to_postgres_dag.py took 0.190 seconds
[2025-11-02T13:14:58.561+0000] {processor.py:161} INFO - Started process (PID=3818) to work on /opt/airflow/dags/dag_csv_to_postgres_dag.py
[2025-11-02T13:14:58.563+0000] {processor.py:830} INFO - Processing file /opt/airflow/dags/dag_csv_to_postgres_dag.py for tasks to queue
[2025-11-02T13:14:58.564+0000] {logging_mixin.py:188} INFO - [2025-11-02T13:14:58.564+0000] {dagbag.py:538} INFO - Filling up the DagBag from /opt/airflow/dags/dag_csv_to_postgres_dag.py
[2025-11-02T13:14:58.588+0000] {processor.py:840} INFO - DAG(s) 'load_csv_to_postgres' retrieved from /opt/airflow/dags/dag_csv_to_postgres_dag.py
[2025-11-02T13:14:58.657+0000] {logging_mixin.py:188} INFO - [2025-11-02T13:14:58.656+0000] {dag.py:3036} INFO - Sync 1 DAGs
[2025-11-02T13:14:58.692+0000] {logging_mixin.py:188} INFO - [2025-11-02T13:14:58.691+0000] {dag.py:3823} INFO - Setting next_dagrun for load_csv_to_postgres to None, run_after=None
[2025-11-02T13:14:58.735+0000] {processor.py:183} INFO - Processing /opt/airflow/dags/dag_csv_to_postgres_dag.py took 0.179 seconds
[2025-11-02T13:15:31.324+0000] {processor.py:161} INFO - Started process (PID=3831) to work on /opt/airflow/dags/dag_csv_to_postgres_dag.py
[2025-11-02T13:15:31.327+0000] {processor.py:830} INFO - Processing file /opt/airflow/dags/dag_csv_to_postgres_dag.py for tasks to queue
[2025-11-02T13:15:31.329+0000] {logging_mixin.py:188} INFO - [2025-11-02T13:15:31.328+0000] {dagbag.py:538} INFO - Filling up the DagBag from /opt/airflow/dags/dag_csv_to_postgres_dag.py
[2025-11-02T13:15:31.364+0000] {processor.py:840} INFO - DAG(s) 'load_csv_to_postgres' retrieved from /opt/airflow/dags/dag_csv_to_postgres_dag.py
[2025-11-02T13:15:31.426+0000] {logging_mixin.py:188} INFO - [2025-11-02T13:15:31.426+0000] {dag.py:3036} INFO - Sync 1 DAGs
[2025-11-02T13:15:31.450+0000] {logging_mixin.py:188} INFO - [2025-11-02T13:15:31.450+0000] {dag.py:3823} INFO - Setting next_dagrun for load_csv_to_postgres to None, run_after=None
[2025-11-02T13:15:31.494+0000] {processor.py:183} INFO - Processing /opt/airflow/dags/dag_csv_to_postgres_dag.py took 0.177 seconds
[2025-11-02T13:16:04.894+0000] {processor.py:161} INFO - Started process (PID=3843) to work on /opt/airflow/dags/dag_csv_to_postgres_dag.py
[2025-11-02T13:16:04.896+0000] {processor.py:830} INFO - Processing file /opt/airflow/dags/dag_csv_to_postgres_dag.py for tasks to queue
[2025-11-02T13:16:04.898+0000] {logging_mixin.py:188} INFO - [2025-11-02T13:16:04.897+0000] {dagbag.py:538} INFO - Filling up the DagBag from /opt/airflow/dags/dag_csv_to_postgres_dag.py
[2025-11-02T13:16:04.925+0000] {processor.py:840} INFO - DAG(s) 'load_csv_to_postgres' retrieved from /opt/airflow/dags/dag_csv_to_postgres_dag.py
[2025-11-02T13:16:04.965+0000] {logging_mixin.py:188} INFO - [2025-11-02T13:16:04.964+0000] {dag.py:3036} INFO - Sync 1 DAGs
[2025-11-02T13:16:04.981+0000] {logging_mixin.py:188} INFO - [2025-11-02T13:16:04.981+0000] {dag.py:3823} INFO - Setting next_dagrun for load_csv_to_postgres to None, run_after=None
[2025-11-02T13:16:05.020+0000] {processor.py:183} INFO - Processing /opt/airflow/dags/dag_csv_to_postgres_dag.py took 0.131 seconds
[2025-11-02T13:16:38.468+0000] {processor.py:161} INFO - Started process (PID=3855) to work on /opt/airflow/dags/dag_csv_to_postgres_dag.py
[2025-11-02T13:16:38.471+0000] {processor.py:830} INFO - Processing file /opt/airflow/dags/dag_csv_to_postgres_dag.py for tasks to queue
[2025-11-02T13:16:38.472+0000] {logging_mixin.py:188} INFO - [2025-11-02T13:16:38.472+0000] {dagbag.py:538} INFO - Filling up the DagBag from /opt/airflow/dags/dag_csv_to_postgres_dag.py
[2025-11-02T13:16:38.497+0000] {processor.py:840} INFO - DAG(s) 'load_csv_to_postgres' retrieved from /opt/airflow/dags/dag_csv_to_postgres_dag.py
[2025-11-02T13:16:38.536+0000] {logging_mixin.py:188} INFO - [2025-11-02T13:16:38.536+0000] {dag.py:3036} INFO - Sync 1 DAGs
[2025-11-02T13:16:38.554+0000] {logging_mixin.py:188} INFO - [2025-11-02T13:16:38.554+0000] {dag.py:3823} INFO - Setting next_dagrun for load_csv_to_postgres to None, run_after=None
[2025-11-02T13:16:38.586+0000] {processor.py:183} INFO - Processing /opt/airflow/dags/dag_csv_to_postgres_dag.py took 0.129 seconds
[2025-11-02T13:17:11.890+0000] {processor.py:161} INFO - Started process (PID=3867) to work on /opt/airflow/dags/dag_csv_to_postgres_dag.py
[2025-11-02T13:17:11.899+0000] {processor.py:830} INFO - Processing file /opt/airflow/dags/dag_csv_to_postgres_dag.py for tasks to queue
[2025-11-02T13:17:11.902+0000] {logging_mixin.py:188} INFO - [2025-11-02T13:17:11.901+0000] {dagbag.py:538} INFO - Filling up the DagBag from /opt/airflow/dags/dag_csv_to_postgres_dag.py
[2025-11-02T13:17:11.934+0000] {processor.py:840} INFO - DAG(s) 'load_csv_to_postgres' retrieved from /opt/airflow/dags/dag_csv_to_postgres_dag.py
[2025-11-02T13:17:11.990+0000] {logging_mixin.py:188} INFO - [2025-11-02T13:17:11.989+0000] {dag.py:3036} INFO - Sync 1 DAGs
[2025-11-02T13:17:12.030+0000] {logging_mixin.py:188} INFO - [2025-11-02T13:17:12.029+0000] {dag.py:3823} INFO - Setting next_dagrun for load_csv_to_postgres to None, run_after=None
[2025-11-02T13:17:12.095+0000] {processor.py:183} INFO - Processing /opt/airflow/dags/dag_csv_to_postgres_dag.py took 0.221 seconds
[2025-11-02T13:17:45.497+0000] {processor.py:161} INFO - Started process (PID=3879) to work on /opt/airflow/dags/dag_csv_to_postgres_dag.py
[2025-11-02T13:17:45.500+0000] {processor.py:830} INFO - Processing file /opt/airflow/dags/dag_csv_to_postgres_dag.py for tasks to queue
[2025-11-02T13:17:45.503+0000] {logging_mixin.py:188} INFO - [2025-11-02T13:17:45.502+0000] {dagbag.py:538} INFO - Filling up the DagBag from /opt/airflow/dags/dag_csv_to_postgres_dag.py
[2025-11-02T13:17:45.534+0000] {processor.py:840} INFO - DAG(s) 'load_csv_to_postgres' retrieved from /opt/airflow/dags/dag_csv_to_postgres_dag.py
[2025-11-02T13:17:45.580+0000] {logging_mixin.py:188} INFO - [2025-11-02T13:17:45.580+0000] {dag.py:3036} INFO - Sync 1 DAGs
[2025-11-02T13:17:45.598+0000] {logging_mixin.py:188} INFO - [2025-11-02T13:17:45.597+0000] {dag.py:3823} INFO - Setting next_dagrun for load_csv_to_postgres to None, run_after=None
[2025-11-02T13:17:45.640+0000] {processor.py:183} INFO - Processing /opt/airflow/dags/dag_csv_to_postgres_dag.py took 0.150 seconds
[2025-11-02T13:18:18.139+0000] {processor.py:161} INFO - Started process (PID=3891) to work on /opt/airflow/dags/dag_csv_to_postgres_dag.py
[2025-11-02T13:18:18.141+0000] {processor.py:830} INFO - Processing file /opt/airflow/dags/dag_csv_to_postgres_dag.py for tasks to queue
[2025-11-02T13:18:18.142+0000] {logging_mixin.py:188} INFO - [2025-11-02T13:18:18.142+0000] {dagbag.py:538} INFO - Filling up the DagBag from /opt/airflow/dags/dag_csv_to_postgres_dag.py
[2025-11-02T13:18:18.177+0000] {processor.py:840} INFO - DAG(s) 'load_csv_to_postgres' retrieved from /opt/airflow/dags/dag_csv_to_postgres_dag.py
[2025-11-02T13:18:18.256+0000] {logging_mixin.py:188} INFO - [2025-11-02T13:18:18.255+0000] {dag.py:3036} INFO - Sync 1 DAGs
[2025-11-02T13:18:18.288+0000] {logging_mixin.py:188} INFO - [2025-11-02T13:18:18.287+0000] {dag.py:3823} INFO - Setting next_dagrun for load_csv_to_postgres to None, run_after=None
[2025-11-02T13:18:18.333+0000] {processor.py:183} INFO - Processing /opt/airflow/dags/dag_csv_to_postgres_dag.py took 0.200 seconds
[2025-11-02T13:18:52.010+0000] {processor.py:161} INFO - Started process (PID=3903) to work on /opt/airflow/dags/dag_csv_to_postgres_dag.py
[2025-11-02T13:18:52.012+0000] {processor.py:830} INFO - Processing file /opt/airflow/dags/dag_csv_to_postgres_dag.py for tasks to queue
[2025-11-02T13:18:52.014+0000] {logging_mixin.py:188} INFO - [2025-11-02T13:18:52.013+0000] {dagbag.py:538} INFO - Filling up the DagBag from /opt/airflow/dags/dag_csv_to_postgres_dag.py
[2025-11-02T13:18:52.042+0000] {processor.py:840} INFO - DAG(s) 'load_csv_to_postgres' retrieved from /opt/airflow/dags/dag_csv_to_postgres_dag.py
[2025-11-02T13:18:52.149+0000] {logging_mixin.py:188} INFO - [2025-11-02T13:18:52.148+0000] {dag.py:3036} INFO - Sync 1 DAGs
[2025-11-02T13:18:52.171+0000] {logging_mixin.py:188} INFO - [2025-11-02T13:18:52.171+0000] {dag.py:3823} INFO - Setting next_dagrun for load_csv_to_postgres to None, run_after=None
[2025-11-02T13:18:52.223+0000] {processor.py:183} INFO - Processing /opt/airflow/dags/dag_csv_to_postgres_dag.py took 0.220 seconds
[2025-11-02T13:19:26.304+0000] {processor.py:161} INFO - Started process (PID=3915) to work on /opt/airflow/dags/dag_csv_to_postgres_dag.py
[2025-11-02T13:19:26.306+0000] {processor.py:830} INFO - Processing file /opt/airflow/dags/dag_csv_to_postgres_dag.py for tasks to queue
[2025-11-02T13:19:26.308+0000] {logging_mixin.py:188} INFO - [2025-11-02T13:19:26.307+0000] {dagbag.py:538} INFO - Filling up the DagBag from /opt/airflow/dags/dag_csv_to_postgres_dag.py
[2025-11-02T13:19:26.336+0000] {processor.py:840} INFO - DAG(s) 'load_csv_to_postgres' retrieved from /opt/airflow/dags/dag_csv_to_postgres_dag.py
[2025-11-02T13:19:26.386+0000] {logging_mixin.py:188} INFO - [2025-11-02T13:19:26.385+0000] {dag.py:3036} INFO - Sync 1 DAGs
[2025-11-02T13:19:26.409+0000] {logging_mixin.py:188} INFO - [2025-11-02T13:19:26.409+0000] {dag.py:3823} INFO - Setting next_dagrun for load_csv_to_postgres to None, run_after=None
[2025-11-02T13:19:26.452+0000] {processor.py:183} INFO - Processing /opt/airflow/dags/dag_csv_to_postgres_dag.py took 0.155 seconds
[2025-11-02T13:19:58.088+0000] {processor.py:161} INFO - Started process (PID=3927) to work on /opt/airflow/dags/dag_csv_to_postgres_dag.py
[2025-11-02T13:19:58.091+0000] {processor.py:830} INFO - Processing file /opt/airflow/dags/dag_csv_to_postgres_dag.py for tasks to queue
[2025-11-02T13:19:58.093+0000] {logging_mixin.py:188} INFO - [2025-11-02T13:19:58.092+0000] {dagbag.py:538} INFO - Filling up the DagBag from /opt/airflow/dags/dag_csv_to_postgres_dag.py
[2025-11-02T13:19:58.120+0000] {processor.py:840} INFO - DAG(s) 'load_csv_to_postgres' retrieved from /opt/airflow/dags/dag_csv_to_postgres_dag.py
[2025-11-02T13:19:58.166+0000] {logging_mixin.py:188} INFO - [2025-11-02T13:19:58.166+0000] {dag.py:3036} INFO - Sync 1 DAGs
[2025-11-02T13:19:58.184+0000] {logging_mixin.py:188} INFO - [2025-11-02T13:19:58.184+0000] {dag.py:3823} INFO - Setting next_dagrun for load_csv_to_postgres to None, run_after=None
[2025-11-02T13:19:58.214+0000] {processor.py:183} INFO - Processing /opt/airflow/dags/dag_csv_to_postgres_dag.py took 0.134 seconds
[2025-11-02T13:20:31.649+0000] {processor.py:161} INFO - Started process (PID=3939) to work on /opt/airflow/dags/dag_csv_to_postgres_dag.py
[2025-11-02T13:20:31.653+0000] {processor.py:830} INFO - Processing file /opt/airflow/dags/dag_csv_to_postgres_dag.py for tasks to queue
[2025-11-02T13:20:31.654+0000] {logging_mixin.py:188} INFO - [2025-11-02T13:20:31.654+0000] {dagbag.py:538} INFO - Filling up the DagBag from /opt/airflow/dags/dag_csv_to_postgres_dag.py
[2025-11-02T13:20:31.684+0000] {processor.py:840} INFO - DAG(s) 'load_csv_to_postgres' retrieved from /opt/airflow/dags/dag_csv_to_postgres_dag.py
[2025-11-02T13:20:31.730+0000] {logging_mixin.py:188} INFO - [2025-11-02T13:20:31.730+0000] {dag.py:3036} INFO - Sync 1 DAGs
[2025-11-02T13:20:31.751+0000] {logging_mixin.py:188} INFO - [2025-11-02T13:20:31.751+0000] {dag.py:3823} INFO - Setting next_dagrun for load_csv_to_postgres to None, run_after=None
[2025-11-02T13:20:31.790+0000] {processor.py:183} INFO - Processing /opt/airflow/dags/dag_csv_to_postgres_dag.py took 0.149 seconds
[2025-11-02T13:21:04.730+0000] {processor.py:161} INFO - Started process (PID=3951) to work on /opt/airflow/dags/dag_csv_to_postgres_dag.py
[2025-11-02T13:21:04.732+0000] {processor.py:830} INFO - Processing file /opt/airflow/dags/dag_csv_to_postgres_dag.py for tasks to queue
[2025-11-02T13:21:04.733+0000] {logging_mixin.py:188} INFO - [2025-11-02T13:21:04.733+0000] {dagbag.py:538} INFO - Filling up the DagBag from /opt/airflow/dags/dag_csv_to_postgres_dag.py
[2025-11-02T13:21:04.756+0000] {processor.py:840} INFO - DAG(s) 'load_csv_to_postgres' retrieved from /opt/airflow/dags/dag_csv_to_postgres_dag.py
[2025-11-02T13:21:04.795+0000] {logging_mixin.py:188} INFO - [2025-11-02T13:21:04.794+0000] {dag.py:3036} INFO - Sync 1 DAGs
[2025-11-02T13:21:04.814+0000] {logging_mixin.py:188} INFO - [2025-11-02T13:21:04.814+0000] {dag.py:3823} INFO - Setting next_dagrun for load_csv_to_postgres to None, run_after=None
[2025-11-02T13:21:04.843+0000] {processor.py:183} INFO - Processing /opt/airflow/dags/dag_csv_to_postgres_dag.py took 0.119 seconds
[2025-11-02T13:21:38.435+0000] {processor.py:161} INFO - Started process (PID=3963) to work on /opt/airflow/dags/dag_csv_to_postgres_dag.py
[2025-11-02T13:21:38.437+0000] {processor.py:830} INFO - Processing file /opt/airflow/dags/dag_csv_to_postgres_dag.py for tasks to queue
[2025-11-02T13:21:38.438+0000] {logging_mixin.py:188} INFO - [2025-11-02T13:21:38.438+0000] {dagbag.py:538} INFO - Filling up the DagBag from /opt/airflow/dags/dag_csv_to_postgres_dag.py
[2025-11-02T13:21:38.463+0000] {processor.py:840} INFO - DAG(s) 'load_csv_to_postgres' retrieved from /opt/airflow/dags/dag_csv_to_postgres_dag.py
[2025-11-02T13:21:38.500+0000] {logging_mixin.py:188} INFO - [2025-11-02T13:21:38.500+0000] {dag.py:3036} INFO - Sync 1 DAGs
[2025-11-02T13:21:38.516+0000] {logging_mixin.py:188} INFO - [2025-11-02T13:21:38.516+0000] {dag.py:3823} INFO - Setting next_dagrun for load_csv_to_postgres to None, run_after=None
[2025-11-02T13:21:38.553+0000] {processor.py:183} INFO - Processing /opt/airflow/dags/dag_csv_to_postgres_dag.py took 0.124 seconds
[2025-11-02T13:22:12.633+0000] {processor.py:161} INFO - Started process (PID=3975) to work on /opt/airflow/dags/dag_csv_to_postgres_dag.py
[2025-11-02T13:22:12.636+0000] {processor.py:830} INFO - Processing file /opt/airflow/dags/dag_csv_to_postgres_dag.py for tasks to queue
[2025-11-02T13:22:12.711+0000] {logging_mixin.py:188} INFO - [2025-11-02T13:22:12.710+0000] {dagbag.py:538} INFO - Filling up the DagBag from /opt/airflow/dags/dag_csv_to_postgres_dag.py
[2025-11-02T13:22:13.238+0000] {processor.py:840} INFO - DAG(s) 'load_csv_to_postgres' retrieved from /opt/airflow/dags/dag_csv_to_postgres_dag.py
[2025-11-02T13:22:13.393+0000] {logging_mixin.py:188} INFO - [2025-11-02T13:22:13.393+0000] {dag.py:3036} INFO - Sync 1 DAGs
[2025-11-02T13:22:13.482+0000] {logging_mixin.py:188} INFO - [2025-11-02T13:22:13.482+0000] {dag.py:3823} INFO - Setting next_dagrun for load_csv_to_postgres to None, run_after=None
[2025-11-02T13:22:13.594+0000] {processor.py:183} INFO - Processing /opt/airflow/dags/dag_csv_to_postgres_dag.py took 0.969 seconds
[2025-11-02T13:22:44.861+0000] {processor.py:161} INFO - Started process (PID=3987) to work on /opt/airflow/dags/dag_csv_to_postgres_dag.py
[2025-11-02T13:22:44.867+0000] {processor.py:830} INFO - Processing file /opt/airflow/dags/dag_csv_to_postgres_dag.py for tasks to queue
[2025-11-02T13:22:44.871+0000] {logging_mixin.py:188} INFO - [2025-11-02T13:22:44.870+0000] {dagbag.py:538} INFO - Filling up the DagBag from /opt/airflow/dags/dag_csv_to_postgres_dag.py
[2025-11-02T13:22:44.913+0000] {processor.py:840} INFO - DAG(s) 'load_csv_to_postgres' retrieved from /opt/airflow/dags/dag_csv_to_postgres_dag.py
[2025-11-02T13:22:44.978+0000] {logging_mixin.py:188} INFO - [2025-11-02T13:22:44.977+0000] {dag.py:3036} INFO - Sync 1 DAGs
[2025-11-02T13:22:44.997+0000] {logging_mixin.py:188} INFO - [2025-11-02T13:22:44.997+0000] {dag.py:3823} INFO - Setting next_dagrun for load_csv_to_postgres to None, run_after=None
[2025-11-02T13:22:45.042+0000] {processor.py:183} INFO - Processing /opt/airflow/dags/dag_csv_to_postgres_dag.py took 0.199 seconds
[2025-11-02T13:23:19.379+0000] {processor.py:161} INFO - Started process (PID=3999) to work on /opt/airflow/dags/dag_csv_to_postgres_dag.py
[2025-11-02T13:23:19.403+0000] {processor.py:830} INFO - Processing file /opt/airflow/dags/dag_csv_to_postgres_dag.py for tasks to queue
[2025-11-02T13:23:19.411+0000] {logging_mixin.py:188} INFO - [2025-11-02T13:23:19.410+0000] {dagbag.py:538} INFO - Filling up the DagBag from /opt/airflow/dags/dag_csv_to_postgres_dag.py
[2025-11-02T13:23:19.759+0000] {processor.py:840} INFO - DAG(s) 'load_csv_to_postgres' retrieved from /opt/airflow/dags/dag_csv_to_postgres_dag.py
[2025-11-02T13:23:19.922+0000] {logging_mixin.py:188} INFO - [2025-11-02T13:23:19.921+0000] {dag.py:3036} INFO - Sync 1 DAGs
[2025-11-02T13:23:20.023+0000] {logging_mixin.py:188} INFO - [2025-11-02T13:23:20.022+0000] {dag.py:3823} INFO - Setting next_dagrun for load_csv_to_postgres to None, run_after=None
[2025-11-02T13:23:20.447+0000] {processor.py:183} INFO - Processing /opt/airflow/dags/dag_csv_to_postgres_dag.py took 1.085 seconds
[2025-11-02T13:23:52.215+0000] {processor.py:161} INFO - Started process (PID=4011) to work on /opt/airflow/dags/dag_csv_to_postgres_dag.py
[2025-11-02T13:23:52.218+0000] {processor.py:830} INFO - Processing file /opt/airflow/dags/dag_csv_to_postgres_dag.py for tasks to queue
[2025-11-02T13:23:52.220+0000] {logging_mixin.py:188} INFO - [2025-11-02T13:23:52.219+0000] {dagbag.py:538} INFO - Filling up the DagBag from /opt/airflow/dags/dag_csv_to_postgres_dag.py
[2025-11-02T13:23:52.257+0000] {processor.py:840} INFO - DAG(s) 'load_csv_to_postgres' retrieved from /opt/airflow/dags/dag_csv_to_postgres_dag.py
[2025-11-02T13:23:52.404+0000] {logging_mixin.py:188} INFO - [2025-11-02T13:23:52.404+0000] {dag.py:3036} INFO - Sync 1 DAGs
[2025-11-02T13:23:52.439+0000] {logging_mixin.py:188} INFO - [2025-11-02T13:23:52.438+0000] {dag.py:3823} INFO - Setting next_dagrun for load_csv_to_postgres to None, run_after=None
[2025-11-02T13:23:52.565+0000] {processor.py:183} INFO - Processing /opt/airflow/dags/dag_csv_to_postgres_dag.py took 0.359 seconds
[2025-11-02T13:24:22.743+0000] {processor.py:161} INFO - Started process (PID=4023) to work on /opt/airflow/dags/dag_csv_to_postgres_dag.py
[2025-11-02T13:24:22.746+0000] {processor.py:830} INFO - Processing file /opt/airflow/dags/dag_csv_to_postgres_dag.py for tasks to queue
[2025-11-02T13:24:22.748+0000] {logging_mixin.py:188} INFO - [2025-11-02T13:24:22.748+0000] {dagbag.py:538} INFO - Filling up the DagBag from /opt/airflow/dags/dag_csv_to_postgres_dag.py
[2025-11-02T13:24:22.799+0000] {processor.py:840} INFO - DAG(s) 'load_csv_to_postgres' retrieved from /opt/airflow/dags/dag_csv_to_postgres_dag.py
[2025-11-02T13:24:22.846+0000] {logging_mixin.py:188} INFO - [2025-11-02T13:24:22.846+0000] {dag.py:3036} INFO - Sync 1 DAGs
[2025-11-02T13:24:22.871+0000] {logging_mixin.py:188} INFO - [2025-11-02T13:24:22.871+0000] {dag.py:3823} INFO - Setting next_dagrun for load_csv_to_postgres to None, run_after=None
[2025-11-02T13:24:22.911+0000] {processor.py:183} INFO - Processing /opt/airflow/dags/dag_csv_to_postgres_dag.py took 0.183 seconds
[2025-11-02T13:24:54.183+0000] {processor.py:161} INFO - Started process (PID=4035) to work on /opt/airflow/dags/dag_csv_to_postgres_dag.py
[2025-11-02T13:24:54.185+0000] {processor.py:830} INFO - Processing file /opt/airflow/dags/dag_csv_to_postgres_dag.py for tasks to queue
[2025-11-02T13:24:54.189+0000] {logging_mixin.py:188} INFO - [2025-11-02T13:24:54.188+0000] {dagbag.py:538} INFO - Filling up the DagBag from /opt/airflow/dags/dag_csv_to_postgres_dag.py
[2025-11-02T13:24:54.238+0000] {processor.py:840} INFO - DAG(s) 'load_csv_to_postgres' retrieved from /opt/airflow/dags/dag_csv_to_postgres_dag.py
[2025-11-02T13:24:54.346+0000] {logging_mixin.py:188} INFO - [2025-11-02T13:24:54.345+0000] {dag.py:3036} INFO - Sync 1 DAGs
[2025-11-02T13:24:54.394+0000] {logging_mixin.py:188} INFO - [2025-11-02T13:24:54.394+0000] {dag.py:3823} INFO - Setting next_dagrun for load_csv_to_postgres to None, run_after=None
[2025-11-02T13:24:54.467+0000] {processor.py:183} INFO - Processing /opt/airflow/dags/dag_csv_to_postgres_dag.py took 0.302 seconds
[2025-11-02T13:25:25.575+0000] {processor.py:161} INFO - Started process (PID=4047) to work on /opt/airflow/dags/dag_csv_to_postgres_dag.py
[2025-11-02T13:25:25.578+0000] {processor.py:830} INFO - Processing file /opt/airflow/dags/dag_csv_to_postgres_dag.py for tasks to queue
[2025-11-02T13:25:25.581+0000] {logging_mixin.py:188} INFO - [2025-11-02T13:25:25.580+0000] {dagbag.py:538} INFO - Filling up the DagBag from /opt/airflow/dags/dag_csv_to_postgres_dag.py
[2025-11-02T13:25:25.679+0000] {processor.py:840} INFO - DAG(s) 'load_csv_to_postgres' retrieved from /opt/airflow/dags/dag_csv_to_postgres_dag.py
[2025-11-02T13:25:25.805+0000] {logging_mixin.py:188} INFO - [2025-11-02T13:25:25.804+0000] {dag.py:3036} INFO - Sync 1 DAGs
[2025-11-02T13:25:25.910+0000] {logging_mixin.py:188} INFO - [2025-11-02T13:25:25.909+0000] {dag.py:3823} INFO - Setting next_dagrun for load_csv_to_postgres to None, run_after=None
[2025-11-02T13:25:26.013+0000] {processor.py:183} INFO - Processing /opt/airflow/dags/dag_csv_to_postgres_dag.py took 0.448 seconds
[2025-11-02T13:25:56.646+0000] {processor.py:161} INFO - Started process (PID=4059) to work on /opt/airflow/dags/dag_csv_to_postgres_dag.py
[2025-11-02T13:25:56.658+0000] {processor.py:830} INFO - Processing file /opt/airflow/dags/dag_csv_to_postgres_dag.py for tasks to queue
[2025-11-02T13:25:56.664+0000] {logging_mixin.py:188} INFO - [2025-11-02T13:25:56.663+0000] {dagbag.py:538} INFO - Filling up the DagBag from /opt/airflow/dags/dag_csv_to_postgres_dag.py
[2025-11-02T13:25:56.740+0000] {processor.py:840} INFO - DAG(s) 'load_csv_to_postgres' retrieved from /opt/airflow/dags/dag_csv_to_postgres_dag.py
[2025-11-02T13:25:56.903+0000] {logging_mixin.py:188} INFO - [2025-11-02T13:25:56.902+0000] {dag.py:3036} INFO - Sync 1 DAGs
[2025-11-02T13:25:56.949+0000] {logging_mixin.py:188} INFO - [2025-11-02T13:25:56.948+0000] {dag.py:3823} INFO - Setting next_dagrun for load_csv_to_postgres to None, run_after=None
[2025-11-02T13:25:57.041+0000] {processor.py:183} INFO - Processing /opt/airflow/dags/dag_csv_to_postgres_dag.py took 0.435 seconds
[2025-11-02T13:26:27.231+0000] {processor.py:161} INFO - Started process (PID=4071) to work on /opt/airflow/dags/dag_csv_to_postgres_dag.py
[2025-11-02T13:26:27.233+0000] {processor.py:830} INFO - Processing file /opt/airflow/dags/dag_csv_to_postgres_dag.py for tasks to queue
[2025-11-02T13:26:27.236+0000] {logging_mixin.py:188} INFO - [2025-11-02T13:26:27.235+0000] {dagbag.py:538} INFO - Filling up the DagBag from /opt/airflow/dags/dag_csv_to_postgres_dag.py
[2025-11-02T13:26:27.270+0000] {processor.py:840} INFO - DAG(s) 'load_csv_to_postgres' retrieved from /opt/airflow/dags/dag_csv_to_postgres_dag.py
[2025-11-02T13:26:27.318+0000] {logging_mixin.py:188} INFO - [2025-11-02T13:26:27.318+0000] {dag.py:3036} INFO - Sync 1 DAGs
[2025-11-02T13:26:27.340+0000] {logging_mixin.py:188} INFO - [2025-11-02T13:26:27.339+0000] {dag.py:3823} INFO - Setting next_dagrun for load_csv_to_postgres to None, run_after=None
[2025-11-02T13:26:27.751+0000] {processor.py:183} INFO - Processing /opt/airflow/dags/dag_csv_to_postgres_dag.py took 0.528 seconds
[2025-11-02T13:26:57.878+0000] {processor.py:161} INFO - Started process (PID=4083) to work on /opt/airflow/dags/dag_csv_to_postgres_dag.py
[2025-11-02T13:26:57.880+0000] {processor.py:830} INFO - Processing file /opt/airflow/dags/dag_csv_to_postgres_dag.py for tasks to queue
[2025-11-02T13:26:57.883+0000] {logging_mixin.py:188} INFO - [2025-11-02T13:26:57.882+0000] {dagbag.py:538} INFO - Filling up the DagBag from /opt/airflow/dags/dag_csv_to_postgres_dag.py
[2025-11-02T13:26:57.913+0000] {processor.py:840} INFO - DAG(s) 'load_csv_to_postgres' retrieved from /opt/airflow/dags/dag_csv_to_postgres_dag.py
[2025-11-02T13:26:57.964+0000] {logging_mixin.py:188} INFO - [2025-11-02T13:26:57.963+0000] {dag.py:3036} INFO - Sync 1 DAGs
[2025-11-02T13:26:57.983+0000] {logging_mixin.py:188} INFO - [2025-11-02T13:26:57.983+0000] {dag.py:3823} INFO - Setting next_dagrun for load_csv_to_postgres to None, run_after=None
[2025-11-02T13:26:58.017+0000] {processor.py:183} INFO - Processing /opt/airflow/dags/dag_csv_to_postgres_dag.py took 0.148 seconds
[2025-11-02T13:27:28.327+0000] {processor.py:161} INFO - Started process (PID=4095) to work on /opt/airflow/dags/dag_csv_to_postgres_dag.py
[2025-11-02T13:27:28.331+0000] {processor.py:830} INFO - Processing file /opt/airflow/dags/dag_csv_to_postgres_dag.py for tasks to queue
[2025-11-02T13:27:28.333+0000] {logging_mixin.py:188} INFO - [2025-11-02T13:27:28.333+0000] {dagbag.py:538} INFO - Filling up the DagBag from /opt/airflow/dags/dag_csv_to_postgres_dag.py
[2025-11-02T13:27:28.394+0000] {processor.py:840} INFO - DAG(s) 'load_csv_to_postgres' retrieved from /opt/airflow/dags/dag_csv_to_postgres_dag.py
[2025-11-02T13:27:28.463+0000] {logging_mixin.py:188} INFO - [2025-11-02T13:27:28.463+0000] {dag.py:3036} INFO - Sync 1 DAGs
[2025-11-02T13:27:28.511+0000] {logging_mixin.py:188} INFO - [2025-11-02T13:27:28.510+0000] {dag.py:3823} INFO - Setting next_dagrun for load_csv_to_postgres to None, run_after=None
[2025-11-02T13:27:28.575+0000] {processor.py:183} INFO - Processing /opt/airflow/dags/dag_csv_to_postgres_dag.py took 0.262 seconds
[2025-11-02T13:27:59.281+0000] {processor.py:161} INFO - Started process (PID=4107) to work on /opt/airflow/dags/dag_csv_to_postgres_dag.py
[2025-11-02T13:27:59.285+0000] {processor.py:830} INFO - Processing file /opt/airflow/dags/dag_csv_to_postgres_dag.py for tasks to queue
[2025-11-02T13:27:59.290+0000] {logging_mixin.py:188} INFO - [2025-11-02T13:27:59.289+0000] {dagbag.py:538} INFO - Filling up the DagBag from /opt/airflow/dags/dag_csv_to_postgres_dag.py
[2025-11-02T13:27:59.350+0000] {processor.py:840} INFO - DAG(s) 'load_csv_to_postgres' retrieved from /opt/airflow/dags/dag_csv_to_postgres_dag.py
[2025-11-02T13:27:59.437+0000] {logging_mixin.py:188} INFO - [2025-11-02T13:27:59.437+0000] {dag.py:3036} INFO - Sync 1 DAGs
[2025-11-02T13:27:59.498+0000] {logging_mixin.py:188} INFO - [2025-11-02T13:27:59.498+0000] {dag.py:3823} INFO - Setting next_dagrun for load_csv_to_postgres to None, run_after=None
[2025-11-02T13:27:59.552+0000] {processor.py:183} INFO - Processing /opt/airflow/dags/dag_csv_to_postgres_dag.py took 0.285 seconds
[2025-11-02T13:28:30.516+0000] {processor.py:161} INFO - Started process (PID=4119) to work on /opt/airflow/dags/dag_csv_to_postgres_dag.py
[2025-11-02T13:28:30.545+0000] {processor.py:830} INFO - Processing file /opt/airflow/dags/dag_csv_to_postgres_dag.py for tasks to queue
[2025-11-02T13:28:30.548+0000] {logging_mixin.py:188} INFO - [2025-11-02T13:28:30.547+0000] {dagbag.py:538} INFO - Filling up the DagBag from /opt/airflow/dags/dag_csv_to_postgres_dag.py
[2025-11-02T13:28:30.732+0000] {processor.py:840} INFO - DAG(s) 'load_csv_to_postgres' retrieved from /opt/airflow/dags/dag_csv_to_postgres_dag.py
[2025-11-02T13:28:30.977+0000] {logging_mixin.py:188} INFO - [2025-11-02T13:28:30.976+0000] {dag.py:3036} INFO - Sync 1 DAGs
[2025-11-02T13:28:31.060+0000] {logging_mixin.py:188} INFO - [2025-11-02T13:28:31.059+0000] {dag.py:3823} INFO - Setting next_dagrun for load_csv_to_postgres to None, run_after=None
[2025-11-02T13:28:31.207+0000] {processor.py:183} INFO - Processing /opt/airflow/dags/dag_csv_to_postgres_dag.py took 0.707 seconds
[2025-11-02T13:29:05.662+0000] {processor.py:161} INFO - Started process (PID=4130) to work on /opt/airflow/dags/dag_csv_to_postgres_dag.py
[2025-11-02T13:29:05.684+0000] {processor.py:830} INFO - Processing file /opt/airflow/dags/dag_csv_to_postgres_dag.py for tasks to queue
[2025-11-02T13:29:05.699+0000] {logging_mixin.py:188} INFO - [2025-11-02T13:29:05.698+0000] {dagbag.py:538} INFO - Filling up the DagBag from /opt/airflow/dags/dag_csv_to_postgres_dag.py
[2025-11-02T13:29:06.069+0000] {processor.py:840} INFO - DAG(s) 'load_csv_to_postgres' retrieved from /opt/airflow/dags/dag_csv_to_postgres_dag.py
[2025-11-02T13:29:07.487+0000] {logging_mixin.py:188} INFO - [2025-11-02T13:29:07.487+0000] {dag.py:3036} INFO - Sync 1 DAGs
[2025-11-02T13:29:07.651+0000] {logging_mixin.py:188} INFO - [2025-11-02T13:29:07.650+0000] {dag.py:3823} INFO - Setting next_dagrun for load_csv_to_postgres to None, run_after=None
[2025-11-02T13:29:07.834+0000] {processor.py:183} INFO - Processing /opt/airflow/dags/dag_csv_to_postgres_dag.py took 2.231 seconds
[2025-11-02T13:29:38.904+0000] {processor.py:161} INFO - Started process (PID=4139) to work on /opt/airflow/dags/dag_csv_to_postgres_dag.py
[2025-11-02T13:29:38.907+0000] {processor.py:830} INFO - Processing file /opt/airflow/dags/dag_csv_to_postgres_dag.py for tasks to queue
[2025-11-02T13:29:38.916+0000] {logging_mixin.py:188} INFO - [2025-11-02T13:29:38.913+0000] {dagbag.py:538} INFO - Filling up the DagBag from /opt/airflow/dags/dag_csv_to_postgres_dag.py
[2025-11-02T13:29:38.951+0000] {processor.py:840} INFO - DAG(s) 'load_csv_to_postgres' retrieved from /opt/airflow/dags/dag_csv_to_postgres_dag.py
[2025-11-02T13:29:39.019+0000] {logging_mixin.py:188} INFO - [2025-11-02T13:29:39.019+0000] {dag.py:3036} INFO - Sync 1 DAGs
[2025-11-02T13:29:39.070+0000] {logging_mixin.py:188} INFO - [2025-11-02T13:29:39.069+0000] {dag.py:3823} INFO - Setting next_dagrun for load_csv_to_postgres to None, run_after=None
[2025-11-02T13:29:39.151+0000] {processor.py:183} INFO - Processing /opt/airflow/dags/dag_csv_to_postgres_dag.py took 0.260 seconds
[2025-11-02T13:30:09.732+0000] {processor.py:161} INFO - Started process (PID=4145) to work on /opt/airflow/dags/dag_csv_to_postgres_dag.py
[2025-11-02T13:30:09.734+0000] {processor.py:830} INFO - Processing file /opt/airflow/dags/dag_csv_to_postgres_dag.py for tasks to queue
[2025-11-02T13:30:09.737+0000] {logging_mixin.py:188} INFO - [2025-11-02T13:30:09.736+0000] {dagbag.py:538} INFO - Filling up the DagBag from /opt/airflow/dags/dag_csv_to_postgres_dag.py
[2025-11-02T13:30:09.776+0000] {processor.py:840} INFO - DAG(s) 'load_csv_to_postgres' retrieved from /opt/airflow/dags/dag_csv_to_postgres_dag.py
[2025-11-02T13:30:09.895+0000] {logging_mixin.py:188} INFO - [2025-11-02T13:30:09.894+0000] {dag.py:3036} INFO - Sync 1 DAGs
[2025-11-02T13:30:09.963+0000] {logging_mixin.py:188} INFO - [2025-11-02T13:30:09.963+0000] {dag.py:3823} INFO - Setting next_dagrun for load_csv_to_postgres to None, run_after=None
[2025-11-02T13:30:10.158+0000] {processor.py:183} INFO - Processing /opt/airflow/dags/dag_csv_to_postgres_dag.py took 0.440 seconds
[2025-11-02T13:30:40.474+0000] {processor.py:161} INFO - Started process (PID=4157) to work on /opt/airflow/dags/dag_csv_to_postgres_dag.py
[2025-11-02T13:30:40.477+0000] {processor.py:830} INFO - Processing file /opt/airflow/dags/dag_csv_to_postgres_dag.py for tasks to queue
[2025-11-02T13:30:40.487+0000] {logging_mixin.py:188} INFO - [2025-11-02T13:30:40.479+0000] {dagbag.py:538} INFO - Filling up the DagBag from /opt/airflow/dags/dag_csv_to_postgres_dag.py
[2025-11-02T13:30:40.567+0000] {processor.py:840} INFO - DAG(s) 'load_csv_to_postgres' retrieved from /opt/airflow/dags/dag_csv_to_postgres_dag.py
[2025-11-02T13:30:40.731+0000] {logging_mixin.py:188} INFO - [2025-11-02T13:30:40.731+0000] {dag.py:3036} INFO - Sync 1 DAGs
[2025-11-02T13:30:40.776+0000] {logging_mixin.py:188} INFO - [2025-11-02T13:30:40.776+0000] {dag.py:3823} INFO - Setting next_dagrun for load_csv_to_postgres to None, run_after=None
[2025-11-02T13:30:40.851+0000] {processor.py:183} INFO - Processing /opt/airflow/dags/dag_csv_to_postgres_dag.py took 0.395 seconds
[2025-11-02T13:31:11.876+0000] {processor.py:161} INFO - Started process (PID=4169) to work on /opt/airflow/dags/dag_csv_to_postgres_dag.py
[2025-11-02T13:31:11.878+0000] {processor.py:830} INFO - Processing file /opt/airflow/dags/dag_csv_to_postgres_dag.py for tasks to queue
[2025-11-02T13:31:11.879+0000] {logging_mixin.py:188} INFO - [2025-11-02T13:31:11.879+0000] {dagbag.py:538} INFO - Filling up the DagBag from /opt/airflow/dags/dag_csv_to_postgres_dag.py
[2025-11-02T13:31:11.910+0000] {processor.py:840} INFO - DAG(s) 'load_csv_to_postgres' retrieved from /opt/airflow/dags/dag_csv_to_postgres_dag.py
[2025-11-02T13:31:12.065+0000] {logging_mixin.py:188} INFO - [2025-11-02T13:31:12.064+0000] {dag.py:3036} INFO - Sync 1 DAGs
[2025-11-02T13:31:12.107+0000] {logging_mixin.py:188} INFO - [2025-11-02T13:31:12.107+0000] {dag.py:3823} INFO - Setting next_dagrun for load_csv_to_postgres to None, run_after=None
[2025-11-02T13:31:12.187+0000] {processor.py:183} INFO - Processing /opt/airflow/dags/dag_csv_to_postgres_dag.py took 0.318 seconds
[2025-11-02T13:31:42.776+0000] {processor.py:161} INFO - Started process (PID=4181) to work on /opt/airflow/dags/dag_csv_to_postgres_dag.py
[2025-11-02T13:31:42.779+0000] {processor.py:830} INFO - Processing file /opt/airflow/dags/dag_csv_to_postgres_dag.py for tasks to queue
[2025-11-02T13:31:42.782+0000] {logging_mixin.py:188} INFO - [2025-11-02T13:31:42.781+0000] {dagbag.py:538} INFO - Filling up the DagBag from /opt/airflow/dags/dag_csv_to_postgres_dag.py
[2025-11-02T13:31:42.828+0000] {processor.py:840} INFO - DAG(s) 'load_csv_to_postgres' retrieved from /opt/airflow/dags/dag_csv_to_postgres_dag.py
[2025-11-02T13:31:42.929+0000] {logging_mixin.py:188} INFO - [2025-11-02T13:31:42.929+0000] {dag.py:3036} INFO - Sync 1 DAGs
[2025-11-02T13:31:43.003+0000] {logging_mixin.py:188} INFO - [2025-11-02T13:31:43.003+0000] {dag.py:3823} INFO - Setting next_dagrun for load_csv_to_postgres to None, run_after=None
[2025-11-02T13:31:43.116+0000] {processor.py:183} INFO - Processing /opt/airflow/dags/dag_csv_to_postgres_dag.py took 0.356 seconds
[2025-11-02T13:32:13.531+0000] {processor.py:161} INFO - Started process (PID=4193) to work on /opt/airflow/dags/dag_csv_to_postgres_dag.py
[2025-11-02T13:32:13.534+0000] {processor.py:830} INFO - Processing file /opt/airflow/dags/dag_csv_to_postgres_dag.py for tasks to queue
[2025-11-02T13:32:13.536+0000] {logging_mixin.py:188} INFO - [2025-11-02T13:32:13.535+0000] {dagbag.py:538} INFO - Filling up the DagBag from /opt/airflow/dags/dag_csv_to_postgres_dag.py
[2025-11-02T13:32:13.598+0000] {processor.py:840} INFO - DAG(s) 'load_csv_to_postgres' retrieved from /opt/airflow/dags/dag_csv_to_postgres_dag.py
[2025-11-02T13:32:13.681+0000] {logging_mixin.py:188} INFO - [2025-11-02T13:32:13.680+0000] {dag.py:3036} INFO - Sync 1 DAGs
[2025-11-02T13:32:13.752+0000] {logging_mixin.py:188} INFO - [2025-11-02T13:32:13.751+0000] {dag.py:3823} INFO - Setting next_dagrun for load_csv_to_postgres to None, run_after=None
[2025-11-02T13:32:13.860+0000] {processor.py:183} INFO - Processing /opt/airflow/dags/dag_csv_to_postgres_dag.py took 0.343 seconds
[2025-11-02T13:32:45.194+0000] {processor.py:161} INFO - Started process (PID=4204) to work on /opt/airflow/dags/dag_csv_to_postgres_dag.py
[2025-11-02T13:32:45.197+0000] {processor.py:830} INFO - Processing file /opt/airflow/dags/dag_csv_to_postgres_dag.py for tasks to queue
[2025-11-02T13:32:45.207+0000] {logging_mixin.py:188} INFO - [2025-11-02T13:32:45.203+0000] {dagbag.py:538} INFO - Filling up the DagBag from /opt/airflow/dags/dag_csv_to_postgres_dag.py
[2025-11-02T13:32:45.287+0000] {processor.py:840} INFO - DAG(s) 'load_csv_to_postgres' retrieved from /opt/airflow/dags/dag_csv_to_postgres_dag.py
[2025-11-02T13:32:45.359+0000] {logging_mixin.py:188} INFO - [2025-11-02T13:32:45.358+0000] {dag.py:3036} INFO - Sync 1 DAGs
[2025-11-02T13:32:45.392+0000] {logging_mixin.py:188} INFO - [2025-11-02T13:32:45.392+0000] {dag.py:3823} INFO - Setting next_dagrun for load_csv_to_postgres to None, run_after=None
[2025-11-02T13:32:45.805+0000] {processor.py:183} INFO - Processing /opt/airflow/dags/dag_csv_to_postgres_dag.py took 0.627 seconds
[2025-11-02T13:33:18.671+0000] {processor.py:161} INFO - Started process (PID=4216) to work on /opt/airflow/dags/dag_csv_to_postgres_dag.py
[2025-11-02T13:33:18.674+0000] {processor.py:830} INFO - Processing file /opt/airflow/dags/dag_csv_to_postgres_dag.py for tasks to queue
[2025-11-02T13:33:18.676+0000] {logging_mixin.py:188} INFO - [2025-11-02T13:33:18.676+0000] {dagbag.py:538} INFO - Filling up the DagBag from /opt/airflow/dags/dag_csv_to_postgres_dag.py
[2025-11-02T13:33:18.706+0000] {processor.py:840} INFO - DAG(s) 'load_csv_to_postgres' retrieved from /opt/airflow/dags/dag_csv_to_postgres_dag.py
[2025-11-02T13:33:18.862+0000] {logging_mixin.py:188} INFO - [2025-11-02T13:33:18.861+0000] {dag.py:3036} INFO - Sync 1 DAGs
[2025-11-02T13:33:18.899+0000] {logging_mixin.py:188} INFO - [2025-11-02T13:33:18.895+0000] {dag.py:3823} INFO - Setting next_dagrun for load_csv_to_postgres to None, run_after=None
[2025-11-02T13:33:18.949+0000] {processor.py:183} INFO - Processing /opt/airflow/dags/dag_csv_to_postgres_dag.py took 0.289 seconds
[2025-11-02T13:33:52.433+0000] {processor.py:161} INFO - Started process (PID=4227) to work on /opt/airflow/dags/dag_csv_to_postgres_dag.py
[2025-11-02T13:33:52.436+0000] {processor.py:830} INFO - Processing file /opt/airflow/dags/dag_csv_to_postgres_dag.py for tasks to queue
[2025-11-02T13:33:52.438+0000] {logging_mixin.py:188} INFO - [2025-11-02T13:33:52.438+0000] {dagbag.py:538} INFO - Filling up the DagBag from /opt/airflow/dags/dag_csv_to_postgres_dag.py
[2025-11-02T13:33:52.477+0000] {processor.py:840} INFO - DAG(s) 'load_csv_to_postgres' retrieved from /opt/airflow/dags/dag_csv_to_postgres_dag.py
[2025-11-02T13:33:52.536+0000] {logging_mixin.py:188} INFO - [2025-11-02T13:33:52.535+0000] {dag.py:3036} INFO - Sync 1 DAGs
[2025-11-02T13:33:52.569+0000] {logging_mixin.py:188} INFO - [2025-11-02T13:33:52.568+0000] {dag.py:3823} INFO - Setting next_dagrun for load_csv_to_postgres to None, run_after=None
[2025-11-02T13:33:52.618+0000] {processor.py:183} INFO - Processing /opt/airflow/dags/dag_csv_to_postgres_dag.py took 0.193 seconds
[2025-11-02T13:34:25.417+0000] {processor.py:161} INFO - Started process (PID=4239) to work on /opt/airflow/dags/dag_csv_to_postgres_dag.py
[2025-11-02T13:34:25.420+0000] {processor.py:830} INFO - Processing file /opt/airflow/dags/dag_csv_to_postgres_dag.py for tasks to queue
[2025-11-02T13:34:25.422+0000] {logging_mixin.py:188} INFO - [2025-11-02T13:34:25.421+0000] {dagbag.py:538} INFO - Filling up the DagBag from /opt/airflow/dags/dag_csv_to_postgres_dag.py
[2025-11-02T13:34:25.454+0000] {processor.py:840} INFO - DAG(s) 'load_csv_to_postgres' retrieved from /opt/airflow/dags/dag_csv_to_postgres_dag.py
[2025-11-02T13:34:25.507+0000] {logging_mixin.py:188} INFO - [2025-11-02T13:34:25.507+0000] {dag.py:3036} INFO - Sync 1 DAGs
[2025-11-02T13:34:25.540+0000] {logging_mixin.py:188} INFO - [2025-11-02T13:34:25.540+0000] {dag.py:3823} INFO - Setting next_dagrun for load_csv_to_postgres to None, run_after=None
[2025-11-02T13:34:25.586+0000] {processor.py:183} INFO - Processing /opt/airflow/dags/dag_csv_to_postgres_dag.py took 0.180 seconds
[2025-11-02T13:34:59.008+0000] {processor.py:161} INFO - Started process (PID=4251) to work on /opt/airflow/dags/dag_csv_to_postgres_dag.py
[2025-11-02T13:34:59.010+0000] {processor.py:830} INFO - Processing file /opt/airflow/dags/dag_csv_to_postgres_dag.py for tasks to queue
[2025-11-02T13:34:59.013+0000] {logging_mixin.py:188} INFO - [2025-11-02T13:34:59.012+0000] {dagbag.py:538} INFO - Filling up the DagBag from /opt/airflow/dags/dag_csv_to_postgres_dag.py
[2025-11-02T13:34:59.066+0000] {processor.py:840} INFO - DAG(s) 'load_csv_to_postgres' retrieved from /opt/airflow/dags/dag_csv_to_postgres_dag.py
[2025-11-02T13:34:59.137+0000] {logging_mixin.py:188} INFO - [2025-11-02T13:34:59.137+0000] {dag.py:3036} INFO - Sync 1 DAGs
[2025-11-02T13:34:59.165+0000] {logging_mixin.py:188} INFO - [2025-11-02T13:34:59.165+0000] {dag.py:3823} INFO - Setting next_dagrun for load_csv_to_postgres to None, run_after=None
[2025-11-02T13:34:59.211+0000] {processor.py:183} INFO - Processing /opt/airflow/dags/dag_csv_to_postgres_dag.py took 0.214 seconds
[2025-11-02T13:35:31.867+0000] {processor.py:161} INFO - Started process (PID=4263) to work on /opt/airflow/dags/dag_csv_to_postgres_dag.py
[2025-11-02T13:35:31.869+0000] {processor.py:830} INFO - Processing file /opt/airflow/dags/dag_csv_to_postgres_dag.py for tasks to queue
[2025-11-02T13:35:31.877+0000] {logging_mixin.py:188} INFO - [2025-11-02T13:35:31.876+0000] {dagbag.py:538} INFO - Filling up the DagBag from /opt/airflow/dags/dag_csv_to_postgres_dag.py
[2025-11-02T13:35:31.942+0000] {processor.py:840} INFO - DAG(s) 'load_csv_to_postgres' retrieved from /opt/airflow/dags/dag_csv_to_postgres_dag.py
[2025-11-02T13:35:32.102+0000] {logging_mixin.py:188} INFO - [2025-11-02T13:35:32.101+0000] {dag.py:3036} INFO - Sync 1 DAGs
[2025-11-02T13:35:32.141+0000] {logging_mixin.py:188} INFO - [2025-11-02T13:35:32.140+0000] {dag.py:3823} INFO - Setting next_dagrun for load_csv_to_postgres to None, run_after=None
[2025-11-02T13:35:32.207+0000] {processor.py:183} INFO - Processing /opt/airflow/dags/dag_csv_to_postgres_dag.py took 0.356 seconds
[2025-11-02T13:36:02.944+0000] {processor.py:161} INFO - Started process (PID=4275) to work on /opt/airflow/dags/dag_csv_to_postgres_dag.py
[2025-11-02T13:36:02.949+0000] {processor.py:830} INFO - Processing file /opt/airflow/dags/dag_csv_to_postgres_dag.py for tasks to queue
[2025-11-02T13:36:02.959+0000] {logging_mixin.py:188} INFO - [2025-11-02T13:36:02.958+0000] {dagbag.py:538} INFO - Filling up the DagBag from /opt/airflow/dags/dag_csv_to_postgres_dag.py
[2025-11-02T13:36:03.101+0000] {processor.py:840} INFO - DAG(s) 'load_csv_to_postgres' retrieved from /opt/airflow/dags/dag_csv_to_postgres_dag.py
[2025-11-02T13:36:03.308+0000] {logging_mixin.py:188} INFO - [2025-11-02T13:36:03.308+0000] {dag.py:3036} INFO - Sync 1 DAGs
[2025-11-02T13:36:03.434+0000] {logging_mixin.py:188} INFO - [2025-11-02T13:36:03.434+0000] {dag.py:3823} INFO - Setting next_dagrun for load_csv_to_postgres to None, run_after=None
[2025-11-02T13:36:03.618+0000] {processor.py:183} INFO - Processing /opt/airflow/dags/dag_csv_to_postgres_dag.py took 0.692 seconds
[2025-11-02T13:36:34.098+0000] {processor.py:161} INFO - Started process (PID=4287) to work on /opt/airflow/dags/dag_csv_to_postgres_dag.py
[2025-11-02T13:36:34.125+0000] {processor.py:830} INFO - Processing file /opt/airflow/dags/dag_csv_to_postgres_dag.py for tasks to queue
[2025-11-02T13:36:34.127+0000] {logging_mixin.py:188} INFO - [2025-11-02T13:36:34.127+0000] {dagbag.py:538} INFO - Filling up the DagBag from /opt/airflow/dags/dag_csv_to_postgres_dag.py
[2025-11-02T13:36:34.259+0000] {processor.py:840} INFO - DAG(s) 'load_csv_to_postgres' retrieved from /opt/airflow/dags/dag_csv_to_postgres_dag.py
[2025-11-02T13:36:34.463+0000] {logging_mixin.py:188} INFO - [2025-11-02T13:36:34.463+0000] {dag.py:3036} INFO - Sync 1 DAGs
[2025-11-02T13:36:34.631+0000] {logging_mixin.py:188} INFO - [2025-11-02T13:36:34.631+0000] {dag.py:3823} INFO - Setting next_dagrun for load_csv_to_postgres to None, run_after=None
[2025-11-02T13:36:34.815+0000] {processor.py:183} INFO - Processing /opt/airflow/dags/dag_csv_to_postgres_dag.py took 0.742 seconds
[2025-11-02T13:37:05.646+0000] {processor.py:161} INFO - Started process (PID=4299) to work on /opt/airflow/dags/dag_csv_to_postgres_dag.py
[2025-11-02T13:37:05.649+0000] {processor.py:830} INFO - Processing file /opt/airflow/dags/dag_csv_to_postgres_dag.py for tasks to queue
[2025-11-02T13:37:05.652+0000] {logging_mixin.py:188} INFO - [2025-11-02T13:37:05.651+0000] {dagbag.py:538} INFO - Filling up the DagBag from /opt/airflow/dags/dag_csv_to_postgres_dag.py
[2025-11-02T13:37:05.693+0000] {processor.py:840} INFO - DAG(s) 'load_csv_to_postgres' retrieved from /opt/airflow/dags/dag_csv_to_postgres_dag.py
[2025-11-02T13:37:05.765+0000] {logging_mixin.py:188} INFO - [2025-11-02T13:37:05.765+0000] {dag.py:3036} INFO - Sync 1 DAGs
[2025-11-02T13:37:05.816+0000] {logging_mixin.py:188} INFO - [2025-11-02T13:37:05.815+0000] {dag.py:3823} INFO - Setting next_dagrun for load_csv_to_postgres to None, run_after=None
[2025-11-02T13:37:05.927+0000] {processor.py:183} INFO - Processing /opt/airflow/dags/dag_csv_to_postgres_dag.py took 0.292 seconds
[2025-11-02T13:37:36.026+0000] {processor.py:161} INFO - Started process (PID=4310) to work on /opt/airflow/dags/dag_csv_to_postgres_dag.py
[2025-11-02T13:37:36.028+0000] {processor.py:830} INFO - Processing file /opt/airflow/dags/dag_csv_to_postgres_dag.py for tasks to queue
[2025-11-02T13:37:36.029+0000] {logging_mixin.py:188} INFO - [2025-11-02T13:37:36.029+0000] {dagbag.py:538} INFO - Filling up the DagBag from /opt/airflow/dags/dag_csv_to_postgres_dag.py
[2025-11-02T13:37:36.056+0000] {processor.py:840} INFO - DAG(s) 'load_csv_to_postgres' retrieved from /opt/airflow/dags/dag_csv_to_postgres_dag.py
[2025-11-02T13:37:36.097+0000] {logging_mixin.py:188} INFO - [2025-11-02T13:37:36.096+0000] {dag.py:3036} INFO - Sync 1 DAGs
[2025-11-02T13:37:36.115+0000] {logging_mixin.py:188} INFO - [2025-11-02T13:37:36.114+0000] {dag.py:3823} INFO - Setting next_dagrun for load_csv_to_postgres to None, run_after=None
[2025-11-02T13:37:36.160+0000] {processor.py:183} INFO - Processing /opt/airflow/dags/dag_csv_to_postgres_dag.py took 0.140 seconds
[2025-11-02T13:38:06.953+0000] {processor.py:161} INFO - Started process (PID=4323) to work on /opt/airflow/dags/dag_csv_to_postgres_dag.py
[2025-11-02T13:38:06.956+0000] {processor.py:830} INFO - Processing file /opt/airflow/dags/dag_csv_to_postgres_dag.py for tasks to queue
[2025-11-02T13:38:06.963+0000] {logging_mixin.py:188} INFO - [2025-11-02T13:38:06.960+0000] {dagbag.py:538} INFO - Filling up the DagBag from /opt/airflow/dags/dag_csv_to_postgres_dag.py
[2025-11-02T13:38:07.015+0000] {processor.py:840} INFO - DAG(s) 'load_csv_to_postgres' retrieved from /opt/airflow/dags/dag_csv_to_postgres_dag.py
[2025-11-02T13:38:07.150+0000] {logging_mixin.py:188} INFO - [2025-11-02T13:38:07.149+0000] {dag.py:3036} INFO - Sync 1 DAGs
[2025-11-02T13:38:07.218+0000] {logging_mixin.py:188} INFO - [2025-11-02T13:38:07.217+0000] {dag.py:3823} INFO - Setting next_dagrun for load_csv_to_postgres to None, run_after=None
[2025-11-02T13:38:07.342+0000] {processor.py:183} INFO - Processing /opt/airflow/dags/dag_csv_to_postgres_dag.py took 0.412 seconds
[2025-11-02T13:38:37.701+0000] {processor.py:161} INFO - Started process (PID=4335) to work on /opt/airflow/dags/dag_csv_to_postgres_dag.py
[2025-11-02T13:38:37.706+0000] {processor.py:830} INFO - Processing file /opt/airflow/dags/dag_csv_to_postgres_dag.py for tasks to queue
[2025-11-02T13:38:37.709+0000] {logging_mixin.py:188} INFO - [2025-11-02T13:38:37.708+0000] {dagbag.py:538} INFO - Filling up the DagBag from /opt/airflow/dags/dag_csv_to_postgres_dag.py
[2025-11-02T13:38:37.779+0000] {processor.py:840} INFO - DAG(s) 'load_csv_to_postgres' retrieved from /opt/airflow/dags/dag_csv_to_postgres_dag.py
[2025-11-02T13:38:37.916+0000] {logging_mixin.py:188} INFO - [2025-11-02T13:38:37.915+0000] {dag.py:3036} INFO - Sync 1 DAGs
[2025-11-02T13:38:37.941+0000] {logging_mixin.py:188} INFO - [2025-11-02T13:38:37.940+0000] {dag.py:3823} INFO - Setting next_dagrun for load_csv_to_postgres to None, run_after=None
[2025-11-02T13:38:37.994+0000] {processor.py:183} INFO - Processing /opt/airflow/dags/dag_csv_to_postgres_dag.py took 0.305 seconds
[2025-11-02T13:39:08.422+0000] {processor.py:161} INFO - Started process (PID=4341) to work on /opt/airflow/dags/dag_csv_to_postgres_dag.py
[2025-11-02T13:39:08.425+0000] {processor.py:830} INFO - Processing file /opt/airflow/dags/dag_csv_to_postgres_dag.py for tasks to queue
[2025-11-02T13:39:08.427+0000] {logging_mixin.py:188} INFO - [2025-11-02T13:39:08.426+0000] {dagbag.py:538} INFO - Filling up the DagBag from /opt/airflow/dags/dag_csv_to_postgres_dag.py
[2025-11-02T13:39:08.456+0000] {processor.py:840} INFO - DAG(s) 'load_csv_to_postgres' retrieved from /opt/airflow/dags/dag_csv_to_postgres_dag.py
[2025-11-02T13:39:08.507+0000] {logging_mixin.py:188} INFO - [2025-11-02T13:39:08.506+0000] {dag.py:3036} INFO - Sync 1 DAGs
[2025-11-02T13:39:08.528+0000] {logging_mixin.py:188} INFO - [2025-11-02T13:39:08.528+0000] {dag.py:3823} INFO - Setting next_dagrun for load_csv_to_postgres to None, run_after=None
[2025-11-02T13:39:08.575+0000] {processor.py:183} INFO - Processing /opt/airflow/dags/dag_csv_to_postgres_dag.py took 0.159 seconds
[2025-11-02T13:39:38.887+0000] {processor.py:161} INFO - Started process (PID=4353) to work on /opt/airflow/dags/dag_csv_to_postgres_dag.py
[2025-11-02T13:39:38.889+0000] {processor.py:830} INFO - Processing file /opt/airflow/dags/dag_csv_to_postgres_dag.py for tasks to queue
[2025-11-02T13:39:38.910+0000] {logging_mixin.py:188} INFO - [2025-11-02T13:39:38.910+0000] {dagbag.py:538} INFO - Filling up the DagBag from /opt/airflow/dags/dag_csv_to_postgres_dag.py
[2025-11-02T13:39:39.043+0000] {processor.py:840} INFO - DAG(s) 'load_csv_to_postgres' retrieved from /opt/airflow/dags/dag_csv_to_postgres_dag.py
[2025-11-02T13:39:39.171+0000] {logging_mixin.py:188} INFO - [2025-11-02T13:39:39.171+0000] {dag.py:3036} INFO - Sync 1 DAGs
[2025-11-02T13:39:39.231+0000] {logging_mixin.py:188} INFO - [2025-11-02T13:39:39.230+0000] {dag.py:3823} INFO - Setting next_dagrun for load_csv_to_postgres to None, run_after=None
[2025-11-02T13:39:39.287+0000] {processor.py:183} INFO - Processing /opt/airflow/dags/dag_csv_to_postgres_dag.py took 0.421 seconds
[2025-11-02T13:40:10.213+0000] {processor.py:161} INFO - Started process (PID=4365) to work on /opt/airflow/dags/dag_csv_to_postgres_dag.py
[2025-11-02T13:40:10.231+0000] {processor.py:830} INFO - Processing file /opt/airflow/dags/dag_csv_to_postgres_dag.py for tasks to queue
[2025-11-02T13:40:10.233+0000] {logging_mixin.py:188} INFO - [2025-11-02T13:40:10.233+0000] {dagbag.py:538} INFO - Filling up the DagBag from /opt/airflow/dags/dag_csv_to_postgres_dag.py
[2025-11-02T13:40:10.349+0000] {processor.py:840} INFO - DAG(s) 'load_csv_to_postgres' retrieved from /opt/airflow/dags/dag_csv_to_postgres_dag.py
[2025-11-02T13:40:10.566+0000] {logging_mixin.py:188} INFO - [2025-11-02T13:40:10.566+0000] {dag.py:3036} INFO - Sync 1 DAGs
[2025-11-02T13:40:10.671+0000] {logging_mixin.py:188} INFO - [2025-11-02T13:40:10.670+0000] {dag.py:3823} INFO - Setting next_dagrun for load_csv_to_postgres to None, run_after=None
[2025-11-02T13:40:10.819+0000] {processor.py:183} INFO - Processing /opt/airflow/dags/dag_csv_to_postgres_dag.py took 0.630 seconds
[2025-11-02T13:40:41.117+0000] {processor.py:161} INFO - Started process (PID=4376) to work on /opt/airflow/dags/dag_csv_to_postgres_dag.py
[2025-11-02T13:40:41.123+0000] {processor.py:830} INFO - Processing file /opt/airflow/dags/dag_csv_to_postgres_dag.py for tasks to queue
[2025-11-02T13:40:41.132+0000] {logging_mixin.py:188} INFO - [2025-11-02T13:40:41.131+0000] {dagbag.py:538} INFO - Filling up the DagBag from /opt/airflow/dags/dag_csv_to_postgres_dag.py
[2025-11-02T13:40:41.239+0000] {processor.py:840} INFO - DAG(s) 'load_csv_to_postgres' retrieved from /opt/airflow/dags/dag_csv_to_postgres_dag.py
[2025-11-02T13:40:41.405+0000] {logging_mixin.py:188} INFO - [2025-11-02T13:40:41.405+0000] {dag.py:3036} INFO - Sync 1 DAGs
[2025-11-02T13:40:41.492+0000] {logging_mixin.py:188} INFO - [2025-11-02T13:40:41.482+0000] {dag.py:3823} INFO - Setting next_dagrun for load_csv_to_postgres to None, run_after=None
[2025-11-02T13:40:41.594+0000] {processor.py:183} INFO - Processing /opt/airflow/dags/dag_csv_to_postgres_dag.py took 0.508 seconds
[2025-11-02T13:41:14.727+0000] {processor.py:161} INFO - Started process (PID=4388) to work on /opt/airflow/dags/dag_csv_to_postgres_dag.py
[2025-11-02T13:41:14.746+0000] {processor.py:830} INFO - Processing file /opt/airflow/dags/dag_csv_to_postgres_dag.py for tasks to queue
[2025-11-02T13:41:14.749+0000] {logging_mixin.py:188} INFO - [2025-11-02T13:41:14.748+0000] {dagbag.py:538} INFO - Filling up the DagBag from /opt/airflow/dags/dag_csv_to_postgres_dag.py
[2025-11-02T13:41:14.820+0000] {processor.py:840} INFO - DAG(s) 'load_csv_to_postgres' retrieved from /opt/airflow/dags/dag_csv_to_postgres_dag.py
[2025-11-02T13:41:15.015+0000] {logging_mixin.py:188} INFO - [2025-11-02T13:41:15.014+0000] {dag.py:3036} INFO - Sync 1 DAGs
[2025-11-02T13:41:15.132+0000] {logging_mixin.py:188} INFO - [2025-11-02T13:41:15.131+0000] {dag.py:3823} INFO - Setting next_dagrun for load_csv_to_postgres to None, run_after=None
[2025-11-02T13:41:15.285+0000] {processor.py:183} INFO - Processing /opt/airflow/dags/dag_csv_to_postgres_dag.py took 0.580 seconds
[2025-11-02T13:41:45.460+0000] {processor.py:161} INFO - Started process (PID=4397) to work on /opt/airflow/dags/dag_csv_to_postgres_dag.py
[2025-11-02T13:41:45.463+0000] {processor.py:830} INFO - Processing file /opt/airflow/dags/dag_csv_to_postgres_dag.py for tasks to queue
[2025-11-02T13:41:45.467+0000] {logging_mixin.py:188} INFO - [2025-11-02T13:41:45.467+0000] {dagbag.py:538} INFO - Filling up the DagBag from /opt/airflow/dags/dag_csv_to_postgres_dag.py
[2025-11-02T13:41:45.508+0000] {processor.py:840} INFO - DAG(s) 'load_csv_to_postgres' retrieved from /opt/airflow/dags/dag_csv_to_postgres_dag.py
[2025-11-02T13:41:45.658+0000] {logging_mixin.py:188} INFO - [2025-11-02T13:41:45.658+0000] {dag.py:3036} INFO - Sync 1 DAGs
[2025-11-02T13:41:45.754+0000] {logging_mixin.py:188} INFO - [2025-11-02T13:41:45.743+0000] {dag.py:3823} INFO - Setting next_dagrun for load_csv_to_postgres to None, run_after=None
[2025-11-02T13:41:45.999+0000] {processor.py:183} INFO - Processing /opt/airflow/dags/dag_csv_to_postgres_dag.py took 0.554 seconds
[2025-11-02T13:42:16.928+0000] {processor.py:161} INFO - Started process (PID=4409) to work on /opt/airflow/dags/dag_csv_to_postgres_dag.py
[2025-11-02T13:42:16.930+0000] {processor.py:830} INFO - Processing file /opt/airflow/dags/dag_csv_to_postgres_dag.py for tasks to queue
[2025-11-02T13:42:16.933+0000] {logging_mixin.py:188} INFO - [2025-11-02T13:42:16.933+0000] {dagbag.py:538} INFO - Filling up the DagBag from /opt/airflow/dags/dag_csv_to_postgres_dag.py
[2025-11-02T13:42:16.971+0000] {processor.py:840} INFO - DAG(s) 'load_csv_to_postgres' retrieved from /opt/airflow/dags/dag_csv_to_postgres_dag.py
[2025-11-02T13:42:17.075+0000] {logging_mixin.py:188} INFO - [2025-11-02T13:42:17.074+0000] {dag.py:3036} INFO - Sync 1 DAGs
[2025-11-02T13:42:17.141+0000] {logging_mixin.py:188} INFO - [2025-11-02T13:42:17.141+0000] {dag.py:3823} INFO - Setting next_dagrun for load_csv_to_postgres to None, run_after=None
[2025-11-02T13:42:17.212+0000] {processor.py:183} INFO - Processing /opt/airflow/dags/dag_csv_to_postgres_dag.py took 0.292 seconds
[2025-11-02T13:42:47.956+0000] {processor.py:161} INFO - Started process (PID=4421) to work on /opt/airflow/dags/dag_csv_to_postgres_dag.py
[2025-11-02T13:42:47.974+0000] {processor.py:830} INFO - Processing file /opt/airflow/dags/dag_csv_to_postgres_dag.py for tasks to queue
[2025-11-02T13:42:47.977+0000] {logging_mixin.py:188} INFO - [2025-11-02T13:42:47.976+0000] {dagbag.py:538} INFO - Filling up the DagBag from /opt/airflow/dags/dag_csv_to_postgres_dag.py
[2025-11-02T13:42:48.330+0000] {processor.py:840} INFO - DAG(s) 'load_csv_to_postgres' retrieved from /opt/airflow/dags/dag_csv_to_postgres_dag.py
[2025-11-02T13:42:48.455+0000] {logging_mixin.py:188} INFO - [2025-11-02T13:42:48.455+0000] {dag.py:3036} INFO - Sync 1 DAGs
[2025-11-02T13:42:48.563+0000] {logging_mixin.py:188} INFO - [2025-11-02T13:42:48.562+0000] {dag.py:3823} INFO - Setting next_dagrun for load_csv_to_postgres to None, run_after=None
[2025-11-02T13:42:48.863+0000] {processor.py:183} INFO - Processing /opt/airflow/dags/dag_csv_to_postgres_dag.py took 0.921 seconds
[2025-11-02T13:43:19.150+0000] {processor.py:161} INFO - Started process (PID=4433) to work on /opt/airflow/dags/dag_csv_to_postgres_dag.py
[2025-11-02T13:43:19.153+0000] {processor.py:830} INFO - Processing file /opt/airflow/dags/dag_csv_to_postgres_dag.py for tasks to queue
[2025-11-02T13:43:19.165+0000] {logging_mixin.py:188} INFO - [2025-11-02T13:43:19.164+0000] {dagbag.py:538} INFO - Filling up the DagBag from /opt/airflow/dags/dag_csv_to_postgres_dag.py
[2025-11-02T13:43:19.243+0000] {processor.py:840} INFO - DAG(s) 'load_csv_to_postgres' retrieved from /opt/airflow/dags/dag_csv_to_postgres_dag.py
[2025-11-02T13:43:19.438+0000] {logging_mixin.py:188} INFO - [2025-11-02T13:43:19.437+0000] {dag.py:3036} INFO - Sync 1 DAGs
[2025-11-02T13:43:19.565+0000] {logging_mixin.py:188} INFO - [2025-11-02T13:43:19.556+0000] {dag.py:3823} INFO - Setting next_dagrun for load_csv_to_postgres to None, run_after=None
[2025-11-02T13:43:19.758+0000] {processor.py:183} INFO - Processing /opt/airflow/dags/dag_csv_to_postgres_dag.py took 0.619 seconds
[2025-11-02T13:43:51.413+0000] {processor.py:161} INFO - Started process (PID=4445) to work on /opt/airflow/dags/dag_csv_to_postgres_dag.py
[2025-11-02T13:43:51.435+0000] {processor.py:830} INFO - Processing file /opt/airflow/dags/dag_csv_to_postgres_dag.py for tasks to queue
[2025-11-02T13:43:51.444+0000] {logging_mixin.py:188} INFO - [2025-11-02T13:43:51.442+0000] {dagbag.py:538} INFO - Filling up the DagBag from /opt/airflow/dags/dag_csv_to_postgres_dag.py
[2025-11-02T13:43:53.333+0000] {processor.py:840} INFO - DAG(s) 'load_csv_to_postgres' retrieved from /opt/airflow/dags/dag_csv_to_postgres_dag.py
[2025-11-02T13:43:53.674+0000] {logging_mixin.py:188} INFO - [2025-11-02T13:43:53.673+0000] {dag.py:3036} INFO - Sync 1 DAGs
[2025-11-02T13:43:53.803+0000] {logging_mixin.py:188} INFO - [2025-11-02T13:43:53.803+0000] {dag.py:3823} INFO - Setting next_dagrun for load_csv_to_postgres to None, run_after=None
[2025-11-02T13:43:54.574+0000] {processor.py:183} INFO - Processing /opt/airflow/dags/dag_csv_to_postgres_dag.py took 3.184 seconds
[2025-11-02T13:44:26.074+0000] {processor.py:161} INFO - Started process (PID=4457) to work on /opt/airflow/dags/dag_csv_to_postgres_dag.py
[2025-11-02T13:44:26.089+0000] {processor.py:830} INFO - Processing file /opt/airflow/dags/dag_csv_to_postgres_dag.py for tasks to queue
[2025-11-02T13:44:26.103+0000] {logging_mixin.py:188} INFO - [2025-11-02T13:44:26.095+0000] {dagbag.py:538} INFO - Filling up the DagBag from /opt/airflow/dags/dag_csv_to_postgres_dag.py
[2025-11-02T13:44:28.815+0000] {processor.py:840} INFO - DAG(s) 'load_csv_to_postgres' retrieved from /opt/airflow/dags/dag_csv_to_postgres_dag.py
[2025-11-02T13:44:31.859+0000] {logging_mixin.py:188} INFO - [2025-11-02T13:44:31.859+0000] {dag.py:3036} INFO - Sync 1 DAGs
[2025-11-02T13:44:32.314+0000] {logging_mixin.py:188} INFO - [2025-11-02T13:44:32.313+0000] {dag.py:3823} INFO - Setting next_dagrun for load_csv_to_postgres to None, run_after=None
[2025-11-02T13:44:32.548+0000] {processor.py:183} INFO - Processing /opt/airflow/dags/dag_csv_to_postgres_dag.py took 6.507 seconds
[2025-11-02T13:45:03.635+0000] {processor.py:161} INFO - Started process (PID=4469) to work on /opt/airflow/dags/dag_csv_to_postgres_dag.py
[2025-11-02T13:45:03.647+0000] {processor.py:830} INFO - Processing file /opt/airflow/dags/dag_csv_to_postgres_dag.py for tasks to queue
[2025-11-02T13:45:03.660+0000] {logging_mixin.py:188} INFO - [2025-11-02T13:45:03.659+0000] {dagbag.py:538} INFO - Filling up the DagBag from /opt/airflow/dags/dag_csv_to_postgres_dag.py
[2025-11-02T13:45:03.789+0000] {processor.py:840} INFO - DAG(s) 'load_csv_to_postgres' retrieved from /opt/airflow/dags/dag_csv_to_postgres_dag.py
[2025-11-02T13:45:03.967+0000] {logging_mixin.py:188} INFO - [2025-11-02T13:45:03.966+0000] {dag.py:3036} INFO - Sync 1 DAGs
[2025-11-02T13:45:04.044+0000] {logging_mixin.py:188} INFO - [2025-11-02T13:45:04.044+0000] {dag.py:3823} INFO - Setting next_dagrun for load_csv_to_postgres to None, run_after=None
[2025-11-02T13:45:04.237+0000] {processor.py:183} INFO - Processing /opt/airflow/dags/dag_csv_to_postgres_dag.py took 0.633 seconds
[2025-11-02T13:45:35.172+0000] {processor.py:161} INFO - Started process (PID=4481) to work on /opt/airflow/dags/dag_csv_to_postgres_dag.py
[2025-11-02T13:45:35.175+0000] {processor.py:830} INFO - Processing file /opt/airflow/dags/dag_csv_to_postgres_dag.py for tasks to queue
[2025-11-02T13:45:35.177+0000] {logging_mixin.py:188} INFO - [2025-11-02T13:45:35.176+0000] {dagbag.py:538} INFO - Filling up the DagBag from /opt/airflow/dags/dag_csv_to_postgres_dag.py
[2025-11-02T13:45:35.208+0000] {processor.py:840} INFO - DAG(s) 'load_csv_to_postgres' retrieved from /opt/airflow/dags/dag_csv_to_postgres_dag.py
[2025-11-02T13:45:35.272+0000] {logging_mixin.py:188} INFO - [2025-11-02T13:45:35.271+0000] {dag.py:3036} INFO - Sync 1 DAGs
[2025-11-02T13:45:35.309+0000] {logging_mixin.py:188} INFO - [2025-11-02T13:45:35.309+0000] {dag.py:3823} INFO - Setting next_dagrun for load_csv_to_postgres to None, run_after=None
[2025-11-02T13:45:35.506+0000] {processor.py:183} INFO - Processing /opt/airflow/dags/dag_csv_to_postgres_dag.py took 0.342 seconds
[2025-11-02T13:46:05.686+0000] {processor.py:161} INFO - Started process (PID=4492) to work on /opt/airflow/dags/dag_csv_to_postgres_dag.py
[2025-11-02T13:46:05.690+0000] {processor.py:830} INFO - Processing file /opt/airflow/dags/dag_csv_to_postgres_dag.py for tasks to queue
[2025-11-02T13:46:05.696+0000] {logging_mixin.py:188} INFO - [2025-11-02T13:46:05.695+0000] {dagbag.py:538} INFO - Filling up the DagBag from /opt/airflow/dags/dag_csv_to_postgres_dag.py
[2025-11-02T13:46:05.742+0000] {processor.py:840} INFO - DAG(s) 'load_csv_to_postgres' retrieved from /opt/airflow/dags/dag_csv_to_postgres_dag.py
[2025-11-02T13:46:05.861+0000] {logging_mixin.py:188} INFO - [2025-11-02T13:46:05.860+0000] {dag.py:3036} INFO - Sync 1 DAGs
[2025-11-02T13:46:05.899+0000] {logging_mixin.py:188} INFO - [2025-11-02T13:46:05.899+0000] {dag.py:3823} INFO - Setting next_dagrun for load_csv_to_postgres to None, run_after=None
[2025-11-02T13:46:06.026+0000] {processor.py:183} INFO - Processing /opt/airflow/dags/dag_csv_to_postgres_dag.py took 0.352 seconds
[2025-11-02T13:46:38.553+0000] {processor.py:161} INFO - Started process (PID=4504) to work on /opt/airflow/dags/dag_csv_to_postgres_dag.py
[2025-11-02T13:46:38.555+0000] {processor.py:830} INFO - Processing file /opt/airflow/dags/dag_csv_to_postgres_dag.py for tasks to queue
[2025-11-02T13:46:38.561+0000] {logging_mixin.py:188} INFO - [2025-11-02T13:46:38.557+0000] {dagbag.py:538} INFO - Filling up the DagBag from /opt/airflow/dags/dag_csv_to_postgres_dag.py
[2025-11-02T13:46:38.597+0000] {processor.py:840} INFO - DAG(s) 'load_csv_to_postgres' retrieved from /opt/airflow/dags/dag_csv_to_postgres_dag.py
[2025-11-02T13:46:38.668+0000] {logging_mixin.py:188} INFO - [2025-11-02T13:46:38.667+0000] {dag.py:3036} INFO - Sync 1 DAGs
[2025-11-02T13:46:38.692+0000] {logging_mixin.py:188} INFO - [2025-11-02T13:46:38.691+0000] {dag.py:3823} INFO - Setting next_dagrun for load_csv_to_postgres to None, run_after=None
[2025-11-02T13:46:38.744+0000] {processor.py:183} INFO - Processing /opt/airflow/dags/dag_csv_to_postgres_dag.py took 0.204 seconds
[2025-11-02T13:47:12.645+0000] {processor.py:161} INFO - Started process (PID=4516) to work on /opt/airflow/dags/dag_csv_to_postgres_dag.py
[2025-11-02T13:47:12.647+0000] {processor.py:830} INFO - Processing file /opt/airflow/dags/dag_csv_to_postgres_dag.py for tasks to queue
[2025-11-02T13:47:12.649+0000] {logging_mixin.py:188} INFO - [2025-11-02T13:47:12.648+0000] {dagbag.py:538} INFO - Filling up the DagBag from /opt/airflow/dags/dag_csv_to_postgres_dag.py
[2025-11-02T13:47:12.697+0000] {processor.py:840} INFO - DAG(s) 'load_csv_to_postgres' retrieved from /opt/airflow/dags/dag_csv_to_postgres_dag.py
[2025-11-02T13:47:12.763+0000] {logging_mixin.py:188} INFO - [2025-11-02T13:47:12.762+0000] {dag.py:3036} INFO - Sync 1 DAGs
[2025-11-02T13:47:12.791+0000] {logging_mixin.py:188} INFO - [2025-11-02T13:47:12.791+0000] {dag.py:3823} INFO - Setting next_dagrun for load_csv_to_postgres to None, run_after=None
[2025-11-02T13:47:12.844+0000] {processor.py:183} INFO - Processing /opt/airflow/dags/dag_csv_to_postgres_dag.py took 0.210 seconds
[2025-11-02T13:47:45.409+0000] {processor.py:161} INFO - Started process (PID=4528) to work on /opt/airflow/dags/dag_csv_to_postgres_dag.py
[2025-11-02T13:47:45.414+0000] {processor.py:830} INFO - Processing file /opt/airflow/dags/dag_csv_to_postgres_dag.py for tasks to queue
[2025-11-02T13:47:45.417+0000] {logging_mixin.py:188} INFO - [2025-11-02T13:47:45.416+0000] {dagbag.py:538} INFO - Filling up the DagBag from /opt/airflow/dags/dag_csv_to_postgres_dag.py
[2025-11-02T13:47:45.481+0000] {processor.py:840} INFO - DAG(s) 'load_csv_to_postgres' retrieved from /opt/airflow/dags/dag_csv_to_postgres_dag.py
[2025-11-02T13:47:45.551+0000] {logging_mixin.py:188} INFO - [2025-11-02T13:47:45.550+0000] {dag.py:3036} INFO - Sync 1 DAGs
[2025-11-02T13:47:45.579+0000] {logging_mixin.py:188} INFO - [2025-11-02T13:47:45.578+0000] {dag.py:3823} INFO - Setting next_dagrun for load_csv_to_postgres to None, run_after=None
[2025-11-02T13:47:45.618+0000] {processor.py:183} INFO - Processing /opt/airflow/dags/dag_csv_to_postgres_dag.py took 0.221 seconds
[2025-11-02T13:48:19.291+0000] {processor.py:161} INFO - Started process (PID=4542) to work on /opt/airflow/dags/dag_csv_to_postgres_dag.py
[2025-11-02T13:48:19.293+0000] {processor.py:830} INFO - Processing file /opt/airflow/dags/dag_csv_to_postgres_dag.py for tasks to queue
[2025-11-02T13:48:19.294+0000] {logging_mixin.py:188} INFO - [2025-11-02T13:48:19.294+0000] {dagbag.py:538} INFO - Filling up the DagBag from /opt/airflow/dags/dag_csv_to_postgres_dag.py
[2025-11-02T13:48:19.323+0000] {processor.py:840} INFO - DAG(s) 'load_csv_to_postgres' retrieved from /opt/airflow/dags/dag_csv_to_postgres_dag.py
[2025-11-02T13:48:19.384+0000] {logging_mixin.py:188} INFO - [2025-11-02T13:48:19.384+0000] {dag.py:3036} INFO - Sync 1 DAGs
[2025-11-02T13:48:19.466+0000] {logging_mixin.py:188} INFO - [2025-11-02T13:48:19.466+0000] {dag.py:3823} INFO - Setting next_dagrun for load_csv_to_postgres to None, run_after=None
[2025-11-02T13:48:19.650+0000] {processor.py:183} INFO - Processing /opt/airflow/dags/dag_csv_to_postgres_dag.py took 0.370 seconds
[2025-11-02T13:48:52.748+0000] {processor.py:161} INFO - Started process (PID=4554) to work on /opt/airflow/dags/dag_csv_to_postgres_dag.py
[2025-11-02T13:48:52.752+0000] {processor.py:830} INFO - Processing file /opt/airflow/dags/dag_csv_to_postgres_dag.py for tasks to queue
[2025-11-02T13:48:52.759+0000] {logging_mixin.py:188} INFO - [2025-11-02T13:48:52.753+0000] {dagbag.py:538} INFO - Filling up the DagBag from /opt/airflow/dags/dag_csv_to_postgres_dag.py
[2025-11-02T13:48:52.794+0000] {processor.py:840} INFO - DAG(s) 'load_csv_to_postgres' retrieved from /opt/airflow/dags/dag_csv_to_postgres_dag.py
[2025-11-02T13:48:52.862+0000] {logging_mixin.py:188} INFO - [2025-11-02T13:48:52.861+0000] {dag.py:3036} INFO - Sync 1 DAGs
[2025-11-02T13:48:52.898+0000] {logging_mixin.py:188} INFO - [2025-11-02T13:48:52.898+0000] {dag.py:3823} INFO - Setting next_dagrun for load_csv_to_postgres to None, run_after=None
[2025-11-02T13:48:52.931+0000] {processor.py:183} INFO - Processing /opt/airflow/dags/dag_csv_to_postgres_dag.py took 0.199 seconds
[2025-11-02T13:49:25.596+0000] {processor.py:161} INFO - Started process (PID=4566) to work on /opt/airflow/dags/dag_csv_to_postgres_dag.py
[2025-11-02T13:49:25.598+0000] {processor.py:830} INFO - Processing file /opt/airflow/dags/dag_csv_to_postgres_dag.py for tasks to queue
[2025-11-02T13:49:25.599+0000] {logging_mixin.py:188} INFO - [2025-11-02T13:49:25.599+0000] {dagbag.py:538} INFO - Filling up the DagBag from /opt/airflow/dags/dag_csv_to_postgres_dag.py
[2025-11-02T13:49:25.626+0000] {processor.py:840} INFO - DAG(s) 'load_csv_to_postgres' retrieved from /opt/airflow/dags/dag_csv_to_postgres_dag.py
[2025-11-02T13:49:25.665+0000] {logging_mixin.py:188} INFO - [2025-11-02T13:49:25.664+0000] {dag.py:3036} INFO - Sync 1 DAGs
[2025-11-02T13:49:25.699+0000] {logging_mixin.py:188} INFO - [2025-11-02T13:49:25.699+0000] {dag.py:3823} INFO - Setting next_dagrun for load_csv_to_postgres to None, run_after=None
[2025-11-02T13:49:25.745+0000] {processor.py:183} INFO - Processing /opt/airflow/dags/dag_csv_to_postgres_dag.py took 0.155 seconds
[2025-11-02T13:49:59.065+0000] {processor.py:161} INFO - Started process (PID=4578) to work on /opt/airflow/dags/dag_csv_to_postgres_dag.py
[2025-11-02T13:49:59.068+0000] {processor.py:830} INFO - Processing file /opt/airflow/dags/dag_csv_to_postgres_dag.py for tasks to queue
[2025-11-02T13:49:59.077+0000] {logging_mixin.py:188} INFO - [2025-11-02T13:49:59.071+0000] {dagbag.py:538} INFO - Filling up the DagBag from /opt/airflow/dags/dag_csv_to_postgres_dag.py
[2025-11-02T13:49:59.116+0000] {processor.py:840} INFO - DAG(s) 'load_csv_to_postgres' retrieved from /opt/airflow/dags/dag_csv_to_postgres_dag.py
[2025-11-02T13:49:59.158+0000] {logging_mixin.py:188} INFO - [2025-11-02T13:49:59.158+0000] {dag.py:3036} INFO - Sync 1 DAGs
[2025-11-02T13:49:59.182+0000] {logging_mixin.py:188} INFO - [2025-11-02T13:49:59.182+0000] {dag.py:3823} INFO - Setting next_dagrun for load_csv_to_postgres to None, run_after=None
[2025-11-02T13:49:59.225+0000] {processor.py:183} INFO - Processing /opt/airflow/dags/dag_csv_to_postgres_dag.py took 0.169 seconds
[2025-11-02T13:50:32.446+0000] {processor.py:161} INFO - Started process (PID=4589) to work on /opt/airflow/dags/dag_csv_to_postgres_dag.py
[2025-11-02T13:50:32.449+0000] {processor.py:830} INFO - Processing file /opt/airflow/dags/dag_csv_to_postgres_dag.py for tasks to queue
[2025-11-02T13:50:32.451+0000] {logging_mixin.py:188} INFO - [2025-11-02T13:50:32.450+0000] {dagbag.py:538} INFO - Filling up the DagBag from /opt/airflow/dags/dag_csv_to_postgres_dag.py
[2025-11-02T13:50:32.489+0000] {processor.py:840} INFO - DAG(s) 'load_csv_to_postgres' retrieved from /opt/airflow/dags/dag_csv_to_postgres_dag.py
[2025-11-02T13:50:32.565+0000] {logging_mixin.py:188} INFO - [2025-11-02T13:50:32.564+0000] {dag.py:3036} INFO - Sync 1 DAGs
[2025-11-02T13:50:32.608+0000] {logging_mixin.py:188} INFO - [2025-11-02T13:50:32.608+0000] {dag.py:3823} INFO - Setting next_dagrun for load_csv_to_postgres to None, run_after=None
[2025-11-02T13:50:32.703+0000] {processor.py:183} INFO - Processing /opt/airflow/dags/dag_csv_to_postgres_dag.py took 0.267 seconds
[2025-11-02T13:51:06.390+0000] {processor.py:161} INFO - Started process (PID=4601) to work on /opt/airflow/dags/dag_csv_to_postgres_dag.py
[2025-11-02T13:51:06.392+0000] {processor.py:830} INFO - Processing file /opt/airflow/dags/dag_csv_to_postgres_dag.py for tasks to queue
[2025-11-02T13:51:06.394+0000] {logging_mixin.py:188} INFO - [2025-11-02T13:51:06.393+0000] {dagbag.py:538} INFO - Filling up the DagBag from /opt/airflow/dags/dag_csv_to_postgres_dag.py
[2025-11-02T13:51:06.419+0000] {processor.py:840} INFO - DAG(s) 'load_csv_to_postgres' retrieved from /opt/airflow/dags/dag_csv_to_postgres_dag.py
[2025-11-02T13:51:06.469+0000] {logging_mixin.py:188} INFO - [2025-11-02T13:51:06.468+0000] {dag.py:3036} INFO - Sync 1 DAGs
[2025-11-02T13:51:06.491+0000] {logging_mixin.py:188} INFO - [2025-11-02T13:51:06.491+0000] {dag.py:3823} INFO - Setting next_dagrun for load_csv_to_postgres to None, run_after=None
[2025-11-02T13:51:07.461+0000] {processor.py:183} INFO - Processing /opt/airflow/dags/dag_csv_to_postgres_dag.py took 1.076 seconds
[2025-11-02T13:51:39.720+0000] {processor.py:161} INFO - Started process (PID=4613) to work on /opt/airflow/dags/dag_csv_to_postgres_dag.py
[2025-11-02T13:51:39.722+0000] {processor.py:830} INFO - Processing file /opt/airflow/dags/dag_csv_to_postgres_dag.py for tasks to queue
[2025-11-02T13:51:39.723+0000] {logging_mixin.py:188} INFO - [2025-11-02T13:51:39.723+0000] {dagbag.py:538} INFO - Filling up the DagBag from /opt/airflow/dags/dag_csv_to_postgres_dag.py
[2025-11-02T13:51:39.750+0000] {processor.py:840} INFO - DAG(s) 'load_csv_to_postgres' retrieved from /opt/airflow/dags/dag_csv_to_postgres_dag.py
[2025-11-02T13:51:39.790+0000] {logging_mixin.py:188} INFO - [2025-11-02T13:51:39.789+0000] {dag.py:3036} INFO - Sync 1 DAGs
[2025-11-02T13:51:39.811+0000] {logging_mixin.py:188} INFO - [2025-11-02T13:51:39.810+0000] {dag.py:3823} INFO - Setting next_dagrun for load_csv_to_postgres to None, run_after=None
[2025-11-02T13:51:39.953+0000] {processor.py:183} INFO - Processing /opt/airflow/dags/dag_csv_to_postgres_dag.py took 0.239 seconds
[2025-11-02T13:52:12.561+0000] {processor.py:161} INFO - Started process (PID=4624) to work on /opt/airflow/dags/dag_csv_to_postgres_dag.py
[2025-11-02T13:52:12.566+0000] {processor.py:830} INFO - Processing file /opt/airflow/dags/dag_csv_to_postgres_dag.py for tasks to queue
[2025-11-02T13:52:12.569+0000] {logging_mixin.py:188} INFO - [2025-11-02T13:52:12.567+0000] {dagbag.py:538} INFO - Filling up the DagBag from /opt/airflow/dags/dag_csv_to_postgres_dag.py
[2025-11-02T13:52:12.603+0000] {processor.py:840} INFO - DAG(s) 'load_csv_to_postgres' retrieved from /opt/airflow/dags/dag_csv_to_postgres_dag.py
[2025-11-02T13:52:12.697+0000] {logging_mixin.py:188} INFO - [2025-11-02T13:52:12.696+0000] {dag.py:3036} INFO - Sync 1 DAGs
[2025-11-02T13:52:12.745+0000] {logging_mixin.py:188} INFO - [2025-11-02T13:52:12.744+0000] {dag.py:3823} INFO - Setting next_dagrun for load_csv_to_postgres to None, run_after=None
[2025-11-02T13:52:12.843+0000] {processor.py:183} INFO - Processing /opt/airflow/dags/dag_csv_to_postgres_dag.py took 0.292 seconds
[2025-11-02T13:52:46.507+0000] {processor.py:161} INFO - Started process (PID=4636) to work on /opt/airflow/dags/dag_csv_to_postgres_dag.py
[2025-11-02T13:52:46.517+0000] {processor.py:830} INFO - Processing file /opt/airflow/dags/dag_csv_to_postgres_dag.py for tasks to queue
[2025-11-02T13:52:46.522+0000] {logging_mixin.py:188} INFO - [2025-11-02T13:52:46.521+0000] {dagbag.py:538} INFO - Filling up the DagBag from /opt/airflow/dags/dag_csv_to_postgres_dag.py
[2025-11-02T13:52:46.677+0000] {processor.py:840} INFO - DAG(s) 'load_csv_to_postgres' retrieved from /opt/airflow/dags/dag_csv_to_postgres_dag.py
[2025-11-02T13:52:46.879+0000] {logging_mixin.py:188} INFO - [2025-11-02T13:52:46.878+0000] {dag.py:3036} INFO - Sync 1 DAGs
[2025-11-02T13:52:46.975+0000] {logging_mixin.py:188} INFO - [2025-11-02T13:52:46.974+0000] {dag.py:3823} INFO - Setting next_dagrun for load_csv_to_postgres to None, run_after=None
[2025-11-02T13:52:47.103+0000] {processor.py:183} INFO - Processing /opt/airflow/dags/dag_csv_to_postgres_dag.py took 0.613 seconds
[2025-11-02T13:53:19.295+0000] {processor.py:161} INFO - Started process (PID=4648) to work on /opt/airflow/dags/dag_csv_to_postgres_dag.py
[2025-11-02T13:53:19.302+0000] {processor.py:830} INFO - Processing file /opt/airflow/dags/dag_csv_to_postgres_dag.py for tasks to queue
[2025-11-02T13:53:19.305+0000] {logging_mixin.py:188} INFO - [2025-11-02T13:53:19.304+0000] {dagbag.py:538} INFO - Filling up the DagBag from /opt/airflow/dags/dag_csv_to_postgres_dag.py
[2025-11-02T13:53:19.379+0000] {processor.py:840} INFO - DAG(s) 'load_csv_to_postgres' retrieved from /opt/airflow/dags/dag_csv_to_postgres_dag.py
[2025-11-02T13:53:19.446+0000] {logging_mixin.py:188} INFO - [2025-11-02T13:53:19.444+0000] {dag.py:3036} INFO - Sync 1 DAGs
[2025-11-02T13:53:19.478+0000] {logging_mixin.py:188} INFO - [2025-11-02T13:53:19.477+0000] {dag.py:3823} INFO - Setting next_dagrun for load_csv_to_postgres to None, run_after=None
[2025-11-02T13:53:19.541+0000] {processor.py:183} INFO - Processing /opt/airflow/dags/dag_csv_to_postgres_dag.py took 0.254 seconds
[2025-11-02T13:53:53.511+0000] {processor.py:161} INFO - Started process (PID=4660) to work on /opt/airflow/dags/dag_csv_to_postgres_dag.py
[2025-11-02T13:53:53.513+0000] {processor.py:830} INFO - Processing file /opt/airflow/dags/dag_csv_to_postgres_dag.py for tasks to queue
[2025-11-02T13:53:53.517+0000] {logging_mixin.py:188} INFO - [2025-11-02T13:53:53.516+0000] {dagbag.py:538} INFO - Filling up the DagBag from /opt/airflow/dags/dag_csv_to_postgres_dag.py
[2025-11-02T13:53:53.541+0000] {processor.py:840} INFO - DAG(s) 'load_csv_to_postgres' retrieved from /opt/airflow/dags/dag_csv_to_postgres_dag.py
[2025-11-02T13:53:53.585+0000] {logging_mixin.py:188} INFO - [2025-11-02T13:53:53.584+0000] {dag.py:3036} INFO - Sync 1 DAGs
[2025-11-02T13:53:53.605+0000] {logging_mixin.py:188} INFO - [2025-11-02T13:53:53.605+0000] {dag.py:3823} INFO - Setting next_dagrun for load_csv_to_postgres to None, run_after=None
[2025-11-02T13:53:53.670+0000] {processor.py:183} INFO - Processing /opt/airflow/dags/dag_csv_to_postgres_dag.py took 0.165 seconds
[2025-11-02T13:54:26.174+0000] {processor.py:161} INFO - Started process (PID=4672) to work on /opt/airflow/dags/dag_csv_to_postgres_dag.py
[2025-11-02T13:54:26.176+0000] {processor.py:830} INFO - Processing file /opt/airflow/dags/dag_csv_to_postgres_dag.py for tasks to queue
[2025-11-02T13:54:26.178+0000] {logging_mixin.py:188} INFO - [2025-11-02T13:54:26.178+0000] {dagbag.py:538} INFO - Filling up the DagBag from /opt/airflow/dags/dag_csv_to_postgres_dag.py
[2025-11-02T13:54:26.219+0000] {processor.py:840} INFO - DAG(s) 'load_csv_to_postgres' retrieved from /opt/airflow/dags/dag_csv_to_postgres_dag.py
[2025-11-02T13:54:26.297+0000] {logging_mixin.py:188} INFO - [2025-11-02T13:54:26.296+0000] {dag.py:3036} INFO - Sync 1 DAGs
[2025-11-02T13:54:26.349+0000] {logging_mixin.py:188} INFO - [2025-11-02T13:54:26.348+0000] {dag.py:3823} INFO - Setting next_dagrun for load_csv_to_postgres to None, run_after=None
[2025-11-02T13:54:26.508+0000] {processor.py:183} INFO - Processing /opt/airflow/dags/dag_csv_to_postgres_dag.py took 0.346 seconds
[2025-11-02T13:55:00.568+0000] {processor.py:161} INFO - Started process (PID=4684) to work on /opt/airflow/dags/dag_csv_to_postgres_dag.py
[2025-11-02T13:55:00.571+0000] {processor.py:830} INFO - Processing file /opt/airflow/dags/dag_csv_to_postgres_dag.py for tasks to queue
[2025-11-02T13:55:00.574+0000] {logging_mixin.py:188} INFO - [2025-11-02T13:55:00.573+0000] {dagbag.py:538} INFO - Filling up the DagBag from /opt/airflow/dags/dag_csv_to_postgres_dag.py
[2025-11-02T13:55:00.636+0000] {processor.py:840} INFO - DAG(s) 'load_csv_to_postgres' retrieved from /opt/airflow/dags/dag_csv_to_postgres_dag.py
[2025-11-02T13:55:00.795+0000] {logging_mixin.py:188} INFO - [2025-11-02T13:55:00.786+0000] {dag.py:3036} INFO - Sync 1 DAGs
[2025-11-02T13:55:00.882+0000] {logging_mixin.py:188} INFO - [2025-11-02T13:55:00.878+0000] {dag.py:3823} INFO - Setting next_dagrun for load_csv_to_postgres to None, run_after=None
[2025-11-02T13:55:01.025+0000] {processor.py:183} INFO - Processing /opt/airflow/dags/dag_csv_to_postgres_dag.py took 0.470 seconds
[2025-11-02T13:55:34.232+0000] {processor.py:161} INFO - Started process (PID=4696) to work on /opt/airflow/dags/dag_csv_to_postgres_dag.py
[2025-11-02T13:55:34.235+0000] {processor.py:830} INFO - Processing file /opt/airflow/dags/dag_csv_to_postgres_dag.py for tasks to queue
[2025-11-02T13:55:34.238+0000] {logging_mixin.py:188} INFO - [2025-11-02T13:55:34.237+0000] {dagbag.py:538} INFO - Filling up the DagBag from /opt/airflow/dags/dag_csv_to_postgres_dag.py
[2025-11-02T13:55:34.281+0000] {processor.py:840} INFO - DAG(s) 'load_csv_to_postgres' retrieved from /opt/airflow/dags/dag_csv_to_postgres_dag.py
[2025-11-02T13:55:34.331+0000] {logging_mixin.py:188} INFO - [2025-11-02T13:55:34.330+0000] {dag.py:3036} INFO - Sync 1 DAGs
[2025-11-02T13:55:34.363+0000] {logging_mixin.py:188} INFO - [2025-11-02T13:55:34.362+0000] {dag.py:3823} INFO - Setting next_dagrun for load_csv_to_postgres to None, run_after=None
[2025-11-02T13:55:34.427+0000] {processor.py:183} INFO - Processing /opt/airflow/dags/dag_csv_to_postgres_dag.py took 0.205 seconds
[2025-11-02T13:56:06.193+0000] {processor.py:161} INFO - Started process (PID=4708) to work on /opt/airflow/dags/dag_csv_to_postgres_dag.py
[2025-11-02T13:56:06.210+0000] {processor.py:830} INFO - Processing file /opt/airflow/dags/dag_csv_to_postgres_dag.py for tasks to queue
[2025-11-02T13:56:06.226+0000] {logging_mixin.py:188} INFO - [2025-11-02T13:56:06.225+0000] {dagbag.py:538} INFO - Filling up the DagBag from /opt/airflow/dags/dag_csv_to_postgres_dag.py
[2025-11-02T13:56:06.325+0000] {processor.py:840} INFO - DAG(s) 'load_csv_to_postgres' retrieved from /opt/airflow/dags/dag_csv_to_postgres_dag.py
[2025-11-02T13:56:06.408+0000] {logging_mixin.py:188} INFO - [2025-11-02T13:56:06.408+0000] {dag.py:3036} INFO - Sync 1 DAGs
[2025-11-02T13:56:06.437+0000] {logging_mixin.py:188} INFO - [2025-11-02T13:56:06.437+0000] {dag.py:3823} INFO - Setting next_dagrun for load_csv_to_postgres to None, run_after=None
[2025-11-02T13:56:06.737+0000] {processor.py:183} INFO - Processing /opt/airflow/dags/dag_csv_to_postgres_dag.py took 0.558 seconds
[2025-11-02T13:56:39.548+0000] {processor.py:161} INFO - Started process (PID=4720) to work on /opt/airflow/dags/dag_csv_to_postgres_dag.py
[2025-11-02T13:56:39.550+0000] {processor.py:830} INFO - Processing file /opt/airflow/dags/dag_csv_to_postgres_dag.py for tasks to queue
[2025-11-02T13:56:39.561+0000] {logging_mixin.py:188} INFO - [2025-11-02T13:56:39.551+0000] {dagbag.py:538} INFO - Filling up the DagBag from /opt/airflow/dags/dag_csv_to_postgres_dag.py
[2025-11-02T13:56:39.754+0000] {processor.py:840} INFO - DAG(s) 'load_csv_to_postgres' retrieved from /opt/airflow/dags/dag_csv_to_postgres_dag.py
[2025-11-02T13:56:39.914+0000] {logging_mixin.py:188} INFO - [2025-11-02T13:56:39.914+0000] {dag.py:3036} INFO - Sync 1 DAGs
[2025-11-02T13:56:39.981+0000] {logging_mixin.py:188} INFO - [2025-11-02T13:56:39.980+0000] {dag.py:3823} INFO - Setting next_dagrun for load_csv_to_postgres to None, run_after=None
[2025-11-02T13:56:40.180+0000] {processor.py:183} INFO - Processing /opt/airflow/dags/dag_csv_to_postgres_dag.py took 0.645 seconds
[2025-11-02T13:57:12.218+0000] {processor.py:161} INFO - Started process (PID=4732) to work on /opt/airflow/dags/dag_csv_to_postgres_dag.py
[2025-11-02T13:57:12.221+0000] {processor.py:830} INFO - Processing file /opt/airflow/dags/dag_csv_to_postgres_dag.py for tasks to queue
[2025-11-02T13:57:12.223+0000] {logging_mixin.py:188} INFO - [2025-11-02T13:57:12.222+0000] {dagbag.py:538} INFO - Filling up the DagBag from /opt/airflow/dags/dag_csv_to_postgres_dag.py
[2025-11-02T13:57:12.251+0000] {processor.py:840} INFO - DAG(s) 'load_csv_to_postgres' retrieved from /opt/airflow/dags/dag_csv_to_postgres_dag.py
[2025-11-02T13:57:12.300+0000] {logging_mixin.py:188} INFO - [2025-11-02T13:57:12.299+0000] {dag.py:3036} INFO - Sync 1 DAGs
[2025-11-02T13:57:12.323+0000] {logging_mixin.py:188} INFO - [2025-11-02T13:57:12.323+0000] {dag.py:3823} INFO - Setting next_dagrun for load_csv_to_postgres to None, run_after=None
[2025-11-02T13:57:12.376+0000] {processor.py:183} INFO - Processing /opt/airflow/dags/dag_csv_to_postgres_dag.py took 0.166 seconds
[2025-11-02T13:57:45.681+0000] {processor.py:161} INFO - Started process (PID=4744) to work on /opt/airflow/dags/dag_csv_to_postgres_dag.py
[2025-11-02T13:57:45.683+0000] {processor.py:830} INFO - Processing file /opt/airflow/dags/dag_csv_to_postgres_dag.py for tasks to queue
[2025-11-02T13:57:45.685+0000] {logging_mixin.py:188} INFO - [2025-11-02T13:57:45.684+0000] {dagbag.py:538} INFO - Filling up the DagBag from /opt/airflow/dags/dag_csv_to_postgres_dag.py
[2025-11-02T13:57:45.722+0000] {processor.py:840} INFO - DAG(s) 'load_csv_to_postgres' retrieved from /opt/airflow/dags/dag_csv_to_postgres_dag.py
[2025-11-02T13:57:45.765+0000] {logging_mixin.py:188} INFO - [2025-11-02T13:57:45.765+0000] {dag.py:3036} INFO - Sync 1 DAGs
[2025-11-02T13:57:45.784+0000] {logging_mixin.py:188} INFO - [2025-11-02T13:57:45.783+0000] {dag.py:3823} INFO - Setting next_dagrun for load_csv_to_postgres to None, run_after=None
[2025-11-02T13:57:45.825+0000] {processor.py:183} INFO - Processing /opt/airflow/dags/dag_csv_to_postgres_dag.py took 0.151 seconds
[2025-11-02T13:58:19.217+0000] {processor.py:161} INFO - Started process (PID=4757) to work on /opt/airflow/dags/dag_csv_to_postgres_dag.py
[2025-11-02T13:58:19.218+0000] {processor.py:830} INFO - Processing file /opt/airflow/dags/dag_csv_to_postgres_dag.py for tasks to queue
[2025-11-02T13:58:19.220+0000] {logging_mixin.py:188} INFO - [2025-11-02T13:58:19.220+0000] {dagbag.py:538} INFO - Filling up the DagBag from /opt/airflow/dags/dag_csv_to_postgres_dag.py
[2025-11-02T13:58:19.246+0000] {processor.py:840} INFO - DAG(s) 'load_csv_to_postgres' retrieved from /opt/airflow/dags/dag_csv_to_postgres_dag.py
[2025-11-02T13:58:19.299+0000] {logging_mixin.py:188} INFO - [2025-11-02T13:58:19.298+0000] {dag.py:3036} INFO - Sync 1 DAGs
[2025-11-02T13:58:19.330+0000] {logging_mixin.py:188} INFO - [2025-11-02T13:58:19.330+0000] {dag.py:3823} INFO - Setting next_dagrun for load_csv_to_postgres to None, run_after=None
[2025-11-02T13:58:19.409+0000] {processor.py:183} INFO - Processing /opt/airflow/dags/dag_csv_to_postgres_dag.py took 0.197 seconds
[2025-11-02T13:58:53.573+0000] {processor.py:161} INFO - Started process (PID=4769) to work on /opt/airflow/dags/dag_csv_to_postgres_dag.py
[2025-11-02T13:58:53.585+0000] {processor.py:830} INFO - Processing file /opt/airflow/dags/dag_csv_to_postgres_dag.py for tasks to queue
[2025-11-02T13:58:53.590+0000] {logging_mixin.py:188} INFO - [2025-11-02T13:58:53.588+0000] {dagbag.py:538} INFO - Filling up the DagBag from /opt/airflow/dags/dag_csv_to_postgres_dag.py
[2025-11-02T13:58:53.705+0000] {processor.py:840} INFO - DAG(s) 'load_csv_to_postgres' retrieved from /opt/airflow/dags/dag_csv_to_postgres_dag.py
[2025-11-02T13:58:53.855+0000] {logging_mixin.py:188} INFO - [2025-11-02T13:58:53.854+0000] {dag.py:3036} INFO - Sync 1 DAGs
[2025-11-02T13:58:53.957+0000] {logging_mixin.py:188} INFO - [2025-11-02T13:58:53.956+0000] {dag.py:3823} INFO - Setting next_dagrun for load_csv_to_postgres to None, run_after=None
[2025-11-02T13:58:54.100+0000] {processor.py:183} INFO - Processing /opt/airflow/dags/dag_csv_to_postgres_dag.py took 0.545 seconds
[2025-11-02T13:59:26.046+0000] {processor.py:161} INFO - Started process (PID=4781) to work on /opt/airflow/dags/dag_csv_to_postgres_dag.py
[2025-11-02T13:59:26.048+0000] {processor.py:830} INFO - Processing file /opt/airflow/dags/dag_csv_to_postgres_dag.py for tasks to queue
[2025-11-02T13:59:26.049+0000] {logging_mixin.py:188} INFO - [2025-11-02T13:59:26.049+0000] {dagbag.py:538} INFO - Filling up the DagBag from /opt/airflow/dags/dag_csv_to_postgres_dag.py
[2025-11-02T13:59:26.075+0000] {processor.py:840} INFO - DAG(s) 'load_csv_to_postgres' retrieved from /opt/airflow/dags/dag_csv_to_postgres_dag.py
[2025-11-02T13:59:26.120+0000] {logging_mixin.py:188} INFO - [2025-11-02T13:59:26.120+0000] {dag.py:3036} INFO - Sync 1 DAGs
[2025-11-02T13:59:26.137+0000] {logging_mixin.py:188} INFO - [2025-11-02T13:59:26.137+0000] {dag.py:3823} INFO - Setting next_dagrun for load_csv_to_postgres to None, run_after=None
[2025-11-02T13:59:26.169+0000] {processor.py:183} INFO - Processing /opt/airflow/dags/dag_csv_to_postgres_dag.py took 0.131 seconds
[2025-11-02T14:00:01.340+0000] {processor.py:161} INFO - Started process (PID=4793) to work on /opt/airflow/dags/dag_csv_to_postgres_dag.py
[2025-11-02T14:00:01.346+0000] {processor.py:830} INFO - Processing file /opt/airflow/dags/dag_csv_to_postgres_dag.py for tasks to queue
[2025-11-02T14:00:01.358+0000] {logging_mixin.py:188} INFO - [2025-11-02T14:00:01.348+0000] {dagbag.py:538} INFO - Filling up the DagBag from /opt/airflow/dags/dag_csv_to_postgres_dag.py
[2025-11-02T14:00:01.408+0000] {processor.py:840} INFO - DAG(s) 'load_csv_to_postgres' retrieved from /opt/airflow/dags/dag_csv_to_postgres_dag.py
[2025-11-02T14:00:01.561+0000] {logging_mixin.py:188} INFO - [2025-11-02T14:00:01.560+0000] {dag.py:3036} INFO - Sync 1 DAGs
[2025-11-02T14:00:01.692+0000] {logging_mixin.py:188} INFO - [2025-11-02T14:00:01.692+0000] {dag.py:3823} INFO - Setting next_dagrun for load_csv_to_postgres to None, run_after=None
[2025-11-02T14:00:01.872+0000] {processor.py:183} INFO - Processing /opt/airflow/dags/dag_csv_to_postgres_dag.py took 0.550 seconds
[2025-11-02T14:00:33.311+0000] {processor.py:161} INFO - Started process (PID=4805) to work on /opt/airflow/dags/dag_csv_to_postgres_dag.py
[2025-11-02T14:00:33.313+0000] {processor.py:830} INFO - Processing file /opt/airflow/dags/dag_csv_to_postgres_dag.py for tasks to queue
[2025-11-02T14:00:33.316+0000] {logging_mixin.py:188} INFO - [2025-11-02T14:00:33.315+0000] {dagbag.py:538} INFO - Filling up the DagBag from /opt/airflow/dags/dag_csv_to_postgres_dag.py
[2025-11-02T14:00:33.401+0000] {processor.py:840} INFO - DAG(s) 'load_csv_to_postgres' retrieved from /opt/airflow/dags/dag_csv_to_postgres_dag.py
[2025-11-02T14:00:33.462+0000] {logging_mixin.py:188} INFO - [2025-11-02T14:00:33.462+0000] {dag.py:3036} INFO - Sync 1 DAGs
[2025-11-02T14:00:33.487+0000] {logging_mixin.py:188} INFO - [2025-11-02T14:00:33.487+0000] {dag.py:3823} INFO - Setting next_dagrun for load_csv_to_postgres to None, run_after=None
[2025-11-02T14:00:33.531+0000] {processor.py:183} INFO - Processing /opt/airflow/dags/dag_csv_to_postgres_dag.py took 0.238 seconds
[2025-11-02T14:01:06.014+0000] {processor.py:161} INFO - Started process (PID=4817) to work on /opt/airflow/dags/dag_csv_to_postgres_dag.py
[2025-11-02T14:01:06.017+0000] {processor.py:830} INFO - Processing file /opt/airflow/dags/dag_csv_to_postgres_dag.py for tasks to queue
[2025-11-02T14:01:06.019+0000] {logging_mixin.py:188} INFO - [2025-11-02T14:01:06.018+0000] {dagbag.py:538} INFO - Filling up the DagBag from /opt/airflow/dags/dag_csv_to_postgres_dag.py
[2025-11-02T14:01:06.054+0000] {processor.py:840} INFO - DAG(s) 'load_csv_to_postgres' retrieved from /opt/airflow/dags/dag_csv_to_postgres_dag.py
[2025-11-02T14:01:06.115+0000] {logging_mixin.py:188} INFO - [2025-11-02T14:01:06.115+0000] {dag.py:3036} INFO - Sync 1 DAGs
[2025-11-02T14:01:06.137+0000] {logging_mixin.py:188} INFO - [2025-11-02T14:01:06.137+0000] {dag.py:3823} INFO - Setting next_dagrun for load_csv_to_postgres to None, run_after=None
[2025-11-02T14:01:06.182+0000] {processor.py:183} INFO - Processing /opt/airflow/dags/dag_csv_to_postgres_dag.py took 0.176 seconds
[2025-11-02T14:01:40.227+0000] {processor.py:161} INFO - Started process (PID=4829) to work on /opt/airflow/dags/dag_csv_to_postgres_dag.py
[2025-11-02T14:01:40.234+0000] {processor.py:830} INFO - Processing file /opt/airflow/dags/dag_csv_to_postgres_dag.py for tasks to queue
[2025-11-02T14:01:40.242+0000] {logging_mixin.py:188} INFO - [2025-11-02T14:01:40.242+0000] {dagbag.py:538} INFO - Filling up the DagBag from /opt/airflow/dags/dag_csv_to_postgres_dag.py
[2025-11-02T14:01:40.416+0000] {processor.py:840} INFO - DAG(s) 'load_csv_to_postgres' retrieved from /opt/airflow/dags/dag_csv_to_postgres_dag.py
[2025-11-02T14:01:40.565+0000] {logging_mixin.py:188} INFO - [2025-11-02T14:01:40.564+0000] {dag.py:3036} INFO - Sync 1 DAGs
[2025-11-02T14:01:40.722+0000] {logging_mixin.py:188} INFO - [2025-11-02T14:01:40.721+0000] {dag.py:3823} INFO - Setting next_dagrun for load_csv_to_postgres to None, run_after=None
[2025-11-02T14:01:40.848+0000] {processor.py:183} INFO - Processing /opt/airflow/dags/dag_csv_to_postgres_dag.py took 0.639 seconds
[2025-11-02T14:02:12.539+0000] {processor.py:161} INFO - Started process (PID=4841) to work on /opt/airflow/dags/dag_csv_to_postgres_dag.py
[2025-11-02T14:02:12.544+0000] {processor.py:830} INFO - Processing file /opt/airflow/dags/dag_csv_to_postgres_dag.py for tasks to queue
[2025-11-02T14:02:12.549+0000] {logging_mixin.py:188} INFO - [2025-11-02T14:02:12.548+0000] {dagbag.py:538} INFO - Filling up the DagBag from /opt/airflow/dags/dag_csv_to_postgres_dag.py
[2025-11-02T14:02:12.584+0000] {processor.py:840} INFO - DAG(s) 'load_csv_to_postgres' retrieved from /opt/airflow/dags/dag_csv_to_postgres_dag.py
[2025-11-02T14:02:12.651+0000] {logging_mixin.py:188} INFO - [2025-11-02T14:02:12.650+0000] {dag.py:3036} INFO - Sync 1 DAGs
[2025-11-02T14:02:12.670+0000] {logging_mixin.py:188} INFO - [2025-11-02T14:02:12.670+0000] {dag.py:3823} INFO - Setting next_dagrun for load_csv_to_postgres to None, run_after=None
[2025-11-02T14:02:12.721+0000] {processor.py:183} INFO - Processing /opt/airflow/dags/dag_csv_to_postgres_dag.py took 0.190 seconds
[2025-11-02T14:02:46.133+0000] {processor.py:161} INFO - Started process (PID=4853) to work on /opt/airflow/dags/dag_csv_to_postgres_dag.py
[2025-11-02T14:02:46.135+0000] {processor.py:830} INFO - Processing file /opt/airflow/dags/dag_csv_to_postgres_dag.py for tasks to queue
[2025-11-02T14:02:46.137+0000] {logging_mixin.py:188} INFO - [2025-11-02T14:02:46.137+0000] {dagbag.py:538} INFO - Filling up the DagBag from /opt/airflow/dags/dag_csv_to_postgres_dag.py
[2025-11-02T14:02:46.171+0000] {processor.py:840} INFO - DAG(s) 'load_csv_to_postgres' retrieved from /opt/airflow/dags/dag_csv_to_postgres_dag.py
[2025-11-02T14:02:46.239+0000] {logging_mixin.py:188} INFO - [2025-11-02T14:02:46.238+0000] {dag.py:3036} INFO - Sync 1 DAGs
[2025-11-02T14:02:46.274+0000] {logging_mixin.py:188} INFO - [2025-11-02T14:02:46.274+0000] {dag.py:3823} INFO - Setting next_dagrun for load_csv_to_postgres to None, run_after=None
[2025-11-02T14:02:46.583+0000] {processor.py:183} INFO - Processing /opt/airflow/dags/dag_csv_to_postgres_dag.py took 0.460 seconds
[2025-11-02T14:03:20.199+0000] {processor.py:161} INFO - Started process (PID=4864) to work on /opt/airflow/dags/dag_csv_to_postgres_dag.py
[2025-11-02T14:03:20.204+0000] {processor.py:830} INFO - Processing file /opt/airflow/dags/dag_csv_to_postgres_dag.py for tasks to queue
[2025-11-02T14:03:20.219+0000] {logging_mixin.py:188} INFO - [2025-11-02T14:03:20.218+0000] {dagbag.py:538} INFO - Filling up the DagBag from /opt/airflow/dags/dag_csv_to_postgres_dag.py
[2025-11-02T14:03:20.263+0000] {processor.py:840} INFO - DAG(s) 'load_csv_to_postgres' retrieved from /opt/airflow/dags/dag_csv_to_postgres_dag.py
[2025-11-02T14:03:20.323+0000] {logging_mixin.py:188} INFO - [2025-11-02T14:03:20.322+0000] {dag.py:3036} INFO - Sync 1 DAGs
[2025-11-02T14:03:20.365+0000] {logging_mixin.py:188} INFO - [2025-11-02T14:03:20.365+0000] {dag.py:3823} INFO - Setting next_dagrun for load_csv_to_postgres to None, run_after=None
[2025-11-02T14:03:20.434+0000] {processor.py:183} INFO - Processing /opt/airflow/dags/dag_csv_to_postgres_dag.py took 0.244 seconds
[2025-11-02T14:03:52.916+0000] {processor.py:161} INFO - Started process (PID=4877) to work on /opt/airflow/dags/dag_csv_to_postgres_dag.py
[2025-11-02T14:03:52.918+0000] {processor.py:830} INFO - Processing file /opt/airflow/dags/dag_csv_to_postgres_dag.py for tasks to queue
[2025-11-02T14:03:52.923+0000] {logging_mixin.py:188} INFO - [2025-11-02T14:03:52.922+0000] {dagbag.py:538} INFO - Filling up the DagBag from /opt/airflow/dags/dag_csv_to_postgres_dag.py
[2025-11-02T14:03:52.958+0000] {processor.py:840} INFO - DAG(s) 'load_csv_to_postgres' retrieved from /opt/airflow/dags/dag_csv_to_postgres_dag.py
[2025-11-02T14:03:53.017+0000] {logging_mixin.py:188} INFO - [2025-11-02T14:03:53.017+0000] {dag.py:3036} INFO - Sync 1 DAGs
[2025-11-02T14:03:53.049+0000] {logging_mixin.py:188} INFO - [2025-11-02T14:03:53.049+0000] {dag.py:3823} INFO - Setting next_dagrun for load_csv_to_postgres to None, run_after=None
[2025-11-02T14:03:53.170+0000] {processor.py:183} INFO - Processing /opt/airflow/dags/dag_csv_to_postgres_dag.py took 0.260 seconds
[2025-11-02T14:04:27.281+0000] {processor.py:161} INFO - Started process (PID=4889) to work on /opt/airflow/dags/dag_csv_to_postgres_dag.py
[2025-11-02T14:04:27.283+0000] {processor.py:830} INFO - Processing file /opt/airflow/dags/dag_csv_to_postgres_dag.py for tasks to queue
[2025-11-02T14:04:27.294+0000] {logging_mixin.py:188} INFO - [2025-11-02T14:04:27.285+0000] {dagbag.py:538} INFO - Filling up the DagBag from /opt/airflow/dags/dag_csv_to_postgres_dag.py
[2025-11-02T14:04:27.364+0000] {processor.py:840} INFO - DAG(s) 'load_csv_to_postgres' retrieved from /opt/airflow/dags/dag_csv_to_postgres_dag.py
[2025-11-02T14:04:27.570+0000] {logging_mixin.py:188} INFO - [2025-11-02T14:04:27.570+0000] {dag.py:3036} INFO - Sync 1 DAGs
[2025-11-02T14:04:27.656+0000] {logging_mixin.py:188} INFO - [2025-11-02T14:04:27.655+0000] {dag.py:3823} INFO - Setting next_dagrun for load_csv_to_postgres to None, run_after=None
[2025-11-02T14:04:27.879+0000] {processor.py:183} INFO - Processing /opt/airflow/dags/dag_csv_to_postgres_dag.py took 0.626 seconds
[2025-11-02T14:05:01.726+0000] {processor.py:161} INFO - Started process (PID=4901) to work on /opt/airflow/dags/dag_csv_to_postgres_dag.py
[2025-11-02T14:05:01.728+0000] {processor.py:830} INFO - Processing file /opt/airflow/dags/dag_csv_to_postgres_dag.py for tasks to queue
[2025-11-02T14:05:01.754+0000] {logging_mixin.py:188} INFO - [2025-11-02T14:05:01.746+0000] {dagbag.py:538} INFO - Filling up the DagBag from /opt/airflow/dags/dag_csv_to_postgres_dag.py
[2025-11-02T14:05:01.987+0000] {processor.py:840} INFO - DAG(s) 'load_csv_to_postgres' retrieved from /opt/airflow/dags/dag_csv_to_postgres_dag.py
[2025-11-02T14:05:02.174+0000] {logging_mixin.py:188} INFO - [2025-11-02T14:05:02.173+0000] {dag.py:3036} INFO - Sync 1 DAGs
[2025-11-02T14:05:02.311+0000] {logging_mixin.py:188} INFO - [2025-11-02T14:05:02.310+0000] {dag.py:3823} INFO - Setting next_dagrun for load_csv_to_postgres to None, run_after=None
[2025-11-02T14:05:02.503+0000] {processor.py:183} INFO - Processing /opt/airflow/dags/dag_csv_to_postgres_dag.py took 0.812 seconds
[2025-11-02T14:05:40.339+0000] {processor.py:161} INFO - Started process (PID=4913) to work on /opt/airflow/dags/dag_csv_to_postgres_dag.py
[2025-11-02T14:05:40.355+0000] {processor.py:830} INFO - Processing file /opt/airflow/dags/dag_csv_to_postgres_dag.py for tasks to queue
[2025-11-02T14:05:40.374+0000] {logging_mixin.py:188} INFO - [2025-11-02T14:05:40.372+0000] {dagbag.py:538} INFO - Filling up the DagBag from /opt/airflow/dags/dag_csv_to_postgres_dag.py
[2025-11-02T14:05:40.584+0000] {processor.py:840} INFO - DAG(s) 'load_csv_to_postgres' retrieved from /opt/airflow/dags/dag_csv_to_postgres_dag.py
[2025-11-02T14:05:40.797+0000] {logging_mixin.py:188} INFO - [2025-11-02T14:05:40.796+0000] {dag.py:3036} INFO - Sync 1 DAGs
[2025-11-02T14:05:40.965+0000] {logging_mixin.py:188} INFO - [2025-11-02T14:05:40.964+0000] {dag.py:3823} INFO - Setting next_dagrun for load_csv_to_postgres to None, run_after=None
[2025-11-02T14:05:41.224+0000] {processor.py:183} INFO - Processing /opt/airflow/dags/dag_csv_to_postgres_dag.py took 0.920 seconds
[2025-11-02T14:06:14.063+0000] {processor.py:161} INFO - Started process (PID=4925) to work on /opt/airflow/dags/dag_csv_to_postgres_dag.py
[2025-11-02T14:06:14.083+0000] {processor.py:830} INFO - Processing file /opt/airflow/dags/dag_csv_to_postgres_dag.py for tasks to queue
[2025-11-02T14:06:14.116+0000] {logging_mixin.py:188} INFO - [2025-11-02T14:06:14.115+0000] {dagbag.py:538} INFO - Filling up the DagBag from /opt/airflow/dags/dag_csv_to_postgres_dag.py
[2025-11-02T14:06:14.238+0000] {processor.py:840} INFO - DAG(s) 'load_csv_to_postgres' retrieved from /opt/airflow/dags/dag_csv_to_postgres_dag.py
[2025-11-02T14:06:14.407+0000] {logging_mixin.py:188} INFO - [2025-11-02T14:06:14.407+0000] {dag.py:3036} INFO - Sync 1 DAGs
[2025-11-02T14:06:14.481+0000] {logging_mixin.py:188} INFO - [2025-11-02T14:06:14.481+0000] {dag.py:3823} INFO - Setting next_dagrun for load_csv_to_postgres to None, run_after=None
[2025-11-02T14:06:14.595+0000] {processor.py:183} INFO - Processing /opt/airflow/dags/dag_csv_to_postgres_dag.py took 0.568 seconds
[2025-11-02T14:06:45.096+0000] {processor.py:161} INFO - Started process (PID=4938) to work on /opt/airflow/dags/dag_csv_to_postgres_dag.py
[2025-11-02T14:06:45.099+0000] {processor.py:830} INFO - Processing file /opt/airflow/dags/dag_csv_to_postgres_dag.py for tasks to queue
[2025-11-02T14:06:45.101+0000] {logging_mixin.py:188} INFO - [2025-11-02T14:06:45.100+0000] {dagbag.py:538} INFO - Filling up the DagBag from /opt/airflow/dags/dag_csv_to_postgres_dag.py
[2025-11-02T14:06:45.146+0000] {processor.py:840} INFO - DAG(s) 'load_csv_to_postgres' retrieved from /opt/airflow/dags/dag_csv_to_postgres_dag.py
[2025-11-02T14:06:45.256+0000] {logging_mixin.py:188} INFO - [2025-11-02T14:06:45.255+0000] {dag.py:3036} INFO - Sync 1 DAGs
[2025-11-02T14:06:45.315+0000] {logging_mixin.py:188} INFO - [2025-11-02T14:06:45.315+0000] {dag.py:3823} INFO - Setting next_dagrun for load_csv_to_postgres to None, run_after=None
[2025-11-02T14:06:45.363+0000] {processor.py:183} INFO - Processing /opt/airflow/dags/dag_csv_to_postgres_dag.py took 0.279 seconds
[2025-11-02T14:07:16.463+0000] {processor.py:161} INFO - Started process (PID=4949) to work on /opt/airflow/dags/dag_csv_to_postgres_dag.py
[2025-11-02T14:07:16.466+0000] {processor.py:830} INFO - Processing file /opt/airflow/dags/dag_csv_to_postgres_dag.py for tasks to queue
[2025-11-02T14:07:16.477+0000] {logging_mixin.py:188} INFO - [2025-11-02T14:07:16.468+0000] {dagbag.py:538} INFO - Filling up the DagBag from /opt/airflow/dags/dag_csv_to_postgres_dag.py
[2025-11-02T14:07:16.566+0000] {processor.py:840} INFO - DAG(s) 'load_csv_to_postgres' retrieved from /opt/airflow/dags/dag_csv_to_postgres_dag.py
[2025-11-02T14:07:16.704+0000] {logging_mixin.py:188} INFO - [2025-11-02T14:07:16.703+0000] {dag.py:3036} INFO - Sync 1 DAGs
[2025-11-02T14:07:16.787+0000] {logging_mixin.py:188} INFO - [2025-11-02T14:07:16.787+0000] {dag.py:3823} INFO - Setting next_dagrun for load_csv_to_postgres to None, run_after=None
[2025-11-02T14:07:16.861+0000] {processor.py:183} INFO - Processing /opt/airflow/dags/dag_csv_to_postgres_dag.py took 0.416 seconds
[2025-11-02T14:07:47.145+0000] {processor.py:161} INFO - Started process (PID=4961) to work on /opt/airflow/dags/dag_csv_to_postgres_dag.py
[2025-11-02T14:07:47.147+0000] {processor.py:830} INFO - Processing file /opt/airflow/dags/dag_csv_to_postgres_dag.py for tasks to queue
[2025-11-02T14:07:47.152+0000] {logging_mixin.py:188} INFO - [2025-11-02T14:07:47.151+0000] {dagbag.py:538} INFO - Filling up the DagBag from /opt/airflow/dags/dag_csv_to_postgres_dag.py
[2025-11-02T14:07:47.220+0000] {processor.py:840} INFO - DAG(s) 'load_csv_to_postgres' retrieved from /opt/airflow/dags/dag_csv_to_postgres_dag.py
[2025-11-02T14:07:47.332+0000] {logging_mixin.py:188} INFO - [2025-11-02T14:07:47.332+0000] {dag.py:3036} INFO - Sync 1 DAGs
[2025-11-02T14:07:47.427+0000] {logging_mixin.py:188} INFO - [2025-11-02T14:07:47.426+0000] {dag.py:3823} INFO - Setting next_dagrun for load_csv_to_postgres to None, run_after=None
[2025-11-02T14:07:47.589+0000] {processor.py:183} INFO - Processing /opt/airflow/dags/dag_csv_to_postgres_dag.py took 0.458 seconds
[2025-11-02T14:08:19.840+0000] {processor.py:161} INFO - Started process (PID=4973) to work on /opt/airflow/dags/dag_csv_to_postgres_dag.py
[2025-11-02T14:08:19.844+0000] {processor.py:830} INFO - Processing file /opt/airflow/dags/dag_csv_to_postgres_dag.py for tasks to queue
[2025-11-02T14:08:19.847+0000] {logging_mixin.py:188} INFO - [2025-11-02T14:08:19.846+0000] {dagbag.py:538} INFO - Filling up the DagBag from /opt/airflow/dags/dag_csv_to_postgres_dag.py
[2025-11-02T14:08:19.907+0000] {processor.py:840} INFO - DAG(s) 'load_csv_to_postgres' retrieved from /opt/airflow/dags/dag_csv_to_postgres_dag.py
[2025-11-02T14:08:20.052+0000] {logging_mixin.py:188} INFO - [2025-11-02T14:08:20.051+0000] {dag.py:3036} INFO - Sync 1 DAGs
[2025-11-02T14:08:20.124+0000] {logging_mixin.py:188} INFO - [2025-11-02T14:08:20.123+0000] {dag.py:3823} INFO - Setting next_dagrun for load_csv_to_postgres to None, run_after=None
[2025-11-02T14:08:20.211+0000] {processor.py:183} INFO - Processing /opt/airflow/dags/dag_csv_to_postgres_dag.py took 0.389 seconds
[2025-11-02T14:08:54.223+0000] {processor.py:161} INFO - Started process (PID=4985) to work on /opt/airflow/dags/dag_csv_to_postgres_dag.py
[2025-11-02T14:08:54.226+0000] {processor.py:830} INFO - Processing file /opt/airflow/dags/dag_csv_to_postgres_dag.py for tasks to queue
[2025-11-02T14:08:54.229+0000] {logging_mixin.py:188} INFO - [2025-11-02T14:08:54.229+0000] {dagbag.py:538} INFO - Filling up the DagBag from /opt/airflow/dags/dag_csv_to_postgres_dag.py
[2025-11-02T14:08:54.270+0000] {processor.py:840} INFO - DAG(s) 'load_csv_to_postgres' retrieved from /opt/airflow/dags/dag_csv_to_postgres_dag.py
[2025-11-02T14:08:54.340+0000] {logging_mixin.py:188} INFO - [2025-11-02T14:08:54.339+0000] {dag.py:3036} INFO - Sync 1 DAGs
[2025-11-02T14:08:54.405+0000] {logging_mixin.py:188} INFO - [2025-11-02T14:08:54.405+0000] {dag.py:3823} INFO - Setting next_dagrun for load_csv_to_postgres to None, run_after=None
[2025-11-02T14:08:54.900+0000] {processor.py:183} INFO - Processing /opt/airflow/dags/dag_csv_to_postgres_dag.py took 0.685 seconds
[2025-11-02T14:09:27.911+0000] {processor.py:161} INFO - Started process (PID=4997) to work on /opt/airflow/dags/dag_csv_to_postgres_dag.py
[2025-11-02T14:09:27.913+0000] {processor.py:830} INFO - Processing file /opt/airflow/dags/dag_csv_to_postgres_dag.py for tasks to queue
[2025-11-02T14:09:27.915+0000] {logging_mixin.py:188} INFO - [2025-11-02T14:09:27.915+0000] {dagbag.py:538} INFO - Filling up the DagBag from /opt/airflow/dags/dag_csv_to_postgres_dag.py
[2025-11-02T14:09:28.014+0000] {processor.py:840} INFO - DAG(s) 'load_csv_to_postgres' retrieved from /opt/airflow/dags/dag_csv_to_postgres_dag.py
[2025-11-02T14:09:28.264+0000] {logging_mixin.py:188} INFO - [2025-11-02T14:09:28.264+0000] {dag.py:3036} INFO - Sync 1 DAGs
[2025-11-02T14:09:28.349+0000] {logging_mixin.py:188} INFO - [2025-11-02T14:09:28.349+0000] {dag.py:3823} INFO - Setting next_dagrun for load_csv_to_postgres to None, run_after=None
[2025-11-02T14:09:28.623+0000] {processor.py:183} INFO - Processing /opt/airflow/dags/dag_csv_to_postgres_dag.py took 0.736 seconds
[2025-11-02T14:10:00.287+0000] {processor.py:161} INFO - Started process (PID=5009) to work on /opt/airflow/dags/dag_csv_to_postgres_dag.py
[2025-11-02T14:10:00.290+0000] {processor.py:830} INFO - Processing file /opt/airflow/dags/dag_csv_to_postgres_dag.py for tasks to queue
[2025-11-02T14:10:00.292+0000] {logging_mixin.py:188} INFO - [2025-11-02T14:10:00.291+0000] {dagbag.py:538} INFO - Filling up the DagBag from /opt/airflow/dags/dag_csv_to_postgres_dag.py
[2025-11-02T14:10:00.476+0000] {processor.py:840} INFO - DAG(s) 'load_csv_to_postgres' retrieved from /opt/airflow/dags/dag_csv_to_postgres_dag.py
[2025-11-02T14:10:00.601+0000] {logging_mixin.py:188} INFO - [2025-11-02T14:10:00.601+0000] {dag.py:3036} INFO - Sync 1 DAGs
[2025-11-02T14:10:00.661+0000] {logging_mixin.py:188} INFO - [2025-11-02T14:10:00.660+0000] {dag.py:3823} INFO - Setting next_dagrun for load_csv_to_postgres to None, run_after=None
[2025-11-02T14:10:00.884+0000] {processor.py:183} INFO - Processing /opt/airflow/dags/dag_csv_to_postgres_dag.py took 0.604 seconds
[2025-11-02T14:10:33.419+0000] {processor.py:161} INFO - Started process (PID=5021) to work on /opt/airflow/dags/dag_csv_to_postgres_dag.py
[2025-11-02T14:10:33.422+0000] {processor.py:830} INFO - Processing file /opt/airflow/dags/dag_csv_to_postgres_dag.py for tasks to queue
[2025-11-02T14:10:33.424+0000] {logging_mixin.py:188} INFO - [2025-11-02T14:10:33.424+0000] {dagbag.py:538} INFO - Filling up the DagBag from /opt/airflow/dags/dag_csv_to_postgres_dag.py
[2025-11-02T14:10:33.460+0000] {processor.py:840} INFO - DAG(s) 'load_csv_to_postgres' retrieved from /opt/airflow/dags/dag_csv_to_postgres_dag.py
[2025-11-02T14:10:33.525+0000] {logging_mixin.py:188} INFO - [2025-11-02T14:10:33.524+0000] {dag.py:3036} INFO - Sync 1 DAGs
[2025-11-02T14:10:33.556+0000] {logging_mixin.py:188} INFO - [2025-11-02T14:10:33.555+0000] {dag.py:3823} INFO - Setting next_dagrun for load_csv_to_postgres to None, run_after=None
[2025-11-02T14:10:33.767+0000] {processor.py:183} INFO - Processing /opt/airflow/dags/dag_csv_to_postgres_dag.py took 0.359 seconds
[2025-11-02T14:11:07.567+0000] {processor.py:161} INFO - Started process (PID=5033) to work on /opt/airflow/dags/dag_csv_to_postgres_dag.py
[2025-11-02T14:11:07.569+0000] {processor.py:830} INFO - Processing file /opt/airflow/dags/dag_csv_to_postgres_dag.py for tasks to queue
[2025-11-02T14:11:07.574+0000] {logging_mixin.py:188} INFO - [2025-11-02T14:11:07.574+0000] {dagbag.py:538} INFO - Filling up the DagBag from /opt/airflow/dags/dag_csv_to_postgres_dag.py
[2025-11-02T14:11:07.713+0000] {processor.py:840} INFO - DAG(s) 'load_csv_to_postgres' retrieved from /opt/airflow/dags/dag_csv_to_postgres_dag.py
[2025-11-02T14:11:07.828+0000] {logging_mixin.py:188} INFO - [2025-11-02T14:11:07.826+0000] {dag.py:3036} INFO - Sync 1 DAGs
[2025-11-02T14:11:07.863+0000] {logging_mixin.py:188} INFO - [2025-11-02T14:11:07.863+0000] {dag.py:3823} INFO - Setting next_dagrun for load_csv_to_postgres to None, run_after=None
[2025-11-02T14:11:07.933+0000] {processor.py:183} INFO - Processing /opt/airflow/dags/dag_csv_to_postgres_dag.py took 0.377 seconds
[2025-11-02T14:11:40.341+0000] {processor.py:161} INFO - Started process (PID=5045) to work on /opt/airflow/dags/dag_csv_to_postgres_dag.py
[2025-11-02T14:11:40.343+0000] {processor.py:830} INFO - Processing file /opt/airflow/dags/dag_csv_to_postgres_dag.py for tasks to queue
[2025-11-02T14:11:40.345+0000] {logging_mixin.py:188} INFO - [2025-11-02T14:11:40.345+0000] {dagbag.py:538} INFO - Filling up the DagBag from /opt/airflow/dags/dag_csv_to_postgres_dag.py
[2025-11-02T14:11:40.383+0000] {processor.py:840} INFO - DAG(s) 'load_csv_to_postgres' retrieved from /opt/airflow/dags/dag_csv_to_postgres_dag.py
[2025-11-02T14:11:40.478+0000] {logging_mixin.py:188} INFO - [2025-11-02T14:11:40.478+0000] {dag.py:3036} INFO - Sync 1 DAGs
[2025-11-02T14:11:40.555+0000] {logging_mixin.py:188} INFO - [2025-11-02T14:11:40.554+0000] {dag.py:3823} INFO - Setting next_dagrun for load_csv_to_postgres to None, run_after=None
[2025-11-02T14:11:40.644+0000] {processor.py:183} INFO - Processing /opt/airflow/dags/dag_csv_to_postgres_dag.py took 0.314 seconds
[2025-11-02T14:12:13.216+0000] {processor.py:161} INFO - Started process (PID=5051) to work on /opt/airflow/dags/dag_csv_to_postgres_dag.py
[2025-11-02T14:12:13.219+0000] {processor.py:830} INFO - Processing file /opt/airflow/dags/dag_csv_to_postgres_dag.py for tasks to queue
[2025-11-02T14:12:13.222+0000] {logging_mixin.py:188} INFO - [2025-11-02T14:12:13.221+0000] {dagbag.py:538} INFO - Filling up the DagBag from /opt/airflow/dags/dag_csv_to_postgres_dag.py
[2025-11-02T14:12:13.301+0000] {processor.py:840} INFO - DAG(s) 'load_csv_to_postgres' retrieved from /opt/airflow/dags/dag_csv_to_postgres_dag.py
[2025-11-02T14:12:13.405+0000] {logging_mixin.py:188} INFO - [2025-11-02T14:12:13.400+0000] {dag.py:3036} INFO - Sync 1 DAGs
[2025-11-02T14:12:13.453+0000] {logging_mixin.py:188} INFO - [2025-11-02T14:12:13.452+0000] {dag.py:3823} INFO - Setting next_dagrun for load_csv_to_postgres to None, run_after=None
[2025-11-02T14:12:13.570+0000] {processor.py:183} INFO - Processing /opt/airflow/dags/dag_csv_to_postgres_dag.py took 0.364 seconds
[2025-11-02T14:12:48.146+0000] {processor.py:161} INFO - Started process (PID=5069) to work on /opt/airflow/dags/dag_csv_to_postgres_dag.py
[2025-11-02T14:12:48.236+0000] {processor.py:830} INFO - Processing file /opt/airflow/dags/dag_csv_to_postgres_dag.py for tasks to queue
[2025-11-02T14:12:48.238+0000] {logging_mixin.py:188} INFO - [2025-11-02T14:12:48.238+0000] {dagbag.py:538} INFO - Filling up the DagBag from /opt/airflow/dags/dag_csv_to_postgres_dag.py
[2025-11-02T14:12:48.387+0000] {processor.py:840} INFO - DAG(s) 'load_csv_to_postgres' retrieved from /opt/airflow/dags/dag_csv_to_postgres_dag.py
[2025-11-02T14:12:48.468+0000] {logging_mixin.py:188} INFO - [2025-11-02T14:12:48.467+0000] {dag.py:3036} INFO - Sync 1 DAGs
[2025-11-02T14:12:48.499+0000] {logging_mixin.py:188} INFO - [2025-11-02T14:12:48.498+0000] {dag.py:3823} INFO - Setting next_dagrun for load_csv_to_postgres to None, run_after=None
[2025-11-02T14:12:48.581+0000] {processor.py:183} INFO - Processing /opt/airflow/dags/dag_csv_to_postgres_dag.py took 0.441 seconds
[2025-11-02T14:13:20.177+0000] {processor.py:161} INFO - Started process (PID=5075) to work on /opt/airflow/dags/dag_csv_to_postgres_dag.py
[2025-11-02T14:13:20.181+0000] {processor.py:830} INFO - Processing file /opt/airflow/dags/dag_csv_to_postgres_dag.py for tasks to queue
[2025-11-02T14:13:20.184+0000] {logging_mixin.py:188} INFO - [2025-11-02T14:13:20.183+0000] {dagbag.py:538} INFO - Filling up the DagBag from /opt/airflow/dags/dag_csv_to_postgres_dag.py
[2025-11-02T14:13:20.361+0000] {processor.py:840} INFO - DAG(s) 'load_csv_to_postgres' retrieved from /opt/airflow/dags/dag_csv_to_postgres_dag.py
[2025-11-02T14:13:20.409+0000] {logging_mixin.py:188} INFO - [2025-11-02T14:13:20.409+0000] {dag.py:3036} INFO - Sync 1 DAGs
[2025-11-02T14:13:20.431+0000] {logging_mixin.py:188} INFO - [2025-11-02T14:13:20.431+0000] {dag.py:3823} INFO - Setting next_dagrun for load_csv_to_postgres to None, run_after=None
[2025-11-02T14:13:20.495+0000] {processor.py:183} INFO - Processing /opt/airflow/dags/dag_csv_to_postgres_dag.py took 0.329 seconds
[2025-11-02T14:13:54.484+0000] {processor.py:161} INFO - Started process (PID=5087) to work on /opt/airflow/dags/dag_csv_to_postgres_dag.py
[2025-11-02T14:13:54.487+0000] {processor.py:830} INFO - Processing file /opt/airflow/dags/dag_csv_to_postgres_dag.py for tasks to queue
[2025-11-02T14:13:54.491+0000] {logging_mixin.py:188} INFO - [2025-11-02T14:13:54.490+0000] {dagbag.py:538} INFO - Filling up the DagBag from /opt/airflow/dags/dag_csv_to_postgres_dag.py
[2025-11-02T14:13:54.525+0000] {processor.py:840} INFO - DAG(s) 'load_csv_to_postgres' retrieved from /opt/airflow/dags/dag_csv_to_postgres_dag.py
[2025-11-02T14:13:54.563+0000] {logging_mixin.py:188} INFO - [2025-11-02T14:13:54.563+0000] {dag.py:3036} INFO - Sync 1 DAGs
[2025-11-02T14:13:54.580+0000] {logging_mixin.py:188} INFO - [2025-11-02T14:13:54.580+0000] {dag.py:3823} INFO - Setting next_dagrun for load_csv_to_postgres to None, run_after=None
[2025-11-02T14:13:54.817+0000] {processor.py:183} INFO - Processing /opt/airflow/dags/dag_csv_to_postgres_dag.py took 0.342 seconds
[2025-11-02T14:14:26.407+0000] {processor.py:161} INFO - Started process (PID=5099) to work on /opt/airflow/dags/dag_csv_to_postgres_dag.py
[2025-11-02T14:14:26.409+0000] {processor.py:830} INFO - Processing file /opt/airflow/dags/dag_csv_to_postgres_dag.py for tasks to queue
[2025-11-02T14:14:26.412+0000] {logging_mixin.py:188} INFO - [2025-11-02T14:14:26.411+0000] {dagbag.py:538} INFO - Filling up the DagBag from /opt/airflow/dags/dag_csv_to_postgres_dag.py
[2025-11-02T14:14:26.440+0000] {processor.py:840} INFO - DAG(s) 'load_csv_to_postgres' retrieved from /opt/airflow/dags/dag_csv_to_postgres_dag.py
[2025-11-02T14:14:26.501+0000] {logging_mixin.py:188} INFO - [2025-11-02T14:14:26.501+0000] {dag.py:3036} INFO - Sync 1 DAGs
[2025-11-02T14:14:26.517+0000] {logging_mixin.py:188} INFO - [2025-11-02T14:14:26.517+0000] {dag.py:3823} INFO - Setting next_dagrun for load_csv_to_postgres to None, run_after=None
[2025-11-02T14:14:26.551+0000] {processor.py:183} INFO - Processing /opt/airflow/dags/dag_csv_to_postgres_dag.py took 0.151 seconds
[2025-11-02T14:15:00.180+0000] {processor.py:161} INFO - Started process (PID=5111) to work on /opt/airflow/dags/dag_csv_to_postgres_dag.py
[2025-11-02T14:15:00.182+0000] {processor.py:830} INFO - Processing file /opt/airflow/dags/dag_csv_to_postgres_dag.py for tasks to queue
[2025-11-02T14:15:00.184+0000] {logging_mixin.py:188} INFO - [2025-11-02T14:15:00.183+0000] {dagbag.py:538} INFO - Filling up the DagBag from /opt/airflow/dags/dag_csv_to_postgres_dag.py
[2025-11-02T14:15:00.209+0000] {processor.py:840} INFO - DAG(s) 'load_csv_to_postgres' retrieved from /opt/airflow/dags/dag_csv_to_postgres_dag.py
[2025-11-02T14:15:00.254+0000] {logging_mixin.py:188} INFO - [2025-11-02T14:15:00.253+0000] {dag.py:3036} INFO - Sync 1 DAGs
[2025-11-02T14:15:00.274+0000] {logging_mixin.py:188} INFO - [2025-11-02T14:15:00.274+0000] {dag.py:3823} INFO - Setting next_dagrun for load_csv_to_postgres to None, run_after=None
[2025-11-02T14:15:00.315+0000] {processor.py:183} INFO - Processing /opt/airflow/dags/dag_csv_to_postgres_dag.py took 0.141 seconds
[2025-11-02T14:15:33.565+0000] {processor.py:161} INFO - Started process (PID=5123) to work on /opt/airflow/dags/dag_csv_to_postgres_dag.py
[2025-11-02T14:15:33.568+0000] {processor.py:830} INFO - Processing file /opt/airflow/dags/dag_csv_to_postgres_dag.py for tasks to queue
[2025-11-02T14:15:33.571+0000] {logging_mixin.py:188} INFO - [2025-11-02T14:15:33.570+0000] {dagbag.py:538} INFO - Filling up the DagBag from /opt/airflow/dags/dag_csv_to_postgres_dag.py
[2025-11-02T14:15:33.596+0000] {processor.py:840} INFO - DAG(s) 'load_csv_to_postgres' retrieved from /opt/airflow/dags/dag_csv_to_postgres_dag.py
[2025-11-02T14:15:33.636+0000] {logging_mixin.py:188} INFO - [2025-11-02T14:15:33.636+0000] {dag.py:3036} INFO - Sync 1 DAGs
[2025-11-02T14:15:33.653+0000] {logging_mixin.py:188} INFO - [2025-11-02T14:15:33.652+0000] {dag.py:3823} INFO - Setting next_dagrun for load_csv_to_postgres to None, run_after=None
[2025-11-02T14:15:33.711+0000] {processor.py:183} INFO - Processing /opt/airflow/dags/dag_csv_to_postgres_dag.py took 0.158 seconds
[2025-11-02T14:16:06.704+0000] {processor.py:161} INFO - Started process (PID=5135) to work on /opt/airflow/dags/dag_csv_to_postgres_dag.py
[2025-11-02T14:16:06.706+0000] {processor.py:830} INFO - Processing file /opt/airflow/dags/dag_csv_to_postgres_dag.py for tasks to queue
[2025-11-02T14:16:06.709+0000] {logging_mixin.py:188} INFO - [2025-11-02T14:16:06.708+0000] {dagbag.py:538} INFO - Filling up the DagBag from /opt/airflow/dags/dag_csv_to_postgres_dag.py
[2025-11-02T14:16:06.743+0000] {processor.py:840} INFO - DAG(s) 'load_csv_to_postgres' retrieved from /opt/airflow/dags/dag_csv_to_postgres_dag.py
[2025-11-02T14:16:06.794+0000] {logging_mixin.py:188} INFO - [2025-11-02T14:16:06.793+0000] {dag.py:3036} INFO - Sync 1 DAGs
[2025-11-02T14:16:06.821+0000] {logging_mixin.py:188} INFO - [2025-11-02T14:16:06.820+0000] {dag.py:3823} INFO - Setting next_dagrun for load_csv_to_postgres to None, run_after=None
[2025-11-02T14:16:06.855+0000] {processor.py:183} INFO - Processing /opt/airflow/dags/dag_csv_to_postgres_dag.py took 0.159 seconds
[2025-11-02T14:16:40.234+0000] {processor.py:161} INFO - Started process (PID=5147) to work on /opt/airflow/dags/dag_csv_to_postgres_dag.py
[2025-11-02T14:16:40.237+0000] {processor.py:830} INFO - Processing file /opt/airflow/dags/dag_csv_to_postgres_dag.py for tasks to queue
[2025-11-02T14:16:40.238+0000] {logging_mixin.py:188} INFO - [2025-11-02T14:16:40.238+0000] {dagbag.py:538} INFO - Filling up the DagBag from /opt/airflow/dags/dag_csv_to_postgres_dag.py
[2025-11-02T14:16:40.267+0000] {processor.py:840} INFO - DAG(s) 'load_csv_to_postgres' retrieved from /opt/airflow/dags/dag_csv_to_postgres_dag.py
[2025-11-02T14:16:40.314+0000] {logging_mixin.py:188} INFO - [2025-11-02T14:16:40.314+0000] {dag.py:3036} INFO - Sync 1 DAGs
[2025-11-02T14:16:40.336+0000] {logging_mixin.py:188} INFO - [2025-11-02T14:16:40.336+0000] {dag.py:3823} INFO - Setting next_dagrun for load_csv_to_postgres to None, run_after=None
[2025-11-02T14:16:40.372+0000] {processor.py:183} INFO - Processing /opt/airflow/dags/dag_csv_to_postgres_dag.py took 0.144 seconds
[2025-11-02T14:17:13.686+0000] {processor.py:161} INFO - Started process (PID=5159) to work on /opt/airflow/dags/dag_csv_to_postgres_dag.py
[2025-11-02T14:17:13.688+0000] {processor.py:830} INFO - Processing file /opt/airflow/dags/dag_csv_to_postgres_dag.py for tasks to queue
[2025-11-02T14:17:13.713+0000] {logging_mixin.py:188} INFO - [2025-11-02T14:17:13.713+0000] {dagbag.py:538} INFO - Filling up the DagBag from /opt/airflow/dags/dag_csv_to_postgres_dag.py
[2025-11-02T14:17:13.801+0000] {processor.py:840} INFO - DAG(s) 'load_csv_to_postgres' retrieved from /opt/airflow/dags/dag_csv_to_postgres_dag.py
[2025-11-02T14:17:13.963+0000] {logging_mixin.py:188} INFO - [2025-11-02T14:17:13.961+0000] {dag.py:3036} INFO - Sync 1 DAGs
[2025-11-02T14:17:14.012+0000] {logging_mixin.py:188} INFO - [2025-11-02T14:17:14.012+0000] {dag.py:3823} INFO - Setting next_dagrun for load_csv_to_postgres to None, run_after=None
[2025-11-02T14:17:14.085+0000] {processor.py:183} INFO - Processing /opt/airflow/dags/dag_csv_to_postgres_dag.py took 0.417 seconds
[2025-11-02T14:17:46.984+0000] {processor.py:161} INFO - Started process (PID=5171) to work on /opt/airflow/dags/dag_csv_to_postgres_dag.py
[2025-11-02T14:17:46.987+0000] {processor.py:830} INFO - Processing file /opt/airflow/dags/dag_csv_to_postgres_dag.py for tasks to queue
[2025-11-02T14:17:46.989+0000] {logging_mixin.py:188} INFO - [2025-11-02T14:17:46.988+0000] {dagbag.py:538} INFO - Filling up the DagBag from /opt/airflow/dags/dag_csv_to_postgres_dag.py
[2025-11-02T14:17:47.053+0000] {processor.py:840} INFO - DAG(s) 'load_csv_to_postgres' retrieved from /opt/airflow/dags/dag_csv_to_postgres_dag.py
[2025-11-02T14:17:47.118+0000] {logging_mixin.py:188} INFO - [2025-11-02T14:17:47.118+0000] {dag.py:3036} INFO - Sync 1 DAGs
[2025-11-02T14:17:47.149+0000] {logging_mixin.py:188} INFO - [2025-11-02T14:17:47.148+0000] {dag.py:3823} INFO - Setting next_dagrun for load_csv_to_postgres to None, run_after=None
[2025-11-02T14:17:47.370+0000] {processor.py:183} INFO - Processing /opt/airflow/dags/dag_csv_to_postgres_dag.py took 0.397 seconds
[2025-11-02T14:18:20.031+0000] {processor.py:161} INFO - Started process (PID=5183) to work on /opt/airflow/dags/dag_csv_to_postgres_dag.py
[2025-11-02T14:18:20.037+0000] {processor.py:830} INFO - Processing file /opt/airflow/dags/dag_csv_to_postgres_dag.py for tasks to queue
[2025-11-02T14:18:20.041+0000] {logging_mixin.py:188} INFO - [2025-11-02T14:18:20.040+0000] {dagbag.py:538} INFO - Filling up the DagBag from /opt/airflow/dags/dag_csv_to_postgres_dag.py
[2025-11-02T14:18:20.091+0000] {processor.py:840} INFO - DAG(s) 'load_csv_to_postgres' retrieved from /opt/airflow/dags/dag_csv_to_postgres_dag.py
[2025-11-02T14:18:20.197+0000] {logging_mixin.py:188} INFO - [2025-11-02T14:18:20.197+0000] {dag.py:3036} INFO - Sync 1 DAGs
[2025-11-02T14:18:20.223+0000] {logging_mixin.py:188} INFO - [2025-11-02T14:18:20.223+0000] {dag.py:3823} INFO - Setting next_dagrun for load_csv_to_postgres to None, run_after=None
[2025-11-02T14:18:20.259+0000] {processor.py:183} INFO - Processing /opt/airflow/dags/dag_csv_to_postgres_dag.py took 0.237 seconds
[2025-11-02T14:18:53.979+0000] {processor.py:161} INFO - Started process (PID=5195) to work on /opt/airflow/dags/dag_csv_to_postgres_dag.py
[2025-11-02T14:18:53.983+0000] {processor.py:830} INFO - Processing file /opt/airflow/dags/dag_csv_to_postgres_dag.py for tasks to queue
[2025-11-02T14:18:53.986+0000] {logging_mixin.py:188} INFO - [2025-11-02T14:18:53.985+0000] {dagbag.py:538} INFO - Filling up the DagBag from /opt/airflow/dags/dag_csv_to_postgres_dag.py
[2025-11-02T14:18:54.027+0000] {processor.py:840} INFO - DAG(s) 'load_csv_to_postgres' retrieved from /opt/airflow/dags/dag_csv_to_postgres_dag.py
[2025-11-02T14:18:54.079+0000] {logging_mixin.py:188} INFO - [2025-11-02T14:18:54.078+0000] {dag.py:3036} INFO - Sync 1 DAGs
[2025-11-02T14:18:54.112+0000] {logging_mixin.py:188} INFO - [2025-11-02T14:18:54.112+0000] {dag.py:3823} INFO - Setting next_dagrun for load_csv_to_postgres to None, run_after=None
[2025-11-02T14:18:54.234+0000] {processor.py:183} INFO - Processing /opt/airflow/dags/dag_csv_to_postgres_dag.py took 0.265 seconds
[2025-11-02T14:19:26.988+0000] {processor.py:161} INFO - Started process (PID=5207) to work on /opt/airflow/dags/dag_csv_to_postgres_dag.py
[2025-11-02T14:19:26.990+0000] {processor.py:830} INFO - Processing file /opt/airflow/dags/dag_csv_to_postgres_dag.py for tasks to queue
[2025-11-02T14:19:26.992+0000] {logging_mixin.py:188} INFO - [2025-11-02T14:19:26.991+0000] {dagbag.py:538} INFO - Filling up the DagBag from /opt/airflow/dags/dag_csv_to_postgres_dag.py
[2025-11-02T14:19:27.060+0000] {processor.py:840} INFO - DAG(s) 'load_csv_to_postgres' retrieved from /opt/airflow/dags/dag_csv_to_postgres_dag.py
[2025-11-02T14:19:27.120+0000] {logging_mixin.py:188} INFO - [2025-11-02T14:19:27.119+0000] {dag.py:3036} INFO - Sync 1 DAGs
[2025-11-02T14:19:27.159+0000] {logging_mixin.py:188} INFO - [2025-11-02T14:19:27.159+0000] {dag.py:3823} INFO - Setting next_dagrun for load_csv_to_postgres to None, run_after=None
[2025-11-02T14:19:27.241+0000] {processor.py:183} INFO - Processing /opt/airflow/dags/dag_csv_to_postgres_dag.py took 0.259 seconds
[2025-11-02T14:19:59.762+0000] {processor.py:161} INFO - Started process (PID=5218) to work on /opt/airflow/dags/dag_csv_to_postgres_dag.py
[2025-11-02T14:19:59.765+0000] {processor.py:830} INFO - Processing file /opt/airflow/dags/dag_csv_to_postgres_dag.py for tasks to queue
[2025-11-02T14:19:59.768+0000] {logging_mixin.py:188} INFO - [2025-11-02T14:19:59.767+0000] {dagbag.py:538} INFO - Filling up the DagBag from /opt/airflow/dags/dag_csv_to_postgres_dag.py
[2025-11-02T14:19:59.796+0000] {processor.py:840} INFO - DAG(s) 'load_csv_to_postgres' retrieved from /opt/airflow/dags/dag_csv_to_postgres_dag.py
[2025-11-02T14:19:59.856+0000] {logging_mixin.py:188} INFO - [2025-11-02T14:19:59.856+0000] {dag.py:3036} INFO - Sync 1 DAGs
[2025-11-02T14:19:59.887+0000] {logging_mixin.py:188} INFO - [2025-11-02T14:19:59.887+0000] {dag.py:3823} INFO - Setting next_dagrun for load_csv_to_postgres to None, run_after=None
[2025-11-02T14:20:00.186+0000] {processor.py:183} INFO - Processing /opt/airflow/dags/dag_csv_to_postgres_dag.py took 0.433 seconds
[2025-11-02T14:20:33.083+0000] {processor.py:161} INFO - Started process (PID=5229) to work on /opt/airflow/dags/dag_csv_to_postgres_dag.py
[2025-11-02T14:20:33.085+0000] {processor.py:830} INFO - Processing file /opt/airflow/dags/dag_csv_to_postgres_dag.py for tasks to queue
[2025-11-02T14:20:33.088+0000] {logging_mixin.py:188} INFO - [2025-11-02T14:20:33.087+0000] {dagbag.py:538} INFO - Filling up the DagBag from /opt/airflow/dags/dag_csv_to_postgres_dag.py
[2025-11-02T14:20:33.119+0000] {processor.py:840} INFO - DAG(s) 'load_csv_to_postgres' retrieved from /opt/airflow/dags/dag_csv_to_postgres_dag.py
[2025-11-02T14:20:33.163+0000] {logging_mixin.py:188} INFO - [2025-11-02T14:20:33.162+0000] {dag.py:3036} INFO - Sync 1 DAGs
[2025-11-02T14:20:33.182+0000] {logging_mixin.py:188} INFO - [2025-11-02T14:20:33.181+0000] {dag.py:3823} INFO - Setting next_dagrun for load_csv_to_postgres to None, run_after=None
[2025-11-02T14:20:33.311+0000] {processor.py:183} INFO - Processing /opt/airflow/dags/dag_csv_to_postgres_dag.py took 0.235 seconds
[2025-11-02T14:21:06.580+0000] {processor.py:161} INFO - Started process (PID=5240) to work on /opt/airflow/dags/dag_csv_to_postgres_dag.py
[2025-11-02T14:21:06.583+0000] {processor.py:830} INFO - Processing file /opt/airflow/dags/dag_csv_to_postgres_dag.py for tasks to queue
[2025-11-02T14:21:06.585+0000] {logging_mixin.py:188} INFO - [2025-11-02T14:21:06.584+0000] {dagbag.py:538} INFO - Filling up the DagBag from /opt/airflow/dags/dag_csv_to_postgres_dag.py
[2025-11-02T14:21:06.670+0000] {processor.py:840} INFO - DAG(s) 'load_csv_to_postgres' retrieved from /opt/airflow/dags/dag_csv_to_postgres_dag.py
[2025-11-02T14:21:06.945+0000] {logging_mixin.py:188} INFO - [2025-11-02T14:21:06.945+0000] {dag.py:3036} INFO - Sync 1 DAGs
[2025-11-02T14:21:07.020+0000] {logging_mixin.py:188} INFO - [2025-11-02T14:21:07.020+0000] {dag.py:3823} INFO - Setting next_dagrun for load_csv_to_postgres to None, run_after=None
[2025-11-02T14:21:07.113+0000] {processor.py:183} INFO - Processing /opt/airflow/dags/dag_csv_to_postgres_dag.py took 0.541 seconds
[2025-11-02T14:21:39.674+0000] {processor.py:161} INFO - Started process (PID=5251) to work on /opt/airflow/dags/dag_csv_to_postgres_dag.py
[2025-11-02T14:21:39.676+0000] {processor.py:830} INFO - Processing file /opt/airflow/dags/dag_csv_to_postgres_dag.py for tasks to queue
[2025-11-02T14:21:39.682+0000] {logging_mixin.py:188} INFO - [2025-11-02T14:21:39.681+0000] {dagbag.py:538} INFO - Filling up the DagBag from /opt/airflow/dags/dag_csv_to_postgres_dag.py
[2025-11-02T14:21:39.713+0000] {processor.py:840} INFO - DAG(s) 'load_csv_to_postgres' retrieved from /opt/airflow/dags/dag_csv_to_postgres_dag.py
[2025-11-02T14:21:39.764+0000] {logging_mixin.py:188} INFO - [2025-11-02T14:21:39.764+0000] {dag.py:3036} INFO - Sync 1 DAGs
[2025-11-02T14:21:39.789+0000] {logging_mixin.py:188} INFO - [2025-11-02T14:21:39.789+0000] {dag.py:3823} INFO - Setting next_dagrun for load_csv_to_postgres to None, run_after=None
[2025-11-02T14:21:39.828+0000] {processor.py:183} INFO - Processing /opt/airflow/dags/dag_csv_to_postgres_dag.py took 0.163 seconds
[2025-11-02T14:22:13.779+0000] {processor.py:161} INFO - Started process (PID=5262) to work on /opt/airflow/dags/dag_csv_to_postgres_dag.py
[2025-11-02T14:22:13.782+0000] {processor.py:830} INFO - Processing file /opt/airflow/dags/dag_csv_to_postgres_dag.py for tasks to queue
[2025-11-02T14:22:13.785+0000] {logging_mixin.py:188} INFO - [2025-11-02T14:22:13.784+0000] {dagbag.py:538} INFO - Filling up the DagBag from /opt/airflow/dags/dag_csv_to_postgres_dag.py
[2025-11-02T14:22:13.821+0000] {processor.py:840} INFO - DAG(s) 'load_csv_to_postgres' retrieved from /opt/airflow/dags/dag_csv_to_postgres_dag.py
[2025-11-02T14:22:13.868+0000] {logging_mixin.py:188} INFO - [2025-11-02T14:22:13.868+0000] {dag.py:3036} INFO - Sync 1 DAGs
[2025-11-02T14:22:13.902+0000] {logging_mixin.py:188} INFO - [2025-11-02T14:22:13.901+0000] {dag.py:3823} INFO - Setting next_dagrun for load_csv_to_postgres to None, run_after=None
[2025-11-02T14:22:13.941+0000] {processor.py:183} INFO - Processing /opt/airflow/dags/dag_csv_to_postgres_dag.py took 0.174 seconds
[2025-11-02T14:22:46.346+0000] {processor.py:161} INFO - Started process (PID=5273) to work on /opt/airflow/dags/dag_csv_to_postgres_dag.py
[2025-11-02T14:22:46.373+0000] {processor.py:830} INFO - Processing file /opt/airflow/dags/dag_csv_to_postgres_dag.py for tasks to queue
[2025-11-02T14:22:46.382+0000] {logging_mixin.py:188} INFO - [2025-11-02T14:22:46.381+0000] {dagbag.py:538} INFO - Filling up the DagBag from /opt/airflow/dags/dag_csv_to_postgres_dag.py
[2025-11-02T14:22:46.747+0000] {processor.py:840} INFO - DAG(s) 'load_csv_to_postgres' retrieved from /opt/airflow/dags/dag_csv_to_postgres_dag.py
[2025-11-02T14:22:46.896+0000] {logging_mixin.py:188} INFO - [2025-11-02T14:22:46.895+0000] {dag.py:3036} INFO - Sync 1 DAGs
[2025-11-02T14:22:46.958+0000] {logging_mixin.py:188} INFO - [2025-11-02T14:22:46.958+0000] {dag.py:3823} INFO - Setting next_dagrun for load_csv_to_postgres to None, run_after=None
[2025-11-02T14:22:47.016+0000] {processor.py:183} INFO - Processing /opt/airflow/dags/dag_csv_to_postgres_dag.py took 0.688 seconds
[2025-11-02T14:23:19.626+0000] {processor.py:161} INFO - Started process (PID=5284) to work on /opt/airflow/dags/dag_csv_to_postgres_dag.py
[2025-11-02T14:23:19.629+0000] {processor.py:830} INFO - Processing file /opt/airflow/dags/dag_csv_to_postgres_dag.py for tasks to queue
[2025-11-02T14:23:19.631+0000] {logging_mixin.py:188} INFO - [2025-11-02T14:23:19.630+0000] {dagbag.py:538} INFO - Filling up the DagBag from /opt/airflow/dags/dag_csv_to_postgres_dag.py
[2025-11-02T14:23:19.663+0000] {processor.py:840} INFO - DAG(s) 'load_csv_to_postgres' retrieved from /opt/airflow/dags/dag_csv_to_postgres_dag.py
[2025-11-02T14:23:19.724+0000] {logging_mixin.py:188} INFO - [2025-11-02T14:23:19.724+0000] {dag.py:3036} INFO - Sync 1 DAGs
[2025-11-02T14:23:19.754+0000] {logging_mixin.py:188} INFO - [2025-11-02T14:23:19.753+0000] {dag.py:3823} INFO - Setting next_dagrun for load_csv_to_postgres to None, run_after=None
[2025-11-02T14:23:19.796+0000] {processor.py:183} INFO - Processing /opt/airflow/dags/dag_csv_to_postgres_dag.py took 0.177 seconds
[2025-11-02T14:23:54.841+0000] {processor.py:161} INFO - Started process (PID=5297) to work on /opt/airflow/dags/dag_csv_to_postgres_dag.py
[2025-11-02T14:23:54.845+0000] {processor.py:830} INFO - Processing file /opt/airflow/dags/dag_csv_to_postgres_dag.py for tasks to queue
[2025-11-02T14:23:54.847+0000] {logging_mixin.py:188} INFO - [2025-11-02T14:23:54.846+0000] {dagbag.py:538} INFO - Filling up the DagBag from /opt/airflow/dags/dag_csv_to_postgres_dag.py
[2025-11-02T14:23:54.905+0000] {processor.py:840} INFO - DAG(s) 'load_csv_to_postgres' retrieved from /opt/airflow/dags/dag_csv_to_postgres_dag.py
[2025-11-02T14:23:55.073+0000] {logging_mixin.py:188} INFO - [2025-11-02T14:23:55.072+0000] {dag.py:3036} INFO - Sync 1 DAGs
[2025-11-02T14:23:55.156+0000] {logging_mixin.py:188} INFO - [2025-11-02T14:23:55.155+0000] {dag.py:3823} INFO - Setting next_dagrun for load_csv_to_postgres to None, run_after=None
[2025-11-02T14:23:55.244+0000] {processor.py:183} INFO - Processing /opt/airflow/dags/dag_csv_to_postgres_dag.py took 0.411 seconds
[2025-11-02T14:24:26.643+0000] {processor.py:161} INFO - Started process (PID=5308) to work on /opt/airflow/dags/dag_csv_to_postgres_dag.py
[2025-11-02T14:24:26.655+0000] {processor.py:830} INFO - Processing file /opt/airflow/dags/dag_csv_to_postgres_dag.py for tasks to queue
[2025-11-02T14:24:26.663+0000] {logging_mixin.py:188} INFO - [2025-11-02T14:24:26.658+0000] {dagbag.py:538} INFO - Filling up the DagBag from /opt/airflow/dags/dag_csv_to_postgres_dag.py
[2025-11-02T14:24:26.765+0000] {processor.py:840} INFO - DAG(s) 'load_csv_to_postgres' retrieved from /opt/airflow/dags/dag_csv_to_postgres_dag.py
[2025-11-02T14:24:27.080+0000] {logging_mixin.py:188} INFO - [2025-11-02T14:24:27.080+0000] {dag.py:3036} INFO - Sync 1 DAGs
[2025-11-02T14:24:27.259+0000] {logging_mixin.py:188} INFO - [2025-11-02T14:24:27.259+0000] {dag.py:3823} INFO - Setting next_dagrun for load_csv_to_postgres to None, run_after=None
[2025-11-02T14:24:27.500+0000] {processor.py:183} INFO - Processing /opt/airflow/dags/dag_csv_to_postgres_dag.py took 0.884 seconds
[2025-11-02T14:25:00.850+0000] {processor.py:161} INFO - Started process (PID=5321) to work on /opt/airflow/dags/dag_csv_to_postgres_dag.py
[2025-11-02T14:25:00.853+0000] {processor.py:830} INFO - Processing file /opt/airflow/dags/dag_csv_to_postgres_dag.py for tasks to queue
[2025-11-02T14:25:00.855+0000] {logging_mixin.py:188} INFO - [2025-11-02T14:25:00.854+0000] {dagbag.py:538} INFO - Filling up the DagBag from /opt/airflow/dags/dag_csv_to_postgres_dag.py
[2025-11-02T14:25:00.943+0000] {processor.py:840} INFO - DAG(s) 'load_csv_to_postgres' retrieved from /opt/airflow/dags/dag_csv_to_postgres_dag.py
[2025-11-02T14:25:01.228+0000] {logging_mixin.py:188} INFO - [2025-11-02T14:25:01.227+0000] {dag.py:3036} INFO - Sync 1 DAGs
[2025-11-02T14:25:01.269+0000] {logging_mixin.py:188} INFO - [2025-11-02T14:25:01.268+0000] {dag.py:3823} INFO - Setting next_dagrun for load_csv_to_postgres to None, run_after=None
[2025-11-02T14:25:01.495+0000] {processor.py:183} INFO - Processing /opt/airflow/dags/dag_csv_to_postgres_dag.py took 0.666 seconds
[2025-11-02T14:25:34.157+0000] {processor.py:161} INFO - Started process (PID=5333) to work on /opt/airflow/dags/dag_csv_to_postgres_dag.py
[2025-11-02T14:25:34.160+0000] {processor.py:830} INFO - Processing file /opt/airflow/dags/dag_csv_to_postgres_dag.py for tasks to queue
[2025-11-02T14:25:34.164+0000] {logging_mixin.py:188} INFO - [2025-11-02T14:25:34.162+0000] {dagbag.py:538} INFO - Filling up the DagBag from /opt/airflow/dags/dag_csv_to_postgres_dag.py
[2025-11-02T14:25:34.204+0000] {processor.py:840} INFO - DAG(s) 'load_csv_to_postgres' retrieved from /opt/airflow/dags/dag_csv_to_postgres_dag.py
[2025-11-02T14:25:34.273+0000] {logging_mixin.py:188} INFO - [2025-11-02T14:25:34.273+0000] {dag.py:3036} INFO - Sync 1 DAGs
[2025-11-02T14:25:34.290+0000] {logging_mixin.py:188} INFO - [2025-11-02T14:25:34.289+0000] {dag.py:3823} INFO - Setting next_dagrun for load_csv_to_postgres to None, run_after=None
[2025-11-02T14:25:34.344+0000] {processor.py:183} INFO - Processing /opt/airflow/dags/dag_csv_to_postgres_dag.py took 0.194 seconds
[2025-11-02T14:26:07.815+0000] {processor.py:161} INFO - Started process (PID=5345) to work on /opt/airflow/dags/dag_csv_to_postgres_dag.py
[2025-11-02T14:26:07.818+0000] {processor.py:830} INFO - Processing file /opt/airflow/dags/dag_csv_to_postgres_dag.py for tasks to queue
[2025-11-02T14:26:07.830+0000] {logging_mixin.py:188} INFO - [2025-11-02T14:26:07.829+0000] {dagbag.py:538} INFO - Filling up the DagBag from /opt/airflow/dags/dag_csv_to_postgres_dag.py
[2025-11-02T14:26:07.944+0000] {processor.py:840} INFO - DAG(s) 'load_csv_to_postgres' retrieved from /opt/airflow/dags/dag_csv_to_postgres_dag.py
[2025-11-02T14:26:08.078+0000] {logging_mixin.py:188} INFO - [2025-11-02T14:26:08.078+0000] {dag.py:3036} INFO - Sync 1 DAGs
[2025-11-02T14:26:08.124+0000] {logging_mixin.py:188} INFO - [2025-11-02T14:26:08.123+0000] {dag.py:3823} INFO - Setting next_dagrun for load_csv_to_postgres to None, run_after=None
[2025-11-02T14:26:08.206+0000] {processor.py:183} INFO - Processing /opt/airflow/dags/dag_csv_to_postgres_dag.py took 0.407 seconds
[2025-11-02T14:26:43.617+0000] {processor.py:161} INFO - Started process (PID=5357) to work on /opt/airflow/dags/dag_csv_to_postgres_dag.py
[2025-11-02T14:26:43.631+0000] {processor.py:830} INFO - Processing file /opt/airflow/dags/dag_csv_to_postgres_dag.py for tasks to queue
[2025-11-02T14:26:43.634+0000] {logging_mixin.py:188} INFO - [2025-11-02T14:26:43.633+0000] {dagbag.py:538} INFO - Filling up the DagBag from /opt/airflow/dags/dag_csv_to_postgres_dag.py
[2025-11-02T14:26:43.766+0000] {processor.py:840} INFO - DAG(s) 'load_csv_to_postgres' retrieved from /opt/airflow/dags/dag_csv_to_postgres_dag.py
[2025-11-02T14:26:44.201+0000] {logging_mixin.py:188} INFO - [2025-11-02T14:26:44.199+0000] {dag.py:3036} INFO - Sync 1 DAGs
[2025-11-02T14:26:44.329+0000] {logging_mixin.py:188} INFO - [2025-11-02T14:26:44.328+0000] {dag.py:3823} INFO - Setting next_dagrun for load_csv_to_postgres to None, run_after=None
[2025-11-02T14:26:44.534+0000] {processor.py:183} INFO - Processing /opt/airflow/dags/dag_csv_to_postgres_dag.py took 0.929 seconds
[2025-11-02T14:27:15.436+0000] {processor.py:161} INFO - Started process (PID=5369) to work on /opt/airflow/dags/dag_csv_to_postgres_dag.py
[2025-11-02T14:27:15.448+0000] {processor.py:830} INFO - Processing file /opt/airflow/dags/dag_csv_to_postgres_dag.py for tasks to queue
[2025-11-02T14:27:15.451+0000] {logging_mixin.py:188} INFO - [2025-11-02T14:27:15.450+0000] {dagbag.py:538} INFO - Filling up the DagBag from /opt/airflow/dags/dag_csv_to_postgres_dag.py
[2025-11-02T14:27:15.555+0000] {processor.py:840} INFO - DAG(s) 'load_csv_to_postgres' retrieved from /opt/airflow/dags/dag_csv_to_postgres_dag.py
[2025-11-02T14:27:15.804+0000] {logging_mixin.py:188} INFO - [2025-11-02T14:27:15.803+0000] {dag.py:3036} INFO - Sync 1 DAGs
[2025-11-02T14:27:15.905+0000] {logging_mixin.py:188} INFO - [2025-11-02T14:27:15.905+0000] {dag.py:3823} INFO - Setting next_dagrun for load_csv_to_postgres to None, run_after=None
[2025-11-02T14:27:16.162+0000] {processor.py:183} INFO - Processing /opt/airflow/dags/dag_csv_to_postgres_dag.py took 0.758 seconds
[2025-11-02T14:27:47.639+0000] {processor.py:161} INFO - Started process (PID=5381) to work on /opt/airflow/dags/dag_csv_to_postgres_dag.py
[2025-11-02T14:27:47.641+0000] {processor.py:830} INFO - Processing file /opt/airflow/dags/dag_csv_to_postgres_dag.py for tasks to queue
[2025-11-02T14:27:47.653+0000] {logging_mixin.py:188} INFO - [2025-11-02T14:27:47.652+0000] {dagbag.py:538} INFO - Filling up the DagBag from /opt/airflow/dags/dag_csv_to_postgres_dag.py
[2025-11-02T14:27:47.774+0000] {processor.py:840} INFO - DAG(s) 'load_csv_to_postgres' retrieved from /opt/airflow/dags/dag_csv_to_postgres_dag.py
[2025-11-02T14:27:47.912+0000] {logging_mixin.py:188} INFO - [2025-11-02T14:27:47.911+0000] {dag.py:3036} INFO - Sync 1 DAGs
[2025-11-02T14:27:47.948+0000] {logging_mixin.py:188} INFO - [2025-11-02T14:27:47.948+0000] {dag.py:3823} INFO - Setting next_dagrun for load_csv_to_postgres to None, run_after=None
[2025-11-02T14:27:48.103+0000] {processor.py:183} INFO - Processing /opt/airflow/dags/dag_csv_to_postgres_dag.py took 0.482 seconds
[2025-11-02T14:28:21.324+0000] {processor.py:161} INFO - Started process (PID=5393) to work on /opt/airflow/dags/dag_csv_to_postgres_dag.py
[2025-11-02T14:28:21.326+0000] {processor.py:830} INFO - Processing file /opt/airflow/dags/dag_csv_to_postgres_dag.py for tasks to queue
[2025-11-02T14:28:21.331+0000] {logging_mixin.py:188} INFO - [2025-11-02T14:28:21.329+0000] {dagbag.py:538} INFO - Filling up the DagBag from /opt/airflow/dags/dag_csv_to_postgres_dag.py
[2025-11-02T14:28:21.368+0000] {processor.py:840} INFO - DAG(s) 'load_csv_to_postgres' retrieved from /opt/airflow/dags/dag_csv_to_postgres_dag.py
[2025-11-02T14:28:21.422+0000] {logging_mixin.py:188} INFO - [2025-11-02T14:28:21.422+0000] {dag.py:3036} INFO - Sync 1 DAGs
[2025-11-02T14:28:21.440+0000] {logging_mixin.py:188} INFO - [2025-11-02T14:28:21.440+0000] {dag.py:3823} INFO - Setting next_dagrun for load_csv_to_postgres to None, run_after=None
[2025-11-02T14:28:21.487+0000] {processor.py:183} INFO - Processing /opt/airflow/dags/dag_csv_to_postgres_dag.py took 0.171 seconds
[2025-11-02T14:28:54.638+0000] {processor.py:161} INFO - Started process (PID=5405) to work on /opt/airflow/dags/dag_csv_to_postgres_dag.py
[2025-11-02T14:28:54.641+0000] {processor.py:830} INFO - Processing file /opt/airflow/dags/dag_csv_to_postgres_dag.py for tasks to queue
[2025-11-02T14:28:54.646+0000] {logging_mixin.py:188} INFO - [2025-11-02T14:28:54.645+0000] {dagbag.py:538} INFO - Filling up the DagBag from /opt/airflow/dags/dag_csv_to_postgres_dag.py
[2025-11-02T14:28:54.705+0000] {processor.py:840} INFO - DAG(s) 'load_csv_to_postgres' retrieved from /opt/airflow/dags/dag_csv_to_postgres_dag.py
[2025-11-02T14:28:54.759+0000] {logging_mixin.py:188} INFO - [2025-11-02T14:28:54.759+0000] {dag.py:3036} INFO - Sync 1 DAGs
[2025-11-02T14:28:54.786+0000] {logging_mixin.py:188} INFO - [2025-11-02T14:28:54.779+0000] {dag.py:3823} INFO - Setting next_dagrun for load_csv_to_postgres to None, run_after=None
[2025-11-02T14:28:54.850+0000] {processor.py:183} INFO - Processing /opt/airflow/dags/dag_csv_to_postgres_dag.py took 0.230 seconds
[2025-11-02T14:29:27.146+0000] {processor.py:161} INFO - Started process (PID=5417) to work on /opt/airflow/dags/dag_csv_to_postgres_dag.py
[2025-11-02T14:29:27.147+0000] {processor.py:830} INFO - Processing file /opt/airflow/dags/dag_csv_to_postgres_dag.py for tasks to queue
[2025-11-02T14:29:27.149+0000] {logging_mixin.py:188} INFO - [2025-11-02T14:29:27.149+0000] {dagbag.py:538} INFO - Filling up the DagBag from /opt/airflow/dags/dag_csv_to_postgres_dag.py
[2025-11-02T14:29:27.185+0000] {processor.py:840} INFO - DAG(s) 'load_csv_to_postgres' retrieved from /opt/airflow/dags/dag_csv_to_postgres_dag.py
[2025-11-02T14:29:27.238+0000] {logging_mixin.py:188} INFO - [2025-11-02T14:29:27.238+0000] {dag.py:3036} INFO - Sync 1 DAGs
[2025-11-02T14:29:27.260+0000] {logging_mixin.py:188} INFO - [2025-11-02T14:29:27.259+0000] {dag.py:3823} INFO - Setting next_dagrun for load_csv_to_postgres to None, run_after=None
[2025-11-02T14:29:27.300+0000] {processor.py:183} INFO - Processing /opt/airflow/dags/dag_csv_to_postgres_dag.py took 0.160 seconds
[2025-11-02T14:30:00.466+0000] {processor.py:161} INFO - Started process (PID=5429) to work on /opt/airflow/dags/dag_csv_to_postgres_dag.py
[2025-11-02T14:30:00.467+0000] {processor.py:830} INFO - Processing file /opt/airflow/dags/dag_csv_to_postgres_dag.py for tasks to queue
[2025-11-02T14:30:00.470+0000] {logging_mixin.py:188} INFO - [2025-11-02T14:30:00.469+0000] {dagbag.py:538} INFO - Filling up the DagBag from /opt/airflow/dags/dag_csv_to_postgres_dag.py
[2025-11-02T14:30:00.497+0000] {processor.py:840} INFO - DAG(s) 'load_csv_to_postgres' retrieved from /opt/airflow/dags/dag_csv_to_postgres_dag.py
[2025-11-02T14:30:00.577+0000] {logging_mixin.py:188} INFO - [2025-11-02T14:30:00.577+0000] {dag.py:3036} INFO - Sync 1 DAGs
[2025-11-02T14:30:00.611+0000] {logging_mixin.py:188} INFO - [2025-11-02T14:30:00.611+0000] {dag.py:3823} INFO - Setting next_dagrun for load_csv_to_postgres to None, run_after=None
[2025-11-02T14:30:00.663+0000] {processor.py:183} INFO - Processing /opt/airflow/dags/dag_csv_to_postgres_dag.py took 0.203 seconds
[2025-11-02T14:30:30.898+0000] {processor.py:161} INFO - Started process (PID=5441) to work on /opt/airflow/dags/dag_csv_to_postgres_dag.py
[2025-11-02T14:30:30.900+0000] {processor.py:830} INFO - Processing file /opt/airflow/dags/dag_csv_to_postgres_dag.py for tasks to queue
[2025-11-02T14:30:30.902+0000] {logging_mixin.py:188} INFO - [2025-11-02T14:30:30.901+0000] {dagbag.py:538} INFO - Filling up the DagBag from /opt/airflow/dags/dag_csv_to_postgres_dag.py
[2025-11-02T14:30:30.940+0000] {processor.py:840} INFO - DAG(s) 'load_csv_to_postgres' retrieved from /opt/airflow/dags/dag_csv_to_postgres_dag.py
[2025-11-02T14:30:31.007+0000] {logging_mixin.py:188} INFO - [2025-11-02T14:30:31.006+0000] {dag.py:3036} INFO - Sync 1 DAGs
[2025-11-02T14:30:31.038+0000] {logging_mixin.py:188} INFO - [2025-11-02T14:30:31.038+0000] {dag.py:3823} INFO - Setting next_dagrun for load_csv_to_postgres to None, run_after=None
[2025-11-02T14:30:31.076+0000] {processor.py:183} INFO - Processing /opt/airflow/dags/dag_csv_to_postgres_dag.py took 0.186 seconds
[2025-11-02T14:31:01.265+0000] {processor.py:161} INFO - Started process (PID=5453) to work on /opt/airflow/dags/dag_csv_to_postgres_dag.py
[2025-11-02T14:31:01.267+0000] {processor.py:830} INFO - Processing file /opt/airflow/dags/dag_csv_to_postgres_dag.py for tasks to queue
[2025-11-02T14:31:01.268+0000] {logging_mixin.py:188} INFO - [2025-11-02T14:31:01.268+0000] {dagbag.py:538} INFO - Filling up the DagBag from /opt/airflow/dags/dag_csv_to_postgres_dag.py
[2025-11-02T14:31:01.298+0000] {processor.py:840} INFO - DAG(s) 'load_csv_to_postgres' retrieved from /opt/airflow/dags/dag_csv_to_postgres_dag.py
[2025-11-02T14:31:01.350+0000] {logging_mixin.py:188} INFO - [2025-11-02T14:31:01.349+0000] {dag.py:3036} INFO - Sync 1 DAGs
[2025-11-02T14:31:01.369+0000] {logging_mixin.py:188} INFO - [2025-11-02T14:31:01.368+0000] {dag.py:3823} INFO - Setting next_dagrun for load_csv_to_postgres to None, run_after=None
[2025-11-02T14:31:01.399+0000] {processor.py:183} INFO - Processing /opt/airflow/dags/dag_csv_to_postgres_dag.py took 0.140 seconds
[2025-11-02T14:31:31.748+0000] {processor.py:161} INFO - Started process (PID=5465) to work on /opt/airflow/dags/dag_csv_to_postgres_dag.py
[2025-11-02T14:31:31.749+0000] {processor.py:830} INFO - Processing file /opt/airflow/dags/dag_csv_to_postgres_dag.py for tasks to queue
[2025-11-02T14:31:31.751+0000] {logging_mixin.py:188} INFO - [2025-11-02T14:31:31.750+0000] {dagbag.py:538} INFO - Filling up the DagBag from /opt/airflow/dags/dag_csv_to_postgres_dag.py
[2025-11-02T14:31:31.789+0000] {processor.py:840} INFO - DAG(s) 'load_csv_to_postgres' retrieved from /opt/airflow/dags/dag_csv_to_postgres_dag.py
[2025-11-02T14:31:31.844+0000] {logging_mixin.py:188} INFO - [2025-11-02T14:31:31.844+0000] {dag.py:3036} INFO - Sync 1 DAGs
[2025-11-02T14:31:31.864+0000] {logging_mixin.py:188} INFO - [2025-11-02T14:31:31.864+0000] {dag.py:3823} INFO - Setting next_dagrun for load_csv_to_postgres to None, run_after=None
[2025-11-02T14:31:31.908+0000] {processor.py:183} INFO - Processing /opt/airflow/dags/dag_csv_to_postgres_dag.py took 0.167 seconds
[2025-11-02T14:32:02.212+0000] {processor.py:161} INFO - Started process (PID=5477) to work on /opt/airflow/dags/dag_csv_to_postgres_dag.py
[2025-11-02T14:32:02.213+0000] {processor.py:830} INFO - Processing file /opt/airflow/dags/dag_csv_to_postgres_dag.py for tasks to queue
[2025-11-02T14:32:02.216+0000] {logging_mixin.py:188} INFO - [2025-11-02T14:32:02.215+0000] {dagbag.py:538} INFO - Filling up the DagBag from /opt/airflow/dags/dag_csv_to_postgres_dag.py
[2025-11-02T14:32:02.238+0000] {processor.py:840} INFO - DAG(s) 'load_csv_to_postgres' retrieved from /opt/airflow/dags/dag_csv_to_postgres_dag.py
[2025-11-02T14:32:02.279+0000] {logging_mixin.py:188} INFO - [2025-11-02T14:32:02.279+0000] {dag.py:3036} INFO - Sync 1 DAGs
[2025-11-02T14:32:02.297+0000] {logging_mixin.py:188} INFO - [2025-11-02T14:32:02.296+0000] {dag.py:3823} INFO - Setting next_dagrun for load_csv_to_postgres to None, run_after=None
[2025-11-02T14:32:02.330+0000] {processor.py:183} INFO - Processing /opt/airflow/dags/dag_csv_to_postgres_dag.py took 0.124 seconds
[2025-11-02T14:32:32.570+0000] {processor.py:161} INFO - Started process (PID=5488) to work on /opt/airflow/dags/dag_csv_to_postgres_dag.py
[2025-11-02T14:32:32.573+0000] {processor.py:830} INFO - Processing file /opt/airflow/dags/dag_csv_to_postgres_dag.py for tasks to queue
[2025-11-02T14:32:32.575+0000] {logging_mixin.py:188} INFO - [2025-11-02T14:32:32.574+0000] {dagbag.py:538} INFO - Filling up the DagBag from /opt/airflow/dags/dag_csv_to_postgres_dag.py
[2025-11-02T14:32:32.605+0000] {processor.py:840} INFO - DAG(s) 'load_csv_to_postgres' retrieved from /opt/airflow/dags/dag_csv_to_postgres_dag.py
[2025-11-02T14:32:32.648+0000] {logging_mixin.py:188} INFO - [2025-11-02T14:32:32.647+0000] {dag.py:3036} INFO - Sync 1 DAGs
[2025-11-02T14:32:32.668+0000] {logging_mixin.py:188} INFO - [2025-11-02T14:32:32.667+0000] {dag.py:3823} INFO - Setting next_dagrun for load_csv_to_postgres to None, run_after=None
[2025-11-02T14:32:32.703+0000] {processor.py:183} INFO - Processing /opt/airflow/dags/dag_csv_to_postgres_dag.py took 0.138 seconds
[2025-11-02T14:33:02.937+0000] {processor.py:161} INFO - Started process (PID=5500) to work on /opt/airflow/dags/dag_csv_to_postgres_dag.py
[2025-11-02T14:33:02.939+0000] {processor.py:830} INFO - Processing file /opt/airflow/dags/dag_csv_to_postgres_dag.py for tasks to queue
[2025-11-02T14:33:02.941+0000] {logging_mixin.py:188} INFO - [2025-11-02T14:33:02.940+0000] {dagbag.py:538} INFO - Filling up the DagBag from /opt/airflow/dags/dag_csv_to_postgres_dag.py
[2025-11-02T14:33:02.964+0000] {processor.py:840} INFO - DAG(s) 'load_csv_to_postgres' retrieved from /opt/airflow/dags/dag_csv_to_postgres_dag.py
[2025-11-02T14:33:03.008+0000] {logging_mixin.py:188} INFO - [2025-11-02T14:33:03.007+0000] {dag.py:3036} INFO - Sync 1 DAGs
[2025-11-02T14:33:03.025+0000] {logging_mixin.py:188} INFO - [2025-11-02T14:33:03.025+0000] {dag.py:3823} INFO - Setting next_dagrun for load_csv_to_postgres to None, run_after=None
[2025-11-02T14:33:03.066+0000] {processor.py:183} INFO - Processing /opt/airflow/dags/dag_csv_to_postgres_dag.py took 0.134 seconds
[2025-11-02T14:33:33.269+0000] {processor.py:161} INFO - Started process (PID=5512) to work on /opt/airflow/dags/dag_csv_to_postgres_dag.py
[2025-11-02T14:33:33.271+0000] {processor.py:830} INFO - Processing file /opt/airflow/dags/dag_csv_to_postgres_dag.py for tasks to queue
[2025-11-02T14:33:33.272+0000] {logging_mixin.py:188} INFO - [2025-11-02T14:33:33.272+0000] {dagbag.py:538} INFO - Filling up the DagBag from /opt/airflow/dags/dag_csv_to_postgres_dag.py
[2025-11-02T14:33:33.298+0000] {processor.py:840} INFO - DAG(s) 'load_csv_to_postgres' retrieved from /opt/airflow/dags/dag_csv_to_postgres_dag.py
[2025-11-02T14:33:33.338+0000] {logging_mixin.py:188} INFO - [2025-11-02T14:33:33.338+0000] {dag.py:3036} INFO - Sync 1 DAGs
[2025-11-02T14:33:33.356+0000] {logging_mixin.py:188} INFO - [2025-11-02T14:33:33.355+0000] {dag.py:3823} INFO - Setting next_dagrun for load_csv_to_postgres to None, run_after=None
[2025-11-02T14:33:33.386+0000] {processor.py:183} INFO - Processing /opt/airflow/dags/dag_csv_to_postgres_dag.py took 0.123 seconds
[2025-11-02T14:34:03.661+0000] {processor.py:161} INFO - Started process (PID=5524) to work on /opt/airflow/dags/dag_csv_to_postgres_dag.py
[2025-11-02T14:34:03.663+0000] {processor.py:830} INFO - Processing file /opt/airflow/dags/dag_csv_to_postgres_dag.py for tasks to queue
[2025-11-02T14:34:03.665+0000] {logging_mixin.py:188} INFO - [2025-11-02T14:34:03.664+0000] {dagbag.py:538} INFO - Filling up the DagBag from /opt/airflow/dags/dag_csv_to_postgres_dag.py
[2025-11-02T14:34:03.689+0000] {processor.py:840} INFO - DAG(s) 'load_csv_to_postgres' retrieved from /opt/airflow/dags/dag_csv_to_postgres_dag.py
[2025-11-02T14:34:03.730+0000] {logging_mixin.py:188} INFO - [2025-11-02T14:34:03.730+0000] {dag.py:3036} INFO - Sync 1 DAGs
[2025-11-02T14:34:03.747+0000] {logging_mixin.py:188} INFO - [2025-11-02T14:34:03.747+0000] {dag.py:3823} INFO - Setting next_dagrun for load_csv_to_postgres to None, run_after=None
[2025-11-02T14:34:03.786+0000] {processor.py:183} INFO - Processing /opt/airflow/dags/dag_csv_to_postgres_dag.py took 0.131 seconds
[2025-11-02T14:34:34.046+0000] {processor.py:161} INFO - Started process (PID=5530) to work on /opt/airflow/dags/dag_csv_to_postgres_dag.py
[2025-11-02T14:34:34.048+0000] {processor.py:830} INFO - Processing file /opt/airflow/dags/dag_csv_to_postgres_dag.py for tasks to queue
[2025-11-02T14:34:34.050+0000] {logging_mixin.py:188} INFO - [2025-11-02T14:34:34.049+0000] {dagbag.py:538} INFO - Filling up the DagBag from /opt/airflow/dags/dag_csv_to_postgres_dag.py
[2025-11-02T14:34:34.073+0000] {processor.py:840} INFO - DAG(s) 'load_csv_to_postgres' retrieved from /opt/airflow/dags/dag_csv_to_postgres_dag.py
[2025-11-02T14:34:34.123+0000] {logging_mixin.py:188} INFO - [2025-11-02T14:34:34.122+0000] {dag.py:3036} INFO - Sync 1 DAGs
[2025-11-02T14:34:34.156+0000] {logging_mixin.py:188} INFO - [2025-11-02T14:34:34.156+0000] {dag.py:3823} INFO - Setting next_dagrun for load_csv_to_postgres to None, run_after=None
[2025-11-02T14:34:34.197+0000] {processor.py:183} INFO - Processing /opt/airflow/dags/dag_csv_to_postgres_dag.py took 0.157 seconds
[2025-11-02T14:35:04.483+0000] {processor.py:161} INFO - Started process (PID=5542) to work on /opt/airflow/dags/dag_csv_to_postgres_dag.py
[2025-11-02T14:35:04.484+0000] {processor.py:830} INFO - Processing file /opt/airflow/dags/dag_csv_to_postgres_dag.py for tasks to queue
[2025-11-02T14:35:04.486+0000] {logging_mixin.py:188} INFO - [2025-11-02T14:35:04.485+0000] {dagbag.py:538} INFO - Filling up the DagBag from /opt/airflow/dags/dag_csv_to_postgres_dag.py
[2025-11-02T14:35:04.518+0000] {processor.py:840} INFO - DAG(s) 'load_csv_to_postgres' retrieved from /opt/airflow/dags/dag_csv_to_postgres_dag.py
[2025-11-02T14:35:04.569+0000] {logging_mixin.py:188} INFO - [2025-11-02T14:35:04.568+0000] {dag.py:3036} INFO - Sync 1 DAGs
[2025-11-02T14:35:04.587+0000] {logging_mixin.py:188} INFO - [2025-11-02T14:35:04.586+0000] {dag.py:3823} INFO - Setting next_dagrun for load_csv_to_postgres to None, run_after=None
[2025-11-02T14:35:04.622+0000] {processor.py:183} INFO - Processing /opt/airflow/dags/dag_csv_to_postgres_dag.py took 0.147 seconds
[2025-11-02T14:35:34.904+0000] {processor.py:161} INFO - Started process (PID=5554) to work on /opt/airflow/dags/dag_csv_to_postgres_dag.py
[2025-11-02T14:35:34.906+0000] {processor.py:830} INFO - Processing file /opt/airflow/dags/dag_csv_to_postgres_dag.py for tasks to queue
[2025-11-02T14:35:34.908+0000] {logging_mixin.py:188} INFO - [2025-11-02T14:35:34.908+0000] {dagbag.py:538} INFO - Filling up the DagBag from /opt/airflow/dags/dag_csv_to_postgres_dag.py
[2025-11-02T14:35:34.932+0000] {processor.py:840} INFO - DAG(s) 'load_csv_to_postgres' retrieved from /opt/airflow/dags/dag_csv_to_postgres_dag.py
[2025-11-02T14:35:34.969+0000] {logging_mixin.py:188} INFO - [2025-11-02T14:35:34.969+0000] {dag.py:3036} INFO - Sync 1 DAGs
[2025-11-02T14:35:34.985+0000] {logging_mixin.py:188} INFO - [2025-11-02T14:35:34.985+0000] {dag.py:3823} INFO - Setting next_dagrun for load_csv_to_postgres to None, run_after=None
[2025-11-02T14:35:35.029+0000] {processor.py:183} INFO - Processing /opt/airflow/dags/dag_csv_to_postgres_dag.py took 0.132 seconds
[2025-11-02T14:36:07.223+0000] {processor.py:161} INFO - Started process (PID=5564) to work on /opt/airflow/dags/dag_csv_to_postgres_dag.py
[2025-11-02T14:36:07.225+0000] {processor.py:830} INFO - Processing file /opt/airflow/dags/dag_csv_to_postgres_dag.py for tasks to queue
[2025-11-02T14:36:07.226+0000] {logging_mixin.py:188} INFO - [2025-11-02T14:36:07.226+0000] {dagbag.py:538} INFO - Filling up the DagBag from /opt/airflow/dags/dag_csv_to_postgres_dag.py
[2025-11-02T14:36:07.251+0000] {processor.py:840} INFO - DAG(s) 'load_csv_to_postgres' retrieved from /opt/airflow/dags/dag_csv_to_postgres_dag.py
[2025-11-02T14:36:07.291+0000] {logging_mixin.py:188} INFO - [2025-11-02T14:36:07.290+0000] {dag.py:3036} INFO - Sync 1 DAGs
[2025-11-02T14:36:07.308+0000] {logging_mixin.py:188} INFO - [2025-11-02T14:36:07.308+0000] {dag.py:3823} INFO - Setting next_dagrun for load_csv_to_postgres to None, run_after=None
[2025-11-02T14:36:07.339+0000] {processor.py:183} INFO - Processing /opt/airflow/dags/dag_csv_to_postgres_dag.py took 0.122 seconds
[2025-11-02T14:36:40.253+0000] {processor.py:161} INFO - Started process (PID=5576) to work on /opt/airflow/dags/dag_csv_to_postgres_dag.py
[2025-11-02T14:36:40.255+0000] {processor.py:830} INFO - Processing file /opt/airflow/dags/dag_csv_to_postgres_dag.py for tasks to queue
[2025-11-02T14:36:40.257+0000] {logging_mixin.py:188} INFO - [2025-11-02T14:36:40.256+0000] {dagbag.py:538} INFO - Filling up the DagBag from /opt/airflow/dags/dag_csv_to_postgres_dag.py
[2025-11-02T14:36:40.278+0000] {processor.py:840} INFO - DAG(s) 'load_csv_to_postgres' retrieved from /opt/airflow/dags/dag_csv_to_postgres_dag.py
[2025-11-02T14:36:40.318+0000] {logging_mixin.py:188} INFO - [2025-11-02T14:36:40.318+0000] {dag.py:3036} INFO - Sync 1 DAGs
[2025-11-02T14:36:40.335+0000] {logging_mixin.py:188} INFO - [2025-11-02T14:36:40.335+0000] {dag.py:3823} INFO - Setting next_dagrun for load_csv_to_postgres to None, run_after=None
[2025-11-02T14:36:40.367+0000] {processor.py:183} INFO - Processing /opt/airflow/dags/dag_csv_to_postgres_dag.py took 0.119 seconds
[2025-11-02T14:37:13.778+0000] {processor.py:161} INFO - Started process (PID=5588) to work on /opt/airflow/dags/dag_csv_to_postgres_dag.py
[2025-11-02T14:37:13.780+0000] {processor.py:830} INFO - Processing file /opt/airflow/dags/dag_csv_to_postgres_dag.py for tasks to queue
[2025-11-02T14:37:13.782+0000] {logging_mixin.py:188} INFO - [2025-11-02T14:37:13.782+0000] {dagbag.py:538} INFO - Filling up the DagBag from /opt/airflow/dags/dag_csv_to_postgres_dag.py
[2025-11-02T14:37:13.806+0000] {processor.py:840} INFO - DAG(s) 'load_csv_to_postgres' retrieved from /opt/airflow/dags/dag_csv_to_postgres_dag.py
[2025-11-02T14:37:13.846+0000] {logging_mixin.py:188} INFO - [2025-11-02T14:37:13.846+0000] {dag.py:3036} INFO - Sync 1 DAGs
[2025-11-02T14:37:13.864+0000] {logging_mixin.py:188} INFO - [2025-11-02T14:37:13.864+0000] {dag.py:3823} INFO - Setting next_dagrun for load_csv_to_postgres to None, run_after=None
[2025-11-02T14:37:13.900+0000] {processor.py:183} INFO - Processing /opt/airflow/dags/dag_csv_to_postgres_dag.py took 0.128 seconds
[2025-11-02T14:37:47.181+0000] {processor.py:161} INFO - Started process (PID=5600) to work on /opt/airflow/dags/dag_csv_to_postgres_dag.py
[2025-11-02T14:37:47.183+0000] {processor.py:830} INFO - Processing file /opt/airflow/dags/dag_csv_to_postgres_dag.py for tasks to queue
[2025-11-02T14:37:47.184+0000] {logging_mixin.py:188} INFO - [2025-11-02T14:37:47.184+0000] {dagbag.py:538} INFO - Filling up the DagBag from /opt/airflow/dags/dag_csv_to_postgres_dag.py
[2025-11-02T14:37:47.209+0000] {processor.py:840} INFO - DAG(s) 'load_csv_to_postgres' retrieved from /opt/airflow/dags/dag_csv_to_postgres_dag.py
[2025-11-02T14:37:47.251+0000] {logging_mixin.py:188} INFO - [2025-11-02T14:37:47.251+0000] {dag.py:3036} INFO - Sync 1 DAGs
[2025-11-02T14:37:47.269+0000] {logging_mixin.py:188} INFO - [2025-11-02T14:37:47.268+0000] {dag.py:3823} INFO - Setting next_dagrun for load_csv_to_postgres to None, run_after=None
[2025-11-02T14:37:47.310+0000] {processor.py:183} INFO - Processing /opt/airflow/dags/dag_csv_to_postgres_dag.py took 0.134 seconds
[2025-11-02T14:38:20.272+0000] {processor.py:161} INFO - Started process (PID=5612) to work on /opt/airflow/dags/dag_csv_to_postgres_dag.py
[2025-11-02T14:38:20.274+0000] {processor.py:830} INFO - Processing file /opt/airflow/dags/dag_csv_to_postgres_dag.py for tasks to queue
[2025-11-02T14:38:20.276+0000] {logging_mixin.py:188} INFO - [2025-11-02T14:38:20.275+0000] {dagbag.py:538} INFO - Filling up the DagBag from /opt/airflow/dags/dag_csv_to_postgres_dag.py
[2025-11-02T14:38:20.300+0000] {processor.py:840} INFO - DAG(s) 'load_csv_to_postgres' retrieved from /opt/airflow/dags/dag_csv_to_postgres_dag.py
[2025-11-02T14:38:20.338+0000] {logging_mixin.py:188} INFO - [2025-11-02T14:38:20.338+0000] {dag.py:3036} INFO - Sync 1 DAGs
[2025-11-02T14:38:20.354+0000] {logging_mixin.py:188} INFO - [2025-11-02T14:38:20.354+0000] {dag.py:3823} INFO - Setting next_dagrun for load_csv_to_postgres to None, run_after=None
[2025-11-02T14:38:20.391+0000] {processor.py:183} INFO - Processing /opt/airflow/dags/dag_csv_to_postgres_dag.py took 0.125 seconds
[2025-11-02T14:38:53.727+0000] {processor.py:161} INFO - Started process (PID=5624) to work on /opt/airflow/dags/dag_csv_to_postgres_dag.py
[2025-11-02T14:38:53.730+0000] {processor.py:830} INFO - Processing file /opt/airflow/dags/dag_csv_to_postgres_dag.py for tasks to queue
[2025-11-02T14:38:53.732+0000] {logging_mixin.py:188} INFO - [2025-11-02T14:38:53.732+0000] {dagbag.py:538} INFO - Filling up the DagBag from /opt/airflow/dags/dag_csv_to_postgres_dag.py
[2025-11-02T14:38:53.757+0000] {processor.py:840} INFO - DAG(s) 'load_csv_to_postgres' retrieved from /opt/airflow/dags/dag_csv_to_postgres_dag.py
[2025-11-02T14:38:53.794+0000] {logging_mixin.py:188} INFO - [2025-11-02T14:38:53.794+0000] {dag.py:3036} INFO - Sync 1 DAGs
[2025-11-02T14:38:53.810+0000] {logging_mixin.py:188} INFO - [2025-11-02T14:38:53.810+0000] {dag.py:3823} INFO - Setting next_dagrun for load_csv_to_postgres to None, run_after=None
[2025-11-02T14:38:53.840+0000] {processor.py:183} INFO - Processing /opt/airflow/dags/dag_csv_to_postgres_dag.py took 0.118 seconds
[2025-11-02T14:39:27.209+0000] {processor.py:161} INFO - Started process (PID=5636) to work on /opt/airflow/dags/dag_csv_to_postgres_dag.py
[2025-11-02T14:39:27.212+0000] {processor.py:830} INFO - Processing file /opt/airflow/dags/dag_csv_to_postgres_dag.py for tasks to queue
[2025-11-02T14:39:27.214+0000] {logging_mixin.py:188} INFO - [2025-11-02T14:39:27.213+0000] {dagbag.py:538} INFO - Filling up the DagBag from /opt/airflow/dags/dag_csv_to_postgres_dag.py
[2025-11-02T14:39:27.249+0000] {processor.py:840} INFO - DAG(s) 'load_csv_to_postgres' retrieved from /opt/airflow/dags/dag_csv_to_postgres_dag.py
[2025-11-02T14:39:27.318+0000] {logging_mixin.py:188} INFO - [2025-11-02T14:39:27.318+0000] {dag.py:3036} INFO - Sync 1 DAGs
[2025-11-02T14:39:27.354+0000] {logging_mixin.py:188} INFO - [2025-11-02T14:39:27.353+0000] {dag.py:3823} INFO - Setting next_dagrun for load_csv_to_postgres to None, run_after=None
[2025-11-02T14:39:27.431+0000] {processor.py:183} INFO - Processing /opt/airflow/dags/dag_csv_to_postgres_dag.py took 0.240 seconds
[2025-11-02T14:40:00.948+0000] {processor.py:161} INFO - Started process (PID=5648) to work on /opt/airflow/dags/dag_csv_to_postgres_dag.py
[2025-11-02T14:40:00.950+0000] {processor.py:830} INFO - Processing file /opt/airflow/dags/dag_csv_to_postgres_dag.py for tasks to queue
[2025-11-02T14:40:00.953+0000] {logging_mixin.py:188} INFO - [2025-11-02T14:40:00.952+0000] {dagbag.py:538} INFO - Filling up the DagBag from /opt/airflow/dags/dag_csv_to_postgres_dag.py
[2025-11-02T14:40:01.001+0000] {processor.py:840} INFO - DAG(s) 'load_csv_to_postgres' retrieved from /opt/airflow/dags/dag_csv_to_postgres_dag.py
[2025-11-02T14:40:01.101+0000] {logging_mixin.py:188} INFO - [2025-11-02T14:40:01.100+0000] {dag.py:3036} INFO - Sync 1 DAGs
[2025-11-02T14:40:01.146+0000] {logging_mixin.py:188} INFO - [2025-11-02T14:40:01.142+0000] {dag.py:3823} INFO - Setting next_dagrun for load_csv_to_postgres to None, run_after=None
[2025-11-02T14:40:01.215+0000] {processor.py:183} INFO - Processing /opt/airflow/dags/dag_csv_to_postgres_dag.py took 0.275 seconds
[2025-11-02T14:40:33.990+0000] {processor.py:161} INFO - Started process (PID=5660) to work on /opt/airflow/dags/dag_csv_to_postgres_dag.py
[2025-11-02T14:40:33.996+0000] {processor.py:830} INFO - Processing file /opt/airflow/dags/dag_csv_to_postgres_dag.py for tasks to queue
[2025-11-02T14:40:34.010+0000] {logging_mixin.py:188} INFO - [2025-11-02T14:40:34.009+0000] {dagbag.py:538} INFO - Filling up the DagBag from /opt/airflow/dags/dag_csv_to_postgres_dag.py
[2025-11-02T14:40:34.084+0000] {processor.py:840} INFO - DAG(s) 'load_csv_to_postgres' retrieved from /opt/airflow/dags/dag_csv_to_postgres_dag.py
[2025-11-02T14:40:34.227+0000] {logging_mixin.py:188} INFO - [2025-11-02T14:40:34.227+0000] {dag.py:3036} INFO - Sync 1 DAGs
[2025-11-02T14:40:34.253+0000] {logging_mixin.py:188} INFO - [2025-11-02T14:40:34.253+0000] {dag.py:3823} INFO - Setting next_dagrun for load_csv_to_postgres to None, run_after=None
[2025-11-02T14:40:34.300+0000] {processor.py:183} INFO - Processing /opt/airflow/dags/dag_csv_to_postgres_dag.py took 0.320 seconds
[2025-11-02T14:41:07.010+0000] {processor.py:161} INFO - Started process (PID=5672) to work on /opt/airflow/dags/dag_csv_to_postgres_dag.py
[2025-11-02T14:41:07.012+0000] {processor.py:830} INFO - Processing file /opt/airflow/dags/dag_csv_to_postgres_dag.py for tasks to queue
[2025-11-02T14:41:07.016+0000] {logging_mixin.py:188} INFO - [2025-11-02T14:41:07.014+0000] {dagbag.py:538} INFO - Filling up the DagBag from /opt/airflow/dags/dag_csv_to_postgres_dag.py
[2025-11-02T14:41:07.051+0000] {processor.py:840} INFO - DAG(s) 'load_csv_to_postgres' retrieved from /opt/airflow/dags/dag_csv_to_postgres_dag.py
[2025-11-02T14:41:07.115+0000] {logging_mixin.py:188} INFO - [2025-11-02T14:41:07.115+0000] {dag.py:3036} INFO - Sync 1 DAGs
[2025-11-02T14:41:07.155+0000] {logging_mixin.py:188} INFO - [2025-11-02T14:41:07.154+0000] {dag.py:3823} INFO - Setting next_dagrun for load_csv_to_postgres to None, run_after=None
[2025-11-02T14:41:07.223+0000] {processor.py:183} INFO - Processing /opt/airflow/dags/dag_csv_to_postgres_dag.py took 0.221 seconds
[2025-11-02T14:41:39.099+0000] {processor.py:161} INFO - Started process (PID=5684) to work on /opt/airflow/dags/dag_csv_to_postgres_dag.py
[2025-11-02T14:41:39.114+0000] {processor.py:830} INFO - Processing file /opt/airflow/dags/dag_csv_to_postgres_dag.py for tasks to queue
[2025-11-02T14:41:39.127+0000] {logging_mixin.py:188} INFO - [2025-11-02T14:41:39.127+0000] {dagbag.py:538} INFO - Filling up the DagBag from /opt/airflow/dags/dag_csv_to_postgres_dag.py
[2025-11-02T14:41:39.310+0000] {processor.py:840} INFO - DAG(s) 'load_csv_to_postgres' retrieved from /opt/airflow/dags/dag_csv_to_postgres_dag.py
[2025-11-02T14:41:39.401+0000] {logging_mixin.py:188} INFO - [2025-11-02T14:41:39.393+0000] {dag.py:3036} INFO - Sync 1 DAGs
[2025-11-02T14:41:39.443+0000] {logging_mixin.py:188} INFO - [2025-11-02T14:41:39.442+0000] {dag.py:3823} INFO - Setting next_dagrun for load_csv_to_postgres to None, run_after=None
[2025-11-02T14:41:39.542+0000] {processor.py:183} INFO - Processing /opt/airflow/dags/dag_csv_to_postgres_dag.py took 0.462 seconds
[2025-11-02T14:42:10.951+0000] {processor.py:161} INFO - Started process (PID=5696) to work on /opt/airflow/dags/dag_csv_to_postgres_dag.py
[2025-11-02T14:42:10.952+0000] {processor.py:830} INFO - Processing file /opt/airflow/dags/dag_csv_to_postgres_dag.py for tasks to queue
[2025-11-02T14:42:10.956+0000] {logging_mixin.py:188} INFO - [2025-11-02T14:42:10.955+0000] {dagbag.py:538} INFO - Filling up the DagBag from /opt/airflow/dags/dag_csv_to_postgres_dag.py
[2025-11-02T14:42:10.988+0000] {processor.py:840} INFO - DAG(s) 'load_csv_to_postgres' retrieved from /opt/airflow/dags/dag_csv_to_postgres_dag.py
[2025-11-02T14:42:11.050+0000] {logging_mixin.py:188} INFO - [2025-11-02T14:42:11.050+0000] {dag.py:3036} INFO - Sync 1 DAGs
[2025-11-02T14:42:11.087+0000] {logging_mixin.py:188} INFO - [2025-11-02T14:42:11.087+0000] {dag.py:3823} INFO - Setting next_dagrun for load_csv_to_postgres to None, run_after=None
[2025-11-02T14:42:11.253+0000] {processor.py:183} INFO - Processing /opt/airflow/dags/dag_csv_to_postgres_dag.py took 0.309 seconds
[2025-11-02T14:42:42.689+0000] {processor.py:161} INFO - Started process (PID=5709) to work on /opt/airflow/dags/dag_csv_to_postgres_dag.py
[2025-11-02T14:42:42.693+0000] {processor.py:830} INFO - Processing file /opt/airflow/dags/dag_csv_to_postgres_dag.py for tasks to queue
[2025-11-02T14:42:42.695+0000] {logging_mixin.py:188} INFO - [2025-11-02T14:42:42.694+0000] {dagbag.py:538} INFO - Filling up the DagBag from /opt/airflow/dags/dag_csv_to_postgres_dag.py
[2025-11-02T14:42:42.826+0000] {processor.py:840} INFO - DAG(s) 'load_csv_to_postgres' retrieved from /opt/airflow/dags/dag_csv_to_postgres_dag.py
[2025-11-02T14:42:42.992+0000] {logging_mixin.py:188} INFO - [2025-11-02T14:42:42.991+0000] {dag.py:3036} INFO - Sync 1 DAGs
[2025-11-02T14:42:43.013+0000] {logging_mixin.py:188} INFO - [2025-11-02T14:42:43.013+0000] {dag.py:3823} INFO - Setting next_dagrun for load_csv_to_postgres to None, run_after=None
[2025-11-02T14:42:43.074+0000] {processor.py:183} INFO - Processing /opt/airflow/dags/dag_csv_to_postgres_dag.py took 0.397 seconds
[2025-11-02T14:43:13.394+0000] {processor.py:161} INFO - Started process (PID=5720) to work on /opt/airflow/dags/dag_csv_to_postgres_dag.py
[2025-11-02T14:43:13.397+0000] {processor.py:830} INFO - Processing file /opt/airflow/dags/dag_csv_to_postgres_dag.py for tasks to queue
[2025-11-02T14:43:13.399+0000] {logging_mixin.py:188} INFO - [2025-11-02T14:43:13.399+0000] {dagbag.py:538} INFO - Filling up the DagBag from /opt/airflow/dags/dag_csv_to_postgres_dag.py
[2025-11-02T14:43:13.428+0000] {processor.py:840} INFO - DAG(s) 'load_csv_to_postgres' retrieved from /opt/airflow/dags/dag_csv_to_postgres_dag.py
[2025-11-02T14:43:13.644+0000] {logging_mixin.py:188} INFO - [2025-11-02T14:43:13.644+0000] {dag.py:3036} INFO - Sync 1 DAGs
[2025-11-02T14:43:13.702+0000] {logging_mixin.py:188} INFO - [2025-11-02T14:43:13.701+0000] {dag.py:3823} INFO - Setting next_dagrun for load_csv_to_postgres to None, run_after=None
[2025-11-02T14:43:13.906+0000] {processor.py:183} INFO - Processing /opt/airflow/dags/dag_csv_to_postgres_dag.py took 0.523 seconds
[2025-11-02T14:43:44.610+0000] {processor.py:161} INFO - Started process (PID=5732) to work on /opt/airflow/dags/dag_csv_to_postgres_dag.py
[2025-11-02T14:43:44.614+0000] {processor.py:830} INFO - Processing file /opt/airflow/dags/dag_csv_to_postgres_dag.py for tasks to queue
[2025-11-02T14:43:44.616+0000] {logging_mixin.py:188} INFO - [2025-11-02T14:43:44.615+0000] {dagbag.py:538} INFO - Filling up the DagBag from /opt/airflow/dags/dag_csv_to_postgres_dag.py
[2025-11-02T14:43:44.655+0000] {processor.py:840} INFO - DAG(s) 'load_csv_to_postgres' retrieved from /opt/airflow/dags/dag_csv_to_postgres_dag.py
[2025-11-02T14:43:44.702+0000] {logging_mixin.py:188} INFO - [2025-11-02T14:43:44.702+0000] {dag.py:3036} INFO - Sync 1 DAGs
[2025-11-02T14:43:44.724+0000] {logging_mixin.py:188} INFO - [2025-11-02T14:43:44.724+0000] {dag.py:3823} INFO - Setting next_dagrun for load_csv_to_postgres to None, run_after=None
[2025-11-02T14:43:44.760+0000] {processor.py:183} INFO - Processing /opt/airflow/dags/dag_csv_to_postgres_dag.py took 0.161 seconds
[2025-11-02T14:44:15.702+0000] {processor.py:161} INFO - Started process (PID=5744) to work on /opt/airflow/dags/dag_csv_to_postgres_dag.py
[2025-11-02T14:44:15.746+0000] {processor.py:830} INFO - Processing file /opt/airflow/dags/dag_csv_to_postgres_dag.py for tasks to queue
[2025-11-02T14:44:15.752+0000] {logging_mixin.py:188} INFO - [2025-11-02T14:44:15.751+0000] {dagbag.py:538} INFO - Filling up the DagBag from /opt/airflow/dags/dag_csv_to_postgres_dag.py
[2025-11-02T14:44:15.879+0000] {processor.py:840} INFO - DAG(s) 'load_csv_to_postgres' retrieved from /opt/airflow/dags/dag_csv_to_postgres_dag.py
[2025-11-02T14:44:16.059+0000] {logging_mixin.py:188} INFO - [2025-11-02T14:44:16.059+0000] {dag.py:3036} INFO - Sync 1 DAGs
[2025-11-02T14:44:16.193+0000] {logging_mixin.py:188} INFO - [2025-11-02T14:44:16.192+0000] {dag.py:3823} INFO - Setting next_dagrun for load_csv_to_postgres to None, run_after=None
[2025-11-02T14:44:16.399+0000] {processor.py:183} INFO - Processing /opt/airflow/dags/dag_csv_to_postgres_dag.py took 0.717 seconds
[2025-11-02T14:44:46.889+0000] {processor.py:161} INFO - Started process (PID=5756) to work on /opt/airflow/dags/dag_csv_to_postgres_dag.py
[2025-11-02T14:44:46.891+0000] {processor.py:830} INFO - Processing file /opt/airflow/dags/dag_csv_to_postgres_dag.py for tasks to queue
[2025-11-02T14:44:46.894+0000] {logging_mixin.py:188} INFO - [2025-11-02T14:44:46.893+0000] {dagbag.py:538} INFO - Filling up the DagBag from /opt/airflow/dags/dag_csv_to_postgres_dag.py
[2025-11-02T14:44:46.942+0000] {processor.py:840} INFO - DAG(s) 'load_csv_to_postgres' retrieved from /opt/airflow/dags/dag_csv_to_postgres_dag.py
[2025-11-02T14:44:47.007+0000] {logging_mixin.py:188} INFO - [2025-11-02T14:44:47.007+0000] {dag.py:3036} INFO - Sync 1 DAGs
[2025-11-02T14:44:47.030+0000] {logging_mixin.py:188} INFO - [2025-11-02T14:44:47.030+0000] {dag.py:3823} INFO - Setting next_dagrun for load_csv_to_postgres to None, run_after=None
[2025-11-02T14:44:47.252+0000] {processor.py:183} INFO - Processing /opt/airflow/dags/dag_csv_to_postgres_dag.py took 0.374 seconds
[2025-11-02T14:45:18.563+0000] {processor.py:161} INFO - Started process (PID=5768) to work on /opt/airflow/dags/dag_csv_to_postgres_dag.py
[2025-11-02T14:45:18.566+0000] {processor.py:830} INFO - Processing file /opt/airflow/dags/dag_csv_to_postgres_dag.py for tasks to queue
[2025-11-02T14:45:18.569+0000] {logging_mixin.py:188} INFO - [2025-11-02T14:45:18.568+0000] {dagbag.py:538} INFO - Filling up the DagBag from /opt/airflow/dags/dag_csv_to_postgres_dag.py
[2025-11-02T14:45:18.667+0000] {processor.py:840} INFO - DAG(s) 'load_csv_to_postgres' retrieved from /opt/airflow/dags/dag_csv_to_postgres_dag.py
[2025-11-02T14:45:18.787+0000] {logging_mixin.py:188} INFO - [2025-11-02T14:45:18.785+0000] {dag.py:3036} INFO - Sync 1 DAGs
[2025-11-02T14:45:18.867+0000] {logging_mixin.py:188} INFO - [2025-11-02T14:45:18.867+0000] {dag.py:3823} INFO - Setting next_dagrun for load_csv_to_postgres to None, run_after=None
[2025-11-02T14:45:18.949+0000] {processor.py:183} INFO - Processing /opt/airflow/dags/dag_csv_to_postgres_dag.py took 0.405 seconds
[2025-11-02T14:45:49.266+0000] {processor.py:161} INFO - Started process (PID=5779) to work on /opt/airflow/dags/dag_csv_to_postgres_dag.py
[2025-11-02T14:45:49.271+0000] {processor.py:830} INFO - Processing file /opt/airflow/dags/dag_csv_to_postgres_dag.py for tasks to queue
[2025-11-02T14:45:49.273+0000] {logging_mixin.py:188} INFO - [2025-11-02T14:45:49.272+0000] {dagbag.py:538} INFO - Filling up the DagBag from /opt/airflow/dags/dag_csv_to_postgres_dag.py
[2025-11-02T14:45:49.311+0000] {processor.py:840} INFO - DAG(s) 'load_csv_to_postgres' retrieved from /opt/airflow/dags/dag_csv_to_postgres_dag.py
[2025-11-02T14:45:49.386+0000] {logging_mixin.py:188} INFO - [2025-11-02T14:45:49.386+0000] {dag.py:3036} INFO - Sync 1 DAGs
[2025-11-02T14:45:49.423+0000] {logging_mixin.py:188} INFO - [2025-11-02T14:45:49.423+0000] {dag.py:3823} INFO - Setting next_dagrun for load_csv_to_postgres to None, run_after=None
[2025-11-02T14:45:49.470+0000] {processor.py:183} INFO - Processing /opt/airflow/dags/dag_csv_to_postgres_dag.py took 0.217 seconds
[2025-11-02T14:46:19.974+0000] {processor.py:161} INFO - Started process (PID=5790) to work on /opt/airflow/dags/dag_csv_to_postgres_dag.py
[2025-11-02T14:46:19.976+0000] {processor.py:830} INFO - Processing file /opt/airflow/dags/dag_csv_to_postgres_dag.py for tasks to queue
[2025-11-02T14:46:19.979+0000] {logging_mixin.py:188} INFO - [2025-11-02T14:46:19.978+0000] {dagbag.py:538} INFO - Filling up the DagBag from /opt/airflow/dags/dag_csv_to_postgres_dag.py
[2025-11-02T14:46:20.031+0000] {processor.py:840} INFO - DAG(s) 'load_csv_to_postgres' retrieved from /opt/airflow/dags/dag_csv_to_postgres_dag.py
[2025-11-02T14:46:20.128+0000] {logging_mixin.py:188} INFO - [2025-11-02T14:46:20.127+0000] {dag.py:3036} INFO - Sync 1 DAGs
[2025-11-02T14:46:20.161+0000] {logging_mixin.py:188} INFO - [2025-11-02T14:46:20.160+0000] {dag.py:3823} INFO - Setting next_dagrun for load_csv_to_postgres to None, run_after=None
[2025-11-02T14:46:20.214+0000] {processor.py:183} INFO - Processing /opt/airflow/dags/dag_csv_to_postgres_dag.py took 0.250 seconds
[2025-11-02T14:46:50.453+0000] {processor.py:161} INFO - Started process (PID=5803) to work on /opt/airflow/dags/dag_csv_to_postgres_dag.py
[2025-11-02T14:46:50.461+0000] {processor.py:830} INFO - Processing file /opt/airflow/dags/dag_csv_to_postgres_dag.py for tasks to queue
[2025-11-02T14:46:50.465+0000] {logging_mixin.py:188} INFO - [2025-11-02T14:46:50.464+0000] {dagbag.py:538} INFO - Filling up the DagBag from /opt/airflow/dags/dag_csv_to_postgres_dag.py
[2025-11-02T14:46:50.505+0000] {processor.py:840} INFO - DAG(s) 'load_csv_to_postgres' retrieved from /opt/airflow/dags/dag_csv_to_postgres_dag.py
[2025-11-02T14:46:50.588+0000] {logging_mixin.py:188} INFO - [2025-11-02T14:46:50.587+0000] {dag.py:3036} INFO - Sync 1 DAGs
[2025-11-02T14:46:50.634+0000] {logging_mixin.py:188} INFO - [2025-11-02T14:46:50.634+0000] {dag.py:3823} INFO - Setting next_dagrun for load_csv_to_postgres to None, run_after=None
[2025-11-02T14:46:50.719+0000] {processor.py:183} INFO - Processing /opt/airflow/dags/dag_csv_to_postgres_dag.py took 0.277 seconds
[2025-11-02T14:47:22.178+0000] {processor.py:161} INFO - Started process (PID=5815) to work on /opt/airflow/dags/dag_csv_to_postgres_dag.py
[2025-11-02T14:47:22.184+0000] {processor.py:830} INFO - Processing file /opt/airflow/dags/dag_csv_to_postgres_dag.py for tasks to queue
[2025-11-02T14:47:22.186+0000] {logging_mixin.py:188} INFO - [2025-11-02T14:47:22.186+0000] {dagbag.py:538} INFO - Filling up the DagBag from /opt/airflow/dags/dag_csv_to_postgres_dag.py
[2025-11-02T14:47:22.234+0000] {processor.py:840} INFO - DAG(s) 'load_csv_to_postgres' retrieved from /opt/airflow/dags/dag_csv_to_postgres_dag.py
[2025-11-02T14:47:22.287+0000] {logging_mixin.py:188} INFO - [2025-11-02T14:47:22.287+0000] {dag.py:3036} INFO - Sync 1 DAGs
[2025-11-02T14:47:22.322+0000] {logging_mixin.py:188} INFO - [2025-11-02T14:47:22.321+0000] {dag.py:3823} INFO - Setting next_dagrun for load_csv_to_postgres to None, run_after=None
[2025-11-02T14:47:22.366+0000] {processor.py:183} INFO - Processing /opt/airflow/dags/dag_csv_to_postgres_dag.py took 0.197 seconds
[2025-11-02T14:47:53.351+0000] {processor.py:161} INFO - Started process (PID=5827) to work on /opt/airflow/dags/dag_csv_to_postgres_dag.py
[2025-11-02T14:47:53.353+0000] {processor.py:830} INFO - Processing file /opt/airflow/dags/dag_csv_to_postgres_dag.py for tasks to queue
[2025-11-02T14:47:53.355+0000] {logging_mixin.py:188} INFO - [2025-11-02T14:47:53.354+0000] {dagbag.py:538} INFO - Filling up the DagBag from /opt/airflow/dags/dag_csv_to_postgres_dag.py
[2025-11-02T14:47:53.396+0000] {processor.py:840} INFO - DAG(s) 'load_csv_to_postgres' retrieved from /opt/airflow/dags/dag_csv_to_postgres_dag.py
[2025-11-02T14:47:53.452+0000] {logging_mixin.py:188} INFO - [2025-11-02T14:47:53.452+0000] {dag.py:3036} INFO - Sync 1 DAGs
[2025-11-02T14:47:53.502+0000] {logging_mixin.py:188} INFO - [2025-11-02T14:47:53.501+0000] {dag.py:3823} INFO - Setting next_dagrun for load_csv_to_postgres to None, run_after=None
[2025-11-02T14:47:53.624+0000] {processor.py:183} INFO - Processing /opt/airflow/dags/dag_csv_to_postgres_dag.py took 0.282 seconds
[2025-11-02T14:48:23.942+0000] {processor.py:161} INFO - Started process (PID=5839) to work on /opt/airflow/dags/dag_csv_to_postgres_dag.py
[2025-11-02T14:48:23.944+0000] {processor.py:830} INFO - Processing file /opt/airflow/dags/dag_csv_to_postgres_dag.py for tasks to queue
[2025-11-02T14:48:23.946+0000] {logging_mixin.py:188} INFO - [2025-11-02T14:48:23.945+0000] {dagbag.py:538} INFO - Filling up the DagBag from /opt/airflow/dags/dag_csv_to_postgres_dag.py
[2025-11-02T14:48:23.973+0000] {processor.py:840} INFO - DAG(s) 'load_csv_to_postgres' retrieved from /opt/airflow/dags/dag_csv_to_postgres_dag.py
[2025-11-02T14:48:24.016+0000] {logging_mixin.py:188} INFO - [2025-11-02T14:48:24.016+0000] {dag.py:3036} INFO - Sync 1 DAGs
[2025-11-02T14:48:24.036+0000] {logging_mixin.py:188} INFO - [2025-11-02T14:48:24.035+0000] {dag.py:3823} INFO - Setting next_dagrun for load_csv_to_postgres to None, run_after=None
[2025-11-02T14:48:24.082+0000] {processor.py:183} INFO - Processing /opt/airflow/dags/dag_csv_to_postgres_dag.py took 0.150 seconds
[2025-11-02T14:48:55.104+0000] {processor.py:161} INFO - Started process (PID=5851) to work on /opt/airflow/dags/dag_csv_to_postgres_dag.py
[2025-11-02T14:48:55.107+0000] {processor.py:830} INFO - Processing file /opt/airflow/dags/dag_csv_to_postgres_dag.py for tasks to queue
[2025-11-02T14:48:55.111+0000] {logging_mixin.py:188} INFO - [2025-11-02T14:48:55.110+0000] {dagbag.py:538} INFO - Filling up the DagBag from /opt/airflow/dags/dag_csv_to_postgres_dag.py
[2025-11-02T14:48:55.155+0000] {processor.py:840} INFO - DAG(s) 'load_csv_to_postgres' retrieved from /opt/airflow/dags/dag_csv_to_postgres_dag.py
[2025-11-02T14:48:55.218+0000] {logging_mixin.py:188} INFO - [2025-11-02T14:48:55.218+0000] {dag.py:3036} INFO - Sync 1 DAGs
[2025-11-02T14:48:55.247+0000] {logging_mixin.py:188} INFO - [2025-11-02T14:48:55.247+0000] {dag.py:3823} INFO - Setting next_dagrun for load_csv_to_postgres to None, run_after=None
[2025-11-02T14:48:55.479+0000] {processor.py:183} INFO - Processing /opt/airflow/dags/dag_csv_to_postgres_dag.py took 0.387 seconds
[2025-11-02T14:49:25.698+0000] {processor.py:161} INFO - Started process (PID=5863) to work on /opt/airflow/dags/dag_csv_to_postgres_dag.py
[2025-11-02T14:49:25.700+0000] {processor.py:830} INFO - Processing file /opt/airflow/dags/dag_csv_to_postgres_dag.py for tasks to queue
[2025-11-02T14:49:25.702+0000] {logging_mixin.py:188} INFO - [2025-11-02T14:49:25.702+0000] {dagbag.py:538} INFO - Filling up the DagBag from /opt/airflow/dags/dag_csv_to_postgres_dag.py
[2025-11-02T14:49:25.744+0000] {processor.py:840} INFO - DAG(s) 'load_csv_to_postgres' retrieved from /opt/airflow/dags/dag_csv_to_postgres_dag.py
[2025-11-02T14:49:25.793+0000] {logging_mixin.py:188} INFO - [2025-11-02T14:49:25.793+0000] {dag.py:3036} INFO - Sync 1 DAGs
[2025-11-02T14:49:25.813+0000] {logging_mixin.py:188} INFO - [2025-11-02T14:49:25.813+0000] {dag.py:3823} INFO - Setting next_dagrun for load_csv_to_postgres to None, run_after=None
[2025-11-02T14:49:25.857+0000] {processor.py:183} INFO - Processing /opt/airflow/dags/dag_csv_to_postgres_dag.py took 0.172 seconds
[2025-11-02T14:49:56.060+0000] {processor.py:161} INFO - Started process (PID=5875) to work on /opt/airflow/dags/dag_csv_to_postgres_dag.py
[2025-11-02T14:49:56.063+0000] {processor.py:830} INFO - Processing file /opt/airflow/dags/dag_csv_to_postgres_dag.py for tasks to queue
[2025-11-02T14:49:56.066+0000] {logging_mixin.py:188} INFO - [2025-11-02T14:49:56.065+0000] {dagbag.py:538} INFO - Filling up the DagBag from /opt/airflow/dags/dag_csv_to_postgres_dag.py
[2025-11-02T14:49:56.204+0000] {processor.py:840} INFO - DAG(s) 'load_csv_to_postgres' retrieved from /opt/airflow/dags/dag_csv_to_postgres_dag.py
[2025-11-02T14:49:56.283+0000] {logging_mixin.py:188} INFO - [2025-11-02T14:49:56.282+0000] {dag.py:3036} INFO - Sync 1 DAGs
[2025-11-02T14:49:56.316+0000] {logging_mixin.py:188} INFO - [2025-11-02T14:49:56.315+0000] {dag.py:3823} INFO - Setting next_dagrun for load_csv_to_postgres to None, run_after=None
[2025-11-02T14:49:56.367+0000] {processor.py:183} INFO - Processing /opt/airflow/dags/dag_csv_to_postgres_dag.py took 0.320 seconds
[2025-11-02T14:50:27.139+0000] {processor.py:161} INFO - Started process (PID=5887) to work on /opt/airflow/dags/dag_csv_to_postgres_dag.py
[2025-11-02T14:50:27.148+0000] {processor.py:830} INFO - Processing file /opt/airflow/dags/dag_csv_to_postgres_dag.py for tasks to queue
[2025-11-02T14:50:27.162+0000] {logging_mixin.py:188} INFO - [2025-11-02T14:50:27.161+0000] {dagbag.py:538} INFO - Filling up the DagBag from /opt/airflow/dags/dag_csv_to_postgres_dag.py
[2025-11-02T14:50:27.315+0000] {processor.py:840} INFO - DAG(s) 'load_csv_to_postgres' retrieved from /opt/airflow/dags/dag_csv_to_postgres_dag.py
[2025-11-02T14:50:27.459+0000] {logging_mixin.py:188} INFO - [2025-11-02T14:50:27.459+0000] {dag.py:3036} INFO - Sync 1 DAGs
[2025-11-02T14:50:27.513+0000] {logging_mixin.py:188} INFO - [2025-11-02T14:50:27.512+0000] {dag.py:3823} INFO - Setting next_dagrun for load_csv_to_postgres to None, run_after=None
[2025-11-02T14:50:27.651+0000] {processor.py:183} INFO - Processing /opt/airflow/dags/dag_csv_to_postgres_dag.py took 0.546 seconds
[2025-11-02T14:50:58.210+0000] {processor.py:161} INFO - Started process (PID=5899) to work on /opt/airflow/dags/dag_csv_to_postgres_dag.py
[2025-11-02T14:50:58.213+0000] {processor.py:830} INFO - Processing file /opt/airflow/dags/dag_csv_to_postgres_dag.py for tasks to queue
[2025-11-02T14:50:58.216+0000] {logging_mixin.py:188} INFO - [2025-11-02T14:50:58.215+0000] {dagbag.py:538} INFO - Filling up the DagBag from /opt/airflow/dags/dag_csv_to_postgres_dag.py
[2025-11-02T14:50:58.308+0000] {processor.py:840} INFO - DAG(s) 'load_csv_to_postgres' retrieved from /opt/airflow/dags/dag_csv_to_postgres_dag.py
[2025-11-02T14:50:58.380+0000] {logging_mixin.py:188} INFO - [2025-11-02T14:50:58.380+0000] {dag.py:3036} INFO - Sync 1 DAGs
[2025-11-02T14:50:58.416+0000] {logging_mixin.py:188} INFO - [2025-11-02T14:50:58.416+0000] {dag.py:3823} INFO - Setting next_dagrun for load_csv_to_postgres to None, run_after=None
[2025-11-02T14:50:58.561+0000] {processor.py:183} INFO - Processing /opt/airflow/dags/dag_csv_to_postgres_dag.py took 0.367 seconds
[2025-11-02T14:51:29.049+0000] {processor.py:161} INFO - Started process (PID=5910) to work on /opt/airflow/dags/dag_csv_to_postgres_dag.py
[2025-11-02T14:51:29.052+0000] {processor.py:830} INFO - Processing file /opt/airflow/dags/dag_csv_to_postgres_dag.py for tasks to queue
[2025-11-02T14:51:29.055+0000] {logging_mixin.py:188} INFO - [2025-11-02T14:51:29.054+0000] {dagbag.py:538} INFO - Filling up the DagBag from /opt/airflow/dags/dag_csv_to_postgres_dag.py
[2025-11-02T14:51:29.096+0000] {processor.py:840} INFO - DAG(s) 'load_csv_to_postgres' retrieved from /opt/airflow/dags/dag_csv_to_postgres_dag.py
[2025-11-02T14:51:29.221+0000] {logging_mixin.py:188} INFO - [2025-11-02T14:51:29.220+0000] {dag.py:3036} INFO - Sync 1 DAGs
[2025-11-02T14:51:29.251+0000] {logging_mixin.py:188} INFO - [2025-11-02T14:51:29.251+0000] {dag.py:3823} INFO - Setting next_dagrun for load_csv_to_postgres to None, run_after=None
[2025-11-02T14:51:29.609+0000] {processor.py:183} INFO - Processing /opt/airflow/dags/dag_csv_to_postgres_dag.py took 0.573 seconds
[2025-11-02T14:51:59.940+0000] {processor.py:161} INFO - Started process (PID=5922) to work on /opt/airflow/dags/dag_csv_to_postgres_dag.py
[2025-11-02T14:51:59.942+0000] {processor.py:830} INFO - Processing file /opt/airflow/dags/dag_csv_to_postgres_dag.py for tasks to queue
[2025-11-02T14:51:59.944+0000] {logging_mixin.py:188} INFO - [2025-11-02T14:51:59.943+0000] {dagbag.py:538} INFO - Filling up the DagBag from /opt/airflow/dags/dag_csv_to_postgres_dag.py
[2025-11-02T14:51:59.992+0000] {processor.py:840} INFO - DAG(s) 'load_csv_to_postgres' retrieved from /opt/airflow/dags/dag_csv_to_postgres_dag.py
[2025-11-02T14:52:00.125+0000] {logging_mixin.py:188} INFO - [2025-11-02T14:52:00.125+0000] {dag.py:3036} INFO - Sync 1 DAGs
[2025-11-02T14:52:00.171+0000] {logging_mixin.py:188} INFO - [2025-11-02T14:52:00.170+0000] {dag.py:3823} INFO - Setting next_dagrun for load_csv_to_postgres to None, run_after=None
[2025-11-02T14:52:00.221+0000] {processor.py:183} INFO - Processing /opt/airflow/dags/dag_csv_to_postgres_dag.py took 0.293 seconds
[2025-11-02T14:52:30.882+0000] {processor.py:161} INFO - Started process (PID=5934) to work on /opt/airflow/dags/dag_csv_to_postgres_dag.py
[2025-11-02T14:52:30.886+0000] {processor.py:830} INFO - Processing file /opt/airflow/dags/dag_csv_to_postgres_dag.py for tasks to queue
[2025-11-02T14:52:30.888+0000] {logging_mixin.py:188} INFO - [2025-11-02T14:52:30.887+0000] {dagbag.py:538} INFO - Filling up the DagBag from /opt/airflow/dags/dag_csv_to_postgres_dag.py
[2025-11-02T14:52:30.935+0000] {processor.py:840} INFO - DAG(s) 'load_csv_to_postgres' retrieved from /opt/airflow/dags/dag_csv_to_postgres_dag.py
[2025-11-02T14:52:30.986+0000] {logging_mixin.py:188} INFO - [2025-11-02T14:52:30.985+0000] {dag.py:3036} INFO - Sync 1 DAGs
[2025-11-02T14:52:31.030+0000] {logging_mixin.py:188} INFO - [2025-11-02T14:52:31.029+0000] {dag.py:3823} INFO - Setting next_dagrun for load_csv_to_postgres to None, run_after=None
[2025-11-02T14:52:31.120+0000] {processor.py:183} INFO - Processing /opt/airflow/dags/dag_csv_to_postgres_dag.py took 0.252 seconds
[2025-11-02T14:53:01.922+0000] {processor.py:161} INFO - Started process (PID=5946) to work on /opt/airflow/dags/dag_csv_to_postgres_dag.py
[2025-11-02T14:53:01.929+0000] {processor.py:830} INFO - Processing file /opt/airflow/dags/dag_csv_to_postgres_dag.py for tasks to queue
[2025-11-02T14:53:01.931+0000] {logging_mixin.py:188} INFO - [2025-11-02T14:53:01.930+0000] {dagbag.py:538} INFO - Filling up the DagBag from /opt/airflow/dags/dag_csv_to_postgres_dag.py
[2025-11-02T14:53:02.013+0000] {processor.py:840} INFO - DAG(s) 'load_csv_to_postgres' retrieved from /opt/airflow/dags/dag_csv_to_postgres_dag.py
[2025-11-02T14:53:02.129+0000] {logging_mixin.py:188} INFO - [2025-11-02T14:53:02.128+0000] {dag.py:3036} INFO - Sync 1 DAGs
[2025-11-02T14:53:02.242+0000] {logging_mixin.py:188} INFO - [2025-11-02T14:53:02.242+0000] {dag.py:3823} INFO - Setting next_dagrun for load_csv_to_postgres to None, run_after=None
[2025-11-02T14:53:02.349+0000] {processor.py:183} INFO - Processing /opt/airflow/dags/dag_csv_to_postgres_dag.py took 0.443 seconds
[2025-11-02T14:53:32.644+0000] {processor.py:161} INFO - Started process (PID=5956) to work on /opt/airflow/dags/dag_csv_to_postgres_dag.py
[2025-11-02T14:53:32.646+0000] {processor.py:830} INFO - Processing file /opt/airflow/dags/dag_csv_to_postgres_dag.py for tasks to queue
[2025-11-02T14:53:32.650+0000] {logging_mixin.py:188} INFO - [2025-11-02T14:53:32.648+0000] {dagbag.py:538} INFO - Filling up the DagBag from /opt/airflow/dags/dag_csv_to_postgres_dag.py
[2025-11-02T14:53:32.742+0000] {processor.py:840} INFO - DAG(s) 'load_csv_to_postgres' retrieved from /opt/airflow/dags/dag_csv_to_postgres_dag.py
[2025-11-02T14:53:32.865+0000] {logging_mixin.py:188} INFO - [2025-11-02T14:53:32.864+0000] {dag.py:3036} INFO - Sync 1 DAGs
[2025-11-02T14:53:32.923+0000] {logging_mixin.py:188} INFO - [2025-11-02T14:53:32.922+0000] {dag.py:3823} INFO - Setting next_dagrun for load_csv_to_postgres to None, run_after=None
[2025-11-02T14:53:33.036+0000] {processor.py:183} INFO - Processing /opt/airflow/dags/dag_csv_to_postgres_dag.py took 0.399 seconds
[2025-11-02T14:54:03.429+0000] {processor.py:161} INFO - Started process (PID=5968) to work on /opt/airflow/dags/dag_csv_to_postgres_dag.py
[2025-11-02T14:54:03.433+0000] {processor.py:830} INFO - Processing file /opt/airflow/dags/dag_csv_to_postgres_dag.py for tasks to queue
[2025-11-02T14:54:03.437+0000] {logging_mixin.py:188} INFO - [2025-11-02T14:54:03.436+0000] {dagbag.py:538} INFO - Filling up the DagBag from /opt/airflow/dags/dag_csv_to_postgres_dag.py
[2025-11-02T14:54:03.498+0000] {processor.py:840} INFO - DAG(s) 'load_csv_to_postgres' retrieved from /opt/airflow/dags/dag_csv_to_postgres_dag.py
[2025-11-02T14:54:03.556+0000] {logging_mixin.py:188} INFO - [2025-11-02T14:54:03.555+0000] {dag.py:3036} INFO - Sync 1 DAGs
[2025-11-02T14:54:03.585+0000] {logging_mixin.py:188} INFO - [2025-11-02T14:54:03.585+0000] {dag.py:3823} INFO - Setting next_dagrun for load_csv_to_postgres to None, run_after=None
[2025-11-02T14:54:03.700+0000] {processor.py:183} INFO - Processing /opt/airflow/dags/dag_csv_to_postgres_dag.py took 0.289 seconds
[2025-11-02T14:54:33.927+0000] {processor.py:161} INFO - Started process (PID=5980) to work on /opt/airflow/dags/dag_csv_to_postgres_dag.py
[2025-11-02T14:54:33.930+0000] {processor.py:830} INFO - Processing file /opt/airflow/dags/dag_csv_to_postgres_dag.py for tasks to queue
[2025-11-02T14:54:33.932+0000] {logging_mixin.py:188} INFO - [2025-11-02T14:54:33.931+0000] {dagbag.py:538} INFO - Filling up the DagBag from /opt/airflow/dags/dag_csv_to_postgres_dag.py
[2025-11-02T14:54:33.974+0000] {processor.py:840} INFO - DAG(s) 'load_csv_to_postgres' retrieved from /opt/airflow/dags/dag_csv_to_postgres_dag.py
[2025-11-02T14:54:34.039+0000] {logging_mixin.py:188} INFO - [2025-11-02T14:54:34.038+0000] {dag.py:3036} INFO - Sync 1 DAGs
[2025-11-02T14:54:34.072+0000] {logging_mixin.py:188} INFO - [2025-11-02T14:54:34.072+0000] {dag.py:3823} INFO - Setting next_dagrun for load_csv_to_postgres to None, run_after=None
[2025-11-02T14:54:34.129+0000] {processor.py:183} INFO - Processing /opt/airflow/dags/dag_csv_to_postgres_dag.py took 0.211 seconds
[2025-11-02T14:55:04.914+0000] {processor.py:161} INFO - Started process (PID=5992) to work on /opt/airflow/dags/dag_csv_to_postgres_dag.py
[2025-11-02T14:55:04.917+0000] {processor.py:830} INFO - Processing file /opt/airflow/dags/dag_csv_to_postgres_dag.py for tasks to queue
[2025-11-02T14:55:04.919+0000] {logging_mixin.py:188} INFO - [2025-11-02T14:55:04.918+0000] {dagbag.py:538} INFO - Filling up the DagBag from /opt/airflow/dags/dag_csv_to_postgres_dag.py
[2025-11-02T14:55:04.947+0000] {processor.py:840} INFO - DAG(s) 'load_csv_to_postgres' retrieved from /opt/airflow/dags/dag_csv_to_postgres_dag.py
[2025-11-02T14:55:05.001+0000] {logging_mixin.py:188} INFO - [2025-11-02T14:55:05.001+0000] {dag.py:3036} INFO - Sync 1 DAGs
[2025-11-02T14:55:05.027+0000] {logging_mixin.py:188} INFO - [2025-11-02T14:55:05.026+0000] {dag.py:3823} INFO - Setting next_dagrun for load_csv_to_postgres to None, run_after=None
[2025-11-02T14:55:05.118+0000] {processor.py:183} INFO - Processing /opt/airflow/dags/dag_csv_to_postgres_dag.py took 0.210 seconds
[2025-11-02T14:55:35.902+0000] {processor.py:161} INFO - Started process (PID=6004) to work on /opt/airflow/dags/dag_csv_to_postgres_dag.py
[2025-11-02T14:55:35.905+0000] {processor.py:830} INFO - Processing file /opt/airflow/dags/dag_csv_to_postgres_dag.py for tasks to queue
[2025-11-02T14:55:35.909+0000] {logging_mixin.py:188} INFO - [2025-11-02T14:55:35.907+0000] {dagbag.py:538} INFO - Filling up the DagBag from /opt/airflow/dags/dag_csv_to_postgres_dag.py
[2025-11-02T14:55:35.942+0000] {processor.py:840} INFO - DAG(s) 'load_csv_to_postgres' retrieved from /opt/airflow/dags/dag_csv_to_postgres_dag.py
[2025-11-02T14:55:36.002+0000] {logging_mixin.py:188} INFO - [2025-11-02T14:55:36.002+0000] {dag.py:3036} INFO - Sync 1 DAGs
[2025-11-02T14:55:36.025+0000] {logging_mixin.py:188} INFO - [2025-11-02T14:55:36.024+0000] {dag.py:3823} INFO - Setting next_dagrun for load_csv_to_postgres to None, run_after=None
[2025-11-02T14:55:36.142+0000] {processor.py:183} INFO - Processing /opt/airflow/dags/dag_csv_to_postgres_dag.py took 0.253 seconds
[2025-11-02T14:56:06.706+0000] {processor.py:161} INFO - Started process (PID=6016) to work on /opt/airflow/dags/dag_csv_to_postgres_dag.py
[2025-11-02T14:56:06.709+0000] {processor.py:830} INFO - Processing file /opt/airflow/dags/dag_csv_to_postgres_dag.py for tasks to queue
[2025-11-02T14:56:06.713+0000] {logging_mixin.py:188} INFO - [2025-11-02T14:56:06.712+0000] {dagbag.py:538} INFO - Filling up the DagBag from /opt/airflow/dags/dag_csv_to_postgres_dag.py
[2025-11-02T14:56:06.744+0000] {processor.py:840} INFO - DAG(s) 'load_csv_to_postgres' retrieved from /opt/airflow/dags/dag_csv_to_postgres_dag.py
[2025-11-02T14:56:06.789+0000] {logging_mixin.py:188} INFO - [2025-11-02T14:56:06.789+0000] {dag.py:3036} INFO - Sync 1 DAGs
[2025-11-02T14:56:06.808+0000] {logging_mixin.py:188} INFO - [2025-11-02T14:56:06.808+0000] {dag.py:3823} INFO - Setting next_dagrun for load_csv_to_postgres to None, run_after=None
[2025-11-02T14:56:06.978+0000] {processor.py:183} INFO - Processing /opt/airflow/dags/dag_csv_to_postgres_dag.py took 0.280 seconds
[2025-11-02T14:56:37.085+0000] {processor.py:161} INFO - Started process (PID=6028) to work on /opt/airflow/dags/dag_csv_to_postgres_dag.py
[2025-11-02T14:56:37.087+0000] {processor.py:830} INFO - Processing file /opt/airflow/dags/dag_csv_to_postgres_dag.py for tasks to queue
[2025-11-02T14:56:37.088+0000] {logging_mixin.py:188} INFO - [2025-11-02T14:56:37.088+0000] {dagbag.py:538} INFO - Filling up the DagBag from /opt/airflow/dags/dag_csv_to_postgres_dag.py
[2025-11-02T14:56:37.113+0000] {processor.py:840} INFO - DAG(s) 'load_csv_to_postgres' retrieved from /opt/airflow/dags/dag_csv_to_postgres_dag.py
[2025-11-02T14:56:37.156+0000] {logging_mixin.py:188} INFO - [2025-11-02T14:56:37.156+0000] {dag.py:3036} INFO - Sync 1 DAGs
[2025-11-02T14:56:37.175+0000] {logging_mixin.py:188} INFO - [2025-11-02T14:56:37.174+0000] {dag.py:3823} INFO - Setting next_dagrun for load_csv_to_postgres to None, run_after=None
[2025-11-02T14:56:37.210+0000] {processor.py:183} INFO - Processing /opt/airflow/dags/dag_csv_to_postgres_dag.py took 0.133 seconds
[2025-11-02T14:57:08.361+0000] {processor.py:161} INFO - Started process (PID=6040) to work on /opt/airflow/dags/dag_csv_to_postgres_dag.py
[2025-11-02T14:57:08.363+0000] {processor.py:830} INFO - Processing file /opt/airflow/dags/dag_csv_to_postgres_dag.py for tasks to queue
[2025-11-02T14:57:08.365+0000] {logging_mixin.py:188} INFO - [2025-11-02T14:57:08.364+0000] {dagbag.py:538} INFO - Filling up the DagBag from /opt/airflow/dags/dag_csv_to_postgres_dag.py
[2025-11-02T14:57:08.389+0000] {processor.py:840} INFO - DAG(s) 'load_csv_to_postgres' retrieved from /opt/airflow/dags/dag_csv_to_postgres_dag.py
[2025-11-02T14:57:08.434+0000] {logging_mixin.py:188} INFO - [2025-11-02T14:57:08.434+0000] {dag.py:3036} INFO - Sync 1 DAGs
[2025-11-02T14:57:08.454+0000] {logging_mixin.py:188} INFO - [2025-11-02T14:57:08.454+0000] {dag.py:3823} INFO - Setting next_dagrun for load_csv_to_postgres to None, run_after=None
[2025-11-02T14:57:08.493+0000] {processor.py:183} INFO - Processing /opt/airflow/dags/dag_csv_to_postgres_dag.py took 0.139 seconds
[2025-11-02T14:57:38.905+0000] {processor.py:161} INFO - Started process (PID=6052) to work on /opt/airflow/dags/dag_csv_to_postgres_dag.py
[2025-11-02T14:57:38.908+0000] {processor.py:830} INFO - Processing file /opt/airflow/dags/dag_csv_to_postgres_dag.py for tasks to queue
[2025-11-02T14:57:38.910+0000] {logging_mixin.py:188} INFO - [2025-11-02T14:57:38.909+0000] {dagbag.py:538} INFO - Filling up the DagBag from /opt/airflow/dags/dag_csv_to_postgres_dag.py
[2025-11-02T14:57:38.936+0000] {processor.py:840} INFO - DAG(s) 'load_csv_to_postgres' retrieved from /opt/airflow/dags/dag_csv_to_postgres_dag.py
[2025-11-02T14:57:38.978+0000] {logging_mixin.py:188} INFO - [2025-11-02T14:57:38.978+0000] {dag.py:3036} INFO - Sync 1 DAGs
[2025-11-02T14:57:39.004+0000] {logging_mixin.py:188} INFO - [2025-11-02T14:57:39.003+0000] {dag.py:3823} INFO - Setting next_dagrun for load_csv_to_postgres to None, run_after=None
[2025-11-02T14:57:39.064+0000] {processor.py:183} INFO - Processing /opt/airflow/dags/dag_csv_to_postgres_dag.py took 0.167 seconds
[2025-11-02T14:58:10.011+0000] {processor.py:161} INFO - Started process (PID=6064) to work on /opt/airflow/dags/dag_csv_to_postgres_dag.py
[2025-11-02T14:58:10.013+0000] {processor.py:830} INFO - Processing file /opt/airflow/dags/dag_csv_to_postgres_dag.py for tasks to queue
[2025-11-02T14:58:10.014+0000] {logging_mixin.py:188} INFO - [2025-11-02T14:58:10.014+0000] {dagbag.py:538} INFO - Filling up the DagBag from /opt/airflow/dags/dag_csv_to_postgres_dag.py
[2025-11-02T14:58:10.038+0000] {processor.py:840} INFO - DAG(s) 'load_csv_to_postgres' retrieved from /opt/airflow/dags/dag_csv_to_postgres_dag.py
[2025-11-02T14:58:10.089+0000] {logging_mixin.py:188} INFO - [2025-11-02T14:58:10.088+0000] {dag.py:3036} INFO - Sync 1 DAGs
[2025-11-02T14:58:10.106+0000] {logging_mixin.py:188} INFO - [2025-11-02T14:58:10.106+0000] {dag.py:3823} INFO - Setting next_dagrun for load_csv_to_postgres to None, run_after=None
[2025-11-02T14:58:10.137+0000] {processor.py:183} INFO - Processing /opt/airflow/dags/dag_csv_to_postgres_dag.py took 0.132 seconds
[2025-11-02T14:58:41.446+0000] {processor.py:161} INFO - Started process (PID=6076) to work on /opt/airflow/dags/dag_csv_to_postgres_dag.py
[2025-11-02T14:58:41.449+0000] {processor.py:830} INFO - Processing file /opt/airflow/dags/dag_csv_to_postgres_dag.py for tasks to queue
[2025-11-02T14:58:41.451+0000] {logging_mixin.py:188} INFO - [2025-11-02T14:58:41.450+0000] {dagbag.py:538} INFO - Filling up the DagBag from /opt/airflow/dags/dag_csv_to_postgres_dag.py
[2025-11-02T14:58:41.489+0000] {processor.py:840} INFO - DAG(s) 'load_csv_to_postgres' retrieved from /opt/airflow/dags/dag_csv_to_postgres_dag.py
[2025-11-02T14:58:41.558+0000] {logging_mixin.py:188} INFO - [2025-11-02T14:58:41.558+0000] {dag.py:3036} INFO - Sync 1 DAGs
[2025-11-02T14:58:41.590+0000] {logging_mixin.py:188} INFO - [2025-11-02T14:58:41.590+0000] {dag.py:3823} INFO - Setting next_dagrun for load_csv_to_postgres to None, run_after=None
[2025-11-02T14:58:41.639+0000] {processor.py:183} INFO - Processing /opt/airflow/dags/dag_csv_to_postgres_dag.py took 0.201 seconds
[2025-11-02T14:59:11.849+0000] {processor.py:161} INFO - Started process (PID=6088) to work on /opt/airflow/dags/dag_csv_to_postgres_dag.py
[2025-11-02T14:59:11.851+0000] {processor.py:830} INFO - Processing file /opt/airflow/dags/dag_csv_to_postgres_dag.py for tasks to queue
[2025-11-02T14:59:11.853+0000] {logging_mixin.py:188} INFO - [2025-11-02T14:59:11.852+0000] {dagbag.py:538} INFO - Filling up the DagBag from /opt/airflow/dags/dag_csv_to_postgres_dag.py
[2025-11-02T14:59:11.880+0000] {processor.py:840} INFO - DAG(s) 'load_csv_to_postgres' retrieved from /opt/airflow/dags/dag_csv_to_postgres_dag.py
[2025-11-02T14:59:11.936+0000] {logging_mixin.py:188} INFO - [2025-11-02T14:59:11.936+0000] {dag.py:3036} INFO - Sync 1 DAGs
[2025-11-02T14:59:11.959+0000] {logging_mixin.py:188} INFO - [2025-11-02T14:59:11.959+0000] {dag.py:3823} INFO - Setting next_dagrun for load_csv_to_postgres to None, run_after=None
[2025-11-02T14:59:12.011+0000] {processor.py:183} INFO - Processing /opt/airflow/dags/dag_csv_to_postgres_dag.py took 0.169 seconds
[2025-11-02T14:59:44.186+0000] {processor.py:161} INFO - Started process (PID=6100) to work on /opt/airflow/dags/dag_csv_to_postgres_dag.py
[2025-11-02T14:59:44.193+0000] {processor.py:830} INFO - Processing file /opt/airflow/dags/dag_csv_to_postgres_dag.py for tasks to queue
[2025-11-02T14:59:44.198+0000] {logging_mixin.py:188} INFO - [2025-11-02T14:59:44.197+0000] {dagbag.py:538} INFO - Filling up the DagBag from /opt/airflow/dags/dag_csv_to_postgres_dag.py
[2025-11-02T14:59:44.236+0000] {processor.py:840} INFO - DAG(s) 'load_csv_to_postgres' retrieved from /opt/airflow/dags/dag_csv_to_postgres_dag.py
[2025-11-02T14:59:44.331+0000] {logging_mixin.py:188} INFO - [2025-11-02T14:59:44.331+0000] {dag.py:3036} INFO - Sync 1 DAGs
[2025-11-02T14:59:44.362+0000] {logging_mixin.py:188} INFO - [2025-11-02T14:59:44.362+0000] {dag.py:3823} INFO - Setting next_dagrun for load_csv_to_postgres to None, run_after=None
[2025-11-02T14:59:44.469+0000] {processor.py:183} INFO - Processing /opt/airflow/dags/dag_csv_to_postgres_dag.py took 0.298 seconds
[2025-11-02T15:00:15.040+0000] {processor.py:161} INFO - Started process (PID=6112) to work on /opt/airflow/dags/dag_csv_to_postgres_dag.py
[2025-11-02T15:00:15.042+0000] {processor.py:830} INFO - Processing file /opt/airflow/dags/dag_csv_to_postgres_dag.py for tasks to queue
[2025-11-02T15:00:15.044+0000] {logging_mixin.py:188} INFO - [2025-11-02T15:00:15.043+0000] {dagbag.py:538} INFO - Filling up the DagBag from /opt/airflow/dags/dag_csv_to_postgres_dag.py
[2025-11-02T15:00:15.074+0000] {processor.py:840} INFO - DAG(s) 'load_csv_to_postgres' retrieved from /opt/airflow/dags/dag_csv_to_postgres_dag.py
[2025-11-02T15:00:15.133+0000] {logging_mixin.py:188} INFO - [2025-11-02T15:00:15.132+0000] {dag.py:3036} INFO - Sync 1 DAGs
[2025-11-02T15:00:15.157+0000] {logging_mixin.py:188} INFO - [2025-11-02T15:00:15.157+0000] {dag.py:3823} INFO - Setting next_dagrun for load_csv_to_postgres to None, run_after=None
[2025-11-02T15:00:15.199+0000] {processor.py:183} INFO - Processing /opt/airflow/dags/dag_csv_to_postgres_dag.py took 0.166 seconds
[2025-11-02T15:00:45.577+0000] {processor.py:161} INFO - Started process (PID=6125) to work on /opt/airflow/dags/dag_csv_to_postgres_dag.py
[2025-11-02T15:00:45.580+0000] {processor.py:830} INFO - Processing file /opt/airflow/dags/dag_csv_to_postgres_dag.py for tasks to queue
[2025-11-02T15:00:45.581+0000] {logging_mixin.py:188} INFO - [2025-11-02T15:00:45.581+0000] {dagbag.py:538} INFO - Filling up the DagBag from /opt/airflow/dags/dag_csv_to_postgres_dag.py
[2025-11-02T15:00:45.606+0000] {processor.py:840} INFO - DAG(s) 'load_csv_to_postgres' retrieved from /opt/airflow/dags/dag_csv_to_postgres_dag.py
[2025-11-02T15:00:45.650+0000] {logging_mixin.py:188} INFO - [2025-11-02T15:00:45.650+0000] {dag.py:3036} INFO - Sync 1 DAGs
[2025-11-02T15:00:45.669+0000] {logging_mixin.py:188} INFO - [2025-11-02T15:00:45.669+0000] {dag.py:3823} INFO - Setting next_dagrun for load_csv_to_postgres to None, run_after=None
[2025-11-02T15:00:45.702+0000] {processor.py:183} INFO - Processing /opt/airflow/dags/dag_csv_to_postgres_dag.py took 0.132 seconds
[2025-11-02T15:01:16.037+0000] {processor.py:161} INFO - Started process (PID=6137) to work on /opt/airflow/dags/dag_csv_to_postgres_dag.py
[2025-11-02T15:01:16.039+0000] {processor.py:830} INFO - Processing file /opt/airflow/dags/dag_csv_to_postgres_dag.py for tasks to queue
[2025-11-02T15:01:16.041+0000] {logging_mixin.py:188} INFO - [2025-11-02T15:01:16.041+0000] {dagbag.py:538} INFO - Filling up the DagBag from /opt/airflow/dags/dag_csv_to_postgres_dag.py
[2025-11-02T15:01:16.068+0000] {processor.py:840} INFO - DAG(s) 'load_csv_to_postgres' retrieved from /opt/airflow/dags/dag_csv_to_postgres_dag.py
[2025-11-02T15:01:16.113+0000] {logging_mixin.py:188} INFO - [2025-11-02T15:01:16.113+0000] {dag.py:3036} INFO - Sync 1 DAGs
[2025-11-02T15:01:16.135+0000] {logging_mixin.py:188} INFO - [2025-11-02T15:01:16.135+0000] {dag.py:3823} INFO - Setting next_dagrun for load_csv_to_postgres to None, run_after=None
[2025-11-02T15:01:16.175+0000] {processor.py:183} INFO - Processing /opt/airflow/dags/dag_csv_to_postgres_dag.py took 0.144 seconds
[2025-11-02T15:01:47.090+0000] {processor.py:161} INFO - Started process (PID=6148) to work on /opt/airflow/dags/dag_csv_to_postgres_dag.py
[2025-11-02T15:01:47.093+0000] {processor.py:830} INFO - Processing file /opt/airflow/dags/dag_csv_to_postgres_dag.py for tasks to queue
[2025-11-02T15:01:47.096+0000] {logging_mixin.py:188} INFO - [2025-11-02T15:01:47.095+0000] {dagbag.py:538} INFO - Filling up the DagBag from /opt/airflow/dags/dag_csv_to_postgres_dag.py
[2025-11-02T15:01:47.141+0000] {processor.py:840} INFO - DAG(s) 'load_csv_to_postgres' retrieved from /opt/airflow/dags/dag_csv_to_postgres_dag.py
[2025-11-02T15:01:47.199+0000] {logging_mixin.py:188} INFO - [2025-11-02T15:01:47.199+0000] {dag.py:3036} INFO - Sync 1 DAGs
[2025-11-02T15:01:47.230+0000] {logging_mixin.py:188} INFO - [2025-11-02T15:01:47.230+0000] {dag.py:3823} INFO - Setting next_dagrun for load_csv_to_postgres to None, run_after=None
[2025-11-02T15:01:47.270+0000] {processor.py:183} INFO - Processing /opt/airflow/dags/dag_csv_to_postgres_dag.py took 0.191 seconds
[2025-11-02T15:02:17.498+0000] {processor.py:161} INFO - Started process (PID=6160) to work on /opt/airflow/dags/dag_csv_to_postgres_dag.py
[2025-11-02T15:02:17.501+0000] {processor.py:830} INFO - Processing file /opt/airflow/dags/dag_csv_to_postgres_dag.py for tasks to queue
[2025-11-02T15:02:17.504+0000] {logging_mixin.py:188} INFO - [2025-11-02T15:02:17.503+0000] {dagbag.py:538} INFO - Filling up the DagBag from /opt/airflow/dags/dag_csv_to_postgres_dag.py
[2025-11-02T15:02:17.550+0000] {processor.py:840} INFO - DAG(s) 'load_csv_to_postgres' retrieved from /opt/airflow/dags/dag_csv_to_postgres_dag.py
[2025-11-02T15:02:17.629+0000] {logging_mixin.py:188} INFO - [2025-11-02T15:02:17.628+0000] {dag.py:3036} INFO - Sync 1 DAGs
[2025-11-02T15:02:17.660+0000] {logging_mixin.py:188} INFO - [2025-11-02T15:02:17.659+0000] {dag.py:3823} INFO - Setting next_dagrun for load_csv_to_postgres to None, run_after=None
[2025-11-02T15:02:17.702+0000] {processor.py:183} INFO - Processing /opt/airflow/dags/dag_csv_to_postgres_dag.py took 0.217 seconds
[2025-11-02T15:02:48.687+0000] {processor.py:161} INFO - Started process (PID=6172) to work on /opt/airflow/dags/dag_csv_to_postgres_dag.py
[2025-11-02T15:02:48.689+0000] {processor.py:830} INFO - Processing file /opt/airflow/dags/dag_csv_to_postgres_dag.py for tasks to queue
[2025-11-02T15:02:48.690+0000] {logging_mixin.py:188} INFO - [2025-11-02T15:02:48.690+0000] {dagbag.py:538} INFO - Filling up the DagBag from /opt/airflow/dags/dag_csv_to_postgres_dag.py
[2025-11-02T15:02:48.717+0000] {processor.py:840} INFO - DAG(s) 'load_csv_to_postgres' retrieved from /opt/airflow/dags/dag_csv_to_postgres_dag.py
[2025-11-02T15:02:48.761+0000] {logging_mixin.py:188} INFO - [2025-11-02T15:02:48.760+0000] {dag.py:3036} INFO - Sync 1 DAGs
[2025-11-02T15:02:48.780+0000] {logging_mixin.py:188} INFO - [2025-11-02T15:02:48.779+0000] {dag.py:3823} INFO - Setting next_dagrun for load_csv_to_postgres to None, run_after=None
[2025-11-02T15:02:48.814+0000] {processor.py:183} INFO - Processing /opt/airflow/dags/dag_csv_to_postgres_dag.py took 0.134 seconds
[2025-11-02T15:03:19.805+0000] {processor.py:161} INFO - Started process (PID=6184) to work on /opt/airflow/dags/dag_csv_to_postgres_dag.py
[2025-11-02T15:03:19.807+0000] {processor.py:830} INFO - Processing file /opt/airflow/dags/dag_csv_to_postgres_dag.py for tasks to queue
[2025-11-02T15:03:19.809+0000] {logging_mixin.py:188} INFO - [2025-11-02T15:03:19.809+0000] {dagbag.py:538} INFO - Filling up the DagBag from /opt/airflow/dags/dag_csv_to_postgres_dag.py
[2025-11-02T15:03:19.838+0000] {processor.py:840} INFO - DAG(s) 'load_csv_to_postgres' retrieved from /opt/airflow/dags/dag_csv_to_postgres_dag.py
[2025-11-02T15:03:19.892+0000] {logging_mixin.py:188} INFO - [2025-11-02T15:03:19.892+0000] {dag.py:3036} INFO - Sync 1 DAGs
[2025-11-02T15:03:19.917+0000] {logging_mixin.py:188} INFO - [2025-11-02T15:03:19.917+0000] {dag.py:3823} INFO - Setting next_dagrun for load_csv_to_postgres to None, run_after=None
[2025-11-02T15:03:19.956+0000] {processor.py:183} INFO - Processing /opt/airflow/dags/dag_csv_to_postgres_dag.py took 0.159 seconds
[2025-11-02T15:03:50.701+0000] {processor.py:161} INFO - Started process (PID=6196) to work on /opt/airflow/dags/dag_csv_to_postgres_dag.py
[2025-11-02T15:03:50.703+0000] {processor.py:830} INFO - Processing file /opt/airflow/dags/dag_csv_to_postgres_dag.py for tasks to queue
[2025-11-02T15:03:50.706+0000] {logging_mixin.py:188} INFO - [2025-11-02T15:03:50.705+0000] {dagbag.py:538} INFO - Filling up the DagBag from /opt/airflow/dags/dag_csv_to_postgres_dag.py
[2025-11-02T15:03:50.743+0000] {processor.py:840} INFO - DAG(s) 'load_csv_to_postgres' retrieved from /opt/airflow/dags/dag_csv_to_postgres_dag.py
[2025-11-02T15:03:50.787+0000] {logging_mixin.py:188} INFO - [2025-11-02T15:03:50.787+0000] {dag.py:3036} INFO - Sync 1 DAGs
[2025-11-02T15:03:50.814+0000] {logging_mixin.py:188} INFO - [2025-11-02T15:03:50.813+0000] {dag.py:3823} INFO - Setting next_dagrun for load_csv_to_postgres to None, run_after=None
[2025-11-02T15:03:50.849+0000] {processor.py:183} INFO - Processing /opt/airflow/dags/dag_csv_to_postgres_dag.py took 0.160 seconds
[2025-11-02T15:04:21.843+0000] {processor.py:161} INFO - Started process (PID=6209) to work on /opt/airflow/dags/dag_csv_to_postgres_dag.py
[2025-11-02T15:04:21.845+0000] {processor.py:830} INFO - Processing file /opt/airflow/dags/dag_csv_to_postgres_dag.py for tasks to queue
[2025-11-02T15:04:21.847+0000] {logging_mixin.py:188} INFO - [2025-11-02T15:04:21.846+0000] {dagbag.py:538} INFO - Filling up the DagBag from /opt/airflow/dags/dag_csv_to_postgres_dag.py
[2025-11-02T15:04:21.872+0000] {processor.py:840} INFO - DAG(s) 'load_csv_to_postgres' retrieved from /opt/airflow/dags/dag_csv_to_postgres_dag.py
[2025-11-02T15:04:21.915+0000] {logging_mixin.py:188} INFO - [2025-11-02T15:04:21.915+0000] {dag.py:3036} INFO - Sync 1 DAGs
[2025-11-02T15:04:21.934+0000] {logging_mixin.py:188} INFO - [2025-11-02T15:04:21.933+0000] {dag.py:3823} INFO - Setting next_dagrun for load_csv_to_postgres to None, run_after=None
[2025-11-02T15:04:21.976+0000] {processor.py:183} INFO - Processing /opt/airflow/dags/dag_csv_to_postgres_dag.py took 0.139 seconds
[2025-11-02T15:04:52.669+0000] {processor.py:161} INFO - Started process (PID=6221) to work on /opt/airflow/dags/dag_csv_to_postgres_dag.py
[2025-11-02T15:04:52.672+0000] {processor.py:830} INFO - Processing file /opt/airflow/dags/dag_csv_to_postgres_dag.py for tasks to queue
[2025-11-02T15:04:52.673+0000] {logging_mixin.py:188} INFO - [2025-11-02T15:04:52.673+0000] {dagbag.py:538} INFO - Filling up the DagBag from /opt/airflow/dags/dag_csv_to_postgres_dag.py
[2025-11-02T15:04:52.706+0000] {processor.py:840} INFO - DAG(s) 'load_csv_to_postgres' retrieved from /opt/airflow/dags/dag_csv_to_postgres_dag.py
[2025-11-02T15:04:52.762+0000] {logging_mixin.py:188} INFO - [2025-11-02T15:04:52.762+0000] {dag.py:3036} INFO - Sync 1 DAGs
[2025-11-02T15:04:52.785+0000] {logging_mixin.py:188} INFO - [2025-11-02T15:04:52.785+0000] {dag.py:3823} INFO - Setting next_dagrun for load_csv_to_postgres to None, run_after=None
[2025-11-02T15:04:52.958+0000] {processor.py:183} INFO - Processing /opt/airflow/dags/dag_csv_to_postgres_dag.py took 0.300 seconds
[2025-11-02T15:05:23.750+0000] {processor.py:161} INFO - Started process (PID=6232) to work on /opt/airflow/dags/dag_csv_to_postgres_dag.py
[2025-11-02T15:05:23.753+0000] {processor.py:830} INFO - Processing file /opt/airflow/dags/dag_csv_to_postgres_dag.py for tasks to queue
[2025-11-02T15:05:23.756+0000] {logging_mixin.py:188} INFO - [2025-11-02T15:05:23.755+0000] {dagbag.py:538} INFO - Filling up the DagBag from /opt/airflow/dags/dag_csv_to_postgres_dag.py
[2025-11-02T15:05:23.801+0000] {processor.py:840} INFO - DAG(s) 'load_csv_to_postgres' retrieved from /opt/airflow/dags/dag_csv_to_postgres_dag.py
[2025-11-02T15:05:23.896+0000] {logging_mixin.py:188} INFO - [2025-11-02T15:05:23.895+0000] {dag.py:3036} INFO - Sync 1 DAGs
[2025-11-02T15:05:23.922+0000] {logging_mixin.py:188} INFO - [2025-11-02T15:05:23.922+0000] {dag.py:3823} INFO - Setting next_dagrun for load_csv_to_postgres to None, run_after=None
[2025-11-02T15:05:23.986+0000] {processor.py:183} INFO - Processing /opt/airflow/dags/dag_csv_to_postgres_dag.py took 0.247 seconds
[2025-11-02T15:05:54.795+0000] {processor.py:161} INFO - Started process (PID=6244) to work on /opt/airflow/dags/dag_csv_to_postgres_dag.py
[2025-11-02T15:05:54.797+0000] {processor.py:830} INFO - Processing file /opt/airflow/dags/dag_csv_to_postgres_dag.py for tasks to queue
[2025-11-02T15:05:54.799+0000] {logging_mixin.py:188} INFO - [2025-11-02T15:05:54.799+0000] {dagbag.py:538} INFO - Filling up the DagBag from /opt/airflow/dags/dag_csv_to_postgres_dag.py
[2025-11-02T15:05:54.829+0000] {processor.py:840} INFO - DAG(s) 'load_csv_to_postgres' retrieved from /opt/airflow/dags/dag_csv_to_postgres_dag.py
[2025-11-02T15:05:54.882+0000] {logging_mixin.py:188} INFO - [2025-11-02T15:05:54.882+0000] {dag.py:3036} INFO - Sync 1 DAGs
[2025-11-02T15:05:54.903+0000] {logging_mixin.py:188} INFO - [2025-11-02T15:05:54.903+0000] {dag.py:3823} INFO - Setting next_dagrun for load_csv_to_postgres to None, run_after=None
[2025-11-02T15:05:54.994+0000] {processor.py:183} INFO - Processing /opt/airflow/dags/dag_csv_to_postgres_dag.py took 0.206 seconds
[2025-11-02T15:10:28.977+0000] {processor.py:161} INFO - Started process (PID=6256) to work on /opt/airflow/dags/dag_csv_to_postgres_dag.py
[2025-11-02T15:10:28.980+0000] {processor.py:830} INFO - Processing file /opt/airflow/dags/dag_csv_to_postgres_dag.py for tasks to queue
[2025-11-02T15:10:28.982+0000] {logging_mixin.py:188} INFO - [2025-11-02T15:10:28.981+0000] {dagbag.py:538} INFO - Filling up the DagBag from /opt/airflow/dags/dag_csv_to_postgres_dag.py
[2025-11-02T15:10:29.025+0000] {processor.py:840} INFO - DAG(s) 'load_csv_to_postgres' retrieved from /opt/airflow/dags/dag_csv_to_postgres_dag.py
[2025-11-02T15:10:29.140+0000] {logging_mixin.py:188} INFO - [2025-11-02T15:10:29.140+0000] {dag.py:3036} INFO - Sync 1 DAGs
[2025-11-02T15:10:29.174+0000] {logging_mixin.py:188} INFO - [2025-11-02T15:10:29.173+0000] {dag.py:3823} INFO - Setting next_dagrun for load_csv_to_postgres to None, run_after=None
[2025-11-02T15:10:29.303+0000] {processor.py:183} INFO - Processing /opt/airflow/dags/dag_csv_to_postgres_dag.py took 0.332 seconds
[2025-11-02T15:10:59.616+0000] {processor.py:161} INFO - Started process (PID=6268) to work on /opt/airflow/dags/dag_csv_to_postgres_dag.py
[2025-11-02T15:10:59.620+0000] {processor.py:830} INFO - Processing file /opt/airflow/dags/dag_csv_to_postgres_dag.py for tasks to queue
[2025-11-02T15:10:59.625+0000] {logging_mixin.py:188} INFO - [2025-11-02T15:10:59.623+0000] {dagbag.py:538} INFO - Filling up the DagBag from /opt/airflow/dags/dag_csv_to_postgres_dag.py
[2025-11-02T15:10:59.679+0000] {processor.py:840} INFO - DAG(s) 'load_csv_to_postgres' retrieved from /opt/airflow/dags/dag_csv_to_postgres_dag.py
[2025-11-02T15:10:59.776+0000] {logging_mixin.py:188} INFO - [2025-11-02T15:10:59.776+0000] {dag.py:3036} INFO - Sync 1 DAGs
[2025-11-02T15:10:59.828+0000] {logging_mixin.py:188} INFO - [2025-11-02T15:10:59.827+0000] {dag.py:3823} INFO - Setting next_dagrun for load_csv_to_postgres to None, run_after=None
[2025-11-02T15:10:59.908+0000] {processor.py:183} INFO - Processing /opt/airflow/dags/dag_csv_to_postgres_dag.py took 0.303 seconds
