[2025-11-02T10:18:35.386+0000] {processor.py:161} INFO - Started process (PID=42) to work on /opt/airflow/dags/dbt_local_dag.py
[2025-11-02T10:18:35.398+0000] {processor.py:830} INFO - Processing file /opt/airflow/dags/dbt_local_dag.py for tasks to queue
[2025-11-02T10:18:35.409+0000] {logging_mixin.py:188} INFO - [2025-11-02T10:18:35.409+0000] {dagbag.py:538} INFO - Filling up the DagBag from /opt/airflow/dags/dbt_local_dag.py
[2025-11-02T10:18:35.652+0000] {processor.py:840} INFO - DAG(s) 'dag_dbt_pipeline' retrieved from /opt/airflow/dags/dbt_local_dag.py
[2025-11-02T10:18:36.213+0000] {logging_mixin.py:188} INFO - [2025-11-02T10:18:36.212+0000] {dag.py:3036} INFO - Sync 1 DAGs
[2025-11-02T10:18:36.439+0000] {logging_mixin.py:188} INFO - [2025-11-02T10:18:36.438+0000] {dag.py:3823} INFO - Setting next_dagrun for dag_dbt_pipeline to 2025-11-02 00:00:00+00:00, run_after=2025-11-03 00:00:00+00:00
[2025-11-02T10:18:36.651+0000] {processor.py:183} INFO - Processing /opt/airflow/dags/dbt_local_dag.py took 1.327 seconds
[2025-11-02T10:19:07.236+0000] {processor.py:161} INFO - Started process (PID=54) to work on /opt/airflow/dags/dbt_local_dag.py
[2025-11-02T10:19:07.294+0000] {processor.py:830} INFO - Processing file /opt/airflow/dags/dbt_local_dag.py for tasks to queue
[2025-11-02T10:19:07.359+0000] {logging_mixin.py:188} INFO - [2025-11-02T10:19:07.358+0000] {dagbag.py:538} INFO - Filling up the DagBag from /opt/airflow/dags/dbt_local_dag.py
[2025-11-02T10:19:07.865+0000] {processor.py:840} INFO - DAG(s) 'dag_dbt_pipeline' retrieved from /opt/airflow/dags/dbt_local_dag.py
[2025-11-02T10:19:09.464+0000] {logging_mixin.py:188} INFO - [2025-11-02T10:19:09.464+0000] {dag.py:3036} INFO - Sync 1 DAGs
[2025-11-02T10:19:09.814+0000] {logging_mixin.py:188} INFO - [2025-11-02T10:19:09.813+0000] {dag.py:3823} INFO - Setting next_dagrun for dag_dbt_pipeline to 2025-11-02 00:00:00+00:00, run_after=2025-11-03 00:00:00+00:00
[2025-11-02T10:19:10.137+0000] {processor.py:183} INFO - Processing /opt/airflow/dags/dbt_local_dag.py took 2.940 seconds
[2025-11-02T10:19:42.405+0000] {processor.py:161} INFO - Started process (PID=66) to work on /opt/airflow/dags/dbt_local_dag.py
[2025-11-02T10:19:43.523+0000] {processor.py:830} INFO - Processing file /opt/airflow/dags/dbt_local_dag.py for tasks to queue
[2025-11-02T10:19:43.697+0000] {logging_mixin.py:188} INFO - [2025-11-02T10:19:43.652+0000] {dagbag.py:538} INFO - Filling up the DagBag from /opt/airflow/dags/dbt_local_dag.py
[2025-11-02T10:19:43.867+0000] {processor.py:840} INFO - DAG(s) 'dag_dbt_pipeline' retrieved from /opt/airflow/dags/dbt_local_dag.py
[2025-11-02T10:19:48.394+0000] {logging_mixin.py:188} INFO - [2025-11-02T10:19:48.393+0000] {dag.py:3036} INFO - Sync 1 DAGs
[2025-11-02T10:19:58.327+0000] {logging_mixin.py:188} INFO - [2025-11-02T10:19:58.326+0000] {dag.py:3823} INFO - Setting next_dagrun for dag_dbt_pipeline to 2025-11-02 00:00:00+00:00, run_after=2025-11-03 00:00:00+00:00
[2025-11-02T10:19:59.927+0000] {processor.py:183} INFO - Processing /opt/airflow/dags/dbt_local_dag.py took 14.960 seconds
[2025-11-02T10:20:37.959+0000] {processor.py:161} INFO - Started process (PID=76) to work on /opt/airflow/dags/dbt_local_dag.py
[2025-11-02T10:20:38.691+0000] {processor.py:830} INFO - Processing file /opt/airflow/dags/dbt_local_dag.py for tasks to queue
[2025-11-02T10:20:41.226+0000] {logging_mixin.py:188} INFO - [2025-11-02T10:20:40.839+0000] {dagbag.py:538} INFO - Filling up the DagBag from /opt/airflow/dags/dbt_local_dag.py
[2025-11-02T10:20:45.030+0000] {processor.py:840} INFO - DAG(s) 'dag_dbt_pipeline' retrieved from /opt/airflow/dags/dbt_local_dag.py
[2025-11-02T10:20:46.356+0000] {logging_mixin.py:188} INFO - [2025-11-02T10:20:46.354+0000] {dag.py:3036} INFO - Sync 1 DAGs
[2025-11-02T10:20:48.288+0000] {logging_mixin.py:188} INFO - [2025-11-02T10:20:48.287+0000] {dag.py:3823} INFO - Setting next_dagrun for dag_dbt_pipeline to 2025-11-02 00:00:00+00:00, run_after=2025-11-03 00:00:00+00:00
[2025-11-02T10:20:48.462+0000] {processor.py:183} INFO - Processing /opt/airflow/dags/dbt_local_dag.py took 12.296 seconds
[2025-11-02T10:21:25.584+0000] {processor.py:161} INFO - Started process (PID=88) to work on /opt/airflow/dags/dbt_local_dag.py
[2025-11-02T10:21:25.600+0000] {processor.py:830} INFO - Processing file /opt/airflow/dags/dbt_local_dag.py for tasks to queue
[2025-11-02T10:21:25.640+0000] {logging_mixin.py:188} INFO - [2025-11-02T10:21:25.639+0000] {dagbag.py:538} INFO - Filling up the DagBag from /opt/airflow/dags/dbt_local_dag.py
[2025-11-02T10:21:32.239+0000] {processor.py:840} INFO - DAG(s) 'dag_dbt_pipeline' retrieved from /opt/airflow/dags/dbt_local_dag.py
[2025-11-02T10:21:38.298+0000] {logging_mixin.py:188} INFO - [2025-11-02T10:21:38.298+0000] {dag.py:3036} INFO - Sync 1 DAGs
[2025-11-02T10:21:39.235+0000] {logging_mixin.py:188} INFO - [2025-11-02T10:21:39.220+0000] {dag.py:3823} INFO - Setting next_dagrun for dag_dbt_pipeline to 2025-11-02 00:00:00+00:00, run_after=2025-11-03 00:00:00+00:00
[2025-11-02T10:21:41.404+0000] {processor.py:183} INFO - Processing /opt/airflow/dags/dbt_local_dag.py took 13.365 seconds
[2025-11-02T10:22:12.958+0000] {processor.py:161} INFO - Started process (PID=103) to work on /opt/airflow/dags/dbt_local_dag.py
[2025-11-02T10:22:13.036+0000] {processor.py:830} INFO - Processing file /opt/airflow/dags/dbt_local_dag.py for tasks to queue
[2025-11-02T10:22:13.073+0000] {logging_mixin.py:188} INFO - [2025-11-02T10:22:13.069+0000] {dagbag.py:538} INFO - Filling up the DagBag from /opt/airflow/dags/dbt_local_dag.py
[2025-11-02T10:22:13.358+0000] {processor.py:840} INFO - DAG(s) 'dag_dbt_pipeline' retrieved from /opt/airflow/dags/dbt_local_dag.py
[2025-11-02T10:22:14.389+0000] {logging_mixin.py:188} INFO - [2025-11-02T10:22:14.388+0000] {dag.py:3036} INFO - Sync 1 DAGs
[2025-11-02T10:22:23.307+0000] {logging_mixin.py:188} INFO - [2025-11-02T10:22:23.307+0000] {dag.py:3823} INFO - Setting next_dagrun for dag_dbt_pipeline to 2025-11-02 00:00:00+00:00, run_after=2025-11-03 00:00:00+00:00
[2025-11-02T10:22:23.798+0000] {processor.py:183} INFO - Processing /opt/airflow/dags/dbt_local_dag.py took 11.136 seconds
[2025-11-02T10:22:54.427+0000] {processor.py:161} INFO - Started process (PID=114) to work on /opt/airflow/dags/dbt_local_dag.py
[2025-11-02T10:22:54.432+0000] {processor.py:830} INFO - Processing file /opt/airflow/dags/dbt_local_dag.py for tasks to queue
[2025-11-02T10:22:54.436+0000] {logging_mixin.py:188} INFO - [2025-11-02T10:22:54.435+0000] {dagbag.py:538} INFO - Filling up the DagBag from /opt/airflow/dags/dbt_local_dag.py
[2025-11-02T10:22:54.551+0000] {processor.py:840} INFO - DAG(s) 'dag_dbt_pipeline' retrieved from /opt/airflow/dags/dbt_local_dag.py
[2025-11-02T10:22:55.973+0000] {logging_mixin.py:188} INFO - [2025-11-02T10:22:55.973+0000] {dag.py:3036} INFO - Sync 1 DAGs
[2025-11-02T10:22:56.705+0000] {logging_mixin.py:188} INFO - [2025-11-02T10:22:56.704+0000] {dag.py:3823} INFO - Setting next_dagrun for dag_dbt_pipeline to 2025-11-02 00:00:00+00:00, run_after=2025-11-03 00:00:00+00:00
[2025-11-02T10:23:04.097+0000] {processor.py:183} INFO - Processing /opt/airflow/dags/dbt_local_dag.py took 9.742 seconds
[2025-11-02T10:23:35.729+0000] {processor.py:161} INFO - Started process (PID=125) to work on /opt/airflow/dags/dbt_local_dag.py
[2025-11-02T10:23:35.791+0000] {processor.py:830} INFO - Processing file /opt/airflow/dags/dbt_local_dag.py for tasks to queue
[2025-11-02T10:23:35.856+0000] {logging_mixin.py:188} INFO - [2025-11-02T10:23:35.833+0000] {dagbag.py:538} INFO - Filling up the DagBag from /opt/airflow/dags/dbt_local_dag.py
[2025-11-02T10:23:36.466+0000] {processor.py:840} INFO - DAG(s) 'dag_dbt_pipeline' retrieved from /opt/airflow/dags/dbt_local_dag.py
[2025-11-02T10:23:37.718+0000] {logging_mixin.py:188} INFO - [2025-11-02T10:23:37.718+0000] {dag.py:3036} INFO - Sync 1 DAGs
[2025-11-02T10:23:38.302+0000] {logging_mixin.py:188} INFO - [2025-11-02T10:23:38.301+0000] {dag.py:3823} INFO - Setting next_dagrun for dag_dbt_pipeline to 2025-11-02 00:00:00+00:00, run_after=2025-11-03 00:00:00+00:00
[2025-11-02T10:23:38.397+0000] {processor.py:183} INFO - Processing /opt/airflow/dags/dbt_local_dag.py took 2.966 seconds
[2025-11-02T10:24:08.515+0000] {processor.py:161} INFO - Started process (PID=135) to work on /opt/airflow/dags/dbt_local_dag.py
[2025-11-02T10:24:08.517+0000] {processor.py:830} INFO - Processing file /opt/airflow/dags/dbt_local_dag.py for tasks to queue
[2025-11-02T10:24:08.520+0000] {logging_mixin.py:188} INFO - [2025-11-02T10:24:08.519+0000] {dagbag.py:538} INFO - Filling up the DagBag from /opt/airflow/dags/dbt_local_dag.py
[2025-11-02T10:24:08.569+0000] {processor.py:840} INFO - DAG(s) 'dag_dbt_pipeline' retrieved from /opt/airflow/dags/dbt_local_dag.py
[2025-11-02T10:24:08.651+0000] {logging_mixin.py:188} INFO - [2025-11-02T10:24:08.650+0000] {dag.py:3036} INFO - Sync 1 DAGs
[2025-11-02T10:24:08.853+0000] {logging_mixin.py:188} INFO - [2025-11-02T10:24:08.852+0000] {dag.py:3823} INFO - Setting next_dagrun for dag_dbt_pipeline to 2025-11-02 00:00:00+00:00, run_after=2025-11-03 00:00:00+00:00
[2025-11-02T10:24:08.938+0000] {processor.py:183} INFO - Processing /opt/airflow/dags/dbt_local_dag.py took 0.434 seconds
[2025-11-02T10:24:41.374+0000] {processor.py:161} INFO - Started process (PID=147) to work on /opt/airflow/dags/dbt_local_dag.py
[2025-11-02T10:24:41.452+0000] {processor.py:830} INFO - Processing file /opt/airflow/dags/dbt_local_dag.py for tasks to queue
[2025-11-02T10:24:41.482+0000] {logging_mixin.py:188} INFO - [2025-11-02T10:24:41.463+0000] {dagbag.py:538} INFO - Filling up the DagBag from /opt/airflow/dags/dbt_local_dag.py
[2025-11-02T10:24:42.032+0000] {processor.py:840} INFO - DAG(s) 'dag_dbt_pipeline' retrieved from /opt/airflow/dags/dbt_local_dag.py
[2025-11-02T10:24:42.719+0000] {logging_mixin.py:188} INFO - [2025-11-02T10:24:42.718+0000] {dag.py:3036} INFO - Sync 1 DAGs
[2025-11-02T10:24:42.936+0000] {logging_mixin.py:188} INFO - [2025-11-02T10:24:42.930+0000] {dag.py:3823} INFO - Setting next_dagrun for dag_dbt_pipeline to 2025-11-02 00:00:00+00:00, run_after=2025-11-03 00:00:00+00:00
[2025-11-02T10:24:43.171+0000] {processor.py:183} INFO - Processing /opt/airflow/dags/dbt_local_dag.py took 2.892 seconds
[2025-11-02T10:25:13.418+0000] {processor.py:161} INFO - Started process (PID=159) to work on /opt/airflow/dags/dbt_local_dag.py
[2025-11-02T10:25:13.422+0000] {processor.py:830} INFO - Processing file /opt/airflow/dags/dbt_local_dag.py for tasks to queue
[2025-11-02T10:25:13.425+0000] {logging_mixin.py:188} INFO - [2025-11-02T10:25:13.424+0000] {dagbag.py:538} INFO - Filling up the DagBag from /opt/airflow/dags/dbt_local_dag.py
[2025-11-02T10:25:13.557+0000] {processor.py:840} INFO - DAG(s) 'dag_dbt_pipeline' retrieved from /opt/airflow/dags/dbt_local_dag.py
[2025-11-02T10:25:13.670+0000] {logging_mixin.py:188} INFO - [2025-11-02T10:25:13.670+0000] {dag.py:3036} INFO - Sync 1 DAGs
[2025-11-02T10:25:13.729+0000] {logging_mixin.py:188} INFO - [2025-11-02T10:25:13.724+0000] {dag.py:3823} INFO - Setting next_dagrun for dag_dbt_pipeline to 2025-11-02 00:00:00+00:00, run_after=2025-11-03 00:00:00+00:00
[2025-11-02T10:25:13.788+0000] {processor.py:183} INFO - Processing /opt/airflow/dags/dbt_local_dag.py took 0.417 seconds
[2025-11-02T10:25:44.032+0000] {processor.py:161} INFO - Started process (PID=171) to work on /opt/airflow/dags/dbt_local_dag.py
[2025-11-02T10:25:44.036+0000] {processor.py:830} INFO - Processing file /opt/airflow/dags/dbt_local_dag.py for tasks to queue
[2025-11-02T10:25:44.039+0000] {logging_mixin.py:188} INFO - [2025-11-02T10:25:44.039+0000] {dagbag.py:538} INFO - Filling up the DagBag from /opt/airflow/dags/dbt_local_dag.py
[2025-11-02T10:25:44.095+0000] {processor.py:840} INFO - DAG(s) 'dag_dbt_pipeline' retrieved from /opt/airflow/dags/dbt_local_dag.py
[2025-11-02T10:25:44.134+0000] {logging_mixin.py:188} INFO - [2025-11-02T10:25:44.133+0000] {dag.py:3036} INFO - Sync 1 DAGs
[2025-11-02T10:25:44.340+0000] {logging_mixin.py:188} INFO - [2025-11-02T10:25:44.339+0000] {dag.py:3823} INFO - Setting next_dagrun for dag_dbt_pipeline to 2025-11-02 00:00:00+00:00, run_after=2025-11-03 00:00:00+00:00
[2025-11-02T10:25:44.442+0000] {processor.py:183} INFO - Processing /opt/airflow/dags/dbt_local_dag.py took 0.431 seconds
[2025-11-02T10:26:15.226+0000] {processor.py:161} INFO - Started process (PID=183) to work on /opt/airflow/dags/dbt_local_dag.py
[2025-11-02T10:26:15.228+0000] {processor.py:830} INFO - Processing file /opt/airflow/dags/dbt_local_dag.py for tasks to queue
[2025-11-02T10:26:15.230+0000] {logging_mixin.py:188} INFO - [2025-11-02T10:26:15.229+0000] {dagbag.py:538} INFO - Filling up the DagBag from /opt/airflow/dags/dbt_local_dag.py
[2025-11-02T10:26:15.319+0000] {processor.py:840} INFO - DAG(s) 'dag_dbt_pipeline' retrieved from /opt/airflow/dags/dbt_local_dag.py
[2025-11-02T10:26:15.392+0000] {logging_mixin.py:188} INFO - [2025-11-02T10:26:15.392+0000] {dag.py:3036} INFO - Sync 1 DAGs
[2025-11-02T10:26:15.482+0000] {logging_mixin.py:188} INFO - [2025-11-02T10:26:15.481+0000] {dag.py:3823} INFO - Setting next_dagrun for dag_dbt_pipeline to 2025-11-02 00:00:00+00:00, run_after=2025-11-03 00:00:00+00:00
[2025-11-02T10:26:15.654+0000] {processor.py:183} INFO - Processing /opt/airflow/dags/dbt_local_dag.py took 0.436 seconds
[2025-11-02T10:26:46.069+0000] {processor.py:161} INFO - Started process (PID=195) to work on /opt/airflow/dags/dbt_local_dag.py
[2025-11-02T10:26:46.071+0000] {processor.py:830} INFO - Processing file /opt/airflow/dags/dbt_local_dag.py for tasks to queue
[2025-11-02T10:26:46.073+0000] {logging_mixin.py:188} INFO - [2025-11-02T10:26:46.072+0000] {dagbag.py:538} INFO - Filling up the DagBag from /opt/airflow/dags/dbt_local_dag.py
[2025-11-02T10:26:46.106+0000] {processor.py:840} INFO - DAG(s) 'dag_dbt_pipeline' retrieved from /opt/airflow/dags/dbt_local_dag.py
[2025-11-02T10:26:46.156+0000] {logging_mixin.py:188} INFO - [2025-11-02T10:26:46.155+0000] {dag.py:3036} INFO - Sync 1 DAGs
[2025-11-02T10:26:46.260+0000] {logging_mixin.py:188} INFO - [2025-11-02T10:26:46.260+0000] {dag.py:3823} INFO - Setting next_dagrun for dag_dbt_pipeline to 2025-11-02 00:00:00+00:00, run_after=2025-11-03 00:00:00+00:00
[2025-11-02T10:26:46.334+0000] {processor.py:183} INFO - Processing /opt/airflow/dags/dbt_local_dag.py took 0.273 seconds
[2025-11-02T10:27:16.483+0000] {processor.py:161} INFO - Started process (PID=207) to work on /opt/airflow/dags/dbt_local_dag.py
[2025-11-02T10:27:16.485+0000] {processor.py:830} INFO - Processing file /opt/airflow/dags/dbt_local_dag.py for tasks to queue
[2025-11-02T10:27:16.487+0000] {logging_mixin.py:188} INFO - [2025-11-02T10:27:16.487+0000] {dagbag.py:538} INFO - Filling up the DagBag from /opt/airflow/dags/dbt_local_dag.py
[2025-11-02T10:27:16.526+0000] {processor.py:840} INFO - DAG(s) 'dag_dbt_pipeline' retrieved from /opt/airflow/dags/dbt_local_dag.py
[2025-11-02T10:27:16.593+0000] {logging_mixin.py:188} INFO - [2025-11-02T10:27:16.593+0000] {dag.py:3036} INFO - Sync 1 DAGs
[2025-11-02T10:27:16.696+0000] {logging_mixin.py:188} INFO - [2025-11-02T10:27:16.695+0000] {dag.py:3823} INFO - Setting next_dagrun for dag_dbt_pipeline to 2025-11-02 00:00:00+00:00, run_after=2025-11-03 00:00:00+00:00
[2025-11-02T10:27:16.999+0000] {processor.py:183} INFO - Processing /opt/airflow/dags/dbt_local_dag.py took 0.523 seconds
[2025-11-02T10:27:47.212+0000] {processor.py:161} INFO - Started process (PID=219) to work on /opt/airflow/dags/dbt_local_dag.py
[2025-11-02T10:27:47.217+0000] {processor.py:830} INFO - Processing file /opt/airflow/dags/dbt_local_dag.py for tasks to queue
[2025-11-02T10:27:47.218+0000] {logging_mixin.py:188} INFO - [2025-11-02T10:27:47.218+0000] {dagbag.py:538} INFO - Filling up the DagBag from /opt/airflow/dags/dbt_local_dag.py
[2025-11-02T10:27:47.266+0000] {processor.py:840} INFO - DAG(s) 'dag_dbt_pipeline' retrieved from /opt/airflow/dags/dbt_local_dag.py
[2025-11-02T10:27:47.343+0000] {logging_mixin.py:188} INFO - [2025-11-02T10:27:47.342+0000] {dag.py:3036} INFO - Sync 1 DAGs
[2025-11-02T10:27:47.402+0000] {logging_mixin.py:188} INFO - [2025-11-02T10:27:47.401+0000] {dag.py:3823} INFO - Setting next_dagrun for dag_dbt_pipeline to 2025-11-02 00:00:00+00:00, run_after=2025-11-03 00:00:00+00:00
[2025-11-02T10:27:47.468+0000] {processor.py:183} INFO - Processing /opt/airflow/dags/dbt_local_dag.py took 0.265 seconds
[2025-11-02T10:28:18.333+0000] {processor.py:161} INFO - Started process (PID=231) to work on /opt/airflow/dags/dbt_local_dag.py
[2025-11-02T10:28:18.335+0000] {processor.py:830} INFO - Processing file /opt/airflow/dags/dbt_local_dag.py for tasks to queue
[2025-11-02T10:28:18.338+0000] {logging_mixin.py:188} INFO - [2025-11-02T10:28:18.337+0000] {dagbag.py:538} INFO - Filling up the DagBag from /opt/airflow/dags/dbt_local_dag.py
[2025-11-02T10:28:18.380+0000] {processor.py:840} INFO - DAG(s) 'dag_dbt_pipeline' retrieved from /opt/airflow/dags/dbt_local_dag.py
[2025-11-02T10:28:18.429+0000] {logging_mixin.py:188} INFO - [2025-11-02T10:28:18.429+0000] {dag.py:3036} INFO - Sync 1 DAGs
[2025-11-02T10:28:18.467+0000] {logging_mixin.py:188} INFO - [2025-11-02T10:28:18.466+0000] {dag.py:3823} INFO - Setting next_dagrun for dag_dbt_pipeline to 2025-11-02 00:00:00+00:00, run_after=2025-11-03 00:00:00+00:00
[2025-11-02T10:28:18.517+0000] {processor.py:183} INFO - Processing /opt/airflow/dags/dbt_local_dag.py took 0.192 seconds
[2025-11-02T10:28:49.061+0000] {processor.py:161} INFO - Started process (PID=243) to work on /opt/airflow/dags/dbt_local_dag.py
[2025-11-02T10:28:49.063+0000] {processor.py:830} INFO - Processing file /opt/airflow/dags/dbt_local_dag.py for tasks to queue
[2025-11-02T10:28:49.066+0000] {logging_mixin.py:188} INFO - [2025-11-02T10:28:49.065+0000] {dagbag.py:538} INFO - Filling up the DagBag from /opt/airflow/dags/dbt_local_dag.py
[2025-11-02T10:28:49.123+0000] {processor.py:840} INFO - DAG(s) 'dag_dbt_pipeline' retrieved from /opt/airflow/dags/dbt_local_dag.py
[2025-11-02T10:28:49.185+0000] {logging_mixin.py:188} INFO - [2025-11-02T10:28:49.185+0000] {dag.py:3036} INFO - Sync 1 DAGs
[2025-11-02T10:28:49.215+0000] {logging_mixin.py:188} INFO - [2025-11-02T10:28:49.215+0000] {dag.py:3823} INFO - Setting next_dagrun for dag_dbt_pipeline to 2025-11-02 00:00:00+00:00, run_after=2025-11-03 00:00:00+00:00
[2025-11-02T10:28:49.249+0000] {processor.py:183} INFO - Processing /opt/airflow/dags/dbt_local_dag.py took 0.196 seconds
[2025-11-02T10:29:19.730+0000] {processor.py:161} INFO - Started process (PID=255) to work on /opt/airflow/dags/dbt_local_dag.py
[2025-11-02T10:29:19.733+0000] {processor.py:830} INFO - Processing file /opt/airflow/dags/dbt_local_dag.py for tasks to queue
[2025-11-02T10:29:19.737+0000] {logging_mixin.py:188} INFO - [2025-11-02T10:29:19.736+0000] {dagbag.py:538} INFO - Filling up the DagBag from /opt/airflow/dags/dbt_local_dag.py
[2025-11-02T10:29:19.784+0000] {processor.py:840} INFO - DAG(s) 'dag_dbt_pipeline' retrieved from /opt/airflow/dags/dbt_local_dag.py
[2025-11-02T10:29:19.827+0000] {logging_mixin.py:188} INFO - [2025-11-02T10:29:19.826+0000] {dag.py:3036} INFO - Sync 1 DAGs
[2025-11-02T10:29:19.872+0000] {logging_mixin.py:188} INFO - [2025-11-02T10:29:19.872+0000] {dag.py:3823} INFO - Setting next_dagrun for dag_dbt_pipeline to 2025-11-02 00:00:00+00:00, run_after=2025-11-03 00:00:00+00:00
[2025-11-02T10:29:19.988+0000] {processor.py:183} INFO - Processing /opt/airflow/dags/dbt_local_dag.py took 0.269 seconds
[2025-11-02T10:29:51.693+0000] {processor.py:161} INFO - Started process (PID=258) to work on /opt/airflow/dags/dbt_local_dag.py
[2025-11-02T10:29:51.695+0000] {processor.py:830} INFO - Processing file /opt/airflow/dags/dbt_local_dag.py for tasks to queue
[2025-11-02T10:29:51.699+0000] {logging_mixin.py:188} INFO - [2025-11-02T10:29:51.698+0000] {dagbag.py:538} INFO - Filling up the DagBag from /opt/airflow/dags/dbt_local_dag.py
[2025-11-02T10:29:51.777+0000] {processor.py:840} INFO - DAG(s) 'dag_dbt_pipeline' retrieved from /opt/airflow/dags/dbt_local_dag.py
[2025-11-02T10:29:51.853+0000] {logging_mixin.py:188} INFO - [2025-11-02T10:29:51.851+0000] {dag.py:3036} INFO - Sync 1 DAGs
[2025-11-02T10:29:51.945+0000] {logging_mixin.py:188} INFO - [2025-11-02T10:29:51.944+0000] {dag.py:3823} INFO - Setting next_dagrun for dag_dbt_pipeline to 2025-11-02 00:00:00+00:00, run_after=2025-11-03 00:00:00+00:00
[2025-11-02T10:29:52.019+0000] {processor.py:183} INFO - Processing /opt/airflow/dags/dbt_local_dag.py took 0.343 seconds
[2025-11-02T10:30:24.954+0000] {processor.py:161} INFO - Started process (PID=270) to work on /opt/airflow/dags/dbt_local_dag.py
[2025-11-02T10:30:24.958+0000] {processor.py:830} INFO - Processing file /opt/airflow/dags/dbt_local_dag.py for tasks to queue
[2025-11-02T10:30:24.966+0000] {logging_mixin.py:188} INFO - [2025-11-02T10:30:24.965+0000] {dagbag.py:538} INFO - Filling up the DagBag from /opt/airflow/dags/dbt_local_dag.py
[2025-11-02T10:30:25.021+0000] {processor.py:840} INFO - DAG(s) 'dag_dbt_pipeline' retrieved from /opt/airflow/dags/dbt_local_dag.py
[2025-11-02T10:30:25.066+0000] {logging_mixin.py:188} INFO - [2025-11-02T10:30:25.066+0000] {dag.py:3036} INFO - Sync 1 DAGs
[2025-11-02T10:30:25.109+0000] {logging_mixin.py:188} INFO - [2025-11-02T10:30:25.108+0000] {dag.py:3823} INFO - Setting next_dagrun for dag_dbt_pipeline to 2025-11-02 00:00:00+00:00, run_after=2025-11-03 00:00:00+00:00
[2025-11-02T10:30:25.165+0000] {processor.py:183} INFO - Processing /opt/airflow/dags/dbt_local_dag.py took 0.219 seconds
[2025-11-02T10:30:57.826+0000] {processor.py:161} INFO - Started process (PID=282) to work on /opt/airflow/dags/dbt_local_dag.py
[2025-11-02T10:30:57.829+0000] {processor.py:830} INFO - Processing file /opt/airflow/dags/dbt_local_dag.py for tasks to queue
[2025-11-02T10:30:57.832+0000] {logging_mixin.py:188} INFO - [2025-11-02T10:30:57.831+0000] {dagbag.py:538} INFO - Filling up the DagBag from /opt/airflow/dags/dbt_local_dag.py
[2025-11-02T10:30:57.877+0000] {processor.py:840} INFO - DAG(s) 'dag_dbt_pipeline' retrieved from /opt/airflow/dags/dbt_local_dag.py
[2025-11-02T10:30:57.923+0000] {logging_mixin.py:188} INFO - [2025-11-02T10:30:57.923+0000] {dag.py:3036} INFO - Sync 1 DAGs
[2025-11-02T10:30:57.965+0000] {logging_mixin.py:188} INFO - [2025-11-02T10:30:57.965+0000] {dag.py:3823} INFO - Setting next_dagrun for dag_dbt_pipeline to 2025-11-02 00:00:00+00:00, run_after=2025-11-03 00:00:00+00:00
[2025-11-02T10:30:58.023+0000] {processor.py:183} INFO - Processing /opt/airflow/dags/dbt_local_dag.py took 0.207 seconds
[2025-11-02T10:31:31.360+0000] {processor.py:161} INFO - Started process (PID=294) to work on /opt/airflow/dags/dbt_local_dag.py
[2025-11-02T10:31:31.370+0000] {processor.py:830} INFO - Processing file /opt/airflow/dags/dbt_local_dag.py for tasks to queue
[2025-11-02T10:31:31.375+0000] {logging_mixin.py:188} INFO - [2025-11-02T10:31:31.372+0000] {dagbag.py:538} INFO - Filling up the DagBag from /opt/airflow/dags/dbt_local_dag.py
[2025-11-02T10:31:31.444+0000] {processor.py:840} INFO - DAG(s) 'dag_dbt_pipeline' retrieved from /opt/airflow/dags/dbt_local_dag.py
[2025-11-02T10:31:31.507+0000] {logging_mixin.py:188} INFO - [2025-11-02T10:31:31.502+0000] {dag.py:3036} INFO - Sync 1 DAGs
[2025-11-02T10:31:31.597+0000] {logging_mixin.py:188} INFO - [2025-11-02T10:31:31.597+0000] {dag.py:3823} INFO - Setting next_dagrun for dag_dbt_pipeline to 2025-11-02 00:00:00+00:00, run_after=2025-11-03 00:00:00+00:00
[2025-11-02T10:31:31.701+0000] {processor.py:183} INFO - Processing /opt/airflow/dags/dbt_local_dag.py took 0.360 seconds
[2025-11-02T10:32:04.435+0000] {processor.py:161} INFO - Started process (PID=306) to work on /opt/airflow/dags/dbt_local_dag.py
[2025-11-02T10:32:04.438+0000] {processor.py:830} INFO - Processing file /opt/airflow/dags/dbt_local_dag.py for tasks to queue
[2025-11-02T10:32:04.440+0000] {logging_mixin.py:188} INFO - [2025-11-02T10:32:04.440+0000] {dagbag.py:538} INFO - Filling up the DagBag from /opt/airflow/dags/dbt_local_dag.py
[2025-11-02T10:32:04.481+0000] {processor.py:840} INFO - DAG(s) 'dag_dbt_pipeline' retrieved from /opt/airflow/dags/dbt_local_dag.py
[2025-11-02T10:32:04.584+0000] {logging_mixin.py:188} INFO - [2025-11-02T10:32:04.583+0000] {dag.py:3036} INFO - Sync 1 DAGs
[2025-11-02T10:32:04.658+0000] {logging_mixin.py:188} INFO - [2025-11-02T10:32:04.658+0000] {dag.py:3823} INFO - Setting next_dagrun for dag_dbt_pipeline to 2025-11-02 00:00:00+00:00, run_after=2025-11-03 00:00:00+00:00
[2025-11-02T10:32:04.777+0000] {processor.py:183} INFO - Processing /opt/airflow/dags/dbt_local_dag.py took 0.353 seconds
[2025-11-02T10:32:37.797+0000] {processor.py:161} INFO - Started process (PID=318) to work on /opt/airflow/dags/dbt_local_dag.py
[2025-11-02T10:32:37.800+0000] {processor.py:830} INFO - Processing file /opt/airflow/dags/dbt_local_dag.py for tasks to queue
[2025-11-02T10:32:37.802+0000] {logging_mixin.py:188} INFO - [2025-11-02T10:32:37.802+0000] {dagbag.py:538} INFO - Filling up the DagBag from /opt/airflow/dags/dbt_local_dag.py
[2025-11-02T10:32:37.850+0000] {processor.py:840} INFO - DAG(s) 'dag_dbt_pipeline' retrieved from /opt/airflow/dags/dbt_local_dag.py
[2025-11-02T10:32:37.945+0000] {logging_mixin.py:188} INFO - [2025-11-02T10:32:37.935+0000] {dag.py:3036} INFO - Sync 1 DAGs
[2025-11-02T10:32:38.030+0000] {logging_mixin.py:188} INFO - [2025-11-02T10:32:38.030+0000] {dag.py:3823} INFO - Setting next_dagrun for dag_dbt_pipeline to 2025-11-02 00:00:00+00:00, run_after=2025-11-03 00:00:00+00:00
[2025-11-02T10:32:38.094+0000] {processor.py:183} INFO - Processing /opt/airflow/dags/dbt_local_dag.py took 0.308 seconds
[2025-11-02T10:33:11.187+0000] {processor.py:161} INFO - Started process (PID=330) to work on /opt/airflow/dags/dbt_local_dag.py
[2025-11-02T10:33:11.511+0000] {processor.py:830} INFO - Processing file /opt/airflow/dags/dbt_local_dag.py for tasks to queue
[2025-11-02T10:33:11.514+0000] {logging_mixin.py:188} INFO - [2025-11-02T10:33:11.513+0000] {dagbag.py:538} INFO - Filling up the DagBag from /opt/airflow/dags/dbt_local_dag.py
[2025-11-02T10:33:11.600+0000] {processor.py:840} INFO - DAG(s) 'dag_dbt_pipeline' retrieved from /opt/airflow/dags/dbt_local_dag.py
[2025-11-02T10:33:11.686+0000] {logging_mixin.py:188} INFO - [2025-11-02T10:33:11.685+0000] {dag.py:3036} INFO - Sync 1 DAGs
[2025-11-02T10:33:11.780+0000] {logging_mixin.py:188} INFO - [2025-11-02T10:33:11.779+0000] {dag.py:3823} INFO - Setting next_dagrun for dag_dbt_pipeline to 2025-11-02 00:00:00+00:00, run_after=2025-11-03 00:00:00+00:00
[2025-11-02T10:33:11.880+0000] {processor.py:183} INFO - Processing /opt/airflow/dags/dbt_local_dag.py took 0.700 seconds
[2025-11-02T10:33:44.216+0000] {processor.py:161} INFO - Started process (PID=342) to work on /opt/airflow/dags/dbt_local_dag.py
[2025-11-02T10:33:44.220+0000] {processor.py:830} INFO - Processing file /opt/airflow/dags/dbt_local_dag.py for tasks to queue
[2025-11-02T10:33:44.223+0000] {logging_mixin.py:188} INFO - [2025-11-02T10:33:44.222+0000] {dagbag.py:538} INFO - Filling up the DagBag from /opt/airflow/dags/dbt_local_dag.py
[2025-11-02T10:33:44.282+0000] {processor.py:840} INFO - DAG(s) 'dag_dbt_pipeline' retrieved from /opt/airflow/dags/dbt_local_dag.py
[2025-11-02T10:33:44.405+0000] {logging_mixin.py:188} INFO - [2025-11-02T10:33:44.404+0000] {dag.py:3036} INFO - Sync 1 DAGs
[2025-11-02T10:33:44.590+0000] {logging_mixin.py:188} INFO - [2025-11-02T10:33:44.589+0000] {dag.py:3823} INFO - Setting next_dagrun for dag_dbt_pipeline to 2025-11-02 00:00:00+00:00, run_after=2025-11-03 00:00:00+00:00
[2025-11-02T10:33:44.754+0000] {processor.py:183} INFO - Processing /opt/airflow/dags/dbt_local_dag.py took 0.546 seconds
[2025-11-02T10:34:18.459+0000] {processor.py:161} INFO - Started process (PID=355) to work on /opt/airflow/dags/dbt_local_dag.py
[2025-11-02T10:34:18.476+0000] {processor.py:830} INFO - Processing file /opt/airflow/dags/dbt_local_dag.py for tasks to queue
[2025-11-02T10:34:18.492+0000] {logging_mixin.py:188} INFO - [2025-11-02T10:34:18.491+0000] {dagbag.py:538} INFO - Filling up the DagBag from /opt/airflow/dags/dbt_local_dag.py
[2025-11-02T10:34:18.719+0000] {processor.py:840} INFO - DAG(s) 'dag_dbt_pipeline' retrieved from /opt/airflow/dags/dbt_local_dag.py
[2025-11-02T10:34:18.977+0000] {logging_mixin.py:188} INFO - [2025-11-02T10:34:18.976+0000] {dag.py:3036} INFO - Sync 1 DAGs
[2025-11-02T10:34:19.190+0000] {logging_mixin.py:188} INFO - [2025-11-02T10:34:19.189+0000] {dag.py:3823} INFO - Setting next_dagrun for dag_dbt_pipeline to 2025-11-02 00:00:00+00:00, run_after=2025-11-03 00:00:00+00:00
[2025-11-02T10:34:19.459+0000] {processor.py:183} INFO - Processing /opt/airflow/dags/dbt_local_dag.py took 1.018 seconds
[2025-11-02T10:34:51.931+0000] {processor.py:161} INFO - Started process (PID=367) to work on /opt/airflow/dags/dbt_local_dag.py
[2025-11-02T10:34:51.942+0000] {processor.py:830} INFO - Processing file /opt/airflow/dags/dbt_local_dag.py for tasks to queue
[2025-11-02T10:34:51.946+0000] {logging_mixin.py:188} INFO - [2025-11-02T10:34:51.945+0000] {dagbag.py:538} INFO - Filling up the DagBag from /opt/airflow/dags/dbt_local_dag.py
[2025-11-02T10:34:52.153+0000] {processor.py:840} INFO - DAG(s) 'dag_dbt_pipeline' retrieved from /opt/airflow/dags/dbt_local_dag.py
[2025-11-02T10:34:52.289+0000] {logging_mixin.py:188} INFO - [2025-11-02T10:34:52.289+0000] {dag.py:3036} INFO - Sync 1 DAGs
[2025-11-02T10:34:52.438+0000] {logging_mixin.py:188} INFO - [2025-11-02T10:34:52.438+0000] {dag.py:3823} INFO - Setting next_dagrun for dag_dbt_pipeline to 2025-11-02 00:00:00+00:00, run_after=2025-11-03 00:00:00+00:00
[2025-11-02T10:34:52.618+0000] {processor.py:183} INFO - Processing /opt/airflow/dags/dbt_local_dag.py took 0.705 seconds
[2025-11-02T10:35:25.898+0000] {processor.py:161} INFO - Started process (PID=379) to work on /opt/airflow/dags/dbt_local_dag.py
[2025-11-02T10:35:25.975+0000] {processor.py:830} INFO - Processing file /opt/airflow/dags/dbt_local_dag.py for tasks to queue
[2025-11-02T10:35:25.996+0000] {logging_mixin.py:188} INFO - [2025-11-02T10:35:25.995+0000] {dagbag.py:538} INFO - Filling up the DagBag from /opt/airflow/dags/dbt_local_dag.py
[2025-11-02T10:35:26.143+0000] {processor.py:840} INFO - DAG(s) 'dag_dbt_pipeline' retrieved from /opt/airflow/dags/dbt_local_dag.py
[2025-11-02T10:35:26.336+0000] {logging_mixin.py:188} INFO - [2025-11-02T10:35:26.335+0000] {dag.py:3036} INFO - Sync 1 DAGs
[2025-11-02T10:35:26.542+0000] {logging_mixin.py:188} INFO - [2025-11-02T10:35:26.542+0000] {dag.py:3823} INFO - Setting next_dagrun for dag_dbt_pipeline to 2025-11-02 00:00:00+00:00, run_after=2025-11-03 00:00:00+00:00
[2025-11-02T10:35:26.732+0000] {processor.py:183} INFO - Processing /opt/airflow/dags/dbt_local_dag.py took 0.853 seconds
[2025-11-02T10:35:59.734+0000] {processor.py:161} INFO - Started process (PID=391) to work on /opt/airflow/dags/dbt_local_dag.py
[2025-11-02T10:35:59.736+0000] {processor.py:830} INFO - Processing file /opt/airflow/dags/dbt_local_dag.py for tasks to queue
[2025-11-02T10:35:59.740+0000] {logging_mixin.py:188} INFO - [2025-11-02T10:35:59.739+0000] {dagbag.py:538} INFO - Filling up the DagBag from /opt/airflow/dags/dbt_local_dag.py
[2025-11-02T10:36:00.596+0000] {processor.py:840} INFO - DAG(s) 'dag_dbt_pipeline' retrieved from /opt/airflow/dags/dbt_local_dag.py
[2025-11-02T10:36:00.936+0000] {logging_mixin.py:188} INFO - [2025-11-02T10:36:00.935+0000] {dag.py:3036} INFO - Sync 1 DAGs
[2025-11-02T10:36:01.057+0000] {logging_mixin.py:188} INFO - [2025-11-02T10:36:01.056+0000] {dag.py:3823} INFO - Setting next_dagrun for dag_dbt_pipeline to 2025-11-02 00:00:00+00:00, run_after=2025-11-03 00:00:00+00:00
[2025-11-02T10:36:01.261+0000] {processor.py:183} INFO - Processing /opt/airflow/dags/dbt_local_dag.py took 1.546 seconds
[2025-11-02T10:36:35.312+0000] {processor.py:161} INFO - Started process (PID=403) to work on /opt/airflow/dags/dbt_local_dag.py
[2025-11-02T10:36:35.356+0000] {processor.py:830} INFO - Processing file /opt/airflow/dags/dbt_local_dag.py for tasks to queue
[2025-11-02T10:36:35.416+0000] {logging_mixin.py:188} INFO - [2025-11-02T10:36:35.415+0000] {dagbag.py:538} INFO - Filling up the DagBag from /opt/airflow/dags/dbt_local_dag.py
[2025-11-02T10:36:36.580+0000] {processor.py:840} INFO - DAG(s) 'dag_dbt_pipeline' retrieved from /opt/airflow/dags/dbt_local_dag.py
[2025-11-02T10:36:39.149+0000] {logging_mixin.py:188} INFO - [2025-11-02T10:36:39.149+0000] {dag.py:3036} INFO - Sync 1 DAGs
[2025-11-02T10:36:39.928+0000] {logging_mixin.py:188} INFO - [2025-11-02T10:36:39.927+0000] {dag.py:3823} INFO - Setting next_dagrun for dag_dbt_pipeline to 2025-11-02 00:00:00+00:00, run_after=2025-11-03 00:00:00+00:00
[2025-11-02T10:36:40.747+0000] {processor.py:183} INFO - Processing /opt/airflow/dags/dbt_local_dag.py took 5.491 seconds
[2025-11-02T10:37:13.522+0000] {processor.py:161} INFO - Started process (PID=416) to work on /opt/airflow/dags/dbt_local_dag.py
[2025-11-02T10:37:13.523+0000] {processor.py:830} INFO - Processing file /opt/airflow/dags/dbt_local_dag.py for tasks to queue
[2025-11-02T10:37:13.538+0000] {logging_mixin.py:188} INFO - [2025-11-02T10:37:13.537+0000] {dagbag.py:538} INFO - Filling up the DagBag from /opt/airflow/dags/dbt_local_dag.py
[2025-11-02T10:37:41.608+0000] {processor.py:840} INFO - DAG(s) 'dag_dbt_pipeline' retrieved from /opt/airflow/dags/dbt_local_dag.py
[2025-11-02T10:37:49.376+0000] {logging_mixin.py:188} INFO - [2025-11-02T10:37:49.376+0000] {dag.py:3036} INFO - Sync 1 DAGs
[2025-11-02T10:37:59.928+0000] {logging_mixin.py:188} INFO - [2025-11-02T10:37:59.927+0000] {dag.py:3823} INFO - Setting next_dagrun for dag_dbt_pipeline to 2025-11-02 00:00:00+00:00, run_after=2025-11-03 00:00:00+00:00
[2025-11-02T10:38:00.632+0000] {processor.py:183} INFO - Processing /opt/airflow/dags/dbt_local_dag.py took 43.759 seconds
[2025-11-02T10:38:31.978+0000] {processor.py:161} INFO - Started process (PID=434) to work on /opt/airflow/dags/dbt_local_dag.py
[2025-11-02T10:38:31.984+0000] {processor.py:830} INFO - Processing file /opt/airflow/dags/dbt_local_dag.py for tasks to queue
[2025-11-02T10:38:31.996+0000] {logging_mixin.py:188} INFO - [2025-11-02T10:38:31.994+0000] {dagbag.py:538} INFO - Filling up the DagBag from /opt/airflow/dags/dbt_local_dag.py
[2025-11-02T10:38:32.165+0000] {processor.py:840} INFO - DAG(s) 'dag_dbt_pipeline' retrieved from /opt/airflow/dags/dbt_local_dag.py
[2025-11-02T10:38:32.251+0000] {logging_mixin.py:188} INFO - [2025-11-02T10:38:32.251+0000] {dag.py:3036} INFO - Sync 1 DAGs
[2025-11-02T10:38:32.372+0000] {logging_mixin.py:188} INFO - [2025-11-02T10:38:32.371+0000] {dag.py:3823} INFO - Setting next_dagrun for dag_dbt_pipeline to 2025-11-02 00:00:00+00:00, run_after=2025-11-03 00:00:00+00:00
[2025-11-02T10:38:32.428+0000] {processor.py:183} INFO - Processing /opt/airflow/dags/dbt_local_dag.py took 0.469 seconds
[2025-11-02T10:39:05.237+0000] {processor.py:161} INFO - Started process (PID=443) to work on /opt/airflow/dags/dbt_local_dag.py
[2025-11-02T10:39:05.465+0000] {processor.py:830} INFO - Processing file /opt/airflow/dags/dbt_local_dag.py for tasks to queue
[2025-11-02T10:39:05.827+0000] {logging_mixin.py:188} INFO - [2025-11-02T10:39:05.687+0000] {dagbag.py:538} INFO - Filling up the DagBag from /opt/airflow/dags/dbt_local_dag.py
[2025-11-02T10:39:07.577+0000] {processor.py:840} INFO - DAG(s) 'dag_dbt_pipeline' retrieved from /opt/airflow/dags/dbt_local_dag.py
[2025-11-02T10:39:08.663+0000] {logging_mixin.py:188} INFO - [2025-11-02T10:39:08.662+0000] {dag.py:3036} INFO - Sync 1 DAGs
[2025-11-02T10:39:09.588+0000] {logging_mixin.py:188} INFO - [2025-11-02T10:39:09.577+0000] {dag.py:3823} INFO - Setting next_dagrun for dag_dbt_pipeline to 2025-11-02 00:00:00+00:00, run_after=2025-11-03 00:00:00+00:00
[2025-11-02T10:39:10.063+0000] {processor.py:183} INFO - Processing /opt/airflow/dags/dbt_local_dag.py took 5.379 seconds
[2025-11-02T10:39:40.938+0000] {processor.py:161} INFO - Started process (PID=453) to work on /opt/airflow/dags/dbt_local_dag.py
[2025-11-02T10:39:40.947+0000] {processor.py:830} INFO - Processing file /opt/airflow/dags/dbt_local_dag.py for tasks to queue
[2025-11-02T10:39:40.951+0000] {logging_mixin.py:188} INFO - [2025-11-02T10:39:40.950+0000] {dagbag.py:538} INFO - Filling up the DagBag from /opt/airflow/dags/dbt_local_dag.py
[2025-11-02T10:39:41.047+0000] {processor.py:840} INFO - DAG(s) 'dag_dbt_pipeline' retrieved from /opt/airflow/dags/dbt_local_dag.py
[2025-11-02T10:39:41.147+0000] {logging_mixin.py:188} INFO - [2025-11-02T10:39:41.146+0000] {dag.py:3036} INFO - Sync 1 DAGs
[2025-11-02T10:39:41.267+0000] {logging_mixin.py:188} INFO - [2025-11-02T10:39:41.267+0000] {dag.py:3823} INFO - Setting next_dagrun for dag_dbt_pipeline to 2025-11-02 00:00:00+00:00, run_after=2025-11-03 00:00:00+00:00
[2025-11-02T10:39:41.391+0000] {processor.py:183} INFO - Processing /opt/airflow/dags/dbt_local_dag.py took 0.475 seconds
[2025-11-02T10:40:12.948+0000] {processor.py:161} INFO - Started process (PID=465) to work on /opt/airflow/dags/dbt_local_dag.py
[2025-11-02T10:40:12.961+0000] {processor.py:830} INFO - Processing file /opt/airflow/dags/dbt_local_dag.py for tasks to queue
[2025-11-02T10:40:12.994+0000] {logging_mixin.py:188} INFO - [2025-11-02T10:40:12.991+0000] {dagbag.py:538} INFO - Filling up the DagBag from /opt/airflow/dags/dbt_local_dag.py
[2025-11-02T10:40:13.226+0000] {processor.py:840} INFO - DAG(s) 'dag_dbt_pipeline' retrieved from /opt/airflow/dags/dbt_local_dag.py
[2025-11-02T10:40:13.444+0000] {logging_mixin.py:188} INFO - [2025-11-02T10:40:13.444+0000] {dag.py:3036} INFO - Sync 1 DAGs
[2025-11-02T10:40:13.646+0000] {logging_mixin.py:188} INFO - [2025-11-02T10:40:13.645+0000] {dag.py:3823} INFO - Setting next_dagrun for dag_dbt_pipeline to 2025-11-02 00:00:00+00:00, run_after=2025-11-03 00:00:00+00:00
[2025-11-02T10:40:13.849+0000] {processor.py:183} INFO - Processing /opt/airflow/dags/dbt_local_dag.py took 0.919 seconds
[2025-11-02T10:40:44.440+0000] {processor.py:161} INFO - Started process (PID=477) to work on /opt/airflow/dags/dbt_local_dag.py
[2025-11-02T10:40:44.443+0000] {processor.py:830} INFO - Processing file /opt/airflow/dags/dbt_local_dag.py for tasks to queue
[2025-11-02T10:40:44.446+0000] {logging_mixin.py:188} INFO - [2025-11-02T10:40:44.445+0000] {dagbag.py:538} INFO - Filling up the DagBag from /opt/airflow/dags/dbt_local_dag.py
[2025-11-02T10:40:44.545+0000] {processor.py:840} INFO - DAG(s) 'dag_dbt_pipeline' retrieved from /opt/airflow/dags/dbt_local_dag.py
[2025-11-02T10:40:44.974+0000] {logging_mixin.py:188} INFO - [2025-11-02T10:40:44.973+0000] {dag.py:3036} INFO - Sync 1 DAGs
[2025-11-02T10:40:45.145+0000] {logging_mixin.py:188} INFO - [2025-11-02T10:40:45.145+0000] {dag.py:3823} INFO - Setting next_dagrun for dag_dbt_pipeline to 2025-11-02 00:00:00+00:00, run_after=2025-11-03 00:00:00+00:00
[2025-11-02T10:40:45.259+0000] {processor.py:183} INFO - Processing /opt/airflow/dags/dbt_local_dag.py took 0.833 seconds
[2025-11-02T10:41:16.168+0000] {processor.py:161} INFO - Started process (PID=489) to work on /opt/airflow/dags/dbt_local_dag.py
[2025-11-02T10:41:16.172+0000] {processor.py:830} INFO - Processing file /opt/airflow/dags/dbt_local_dag.py for tasks to queue
[2025-11-02T10:41:16.175+0000] {logging_mixin.py:188} INFO - [2025-11-02T10:41:16.174+0000] {dagbag.py:538} INFO - Filling up the DagBag from /opt/airflow/dags/dbt_local_dag.py
[2025-11-02T10:41:16.434+0000] {processor.py:840} INFO - DAG(s) 'dag_dbt_pipeline' retrieved from /opt/airflow/dags/dbt_local_dag.py
[2025-11-02T10:41:16.572+0000] {logging_mixin.py:188} INFO - [2025-11-02T10:41:16.572+0000] {dag.py:3036} INFO - Sync 1 DAGs
[2025-11-02T10:41:16.800+0000] {logging_mixin.py:188} INFO - [2025-11-02T10:41:16.800+0000] {dag.py:3823} INFO - Setting next_dagrun for dag_dbt_pipeline to 2025-11-02 00:00:00+00:00, run_after=2025-11-03 00:00:00+00:00
[2025-11-02T10:41:16.978+0000] {processor.py:183} INFO - Processing /opt/airflow/dags/dbt_local_dag.py took 0.819 seconds
[2025-11-02T10:41:47.746+0000] {processor.py:161} INFO - Started process (PID=500) to work on /opt/airflow/dags/dbt_local_dag.py
[2025-11-02T10:41:47.753+0000] {processor.py:830} INFO - Processing file /opt/airflow/dags/dbt_local_dag.py for tasks to queue
[2025-11-02T10:41:47.760+0000] {logging_mixin.py:188} INFO - [2025-11-02T10:41:47.759+0000] {dagbag.py:538} INFO - Filling up the DagBag from /opt/airflow/dags/dbt_local_dag.py
[2025-11-02T10:41:48.005+0000] {processor.py:840} INFO - DAG(s) 'dag_dbt_pipeline' retrieved from /opt/airflow/dags/dbt_local_dag.py
[2025-11-02T10:41:48.138+0000] {logging_mixin.py:188} INFO - [2025-11-02T10:41:48.137+0000] {dag.py:3036} INFO - Sync 1 DAGs
[2025-11-02T10:41:48.320+0000] {logging_mixin.py:188} INFO - [2025-11-02T10:41:48.319+0000] {dag.py:3823} INFO - Setting next_dagrun for dag_dbt_pipeline to 2025-11-02 00:00:00+00:00, run_after=2025-11-03 00:00:00+00:00
[2025-11-02T10:41:48.829+0000] {processor.py:183} INFO - Processing /opt/airflow/dags/dbt_local_dag.py took 1.108 seconds
[2025-11-02T10:42:20.181+0000] {processor.py:161} INFO - Started process (PID=506) to work on /opt/airflow/dags/dbt_local_dag.py
[2025-11-02T10:42:20.193+0000] {processor.py:830} INFO - Processing file /opt/airflow/dags/dbt_local_dag.py for tasks to queue
[2025-11-02T10:42:20.208+0000] {logging_mixin.py:188} INFO - [2025-11-02T10:42:20.207+0000] {dagbag.py:538} INFO - Filling up the DagBag from /opt/airflow/dags/dbt_local_dag.py
[2025-11-02T10:42:20.468+0000] {processor.py:840} INFO - DAG(s) 'dag_dbt_pipeline' retrieved from /opt/airflow/dags/dbt_local_dag.py
[2025-11-02T10:42:20.663+0000] {logging_mixin.py:188} INFO - [2025-11-02T10:42:20.663+0000] {dag.py:3036} INFO - Sync 1 DAGs
[2025-11-02T10:42:20.919+0000] {logging_mixin.py:188} INFO - [2025-11-02T10:42:20.917+0000] {dag.py:3823} INFO - Setting next_dagrun for dag_dbt_pipeline to 2025-11-02 00:00:00+00:00, run_after=2025-11-03 00:00:00+00:00
[2025-11-02T10:42:21.095+0000] {processor.py:183} INFO - Processing /opt/airflow/dags/dbt_local_dag.py took 0.933 seconds
[2025-11-02T10:42:51.382+0000] {processor.py:161} INFO - Started process (PID=517) to work on /opt/airflow/dags/dbt_local_dag.py
[2025-11-02T10:42:51.396+0000] {processor.py:830} INFO - Processing file /opt/airflow/dags/dbt_local_dag.py for tasks to queue
[2025-11-02T10:42:51.399+0000] {logging_mixin.py:188} INFO - [2025-11-02T10:42:51.398+0000] {dagbag.py:538} INFO - Filling up the DagBag from /opt/airflow/dags/dbt_local_dag.py
[2025-11-02T10:42:51.551+0000] {processor.py:840} INFO - DAG(s) 'dag_dbt_pipeline' retrieved from /opt/airflow/dags/dbt_local_dag.py
[2025-11-02T10:42:51.737+0000] {logging_mixin.py:188} INFO - [2025-11-02T10:42:51.736+0000] {dag.py:3036} INFO - Sync 1 DAGs
[2025-11-02T10:42:51.844+0000] {logging_mixin.py:188} INFO - [2025-11-02T10:42:51.843+0000] {dag.py:3823} INFO - Setting next_dagrun for dag_dbt_pipeline to 2025-11-02 00:00:00+00:00, run_after=2025-11-03 00:00:00+00:00
[2025-11-02T10:42:52.012+0000] {processor.py:183} INFO - Processing /opt/airflow/dags/dbt_local_dag.py took 0.652 seconds
[2025-11-02T10:43:22.308+0000] {processor.py:161} INFO - Started process (PID=529) to work on /opt/airflow/dags/dbt_local_dag.py
[2025-11-02T10:43:22.362+0000] {processor.py:830} INFO - Processing file /opt/airflow/dags/dbt_local_dag.py for tasks to queue
[2025-11-02T10:43:22.364+0000] {logging_mixin.py:188} INFO - [2025-11-02T10:43:22.363+0000] {dagbag.py:538} INFO - Filling up the DagBag from /opt/airflow/dags/dbt_local_dag.py
[2025-11-02T10:43:22.445+0000] {processor.py:840} INFO - DAG(s) 'dag_dbt_pipeline' retrieved from /opt/airflow/dags/dbt_local_dag.py
[2025-11-02T10:43:22.592+0000] {logging_mixin.py:188} INFO - [2025-11-02T10:43:22.592+0000] {dag.py:3036} INFO - Sync 1 DAGs
[2025-11-02T10:43:22.712+0000] {logging_mixin.py:188} INFO - [2025-11-02T10:43:22.712+0000] {dag.py:3823} INFO - Setting next_dagrun for dag_dbt_pipeline to 2025-11-02 00:00:00+00:00, run_after=2025-11-03 00:00:00+00:00
[2025-11-02T10:43:22.892+0000] {processor.py:183} INFO - Processing /opt/airflow/dags/dbt_local_dag.py took 0.606 seconds
[2025-11-02T10:43:53.529+0000] {processor.py:161} INFO - Started process (PID=540) to work on /opt/airflow/dags/dbt_local_dag.py
[2025-11-02T10:43:53.536+0000] {processor.py:830} INFO - Processing file /opt/airflow/dags/dbt_local_dag.py for tasks to queue
[2025-11-02T10:43:53.544+0000] {logging_mixin.py:188} INFO - [2025-11-02T10:43:53.541+0000] {dagbag.py:538} INFO - Filling up the DagBag from /opt/airflow/dags/dbt_local_dag.py
[2025-11-02T10:43:53.599+0000] {processor.py:840} INFO - DAG(s) 'dag_dbt_pipeline' retrieved from /opt/airflow/dags/dbt_local_dag.py
[2025-11-02T10:43:53.752+0000] {logging_mixin.py:188} INFO - [2025-11-02T10:43:53.752+0000] {dag.py:3036} INFO - Sync 1 DAGs
[2025-11-02T10:43:53.961+0000] {logging_mixin.py:188} INFO - [2025-11-02T10:43:53.950+0000] {dag.py:3823} INFO - Setting next_dagrun for dag_dbt_pipeline to 2025-11-02 00:00:00+00:00, run_after=2025-11-03 00:00:00+00:00
[2025-11-02T10:43:54.429+0000] {processor.py:183} INFO - Processing /opt/airflow/dags/dbt_local_dag.py took 0.933 seconds
[2025-11-02T10:44:25.096+0000] {processor.py:161} INFO - Started process (PID=552) to work on /opt/airflow/dags/dbt_local_dag.py
[2025-11-02T10:44:25.099+0000] {processor.py:830} INFO - Processing file /opt/airflow/dags/dbt_local_dag.py for tasks to queue
[2025-11-02T10:44:25.101+0000] {logging_mixin.py:188} INFO - [2025-11-02T10:44:25.100+0000] {dagbag.py:538} INFO - Filling up the DagBag from /opt/airflow/dags/dbt_local_dag.py
[2025-11-02T10:44:25.141+0000] {processor.py:840} INFO - DAG(s) 'dag_dbt_pipeline' retrieved from /opt/airflow/dags/dbt_local_dag.py
[2025-11-02T10:44:25.194+0000] {logging_mixin.py:188} INFO - [2025-11-02T10:44:25.194+0000] {dag.py:3036} INFO - Sync 1 DAGs
[2025-11-02T10:44:25.252+0000] {logging_mixin.py:188} INFO - [2025-11-02T10:44:25.251+0000] {dag.py:3823} INFO - Setting next_dagrun for dag_dbt_pipeline to 2025-11-02 00:00:00+00:00, run_after=2025-11-03 00:00:00+00:00
[2025-11-02T10:44:25.303+0000] {processor.py:183} INFO - Processing /opt/airflow/dags/dbt_local_dag.py took 0.218 seconds
[2025-11-02T10:44:55.364+0000] {processor.py:161} INFO - Started process (PID=564) to work on /opt/airflow/dags/dbt_local_dag.py
[2025-11-02T10:44:55.366+0000] {processor.py:830} INFO - Processing file /opt/airflow/dags/dbt_local_dag.py for tasks to queue
[2025-11-02T10:44:55.367+0000] {logging_mixin.py:188} INFO - [2025-11-02T10:44:55.367+0000] {dagbag.py:538} INFO - Filling up the DagBag from /opt/airflow/dags/dbt_local_dag.py
[2025-11-02T10:44:55.402+0000] {processor.py:840} INFO - DAG(s) 'dag_dbt_pipeline' retrieved from /opt/airflow/dags/dbt_local_dag.py
[2025-11-02T10:44:55.446+0000] {logging_mixin.py:188} INFO - [2025-11-02T10:44:55.446+0000] {dag.py:3036} INFO - Sync 1 DAGs
[2025-11-02T10:44:55.478+0000] {logging_mixin.py:188} INFO - [2025-11-02T10:44:55.477+0000] {dag.py:3823} INFO - Setting next_dagrun for dag_dbt_pipeline to 2025-11-02 00:00:00+00:00, run_after=2025-11-03 00:00:00+00:00
[2025-11-02T10:44:55.895+0000] {processor.py:183} INFO - Processing /opt/airflow/dags/dbt_local_dag.py took 0.537 seconds
[2025-11-02T10:45:28.339+0000] {processor.py:161} INFO - Started process (PID=575) to work on /opt/airflow/dags/dbt_local_dag.py
[2025-11-02T10:45:28.342+0000] {processor.py:830} INFO - Processing file /opt/airflow/dags/dbt_local_dag.py for tasks to queue
[2025-11-02T10:45:28.353+0000] {logging_mixin.py:188} INFO - [2025-11-02T10:45:28.344+0000] {dagbag.py:538} INFO - Filling up the DagBag from /opt/airflow/dags/dbt_local_dag.py
[2025-11-02T10:45:28.689+0000] {processor.py:840} INFO - DAG(s) 'dag_dbt_pipeline' retrieved from /opt/airflow/dags/dbt_local_dag.py
[2025-11-02T10:45:28.807+0000] {logging_mixin.py:188} INFO - [2025-11-02T10:45:28.807+0000] {dag.py:3036} INFO - Sync 1 DAGs
[2025-11-02T10:45:28.914+0000] {logging_mixin.py:188} INFO - [2025-11-02T10:45:28.914+0000] {dag.py:3823} INFO - Setting next_dagrun for dag_dbt_pipeline to 2025-11-02 00:00:00+00:00, run_after=2025-11-03 00:00:00+00:00
[2025-11-02T10:45:29.003+0000] {processor.py:183} INFO - Processing /opt/airflow/dags/dbt_local_dag.py took 0.707 seconds
[2025-11-02T10:46:00.205+0000] {processor.py:161} INFO - Started process (PID=583) to work on /opt/airflow/dags/dbt_local_dag.py
[2025-11-02T10:46:00.209+0000] {processor.py:830} INFO - Processing file /opt/airflow/dags/dbt_local_dag.py for tasks to queue
[2025-11-02T10:46:00.222+0000] {logging_mixin.py:188} INFO - [2025-11-02T10:46:00.221+0000] {dagbag.py:538} INFO - Filling up the DagBag from /opt/airflow/dags/dbt_local_dag.py
[2025-11-02T10:46:00.388+0000] {processor.py:840} INFO - DAG(s) 'dag_dbt_pipeline' retrieved from /opt/airflow/dags/dbt_local_dag.py
[2025-11-02T10:46:00.577+0000] {logging_mixin.py:188} INFO - [2025-11-02T10:46:00.566+0000] {dag.py:3036} INFO - Sync 1 DAGs
[2025-11-02T10:46:00.916+0000] {logging_mixin.py:188} INFO - [2025-11-02T10:46:00.916+0000] {dag.py:3823} INFO - Setting next_dagrun for dag_dbt_pipeline to 2025-11-02 00:00:00+00:00, run_after=2025-11-03 00:00:00+00:00
[2025-11-02T10:46:01.069+0000] {processor.py:183} INFO - Processing /opt/airflow/dags/dbt_local_dag.py took 0.886 seconds
[2025-11-02T10:46:33.872+0000] {processor.py:161} INFO - Started process (PID=595) to work on /opt/airflow/dags/dbt_local_dag.py
[2025-11-02T10:46:34.018+0000] {processor.py:830} INFO - Processing file /opt/airflow/dags/dbt_local_dag.py for tasks to queue
[2025-11-02T10:46:34.021+0000] {logging_mixin.py:188} INFO - [2025-11-02T10:46:34.020+0000] {dagbag.py:538} INFO - Filling up the DagBag from /opt/airflow/dags/dbt_local_dag.py
[2025-11-02T10:46:34.112+0000] {processor.py:840} INFO - DAG(s) 'dag_dbt_pipeline' retrieved from /opt/airflow/dags/dbt_local_dag.py
[2025-11-02T10:46:34.207+0000] {logging_mixin.py:188} INFO - [2025-11-02T10:46:34.207+0000] {dag.py:3036} INFO - Sync 1 DAGs
[2025-11-02T10:46:34.387+0000] {logging_mixin.py:188} INFO - [2025-11-02T10:46:34.386+0000] {dag.py:3823} INFO - Setting next_dagrun for dag_dbt_pipeline to 2025-11-02 00:00:00+00:00, run_after=2025-11-03 00:00:00+00:00
[2025-11-02T10:46:34.491+0000] {processor.py:183} INFO - Processing /opt/airflow/dags/dbt_local_dag.py took 0.628 seconds
[2025-11-02T10:47:06.131+0000] {processor.py:161} INFO - Started process (PID=608) to work on /opt/airflow/dags/dbt_local_dag.py
[2025-11-02T10:47:06.149+0000] {processor.py:830} INFO - Processing file /opt/airflow/dags/dbt_local_dag.py for tasks to queue
[2025-11-02T10:47:06.154+0000] {logging_mixin.py:188} INFO - [2025-11-02T10:47:06.153+0000] {dagbag.py:538} INFO - Filling up the DagBag from /opt/airflow/dags/dbt_local_dag.py
[2025-11-02T10:47:06.307+0000] {processor.py:840} INFO - DAG(s) 'dag_dbt_pipeline' retrieved from /opt/airflow/dags/dbt_local_dag.py
[2025-11-02T10:47:06.592+0000] {logging_mixin.py:188} INFO - [2025-11-02T10:47:06.591+0000] {dag.py:3036} INFO - Sync 1 DAGs
[2025-11-02T10:47:06.743+0000] {logging_mixin.py:188} INFO - [2025-11-02T10:47:06.742+0000] {dag.py:3823} INFO - Setting next_dagrun for dag_dbt_pipeline to 2025-11-02 00:00:00+00:00, run_after=2025-11-03 00:00:00+00:00
[2025-11-02T10:47:07.030+0000] {processor.py:183} INFO - Processing /opt/airflow/dags/dbt_local_dag.py took 0.938 seconds
[2025-11-02T10:47:39.506+0000] {processor.py:161} INFO - Started process (PID=620) to work on /opt/airflow/dags/dbt_local_dag.py
[2025-11-02T10:47:39.518+0000] {processor.py:830} INFO - Processing file /opt/airflow/dags/dbt_local_dag.py for tasks to queue
[2025-11-02T10:47:39.522+0000] {logging_mixin.py:188} INFO - [2025-11-02T10:47:39.521+0000] {dagbag.py:538} INFO - Filling up the DagBag from /opt/airflow/dags/dbt_local_dag.py
[2025-11-02T10:47:39.732+0000] {processor.py:840} INFO - DAG(s) 'dag_dbt_pipeline' retrieved from /opt/airflow/dags/dbt_local_dag.py
[2025-11-02T10:47:39.922+0000] {logging_mixin.py:188} INFO - [2025-11-02T10:47:39.921+0000] {dag.py:3036} INFO - Sync 1 DAGs
[2025-11-02T10:47:40.126+0000] {logging_mixin.py:188} INFO - [2025-11-02T10:47:40.115+0000] {dag.py:3823} INFO - Setting next_dagrun for dag_dbt_pipeline to 2025-11-02 00:00:00+00:00, run_after=2025-11-03 00:00:00+00:00
[2025-11-02T10:47:40.757+0000] {processor.py:183} INFO - Processing /opt/airflow/dags/dbt_local_dag.py took 1.271 seconds
[2025-11-02T10:48:13.639+0000] {processor.py:161} INFO - Started process (PID=632) to work on /opt/airflow/dags/dbt_local_dag.py
[2025-11-02T10:48:13.641+0000] {processor.py:830} INFO - Processing file /opt/airflow/dags/dbt_local_dag.py for tasks to queue
[2025-11-02T10:48:13.644+0000] {logging_mixin.py:188} INFO - [2025-11-02T10:48:13.643+0000] {dagbag.py:538} INFO - Filling up the DagBag from /opt/airflow/dags/dbt_local_dag.py
[2025-11-02T10:48:13.732+0000] {processor.py:840} INFO - DAG(s) 'dag_dbt_pipeline' retrieved from /opt/airflow/dags/dbt_local_dag.py
[2025-11-02T10:48:13.791+0000] {logging_mixin.py:188} INFO - [2025-11-02T10:48:13.790+0000] {dag.py:3036} INFO - Sync 1 DAGs
[2025-11-02T10:48:13.953+0000] {logging_mixin.py:188} INFO - [2025-11-02T10:48:13.953+0000] {dag.py:3823} INFO - Setting next_dagrun for dag_dbt_pipeline to 2025-11-02 00:00:00+00:00, run_after=2025-11-03 00:00:00+00:00
[2025-11-02T10:48:14.474+0000] {processor.py:183} INFO - Processing /opt/airflow/dags/dbt_local_dag.py took 0.852 seconds
[2025-11-02T10:48:46.826+0000] {processor.py:161} INFO - Started process (PID=644) to work on /opt/airflow/dags/dbt_local_dag.py
[2025-11-02T10:48:46.840+0000] {processor.py:830} INFO - Processing file /opt/airflow/dags/dbt_local_dag.py for tasks to queue
[2025-11-02T10:48:46.852+0000] {logging_mixin.py:188} INFO - [2025-11-02T10:48:46.851+0000] {dagbag.py:538} INFO - Filling up the DagBag from /opt/airflow/dags/dbt_local_dag.py
[2025-11-02T10:48:46.989+0000] {processor.py:840} INFO - DAG(s) 'dag_dbt_pipeline' retrieved from /opt/airflow/dags/dbt_local_dag.py
[2025-11-02T10:48:47.108+0000] {logging_mixin.py:188} INFO - [2025-11-02T10:48:47.108+0000] {dag.py:3036} INFO - Sync 1 DAGs
[2025-11-02T10:48:47.238+0000] {logging_mixin.py:188} INFO - [2025-11-02T10:48:47.238+0000] {dag.py:3823} INFO - Setting next_dagrun for dag_dbt_pipeline to 2025-11-02 00:00:00+00:00, run_after=2025-11-03 00:00:00+00:00
[2025-11-02T10:48:47.320+0000] {processor.py:183} INFO - Processing /opt/airflow/dags/dbt_local_dag.py took 0.523 seconds
[2025-11-02T10:49:19.417+0000] {processor.py:161} INFO - Started process (PID=656) to work on /opt/airflow/dags/dbt_local_dag.py
[2025-11-02T10:49:19.420+0000] {processor.py:830} INFO - Processing file /opt/airflow/dags/dbt_local_dag.py for tasks to queue
[2025-11-02T10:49:19.422+0000] {logging_mixin.py:188} INFO - [2025-11-02T10:49:19.421+0000] {dagbag.py:538} INFO - Filling up the DagBag from /opt/airflow/dags/dbt_local_dag.py
[2025-11-02T10:49:19.476+0000] {processor.py:840} INFO - DAG(s) 'dag_dbt_pipeline' retrieved from /opt/airflow/dags/dbt_local_dag.py
[2025-11-02T10:49:19.528+0000] {logging_mixin.py:188} INFO - [2025-11-02T10:49:19.528+0000] {dag.py:3036} INFO - Sync 1 DAGs
[2025-11-02T10:49:19.590+0000] {logging_mixin.py:188} INFO - [2025-11-02T10:49:19.589+0000] {dag.py:3823} INFO - Setting next_dagrun for dag_dbt_pipeline to 2025-11-02 00:00:00+00:00, run_after=2025-11-03 00:00:00+00:00
[2025-11-02T10:49:19.687+0000] {processor.py:183} INFO - Processing /opt/airflow/dags/dbt_local_dag.py took 0.277 seconds
[2025-11-02T10:49:52.776+0000] {processor.py:161} INFO - Started process (PID=668) to work on /opt/airflow/dags/dbt_local_dag.py
[2025-11-02T10:49:52.778+0000] {processor.py:830} INFO - Processing file /opt/airflow/dags/dbt_local_dag.py for tasks to queue
[2025-11-02T10:49:52.780+0000] {logging_mixin.py:188} INFO - [2025-11-02T10:49:52.779+0000] {dagbag.py:538} INFO - Filling up the DagBag from /opt/airflow/dags/dbt_local_dag.py
[2025-11-02T10:49:52.825+0000] {processor.py:840} INFO - DAG(s) 'dag_dbt_pipeline' retrieved from /opt/airflow/dags/dbt_local_dag.py
[2025-11-02T10:49:53.165+0000] {logging_mixin.py:188} INFO - [2025-11-02T10:49:53.165+0000] {dag.py:3036} INFO - Sync 1 DAGs
[2025-11-02T10:49:53.209+0000] {logging_mixin.py:188} INFO - [2025-11-02T10:49:53.209+0000] {dag.py:3823} INFO - Setting next_dagrun for dag_dbt_pipeline to 2025-11-02 00:00:00+00:00, run_after=2025-11-03 00:00:00+00:00
[2025-11-02T10:49:53.521+0000] {processor.py:183} INFO - Processing /opt/airflow/dags/dbt_local_dag.py took 0.754 seconds
[2025-11-02T10:50:26.340+0000] {processor.py:161} INFO - Started process (PID=680) to work on /opt/airflow/dags/dbt_local_dag.py
[2025-11-02T10:50:26.342+0000] {processor.py:830} INFO - Processing file /opt/airflow/dags/dbt_local_dag.py for tasks to queue
[2025-11-02T10:50:26.346+0000] {logging_mixin.py:188} INFO - [2025-11-02T10:50:26.345+0000] {dagbag.py:538} INFO - Filling up the DagBag from /opt/airflow/dags/dbt_local_dag.py
[2025-11-02T10:50:26.393+0000] {processor.py:840} INFO - DAG(s) 'dag_dbt_pipeline' retrieved from /opt/airflow/dags/dbt_local_dag.py
[2025-11-02T10:50:26.450+0000] {logging_mixin.py:188} INFO - [2025-11-02T10:50:26.450+0000] {dag.py:3036} INFO - Sync 1 DAGs
[2025-11-02T10:50:26.498+0000] {logging_mixin.py:188} INFO - [2025-11-02T10:50:26.497+0000] {dag.py:3823} INFO - Setting next_dagrun for dag_dbt_pipeline to 2025-11-02 00:00:00+00:00, run_after=2025-11-03 00:00:00+00:00
[2025-11-02T10:50:26.650+0000] {processor.py:183} INFO - Processing /opt/airflow/dags/dbt_local_dag.py took 0.318 seconds
[2025-11-02T10:51:00.611+0000] {processor.py:161} INFO - Started process (PID=692) to work on /opt/airflow/dags/dbt_local_dag.py
[2025-11-02T10:51:00.627+0000] {processor.py:830} INFO - Processing file /opt/airflow/dags/dbt_local_dag.py for tasks to queue
[2025-11-02T10:51:00.630+0000] {logging_mixin.py:188} INFO - [2025-11-02T10:51:00.629+0000] {dagbag.py:538} INFO - Filling up the DagBag from /opt/airflow/dags/dbt_local_dag.py
[2025-11-02T10:51:00.765+0000] {processor.py:840} INFO - DAG(s) 'dag_dbt_pipeline' retrieved from /opt/airflow/dags/dbt_local_dag.py
[2025-11-02T10:51:02.154+0000] {logging_mixin.py:188} INFO - [2025-11-02T10:51:02.142+0000] {dag.py:3036} INFO - Sync 1 DAGs
[2025-11-02T10:51:02.468+0000] {logging_mixin.py:188} INFO - [2025-11-02T10:51:02.468+0000] {dag.py:3823} INFO - Setting next_dagrun for dag_dbt_pipeline to 2025-11-02 00:00:00+00:00, run_after=2025-11-03 00:00:00+00:00
[2025-11-02T10:51:02.619+0000] {processor.py:183} INFO - Processing /opt/airflow/dags/dbt_local_dag.py took 2.029 seconds
[2025-11-02T10:51:32.838+0000] {processor.py:161} INFO - Started process (PID=704) to work on /opt/airflow/dags/dbt_local_dag.py
[2025-11-02T10:51:32.840+0000] {processor.py:830} INFO - Processing file /opt/airflow/dags/dbt_local_dag.py for tasks to queue
[2025-11-02T10:51:32.843+0000] {logging_mixin.py:188} INFO - [2025-11-02T10:51:32.842+0000] {dagbag.py:538} INFO - Filling up the DagBag from /opt/airflow/dags/dbt_local_dag.py
[2025-11-02T10:51:32.890+0000] {processor.py:840} INFO - DAG(s) 'dag_dbt_pipeline' retrieved from /opt/airflow/dags/dbt_local_dag.py
[2025-11-02T10:51:32.952+0000] {logging_mixin.py:188} INFO - [2025-11-02T10:51:32.952+0000] {dag.py:3036} INFO - Sync 1 DAGs
[2025-11-02T10:51:33.099+0000] {logging_mixin.py:188} INFO - [2025-11-02T10:51:33.098+0000] {dag.py:3823} INFO - Setting next_dagrun for dag_dbt_pipeline to 2025-11-02 00:00:00+00:00, run_after=2025-11-03 00:00:00+00:00
[2025-11-02T10:51:33.382+0000] {processor.py:183} INFO - Processing /opt/airflow/dags/dbt_local_dag.py took 0.555 seconds
[2025-11-02T10:52:06.441+0000] {processor.py:161} INFO - Started process (PID=715) to work on /opt/airflow/dags/dbt_local_dag.py
[2025-11-02T10:52:06.443+0000] {processor.py:830} INFO - Processing file /opt/airflow/dags/dbt_local_dag.py for tasks to queue
[2025-11-02T10:52:06.444+0000] {logging_mixin.py:188} INFO - [2025-11-02T10:52:06.444+0000] {dagbag.py:538} INFO - Filling up the DagBag from /opt/airflow/dags/dbt_local_dag.py
[2025-11-02T10:52:06.480+0000] {processor.py:840} INFO - DAG(s) 'dag_dbt_pipeline' retrieved from /opt/airflow/dags/dbt_local_dag.py
[2025-11-02T10:52:06.606+0000] {logging_mixin.py:188} INFO - [2025-11-02T10:52:06.606+0000] {dag.py:3036} INFO - Sync 1 DAGs
[2025-11-02T10:52:06.670+0000] {logging_mixin.py:188} INFO - [2025-11-02T10:52:06.669+0000] {dag.py:3823} INFO - Setting next_dagrun for dag_dbt_pipeline to 2025-11-02 00:00:00+00:00, run_after=2025-11-03 00:00:00+00:00
[2025-11-02T10:52:06.728+0000] {processor.py:183} INFO - Processing /opt/airflow/dags/dbt_local_dag.py took 0.295 seconds
[2025-11-02T10:52:39.863+0000] {processor.py:161} INFO - Started process (PID=727) to work on /opt/airflow/dags/dbt_local_dag.py
[2025-11-02T10:52:39.879+0000] {processor.py:830} INFO - Processing file /opt/airflow/dags/dbt_local_dag.py for tasks to queue
[2025-11-02T10:52:39.881+0000] {logging_mixin.py:188} INFO - [2025-11-02T10:52:39.880+0000] {dagbag.py:538} INFO - Filling up the DagBag from /opt/airflow/dags/dbt_local_dag.py
[2025-11-02T10:52:39.994+0000] {processor.py:840} INFO - DAG(s) 'dag_dbt_pipeline' retrieved from /opt/airflow/dags/dbt_local_dag.py
[2025-11-02T10:52:40.174+0000] {logging_mixin.py:188} INFO - [2025-11-02T10:52:40.163+0000] {dag.py:3036} INFO - Sync 1 DAGs
[2025-11-02T10:52:40.285+0000] {logging_mixin.py:188} INFO - [2025-11-02T10:52:40.285+0000] {dag.py:3823} INFO - Setting next_dagrun for dag_dbt_pipeline to 2025-11-02 00:00:00+00:00, run_after=2025-11-03 00:00:00+00:00
[2025-11-02T10:52:40.396+0000] {processor.py:183} INFO - Processing /opt/airflow/dags/dbt_local_dag.py took 0.556 seconds
[2025-11-02T10:53:13.669+0000] {processor.py:161} INFO - Started process (PID=739) to work on /opt/airflow/dags/dbt_local_dag.py
[2025-11-02T10:53:13.673+0000] {processor.py:830} INFO - Processing file /opt/airflow/dags/dbt_local_dag.py for tasks to queue
[2025-11-02T10:53:13.676+0000] {logging_mixin.py:188} INFO - [2025-11-02T10:53:13.675+0000] {dagbag.py:538} INFO - Filling up the DagBag from /opt/airflow/dags/dbt_local_dag.py
[2025-11-02T10:53:13.714+0000] {processor.py:840} INFO - DAG(s) 'dag_dbt_pipeline' retrieved from /opt/airflow/dags/dbt_local_dag.py
[2025-11-02T10:53:14.078+0000] {logging_mixin.py:188} INFO - [2025-11-02T10:53:14.078+0000] {dag.py:3036} INFO - Sync 1 DAGs
[2025-11-02T10:53:14.119+0000] {logging_mixin.py:188} INFO - [2025-11-02T10:53:14.118+0000] {dag.py:3823} INFO - Setting next_dagrun for dag_dbt_pipeline to 2025-11-02 00:00:00+00:00, run_after=2025-11-03 00:00:00+00:00
[2025-11-02T10:53:14.406+0000] {processor.py:183} INFO - Processing /opt/airflow/dags/dbt_local_dag.py took 0.747 seconds
[2025-11-02T10:53:47.067+0000] {processor.py:161} INFO - Started process (PID=751) to work on /opt/airflow/dags/dbt_local_dag.py
[2025-11-02T10:53:47.070+0000] {processor.py:830} INFO - Processing file /opt/airflow/dags/dbt_local_dag.py for tasks to queue
[2025-11-02T10:53:47.072+0000] {logging_mixin.py:188} INFO - [2025-11-02T10:53:47.071+0000] {dagbag.py:538} INFO - Filling up the DagBag from /opt/airflow/dags/dbt_local_dag.py
[2025-11-02T10:53:47.322+0000] {processor.py:840} INFO - DAG(s) 'dag_dbt_pipeline' retrieved from /opt/airflow/dags/dbt_local_dag.py
[2025-11-02T10:53:47.371+0000] {logging_mixin.py:188} INFO - [2025-11-02T10:53:47.371+0000] {dag.py:3036} INFO - Sync 1 DAGs
[2025-11-02T10:53:47.512+0000] {logging_mixin.py:188} INFO - [2025-11-02T10:53:47.512+0000] {dag.py:3823} INFO - Setting next_dagrun for dag_dbt_pipeline to 2025-11-02 00:00:00+00:00, run_after=2025-11-03 00:00:00+00:00
[2025-11-02T10:53:47.659+0000] {processor.py:183} INFO - Processing /opt/airflow/dags/dbt_local_dag.py took 0.599 seconds
[2025-11-02T10:54:19.504+0000] {processor.py:161} INFO - Started process (PID=763) to work on /opt/airflow/dags/dbt_local_dag.py
[2025-11-02T10:54:19.513+0000] {processor.py:830} INFO - Processing file /opt/airflow/dags/dbt_local_dag.py for tasks to queue
[2025-11-02T10:54:19.515+0000] {logging_mixin.py:188} INFO - [2025-11-02T10:54:19.514+0000] {dagbag.py:538} INFO - Filling up the DagBag from /opt/airflow/dags/dbt_local_dag.py
[2025-11-02T10:54:19.589+0000] {processor.py:840} INFO - DAG(s) 'dag_dbt_pipeline' retrieved from /opt/airflow/dags/dbt_local_dag.py
[2025-11-02T10:54:19.796+0000] {logging_mixin.py:188} INFO - [2025-11-02T10:54:19.796+0000] {dag.py:3036} INFO - Sync 1 DAGs
[2025-11-02T10:54:19.839+0000] {logging_mixin.py:188} INFO - [2025-11-02T10:54:19.839+0000] {dag.py:3823} INFO - Setting next_dagrun for dag_dbt_pipeline to 2025-11-02 00:00:00+00:00, run_after=2025-11-03 00:00:00+00:00
[2025-11-02T10:54:19.933+0000] {processor.py:183} INFO - Processing /opt/airflow/dags/dbt_local_dag.py took 0.436 seconds
[2025-11-02T10:54:53.242+0000] {processor.py:161} INFO - Started process (PID=775) to work on /opt/airflow/dags/dbt_local_dag.py
[2025-11-02T10:54:53.245+0000] {processor.py:830} INFO - Processing file /opt/airflow/dags/dbt_local_dag.py for tasks to queue
[2025-11-02T10:54:53.248+0000] {logging_mixin.py:188} INFO - [2025-11-02T10:54:53.247+0000] {dagbag.py:538} INFO - Filling up the DagBag from /opt/airflow/dags/dbt_local_dag.py
[2025-11-02T10:54:53.327+0000] {processor.py:840} INFO - DAG(s) 'dag_dbt_pipeline' retrieved from /opt/airflow/dags/dbt_local_dag.py
[2025-11-02T10:54:53.431+0000] {logging_mixin.py:188} INFO - [2025-11-02T10:54:53.431+0000] {dag.py:3036} INFO - Sync 1 DAGs
[2025-11-02T10:54:53.528+0000] {logging_mixin.py:188} INFO - [2025-11-02T10:54:53.527+0000] {dag.py:3823} INFO - Setting next_dagrun for dag_dbt_pipeline to 2025-11-02 00:00:00+00:00, run_after=2025-11-03 00:00:00+00:00
[2025-11-02T10:54:53.593+0000] {processor.py:183} INFO - Processing /opt/airflow/dags/dbt_local_dag.py took 0.360 seconds
[2025-11-02T10:55:27.053+0000] {processor.py:161} INFO - Started process (PID=786) to work on /opt/airflow/dags/dbt_local_dag.py
[2025-11-02T10:55:27.056+0000] {processor.py:830} INFO - Processing file /opt/airflow/dags/dbt_local_dag.py for tasks to queue
[2025-11-02T10:55:27.059+0000] {logging_mixin.py:188} INFO - [2025-11-02T10:55:27.058+0000] {dagbag.py:538} INFO - Filling up the DagBag from /opt/airflow/dags/dbt_local_dag.py
[2025-11-02T10:55:27.100+0000] {processor.py:840} INFO - DAG(s) 'dag_dbt_pipeline' retrieved from /opt/airflow/dags/dbt_local_dag.py
[2025-11-02T10:55:27.152+0000] {logging_mixin.py:188} INFO - [2025-11-02T10:55:27.151+0000] {dag.py:3036} INFO - Sync 1 DAGs
[2025-11-02T10:55:27.218+0000] {logging_mixin.py:188} INFO - [2025-11-02T10:55:27.217+0000] {dag.py:3823} INFO - Setting next_dagrun for dag_dbt_pipeline to 2025-11-02 00:00:00+00:00, run_after=2025-11-03 00:00:00+00:00
[2025-11-02T10:55:27.262+0000] {processor.py:183} INFO - Processing /opt/airflow/dags/dbt_local_dag.py took 0.218 seconds
[2025-11-02T10:55:59.849+0000] {processor.py:161} INFO - Started process (PID=798) to work on /opt/airflow/dags/dbt_local_dag.py
[2025-11-02T10:55:59.851+0000] {processor.py:830} INFO - Processing file /opt/airflow/dags/dbt_local_dag.py for tasks to queue
[2025-11-02T10:55:59.853+0000] {logging_mixin.py:188} INFO - [2025-11-02T10:55:59.853+0000] {dagbag.py:538} INFO - Filling up the DagBag from /opt/airflow/dags/dbt_local_dag.py
[2025-11-02T10:55:59.896+0000] {processor.py:840} INFO - DAG(s) 'dag_dbt_pipeline' retrieved from /opt/airflow/dags/dbt_local_dag.py
[2025-11-02T10:56:00.109+0000] {logging_mixin.py:188} INFO - [2025-11-02T10:56:00.108+0000] {dag.py:3036} INFO - Sync 1 DAGs
[2025-11-02T10:56:00.333+0000] {logging_mixin.py:188} INFO - [2025-11-02T10:56:00.333+0000] {dag.py:3823} INFO - Setting next_dagrun for dag_dbt_pipeline to 2025-11-02 00:00:00+00:00, run_after=2025-11-03 00:00:00+00:00
[2025-11-02T10:56:00.441+0000] {processor.py:183} INFO - Processing /opt/airflow/dags/dbt_local_dag.py took 0.604 seconds
[2025-11-02T10:56:34.061+0000] {processor.py:161} INFO - Started process (PID=810) to work on /opt/airflow/dags/dbt_local_dag.py
[2025-11-02T10:56:34.067+0000] {processor.py:830} INFO - Processing file /opt/airflow/dags/dbt_local_dag.py for tasks to queue
[2025-11-02T10:56:34.070+0000] {logging_mixin.py:188} INFO - [2025-11-02T10:56:34.069+0000] {dagbag.py:538} INFO - Filling up the DagBag from /opt/airflow/dags/dbt_local_dag.py
[2025-11-02T10:56:34.123+0000] {processor.py:840} INFO - DAG(s) 'dag_dbt_pipeline' retrieved from /opt/airflow/dags/dbt_local_dag.py
[2025-11-02T10:56:34.199+0000] {logging_mixin.py:188} INFO - [2025-11-02T10:56:34.198+0000] {dag.py:3036} INFO - Sync 1 DAGs
[2025-11-02T10:56:34.246+0000] {logging_mixin.py:188} INFO - [2025-11-02T10:56:34.245+0000] {dag.py:3823} INFO - Setting next_dagrun for dag_dbt_pipeline to 2025-11-02 00:00:00+00:00, run_after=2025-11-03 00:00:00+00:00
[2025-11-02T10:56:34.283+0000] {processor.py:183} INFO - Processing /opt/airflow/dags/dbt_local_dag.py took 0.230 seconds
[2025-11-02T10:57:07.247+0000] {processor.py:161} INFO - Started process (PID=822) to work on /opt/airflow/dags/dbt_local_dag.py
[2025-11-02T10:57:07.258+0000] {processor.py:830} INFO - Processing file /opt/airflow/dags/dbt_local_dag.py for tasks to queue
[2025-11-02T10:57:07.260+0000] {logging_mixin.py:188} INFO - [2025-11-02T10:57:07.260+0000] {dagbag.py:538} INFO - Filling up the DagBag from /opt/airflow/dags/dbt_local_dag.py
[2025-11-02T10:57:07.332+0000] {processor.py:840} INFO - DAG(s) 'dag_dbt_pipeline' retrieved from /opt/airflow/dags/dbt_local_dag.py
[2025-11-02T10:57:07.410+0000] {logging_mixin.py:188} INFO - [2025-11-02T10:57:07.409+0000] {dag.py:3036} INFO - Sync 1 DAGs
[2025-11-02T10:57:07.472+0000] {logging_mixin.py:188} INFO - [2025-11-02T10:57:07.472+0000] {dag.py:3823} INFO - Setting next_dagrun for dag_dbt_pipeline to 2025-11-02 00:00:00+00:00, run_after=2025-11-03 00:00:00+00:00
[2025-11-02T10:57:07.524+0000] {processor.py:183} INFO - Processing /opt/airflow/dags/dbt_local_dag.py took 0.294 seconds
[2025-11-02T10:57:40.838+0000] {processor.py:161} INFO - Started process (PID=834) to work on /opt/airflow/dags/dbt_local_dag.py
[2025-11-02T10:57:40.883+0000] {processor.py:830} INFO - Processing file /opt/airflow/dags/dbt_local_dag.py for tasks to queue
[2025-11-02T10:57:40.912+0000] {logging_mixin.py:188} INFO - [2025-11-02T10:57:40.911+0000] {dagbag.py:538} INFO - Filling up the DagBag from /opt/airflow/dags/dbt_local_dag.py
[2025-11-02T10:57:42.080+0000] {processor.py:840} INFO - DAG(s) 'dag_dbt_pipeline' retrieved from /opt/airflow/dags/dbt_local_dag.py
[2025-11-02T10:57:42.311+0000] {logging_mixin.py:188} INFO - [2025-11-02T10:57:42.311+0000] {dag.py:3036} INFO - Sync 1 DAGs
[2025-11-02T10:57:42.509+0000] {logging_mixin.py:188} INFO - [2025-11-02T10:57:42.508+0000] {dag.py:3823} INFO - Setting next_dagrun for dag_dbt_pipeline to 2025-11-02 00:00:00+00:00, run_after=2025-11-03 00:00:00+00:00
[2025-11-02T10:57:42.677+0000] {processor.py:183} INFO - Processing /opt/airflow/dags/dbt_local_dag.py took 1.868 seconds
[2025-11-02T10:58:15.702+0000] {processor.py:161} INFO - Started process (PID=846) to work on /opt/airflow/dags/dbt_local_dag.py
[2025-11-02T10:58:15.743+0000] {processor.py:830} INFO - Processing file /opt/airflow/dags/dbt_local_dag.py for tasks to queue
[2025-11-02T10:58:15.789+0000] {logging_mixin.py:188} INFO - [2025-11-02T10:58:15.787+0000] {dagbag.py:538} INFO - Filling up the DagBag from /opt/airflow/dags/dbt_local_dag.py
[2025-11-02T10:58:16.565+0000] {processor.py:840} INFO - DAG(s) 'dag_dbt_pipeline' retrieved from /opt/airflow/dags/dbt_local_dag.py
[2025-11-02T10:58:16.740+0000] {logging_mixin.py:188} INFO - [2025-11-02T10:58:16.739+0000] {dag.py:3036} INFO - Sync 1 DAGs
[2025-11-02T10:58:16.983+0000] {logging_mixin.py:188} INFO - [2025-11-02T10:58:16.973+0000] {dag.py:3823} INFO - Setting next_dagrun for dag_dbt_pipeline to 2025-11-02 00:00:00+00:00, run_after=2025-11-03 00:00:00+00:00
[2025-11-02T10:58:17.325+0000] {processor.py:183} INFO - Processing /opt/airflow/dags/dbt_local_dag.py took 1.643 seconds
[2025-11-02T10:58:48.536+0000] {processor.py:161} INFO - Started process (PID=858) to work on /opt/airflow/dags/dbt_local_dag.py
[2025-11-02T10:58:48.546+0000] {processor.py:830} INFO - Processing file /opt/airflow/dags/dbt_local_dag.py for tasks to queue
[2025-11-02T10:58:48.553+0000] {logging_mixin.py:188} INFO - [2025-11-02T10:58:48.552+0000] {dagbag.py:538} INFO - Filling up the DagBag from /opt/airflow/dags/dbt_local_dag.py
[2025-11-02T10:58:48.768+0000] {processor.py:840} INFO - DAG(s) 'dag_dbt_pipeline' retrieved from /opt/airflow/dags/dbt_local_dag.py
[2025-11-02T10:58:48.895+0000] {logging_mixin.py:188} INFO - [2025-11-02T10:58:48.894+0000] {dag.py:3036} INFO - Sync 1 DAGs
[2025-11-02T10:58:49.089+0000] {logging_mixin.py:188} INFO - [2025-11-02T10:58:49.089+0000] {dag.py:3823} INFO - Setting next_dagrun for dag_dbt_pipeline to 2025-11-02 00:00:00+00:00, run_after=2025-11-03 00:00:00+00:00
[2025-11-02T10:58:49.606+0000] {processor.py:183} INFO - Processing /opt/airflow/dags/dbt_local_dag.py took 1.079 seconds
[2025-11-02T10:59:21.254+0000] {processor.py:161} INFO - Started process (PID=870) to work on /opt/airflow/dags/dbt_local_dag.py
[2025-11-02T10:59:21.270+0000] {processor.py:830} INFO - Processing file /opt/airflow/dags/dbt_local_dag.py for tasks to queue
[2025-11-02T10:59:21.282+0000] {logging_mixin.py:188} INFO - [2025-11-02T10:59:21.281+0000] {dagbag.py:538} INFO - Filling up the DagBag from /opt/airflow/dags/dbt_local_dag.py
[2025-11-02T10:59:21.451+0000] {processor.py:840} INFO - DAG(s) 'dag_dbt_pipeline' retrieved from /opt/airflow/dags/dbt_local_dag.py
[2025-11-02T10:59:21.668+0000] {logging_mixin.py:188} INFO - [2025-11-02T10:59:21.668+0000] {dag.py:3036} INFO - Sync 1 DAGs
[2025-11-02T10:59:21.803+0000] {logging_mixin.py:188} INFO - [2025-11-02T10:59:21.803+0000] {dag.py:3823} INFO - Setting next_dagrun for dag_dbt_pipeline to 2025-11-02 00:00:00+00:00, run_after=2025-11-03 00:00:00+00:00
[2025-11-02T10:59:21.987+0000] {processor.py:183} INFO - Processing /opt/airflow/dags/dbt_local_dag.py took 0.752 seconds
[2025-11-02T10:59:53.844+0000] {processor.py:161} INFO - Started process (PID=882) to work on /opt/airflow/dags/dbt_local_dag.py
[2025-11-02T10:59:53.848+0000] {processor.py:830} INFO - Processing file /opt/airflow/dags/dbt_local_dag.py for tasks to queue
[2025-11-02T10:59:53.850+0000] {logging_mixin.py:188} INFO - [2025-11-02T10:59:53.850+0000] {dagbag.py:538} INFO - Filling up the DagBag from /opt/airflow/dags/dbt_local_dag.py
[2025-11-02T10:59:53.920+0000] {processor.py:840} INFO - DAG(s) 'dag_dbt_pipeline' retrieved from /opt/airflow/dags/dbt_local_dag.py
[2025-11-02T10:59:54.085+0000] {logging_mixin.py:188} INFO - [2025-11-02T10:59:54.084+0000] {dag.py:3036} INFO - Sync 1 DAGs
[2025-11-02T10:59:54.157+0000] {logging_mixin.py:188} INFO - [2025-11-02T10:59:54.156+0000] {dag.py:3823} INFO - Setting next_dagrun for dag_dbt_pipeline to 2025-11-02 00:00:00+00:00, run_after=2025-11-03 00:00:00+00:00
[2025-11-02T10:59:54.278+0000] {processor.py:183} INFO - Processing /opt/airflow/dags/dbt_local_dag.py took 0.455 seconds
[2025-11-02T11:00:26.928+0000] {processor.py:161} INFO - Started process (PID=895) to work on /opt/airflow/dags/dbt_local_dag.py
[2025-11-02T11:00:26.930+0000] {processor.py:830} INFO - Processing file /opt/airflow/dags/dbt_local_dag.py for tasks to queue
[2025-11-02T11:00:26.932+0000] {logging_mixin.py:188} INFO - [2025-11-02T11:00:26.932+0000] {dagbag.py:538} INFO - Filling up the DagBag from /opt/airflow/dags/dbt_local_dag.py
[2025-11-02T11:00:26.978+0000] {processor.py:840} INFO - DAG(s) 'dag_dbt_pipeline' retrieved from /opt/airflow/dags/dbt_local_dag.py
[2025-11-02T11:00:27.035+0000] {logging_mixin.py:188} INFO - [2025-11-02T11:00:27.034+0000] {dag.py:3036} INFO - Sync 1 DAGs
[2025-11-02T11:00:27.093+0000] {logging_mixin.py:188} INFO - [2025-11-02T11:00:27.093+0000] {dag.py:3823} INFO - Setting next_dagrun for dag_dbt_pipeline to 2025-11-02 00:00:00+00:00, run_after=2025-11-03 00:00:00+00:00
[2025-11-02T11:00:27.140+0000] {processor.py:183} INFO - Processing /opt/airflow/dags/dbt_local_dag.py took 0.220 seconds
[2025-11-02T11:00:59.908+0000] {processor.py:161} INFO - Started process (PID=907) to work on /opt/airflow/dags/dbt_local_dag.py
[2025-11-02T11:00:59.911+0000] {processor.py:830} INFO - Processing file /opt/airflow/dags/dbt_local_dag.py for tasks to queue
[2025-11-02T11:00:59.914+0000] {logging_mixin.py:188} INFO - [2025-11-02T11:00:59.913+0000] {dagbag.py:538} INFO - Filling up the DagBag from /opt/airflow/dags/dbt_local_dag.py
[2025-11-02T11:00:59.953+0000] {processor.py:840} INFO - DAG(s) 'dag_dbt_pipeline' retrieved from /opt/airflow/dags/dbt_local_dag.py
[2025-11-02T11:01:00.001+0000] {logging_mixin.py:188} INFO - [2025-11-02T11:01:00.000+0000] {dag.py:3036} INFO - Sync 1 DAGs
[2025-11-02T11:01:00.048+0000] {logging_mixin.py:188} INFO - [2025-11-02T11:01:00.048+0000] {dag.py:3823} INFO - Setting next_dagrun for dag_dbt_pipeline to 2025-11-02 00:00:00+00:00, run_after=2025-11-03 00:00:00+00:00
[2025-11-02T11:01:00.358+0000] {processor.py:183} INFO - Processing /opt/airflow/dags/dbt_local_dag.py took 0.459 seconds
[2025-11-02T11:01:33.802+0000] {processor.py:161} INFO - Started process (PID=919) to work on /opt/airflow/dags/dbt_local_dag.py
[2025-11-02T11:01:33.804+0000] {processor.py:830} INFO - Processing file /opt/airflow/dags/dbt_local_dag.py for tasks to queue
[2025-11-02T11:01:33.805+0000] {logging_mixin.py:188} INFO - [2025-11-02T11:01:33.805+0000] {dagbag.py:538} INFO - Filling up the DagBag from /opt/airflow/dags/dbt_local_dag.py
[2025-11-02T11:01:33.841+0000] {processor.py:840} INFO - DAG(s) 'dag_dbt_pipeline' retrieved from /opt/airflow/dags/dbt_local_dag.py
[2025-11-02T11:01:33.957+0000] {logging_mixin.py:188} INFO - [2025-11-02T11:01:33.957+0000] {dag.py:3036} INFO - Sync 1 DAGs
[2025-11-02T11:01:34.110+0000] {logging_mixin.py:188} INFO - [2025-11-02T11:01:34.110+0000] {dag.py:3823} INFO - Setting next_dagrun for dag_dbt_pipeline to 2025-11-02 00:00:00+00:00, run_after=2025-11-03 00:00:00+00:00
[2025-11-02T11:01:34.229+0000] {processor.py:183} INFO - Processing /opt/airflow/dags/dbt_local_dag.py took 0.432 seconds
[2025-11-02T11:02:07.386+0000] {processor.py:161} INFO - Started process (PID=931) to work on /opt/airflow/dags/dbt_local_dag.py
[2025-11-02T11:02:07.391+0000] {processor.py:830} INFO - Processing file /opt/airflow/dags/dbt_local_dag.py for tasks to queue
[2025-11-02T11:02:07.394+0000] {logging_mixin.py:188} INFO - [2025-11-02T11:02:07.393+0000] {dagbag.py:538} INFO - Filling up the DagBag from /opt/airflow/dags/dbt_local_dag.py
[2025-11-02T11:02:07.440+0000] {processor.py:840} INFO - DAG(s) 'dag_dbt_pipeline' retrieved from /opt/airflow/dags/dbt_local_dag.py
[2025-11-02T11:02:07.489+0000] {logging_mixin.py:188} INFO - [2025-11-02T11:02:07.489+0000] {dag.py:3036} INFO - Sync 1 DAGs
[2025-11-02T11:02:07.528+0000] {logging_mixin.py:188} INFO - [2025-11-02T11:02:07.527+0000] {dag.py:3823} INFO - Setting next_dagrun for dag_dbt_pipeline to 2025-11-02 00:00:00+00:00, run_after=2025-11-03 00:00:00+00:00
[2025-11-02T11:02:07.564+0000] {processor.py:183} INFO - Processing /opt/airflow/dags/dbt_local_dag.py took 0.187 seconds
[2025-11-02T11:02:39.982+0000] {processor.py:161} INFO - Started process (PID=943) to work on /opt/airflow/dags/dbt_local_dag.py
[2025-11-02T11:02:39.985+0000] {processor.py:830} INFO - Processing file /opt/airflow/dags/dbt_local_dag.py for tasks to queue
[2025-11-02T11:02:39.990+0000] {logging_mixin.py:188} INFO - [2025-11-02T11:02:39.987+0000] {dagbag.py:538} INFO - Filling up the DagBag from /opt/airflow/dags/dbt_local_dag.py
[2025-11-02T11:02:40.055+0000] {processor.py:840} INFO - DAG(s) 'dag_dbt_pipeline' retrieved from /opt/airflow/dags/dbt_local_dag.py
[2025-11-02T11:02:40.141+0000] {logging_mixin.py:188} INFO - [2025-11-02T11:02:40.140+0000] {dag.py:3036} INFO - Sync 1 DAGs
[2025-11-02T11:02:40.231+0000] {logging_mixin.py:188} INFO - [2025-11-02T11:02:40.230+0000] {dag.py:3823} INFO - Setting next_dagrun for dag_dbt_pipeline to 2025-11-02 00:00:00+00:00, run_after=2025-11-03 00:00:00+00:00
[2025-11-02T11:02:40.297+0000] {processor.py:183} INFO - Processing /opt/airflow/dags/dbt_local_dag.py took 0.335 seconds
[2025-11-02T11:03:13.449+0000] {processor.py:161} INFO - Started process (PID=955) to work on /opt/airflow/dags/dbt_local_dag.py
[2025-11-02T11:03:13.453+0000] {processor.py:830} INFO - Processing file /opt/airflow/dags/dbt_local_dag.py for tasks to queue
[2025-11-02T11:03:13.456+0000] {logging_mixin.py:188} INFO - [2025-11-02T11:03:13.455+0000] {dagbag.py:538} INFO - Filling up the DagBag from /opt/airflow/dags/dbt_local_dag.py
[2025-11-02T11:03:13.534+0000] {processor.py:840} INFO - DAG(s) 'dag_dbt_pipeline' retrieved from /opt/airflow/dags/dbt_local_dag.py
[2025-11-02T11:03:13.606+0000] {logging_mixin.py:188} INFO - [2025-11-02T11:03:13.605+0000] {dag.py:3036} INFO - Sync 1 DAGs
[2025-11-02T11:03:13.721+0000] {logging_mixin.py:188} INFO - [2025-11-02T11:03:13.721+0000] {dag.py:3823} INFO - Setting next_dagrun for dag_dbt_pipeline to 2025-11-02 00:00:00+00:00, run_after=2025-11-03 00:00:00+00:00
[2025-11-02T11:03:13.787+0000] {processor.py:183} INFO - Processing /opt/airflow/dags/dbt_local_dag.py took 0.356 seconds
[2025-11-02T11:03:47.264+0000] {processor.py:161} INFO - Started process (PID=967) to work on /opt/airflow/dags/dbt_local_dag.py
[2025-11-02T11:03:47.267+0000] {processor.py:830} INFO - Processing file /opt/airflow/dags/dbt_local_dag.py for tasks to queue
[2025-11-02T11:03:47.270+0000] {logging_mixin.py:188} INFO - [2025-11-02T11:03:47.269+0000] {dagbag.py:538} INFO - Filling up the DagBag from /opt/airflow/dags/dbt_local_dag.py
[2025-11-02T11:03:47.311+0000] {processor.py:840} INFO - DAG(s) 'dag_dbt_pipeline' retrieved from /opt/airflow/dags/dbt_local_dag.py
[2025-11-02T11:03:47.374+0000] {logging_mixin.py:188} INFO - [2025-11-02T11:03:47.374+0000] {dag.py:3036} INFO - Sync 1 DAGs
[2025-11-02T11:03:47.418+0000] {logging_mixin.py:188} INFO - [2025-11-02T11:03:47.417+0000] {dag.py:3823} INFO - Setting next_dagrun for dag_dbt_pipeline to 2025-11-02 00:00:00+00:00, run_after=2025-11-03 00:00:00+00:00
[2025-11-02T11:03:47.455+0000] {processor.py:183} INFO - Processing /opt/airflow/dags/dbt_local_dag.py took 0.197 seconds
[2025-11-02T11:04:20.522+0000] {processor.py:161} INFO - Started process (PID=979) to work on /opt/airflow/dags/dbt_local_dag.py
[2025-11-02T11:04:20.526+0000] {processor.py:830} INFO - Processing file /opt/airflow/dags/dbt_local_dag.py for tasks to queue
[2025-11-02T11:04:20.528+0000] {logging_mixin.py:188} INFO - [2025-11-02T11:04:20.528+0000] {dagbag.py:538} INFO - Filling up the DagBag from /opt/airflow/dags/dbt_local_dag.py
[2025-11-02T11:04:20.570+0000] {processor.py:840} INFO - DAG(s) 'dag_dbt_pipeline' retrieved from /opt/airflow/dags/dbt_local_dag.py
[2025-11-02T11:04:20.618+0000] {logging_mixin.py:188} INFO - [2025-11-02T11:04:20.617+0000] {dag.py:3036} INFO - Sync 1 DAGs
[2025-11-02T11:04:20.654+0000] {logging_mixin.py:188} INFO - [2025-11-02T11:04:20.653+0000] {dag.py:3823} INFO - Setting next_dagrun for dag_dbt_pipeline to 2025-11-02 00:00:00+00:00, run_after=2025-11-03 00:00:00+00:00
[2025-11-02T11:04:20.698+0000] {processor.py:183} INFO - Processing /opt/airflow/dags/dbt_local_dag.py took 0.182 seconds
[2025-11-02T11:04:53.451+0000] {processor.py:161} INFO - Started process (PID=992) to work on /opt/airflow/dags/dbt_local_dag.py
[2025-11-02T11:04:53.455+0000] {processor.py:830} INFO - Processing file /opt/airflow/dags/dbt_local_dag.py for tasks to queue
[2025-11-02T11:04:53.459+0000] {logging_mixin.py:188} INFO - [2025-11-02T11:04:53.458+0000] {dagbag.py:538} INFO - Filling up the DagBag from /opt/airflow/dags/dbt_local_dag.py
[2025-11-02T11:04:53.516+0000] {processor.py:840} INFO - DAG(s) 'dag_dbt_pipeline' retrieved from /opt/airflow/dags/dbt_local_dag.py
[2025-11-02T11:04:53.564+0000] {logging_mixin.py:188} INFO - [2025-11-02T11:04:53.564+0000] {dag.py:3036} INFO - Sync 1 DAGs
[2025-11-02T11:04:53.610+0000] {logging_mixin.py:188} INFO - [2025-11-02T11:04:53.610+0000] {dag.py:3823} INFO - Setting next_dagrun for dag_dbt_pipeline to 2025-11-02 00:00:00+00:00, run_after=2025-11-03 00:00:00+00:00
[2025-11-02T11:04:53.647+0000] {processor.py:183} INFO - Processing /opt/airflow/dags/dbt_local_dag.py took 0.205 seconds
[2025-11-02T11:05:27.985+0000] {processor.py:161} INFO - Started process (PID=1004) to work on /opt/airflow/dags/dbt_local_dag.py
[2025-11-02T11:05:27.987+0000] {processor.py:830} INFO - Processing file /opt/airflow/dags/dbt_local_dag.py for tasks to queue
[2025-11-02T11:05:27.998+0000] {logging_mixin.py:188} INFO - [2025-11-02T11:05:27.998+0000] {dagbag.py:538} INFO - Filling up the DagBag from /opt/airflow/dags/dbt_local_dag.py
[2025-11-02T11:05:28.071+0000] {processor.py:840} INFO - DAG(s) 'dag_dbt_pipeline' retrieved from /opt/airflow/dags/dbt_local_dag.py
[2025-11-02T11:05:28.170+0000] {logging_mixin.py:188} INFO - [2025-11-02T11:05:28.170+0000] {dag.py:3036} INFO - Sync 1 DAGs
[2025-11-02T11:05:28.235+0000] {logging_mixin.py:188} INFO - [2025-11-02T11:05:28.235+0000] {dag.py:3823} INFO - Setting next_dagrun for dag_dbt_pipeline to 2025-11-02 00:00:00+00:00, run_after=2025-11-03 00:00:00+00:00
[2025-11-02T11:05:28.316+0000] {processor.py:183} INFO - Processing /opt/airflow/dags/dbt_local_dag.py took 0.354 seconds
[2025-11-02T11:06:00.429+0000] {processor.py:161} INFO - Started process (PID=1016) to work on /opt/airflow/dags/dbt_local_dag.py
[2025-11-02T11:06:00.432+0000] {processor.py:830} INFO - Processing file /opt/airflow/dags/dbt_local_dag.py for tasks to queue
[2025-11-02T11:06:00.436+0000] {logging_mixin.py:188} INFO - [2025-11-02T11:06:00.434+0000] {dagbag.py:538} INFO - Filling up the DagBag from /opt/airflow/dags/dbt_local_dag.py
[2025-11-02T11:06:00.481+0000] {processor.py:840} INFO - DAG(s) 'dag_dbt_pipeline' retrieved from /opt/airflow/dags/dbt_local_dag.py
[2025-11-02T11:06:00.529+0000] {logging_mixin.py:188} INFO - [2025-11-02T11:06:00.528+0000] {dag.py:3036} INFO - Sync 1 DAGs
[2025-11-02T11:06:00.575+0000] {logging_mixin.py:188} INFO - [2025-11-02T11:06:00.574+0000] {dag.py:3823} INFO - Setting next_dagrun for dag_dbt_pipeline to 2025-11-02 00:00:00+00:00, run_after=2025-11-03 00:00:00+00:00
[2025-11-02T11:06:00.624+0000] {processor.py:183} INFO - Processing /opt/airflow/dags/dbt_local_dag.py took 0.206 seconds
[2025-11-02T11:06:33.499+0000] {processor.py:161} INFO - Started process (PID=1028) to work on /opt/airflow/dags/dbt_local_dag.py
[2025-11-02T11:06:33.502+0000] {processor.py:830} INFO - Processing file /opt/airflow/dags/dbt_local_dag.py for tasks to queue
[2025-11-02T11:06:33.505+0000] {logging_mixin.py:188} INFO - [2025-11-02T11:06:33.504+0000] {dagbag.py:538} INFO - Filling up the DagBag from /opt/airflow/dags/dbt_local_dag.py
[2025-11-02T11:06:33.556+0000] {processor.py:840} INFO - DAG(s) 'dag_dbt_pipeline' retrieved from /opt/airflow/dags/dbt_local_dag.py
[2025-11-02T11:06:33.642+0000] {logging_mixin.py:188} INFO - [2025-11-02T11:06:33.642+0000] {dag.py:3036} INFO - Sync 1 DAGs
[2025-11-02T11:06:33.725+0000] {logging_mixin.py:188} INFO - [2025-11-02T11:06:33.725+0000] {dag.py:3823} INFO - Setting next_dagrun for dag_dbt_pipeline to 2025-11-02 00:00:00+00:00, run_after=2025-11-03 00:00:00+00:00
[2025-11-02T11:06:33.767+0000] {processor.py:183} INFO - Processing /opt/airflow/dags/dbt_local_dag.py took 0.387 seconds
[2025-11-02T11:07:06.817+0000] {processor.py:161} INFO - Started process (PID=1040) to work on /opt/airflow/dags/dbt_local_dag.py
[2025-11-02T11:07:06.819+0000] {processor.py:830} INFO - Processing file /opt/airflow/dags/dbt_local_dag.py for tasks to queue
[2025-11-02T11:07:06.823+0000] {logging_mixin.py:188} INFO - [2025-11-02T11:07:06.822+0000] {dagbag.py:538} INFO - Filling up the DagBag from /opt/airflow/dags/dbt_local_dag.py
[2025-11-02T11:07:06.937+0000] {processor.py:840} INFO - DAG(s) 'dag_dbt_pipeline' retrieved from /opt/airflow/dags/dbt_local_dag.py
[2025-11-02T11:07:07.051+0000] {logging_mixin.py:188} INFO - [2025-11-02T11:07:07.050+0000] {dag.py:3036} INFO - Sync 1 DAGs
[2025-11-02T11:07:07.264+0000] {logging_mixin.py:188} INFO - [2025-11-02T11:07:07.263+0000] {dag.py:3823} INFO - Setting next_dagrun for dag_dbt_pipeline to 2025-11-02 00:00:00+00:00, run_after=2025-11-03 00:00:00+00:00
[2025-11-02T11:07:07.383+0000] {processor.py:183} INFO - Processing /opt/airflow/dags/dbt_local_dag.py took 0.579 seconds
[2025-11-02T11:07:40.255+0000] {processor.py:161} INFO - Started process (PID=1052) to work on /opt/airflow/dags/dbt_local_dag.py
[2025-11-02T11:07:40.261+0000] {processor.py:830} INFO - Processing file /opt/airflow/dags/dbt_local_dag.py for tasks to queue
[2025-11-02T11:07:40.265+0000] {logging_mixin.py:188} INFO - [2025-11-02T11:07:40.264+0000] {dagbag.py:538} INFO - Filling up the DagBag from /opt/airflow/dags/dbt_local_dag.py
[2025-11-02T11:07:40.413+0000] {processor.py:840} INFO - DAG(s) 'dag_dbt_pipeline' retrieved from /opt/airflow/dags/dbt_local_dag.py
[2025-11-02T11:07:40.614+0000] {logging_mixin.py:188} INFO - [2025-11-02T11:07:40.605+0000] {dag.py:3036} INFO - Sync 1 DAGs
[2025-11-02T11:07:40.780+0000] {logging_mixin.py:188} INFO - [2025-11-02T11:07:40.780+0000] {dag.py:3823} INFO - Setting next_dagrun for dag_dbt_pipeline to 2025-11-02 00:00:00+00:00, run_after=2025-11-03 00:00:00+00:00
[2025-11-02T11:07:40.885+0000] {processor.py:183} INFO - Processing /opt/airflow/dags/dbt_local_dag.py took 0.680 seconds
[2025-11-02T11:08:13.484+0000] {processor.py:161} INFO - Started process (PID=1064) to work on /opt/airflow/dags/dbt_local_dag.py
[2025-11-02T11:08:13.543+0000] {processor.py:830} INFO - Processing file /opt/airflow/dags/dbt_local_dag.py for tasks to queue
[2025-11-02T11:08:13.550+0000] {logging_mixin.py:188} INFO - [2025-11-02T11:08:13.549+0000] {dagbag.py:538} INFO - Filling up the DagBag from /opt/airflow/dags/dbt_local_dag.py
[2025-11-02T11:08:13.682+0000] {processor.py:840} INFO - DAG(s) 'dag_dbt_pipeline' retrieved from /opt/airflow/dags/dbt_local_dag.py
[2025-11-02T11:08:13.851+0000] {logging_mixin.py:188} INFO - [2025-11-02T11:08:13.851+0000] {dag.py:3036} INFO - Sync 1 DAGs
[2025-11-02T11:08:13.956+0000] {logging_mixin.py:188} INFO - [2025-11-02T11:08:13.956+0000] {dag.py:3823} INFO - Setting next_dagrun for dag_dbt_pipeline to 2025-11-02 00:00:00+00:00, run_after=2025-11-03 00:00:00+00:00
[2025-11-02T11:08:14.053+0000] {processor.py:183} INFO - Processing /opt/airflow/dags/dbt_local_dag.py took 0.577 seconds
[2025-11-02T11:08:47.104+0000] {processor.py:161} INFO - Started process (PID=1076) to work on /opt/airflow/dags/dbt_local_dag.py
[2025-11-02T11:08:47.120+0000] {processor.py:830} INFO - Processing file /opt/airflow/dags/dbt_local_dag.py for tasks to queue
[2025-11-02T11:08:47.130+0000] {logging_mixin.py:188} INFO - [2025-11-02T11:08:47.128+0000] {dagbag.py:538} INFO - Filling up the DagBag from /opt/airflow/dags/dbt_local_dag.py
[2025-11-02T11:08:47.223+0000] {processor.py:840} INFO - DAG(s) 'dag_dbt_pipeline' retrieved from /opt/airflow/dags/dbt_local_dag.py
[2025-11-02T11:08:47.334+0000] {logging_mixin.py:188} INFO - [2025-11-02T11:08:47.333+0000] {dag.py:3036} INFO - Sync 1 DAGs
[2025-11-02T11:08:47.416+0000] {logging_mixin.py:188} INFO - [2025-11-02T11:08:47.416+0000] {dag.py:3823} INFO - Setting next_dagrun for dag_dbt_pipeline to 2025-11-02 00:00:00+00:00, run_after=2025-11-03 00:00:00+00:00
[2025-11-02T11:08:47.520+0000] {processor.py:183} INFO - Processing /opt/airflow/dags/dbt_local_dag.py took 0.449 seconds
[2025-11-02T11:09:20.291+0000] {processor.py:161} INFO - Started process (PID=1088) to work on /opt/airflow/dags/dbt_local_dag.py
[2025-11-02T11:09:20.295+0000] {processor.py:830} INFO - Processing file /opt/airflow/dags/dbt_local_dag.py for tasks to queue
[2025-11-02T11:09:20.306+0000] {logging_mixin.py:188} INFO - [2025-11-02T11:09:20.305+0000] {dagbag.py:538} INFO - Filling up the DagBag from /opt/airflow/dags/dbt_local_dag.py
[2025-11-02T11:09:20.390+0000] {processor.py:840} INFO - DAG(s) 'dag_dbt_pipeline' retrieved from /opt/airflow/dags/dbt_local_dag.py
[2025-11-02T11:09:20.603+0000] {logging_mixin.py:188} INFO - [2025-11-02T11:09:20.602+0000] {dag.py:3036} INFO - Sync 1 DAGs
[2025-11-02T11:09:20.807+0000] {logging_mixin.py:188} INFO - [2025-11-02T11:09:20.807+0000] {dag.py:3823} INFO - Setting next_dagrun for dag_dbt_pipeline to 2025-11-02 00:00:00+00:00, run_after=2025-11-03 00:00:00+00:00
[2025-11-02T11:09:21.059+0000] {processor.py:183} INFO - Processing /opt/airflow/dags/dbt_local_dag.py took 0.792 seconds
[2025-11-02T11:09:53.925+0000] {processor.py:161} INFO - Started process (PID=1100) to work on /opt/airflow/dags/dbt_local_dag.py
[2025-11-02T11:09:53.928+0000] {processor.py:830} INFO - Processing file /opt/airflow/dags/dbt_local_dag.py for tasks to queue
[2025-11-02T11:09:53.930+0000] {logging_mixin.py:188} INFO - [2025-11-02T11:09:53.929+0000] {dagbag.py:538} INFO - Filling up the DagBag from /opt/airflow/dags/dbt_local_dag.py
[2025-11-02T11:09:53.985+0000] {processor.py:840} INFO - DAG(s) 'dag_dbt_pipeline' retrieved from /opt/airflow/dags/dbt_local_dag.py
[2025-11-02T11:09:54.029+0000] {logging_mixin.py:188} INFO - [2025-11-02T11:09:54.029+0000] {dag.py:3036} INFO - Sync 1 DAGs
[2025-11-02T11:09:54.086+0000] {logging_mixin.py:188} INFO - [2025-11-02T11:09:54.086+0000] {dag.py:3823} INFO - Setting next_dagrun for dag_dbt_pipeline to 2025-11-02 00:00:00+00:00, run_after=2025-11-03 00:00:00+00:00
[2025-11-02T11:09:54.487+0000] {processor.py:183} INFO - Processing /opt/airflow/dags/dbt_local_dag.py took 0.581 seconds
[2025-11-02T11:10:27.657+0000] {processor.py:161} INFO - Started process (PID=1112) to work on /opt/airflow/dags/dbt_local_dag.py
[2025-11-02T11:10:27.661+0000] {processor.py:830} INFO - Processing file /opt/airflow/dags/dbt_local_dag.py for tasks to queue
[2025-11-02T11:10:27.664+0000] {logging_mixin.py:188} INFO - [2025-11-02T11:10:27.663+0000] {dagbag.py:538} INFO - Filling up the DagBag from /opt/airflow/dags/dbt_local_dag.py
[2025-11-02T11:10:27.708+0000] {processor.py:840} INFO - DAG(s) 'dag_dbt_pipeline' retrieved from /opt/airflow/dags/dbt_local_dag.py
[2025-11-02T11:10:27.755+0000] {logging_mixin.py:188} INFO - [2025-11-02T11:10:27.754+0000] {dag.py:3036} INFO - Sync 1 DAGs
[2025-11-02T11:10:27.801+0000] {logging_mixin.py:188} INFO - [2025-11-02T11:10:27.801+0000] {dag.py:3823} INFO - Setting next_dagrun for dag_dbt_pipeline to 2025-11-02 00:00:00+00:00, run_after=2025-11-03 00:00:00+00:00
[2025-11-02T11:10:27.916+0000] {processor.py:183} INFO - Processing /opt/airflow/dags/dbt_local_dag.py took 0.295 seconds
[2025-11-02T11:11:00.908+0000] {processor.py:161} INFO - Started process (PID=1124) to work on /opt/airflow/dags/dbt_local_dag.py
[2025-11-02T11:11:00.910+0000] {processor.py:830} INFO - Processing file /opt/airflow/dags/dbt_local_dag.py for tasks to queue
[2025-11-02T11:11:00.912+0000] {logging_mixin.py:188} INFO - [2025-11-02T11:11:00.911+0000] {dagbag.py:538} INFO - Filling up the DagBag from /opt/airflow/dags/dbt_local_dag.py
[2025-11-02T11:11:00.951+0000] {processor.py:840} INFO - DAG(s) 'dag_dbt_pipeline' retrieved from /opt/airflow/dags/dbt_local_dag.py
[2025-11-02T11:11:01.031+0000] {logging_mixin.py:188} INFO - [2025-11-02T11:11:01.030+0000] {dag.py:3036} INFO - Sync 1 DAGs
[2025-11-02T11:11:01.073+0000] {logging_mixin.py:188} INFO - [2025-11-02T11:11:01.073+0000] {dag.py:3823} INFO - Setting next_dagrun for dag_dbt_pipeline to 2025-11-02 00:00:00+00:00, run_after=2025-11-03 00:00:00+00:00
[2025-11-02T11:11:01.113+0000] {processor.py:183} INFO - Processing /opt/airflow/dags/dbt_local_dag.py took 0.221 seconds
[2025-11-02T11:11:33.371+0000] {processor.py:161} INFO - Started process (PID=1136) to work on /opt/airflow/dags/dbt_local_dag.py
[2025-11-02T11:11:33.374+0000] {processor.py:830} INFO - Processing file /opt/airflow/dags/dbt_local_dag.py for tasks to queue
[2025-11-02T11:11:33.377+0000] {logging_mixin.py:188} INFO - [2025-11-02T11:11:33.376+0000] {dagbag.py:538} INFO - Filling up the DagBag from /opt/airflow/dags/dbt_local_dag.py
[2025-11-02T11:11:33.417+0000] {processor.py:840} INFO - DAG(s) 'dag_dbt_pipeline' retrieved from /opt/airflow/dags/dbt_local_dag.py
[2025-11-02T11:11:33.473+0000] {logging_mixin.py:188} INFO - [2025-11-02T11:11:33.473+0000] {dag.py:3036} INFO - Sync 1 DAGs
[2025-11-02T11:11:33.514+0000] {logging_mixin.py:188} INFO - [2025-11-02T11:11:33.514+0000] {dag.py:3823} INFO - Setting next_dagrun for dag_dbt_pipeline to 2025-11-02 00:00:00+00:00, run_after=2025-11-03 00:00:00+00:00
[2025-11-02T11:11:33.552+0000] {processor.py:183} INFO - Processing /opt/airflow/dags/dbt_local_dag.py took 0.189 seconds
[2025-11-02T11:12:06.783+0000] {processor.py:161} INFO - Started process (PID=1148) to work on /opt/airflow/dags/dbt_local_dag.py
[2025-11-02T11:12:06.785+0000] {processor.py:830} INFO - Processing file /opt/airflow/dags/dbt_local_dag.py for tasks to queue
[2025-11-02T11:12:06.787+0000] {logging_mixin.py:188} INFO - [2025-11-02T11:12:06.786+0000] {dagbag.py:538} INFO - Filling up the DagBag from /opt/airflow/dags/dbt_local_dag.py
[2025-11-02T11:12:06.828+0000] {processor.py:840} INFO - DAG(s) 'dag_dbt_pipeline' retrieved from /opt/airflow/dags/dbt_local_dag.py
[2025-11-02T11:12:06.879+0000] {logging_mixin.py:188} INFO - [2025-11-02T11:12:06.879+0000] {dag.py:3036} INFO - Sync 1 DAGs
[2025-11-02T11:12:06.916+0000] {logging_mixin.py:188} INFO - [2025-11-02T11:12:06.915+0000] {dag.py:3823} INFO - Setting next_dagrun for dag_dbt_pipeline to 2025-11-02 00:00:00+00:00, run_after=2025-11-03 00:00:00+00:00
[2025-11-02T11:12:06.975+0000] {processor.py:183} INFO - Processing /opt/airflow/dags/dbt_local_dag.py took 0.202 seconds
[2025-11-02T11:12:40.137+0000] {processor.py:161} INFO - Started process (PID=1160) to work on /opt/airflow/dags/dbt_local_dag.py
[2025-11-02T11:12:40.141+0000] {processor.py:830} INFO - Processing file /opt/airflow/dags/dbt_local_dag.py for tasks to queue
[2025-11-02T11:12:40.147+0000] {logging_mixin.py:188} INFO - [2025-11-02T11:12:40.146+0000] {dagbag.py:538} INFO - Filling up the DagBag from /opt/airflow/dags/dbt_local_dag.py
[2025-11-02T11:12:40.186+0000] {processor.py:840} INFO - DAG(s) 'dag_dbt_pipeline' retrieved from /opt/airflow/dags/dbt_local_dag.py
[2025-11-02T11:12:40.238+0000] {logging_mixin.py:188} INFO - [2025-11-02T11:12:40.238+0000] {dag.py:3036} INFO - Sync 1 DAGs
[2025-11-02T11:12:40.282+0000] {logging_mixin.py:188} INFO - [2025-11-02T11:12:40.282+0000] {dag.py:3823} INFO - Setting next_dagrun for dag_dbt_pipeline to 2025-11-02 00:00:00+00:00, run_after=2025-11-03 00:00:00+00:00
[2025-11-02T11:12:40.336+0000] {processor.py:183} INFO - Processing /opt/airflow/dags/dbt_local_dag.py took 0.213 seconds
[2025-11-02T11:13:13.532+0000] {processor.py:161} INFO - Started process (PID=1172) to work on /opt/airflow/dags/dbt_local_dag.py
[2025-11-02T11:13:13.534+0000] {processor.py:830} INFO - Processing file /opt/airflow/dags/dbt_local_dag.py for tasks to queue
[2025-11-02T11:13:13.535+0000] {logging_mixin.py:188} INFO - [2025-11-02T11:13:13.535+0000] {dagbag.py:538} INFO - Filling up the DagBag from /opt/airflow/dags/dbt_local_dag.py
[2025-11-02T11:13:13.574+0000] {processor.py:840} INFO - DAG(s) 'dag_dbt_pipeline' retrieved from /opt/airflow/dags/dbt_local_dag.py
[2025-11-02T11:13:13.619+0000] {logging_mixin.py:188} INFO - [2025-11-02T11:13:13.619+0000] {dag.py:3036} INFO - Sync 1 DAGs
[2025-11-02T11:13:13.661+0000] {logging_mixin.py:188} INFO - [2025-11-02T11:13:13.661+0000] {dag.py:3823} INFO - Setting next_dagrun for dag_dbt_pipeline to 2025-11-02 00:00:00+00:00, run_after=2025-11-03 00:00:00+00:00
[2025-11-02T11:13:13.696+0000] {processor.py:183} INFO - Processing /opt/airflow/dags/dbt_local_dag.py took 0.173 seconds
[2025-11-02T11:13:47.081+0000] {processor.py:161} INFO - Started process (PID=1184) to work on /opt/airflow/dags/dbt_local_dag.py
[2025-11-02T11:13:47.084+0000] {processor.py:830} INFO - Processing file /opt/airflow/dags/dbt_local_dag.py for tasks to queue
[2025-11-02T11:13:47.086+0000] {logging_mixin.py:188} INFO - [2025-11-02T11:13:47.086+0000] {dagbag.py:538} INFO - Filling up the DagBag from /opt/airflow/dags/dbt_local_dag.py
[2025-11-02T11:13:47.138+0000] {processor.py:840} INFO - DAG(s) 'dag_dbt_pipeline' retrieved from /opt/airflow/dags/dbt_local_dag.py
[2025-11-02T11:13:47.202+0000] {logging_mixin.py:188} INFO - [2025-11-02T11:13:47.202+0000] {dag.py:3036} INFO - Sync 1 DAGs
[2025-11-02T11:13:47.247+0000] {logging_mixin.py:188} INFO - [2025-11-02T11:13:47.246+0000] {dag.py:3823} INFO - Setting next_dagrun for dag_dbt_pipeline to 2025-11-02 00:00:00+00:00, run_after=2025-11-03 00:00:00+00:00
[2025-11-02T11:13:47.294+0000] {processor.py:183} INFO - Processing /opt/airflow/dags/dbt_local_dag.py took 0.221 seconds
[2025-11-02T11:14:20.079+0000] {processor.py:161} INFO - Started process (PID=1196) to work on /opt/airflow/dags/dbt_local_dag.py
[2025-11-02T11:14:20.081+0000] {processor.py:830} INFO - Processing file /opt/airflow/dags/dbt_local_dag.py for tasks to queue
[2025-11-02T11:14:20.083+0000] {logging_mixin.py:188} INFO - [2025-11-02T11:14:20.082+0000] {dagbag.py:538} INFO - Filling up the DagBag from /opt/airflow/dags/dbt_local_dag.py
[2025-11-02T11:14:20.134+0000] {processor.py:840} INFO - DAG(s) 'dag_dbt_pipeline' retrieved from /opt/airflow/dags/dbt_local_dag.py
[2025-11-02T11:14:20.180+0000] {logging_mixin.py:188} INFO - [2025-11-02T11:14:20.179+0000] {dag.py:3036} INFO - Sync 1 DAGs
[2025-11-02T11:14:20.247+0000] {logging_mixin.py:188} INFO - [2025-11-02T11:14:20.247+0000] {dag.py:3823} INFO - Setting next_dagrun for dag_dbt_pipeline to 2025-11-02 00:00:00+00:00, run_after=2025-11-03 00:00:00+00:00
[2025-11-02T11:14:20.283+0000] {processor.py:183} INFO - Processing /opt/airflow/dags/dbt_local_dag.py took 0.214 seconds
[2025-11-02T11:14:53.797+0000] {processor.py:161} INFO - Started process (PID=1208) to work on /opt/airflow/dags/dbt_local_dag.py
[2025-11-02T11:14:53.802+0000] {processor.py:830} INFO - Processing file /opt/airflow/dags/dbt_local_dag.py for tasks to queue
[2025-11-02T11:14:53.804+0000] {logging_mixin.py:188} INFO - [2025-11-02T11:14:53.803+0000] {dagbag.py:538} INFO - Filling up the DagBag from /opt/airflow/dags/dbt_local_dag.py
[2025-11-02T11:14:53.851+0000] {processor.py:840} INFO - DAG(s) 'dag_dbt_pipeline' retrieved from /opt/airflow/dags/dbt_local_dag.py
[2025-11-02T11:14:53.931+0000] {logging_mixin.py:188} INFO - [2025-11-02T11:14:53.930+0000] {dag.py:3036} INFO - Sync 1 DAGs
[2025-11-02T11:14:53.981+0000] {logging_mixin.py:188} INFO - [2025-11-02T11:14:53.981+0000] {dag.py:3823} INFO - Setting next_dagrun for dag_dbt_pipeline to 2025-11-02 00:00:00+00:00, run_after=2025-11-03 00:00:00+00:00
[2025-11-02T11:14:54.031+0000] {processor.py:183} INFO - Processing /opt/airflow/dags/dbt_local_dag.py took 0.246 seconds
[2025-11-02T11:15:26.800+0000] {processor.py:161} INFO - Started process (PID=1220) to work on /opt/airflow/dags/dbt_local_dag.py
[2025-11-02T11:15:26.803+0000] {processor.py:830} INFO - Processing file /opt/airflow/dags/dbt_local_dag.py for tasks to queue
[2025-11-02T11:15:26.806+0000] {logging_mixin.py:188} INFO - [2025-11-02T11:15:26.805+0000] {dagbag.py:538} INFO - Filling up the DagBag from /opt/airflow/dags/dbt_local_dag.py
[2025-11-02T11:15:26.858+0000] {processor.py:840} INFO - DAG(s) 'dag_dbt_pipeline' retrieved from /opt/airflow/dags/dbt_local_dag.py
[2025-11-02T11:15:26.940+0000] {logging_mixin.py:188} INFO - [2025-11-02T11:15:26.939+0000] {dag.py:3036} INFO - Sync 1 DAGs
[2025-11-02T11:15:26.980+0000] {logging_mixin.py:188} INFO - [2025-11-02T11:15:26.979+0000] {dag.py:3823} INFO - Setting next_dagrun for dag_dbt_pipeline to 2025-11-02 00:00:00+00:00, run_after=2025-11-03 00:00:00+00:00
[2025-11-02T11:15:27.020+0000] {processor.py:183} INFO - Processing /opt/airflow/dags/dbt_local_dag.py took 0.230 seconds
[2025-11-02T11:16:00.790+0000] {processor.py:161} INFO - Started process (PID=1232) to work on /opt/airflow/dags/dbt_local_dag.py
[2025-11-02T11:16:00.802+0000] {processor.py:830} INFO - Processing file /opt/airflow/dags/dbt_local_dag.py for tasks to queue
[2025-11-02T11:16:00.813+0000] {logging_mixin.py:188} INFO - [2025-11-02T11:16:00.812+0000] {dagbag.py:538} INFO - Filling up the DagBag from /opt/airflow/dags/dbt_local_dag.py
[2025-11-02T11:16:01.018+0000] {processor.py:840} INFO - DAG(s) 'dag_dbt_pipeline' retrieved from /opt/airflow/dags/dbt_local_dag.py
[2025-11-02T11:16:01.152+0000] {logging_mixin.py:188} INFO - [2025-11-02T11:16:01.143+0000] {dag.py:3036} INFO - Sync 1 DAGs
[2025-11-02T11:16:01.304+0000] {logging_mixin.py:188} INFO - [2025-11-02T11:16:01.304+0000] {dag.py:3823} INFO - Setting next_dagrun for dag_dbt_pipeline to 2025-11-02 00:00:00+00:00, run_after=2025-11-03 00:00:00+00:00
[2025-11-02T11:16:01.380+0000] {processor.py:183} INFO - Processing /opt/airflow/dags/dbt_local_dag.py took 0.600 seconds
[2025-11-02T11:16:34.081+0000] {processor.py:161} INFO - Started process (PID=1243) to work on /opt/airflow/dags/dbt_local_dag.py
[2025-11-02T11:16:34.086+0000] {processor.py:830} INFO - Processing file /opt/airflow/dags/dbt_local_dag.py for tasks to queue
[2025-11-02T11:16:34.090+0000] {logging_mixin.py:188} INFO - [2025-11-02T11:16:34.089+0000] {dagbag.py:538} INFO - Filling up the DagBag from /opt/airflow/dags/dbt_local_dag.py
[2025-11-02T11:16:34.169+0000] {processor.py:840} INFO - DAG(s) 'dag_dbt_pipeline' retrieved from /opt/airflow/dags/dbt_local_dag.py
[2025-11-02T11:16:34.243+0000] {logging_mixin.py:188} INFO - [2025-11-02T11:16:34.242+0000] {dag.py:3036} INFO - Sync 1 DAGs
[2025-11-02T11:16:34.362+0000] {logging_mixin.py:188} INFO - [2025-11-02T11:16:34.361+0000] {dag.py:3823} INFO - Setting next_dagrun for dag_dbt_pipeline to 2025-11-02 00:00:00+00:00, run_after=2025-11-03 00:00:00+00:00
[2025-11-02T11:16:34.495+0000] {processor.py:183} INFO - Processing /opt/airflow/dags/dbt_local_dag.py took 0.423 seconds
[2025-11-02T11:17:07.049+0000] {processor.py:161} INFO - Started process (PID=1255) to work on /opt/airflow/dags/dbt_local_dag.py
[2025-11-02T11:17:07.052+0000] {processor.py:830} INFO - Processing file /opt/airflow/dags/dbt_local_dag.py for tasks to queue
[2025-11-02T11:17:07.054+0000] {logging_mixin.py:188} INFO - [2025-11-02T11:17:07.053+0000] {dagbag.py:538} INFO - Filling up the DagBag from /opt/airflow/dags/dbt_local_dag.py
[2025-11-02T11:17:07.102+0000] {processor.py:840} INFO - DAG(s) 'dag_dbt_pipeline' retrieved from /opt/airflow/dags/dbt_local_dag.py
[2025-11-02T11:17:07.160+0000] {logging_mixin.py:188} INFO - [2025-11-02T11:17:07.159+0000] {dag.py:3036} INFO - Sync 1 DAGs
[2025-11-02T11:17:07.214+0000] {logging_mixin.py:188} INFO - [2025-11-02T11:17:07.214+0000] {dag.py:3823} INFO - Setting next_dagrun for dag_dbt_pipeline to 2025-11-02 00:00:00+00:00, run_after=2025-11-03 00:00:00+00:00
[2025-11-02T11:17:07.295+0000] {processor.py:183} INFO - Processing /opt/airflow/dags/dbt_local_dag.py took 0.259 seconds
[2025-11-02T11:17:40.377+0000] {processor.py:161} INFO - Started process (PID=1267) to work on /opt/airflow/dags/dbt_local_dag.py
[2025-11-02T11:17:40.384+0000] {processor.py:830} INFO - Processing file /opt/airflow/dags/dbt_local_dag.py for tasks to queue
[2025-11-02T11:17:40.387+0000] {logging_mixin.py:188} INFO - [2025-11-02T11:17:40.386+0000] {dagbag.py:538} INFO - Filling up the DagBag from /opt/airflow/dags/dbt_local_dag.py
[2025-11-02T11:17:40.600+0000] {processor.py:840} INFO - DAG(s) 'dag_dbt_pipeline' retrieved from /opt/airflow/dags/dbt_local_dag.py
[2025-11-02T11:17:40.755+0000] {logging_mixin.py:188} INFO - [2025-11-02T11:17:40.754+0000] {dag.py:3036} INFO - Sync 1 DAGs
[2025-11-02T11:17:40.856+0000] {logging_mixin.py:188} INFO - [2025-11-02T11:17:40.855+0000] {dag.py:3823} INFO - Setting next_dagrun for dag_dbt_pipeline to 2025-11-02 00:00:00+00:00, run_after=2025-11-03 00:00:00+00:00
[2025-11-02T11:17:40.977+0000] {processor.py:183} INFO - Processing /opt/airflow/dags/dbt_local_dag.py took 0.618 seconds
[2025-11-02T11:18:13.412+0000] {processor.py:161} INFO - Started process (PID=1279) to work on /opt/airflow/dags/dbt_local_dag.py
[2025-11-02T11:18:13.415+0000] {processor.py:830} INFO - Processing file /opt/airflow/dags/dbt_local_dag.py for tasks to queue
[2025-11-02T11:18:13.419+0000] {logging_mixin.py:188} INFO - [2025-11-02T11:18:13.418+0000] {dagbag.py:538} INFO - Filling up the DagBag from /opt/airflow/dags/dbt_local_dag.py
[2025-11-02T11:18:13.483+0000] {processor.py:840} INFO - DAG(s) 'dag_dbt_pipeline' retrieved from /opt/airflow/dags/dbt_local_dag.py
[2025-11-02T11:18:13.580+0000] {logging_mixin.py:188} INFO - [2025-11-02T11:18:13.580+0000] {dag.py:3036} INFO - Sync 1 DAGs
[2025-11-02T11:18:13.664+0000] {logging_mixin.py:188} INFO - [2025-11-02T11:18:13.664+0000] {dag.py:3823} INFO - Setting next_dagrun for dag_dbt_pipeline to 2025-11-02 00:00:00+00:00, run_after=2025-11-03 00:00:00+00:00
[2025-11-02T11:18:13.718+0000] {processor.py:183} INFO - Processing /opt/airflow/dags/dbt_local_dag.py took 0.315 seconds
[2025-11-02T11:18:47.682+0000] {processor.py:161} INFO - Started process (PID=1291) to work on /opt/airflow/dags/dbt_local_dag.py
[2025-11-02T11:18:47.687+0000] {processor.py:830} INFO - Processing file /opt/airflow/dags/dbt_local_dag.py for tasks to queue
[2025-11-02T11:18:47.693+0000] {logging_mixin.py:188} INFO - [2025-11-02T11:18:47.690+0000] {dagbag.py:538} INFO - Filling up the DagBag from /opt/airflow/dags/dbt_local_dag.py
[2025-11-02T11:18:47.741+0000] {processor.py:840} INFO - DAG(s) 'dag_dbt_pipeline' retrieved from /opt/airflow/dags/dbt_local_dag.py
[2025-11-02T11:18:47.797+0000] {logging_mixin.py:188} INFO - [2025-11-02T11:18:47.797+0000] {dag.py:3036} INFO - Sync 1 DAGs
[2025-11-02T11:18:47.874+0000] {logging_mixin.py:188} INFO - [2025-11-02T11:18:47.873+0000] {dag.py:3823} INFO - Setting next_dagrun for dag_dbt_pipeline to 2025-11-02 00:00:00+00:00, run_after=2025-11-03 00:00:00+00:00
[2025-11-02T11:18:48.055+0000] {processor.py:183} INFO - Processing /opt/airflow/dags/dbt_local_dag.py took 0.389 seconds
[2025-11-02T11:19:21.252+0000] {processor.py:161} INFO - Started process (PID=1303) to work on /opt/airflow/dags/dbt_local_dag.py
[2025-11-02T11:19:21.335+0000] {processor.py:830} INFO - Processing file /opt/airflow/dags/dbt_local_dag.py for tasks to queue
[2025-11-02T11:19:21.357+0000] {logging_mixin.py:188} INFO - [2025-11-02T11:19:21.349+0000] {dagbag.py:538} INFO - Filling up the DagBag from /opt/airflow/dags/dbt_local_dag.py
[2025-11-02T11:19:21.554+0000] {processor.py:840} INFO - DAG(s) 'dag_dbt_pipeline' retrieved from /opt/airflow/dags/dbt_local_dag.py
[2025-11-02T11:19:21.662+0000] {logging_mixin.py:188} INFO - [2025-11-02T11:19:21.662+0000] {dag.py:3036} INFO - Sync 1 DAGs
[2025-11-02T11:19:21.723+0000] {logging_mixin.py:188} INFO - [2025-11-02T11:19:21.722+0000] {dag.py:3823} INFO - Setting next_dagrun for dag_dbt_pipeline to 2025-11-02 00:00:00+00:00, run_after=2025-11-03 00:00:00+00:00
[2025-11-02T11:19:21.919+0000] {processor.py:183} INFO - Processing /opt/airflow/dags/dbt_local_dag.py took 0.691 seconds
[2025-11-02T11:19:53.784+0000] {processor.py:161} INFO - Started process (PID=1309) to work on /opt/airflow/dags/dbt_local_dag.py
[2025-11-02T11:19:53.787+0000] {processor.py:830} INFO - Processing file /opt/airflow/dags/dbt_local_dag.py for tasks to queue
[2025-11-02T11:19:53.791+0000] {logging_mixin.py:188} INFO - [2025-11-02T11:19:53.790+0000] {dagbag.py:538} INFO - Filling up the DagBag from /opt/airflow/dags/dbt_local_dag.py
[2025-11-02T11:19:53.844+0000] {processor.py:840} INFO - DAG(s) 'dag_dbt_pipeline' retrieved from /opt/airflow/dags/dbt_local_dag.py
[2025-11-02T11:19:53.921+0000] {logging_mixin.py:188} INFO - [2025-11-02T11:19:53.920+0000] {dag.py:3036} INFO - Sync 1 DAGs
[2025-11-02T11:19:54.017+0000] {logging_mixin.py:188} INFO - [2025-11-02T11:19:54.017+0000] {dag.py:3823} INFO - Setting next_dagrun for dag_dbt_pipeline to 2025-11-02 00:00:00+00:00, run_after=2025-11-03 00:00:00+00:00
[2025-11-02T11:19:54.197+0000] {processor.py:183} INFO - Processing /opt/airflow/dags/dbt_local_dag.py took 0.423 seconds
[2025-11-02T11:20:27.735+0000] {processor.py:161} INFO - Started process (PID=1321) to work on /opt/airflow/dags/dbt_local_dag.py
[2025-11-02T11:20:27.738+0000] {processor.py:830} INFO - Processing file /opt/airflow/dags/dbt_local_dag.py for tasks to queue
[2025-11-02T11:20:27.740+0000] {logging_mixin.py:188} INFO - [2025-11-02T11:20:27.739+0000] {dagbag.py:538} INFO - Filling up the DagBag from /opt/airflow/dags/dbt_local_dag.py
[2025-11-02T11:20:27.845+0000] {processor.py:840} INFO - DAG(s) 'dag_dbt_pipeline' retrieved from /opt/airflow/dags/dbt_local_dag.py
[2025-11-02T11:20:27.904+0000] {logging_mixin.py:188} INFO - [2025-11-02T11:20:27.903+0000] {dag.py:3036} INFO - Sync 1 DAGs
[2025-11-02T11:20:27.960+0000] {logging_mixin.py:188} INFO - [2025-11-02T11:20:27.959+0000] {dag.py:3823} INFO - Setting next_dagrun for dag_dbt_pipeline to 2025-11-02 00:00:00+00:00, run_after=2025-11-03 00:00:00+00:00
[2025-11-02T11:20:28.247+0000] {processor.py:183} INFO - Processing /opt/airflow/dags/dbt_local_dag.py took 0.524 seconds
[2025-11-02T11:21:00.478+0000] {processor.py:161} INFO - Started process (PID=1333) to work on /opt/airflow/dags/dbt_local_dag.py
[2025-11-02T11:21:00.481+0000] {processor.py:830} INFO - Processing file /opt/airflow/dags/dbt_local_dag.py for tasks to queue
[2025-11-02T11:21:00.488+0000] {logging_mixin.py:188} INFO - [2025-11-02T11:21:00.488+0000] {dagbag.py:538} INFO - Filling up the DagBag from /opt/airflow/dags/dbt_local_dag.py
[2025-11-02T11:21:00.550+0000] {processor.py:840} INFO - DAG(s) 'dag_dbt_pipeline' retrieved from /opt/airflow/dags/dbt_local_dag.py
[2025-11-02T11:21:00.605+0000] {logging_mixin.py:188} INFO - [2025-11-02T11:21:00.605+0000] {dag.py:3036} INFO - Sync 1 DAGs
[2025-11-02T11:21:00.678+0000] {logging_mixin.py:188} INFO - [2025-11-02T11:21:00.677+0000] {dag.py:3823} INFO - Setting next_dagrun for dag_dbt_pipeline to 2025-11-02 00:00:00+00:00, run_after=2025-11-03 00:00:00+00:00
[2025-11-02T11:21:00.875+0000] {processor.py:183} INFO - Processing /opt/airflow/dags/dbt_local_dag.py took 0.405 seconds
[2025-11-02T11:21:34.052+0000] {processor.py:161} INFO - Started process (PID=1345) to work on /opt/airflow/dags/dbt_local_dag.py
[2025-11-02T11:21:34.054+0000] {processor.py:830} INFO - Processing file /opt/airflow/dags/dbt_local_dag.py for tasks to queue
[2025-11-02T11:21:34.057+0000] {logging_mixin.py:188} INFO - [2025-11-02T11:21:34.056+0000] {dagbag.py:538} INFO - Filling up the DagBag from /opt/airflow/dags/dbt_local_dag.py
[2025-11-02T11:21:34.100+0000] {processor.py:840} INFO - DAG(s) 'dag_dbt_pipeline' retrieved from /opt/airflow/dags/dbt_local_dag.py
[2025-11-02T11:21:34.153+0000] {logging_mixin.py:188} INFO - [2025-11-02T11:21:34.152+0000] {dag.py:3036} INFO - Sync 1 DAGs
[2025-11-02T11:21:34.189+0000] {logging_mixin.py:188} INFO - [2025-11-02T11:21:34.189+0000] {dag.py:3823} INFO - Setting next_dagrun for dag_dbt_pipeline to 2025-11-02 00:00:00+00:00, run_after=2025-11-03 00:00:00+00:00
[2025-11-02T11:21:34.288+0000] {processor.py:183} INFO - Processing /opt/airflow/dags/dbt_local_dag.py took 0.245 seconds
[2025-11-02T11:22:07.061+0000] {processor.py:161} INFO - Started process (PID=1357) to work on /opt/airflow/dags/dbt_local_dag.py
[2025-11-02T11:22:07.064+0000] {processor.py:830} INFO - Processing file /opt/airflow/dags/dbt_local_dag.py for tasks to queue
[2025-11-02T11:22:07.065+0000] {logging_mixin.py:188} INFO - [2025-11-02T11:22:07.065+0000] {dagbag.py:538} INFO - Filling up the DagBag from /opt/airflow/dags/dbt_local_dag.py
[2025-11-02T11:22:07.101+0000] {processor.py:840} INFO - DAG(s) 'dag_dbt_pipeline' retrieved from /opt/airflow/dags/dbt_local_dag.py
[2025-11-02T11:22:07.150+0000] {logging_mixin.py:188} INFO - [2025-11-02T11:22:07.149+0000] {dag.py:3036} INFO - Sync 1 DAGs
[2025-11-02T11:22:07.197+0000] {logging_mixin.py:188} INFO - [2025-11-02T11:22:07.196+0000] {dag.py:3823} INFO - Setting next_dagrun for dag_dbt_pipeline to 2025-11-02 00:00:00+00:00, run_after=2025-11-03 00:00:00+00:00
[2025-11-02T11:22:07.236+0000] {processor.py:183} INFO - Processing /opt/airflow/dags/dbt_local_dag.py took 0.183 seconds
[2025-11-02T11:22:41.129+0000] {processor.py:161} INFO - Started process (PID=1369) to work on /opt/airflow/dags/dbt_local_dag.py
[2025-11-02T11:22:41.132+0000] {processor.py:830} INFO - Processing file /opt/airflow/dags/dbt_local_dag.py for tasks to queue
[2025-11-02T11:22:41.158+0000] {logging_mixin.py:188} INFO - [2025-11-02T11:22:41.157+0000] {dagbag.py:538} INFO - Filling up the DagBag from /opt/airflow/dags/dbt_local_dag.py
[2025-11-02T11:22:41.807+0000] {processor.py:840} INFO - DAG(s) 'dag_dbt_pipeline' retrieved from /opt/airflow/dags/dbt_local_dag.py
[2025-11-02T11:22:42.233+0000] {logging_mixin.py:188} INFO - [2025-11-02T11:22:42.226+0000] {dag.py:3036} INFO - Sync 1 DAGs
[2025-11-02T11:22:42.507+0000] {logging_mixin.py:188} INFO - [2025-11-02T11:22:42.506+0000] {dag.py:3823} INFO - Setting next_dagrun for dag_dbt_pipeline to 2025-11-02 00:00:00+00:00, run_after=2025-11-03 00:00:00+00:00
[2025-11-02T11:22:42.845+0000] {processor.py:183} INFO - Processing /opt/airflow/dags/dbt_local_dag.py took 1.745 seconds
[2025-11-02T11:23:13.612+0000] {processor.py:161} INFO - Started process (PID=1381) to work on /opt/airflow/dags/dbt_local_dag.py
[2025-11-02T11:23:13.623+0000] {processor.py:830} INFO - Processing file /opt/airflow/dags/dbt_local_dag.py for tasks to queue
[2025-11-02T11:23:13.627+0000] {logging_mixin.py:188} INFO - [2025-11-02T11:23:13.625+0000] {dagbag.py:538} INFO - Filling up the DagBag from /opt/airflow/dags/dbt_local_dag.py
[2025-11-02T11:23:13.730+0000] {processor.py:840} INFO - DAG(s) 'dag_dbt_pipeline' retrieved from /opt/airflow/dags/dbt_local_dag.py
[2025-11-02T11:23:13.885+0000] {logging_mixin.py:188} INFO - [2025-11-02T11:23:13.885+0000] {dag.py:3036} INFO - Sync 1 DAGs
[2025-11-02T11:23:14.018+0000] {logging_mixin.py:188} INFO - [2025-11-02T11:23:14.018+0000] {dag.py:3823} INFO - Setting next_dagrun for dag_dbt_pipeline to 2025-11-02 00:00:00+00:00, run_after=2025-11-03 00:00:00+00:00
[2025-11-02T11:23:14.129+0000] {processor.py:183} INFO - Processing /opt/airflow/dags/dbt_local_dag.py took 0.541 seconds
[2025-11-02T11:23:47.886+0000] {processor.py:161} INFO - Started process (PID=1393) to work on /opt/airflow/dags/dbt_local_dag.py
[2025-11-02T11:23:47.889+0000] {processor.py:830} INFO - Processing file /opt/airflow/dags/dbt_local_dag.py for tasks to queue
[2025-11-02T11:23:47.894+0000] {logging_mixin.py:188} INFO - [2025-11-02T11:23:47.892+0000] {dagbag.py:538} INFO - Filling up the DagBag from /opt/airflow/dags/dbt_local_dag.py
[2025-11-02T11:23:47.992+0000] {processor.py:840} INFO - DAG(s) 'dag_dbt_pipeline' retrieved from /opt/airflow/dags/dbt_local_dag.py
[2025-11-02T11:23:48.082+0000] {logging_mixin.py:188} INFO - [2025-11-02T11:23:48.081+0000] {dag.py:3036} INFO - Sync 1 DAGs
[2025-11-02T11:23:48.150+0000] {logging_mixin.py:188} INFO - [2025-11-02T11:23:48.149+0000] {dag.py:3823} INFO - Setting next_dagrun for dag_dbt_pipeline to 2025-11-02 00:00:00+00:00, run_after=2025-11-03 00:00:00+00:00
[2025-11-02T11:23:48.237+0000] {processor.py:183} INFO - Processing /opt/airflow/dags/dbt_local_dag.py took 0.369 seconds
[2025-11-02T11:24:20.542+0000] {processor.py:161} INFO - Started process (PID=1404) to work on /opt/airflow/dags/dbt_local_dag.py
[2025-11-02T11:24:20.545+0000] {processor.py:830} INFO - Processing file /opt/airflow/dags/dbt_local_dag.py for tasks to queue
[2025-11-02T11:24:20.551+0000] {logging_mixin.py:188} INFO - [2025-11-02T11:24:20.547+0000] {dagbag.py:538} INFO - Filling up the DagBag from /opt/airflow/dags/dbt_local_dag.py
[2025-11-02T11:24:20.612+0000] {processor.py:840} INFO - DAG(s) 'dag_dbt_pipeline' retrieved from /opt/airflow/dags/dbt_local_dag.py
[2025-11-02T11:24:20.707+0000] {logging_mixin.py:188} INFO - [2025-11-02T11:24:20.706+0000] {dag.py:3036} INFO - Sync 1 DAGs
[2025-11-02T11:24:20.815+0000] {logging_mixin.py:188} INFO - [2025-11-02T11:24:20.815+0000] {dag.py:3823} INFO - Setting next_dagrun for dag_dbt_pipeline to 2025-11-02 00:00:00+00:00, run_after=2025-11-03 00:00:00+00:00
[2025-11-02T11:24:20.891+0000] {processor.py:183} INFO - Processing /opt/airflow/dags/dbt_local_dag.py took 0.361 seconds
[2025-11-02T11:24:54.457+0000] {processor.py:161} INFO - Started process (PID=1416) to work on /opt/airflow/dags/dbt_local_dag.py
[2025-11-02T11:24:54.460+0000] {processor.py:830} INFO - Processing file /opt/airflow/dags/dbt_local_dag.py for tasks to queue
[2025-11-02T11:24:54.462+0000] {logging_mixin.py:188} INFO - [2025-11-02T11:24:54.461+0000] {dagbag.py:538} INFO - Filling up the DagBag from /opt/airflow/dags/dbt_local_dag.py
[2025-11-02T11:24:54.583+0000] {processor.py:840} INFO - DAG(s) 'dag_dbt_pipeline' retrieved from /opt/airflow/dags/dbt_local_dag.py
[2025-11-02T11:24:54.685+0000] {logging_mixin.py:188} INFO - [2025-11-02T11:24:54.684+0000] {dag.py:3036} INFO - Sync 1 DAGs
[2025-11-02T11:24:54.797+0000] {logging_mixin.py:188} INFO - [2025-11-02T11:24:54.791+0000] {dag.py:3823} INFO - Setting next_dagrun for dag_dbt_pipeline to 2025-11-02 00:00:00+00:00, run_after=2025-11-03 00:00:00+00:00
[2025-11-02T11:24:54.911+0000] {processor.py:183} INFO - Processing /opt/airflow/dags/dbt_local_dag.py took 0.468 seconds
[2025-11-02T11:25:27.135+0000] {processor.py:161} INFO - Started process (PID=1428) to work on /opt/airflow/dags/dbt_local_dag.py
[2025-11-02T11:25:27.145+0000] {processor.py:830} INFO - Processing file /opt/airflow/dags/dbt_local_dag.py for tasks to queue
[2025-11-02T11:25:27.148+0000] {logging_mixin.py:188} INFO - [2025-11-02T11:25:27.147+0000] {dagbag.py:538} INFO - Filling up the DagBag from /opt/airflow/dags/dbt_local_dag.py
[2025-11-02T11:25:27.248+0000] {processor.py:840} INFO - DAG(s) 'dag_dbt_pipeline' retrieved from /opt/airflow/dags/dbt_local_dag.py
[2025-11-02T11:25:27.412+0000] {logging_mixin.py:188} INFO - [2025-11-02T11:25:27.400+0000] {dag.py:3036} INFO - Sync 1 DAGs
[2025-11-02T11:25:27.585+0000] {logging_mixin.py:188} INFO - [2025-11-02T11:25:27.585+0000] {dag.py:3823} INFO - Setting next_dagrun for dag_dbt_pipeline to 2025-11-02 00:00:00+00:00, run_after=2025-11-03 00:00:00+00:00
[2025-11-02T11:25:27.730+0000] {processor.py:183} INFO - Processing /opt/airflow/dags/dbt_local_dag.py took 0.610 seconds
[2025-11-02T11:26:00.521+0000] {processor.py:161} INFO - Started process (PID=1440) to work on /opt/airflow/dags/dbt_local_dag.py
[2025-11-02T11:26:00.524+0000] {processor.py:830} INFO - Processing file /opt/airflow/dags/dbt_local_dag.py for tasks to queue
[2025-11-02T11:26:00.530+0000] {logging_mixin.py:188} INFO - [2025-11-02T11:26:00.527+0000] {dagbag.py:538} INFO - Filling up the DagBag from /opt/airflow/dags/dbt_local_dag.py
[2025-11-02T11:26:00.593+0000] {processor.py:840} INFO - DAG(s) 'dag_dbt_pipeline' retrieved from /opt/airflow/dags/dbt_local_dag.py
[2025-11-02T11:26:00.665+0000] {logging_mixin.py:188} INFO - [2025-11-02T11:26:00.664+0000] {dag.py:3036} INFO - Sync 1 DAGs
[2025-11-02T11:26:00.721+0000] {logging_mixin.py:188} INFO - [2025-11-02T11:26:00.721+0000] {dag.py:3823} INFO - Setting next_dagrun for dag_dbt_pipeline to 2025-11-02 00:00:00+00:00, run_after=2025-11-03 00:00:00+00:00
[2025-11-02T11:26:00.772+0000] {processor.py:183} INFO - Processing /opt/airflow/dags/dbt_local_dag.py took 0.263 seconds
[2025-11-02T11:26:33.830+0000] {processor.py:161} INFO - Started process (PID=1452) to work on /opt/airflow/dags/dbt_local_dag.py
[2025-11-02T11:26:33.833+0000] {processor.py:830} INFO - Processing file /opt/airflow/dags/dbt_local_dag.py for tasks to queue
[2025-11-02T11:26:33.835+0000] {logging_mixin.py:188} INFO - [2025-11-02T11:26:33.835+0000] {dagbag.py:538} INFO - Filling up the DagBag from /opt/airflow/dags/dbt_local_dag.py
[2025-11-02T11:26:33.889+0000] {processor.py:840} INFO - DAG(s) 'dag_dbt_pipeline' retrieved from /opt/airflow/dags/dbt_local_dag.py
[2025-11-02T11:26:33.981+0000] {logging_mixin.py:188} INFO - [2025-11-02T11:26:33.977+0000] {dag.py:3036} INFO - Sync 1 DAGs
[2025-11-02T11:26:34.045+0000] {logging_mixin.py:188} INFO - [2025-11-02T11:26:34.045+0000] {dag.py:3823} INFO - Setting next_dagrun for dag_dbt_pipeline to 2025-11-02 00:00:00+00:00, run_after=2025-11-03 00:00:00+00:00
[2025-11-02T11:26:34.124+0000] {processor.py:183} INFO - Processing /opt/airflow/dags/dbt_local_dag.py took 0.304 seconds
[2025-11-02T11:27:07.932+0000] {processor.py:161} INFO - Started process (PID=1464) to work on /opt/airflow/dags/dbt_local_dag.py
[2025-11-02T11:27:07.946+0000] {processor.py:830} INFO - Processing file /opt/airflow/dags/dbt_local_dag.py for tasks to queue
[2025-11-02T11:27:07.950+0000] {logging_mixin.py:188} INFO - [2025-11-02T11:27:07.950+0000] {dagbag.py:538} INFO - Filling up the DagBag from /opt/airflow/dags/dbt_local_dag.py
[2025-11-02T11:27:07.995+0000] {processor.py:840} INFO - DAG(s) 'dag_dbt_pipeline' retrieved from /opt/airflow/dags/dbt_local_dag.py
[2025-11-02T11:27:08.073+0000] {logging_mixin.py:188} INFO - [2025-11-02T11:27:08.073+0000] {dag.py:3036} INFO - Sync 1 DAGs
[2025-11-02T11:27:08.124+0000] {logging_mixin.py:188} INFO - [2025-11-02T11:27:08.124+0000] {dag.py:3823} INFO - Setting next_dagrun for dag_dbt_pipeline to 2025-11-02 00:00:00+00:00, run_after=2025-11-03 00:00:00+00:00
[2025-11-02T11:27:08.184+0000] {processor.py:183} INFO - Processing /opt/airflow/dags/dbt_local_dag.py took 0.300 seconds
[2025-11-02T11:27:40.470+0000] {processor.py:161} INFO - Started process (PID=1475) to work on /opt/airflow/dags/dbt_local_dag.py
[2025-11-02T11:27:40.472+0000] {processor.py:830} INFO - Processing file /opt/airflow/dags/dbt_local_dag.py for tasks to queue
[2025-11-02T11:27:40.479+0000] {logging_mixin.py:188} INFO - [2025-11-02T11:27:40.474+0000] {dagbag.py:538} INFO - Filling up the DagBag from /opt/airflow/dags/dbt_local_dag.py
[2025-11-02T11:27:40.541+0000] {processor.py:840} INFO - DAG(s) 'dag_dbt_pipeline' retrieved from /opt/airflow/dags/dbt_local_dag.py
[2025-11-02T11:27:40.627+0000] {logging_mixin.py:188} INFO - [2025-11-02T11:27:40.627+0000] {dag.py:3036} INFO - Sync 1 DAGs
[2025-11-02T11:27:40.698+0000] {logging_mixin.py:188} INFO - [2025-11-02T11:27:40.692+0000] {dag.py:3823} INFO - Setting next_dagrun for dag_dbt_pipeline to 2025-11-02 00:00:00+00:00, run_after=2025-11-03 00:00:00+00:00
[2025-11-02T11:27:40.770+0000] {processor.py:183} INFO - Processing /opt/airflow/dags/dbt_local_dag.py took 0.309 seconds
[2025-11-02T11:28:14.180+0000] {processor.py:161} INFO - Started process (PID=1487) to work on /opt/airflow/dags/dbt_local_dag.py
[2025-11-02T11:28:14.189+0000] {processor.py:830} INFO - Processing file /opt/airflow/dags/dbt_local_dag.py for tasks to queue
[2025-11-02T11:28:14.192+0000] {logging_mixin.py:188} INFO - [2025-11-02T11:28:14.191+0000] {dagbag.py:538} INFO - Filling up the DagBag from /opt/airflow/dags/dbt_local_dag.py
[2025-11-02T11:28:14.246+0000] {processor.py:840} INFO - DAG(s) 'dag_dbt_pipeline' retrieved from /opt/airflow/dags/dbt_local_dag.py
[2025-11-02T11:28:14.309+0000] {logging_mixin.py:188} INFO - [2025-11-02T11:28:14.308+0000] {dag.py:3036} INFO - Sync 1 DAGs
[2025-11-02T11:28:14.370+0000] {logging_mixin.py:188} INFO - [2025-11-02T11:28:14.369+0000] {dag.py:3823} INFO - Setting next_dagrun for dag_dbt_pipeline to 2025-11-02 00:00:00+00:00, run_after=2025-11-03 00:00:00+00:00
[2025-11-02T11:28:14.425+0000] {processor.py:183} INFO - Processing /opt/airflow/dags/dbt_local_dag.py took 0.254 seconds
[2025-11-02T11:28:47.108+0000] {processor.py:161} INFO - Started process (PID=1499) to work on /opt/airflow/dags/dbt_local_dag.py
[2025-11-02T11:28:47.110+0000] {processor.py:830} INFO - Processing file /opt/airflow/dags/dbt_local_dag.py for tasks to queue
[2025-11-02T11:28:47.113+0000] {logging_mixin.py:188} INFO - [2025-11-02T11:28:47.112+0000] {dagbag.py:538} INFO - Filling up the DagBag from /opt/airflow/dags/dbt_local_dag.py
[2025-11-02T11:28:47.164+0000] {processor.py:840} INFO - DAG(s) 'dag_dbt_pipeline' retrieved from /opt/airflow/dags/dbt_local_dag.py
[2025-11-02T11:28:47.218+0000] {logging_mixin.py:188} INFO - [2025-11-02T11:28:47.218+0000] {dag.py:3036} INFO - Sync 1 DAGs
[2025-11-02T11:28:47.274+0000] {logging_mixin.py:188} INFO - [2025-11-02T11:28:47.273+0000] {dag.py:3823} INFO - Setting next_dagrun for dag_dbt_pipeline to 2025-11-02 00:00:00+00:00, run_after=2025-11-03 00:00:00+00:00
[2025-11-02T11:28:47.318+0000] {processor.py:183} INFO - Processing /opt/airflow/dags/dbt_local_dag.py took 0.220 seconds
[2025-11-02T11:29:21.094+0000] {processor.py:161} INFO - Started process (PID=1511) to work on /opt/airflow/dags/dbt_local_dag.py
[2025-11-02T11:29:21.098+0000] {processor.py:830} INFO - Processing file /opt/airflow/dags/dbt_local_dag.py for tasks to queue
[2025-11-02T11:29:21.101+0000] {logging_mixin.py:188} INFO - [2025-11-02T11:29:21.101+0000] {dagbag.py:538} INFO - Filling up the DagBag from /opt/airflow/dags/dbt_local_dag.py
[2025-11-02T11:29:21.172+0000] {processor.py:840} INFO - DAG(s) 'dag_dbt_pipeline' retrieved from /opt/airflow/dags/dbt_local_dag.py
[2025-11-02T11:29:21.255+0000] {logging_mixin.py:188} INFO - [2025-11-02T11:29:21.254+0000] {dag.py:3036} INFO - Sync 1 DAGs
[2025-11-02T11:29:21.316+0000] {logging_mixin.py:188} INFO - [2025-11-02T11:29:21.316+0000] {dag.py:3823} INFO - Setting next_dagrun for dag_dbt_pipeline to 2025-11-02 00:00:00+00:00, run_after=2025-11-03 00:00:00+00:00
[2025-11-02T11:29:21.363+0000] {processor.py:183} INFO - Processing /opt/airflow/dags/dbt_local_dag.py took 0.279 seconds
[2025-11-02T11:29:54.535+0000] {processor.py:161} INFO - Started process (PID=1523) to work on /opt/airflow/dags/dbt_local_dag.py
[2025-11-02T11:29:54.538+0000] {processor.py:830} INFO - Processing file /opt/airflow/dags/dbt_local_dag.py for tasks to queue
[2025-11-02T11:29:54.541+0000] {logging_mixin.py:188} INFO - [2025-11-02T11:29:54.540+0000] {dagbag.py:538} INFO - Filling up the DagBag from /opt/airflow/dags/dbt_local_dag.py
[2025-11-02T11:29:54.591+0000] {processor.py:840} INFO - DAG(s) 'dag_dbt_pipeline' retrieved from /opt/airflow/dags/dbt_local_dag.py
[2025-11-02T11:29:54.649+0000] {logging_mixin.py:188} INFO - [2025-11-02T11:29:54.649+0000] {dag.py:3036} INFO - Sync 1 DAGs
[2025-11-02T11:29:54.696+0000] {logging_mixin.py:188} INFO - [2025-11-02T11:29:54.695+0000] {dag.py:3823} INFO - Setting next_dagrun for dag_dbt_pipeline to 2025-11-02 00:00:00+00:00, run_after=2025-11-03 00:00:00+00:00
[2025-11-02T11:29:54.738+0000] {processor.py:183} INFO - Processing /opt/airflow/dags/dbt_local_dag.py took 0.220 seconds
[2025-11-02T11:30:27.311+0000] {processor.py:161} INFO - Started process (PID=1535) to work on /opt/airflow/dags/dbt_local_dag.py
[2025-11-02T11:30:27.313+0000] {processor.py:830} INFO - Processing file /opt/airflow/dags/dbt_local_dag.py for tasks to queue
[2025-11-02T11:30:27.315+0000] {logging_mixin.py:188} INFO - [2025-11-02T11:30:27.315+0000] {dagbag.py:538} INFO - Filling up the DagBag from /opt/airflow/dags/dbt_local_dag.py
[2025-11-02T11:30:27.362+0000] {processor.py:840} INFO - DAG(s) 'dag_dbt_pipeline' retrieved from /opt/airflow/dags/dbt_local_dag.py
[2025-11-02T11:30:27.420+0000] {logging_mixin.py:188} INFO - [2025-11-02T11:30:27.418+0000] {dag.py:3036} INFO - Sync 1 DAGs
[2025-11-02T11:30:27.468+0000] {logging_mixin.py:188} INFO - [2025-11-02T11:30:27.468+0000] {dag.py:3823} INFO - Setting next_dagrun for dag_dbt_pipeline to 2025-11-02 00:00:00+00:00, run_after=2025-11-03 00:00:00+00:00
[2025-11-02T11:30:27.510+0000] {processor.py:183} INFO - Processing /opt/airflow/dags/dbt_local_dag.py took 0.212 seconds
[2025-11-02T11:31:01.452+0000] {processor.py:161} INFO - Started process (PID=1547) to work on /opt/airflow/dags/dbt_local_dag.py
[2025-11-02T11:31:01.467+0000] {processor.py:830} INFO - Processing file /opt/airflow/dags/dbt_local_dag.py for tasks to queue
[2025-11-02T11:31:01.474+0000] {logging_mixin.py:188} INFO - [2025-11-02T11:31:01.471+0000] {dagbag.py:538} INFO - Filling up the DagBag from /opt/airflow/dags/dbt_local_dag.py
[2025-11-02T11:31:01.764+0000] {processor.py:840} INFO - DAG(s) 'dag_dbt_pipeline' retrieved from /opt/airflow/dags/dbt_local_dag.py
[2025-11-02T11:31:01.966+0000] {logging_mixin.py:188} INFO - [2025-11-02T11:31:01.966+0000] {dag.py:3036} INFO - Sync 1 DAGs
[2025-11-02T11:31:02.195+0000] {logging_mixin.py:188} INFO - [2025-11-02T11:31:02.194+0000] {dag.py:3823} INFO - Setting next_dagrun for dag_dbt_pipeline to 2025-11-02 00:00:00+00:00, run_after=2025-11-03 00:00:00+00:00
[2025-11-02T11:31:02.448+0000] {processor.py:183} INFO - Processing /opt/airflow/dags/dbt_local_dag.py took 1.014 seconds
[2025-11-02T11:31:34.190+0000] {processor.py:161} INFO - Started process (PID=1559) to work on /opt/airflow/dags/dbt_local_dag.py
[2025-11-02T11:31:34.192+0000] {processor.py:830} INFO - Processing file /opt/airflow/dags/dbt_local_dag.py for tasks to queue
[2025-11-02T11:31:34.205+0000] {logging_mixin.py:188} INFO - [2025-11-02T11:31:34.204+0000] {dagbag.py:538} INFO - Filling up the DagBag from /opt/airflow/dags/dbt_local_dag.py
[2025-11-02T11:31:34.385+0000] {processor.py:840} INFO - DAG(s) 'dag_dbt_pipeline' retrieved from /opt/airflow/dags/dbt_local_dag.py
[2025-11-02T11:31:34.838+0000] {logging_mixin.py:188} INFO - [2025-11-02T11:31:34.837+0000] {dag.py:3036} INFO - Sync 1 DAGs
[2025-11-02T11:31:35.136+0000] {logging_mixin.py:188} INFO - [2025-11-02T11:31:35.100+0000] {dag.py:3823} INFO - Setting next_dagrun for dag_dbt_pipeline to 2025-11-02 00:00:00+00:00, run_after=2025-11-03 00:00:00+00:00
[2025-11-02T11:31:35.540+0000] {processor.py:183} INFO - Processing /opt/airflow/dags/dbt_local_dag.py took 1.379 seconds
[2025-11-02T11:32:07.528+0000] {processor.py:161} INFO - Started process (PID=1571) to work on /opt/airflow/dags/dbt_local_dag.py
[2025-11-02T11:32:07.637+0000] {processor.py:830} INFO - Processing file /opt/airflow/dags/dbt_local_dag.py for tasks to queue
[2025-11-02T11:32:07.640+0000] {logging_mixin.py:188} INFO - [2025-11-02T11:32:07.639+0000] {dagbag.py:538} INFO - Filling up the DagBag from /opt/airflow/dags/dbt_local_dag.py
[2025-11-02T11:32:07.725+0000] {processor.py:840} INFO - DAG(s) 'dag_dbt_pipeline' retrieved from /opt/airflow/dags/dbt_local_dag.py
[2025-11-02T11:32:07.883+0000] {logging_mixin.py:188} INFO - [2025-11-02T11:32:07.883+0000] {dag.py:3036} INFO - Sync 1 DAGs
[2025-11-02T11:32:07.968+0000] {logging_mixin.py:188} INFO - [2025-11-02T11:32:07.967+0000] {dag.py:3823} INFO - Setting next_dagrun for dag_dbt_pipeline to 2025-11-02 00:00:00+00:00, run_after=2025-11-03 00:00:00+00:00
[2025-11-02T11:32:08.116+0000] {processor.py:183} INFO - Processing /opt/airflow/dags/dbt_local_dag.py took 0.607 seconds
[2025-11-02T11:32:40.724+0000] {processor.py:161} INFO - Started process (PID=1583) to work on /opt/airflow/dags/dbt_local_dag.py
[2025-11-02T11:32:40.728+0000] {processor.py:830} INFO - Processing file /opt/airflow/dags/dbt_local_dag.py for tasks to queue
[2025-11-02T11:32:40.740+0000] {logging_mixin.py:188} INFO - [2025-11-02T11:32:40.739+0000] {dagbag.py:538} INFO - Filling up the DagBag from /opt/airflow/dags/dbt_local_dag.py
[2025-11-02T11:32:40.887+0000] {processor.py:840} INFO - DAG(s) 'dag_dbt_pipeline' retrieved from /opt/airflow/dags/dbt_local_dag.py
[2025-11-02T11:32:41.077+0000] {logging_mixin.py:188} INFO - [2025-11-02T11:32:41.076+0000] {dag.py:3036} INFO - Sync 1 DAGs
[2025-11-02T11:32:41.325+0000] {logging_mixin.py:188} INFO - [2025-11-02T11:32:41.324+0000] {dag.py:3823} INFO - Setting next_dagrun for dag_dbt_pipeline to 2025-11-02 00:00:00+00:00, run_after=2025-11-03 00:00:00+00:00
[2025-11-02T11:32:42.132+0000] {processor.py:183} INFO - Processing /opt/airflow/dags/dbt_local_dag.py took 1.425 seconds
[2025-11-02T11:33:14.344+0000] {processor.py:161} INFO - Started process (PID=1595) to work on /opt/airflow/dags/dbt_local_dag.py
[2025-11-02T11:33:14.347+0000] {processor.py:830} INFO - Processing file /opt/airflow/dags/dbt_local_dag.py for tasks to queue
[2025-11-02T11:33:14.349+0000] {logging_mixin.py:188} INFO - [2025-11-02T11:33:14.349+0000] {dagbag.py:538} INFO - Filling up the DagBag from /opt/airflow/dags/dbt_local_dag.py
[2025-11-02T11:33:14.424+0000] {processor.py:840} INFO - DAG(s) 'dag_dbt_pipeline' retrieved from /opt/airflow/dags/dbt_local_dag.py
[2025-11-02T11:33:14.524+0000] {logging_mixin.py:188} INFO - [2025-11-02T11:33:14.523+0000] {dag.py:3036} INFO - Sync 1 DAGs
[2025-11-02T11:33:14.589+0000] {logging_mixin.py:188} INFO - [2025-11-02T11:33:14.589+0000] {dag.py:3823} INFO - Setting next_dagrun for dag_dbt_pipeline to 2025-11-02 00:00:00+00:00, run_after=2025-11-03 00:00:00+00:00
[2025-11-02T11:33:14.692+0000] {processor.py:183} INFO - Processing /opt/airflow/dags/dbt_local_dag.py took 0.359 seconds
[2025-11-02T11:33:48.187+0000] {processor.py:161} INFO - Started process (PID=1607) to work on /opt/airflow/dags/dbt_local_dag.py
[2025-11-02T11:33:48.198+0000] {processor.py:830} INFO - Processing file /opt/airflow/dags/dbt_local_dag.py for tasks to queue
[2025-11-02T11:33:48.208+0000] {logging_mixin.py:188} INFO - [2025-11-02T11:33:48.207+0000] {dagbag.py:538} INFO - Filling up the DagBag from /opt/airflow/dags/dbt_local_dag.py
[2025-11-02T11:33:48.381+0000] {processor.py:840} INFO - DAG(s) 'dag_dbt_pipeline' retrieved from /opt/airflow/dags/dbt_local_dag.py
[2025-11-02T11:33:48.607+0000] {logging_mixin.py:188} INFO - [2025-11-02T11:33:48.606+0000] {dag.py:3036} INFO - Sync 1 DAGs
[2025-11-02T11:33:48.811+0000] {logging_mixin.py:188} INFO - [2025-11-02T11:33:48.810+0000] {dag.py:3823} INFO - Setting next_dagrun for dag_dbt_pipeline to 2025-11-02 00:00:00+00:00, run_after=2025-11-03 00:00:00+00:00
[2025-11-02T11:33:49.047+0000] {processor.py:183} INFO - Processing /opt/airflow/dags/dbt_local_dag.py took 0.882 seconds
[2025-11-02T11:34:20.827+0000] {processor.py:161} INFO - Started process (PID=1619) to work on /opt/airflow/dags/dbt_local_dag.py
[2025-11-02T11:34:20.840+0000] {processor.py:830} INFO - Processing file /opt/airflow/dags/dbt_local_dag.py for tasks to queue
[2025-11-02T11:34:20.843+0000] {logging_mixin.py:188} INFO - [2025-11-02T11:34:20.842+0000] {dagbag.py:538} INFO - Filling up the DagBag from /opt/airflow/dags/dbt_local_dag.py
[2025-11-02T11:34:20.925+0000] {processor.py:840} INFO - DAG(s) 'dag_dbt_pipeline' retrieved from /opt/airflow/dags/dbt_local_dag.py
[2025-11-02T11:34:21.012+0000] {logging_mixin.py:188} INFO - [2025-11-02T11:34:21.012+0000] {dag.py:3036} INFO - Sync 1 DAGs
[2025-11-02T11:34:21.073+0000] {logging_mixin.py:188} INFO - [2025-11-02T11:34:21.072+0000] {dag.py:3823} INFO - Setting next_dagrun for dag_dbt_pipeline to 2025-11-02 00:00:00+00:00, run_after=2025-11-03 00:00:00+00:00
[2025-11-02T11:34:21.170+0000] {processor.py:183} INFO - Processing /opt/airflow/dags/dbt_local_dag.py took 0.361 seconds
[2025-11-02T11:34:54.700+0000] {processor.py:161} INFO - Started process (PID=1631) to work on /opt/airflow/dags/dbt_local_dag.py
[2025-11-02T11:34:54.702+0000] {processor.py:830} INFO - Processing file /opt/airflow/dags/dbt_local_dag.py for tasks to queue
[2025-11-02T11:34:54.706+0000] {logging_mixin.py:188} INFO - [2025-11-02T11:34:54.705+0000] {dagbag.py:538} INFO - Filling up the DagBag from /opt/airflow/dags/dbt_local_dag.py
[2025-11-02T11:34:54.937+0000] {processor.py:840} INFO - DAG(s) 'dag_dbt_pipeline' retrieved from /opt/airflow/dags/dbt_local_dag.py
[2025-11-02T11:34:55.145+0000] {logging_mixin.py:188} INFO - [2025-11-02T11:34:55.145+0000] {dag.py:3036} INFO - Sync 1 DAGs
[2025-11-02T11:34:55.342+0000] {logging_mixin.py:188} INFO - [2025-11-02T11:34:55.341+0000] {dag.py:3823} INFO - Setting next_dagrun for dag_dbt_pipeline to 2025-11-02 00:00:00+00:00, run_after=2025-11-03 00:00:00+00:00
[2025-11-02T11:34:55.905+0000] {processor.py:183} INFO - Processing /opt/airflow/dags/dbt_local_dag.py took 1.209 seconds
[2025-11-02T11:35:28.703+0000] {processor.py:161} INFO - Started process (PID=1643) to work on /opt/airflow/dags/dbt_local_dag.py
[2025-11-02T11:35:28.718+0000] {processor.py:830} INFO - Processing file /opt/airflow/dags/dbt_local_dag.py for tasks to queue
[2025-11-02T11:35:28.721+0000] {logging_mixin.py:188} INFO - [2025-11-02T11:35:28.720+0000] {dagbag.py:538} INFO - Filling up the DagBag from /opt/airflow/dags/dbt_local_dag.py
[2025-11-02T11:35:29.233+0000] {processor.py:840} INFO - DAG(s) 'dag_dbt_pipeline' retrieved from /opt/airflow/dags/dbt_local_dag.py
[2025-11-02T11:35:29.452+0000] {logging_mixin.py:188} INFO - [2025-11-02T11:35:29.451+0000] {dag.py:3036} INFO - Sync 1 DAGs
[2025-11-02T11:35:29.674+0000] {logging_mixin.py:188} INFO - [2025-11-02T11:35:29.666+0000] {dag.py:3823} INFO - Setting next_dagrun for dag_dbt_pipeline to 2025-11-02 00:00:00+00:00, run_after=2025-11-03 00:00:00+00:00
[2025-11-02T11:35:29.896+0000] {processor.py:183} INFO - Processing /opt/airflow/dags/dbt_local_dag.py took 1.224 seconds
[2025-11-02T11:36:01.910+0000] {processor.py:161} INFO - Started process (PID=1655) to work on /opt/airflow/dags/dbt_local_dag.py
[2025-11-02T11:36:01.924+0000] {processor.py:830} INFO - Processing file /opt/airflow/dags/dbt_local_dag.py for tasks to queue
[2025-11-02T11:36:01.929+0000] {logging_mixin.py:188} INFO - [2025-11-02T11:36:01.928+0000] {dagbag.py:538} INFO - Filling up the DagBag from /opt/airflow/dags/dbt_local_dag.py
[2025-11-02T11:36:02.231+0000] {processor.py:840} INFO - DAG(s) 'dag_dbt_pipeline' retrieved from /opt/airflow/dags/dbt_local_dag.py
[2025-11-02T11:36:02.379+0000] {logging_mixin.py:188} INFO - [2025-11-02T11:36:02.378+0000] {dag.py:3036} INFO - Sync 1 DAGs
[2025-11-02T11:36:02.487+0000] {logging_mixin.py:188} INFO - [2025-11-02T11:36:02.486+0000] {dag.py:3823} INFO - Setting next_dagrun for dag_dbt_pipeline to 2025-11-02 00:00:00+00:00, run_after=2025-11-03 00:00:00+00:00
[2025-11-02T11:36:02.609+0000] {processor.py:183} INFO - Processing /opt/airflow/dags/dbt_local_dag.py took 0.736 seconds
[2025-11-02T11:36:34.655+0000] {processor.py:161} INFO - Started process (PID=1667) to work on /opt/airflow/dags/dbt_local_dag.py
[2025-11-02T11:36:34.658+0000] {processor.py:830} INFO - Processing file /opt/airflow/dags/dbt_local_dag.py for tasks to queue
[2025-11-02T11:36:34.663+0000] {logging_mixin.py:188} INFO - [2025-11-02T11:36:34.660+0000] {dagbag.py:538} INFO - Filling up the DagBag from /opt/airflow/dags/dbt_local_dag.py
[2025-11-02T11:36:34.782+0000] {processor.py:840} INFO - DAG(s) 'dag_dbt_pipeline' retrieved from /opt/airflow/dags/dbt_local_dag.py
[2025-11-02T11:36:34.955+0000] {logging_mixin.py:188} INFO - [2025-11-02T11:36:34.954+0000] {dag.py:3036} INFO - Sync 1 DAGs
[2025-11-02T11:36:35.030+0000] {logging_mixin.py:188} INFO - [2025-11-02T11:36:35.029+0000] {dag.py:3823} INFO - Setting next_dagrun for dag_dbt_pipeline to 2025-11-02 00:00:00+00:00, run_after=2025-11-03 00:00:00+00:00
[2025-11-02T11:36:35.251+0000] {processor.py:183} INFO - Processing /opt/airflow/dags/dbt_local_dag.py took 0.620 seconds
[2025-11-02T11:37:09.480+0000] {processor.py:161} INFO - Started process (PID=1679) to work on /opt/airflow/dags/dbt_local_dag.py
[2025-11-02T11:37:09.517+0000] {processor.py:830} INFO - Processing file /opt/airflow/dags/dbt_local_dag.py for tasks to queue
[2025-11-02T11:37:09.570+0000] {logging_mixin.py:188} INFO - [2025-11-02T11:37:09.568+0000] {dagbag.py:538} INFO - Filling up the DagBag from /opt/airflow/dags/dbt_local_dag.py
[2025-11-02T11:37:10.619+0000] {processor.py:840} INFO - DAG(s) 'dag_dbt_pipeline' retrieved from /opt/airflow/dags/dbt_local_dag.py
[2025-11-02T11:37:10.872+0000] {logging_mixin.py:188} INFO - [2025-11-02T11:37:10.871+0000] {dag.py:3036} INFO - Sync 1 DAGs
[2025-11-02T11:37:11.162+0000] {logging_mixin.py:188} INFO - [2025-11-02T11:37:11.161+0000] {dag.py:3823} INFO - Setting next_dagrun for dag_dbt_pipeline to 2025-11-02 00:00:00+00:00, run_after=2025-11-03 00:00:00+00:00
[2025-11-02T11:37:11.443+0000] {processor.py:183} INFO - Processing /opt/airflow/dags/dbt_local_dag.py took 1.984 seconds
[2025-11-02T11:37:42.480+0000] {processor.py:161} INFO - Started process (PID=1692) to work on /opt/airflow/dags/dbt_local_dag.py
[2025-11-02T11:37:42.483+0000] {processor.py:830} INFO - Processing file /opt/airflow/dags/dbt_local_dag.py for tasks to queue
[2025-11-02T11:37:42.485+0000] {logging_mixin.py:188} INFO - [2025-11-02T11:37:42.485+0000] {dagbag.py:538} INFO - Filling up the DagBag from /opt/airflow/dags/dbt_local_dag.py
[2025-11-02T11:37:42.533+0000] {processor.py:840} INFO - DAG(s) 'dag_dbt_pipeline' retrieved from /opt/airflow/dags/dbt_local_dag.py
[2025-11-02T11:37:42.631+0000] {logging_mixin.py:188} INFO - [2025-11-02T11:37:42.631+0000] {dag.py:3036} INFO - Sync 1 DAGs
[2025-11-02T11:37:42.791+0000] {logging_mixin.py:188} INFO - [2025-11-02T11:37:42.790+0000] {dag.py:3823} INFO - Setting next_dagrun for dag_dbt_pipeline to 2025-11-02 00:00:00+00:00, run_after=2025-11-03 00:00:00+00:00
[2025-11-02T11:37:42.994+0000] {processor.py:183} INFO - Processing /opt/airflow/dags/dbt_local_dag.py took 0.521 seconds
[2025-11-02T11:38:15.362+0000] {processor.py:161} INFO - Started process (PID=1704) to work on /opt/airflow/dags/dbt_local_dag.py
[2025-11-02T11:38:15.365+0000] {processor.py:830} INFO - Processing file /opt/airflow/dags/dbt_local_dag.py for tasks to queue
[2025-11-02T11:38:15.368+0000] {logging_mixin.py:188} INFO - [2025-11-02T11:38:15.367+0000] {dagbag.py:538} INFO - Filling up the DagBag from /opt/airflow/dags/dbt_local_dag.py
[2025-11-02T11:38:15.465+0000] {processor.py:840} INFO - DAG(s) 'dag_dbt_pipeline' retrieved from /opt/airflow/dags/dbt_local_dag.py
[2025-11-02T11:38:15.545+0000] {logging_mixin.py:188} INFO - [2025-11-02T11:38:15.544+0000] {dag.py:3036} INFO - Sync 1 DAGs
[2025-11-02T11:38:15.605+0000] {logging_mixin.py:188} INFO - [2025-11-02T11:38:15.604+0000] {dag.py:3823} INFO - Setting next_dagrun for dag_dbt_pipeline to 2025-11-02 00:00:00+00:00, run_after=2025-11-03 00:00:00+00:00
[2025-11-02T11:38:15.706+0000] {processor.py:183} INFO - Processing /opt/airflow/dags/dbt_local_dag.py took 0.358 seconds
[2025-11-02T11:38:48.311+0000] {processor.py:161} INFO - Started process (PID=1716) to work on /opt/airflow/dags/dbt_local_dag.py
[2025-11-02T11:38:48.323+0000] {processor.py:830} INFO - Processing file /opt/airflow/dags/dbt_local_dag.py for tasks to queue
[2025-11-02T11:38:48.330+0000] {logging_mixin.py:188} INFO - [2025-11-02T11:38:48.329+0000] {dagbag.py:538} INFO - Filling up the DagBag from /opt/airflow/dags/dbt_local_dag.py
[2025-11-02T11:38:48.462+0000] {processor.py:840} INFO - DAG(s) 'dag_dbt_pipeline' retrieved from /opt/airflow/dags/dbt_local_dag.py
[2025-11-02T11:38:48.803+0000] {logging_mixin.py:188} INFO - [2025-11-02T11:38:48.802+0000] {dag.py:3036} INFO - Sync 1 DAGs
[2025-11-02T11:38:48.883+0000] {logging_mixin.py:188} INFO - [2025-11-02T11:38:48.882+0000] {dag.py:3823} INFO - Setting next_dagrun for dag_dbt_pipeline to 2025-11-02 00:00:00+00:00, run_after=2025-11-03 00:00:00+00:00
[2025-11-02T11:38:49.010+0000] {processor.py:183} INFO - Processing /opt/airflow/dags/dbt_local_dag.py took 0.718 seconds
[2025-11-02T11:39:22.146+0000] {processor.py:161} INFO - Started process (PID=1728) to work on /opt/airflow/dags/dbt_local_dag.py
[2025-11-02T11:39:22.149+0000] {processor.py:830} INFO - Processing file /opt/airflow/dags/dbt_local_dag.py for tasks to queue
[2025-11-02T11:39:22.151+0000] {logging_mixin.py:188} INFO - [2025-11-02T11:39:22.150+0000] {dagbag.py:538} INFO - Filling up the DagBag from /opt/airflow/dags/dbt_local_dag.py
[2025-11-02T11:39:22.193+0000] {processor.py:840} INFO - DAG(s) 'dag_dbt_pipeline' retrieved from /opt/airflow/dags/dbt_local_dag.py
[2025-11-02T11:39:22.252+0000] {logging_mixin.py:188} INFO - [2025-11-02T11:39:22.251+0000] {dag.py:3036} INFO - Sync 1 DAGs
[2025-11-02T11:39:22.309+0000] {logging_mixin.py:188} INFO - [2025-11-02T11:39:22.308+0000] {dag.py:3823} INFO - Setting next_dagrun for dag_dbt_pipeline to 2025-11-02 00:00:00+00:00, run_after=2025-11-03 00:00:00+00:00
[2025-11-02T11:39:22.430+0000] {processor.py:183} INFO - Processing /opt/airflow/dags/dbt_local_dag.py took 0.293 seconds
[2025-11-02T11:39:56.575+0000] {processor.py:161} INFO - Started process (PID=1741) to work on /opt/airflow/dags/dbt_local_dag.py
[2025-11-02T11:39:56.591+0000] {processor.py:830} INFO - Processing file /opt/airflow/dags/dbt_local_dag.py for tasks to queue
[2025-11-02T11:39:56.609+0000] {logging_mixin.py:188} INFO - [2025-11-02T11:39:56.608+0000] {dagbag.py:538} INFO - Filling up the DagBag from /opt/airflow/dags/dbt_local_dag.py
[2025-11-02T11:39:56.765+0000] {processor.py:840} INFO - DAG(s) 'dag_dbt_pipeline' retrieved from /opt/airflow/dags/dbt_local_dag.py
[2025-11-02T11:39:56.838+0000] {logging_mixin.py:188} INFO - [2025-11-02T11:39:56.838+0000] {dag.py:3036} INFO - Sync 1 DAGs
[2025-11-02T11:39:56.894+0000] {logging_mixin.py:188} INFO - [2025-11-02T11:39:56.894+0000] {dag.py:3823} INFO - Setting next_dagrun for dag_dbt_pipeline to 2025-11-02 00:00:00+00:00, run_after=2025-11-03 00:00:00+00:00
[2025-11-02T11:39:57.051+0000] {processor.py:183} INFO - Processing /opt/airflow/dags/dbt_local_dag.py took 0.508 seconds
[2025-11-02T11:40:30.095+0000] {processor.py:161} INFO - Started process (PID=1753) to work on /opt/airflow/dags/dbt_local_dag.py
[2025-11-02T11:40:30.100+0000] {processor.py:830} INFO - Processing file /opt/airflow/dags/dbt_local_dag.py for tasks to queue
[2025-11-02T11:40:30.103+0000] {logging_mixin.py:188} INFO - [2025-11-02T11:40:30.102+0000] {dagbag.py:538} INFO - Filling up the DagBag from /opt/airflow/dags/dbt_local_dag.py
[2025-11-02T11:40:30.150+0000] {processor.py:840} INFO - DAG(s) 'dag_dbt_pipeline' retrieved from /opt/airflow/dags/dbt_local_dag.py
[2025-11-02T11:40:30.209+0000] {logging_mixin.py:188} INFO - [2025-11-02T11:40:30.208+0000] {dag.py:3036} INFO - Sync 1 DAGs
[2025-11-02T11:40:30.314+0000] {logging_mixin.py:188} INFO - [2025-11-02T11:40:30.314+0000] {dag.py:3823} INFO - Setting next_dagrun for dag_dbt_pipeline to 2025-11-02 00:00:00+00:00, run_after=2025-11-03 00:00:00+00:00
[2025-11-02T11:40:30.453+0000] {processor.py:183} INFO - Processing /opt/airflow/dags/dbt_local_dag.py took 0.368 seconds
[2025-11-02T11:41:02.715+0000] {processor.py:161} INFO - Started process (PID=1764) to work on /opt/airflow/dags/dbt_local_dag.py
[2025-11-02T11:41:02.718+0000] {processor.py:830} INFO - Processing file /opt/airflow/dags/dbt_local_dag.py for tasks to queue
[2025-11-02T11:41:02.720+0000] {logging_mixin.py:188} INFO - [2025-11-02T11:41:02.720+0000] {dagbag.py:538} INFO - Filling up the DagBag from /opt/airflow/dags/dbt_local_dag.py
[2025-11-02T11:41:02.801+0000] {processor.py:840} INFO - DAG(s) 'dag_dbt_pipeline' retrieved from /opt/airflow/dags/dbt_local_dag.py
[2025-11-02T11:41:02.887+0000] {logging_mixin.py:188} INFO - [2025-11-02T11:41:02.887+0000] {dag.py:3036} INFO - Sync 1 DAGs
[2025-11-02T11:41:03.004+0000] {logging_mixin.py:188} INFO - [2025-11-02T11:41:03.003+0000] {dag.py:3823} INFO - Setting next_dagrun for dag_dbt_pipeline to 2025-11-02 00:00:00+00:00, run_after=2025-11-03 00:00:00+00:00
[2025-11-02T11:41:03.300+0000] {processor.py:183} INFO - Processing /opt/airflow/dags/dbt_local_dag.py took 0.595 seconds
[2025-11-02T11:41:33.821+0000] {processor.py:161} INFO - Started process (PID=1776) to work on /opt/airflow/dags/dbt_local_dag.py
[2025-11-02T11:41:33.833+0000] {processor.py:830} INFO - Processing file /opt/airflow/dags/dbt_local_dag.py for tasks to queue
[2025-11-02T11:41:33.849+0000] {logging_mixin.py:188} INFO - [2025-11-02T11:41:33.848+0000] {dagbag.py:538} INFO - Filling up the DagBag from /opt/airflow/dags/dbt_local_dag.py
[2025-11-02T11:41:33.991+0000] {processor.py:840} INFO - DAG(s) 'dag_dbt_pipeline' retrieved from /opt/airflow/dags/dbt_local_dag.py
[2025-11-02T11:41:34.140+0000] {logging_mixin.py:188} INFO - [2025-11-02T11:41:34.138+0000] {dag.py:3036} INFO - Sync 1 DAGs
[2025-11-02T11:41:34.263+0000] {logging_mixin.py:188} INFO - [2025-11-02T11:41:34.263+0000] {dag.py:3823} INFO - Setting next_dagrun for dag_dbt_pipeline to 2025-11-02 00:00:00+00:00, run_after=2025-11-03 00:00:00+00:00
[2025-11-02T11:41:34.397+0000] {processor.py:183} INFO - Processing /opt/airflow/dags/dbt_local_dag.py took 0.607 seconds
[2025-11-02T11:42:10.105+0000] {processor.py:161} INFO - Started process (PID=1788) to work on /opt/airflow/dags/dbt_local_dag.py
[2025-11-02T11:42:10.109+0000] {processor.py:830} INFO - Processing file /opt/airflow/dags/dbt_local_dag.py for tasks to queue
[2025-11-02T11:42:10.125+0000] {logging_mixin.py:188} INFO - [2025-11-02T11:42:10.125+0000] {dagbag.py:538} INFO - Filling up the DagBag from /opt/airflow/dags/dbt_local_dag.py
[2025-11-02T11:42:10.424+0000] {processor.py:840} INFO - DAG(s) 'dag_dbt_pipeline' retrieved from /opt/airflow/dags/dbt_local_dag.py
[2025-11-02T11:42:10.696+0000] {logging_mixin.py:188} INFO - [2025-11-02T11:42:10.696+0000] {dag.py:3036} INFO - Sync 1 DAGs
[2025-11-02T11:42:11.160+0000] {logging_mixin.py:188} INFO - [2025-11-02T11:42:11.159+0000] {dag.py:3823} INFO - Setting next_dagrun for dag_dbt_pipeline to 2025-11-02 00:00:00+00:00, run_after=2025-11-03 00:00:00+00:00
[2025-11-02T11:42:11.378+0000] {processor.py:183} INFO - Processing /opt/airflow/dags/dbt_local_dag.py took 1.339 seconds
[2025-11-02T11:42:42.881+0000] {processor.py:161} INFO - Started process (PID=1801) to work on /opt/airflow/dags/dbt_local_dag.py
[2025-11-02T11:42:42.883+0000] {processor.py:830} INFO - Processing file /opt/airflow/dags/dbt_local_dag.py for tasks to queue
[2025-11-02T11:42:42.896+0000] {logging_mixin.py:188} INFO - [2025-11-02T11:42:42.894+0000] {dagbag.py:538} INFO - Filling up the DagBag from /opt/airflow/dags/dbt_local_dag.py
[2025-11-02T11:42:42.943+0000] {processor.py:840} INFO - DAG(s) 'dag_dbt_pipeline' retrieved from /opt/airflow/dags/dbt_local_dag.py
[2025-11-02T11:42:43.185+0000] {logging_mixin.py:188} INFO - [2025-11-02T11:42:43.184+0000] {dag.py:3036} INFO - Sync 1 DAGs
[2025-11-02T11:42:43.526+0000] {logging_mixin.py:188} INFO - [2025-11-02T11:42:43.525+0000] {dag.py:3823} INFO - Setting next_dagrun for dag_dbt_pipeline to 2025-11-02 00:00:00+00:00, run_after=2025-11-03 00:00:00+00:00
[2025-11-02T11:42:43.672+0000] {processor.py:183} INFO - Processing /opt/airflow/dags/dbt_local_dag.py took 0.820 seconds
[2025-11-02T11:43:16.108+0000] {processor.py:161} INFO - Started process (PID=1813) to work on /opt/airflow/dags/dbt_local_dag.py
[2025-11-02T11:43:16.111+0000] {processor.py:830} INFO - Processing file /opt/airflow/dags/dbt_local_dag.py for tasks to queue
[2025-11-02T11:43:16.125+0000] {logging_mixin.py:188} INFO - [2025-11-02T11:43:16.116+0000] {dagbag.py:538} INFO - Filling up the DagBag from /opt/airflow/dags/dbt_local_dag.py
[2025-11-02T11:43:16.220+0000] {processor.py:840} INFO - DAG(s) 'dag_dbt_pipeline' retrieved from /opt/airflow/dags/dbt_local_dag.py
[2025-11-02T11:43:16.397+0000] {logging_mixin.py:188} INFO - [2025-11-02T11:43:16.396+0000] {dag.py:3036} INFO - Sync 1 DAGs
[2025-11-02T11:43:16.495+0000] {logging_mixin.py:188} INFO - [2025-11-02T11:43:16.494+0000] {dag.py:3823} INFO - Setting next_dagrun for dag_dbt_pipeline to 2025-11-02 00:00:00+00:00, run_after=2025-11-03 00:00:00+00:00
[2025-11-02T11:43:16.718+0000] {processor.py:183} INFO - Processing /opt/airflow/dags/dbt_local_dag.py took 0.626 seconds
[2025-11-02T11:43:50.089+0000] {processor.py:161} INFO - Started process (PID=1825) to work on /opt/airflow/dags/dbt_local_dag.py
[2025-11-02T11:43:50.095+0000] {processor.py:830} INFO - Processing file /opt/airflow/dags/dbt_local_dag.py for tasks to queue
[2025-11-02T11:43:50.101+0000] {logging_mixin.py:188} INFO - [2025-11-02T11:43:50.100+0000] {dagbag.py:538} INFO - Filling up the DagBag from /opt/airflow/dags/dbt_local_dag.py
[2025-11-02T11:43:50.160+0000] {processor.py:840} INFO - DAG(s) 'dag_dbt_pipeline' retrieved from /opt/airflow/dags/dbt_local_dag.py
[2025-11-02T11:43:50.267+0000] {logging_mixin.py:188} INFO - [2025-11-02T11:43:50.265+0000] {dag.py:3036} INFO - Sync 1 DAGs
[2025-11-02T11:43:50.340+0000] {logging_mixin.py:188} INFO - [2025-11-02T11:43:50.339+0000] {dag.py:3823} INFO - Setting next_dagrun for dag_dbt_pipeline to 2025-11-02 00:00:00+00:00, run_after=2025-11-03 00:00:00+00:00
[2025-11-02T11:43:50.516+0000] {processor.py:183} INFO - Processing /opt/airflow/dags/dbt_local_dag.py took 0.439 seconds
[2025-11-02T11:44:22.603+0000] {processor.py:161} INFO - Started process (PID=1837) to work on /opt/airflow/dags/dbt_local_dag.py
[2025-11-02T11:44:22.605+0000] {processor.py:830} INFO - Processing file /opt/airflow/dags/dbt_local_dag.py for tasks to queue
[2025-11-02T11:44:22.608+0000] {logging_mixin.py:188} INFO - [2025-11-02T11:44:22.607+0000] {dagbag.py:538} INFO - Filling up the DagBag from /opt/airflow/dags/dbt_local_dag.py
[2025-11-02T11:44:22.678+0000] {processor.py:840} INFO - DAG(s) 'dag_dbt_pipeline' retrieved from /opt/airflow/dags/dbt_local_dag.py
[2025-11-02T11:44:22.779+0000] {logging_mixin.py:188} INFO - [2025-11-02T11:44:22.778+0000] {dag.py:3036} INFO - Sync 1 DAGs
[2025-11-02T11:44:22.851+0000] {logging_mixin.py:188} INFO - [2025-11-02T11:44:22.850+0000] {dag.py:3823} INFO - Setting next_dagrun for dag_dbt_pipeline to 2025-11-02 00:00:00+00:00, run_after=2025-11-03 00:00:00+00:00
[2025-11-02T11:44:22.942+0000] {processor.py:183} INFO - Processing /opt/airflow/dags/dbt_local_dag.py took 0.347 seconds
[2025-11-02T11:44:56.047+0000] {processor.py:161} INFO - Started process (PID=1849) to work on /opt/airflow/dags/dbt_local_dag.py
[2025-11-02T11:44:56.050+0000] {processor.py:830} INFO - Processing file /opt/airflow/dags/dbt_local_dag.py for tasks to queue
[2025-11-02T11:44:56.053+0000] {logging_mixin.py:188} INFO - [2025-11-02T11:44:56.052+0000] {dagbag.py:538} INFO - Filling up the DagBag from /opt/airflow/dags/dbt_local_dag.py
[2025-11-02T11:44:56.102+0000] {processor.py:840} INFO - DAG(s) 'dag_dbt_pipeline' retrieved from /opt/airflow/dags/dbt_local_dag.py
[2025-11-02T11:44:56.159+0000] {logging_mixin.py:188} INFO - [2025-11-02T11:44:56.158+0000] {dag.py:3036} INFO - Sync 1 DAGs
[2025-11-02T11:44:56.214+0000] {logging_mixin.py:188} INFO - [2025-11-02T11:44:56.213+0000] {dag.py:3823} INFO - Setting next_dagrun for dag_dbt_pipeline to 2025-11-02 00:00:00+00:00, run_after=2025-11-03 00:00:00+00:00
[2025-11-02T11:44:56.261+0000] {processor.py:183} INFO - Processing /opt/airflow/dags/dbt_local_dag.py took 0.223 seconds
[2025-11-02T11:45:29.673+0000] {processor.py:161} INFO - Started process (PID=1861) to work on /opt/airflow/dags/dbt_local_dag.py
[2025-11-02T11:45:29.674+0000] {processor.py:830} INFO - Processing file /opt/airflow/dags/dbt_local_dag.py for tasks to queue
[2025-11-02T11:45:29.676+0000] {logging_mixin.py:188} INFO - [2025-11-02T11:45:29.676+0000] {dagbag.py:538} INFO - Filling up the DagBag from /opt/airflow/dags/dbt_local_dag.py
[2025-11-02T11:45:29.719+0000] {processor.py:840} INFO - DAG(s) 'dag_dbt_pipeline' retrieved from /opt/airflow/dags/dbt_local_dag.py
[2025-11-02T11:45:29.768+0000] {logging_mixin.py:188} INFO - [2025-11-02T11:45:29.767+0000] {dag.py:3036} INFO - Sync 1 DAGs
[2025-11-02T11:45:29.819+0000] {logging_mixin.py:188} INFO - [2025-11-02T11:45:29.819+0000] {dag.py:3823} INFO - Setting next_dagrun for dag_dbt_pipeline to 2025-11-02 00:00:00+00:00, run_after=2025-11-03 00:00:00+00:00
[2025-11-02T11:45:29.866+0000] {processor.py:183} INFO - Processing /opt/airflow/dags/dbt_local_dag.py took 0.205 seconds
[2025-11-02T11:46:02.899+0000] {processor.py:161} INFO - Started process (PID=1873) to work on /opt/airflow/dags/dbt_local_dag.py
[2025-11-02T11:46:02.905+0000] {processor.py:830} INFO - Processing file /opt/airflow/dags/dbt_local_dag.py for tasks to queue
[2025-11-02T11:46:02.913+0000] {logging_mixin.py:188} INFO - [2025-11-02T11:46:02.913+0000] {dagbag.py:538} INFO - Filling up the DagBag from /opt/airflow/dags/dbt_local_dag.py
[2025-11-02T11:46:03.053+0000] {processor.py:840} INFO - DAG(s) 'dag_dbt_pipeline' retrieved from /opt/airflow/dags/dbt_local_dag.py
[2025-11-02T11:46:03.181+0000] {logging_mixin.py:188} INFO - [2025-11-02T11:46:03.180+0000] {dag.py:3036} INFO - Sync 1 DAGs
[2025-11-02T11:46:03.374+0000] {logging_mixin.py:188} INFO - [2025-11-02T11:46:03.374+0000] {dag.py:3823} INFO - Setting next_dagrun for dag_dbt_pipeline to 2025-11-02 00:00:00+00:00, run_after=2025-11-03 00:00:00+00:00
[2025-11-02T11:46:03.513+0000] {processor.py:183} INFO - Processing /opt/airflow/dags/dbt_local_dag.py took 0.654 seconds
[2025-11-02T11:46:36.571+0000] {processor.py:161} INFO - Started process (PID=1885) to work on /opt/airflow/dags/dbt_local_dag.py
[2025-11-02T11:46:36.573+0000] {processor.py:830} INFO - Processing file /opt/airflow/dags/dbt_local_dag.py for tasks to queue
[2025-11-02T11:46:36.575+0000] {logging_mixin.py:188} INFO - [2025-11-02T11:46:36.575+0000] {dagbag.py:538} INFO - Filling up the DagBag from /opt/airflow/dags/dbt_local_dag.py
[2025-11-02T11:46:36.620+0000] {processor.py:840} INFO - DAG(s) 'dag_dbt_pipeline' retrieved from /opt/airflow/dags/dbt_local_dag.py
[2025-11-02T11:46:36.674+0000] {logging_mixin.py:188} INFO - [2025-11-02T11:46:36.673+0000] {dag.py:3036} INFO - Sync 1 DAGs
[2025-11-02T11:46:36.726+0000] {logging_mixin.py:188} INFO - [2025-11-02T11:46:36.726+0000] {dag.py:3823} INFO - Setting next_dagrun for dag_dbt_pipeline to 2025-11-02 00:00:00+00:00, run_after=2025-11-03 00:00:00+00:00
[2025-11-02T11:46:36.763+0000] {processor.py:183} INFO - Processing /opt/airflow/dags/dbt_local_dag.py took 0.202 seconds
[2025-11-02T11:47:09.533+0000] {processor.py:161} INFO - Started process (PID=1897) to work on /opt/airflow/dags/dbt_local_dag.py
[2025-11-02T11:47:09.539+0000] {processor.py:830} INFO - Processing file /opt/airflow/dags/dbt_local_dag.py for tasks to queue
[2025-11-02T11:47:09.543+0000] {logging_mixin.py:188} INFO - [2025-11-02T11:47:09.542+0000] {dagbag.py:538} INFO - Filling up the DagBag from /opt/airflow/dags/dbt_local_dag.py
[2025-11-02T11:47:09.589+0000] {processor.py:840} INFO - DAG(s) 'dag_dbt_pipeline' retrieved from /opt/airflow/dags/dbt_local_dag.py
[2025-11-02T11:47:09.651+0000] {logging_mixin.py:188} INFO - [2025-11-02T11:47:09.650+0000] {dag.py:3036} INFO - Sync 1 DAGs
[2025-11-02T11:47:09.695+0000] {logging_mixin.py:188} INFO - [2025-11-02T11:47:09.695+0000] {dag.py:3823} INFO - Setting next_dagrun for dag_dbt_pipeline to 2025-11-02 00:00:00+00:00, run_after=2025-11-03 00:00:00+00:00
[2025-11-02T11:47:09.737+0000] {processor.py:183} INFO - Processing /opt/airflow/dags/dbt_local_dag.py took 0.215 seconds
[2025-11-02T11:47:43.100+0000] {processor.py:161} INFO - Started process (PID=1909) to work on /opt/airflow/dags/dbt_local_dag.py
[2025-11-02T11:47:43.105+0000] {processor.py:830} INFO - Processing file /opt/airflow/dags/dbt_local_dag.py for tasks to queue
[2025-11-02T11:47:43.107+0000] {logging_mixin.py:188} INFO - [2025-11-02T11:47:43.107+0000] {dagbag.py:538} INFO - Filling up the DagBag from /opt/airflow/dags/dbt_local_dag.py
[2025-11-02T11:47:43.175+0000] {processor.py:840} INFO - DAG(s) 'dag_dbt_pipeline' retrieved from /opt/airflow/dags/dbt_local_dag.py
[2025-11-02T11:47:43.246+0000] {logging_mixin.py:188} INFO - [2025-11-02T11:47:43.246+0000] {dag.py:3036} INFO - Sync 1 DAGs
[2025-11-02T11:47:43.328+0000] {logging_mixin.py:188} INFO - [2025-11-02T11:47:43.327+0000] {dag.py:3823} INFO - Setting next_dagrun for dag_dbt_pipeline to 2025-11-02 00:00:00+00:00, run_after=2025-11-03 00:00:00+00:00
[2025-11-02T11:47:43.425+0000] {processor.py:183} INFO - Processing /opt/airflow/dags/dbt_local_dag.py took 0.337 seconds
[2025-11-02T11:48:16.564+0000] {processor.py:161} INFO - Started process (PID=1921) to work on /opt/airflow/dags/dbt_local_dag.py
[2025-11-02T11:48:16.567+0000] {processor.py:830} INFO - Processing file /opt/airflow/dags/dbt_local_dag.py for tasks to queue
[2025-11-02T11:48:16.571+0000] {logging_mixin.py:188} INFO - [2025-11-02T11:48:16.569+0000] {dagbag.py:538} INFO - Filling up the DagBag from /opt/airflow/dags/dbt_local_dag.py
[2025-11-02T11:48:16.631+0000] {processor.py:840} INFO - DAG(s) 'dag_dbt_pipeline' retrieved from /opt/airflow/dags/dbt_local_dag.py
[2025-11-02T11:48:16.705+0000] {logging_mixin.py:188} INFO - [2025-11-02T11:48:16.705+0000] {dag.py:3036} INFO - Sync 1 DAGs
[2025-11-02T11:48:16.758+0000] {logging_mixin.py:188} INFO - [2025-11-02T11:48:16.758+0000] {dag.py:3823} INFO - Setting next_dagrun for dag_dbt_pipeline to 2025-11-02 00:00:00+00:00, run_after=2025-11-03 00:00:00+00:00
[2025-11-02T11:48:16.980+0000] {processor.py:183} INFO - Processing /opt/airflow/dags/dbt_local_dag.py took 0.429 seconds
[2025-11-02T11:48:49.869+0000] {processor.py:161} INFO - Started process (PID=1933) to work on /opt/airflow/dags/dbt_local_dag.py
[2025-11-02T11:48:49.872+0000] {processor.py:830} INFO - Processing file /opt/airflow/dags/dbt_local_dag.py for tasks to queue
[2025-11-02T11:48:49.882+0000] {logging_mixin.py:188} INFO - [2025-11-02T11:48:49.881+0000] {dagbag.py:538} INFO - Filling up the DagBag from /opt/airflow/dags/dbt_local_dag.py
[2025-11-02T11:48:49.943+0000] {processor.py:840} INFO - DAG(s) 'dag_dbt_pipeline' retrieved from /opt/airflow/dags/dbt_local_dag.py
[2025-11-02T11:48:50.034+0000] {logging_mixin.py:188} INFO - [2025-11-02T11:48:50.033+0000] {dag.py:3036} INFO - Sync 1 DAGs
[2025-11-02T11:48:50.113+0000] {logging_mixin.py:188} INFO - [2025-11-02T11:48:50.112+0000] {dag.py:3823} INFO - Setting next_dagrun for dag_dbt_pipeline to 2025-11-02 00:00:00+00:00, run_after=2025-11-03 00:00:00+00:00
[2025-11-02T11:48:50.181+0000] {processor.py:183} INFO - Processing /opt/airflow/dags/dbt_local_dag.py took 0.331 seconds
[2025-11-02T11:49:23.067+0000] {processor.py:161} INFO - Started process (PID=1945) to work on /opt/airflow/dags/dbt_local_dag.py
[2025-11-02T11:49:23.070+0000] {processor.py:830} INFO - Processing file /opt/airflow/dags/dbt_local_dag.py for tasks to queue
[2025-11-02T11:49:23.072+0000] {logging_mixin.py:188} INFO - [2025-11-02T11:49:23.071+0000] {dagbag.py:538} INFO - Filling up the DagBag from /opt/airflow/dags/dbt_local_dag.py
[2025-11-02T11:49:23.118+0000] {processor.py:840} INFO - DAG(s) 'dag_dbt_pipeline' retrieved from /opt/airflow/dags/dbt_local_dag.py
[2025-11-02T11:49:23.167+0000] {logging_mixin.py:188} INFO - [2025-11-02T11:49:23.167+0000] {dag.py:3036} INFO - Sync 1 DAGs
[2025-11-02T11:49:23.217+0000] {logging_mixin.py:188} INFO - [2025-11-02T11:49:23.217+0000] {dag.py:3823} INFO - Setting next_dagrun for dag_dbt_pipeline to 2025-11-02 00:00:00+00:00, run_after=2025-11-03 00:00:00+00:00
[2025-11-02T11:49:23.257+0000] {processor.py:183} INFO - Processing /opt/airflow/dags/dbt_local_dag.py took 0.198 seconds
[2025-11-02T11:49:56.634+0000] {processor.py:161} INFO - Started process (PID=1957) to work on /opt/airflow/dags/dbt_local_dag.py
[2025-11-02T11:49:56.636+0000] {processor.py:830} INFO - Processing file /opt/airflow/dags/dbt_local_dag.py for tasks to queue
[2025-11-02T11:49:56.638+0000] {logging_mixin.py:188} INFO - [2025-11-02T11:49:56.638+0000] {dagbag.py:538} INFO - Filling up the DagBag from /opt/airflow/dags/dbt_local_dag.py
[2025-11-02T11:49:56.693+0000] {processor.py:840} INFO - DAG(s) 'dag_dbt_pipeline' retrieved from /opt/airflow/dags/dbt_local_dag.py
[2025-11-02T11:49:56.763+0000] {logging_mixin.py:188} INFO - [2025-11-02T11:49:56.761+0000] {dag.py:3036} INFO - Sync 1 DAGs
[2025-11-02T11:49:56.847+0000] {logging_mixin.py:188} INFO - [2025-11-02T11:49:56.846+0000] {dag.py:3823} INFO - Setting next_dagrun for dag_dbt_pipeline to 2025-11-02 00:00:00+00:00, run_after=2025-11-03 00:00:00+00:00
[2025-11-02T11:49:56.932+0000] {processor.py:183} INFO - Processing /opt/airflow/dags/dbt_local_dag.py took 0.311 seconds
[2025-11-02T11:50:29.251+0000] {processor.py:161} INFO - Started process (PID=1969) to work on /opt/airflow/dags/dbt_local_dag.py
[2025-11-02T11:50:29.255+0000] {processor.py:830} INFO - Processing file /opt/airflow/dags/dbt_local_dag.py for tasks to queue
[2025-11-02T11:50:29.258+0000] {logging_mixin.py:188} INFO - [2025-11-02T11:50:29.257+0000] {dagbag.py:538} INFO - Filling up the DagBag from /opt/airflow/dags/dbt_local_dag.py
[2025-11-02T11:50:29.306+0000] {processor.py:840} INFO - DAG(s) 'dag_dbt_pipeline' retrieved from /opt/airflow/dags/dbt_local_dag.py
[2025-11-02T11:50:29.378+0000] {logging_mixin.py:188} INFO - [2025-11-02T11:50:29.378+0000] {dag.py:3036} INFO - Sync 1 DAGs
[2025-11-02T11:50:29.442+0000] {logging_mixin.py:188} INFO - [2025-11-02T11:50:29.441+0000] {dag.py:3823} INFO - Setting next_dagrun for dag_dbt_pipeline to 2025-11-02 00:00:00+00:00, run_after=2025-11-03 00:00:00+00:00
[2025-11-02T11:50:29.503+0000] {processor.py:183} INFO - Processing /opt/airflow/dags/dbt_local_dag.py took 0.261 seconds
[2025-11-02T11:51:03.083+0000] {processor.py:161} INFO - Started process (PID=1981) to work on /opt/airflow/dags/dbt_local_dag.py
[2025-11-02T11:51:03.089+0000] {processor.py:830} INFO - Processing file /opt/airflow/dags/dbt_local_dag.py for tasks to queue
[2025-11-02T11:51:03.092+0000] {logging_mixin.py:188} INFO - [2025-11-02T11:51:03.091+0000] {dagbag.py:538} INFO - Filling up the DagBag from /opt/airflow/dags/dbt_local_dag.py
[2025-11-02T11:51:03.133+0000] {processor.py:840} INFO - DAG(s) 'dag_dbt_pipeline' retrieved from /opt/airflow/dags/dbt_local_dag.py
[2025-11-02T11:51:03.206+0000] {logging_mixin.py:188} INFO - [2025-11-02T11:51:03.206+0000] {dag.py:3036} INFO - Sync 1 DAGs
[2025-11-02T11:51:03.260+0000] {logging_mixin.py:188} INFO - [2025-11-02T11:51:03.260+0000] {dag.py:3823} INFO - Setting next_dagrun for dag_dbt_pipeline to 2025-11-02 00:00:00+00:00, run_after=2025-11-03 00:00:00+00:00
[2025-11-02T11:51:03.317+0000] {processor.py:183} INFO - Processing /opt/airflow/dags/dbt_local_dag.py took 0.245 seconds
[2025-11-02T11:51:35.899+0000] {processor.py:161} INFO - Started process (PID=1993) to work on /opt/airflow/dags/dbt_local_dag.py
[2025-11-02T11:51:35.901+0000] {processor.py:830} INFO - Processing file /opt/airflow/dags/dbt_local_dag.py for tasks to queue
[2025-11-02T11:51:35.905+0000] {logging_mixin.py:188} INFO - [2025-11-02T11:51:35.904+0000] {dagbag.py:538} INFO - Filling up the DagBag from /opt/airflow/dags/dbt_local_dag.py
[2025-11-02T11:51:35.977+0000] {processor.py:840} INFO - DAG(s) 'dag_dbt_pipeline' retrieved from /opt/airflow/dags/dbt_local_dag.py
[2025-11-02T11:51:36.048+0000] {logging_mixin.py:188} INFO - [2025-11-02T11:51:36.048+0000] {dag.py:3036} INFO - Sync 1 DAGs
[2025-11-02T11:51:36.119+0000] {logging_mixin.py:188} INFO - [2025-11-02T11:51:36.119+0000] {dag.py:3823} INFO - Setting next_dagrun for dag_dbt_pipeline to 2025-11-02 00:00:00+00:00, run_after=2025-11-03 00:00:00+00:00
[2025-11-02T11:51:36.175+0000] {processor.py:183} INFO - Processing /opt/airflow/dags/dbt_local_dag.py took 0.283 seconds
[2025-11-02T11:52:09.862+0000] {processor.py:161} INFO - Started process (PID=2005) to work on /opt/airflow/dags/dbt_local_dag.py
[2025-11-02T11:52:09.866+0000] {processor.py:830} INFO - Processing file /opt/airflow/dags/dbt_local_dag.py for tasks to queue
[2025-11-02T11:52:09.874+0000] {logging_mixin.py:188} INFO - [2025-11-02T11:52:09.870+0000] {dagbag.py:538} INFO - Filling up the DagBag from /opt/airflow/dags/dbt_local_dag.py
[2025-11-02T11:52:09.933+0000] {processor.py:840} INFO - DAG(s) 'dag_dbt_pipeline' retrieved from /opt/airflow/dags/dbt_local_dag.py
[2025-11-02T11:52:10.010+0000] {logging_mixin.py:188} INFO - [2025-11-02T11:52:10.008+0000] {dag.py:3036} INFO - Sync 1 DAGs
[2025-11-02T11:52:10.102+0000] {logging_mixin.py:188} INFO - [2025-11-02T11:52:10.102+0000] {dag.py:3823} INFO - Setting next_dagrun for dag_dbt_pipeline to 2025-11-02 00:00:00+00:00, run_after=2025-11-03 00:00:00+00:00
[2025-11-02T11:52:10.152+0000] {processor.py:183} INFO - Processing /opt/airflow/dags/dbt_local_dag.py took 0.298 seconds
[2025-11-02T11:52:43.213+0000] {processor.py:161} INFO - Started process (PID=2017) to work on /opt/airflow/dags/dbt_local_dag.py
[2025-11-02T11:52:43.216+0000] {processor.py:830} INFO - Processing file /opt/airflow/dags/dbt_local_dag.py for tasks to queue
[2025-11-02T11:52:43.219+0000] {logging_mixin.py:188} INFO - [2025-11-02T11:52:43.218+0000] {dagbag.py:538} INFO - Filling up the DagBag from /opt/airflow/dags/dbt_local_dag.py
[2025-11-02T11:52:43.271+0000] {processor.py:840} INFO - DAG(s) 'dag_dbt_pipeline' retrieved from /opt/airflow/dags/dbt_local_dag.py
[2025-11-02T11:52:43.353+0000] {logging_mixin.py:188} INFO - [2025-11-02T11:52:43.352+0000] {dag.py:3036} INFO - Sync 1 DAGs
[2025-11-02T11:52:43.424+0000] {logging_mixin.py:188} INFO - [2025-11-02T11:52:43.424+0000] {dag.py:3823} INFO - Setting next_dagrun for dag_dbt_pipeline to 2025-11-02 00:00:00+00:00, run_after=2025-11-03 00:00:00+00:00
[2025-11-02T11:52:43.494+0000] {processor.py:183} INFO - Processing /opt/airflow/dags/dbt_local_dag.py took 0.299 seconds
[2025-11-02T11:53:16.197+0000] {processor.py:161} INFO - Started process (PID=2029) to work on /opt/airflow/dags/dbt_local_dag.py
[2025-11-02T11:53:16.200+0000] {processor.py:830} INFO - Processing file /opt/airflow/dags/dbt_local_dag.py for tasks to queue
[2025-11-02T11:53:16.203+0000] {logging_mixin.py:188} INFO - [2025-11-02T11:53:16.202+0000] {dagbag.py:538} INFO - Filling up the DagBag from /opt/airflow/dags/dbt_local_dag.py
[2025-11-02T11:53:16.253+0000] {processor.py:840} INFO - DAG(s) 'dag_dbt_pipeline' retrieved from /opt/airflow/dags/dbt_local_dag.py
[2025-11-02T11:53:16.317+0000] {logging_mixin.py:188} INFO - [2025-11-02T11:53:16.317+0000] {dag.py:3036} INFO - Sync 1 DAGs
[2025-11-02T11:53:16.375+0000] {logging_mixin.py:188} INFO - [2025-11-02T11:53:16.374+0000] {dag.py:3823} INFO - Setting next_dagrun for dag_dbt_pipeline to 2025-11-02 00:00:00+00:00, run_after=2025-11-03 00:00:00+00:00
[2025-11-02T11:53:16.414+0000] {processor.py:183} INFO - Processing /opt/airflow/dags/dbt_local_dag.py took 0.227 seconds
[2025-11-02T11:53:49.389+0000] {processor.py:161} INFO - Started process (PID=2041) to work on /opt/airflow/dags/dbt_local_dag.py
[2025-11-02T11:53:49.393+0000] {processor.py:830} INFO - Processing file /opt/airflow/dags/dbt_local_dag.py for tasks to queue
[2025-11-02T11:53:49.396+0000] {logging_mixin.py:188} INFO - [2025-11-02T11:53:49.395+0000] {dagbag.py:538} INFO - Filling up the DagBag from /opt/airflow/dags/dbt_local_dag.py
[2025-11-02T11:53:49.441+0000] {processor.py:840} INFO - DAG(s) 'dag_dbt_pipeline' retrieved from /opt/airflow/dags/dbt_local_dag.py
[2025-11-02T11:53:49.491+0000] {logging_mixin.py:188} INFO - [2025-11-02T11:53:49.490+0000] {dag.py:3036} INFO - Sync 1 DAGs
[2025-11-02T11:53:49.536+0000] {logging_mixin.py:188} INFO - [2025-11-02T11:53:49.536+0000] {dag.py:3823} INFO - Setting next_dagrun for dag_dbt_pipeline to 2025-11-02 00:00:00+00:00, run_after=2025-11-03 00:00:00+00:00
[2025-11-02T11:53:49.575+0000] {processor.py:183} INFO - Processing /opt/airflow/dags/dbt_local_dag.py took 0.197 seconds
[2025-11-02T11:54:23.099+0000] {processor.py:161} INFO - Started process (PID=2053) to work on /opt/airflow/dags/dbt_local_dag.py
[2025-11-02T11:54:23.103+0000] {processor.py:830} INFO - Processing file /opt/airflow/dags/dbt_local_dag.py for tasks to queue
[2025-11-02T11:54:23.109+0000] {logging_mixin.py:188} INFO - [2025-11-02T11:54:23.108+0000] {dagbag.py:538} INFO - Filling up the DagBag from /opt/airflow/dags/dbt_local_dag.py
[2025-11-02T11:54:23.170+0000] {processor.py:840} INFO - DAG(s) 'dag_dbt_pipeline' retrieved from /opt/airflow/dags/dbt_local_dag.py
[2025-11-02T11:54:23.247+0000] {logging_mixin.py:188} INFO - [2025-11-02T11:54:23.246+0000] {dag.py:3036} INFO - Sync 1 DAGs
[2025-11-02T11:54:23.317+0000] {logging_mixin.py:188} INFO - [2025-11-02T11:54:23.316+0000] {dag.py:3823} INFO - Setting next_dagrun for dag_dbt_pipeline to 2025-11-02 00:00:00+00:00, run_after=2025-11-03 00:00:00+00:00
[2025-11-02T11:54:23.376+0000] {processor.py:183} INFO - Processing /opt/airflow/dags/dbt_local_dag.py took 0.288 seconds
[2025-11-02T11:54:56.006+0000] {processor.py:161} INFO - Started process (PID=2065) to work on /opt/airflow/dags/dbt_local_dag.py
[2025-11-02T11:54:56.009+0000] {processor.py:830} INFO - Processing file /opt/airflow/dags/dbt_local_dag.py for tasks to queue
[2025-11-02T11:54:56.011+0000] {logging_mixin.py:188} INFO - [2025-11-02T11:54:56.011+0000] {dagbag.py:538} INFO - Filling up the DagBag from /opt/airflow/dags/dbt_local_dag.py
[2025-11-02T11:54:56.068+0000] {processor.py:840} INFO - DAG(s) 'dag_dbt_pipeline' retrieved from /opt/airflow/dags/dbt_local_dag.py
[2025-11-02T11:54:56.149+0000] {logging_mixin.py:188} INFO - [2025-11-02T11:54:56.149+0000] {dag.py:3036} INFO - Sync 1 DAGs
[2025-11-02T11:54:56.210+0000] {logging_mixin.py:188} INFO - [2025-11-02T11:54:56.210+0000] {dag.py:3823} INFO - Setting next_dagrun for dag_dbt_pipeline to 2025-11-02 00:00:00+00:00, run_after=2025-11-03 00:00:00+00:00
[2025-11-02T11:54:56.286+0000] {processor.py:183} INFO - Processing /opt/airflow/dags/dbt_local_dag.py took 0.289 seconds
[2025-11-02T11:55:29.644+0000] {processor.py:161} INFO - Started process (PID=2077) to work on /opt/airflow/dags/dbt_local_dag.py
[2025-11-02T11:55:29.647+0000] {processor.py:830} INFO - Processing file /opt/airflow/dags/dbt_local_dag.py for tasks to queue
[2025-11-02T11:55:29.650+0000] {logging_mixin.py:188} INFO - [2025-11-02T11:55:29.650+0000] {dagbag.py:538} INFO - Filling up the DagBag from /opt/airflow/dags/dbt_local_dag.py
[2025-11-02T11:55:29.708+0000] {processor.py:840} INFO - DAG(s) 'dag_dbt_pipeline' retrieved from /opt/airflow/dags/dbt_local_dag.py
[2025-11-02T11:55:29.798+0000] {logging_mixin.py:188} INFO - [2025-11-02T11:55:29.793+0000] {dag.py:3036} INFO - Sync 1 DAGs
[2025-11-02T11:55:29.888+0000] {logging_mixin.py:188} INFO - [2025-11-02T11:55:29.887+0000] {dag.py:3823} INFO - Setting next_dagrun for dag_dbt_pipeline to 2025-11-02 00:00:00+00:00, run_after=2025-11-03 00:00:00+00:00
[2025-11-02T11:55:29.949+0000] {processor.py:183} INFO - Processing /opt/airflow/dags/dbt_local_dag.py took 0.328 seconds
[2025-11-02T11:56:02.752+0000] {processor.py:161} INFO - Started process (PID=2089) to work on /opt/airflow/dags/dbt_local_dag.py
[2025-11-02T11:56:02.755+0000] {processor.py:830} INFO - Processing file /opt/airflow/dags/dbt_local_dag.py for tasks to queue
[2025-11-02T11:56:02.757+0000] {logging_mixin.py:188} INFO - [2025-11-02T11:56:02.756+0000] {dagbag.py:538} INFO - Filling up the DagBag from /opt/airflow/dags/dbt_local_dag.py
[2025-11-02T11:56:02.800+0000] {processor.py:840} INFO - DAG(s) 'dag_dbt_pipeline' retrieved from /opt/airflow/dags/dbt_local_dag.py
[2025-11-02T11:56:02.850+0000] {logging_mixin.py:188} INFO - [2025-11-02T11:56:02.849+0000] {dag.py:3036} INFO - Sync 1 DAGs
[2025-11-02T11:56:02.900+0000] {logging_mixin.py:188} INFO - [2025-11-02T11:56:02.899+0000] {dag.py:3823} INFO - Setting next_dagrun for dag_dbt_pipeline to 2025-11-02 00:00:00+00:00, run_after=2025-11-03 00:00:00+00:00
[2025-11-02T11:56:02.946+0000] {processor.py:183} INFO - Processing /opt/airflow/dags/dbt_local_dag.py took 0.203 seconds
[2025-11-02T11:56:36.665+0000] {processor.py:161} INFO - Started process (PID=2101) to work on /opt/airflow/dags/dbt_local_dag.py
[2025-11-02T11:56:36.668+0000] {processor.py:830} INFO - Processing file /opt/airflow/dags/dbt_local_dag.py for tasks to queue
[2025-11-02T11:56:36.670+0000] {logging_mixin.py:188} INFO - [2025-11-02T11:56:36.669+0000] {dagbag.py:538} INFO - Filling up the DagBag from /opt/airflow/dags/dbt_local_dag.py
[2025-11-02T11:56:36.710+0000] {processor.py:840} INFO - DAG(s) 'dag_dbt_pipeline' retrieved from /opt/airflow/dags/dbt_local_dag.py
[2025-11-02T11:56:36.758+0000] {logging_mixin.py:188} INFO - [2025-11-02T11:56:36.757+0000] {dag.py:3036} INFO - Sync 1 DAGs
[2025-11-02T11:56:36.803+0000] {logging_mixin.py:188} INFO - [2025-11-02T11:56:36.803+0000] {dag.py:3823} INFO - Setting next_dagrun for dag_dbt_pipeline to 2025-11-02 00:00:00+00:00, run_after=2025-11-03 00:00:00+00:00
[2025-11-02T11:56:36.852+0000] {processor.py:183} INFO - Processing /opt/airflow/dags/dbt_local_dag.py took 0.199 seconds
[2025-11-02T11:57:09.270+0000] {processor.py:161} INFO - Started process (PID=2113) to work on /opt/airflow/dags/dbt_local_dag.py
[2025-11-02T11:57:09.273+0000] {processor.py:830} INFO - Processing file /opt/airflow/dags/dbt_local_dag.py for tasks to queue
[2025-11-02T11:57:09.278+0000] {logging_mixin.py:188} INFO - [2025-11-02T11:57:09.277+0000] {dagbag.py:538} INFO - Filling up the DagBag from /opt/airflow/dags/dbt_local_dag.py
[2025-11-02T11:57:09.349+0000] {processor.py:840} INFO - DAG(s) 'dag_dbt_pipeline' retrieved from /opt/airflow/dags/dbt_local_dag.py
[2025-11-02T11:57:09.404+0000] {logging_mixin.py:188} INFO - [2025-11-02T11:57:09.404+0000] {dag.py:3036} INFO - Sync 1 DAGs
[2025-11-02T11:57:09.456+0000] {logging_mixin.py:188} INFO - [2025-11-02T11:57:09.456+0000] {dag.py:3823} INFO - Setting next_dagrun for dag_dbt_pipeline to 2025-11-02 00:00:00+00:00, run_after=2025-11-03 00:00:00+00:00
[2025-11-02T11:57:09.700+0000] {processor.py:183} INFO - Processing /opt/airflow/dags/dbt_local_dag.py took 0.446 seconds
[2025-11-02T11:57:42.769+0000] {processor.py:161} INFO - Started process (PID=2125) to work on /opt/airflow/dags/dbt_local_dag.py
[2025-11-02T11:57:42.771+0000] {processor.py:830} INFO - Processing file /opt/airflow/dags/dbt_local_dag.py for tasks to queue
[2025-11-02T11:57:42.773+0000] {logging_mixin.py:188} INFO - [2025-11-02T11:57:42.772+0000] {dagbag.py:538} INFO - Filling up the DagBag from /opt/airflow/dags/dbt_local_dag.py
[2025-11-02T11:57:42.824+0000] {processor.py:840} INFO - DAG(s) 'dag_dbt_pipeline' retrieved from /opt/airflow/dags/dbt_local_dag.py
[2025-11-02T11:57:42.881+0000] {logging_mixin.py:188} INFO - [2025-11-02T11:57:42.881+0000] {dag.py:3036} INFO - Sync 1 DAGs
[2025-11-02T11:57:42.947+0000] {logging_mixin.py:188} INFO - [2025-11-02T11:57:42.946+0000] {dag.py:3823} INFO - Setting next_dagrun for dag_dbt_pipeline to 2025-11-02 00:00:00+00:00, run_after=2025-11-03 00:00:00+00:00
[2025-11-02T11:57:43.000+0000] {processor.py:183} INFO - Processing /opt/airflow/dags/dbt_local_dag.py took 0.239 seconds
[2025-11-02T11:58:16.665+0000] {processor.py:161} INFO - Started process (PID=2137) to work on /opt/airflow/dags/dbt_local_dag.py
[2025-11-02T11:58:16.667+0000] {processor.py:830} INFO - Processing file /opt/airflow/dags/dbt_local_dag.py for tasks to queue
[2025-11-02T11:58:16.669+0000] {logging_mixin.py:188} INFO - [2025-11-02T11:58:16.668+0000] {dagbag.py:538} INFO - Filling up the DagBag from /opt/airflow/dags/dbt_local_dag.py
[2025-11-02T11:58:16.712+0000] {processor.py:840} INFO - DAG(s) 'dag_dbt_pipeline' retrieved from /opt/airflow/dags/dbt_local_dag.py
[2025-11-02T11:58:16.775+0000] {logging_mixin.py:188} INFO - [2025-11-02T11:58:16.775+0000] {dag.py:3036} INFO - Sync 1 DAGs
[2025-11-02T11:58:16.819+0000] {logging_mixin.py:188} INFO - [2025-11-02T11:58:16.819+0000] {dag.py:3823} INFO - Setting next_dagrun for dag_dbt_pipeline to 2025-11-02 00:00:00+00:00, run_after=2025-11-03 00:00:00+00:00
[2025-11-02T11:58:16.868+0000] {processor.py:183} INFO - Processing /opt/airflow/dags/dbt_local_dag.py took 0.214 seconds
[2025-11-02T11:58:49.534+0000] {processor.py:161} INFO - Started process (PID=2149) to work on /opt/airflow/dags/dbt_local_dag.py
[2025-11-02T11:58:49.536+0000] {processor.py:830} INFO - Processing file /opt/airflow/dags/dbt_local_dag.py for tasks to queue
[2025-11-02T11:58:49.539+0000] {logging_mixin.py:188} INFO - [2025-11-02T11:58:49.538+0000] {dagbag.py:538} INFO - Filling up the DagBag from /opt/airflow/dags/dbt_local_dag.py
[2025-11-02T11:58:49.581+0000] {processor.py:840} INFO - DAG(s) 'dag_dbt_pipeline' retrieved from /opt/airflow/dags/dbt_local_dag.py
[2025-11-02T11:58:49.654+0000] {logging_mixin.py:188} INFO - [2025-11-02T11:58:49.653+0000] {dag.py:3036} INFO - Sync 1 DAGs
[2025-11-02T11:58:49.710+0000] {logging_mixin.py:188} INFO - [2025-11-02T11:58:49.710+0000] {dag.py:3823} INFO - Setting next_dagrun for dag_dbt_pipeline to 2025-11-02 00:00:00+00:00, run_after=2025-11-03 00:00:00+00:00
[2025-11-02T11:58:49.753+0000] {processor.py:183} INFO - Processing /opt/airflow/dags/dbt_local_dag.py took 0.243 seconds
[2025-11-02T11:59:22.762+0000] {processor.py:161} INFO - Started process (PID=2162) to work on /opt/airflow/dags/dbt_local_dag.py
[2025-11-02T11:59:22.775+0000] {processor.py:830} INFO - Processing file /opt/airflow/dags/dbt_local_dag.py for tasks to queue
[2025-11-02T11:59:22.781+0000] {logging_mixin.py:188} INFO - [2025-11-02T11:59:22.780+0000] {dagbag.py:538} INFO - Filling up the DagBag from /opt/airflow/dags/dbt_local_dag.py
[2025-11-02T11:59:22.840+0000] {processor.py:840} INFO - DAG(s) 'dag_dbt_pipeline' retrieved from /opt/airflow/dags/dbt_local_dag.py
[2025-11-02T11:59:22.922+0000] {logging_mixin.py:188} INFO - [2025-11-02T11:59:22.922+0000] {dag.py:3036} INFO - Sync 1 DAGs
[2025-11-02T11:59:22.996+0000] {logging_mixin.py:188} INFO - [2025-11-02T11:59:22.990+0000] {dag.py:3823} INFO - Setting next_dagrun for dag_dbt_pipeline to 2025-11-02 00:00:00+00:00, run_after=2025-11-03 00:00:00+00:00
[2025-11-02T11:59:23.047+0000] {processor.py:183} INFO - Processing /opt/airflow/dags/dbt_local_dag.py took 0.305 seconds
[2025-11-02T11:59:56.876+0000] {processor.py:161} INFO - Started process (PID=2174) to work on /opt/airflow/dags/dbt_local_dag.py
[2025-11-02T11:59:56.879+0000] {processor.py:830} INFO - Processing file /opt/airflow/dags/dbt_local_dag.py for tasks to queue
[2025-11-02T11:59:56.882+0000] {logging_mixin.py:188} INFO - [2025-11-02T11:59:56.881+0000] {dagbag.py:538} INFO - Filling up the DagBag from /opt/airflow/dags/dbt_local_dag.py
[2025-11-02T11:59:56.933+0000] {processor.py:840} INFO - DAG(s) 'dag_dbt_pipeline' retrieved from /opt/airflow/dags/dbt_local_dag.py
[2025-11-02T11:59:56.993+0000] {logging_mixin.py:188} INFO - [2025-11-02T11:59:56.992+0000] {dag.py:3036} INFO - Sync 1 DAGs
[2025-11-02T11:59:57.047+0000] {logging_mixin.py:188} INFO - [2025-11-02T11:59:57.047+0000] {dag.py:3823} INFO - Setting next_dagrun for dag_dbt_pipeline to 2025-11-02 00:00:00+00:00, run_after=2025-11-03 00:00:00+00:00
[2025-11-02T11:59:57.119+0000] {processor.py:183} INFO - Processing /opt/airflow/dags/dbt_local_dag.py took 0.251 seconds
[2025-11-02T12:00:29.662+0000] {processor.py:161} INFO - Started process (PID=2186) to work on /opt/airflow/dags/dbt_local_dag.py
[2025-11-02T12:00:29.666+0000] {processor.py:830} INFO - Processing file /opt/airflow/dags/dbt_local_dag.py for tasks to queue
[2025-11-02T12:00:29.669+0000] {logging_mixin.py:188} INFO - [2025-11-02T12:00:29.668+0000] {dagbag.py:538} INFO - Filling up the DagBag from /opt/airflow/dags/dbt_local_dag.py
[2025-11-02T12:00:29.714+0000] {processor.py:840} INFO - DAG(s) 'dag_dbt_pipeline' retrieved from /opt/airflow/dags/dbt_local_dag.py
[2025-11-02T12:00:29.769+0000] {logging_mixin.py:188} INFO - [2025-11-02T12:00:29.769+0000] {dag.py:3036} INFO - Sync 1 DAGs
[2025-11-02T12:00:29.824+0000] {logging_mixin.py:188} INFO - [2025-11-02T12:00:29.823+0000] {dag.py:3823} INFO - Setting next_dagrun for dag_dbt_pipeline to 2025-11-02 00:00:00+00:00, run_after=2025-11-03 00:00:00+00:00
[2025-11-02T12:00:29.876+0000] {processor.py:183} INFO - Processing /opt/airflow/dags/dbt_local_dag.py took 0.224 seconds
[2025-11-02T12:01:00.720+0000] {processor.py:161} INFO - Started process (PID=2198) to work on /opt/airflow/dags/dbt_local_dag.py
[2025-11-02T12:01:00.724+0000] {processor.py:830} INFO - Processing file /opt/airflow/dags/dbt_local_dag.py for tasks to queue
[2025-11-02T12:01:00.726+0000] {logging_mixin.py:188} INFO - [2025-11-02T12:01:00.725+0000] {dagbag.py:538} INFO - Filling up the DagBag from /opt/airflow/dags/dbt_local_dag.py
[2025-11-02T12:01:00.791+0000] {processor.py:840} INFO - DAG(s) 'dag_dbt_pipeline' retrieved from /opt/airflow/dags/dbt_local_dag.py
[2025-11-02T12:01:00.866+0000] {logging_mixin.py:188} INFO - [2025-11-02T12:01:00.866+0000] {dag.py:3036} INFO - Sync 1 DAGs
[2025-11-02T12:01:00.916+0000] {logging_mixin.py:188} INFO - [2025-11-02T12:01:00.916+0000] {dag.py:3823} INFO - Setting next_dagrun for dag_dbt_pipeline to 2025-11-02 00:00:00+00:00, run_after=2025-11-03 00:00:00+00:00
[2025-11-02T12:01:00.964+0000] {processor.py:183} INFO - Processing /opt/airflow/dags/dbt_local_dag.py took 0.250 seconds
[2025-11-02T12:01:31.774+0000] {processor.py:161} INFO - Started process (PID=2210) to work on /opt/airflow/dags/dbt_local_dag.py
[2025-11-02T12:01:31.777+0000] {processor.py:830} INFO - Processing file /opt/airflow/dags/dbt_local_dag.py for tasks to queue
[2025-11-02T12:01:31.780+0000] {logging_mixin.py:188} INFO - [2025-11-02T12:01:31.779+0000] {dagbag.py:538} INFO - Filling up the DagBag from /opt/airflow/dags/dbt_local_dag.py
[2025-11-02T12:01:31.835+0000] {processor.py:840} INFO - DAG(s) 'dag_dbt_pipeline' retrieved from /opt/airflow/dags/dbt_local_dag.py
[2025-11-02T12:01:31.911+0000] {logging_mixin.py:188} INFO - [2025-11-02T12:01:31.911+0000] {dag.py:3036} INFO - Sync 1 DAGs
[2025-11-02T12:01:31.996+0000] {logging_mixin.py:188} INFO - [2025-11-02T12:01:31.996+0000] {dag.py:3823} INFO - Setting next_dagrun for dag_dbt_pipeline to 2025-11-02 00:00:00+00:00, run_after=2025-11-03 00:00:00+00:00
[2025-11-02T12:01:32.043+0000] {processor.py:183} INFO - Processing /opt/airflow/dags/dbt_local_dag.py took 0.280 seconds
[2025-11-02T12:02:02.218+0000] {processor.py:161} INFO - Started process (PID=2223) to work on /opt/airflow/dags/dbt_local_dag.py
[2025-11-02T12:02:02.222+0000] {processor.py:830} INFO - Processing file /opt/airflow/dags/dbt_local_dag.py for tasks to queue
[2025-11-02T12:02:02.229+0000] {logging_mixin.py:188} INFO - [2025-11-02T12:02:02.227+0000] {dagbag.py:538} INFO - Filling up the DagBag from /opt/airflow/dags/dbt_local_dag.py
[2025-11-02T12:02:02.303+0000] {processor.py:840} INFO - DAG(s) 'dag_dbt_pipeline' retrieved from /opt/airflow/dags/dbt_local_dag.py
[2025-11-02T12:02:02.377+0000] {logging_mixin.py:188} INFO - [2025-11-02T12:02:02.376+0000] {dag.py:3036} INFO - Sync 1 DAGs
[2025-11-02T12:02:02.475+0000] {logging_mixin.py:188} INFO - [2025-11-02T12:02:02.475+0000] {dag.py:3823} INFO - Setting next_dagrun for dag_dbt_pipeline to 2025-11-02 00:00:00+00:00, run_after=2025-11-03 00:00:00+00:00
[2025-11-02T12:02:02.578+0000] {processor.py:183} INFO - Processing /opt/airflow/dags/dbt_local_dag.py took 0.371 seconds
[2025-11-02T12:02:33.055+0000] {processor.py:161} INFO - Started process (PID=2234) to work on /opt/airflow/dags/dbt_local_dag.py
[2025-11-02T12:02:33.057+0000] {processor.py:830} INFO - Processing file /opt/airflow/dags/dbt_local_dag.py for tasks to queue
[2025-11-02T12:02:33.059+0000] {logging_mixin.py:188} INFO - [2025-11-02T12:02:33.058+0000] {dagbag.py:538} INFO - Filling up the DagBag from /opt/airflow/dags/dbt_local_dag.py
[2025-11-02T12:02:33.110+0000] {processor.py:840} INFO - DAG(s) 'dag_dbt_pipeline' retrieved from /opt/airflow/dags/dbt_local_dag.py
[2025-11-02T12:02:33.182+0000] {logging_mixin.py:188} INFO - [2025-11-02T12:02:33.181+0000] {dag.py:3036} INFO - Sync 1 DAGs
[2025-11-02T12:02:33.236+0000] {logging_mixin.py:188} INFO - [2025-11-02T12:02:33.235+0000] {dag.py:3823} INFO - Setting next_dagrun for dag_dbt_pipeline to 2025-11-02 00:00:00+00:00, run_after=2025-11-03 00:00:00+00:00
[2025-11-02T12:02:33.285+0000] {processor.py:183} INFO - Processing /opt/airflow/dags/dbt_local_dag.py took 0.244 seconds
[2025-11-02T12:03:03.749+0000] {processor.py:161} INFO - Started process (PID=2246) to work on /opt/airflow/dags/dbt_local_dag.py
[2025-11-02T12:03:03.752+0000] {processor.py:830} INFO - Processing file /opt/airflow/dags/dbt_local_dag.py for tasks to queue
[2025-11-02T12:03:03.755+0000] {logging_mixin.py:188} INFO - [2025-11-02T12:03:03.754+0000] {dagbag.py:538} INFO - Filling up the DagBag from /opt/airflow/dags/dbt_local_dag.py
[2025-11-02T12:03:03.811+0000] {processor.py:840} INFO - DAG(s) 'dag_dbt_pipeline' retrieved from /opt/airflow/dags/dbt_local_dag.py
[2025-11-02T12:03:03.886+0000] {logging_mixin.py:188} INFO - [2025-11-02T12:03:03.886+0000] {dag.py:3036} INFO - Sync 1 DAGs
[2025-11-02T12:03:03.955+0000] {logging_mixin.py:188} INFO - [2025-11-02T12:03:03.954+0000] {dag.py:3823} INFO - Setting next_dagrun for dag_dbt_pipeline to 2025-11-02 00:00:00+00:00, run_after=2025-11-03 00:00:00+00:00
[2025-11-02T12:03:04.009+0000] {processor.py:183} INFO - Processing /opt/airflow/dags/dbt_local_dag.py took 0.273 seconds
[2025-11-02T12:03:34.643+0000] {processor.py:161} INFO - Started process (PID=2259) to work on /opt/airflow/dags/dbt_local_dag.py
[2025-11-02T12:03:34.646+0000] {processor.py:830} INFO - Processing file /opt/airflow/dags/dbt_local_dag.py for tasks to queue
[2025-11-02T12:03:34.649+0000] {logging_mixin.py:188} INFO - [2025-11-02T12:03:34.648+0000] {dagbag.py:538} INFO - Filling up the DagBag from /opt/airflow/dags/dbt_local_dag.py
[2025-11-02T12:03:34.694+0000] {processor.py:840} INFO - DAG(s) 'dag_dbt_pipeline' retrieved from /opt/airflow/dags/dbt_local_dag.py
[2025-11-02T12:03:34.757+0000] {logging_mixin.py:188} INFO - [2025-11-02T12:03:34.757+0000] {dag.py:3036} INFO - Sync 1 DAGs
[2025-11-02T12:03:34.820+0000] {logging_mixin.py:188} INFO - [2025-11-02T12:03:34.820+0000] {dag.py:3823} INFO - Setting next_dagrun for dag_dbt_pipeline to 2025-11-02 00:00:00+00:00, run_after=2025-11-03 00:00:00+00:00
[2025-11-02T12:03:34.880+0000] {processor.py:183} INFO - Processing /opt/airflow/dags/dbt_local_dag.py took 0.247 seconds
[2025-11-02T12:04:05.530+0000] {processor.py:161} INFO - Started process (PID=2271) to work on /opt/airflow/dags/dbt_local_dag.py
[2025-11-02T12:04:05.532+0000] {processor.py:830} INFO - Processing file /opt/airflow/dags/dbt_local_dag.py for tasks to queue
[2025-11-02T12:04:05.535+0000] {logging_mixin.py:188} INFO - [2025-11-02T12:04:05.534+0000] {dagbag.py:538} INFO - Filling up the DagBag from /opt/airflow/dags/dbt_local_dag.py
[2025-11-02T12:04:05.587+0000] {processor.py:840} INFO - DAG(s) 'dag_dbt_pipeline' retrieved from /opt/airflow/dags/dbt_local_dag.py
[2025-11-02T12:04:05.672+0000] {logging_mixin.py:188} INFO - [2025-11-02T12:04:05.671+0000] {dag.py:3036} INFO - Sync 1 DAGs
[2025-11-02T12:04:05.786+0000] {logging_mixin.py:188} INFO - [2025-11-02T12:04:05.785+0000] {dag.py:3823} INFO - Setting next_dagrun for dag_dbt_pipeline to 2025-11-02 00:00:00+00:00, run_after=2025-11-03 00:00:00+00:00
[2025-11-02T12:04:05.835+0000] {processor.py:183} INFO - Processing /opt/airflow/dags/dbt_local_dag.py took 0.313 seconds
[2025-11-02T12:04:36.645+0000] {processor.py:161} INFO - Started process (PID=2277) to work on /opt/airflow/dags/dbt_local_dag.py
[2025-11-02T12:04:36.648+0000] {processor.py:830} INFO - Processing file /opt/airflow/dags/dbt_local_dag.py for tasks to queue
[2025-11-02T12:04:36.651+0000] {logging_mixin.py:188} INFO - [2025-11-02T12:04:36.650+0000] {dagbag.py:538} INFO - Filling up the DagBag from /opt/airflow/dags/dbt_local_dag.py
[2025-11-02T12:04:36.708+0000] {processor.py:840} INFO - DAG(s) 'dag_dbt_pipeline' retrieved from /opt/airflow/dags/dbt_local_dag.py
[2025-11-02T12:04:36.779+0000] {logging_mixin.py:188} INFO - [2025-11-02T12:04:36.778+0000] {dag.py:3036} INFO - Sync 1 DAGs
[2025-11-02T12:04:36.844+0000] {logging_mixin.py:188} INFO - [2025-11-02T12:04:36.844+0000] {dag.py:3823} INFO - Setting next_dagrun for dag_dbt_pipeline to 2025-11-02 00:00:00+00:00, run_after=2025-11-03 00:00:00+00:00
[2025-11-02T12:04:36.914+0000] {processor.py:183} INFO - Processing /opt/airflow/dags/dbt_local_dag.py took 0.287 seconds
[2025-11-02T12:05:07.187+0000] {processor.py:161} INFO - Started process (PID=2289) to work on /opt/airflow/dags/dbt_local_dag.py
[2025-11-02T12:05:07.190+0000] {processor.py:830} INFO - Processing file /opt/airflow/dags/dbt_local_dag.py for tasks to queue
[2025-11-02T12:05:07.192+0000] {logging_mixin.py:188} INFO - [2025-11-02T12:05:07.191+0000] {dagbag.py:538} INFO - Filling up the DagBag from /opt/airflow/dags/dbt_local_dag.py
[2025-11-02T12:05:07.237+0000] {processor.py:840} INFO - DAG(s) 'dag_dbt_pipeline' retrieved from /opt/airflow/dags/dbt_local_dag.py
[2025-11-02T12:05:07.302+0000] {logging_mixin.py:188} INFO - [2025-11-02T12:05:07.302+0000] {dag.py:3036} INFO - Sync 1 DAGs
[2025-11-02T12:05:07.371+0000] {logging_mixin.py:188} INFO - [2025-11-02T12:05:07.370+0000] {dag.py:3823} INFO - Setting next_dagrun for dag_dbt_pipeline to 2025-11-02 00:00:00+00:00, run_after=2025-11-03 00:00:00+00:00
[2025-11-02T12:05:07.450+0000] {processor.py:183} INFO - Processing /opt/airflow/dags/dbt_local_dag.py took 0.276 seconds
[2025-11-02T12:05:37.769+0000] {processor.py:161} INFO - Started process (PID=2301) to work on /opt/airflow/dags/dbt_local_dag.py
[2025-11-02T12:05:37.776+0000] {processor.py:830} INFO - Processing file /opt/airflow/dags/dbt_local_dag.py for tasks to queue
[2025-11-02T12:05:37.783+0000] {logging_mixin.py:188} INFO - [2025-11-02T12:05:37.780+0000] {dagbag.py:538} INFO - Filling up the DagBag from /opt/airflow/dags/dbt_local_dag.py
[2025-11-02T12:05:37.846+0000] {processor.py:840} INFO - DAG(s) 'dag_dbt_pipeline' retrieved from /opt/airflow/dags/dbt_local_dag.py
[2025-11-02T12:05:37.929+0000] {logging_mixin.py:188} INFO - [2025-11-02T12:05:37.926+0000] {dag.py:3036} INFO - Sync 1 DAGs
[2025-11-02T12:05:38.006+0000] {logging_mixin.py:188} INFO - [2025-11-02T12:05:38.005+0000] {dag.py:3823} INFO - Setting next_dagrun for dag_dbt_pipeline to 2025-11-02 00:00:00+00:00, run_after=2025-11-03 00:00:00+00:00
[2025-11-02T12:05:38.135+0000] {processor.py:183} INFO - Processing /opt/airflow/dags/dbt_local_dag.py took 0.374 seconds
[2025-11-02T12:06:08.460+0000] {processor.py:161} INFO - Started process (PID=2312) to work on /opt/airflow/dags/dbt_local_dag.py
[2025-11-02T12:06:08.462+0000] {processor.py:830} INFO - Processing file /opt/airflow/dags/dbt_local_dag.py for tasks to queue
[2025-11-02T12:06:08.466+0000] {logging_mixin.py:188} INFO - [2025-11-02T12:06:08.465+0000] {dagbag.py:538} INFO - Filling up the DagBag from /opt/airflow/dags/dbt_local_dag.py
[2025-11-02T12:06:08.516+0000] {processor.py:840} INFO - DAG(s) 'dag_dbt_pipeline' retrieved from /opt/airflow/dags/dbt_local_dag.py
[2025-11-02T12:06:08.613+0000] {logging_mixin.py:188} INFO - [2025-11-02T12:06:08.613+0000] {dag.py:3036} INFO - Sync 1 DAGs
[2025-11-02T12:06:08.759+0000] {logging_mixin.py:188} INFO - [2025-11-02T12:06:08.758+0000] {dag.py:3823} INFO - Setting next_dagrun for dag_dbt_pipeline to 2025-11-02 00:00:00+00:00, run_after=2025-11-03 00:00:00+00:00
[2025-11-02T12:06:08.922+0000] {processor.py:183} INFO - Processing /opt/airflow/dags/dbt_local_dag.py took 0.472 seconds
[2025-11-02T12:06:39.341+0000] {processor.py:161} INFO - Started process (PID=2324) to work on /opt/airflow/dags/dbt_local_dag.py
[2025-11-02T12:06:39.344+0000] {processor.py:830} INFO - Processing file /opt/airflow/dags/dbt_local_dag.py for tasks to queue
[2025-11-02T12:06:39.348+0000] {logging_mixin.py:188} INFO - [2025-11-02T12:06:39.347+0000] {dagbag.py:538} INFO - Filling up the DagBag from /opt/airflow/dags/dbt_local_dag.py
[2025-11-02T12:06:39.405+0000] {processor.py:840} INFO - DAG(s) 'dag_dbt_pipeline' retrieved from /opt/airflow/dags/dbt_local_dag.py
[2025-11-02T12:06:39.480+0000] {logging_mixin.py:188} INFO - [2025-11-02T12:06:39.480+0000] {dag.py:3036} INFO - Sync 1 DAGs
[2025-11-02T12:06:39.536+0000] {logging_mixin.py:188} INFO - [2025-11-02T12:06:39.536+0000] {dag.py:3823} INFO - Setting next_dagrun for dag_dbt_pipeline to 2025-11-02 00:00:00+00:00, run_after=2025-11-03 00:00:00+00:00
[2025-11-02T12:06:39.651+0000] {processor.py:183} INFO - Processing /opt/airflow/dags/dbt_local_dag.py took 0.331 seconds
[2025-11-02T12:07:10.000+0000] {processor.py:161} INFO - Started process (PID=2334) to work on /opt/airflow/dags/dbt_local_dag.py
[2025-11-02T12:07:10.006+0000] {processor.py:830} INFO - Processing file /opt/airflow/dags/dbt_local_dag.py for tasks to queue
[2025-11-02T12:07:10.009+0000] {logging_mixin.py:188} INFO - [2025-11-02T12:07:10.008+0000] {dagbag.py:538} INFO - Filling up the DagBag from /opt/airflow/dags/dbt_local_dag.py
[2025-11-02T12:07:10.060+0000] {processor.py:840} INFO - DAG(s) 'dag_dbt_pipeline' retrieved from /opt/airflow/dags/dbt_local_dag.py
[2025-11-02T12:07:10.119+0000] {logging_mixin.py:188} INFO - [2025-11-02T12:07:10.119+0000] {dag.py:3036} INFO - Sync 1 DAGs
[2025-11-02T12:07:10.174+0000] {logging_mixin.py:188} INFO - [2025-11-02T12:07:10.173+0000] {dag.py:3823} INFO - Setting next_dagrun for dag_dbt_pipeline to 2025-11-02 00:00:00+00:00, run_after=2025-11-03 00:00:00+00:00
[2025-11-02T12:07:10.675+0000] {processor.py:183} INFO - Processing /opt/airflow/dags/dbt_local_dag.py took 0.688 seconds
[2025-11-02T12:07:42.859+0000] {processor.py:161} INFO - Started process (PID=2345) to work on /opt/airflow/dags/dbt_local_dag.py
[2025-11-02T12:07:42.864+0000] {processor.py:830} INFO - Processing file /opt/airflow/dags/dbt_local_dag.py for tasks to queue
[2025-11-02T12:07:42.867+0000] {logging_mixin.py:188} INFO - [2025-11-02T12:07:42.866+0000] {dagbag.py:538} INFO - Filling up the DagBag from /opt/airflow/dags/dbt_local_dag.py
[2025-11-02T12:07:42.927+0000] {processor.py:840} INFO - DAG(s) 'dag_dbt_pipeline' retrieved from /opt/airflow/dags/dbt_local_dag.py
[2025-11-02T12:07:43.002+0000] {logging_mixin.py:188} INFO - [2025-11-02T12:07:43.002+0000] {dag.py:3036} INFO - Sync 1 DAGs
[2025-11-02T12:07:43.140+0000] {logging_mixin.py:188} INFO - [2025-11-02T12:07:43.139+0000] {dag.py:3823} INFO - Setting next_dagrun for dag_dbt_pipeline to 2025-11-02 00:00:00+00:00, run_after=2025-11-03 00:00:00+00:00
[2025-11-02T12:07:43.310+0000] {processor.py:183} INFO - Processing /opt/airflow/dags/dbt_local_dag.py took 0.465 seconds
[2025-11-02T12:08:17.009+0000] {processor.py:161} INFO - Started process (PID=2357) to work on /opt/airflow/dags/dbt_local_dag.py
[2025-11-02T12:08:17.013+0000] {processor.py:830} INFO - Processing file /opt/airflow/dags/dbt_local_dag.py for tasks to queue
[2025-11-02T12:08:17.016+0000] {logging_mixin.py:188} INFO - [2025-11-02T12:08:17.015+0000] {dagbag.py:538} INFO - Filling up the DagBag from /opt/airflow/dags/dbt_local_dag.py
[2025-11-02T12:08:17.091+0000] {processor.py:840} INFO - DAG(s) 'dag_dbt_pipeline' retrieved from /opt/airflow/dags/dbt_local_dag.py
[2025-11-02T12:08:17.172+0000] {logging_mixin.py:188} INFO - [2025-11-02T12:08:17.172+0000] {dag.py:3036} INFO - Sync 1 DAGs
[2025-11-02T12:08:17.242+0000] {logging_mixin.py:188} INFO - [2025-11-02T12:08:17.242+0000] {dag.py:3823} INFO - Setting next_dagrun for dag_dbt_pipeline to 2025-11-02 00:00:00+00:00, run_after=2025-11-03 00:00:00+00:00
[2025-11-02T12:08:17.289+0000] {processor.py:183} INFO - Processing /opt/airflow/dags/dbt_local_dag.py took 0.289 seconds
[2025-11-02T12:08:50.226+0000] {processor.py:161} INFO - Started process (PID=2369) to work on /opt/airflow/dags/dbt_local_dag.py
[2025-11-02T12:08:50.231+0000] {processor.py:830} INFO - Processing file /opt/airflow/dags/dbt_local_dag.py for tasks to queue
[2025-11-02T12:08:50.234+0000] {logging_mixin.py:188} INFO - [2025-11-02T12:08:50.233+0000] {dagbag.py:538} INFO - Filling up the DagBag from /opt/airflow/dags/dbt_local_dag.py
[2025-11-02T12:08:50.293+0000] {processor.py:840} INFO - DAG(s) 'dag_dbt_pipeline' retrieved from /opt/airflow/dags/dbt_local_dag.py
[2025-11-02T12:08:50.396+0000] {logging_mixin.py:188} INFO - [2025-11-02T12:08:50.396+0000] {dag.py:3036} INFO - Sync 1 DAGs
[2025-11-02T12:08:50.591+0000] {logging_mixin.py:188} INFO - [2025-11-02T12:08:50.590+0000] {dag.py:3823} INFO - Setting next_dagrun for dag_dbt_pipeline to 2025-11-02 00:00:00+00:00, run_after=2025-11-03 00:00:00+00:00
[2025-11-02T12:08:50.757+0000] {processor.py:183} INFO - Processing /opt/airflow/dags/dbt_local_dag.py took 0.539 seconds
[2025-11-02T12:09:23.056+0000] {processor.py:161} INFO - Started process (PID=2381) to work on /opt/airflow/dags/dbt_local_dag.py
[2025-11-02T12:09:23.058+0000] {processor.py:830} INFO - Processing file /opt/airflow/dags/dbt_local_dag.py for tasks to queue
[2025-11-02T12:09:23.060+0000] {logging_mixin.py:188} INFO - [2025-11-02T12:09:23.060+0000] {dagbag.py:538} INFO - Filling up the DagBag from /opt/airflow/dags/dbt_local_dag.py
[2025-11-02T12:09:23.099+0000] {processor.py:840} INFO - DAG(s) 'dag_dbt_pipeline' retrieved from /opt/airflow/dags/dbt_local_dag.py
[2025-11-02T12:09:23.143+0000] {logging_mixin.py:188} INFO - [2025-11-02T12:09:23.142+0000] {dag.py:3036} INFO - Sync 1 DAGs
[2025-11-02T12:09:23.178+0000] {logging_mixin.py:188} INFO - [2025-11-02T12:09:23.178+0000] {dag.py:3823} INFO - Setting next_dagrun for dag_dbt_pipeline to 2025-11-02 00:00:00+00:00, run_after=2025-11-03 00:00:00+00:00
[2025-11-02T12:09:24.027+0000] {processor.py:183} INFO - Processing /opt/airflow/dags/dbt_local_dag.py took 0.978 seconds
[2025-11-02T12:09:56.562+0000] {processor.py:161} INFO - Started process (PID=2392) to work on /opt/airflow/dags/dbt_local_dag.py
[2025-11-02T12:09:56.565+0000] {processor.py:830} INFO - Processing file /opt/airflow/dags/dbt_local_dag.py for tasks to queue
[2025-11-02T12:09:56.569+0000] {logging_mixin.py:188} INFO - [2025-11-02T12:09:56.568+0000] {dagbag.py:538} INFO - Filling up the DagBag from /opt/airflow/dags/dbt_local_dag.py
[2025-11-02T12:09:56.613+0000] {processor.py:840} INFO - DAG(s) 'dag_dbt_pipeline' retrieved from /opt/airflow/dags/dbt_local_dag.py
[2025-11-02T12:09:56.660+0000] {logging_mixin.py:188} INFO - [2025-11-02T12:09:56.659+0000] {dag.py:3036} INFO - Sync 1 DAGs
[2025-11-02T12:09:56.719+0000] {logging_mixin.py:188} INFO - [2025-11-02T12:09:56.718+0000] {dag.py:3823} INFO - Setting next_dagrun for dag_dbt_pipeline to 2025-11-02 00:00:00+00:00, run_after=2025-11-03 00:00:00+00:00
[2025-11-02T12:09:56.898+0000] {processor.py:183} INFO - Processing /opt/airflow/dags/dbt_local_dag.py took 0.349 seconds
[2025-11-02T12:10:29.710+0000] {processor.py:161} INFO - Started process (PID=2405) to work on /opt/airflow/dags/dbt_local_dag.py
[2025-11-02T12:10:29.713+0000] {processor.py:830} INFO - Processing file /opt/airflow/dags/dbt_local_dag.py for tasks to queue
[2025-11-02T12:10:29.719+0000] {logging_mixin.py:188} INFO - [2025-11-02T12:10:29.718+0000] {dagbag.py:538} INFO - Filling up the DagBag from /opt/airflow/dags/dbt_local_dag.py
[2025-11-02T12:10:29.771+0000] {processor.py:840} INFO - DAG(s) 'dag_dbt_pipeline' retrieved from /opt/airflow/dags/dbt_local_dag.py
[2025-11-02T12:10:29.867+0000] {logging_mixin.py:188} INFO - [2025-11-02T12:10:29.866+0000] {dag.py:3036} INFO - Sync 1 DAGs
[2025-11-02T12:10:29.966+0000] {logging_mixin.py:188} INFO - [2025-11-02T12:10:29.966+0000] {dag.py:3823} INFO - Setting next_dagrun for dag_dbt_pipeline to 2025-11-02 00:00:00+00:00, run_after=2025-11-03 00:00:00+00:00
[2025-11-02T12:10:30.041+0000] {processor.py:183} INFO - Processing /opt/airflow/dags/dbt_local_dag.py took 0.341 seconds
[2025-11-02T12:11:03.511+0000] {processor.py:161} INFO - Started process (PID=2417) to work on /opt/airflow/dags/dbt_local_dag.py
[2025-11-02T12:11:03.513+0000] {processor.py:830} INFO - Processing file /opt/airflow/dags/dbt_local_dag.py for tasks to queue
[2025-11-02T12:11:03.516+0000] {logging_mixin.py:188} INFO - [2025-11-02T12:11:03.515+0000] {dagbag.py:538} INFO - Filling up the DagBag from /opt/airflow/dags/dbt_local_dag.py
[2025-11-02T12:11:03.567+0000] {processor.py:840} INFO - DAG(s) 'dag_dbt_pipeline' retrieved from /opt/airflow/dags/dbt_local_dag.py
[2025-11-02T12:11:03.658+0000] {logging_mixin.py:188} INFO - [2025-11-02T12:11:03.657+0000] {dag.py:3036} INFO - Sync 1 DAGs
[2025-11-02T12:11:03.714+0000] {logging_mixin.py:188} INFO - [2025-11-02T12:11:03.713+0000] {dag.py:3823} INFO - Setting next_dagrun for dag_dbt_pipeline to 2025-11-02 00:00:00+00:00, run_after=2025-11-03 00:00:00+00:00
[2025-11-02T12:11:03.778+0000] {processor.py:183} INFO - Processing /opt/airflow/dags/dbt_local_dag.py took 0.275 seconds
[2025-11-02T12:11:36.297+0000] {processor.py:161} INFO - Started process (PID=2429) to work on /opt/airflow/dags/dbt_local_dag.py
[2025-11-02T12:11:36.300+0000] {processor.py:830} INFO - Processing file /opt/airflow/dags/dbt_local_dag.py for tasks to queue
[2025-11-02T12:11:36.302+0000] {logging_mixin.py:188} INFO - [2025-11-02T12:11:36.301+0000] {dagbag.py:538} INFO - Filling up the DagBag from /opt/airflow/dags/dbt_local_dag.py
[2025-11-02T12:11:36.341+0000] {processor.py:840} INFO - DAG(s) 'dag_dbt_pipeline' retrieved from /opt/airflow/dags/dbt_local_dag.py
[2025-11-02T12:11:36.392+0000] {logging_mixin.py:188} INFO - [2025-11-02T12:11:36.392+0000] {dag.py:3036} INFO - Sync 1 DAGs
[2025-11-02T12:11:36.440+0000] {logging_mixin.py:188} INFO - [2025-11-02T12:11:36.439+0000] {dag.py:3823} INFO - Setting next_dagrun for dag_dbt_pipeline to 2025-11-02 00:00:00+00:00, run_after=2025-11-03 00:00:00+00:00
[2025-11-02T12:11:36.481+0000] {processor.py:183} INFO - Processing /opt/airflow/dags/dbt_local_dag.py took 0.192 seconds
[2025-11-02T12:12:07.012+0000] {processor.py:161} INFO - Started process (PID=2441) to work on /opt/airflow/dags/dbt_local_dag.py
[2025-11-02T12:12:07.017+0000] {processor.py:830} INFO - Processing file /opt/airflow/dags/dbt_local_dag.py for tasks to queue
[2025-11-02T12:12:07.020+0000] {logging_mixin.py:188} INFO - [2025-11-02T12:12:07.019+0000] {dagbag.py:538} INFO - Filling up the DagBag from /opt/airflow/dags/dbt_local_dag.py
[2025-11-02T12:12:07.075+0000] {processor.py:840} INFO - DAG(s) 'dag_dbt_pipeline' retrieved from /opt/airflow/dags/dbt_local_dag.py
[2025-11-02T12:12:07.183+0000] {logging_mixin.py:188} INFO - [2025-11-02T12:12:07.182+0000] {dag.py:3036} INFO - Sync 1 DAGs
[2025-11-02T12:12:07.261+0000] {logging_mixin.py:188} INFO - [2025-11-02T12:12:07.260+0000] {dag.py:3823} INFO - Setting next_dagrun for dag_dbt_pipeline to 2025-11-02 00:00:00+00:00, run_after=2025-11-03 00:00:00+00:00
[2025-11-02T12:12:07.321+0000] {processor.py:183} INFO - Processing /opt/airflow/dags/dbt_local_dag.py took 0.331 seconds
[2025-11-02T12:12:37.487+0000] {processor.py:161} INFO - Started process (PID=2454) to work on /opt/airflow/dags/dbt_local_dag.py
[2025-11-02T12:12:37.490+0000] {processor.py:830} INFO - Processing file /opt/airflow/dags/dbt_local_dag.py for tasks to queue
[2025-11-02T12:12:37.491+0000] {logging_mixin.py:188} INFO - [2025-11-02T12:12:37.491+0000] {dagbag.py:538} INFO - Filling up the DagBag from /opt/airflow/dags/dbt_local_dag.py
[2025-11-02T12:12:37.530+0000] {processor.py:840} INFO - DAG(s) 'dag_dbt_pipeline' retrieved from /opt/airflow/dags/dbt_local_dag.py
[2025-11-02T12:12:37.591+0000] {logging_mixin.py:188} INFO - [2025-11-02T12:12:37.590+0000] {dag.py:3036} INFO - Sync 1 DAGs
[2025-11-02T12:12:37.640+0000] {logging_mixin.py:188} INFO - [2025-11-02T12:12:37.639+0000] {dag.py:3823} INFO - Setting next_dagrun for dag_dbt_pipeline to 2025-11-02 00:00:00+00:00, run_after=2025-11-03 00:00:00+00:00
[2025-11-02T12:12:37.689+0000] {processor.py:183} INFO - Processing /opt/airflow/dags/dbt_local_dag.py took 0.211 seconds
[2025-11-02T12:13:07.932+0000] {processor.py:161} INFO - Started process (PID=2466) to work on /opt/airflow/dags/dbt_local_dag.py
[2025-11-02T12:13:07.936+0000] {processor.py:830} INFO - Processing file /opt/airflow/dags/dbt_local_dag.py for tasks to queue
[2025-11-02T12:13:07.941+0000] {logging_mixin.py:188} INFO - [2025-11-02T12:13:07.940+0000] {dagbag.py:538} INFO - Filling up the DagBag from /opt/airflow/dags/dbt_local_dag.py
[2025-11-02T12:13:08.049+0000] {processor.py:840} INFO - DAG(s) 'dag_dbt_pipeline' retrieved from /opt/airflow/dags/dbt_local_dag.py
[2025-11-02T12:13:08.189+0000] {logging_mixin.py:188} INFO - [2025-11-02T12:13:08.189+0000] {dag.py:3036} INFO - Sync 1 DAGs
[2025-11-02T12:13:08.357+0000] {logging_mixin.py:188} INFO - [2025-11-02T12:13:08.357+0000] {dag.py:3823} INFO - Setting next_dagrun for dag_dbt_pipeline to 2025-11-02 00:00:00+00:00, run_after=2025-11-03 00:00:00+00:00
[2025-11-02T12:13:08.432+0000] {processor.py:183} INFO - Processing /opt/airflow/dags/dbt_local_dag.py took 0.516 seconds
[2025-11-02T12:13:39.211+0000] {processor.py:161} INFO - Started process (PID=2478) to work on /opt/airflow/dags/dbt_local_dag.py
[2025-11-02T12:13:39.215+0000] {processor.py:830} INFO - Processing file /opt/airflow/dags/dbt_local_dag.py for tasks to queue
[2025-11-02T12:13:39.217+0000] {logging_mixin.py:188} INFO - [2025-11-02T12:13:39.216+0000] {dagbag.py:538} INFO - Filling up the DagBag from /opt/airflow/dags/dbt_local_dag.py
[2025-11-02T12:13:39.255+0000] {processor.py:840} INFO - DAG(s) 'dag_dbt_pipeline' retrieved from /opt/airflow/dags/dbt_local_dag.py
[2025-11-02T12:13:39.312+0000] {logging_mixin.py:188} INFO - [2025-11-02T12:13:39.311+0000] {dag.py:3036} INFO - Sync 1 DAGs
[2025-11-02T12:13:39.356+0000] {logging_mixin.py:188} INFO - [2025-11-02T12:13:39.354+0000] {dag.py:3823} INFO - Setting next_dagrun for dag_dbt_pipeline to 2025-11-02 00:00:00+00:00, run_after=2025-11-03 00:00:00+00:00
[2025-11-02T12:13:39.401+0000] {processor.py:183} INFO - Processing /opt/airflow/dags/dbt_local_dag.py took 0.197 seconds
[2025-11-02T12:14:09.555+0000] {processor.py:161} INFO - Started process (PID=2490) to work on /opt/airflow/dags/dbt_local_dag.py
[2025-11-02T12:14:09.557+0000] {processor.py:830} INFO - Processing file /opt/airflow/dags/dbt_local_dag.py for tasks to queue
[2025-11-02T12:14:09.561+0000] {logging_mixin.py:188} INFO - [2025-11-02T12:14:09.559+0000] {dagbag.py:538} INFO - Filling up the DagBag from /opt/airflow/dags/dbt_local_dag.py
[2025-11-02T12:14:09.610+0000] {processor.py:840} INFO - DAG(s) 'dag_dbt_pipeline' retrieved from /opt/airflow/dags/dbt_local_dag.py
[2025-11-02T12:14:09.677+0000] {logging_mixin.py:188} INFO - [2025-11-02T12:14:09.676+0000] {dag.py:3036} INFO - Sync 1 DAGs
[2025-11-02T12:14:09.736+0000] {logging_mixin.py:188} INFO - [2025-11-02T12:14:09.735+0000] {dag.py:3823} INFO - Setting next_dagrun for dag_dbt_pipeline to 2025-11-02 00:00:00+00:00, run_after=2025-11-03 00:00:00+00:00
[2025-11-02T12:14:09.786+0000] {processor.py:183} INFO - Processing /opt/airflow/dags/dbt_local_dag.py took 0.241 seconds
[2025-11-02T12:14:40.686+0000] {processor.py:161} INFO - Started process (PID=2496) to work on /opt/airflow/dags/dbt_local_dag.py
[2025-11-02T12:14:40.692+0000] {processor.py:830} INFO - Processing file /opt/airflow/dags/dbt_local_dag.py for tasks to queue
[2025-11-02T12:14:40.696+0000] {logging_mixin.py:188} INFO - [2025-11-02T12:14:40.695+0000] {dagbag.py:538} INFO - Filling up the DagBag from /opt/airflow/dags/dbt_local_dag.py
[2025-11-02T12:14:40.751+0000] {processor.py:840} INFO - DAG(s) 'dag_dbt_pipeline' retrieved from /opt/airflow/dags/dbt_local_dag.py
[2025-11-02T12:14:40.810+0000] {logging_mixin.py:188} INFO - [2025-11-02T12:14:40.809+0000] {dag.py:3036} INFO - Sync 1 DAGs
[2025-11-02T12:14:40.872+0000] {logging_mixin.py:188} INFO - [2025-11-02T12:14:40.872+0000] {dag.py:3823} INFO - Setting next_dagrun for dag_dbt_pipeline to 2025-11-02 00:00:00+00:00, run_after=2025-11-03 00:00:00+00:00
[2025-11-02T12:14:40.972+0000] {processor.py:183} INFO - Processing /opt/airflow/dags/dbt_local_dag.py took 0.297 seconds
[2025-11-02T12:15:11.972+0000] {processor.py:161} INFO - Started process (PID=2508) to work on /opt/airflow/dags/dbt_local_dag.py
[2025-11-02T12:15:11.984+0000] {processor.py:830} INFO - Processing file /opt/airflow/dags/dbt_local_dag.py for tasks to queue
[2025-11-02T12:15:11.986+0000] {logging_mixin.py:188} INFO - [2025-11-02T12:15:11.985+0000] {dagbag.py:538} INFO - Filling up the DagBag from /opt/airflow/dags/dbt_local_dag.py
[2025-11-02T12:15:12.061+0000] {processor.py:840} INFO - DAG(s) 'dag_dbt_pipeline' retrieved from /opt/airflow/dags/dbt_local_dag.py
[2025-11-02T12:15:12.567+0000] {logging_mixin.py:188} INFO - [2025-11-02T12:15:12.566+0000] {dag.py:3036} INFO - Sync 1 DAGs
[2025-11-02T12:15:12.724+0000] {logging_mixin.py:188} INFO - [2025-11-02T12:15:12.723+0000] {dag.py:3823} INFO - Setting next_dagrun for dag_dbt_pipeline to 2025-11-02 00:00:00+00:00, run_after=2025-11-03 00:00:00+00:00
[2025-11-02T12:15:12.797+0000] {processor.py:183} INFO - Processing /opt/airflow/dags/dbt_local_dag.py took 1.472 seconds
[2025-11-02T12:15:43.546+0000] {processor.py:161} INFO - Started process (PID=2520) to work on /opt/airflow/dags/dbt_local_dag.py
[2025-11-02T12:15:43.550+0000] {processor.py:830} INFO - Processing file /opt/airflow/dags/dbt_local_dag.py for tasks to queue
[2025-11-02T12:15:43.553+0000] {logging_mixin.py:188} INFO - [2025-11-02T12:15:43.552+0000] {dagbag.py:538} INFO - Filling up the DagBag from /opt/airflow/dags/dbt_local_dag.py
[2025-11-02T12:15:43.668+0000] {processor.py:840} INFO - DAG(s) 'dag_dbt_pipeline' retrieved from /opt/airflow/dags/dbt_local_dag.py
[2025-11-02T12:15:43.757+0000] {logging_mixin.py:188} INFO - [2025-11-02T12:15:43.756+0000] {dag.py:3036} INFO - Sync 1 DAGs
[2025-11-02T12:15:43.839+0000] {logging_mixin.py:188} INFO - [2025-11-02T12:15:43.838+0000] {dag.py:3823} INFO - Setting next_dagrun for dag_dbt_pipeline to 2025-11-02 00:00:00+00:00, run_after=2025-11-03 00:00:00+00:00
[2025-11-02T12:15:44.007+0000] {processor.py:183} INFO - Processing /opt/airflow/dags/dbt_local_dag.py took 0.477 seconds
[2025-11-02T12:16:14.729+0000] {processor.py:161} INFO - Started process (PID=2532) to work on /opt/airflow/dags/dbt_local_dag.py
[2025-11-02T12:16:14.742+0000] {processor.py:830} INFO - Processing file /opt/airflow/dags/dbt_local_dag.py for tasks to queue
[2025-11-02T12:16:14.753+0000] {logging_mixin.py:188} INFO - [2025-11-02T12:16:14.751+0000] {dagbag.py:538} INFO - Filling up the DagBag from /opt/airflow/dags/dbt_local_dag.py
[2025-11-02T12:16:15.072+0000] {processor.py:840} INFO - DAG(s) 'dag_dbt_pipeline' retrieved from /opt/airflow/dags/dbt_local_dag.py
[2025-11-02T12:16:15.340+0000] {logging_mixin.py:188} INFO - [2025-11-02T12:16:15.339+0000] {dag.py:3036} INFO - Sync 1 DAGs
[2025-11-02T12:16:15.641+0000] {logging_mixin.py:188} INFO - [2025-11-02T12:16:15.640+0000] {dag.py:3823} INFO - Setting next_dagrun for dag_dbt_pipeline to 2025-11-02 00:00:00+00:00, run_after=2025-11-03 00:00:00+00:00
[2025-11-02T12:16:15.926+0000] {processor.py:183} INFO - Processing /opt/airflow/dags/dbt_local_dag.py took 1.318 seconds
[2025-11-02T12:16:46.585+0000] {processor.py:161} INFO - Started process (PID=2544) to work on /opt/airflow/dags/dbt_local_dag.py
[2025-11-02T12:16:46.590+0000] {processor.py:830} INFO - Processing file /opt/airflow/dags/dbt_local_dag.py for tasks to queue
[2025-11-02T12:16:46.595+0000] {logging_mixin.py:188} INFO - [2025-11-02T12:16:46.593+0000] {dagbag.py:538} INFO - Filling up the DagBag from /opt/airflow/dags/dbt_local_dag.py
[2025-11-02T12:16:46.705+0000] {processor.py:840} INFO - DAG(s) 'dag_dbt_pipeline' retrieved from /opt/airflow/dags/dbt_local_dag.py
[2025-11-02T12:16:46.801+0000] {logging_mixin.py:188} INFO - [2025-11-02T12:16:46.801+0000] {dag.py:3036} INFO - Sync 1 DAGs
[2025-11-02T12:16:46.891+0000] {logging_mixin.py:188} INFO - [2025-11-02T12:16:46.891+0000] {dag.py:3823} INFO - Setting next_dagrun for dag_dbt_pipeline to 2025-11-02 00:00:00+00:00, run_after=2025-11-03 00:00:00+00:00
[2025-11-02T12:16:47.093+0000] {processor.py:183} INFO - Processing /opt/airflow/dags/dbt_local_dag.py took 0.525 seconds
[2025-11-02T12:17:17.579+0000] {processor.py:161} INFO - Started process (PID=2556) to work on /opt/airflow/dags/dbt_local_dag.py
[2025-11-02T12:17:17.583+0000] {processor.py:830} INFO - Processing file /opt/airflow/dags/dbt_local_dag.py for tasks to queue
[2025-11-02T12:17:17.586+0000] {logging_mixin.py:188} INFO - [2025-11-02T12:17:17.585+0000] {dagbag.py:538} INFO - Filling up the DagBag from /opt/airflow/dags/dbt_local_dag.py
[2025-11-02T12:17:17.778+0000] {processor.py:840} INFO - DAG(s) 'dag_dbt_pipeline' retrieved from /opt/airflow/dags/dbt_local_dag.py
[2025-11-02T12:17:17.930+0000] {logging_mixin.py:188} INFO - [2025-11-02T12:17:17.930+0000] {dag.py:3036} INFO - Sync 1 DAGs
[2025-11-02T12:17:18.035+0000] {logging_mixin.py:188} INFO - [2025-11-02T12:17:18.034+0000] {dag.py:3823} INFO - Setting next_dagrun for dag_dbt_pipeline to 2025-11-02 00:00:00+00:00, run_after=2025-11-03 00:00:00+00:00
[2025-11-02T12:17:18.113+0000] {processor.py:183} INFO - Processing /opt/airflow/dags/dbt_local_dag.py took 0.549 seconds
[2025-11-02T12:17:48.431+0000] {processor.py:161} INFO - Started process (PID=2568) to work on /opt/airflow/dags/dbt_local_dag.py
[2025-11-02T12:17:48.437+0000] {processor.py:830} INFO - Processing file /opt/airflow/dags/dbt_local_dag.py for tasks to queue
[2025-11-02T12:17:48.442+0000] {logging_mixin.py:188} INFO - [2025-11-02T12:17:48.441+0000] {dagbag.py:538} INFO - Filling up the DagBag from /opt/airflow/dags/dbt_local_dag.py
[2025-11-02T12:17:48.529+0000] {processor.py:840} INFO - DAG(s) 'dag_dbt_pipeline' retrieved from /opt/airflow/dags/dbt_local_dag.py
[2025-11-02T12:17:48.644+0000] {logging_mixin.py:188} INFO - [2025-11-02T12:17:48.643+0000] {dag.py:3036} INFO - Sync 1 DAGs
[2025-11-02T12:17:48.734+0000] {logging_mixin.py:188} INFO - [2025-11-02T12:17:48.734+0000] {dag.py:3823} INFO - Setting next_dagrun for dag_dbt_pipeline to 2025-11-02 00:00:00+00:00, run_after=2025-11-03 00:00:00+00:00
[2025-11-02T12:17:48.800+0000] {processor.py:183} INFO - Processing /opt/airflow/dags/dbt_local_dag.py took 0.384 seconds
[2025-11-02T12:18:19.402+0000] {processor.py:161} INFO - Started process (PID=2580) to work on /opt/airflow/dags/dbt_local_dag.py
[2025-11-02T12:18:19.409+0000] {processor.py:830} INFO - Processing file /opt/airflow/dags/dbt_local_dag.py for tasks to queue
[2025-11-02T12:18:19.422+0000] {logging_mixin.py:188} INFO - [2025-11-02T12:18:19.421+0000] {dagbag.py:538} INFO - Filling up the DagBag from /opt/airflow/dags/dbt_local_dag.py
[2025-11-02T12:18:19.634+0000] {processor.py:840} INFO - DAG(s) 'dag_dbt_pipeline' retrieved from /opt/airflow/dags/dbt_local_dag.py
[2025-11-02T12:18:19.835+0000] {logging_mixin.py:188} INFO - [2025-11-02T12:18:19.833+0000] {dag.py:3036} INFO - Sync 1 DAGs
[2025-11-02T12:18:19.914+0000] {logging_mixin.py:188} INFO - [2025-11-02T12:18:19.914+0000] {dag.py:3823} INFO - Setting next_dagrun for dag_dbt_pipeline to 2025-11-02 00:00:00+00:00, run_after=2025-11-03 00:00:00+00:00
[2025-11-02T12:18:19.992+0000] {processor.py:183} INFO - Processing /opt/airflow/dags/dbt_local_dag.py took 0.617 seconds
[2025-11-02T12:18:50.596+0000] {processor.py:161} INFO - Started process (PID=2592) to work on /opt/airflow/dags/dbt_local_dag.py
[2025-11-02T12:18:50.600+0000] {processor.py:830} INFO - Processing file /opt/airflow/dags/dbt_local_dag.py for tasks to queue
[2025-11-02T12:18:50.608+0000] {logging_mixin.py:188} INFO - [2025-11-02T12:18:50.606+0000] {dagbag.py:538} INFO - Filling up the DagBag from /opt/airflow/dags/dbt_local_dag.py
[2025-11-02T12:18:50.889+0000] {processor.py:840} INFO - DAG(s) 'dag_dbt_pipeline' retrieved from /opt/airflow/dags/dbt_local_dag.py
[2025-11-02T12:18:51.147+0000] {logging_mixin.py:188} INFO - [2025-11-02T12:18:51.146+0000] {dag.py:3036} INFO - Sync 1 DAGs
[2025-11-02T12:18:51.311+0000] {logging_mixin.py:188} INFO - [2025-11-02T12:18:51.309+0000] {dag.py:3823} INFO - Setting next_dagrun for dag_dbt_pipeline to 2025-11-02 00:00:00+00:00, run_after=2025-11-03 00:00:00+00:00
[2025-11-02T12:18:51.422+0000] {processor.py:183} INFO - Processing /opt/airflow/dags/dbt_local_dag.py took 0.843 seconds
[2025-11-02T12:19:23.398+0000] {processor.py:161} INFO - Started process (PID=2604) to work on /opt/airflow/dags/dbt_local_dag.py
[2025-11-02T12:19:23.406+0000] {processor.py:830} INFO - Processing file /opt/airflow/dags/dbt_local_dag.py for tasks to queue
[2025-11-02T12:19:23.410+0000] {logging_mixin.py:188} INFO - [2025-11-02T12:19:23.408+0000] {dagbag.py:538} INFO - Filling up the DagBag from /opt/airflow/dags/dbt_local_dag.py
[2025-11-02T12:19:23.576+0000] {processor.py:840} INFO - DAG(s) 'dag_dbt_pipeline' retrieved from /opt/airflow/dags/dbt_local_dag.py
[2025-11-02T12:19:23.761+0000] {logging_mixin.py:188} INFO - [2025-11-02T12:19:23.760+0000] {dag.py:3036} INFO - Sync 1 DAGs
[2025-11-02T12:19:23.955+0000] {logging_mixin.py:188} INFO - [2025-11-02T12:19:23.954+0000] {dag.py:3823} INFO - Setting next_dagrun for dag_dbt_pipeline to 2025-11-02 00:00:00+00:00, run_after=2025-11-03 00:00:00+00:00
[2025-11-02T12:19:24.035+0000] {processor.py:183} INFO - Processing /opt/airflow/dags/dbt_local_dag.py took 0.658 seconds
[2025-11-02T12:19:56.591+0000] {processor.py:161} INFO - Started process (PID=2617) to work on /opt/airflow/dags/dbt_local_dag.py
[2025-11-02T12:19:56.596+0000] {processor.py:830} INFO - Processing file /opt/airflow/dags/dbt_local_dag.py for tasks to queue
[2025-11-02T12:19:56.609+0000] {logging_mixin.py:188} INFO - [2025-11-02T12:19:56.608+0000] {dagbag.py:538} INFO - Filling up the DagBag from /opt/airflow/dags/dbt_local_dag.py
[2025-11-02T12:19:56.732+0000] {processor.py:840} INFO - DAG(s) 'dag_dbt_pipeline' retrieved from /opt/airflow/dags/dbt_local_dag.py
[2025-11-02T12:19:56.883+0000] {logging_mixin.py:188} INFO - [2025-11-02T12:19:56.882+0000] {dag.py:3036} INFO - Sync 1 DAGs
[2025-11-02T12:19:57.016+0000] {logging_mixin.py:188} INFO - [2025-11-02T12:19:57.015+0000] {dag.py:3823} INFO - Setting next_dagrun for dag_dbt_pipeline to 2025-11-02 00:00:00+00:00, run_after=2025-11-03 00:00:00+00:00
[2025-11-02T12:19:57.139+0000] {processor.py:183} INFO - Processing /opt/airflow/dags/dbt_local_dag.py took 0.571 seconds
[2025-11-02T12:20:30.062+0000] {processor.py:161} INFO - Started process (PID=2629) to work on /opt/airflow/dags/dbt_local_dag.py
[2025-11-02T12:20:30.068+0000] {processor.py:830} INFO - Processing file /opt/airflow/dags/dbt_local_dag.py for tasks to queue
[2025-11-02T12:20:30.071+0000] {logging_mixin.py:188} INFO - [2025-11-02T12:20:30.070+0000] {dagbag.py:538} INFO - Filling up the DagBag from /opt/airflow/dags/dbt_local_dag.py
[2025-11-02T12:20:30.149+0000] {processor.py:840} INFO - DAG(s) 'dag_dbt_pipeline' retrieved from /opt/airflow/dags/dbt_local_dag.py
[2025-11-02T12:20:30.255+0000] {logging_mixin.py:188} INFO - [2025-11-02T12:20:30.255+0000] {dag.py:3036} INFO - Sync 1 DAGs
[2025-11-02T12:20:30.333+0000] {logging_mixin.py:188} INFO - [2025-11-02T12:20:30.332+0000] {dag.py:3823} INFO - Setting next_dagrun for dag_dbt_pipeline to 2025-11-02 00:00:00+00:00, run_after=2025-11-03 00:00:00+00:00
[2025-11-02T12:20:30.395+0000] {processor.py:183} INFO - Processing /opt/airflow/dags/dbt_local_dag.py took 0.343 seconds
[2025-11-02T12:21:03.484+0000] {processor.py:161} INFO - Started process (PID=2641) to work on /opt/airflow/dags/dbt_local_dag.py
[2025-11-02T12:21:03.488+0000] {processor.py:830} INFO - Processing file /opt/airflow/dags/dbt_local_dag.py for tasks to queue
[2025-11-02T12:21:03.490+0000] {logging_mixin.py:188} INFO - [2025-11-02T12:21:03.490+0000] {dagbag.py:538} INFO - Filling up the DagBag from /opt/airflow/dags/dbt_local_dag.py
[2025-11-02T12:21:03.618+0000] {processor.py:840} INFO - DAG(s) 'dag_dbt_pipeline' retrieved from /opt/airflow/dags/dbt_local_dag.py
[2025-11-02T12:21:03.794+0000] {logging_mixin.py:188} INFO - [2025-11-02T12:21:03.787+0000] {dag.py:3036} INFO - Sync 1 DAGs
[2025-11-02T12:21:03.955+0000] {logging_mixin.py:188} INFO - [2025-11-02T12:21:03.954+0000] {dag.py:3823} INFO - Setting next_dagrun for dag_dbt_pipeline to 2025-11-02 00:00:00+00:00, run_after=2025-11-03 00:00:00+00:00
[2025-11-02T12:21:04.031+0000] {processor.py:183} INFO - Processing /opt/airflow/dags/dbt_local_dag.py took 0.565 seconds
[2025-11-02T12:21:37.309+0000] {processor.py:161} INFO - Started process (PID=2653) to work on /opt/airflow/dags/dbt_local_dag.py
[2025-11-02T12:21:37.314+0000] {processor.py:830} INFO - Processing file /opt/airflow/dags/dbt_local_dag.py for tasks to queue
[2025-11-02T12:21:37.319+0000] {logging_mixin.py:188} INFO - [2025-11-02T12:21:37.317+0000] {dagbag.py:538} INFO - Filling up the DagBag from /opt/airflow/dags/dbt_local_dag.py
[2025-11-02T12:21:37.442+0000] {processor.py:840} INFO - DAG(s) 'dag_dbt_pipeline' retrieved from /opt/airflow/dags/dbt_local_dag.py
[2025-11-02T12:21:37.564+0000] {logging_mixin.py:188} INFO - [2025-11-02T12:21:37.563+0000] {dag.py:3036} INFO - Sync 1 DAGs
[2025-11-02T12:21:37.689+0000] {logging_mixin.py:188} INFO - [2025-11-02T12:21:37.688+0000] {dag.py:3823} INFO - Setting next_dagrun for dag_dbt_pipeline to 2025-11-02 00:00:00+00:00, run_after=2025-11-03 00:00:00+00:00
[2025-11-02T12:21:37.780+0000] {processor.py:183} INFO - Processing /opt/airflow/dags/dbt_local_dag.py took 0.489 seconds
[2025-11-02T12:22:10.262+0000] {processor.py:161} INFO - Started process (PID=2665) to work on /opt/airflow/dags/dbt_local_dag.py
[2025-11-02T12:22:10.266+0000] {processor.py:830} INFO - Processing file /opt/airflow/dags/dbt_local_dag.py for tasks to queue
[2025-11-02T12:22:10.269+0000] {logging_mixin.py:188} INFO - [2025-11-02T12:22:10.268+0000] {dagbag.py:538} INFO - Filling up the DagBag from /opt/airflow/dags/dbt_local_dag.py
[2025-11-02T12:22:10.347+0000] {processor.py:840} INFO - DAG(s) 'dag_dbt_pipeline' retrieved from /opt/airflow/dags/dbt_local_dag.py
[2025-11-02T12:22:10.450+0000] {logging_mixin.py:188} INFO - [2025-11-02T12:22:10.450+0000] {dag.py:3036} INFO - Sync 1 DAGs
[2025-11-02T12:22:10.530+0000] {logging_mixin.py:188} INFO - [2025-11-02T12:22:10.530+0000] {dag.py:3823} INFO - Setting next_dagrun for dag_dbt_pipeline to 2025-11-02 00:00:00+00:00, run_after=2025-11-03 00:00:00+00:00
[2025-11-02T12:22:10.599+0000] {processor.py:183} INFO - Processing /opt/airflow/dags/dbt_local_dag.py took 0.354 seconds
[2025-11-02T12:22:43.840+0000] {processor.py:161} INFO - Started process (PID=2677) to work on /opt/airflow/dags/dbt_local_dag.py
[2025-11-02T12:22:43.861+0000] {processor.py:830} INFO - Processing file /opt/airflow/dags/dbt_local_dag.py for tasks to queue
[2025-11-02T12:22:43.902+0000] {logging_mixin.py:188} INFO - [2025-11-02T12:22:43.874+0000] {dagbag.py:538} INFO - Filling up the DagBag from /opt/airflow/dags/dbt_local_dag.py
[2025-11-02T12:22:44.282+0000] {processor.py:840} INFO - DAG(s) 'dag_dbt_pipeline' retrieved from /opt/airflow/dags/dbt_local_dag.py
[2025-11-02T12:22:44.506+0000] {logging_mixin.py:188} INFO - [2025-11-02T12:22:44.505+0000] {dag.py:3036} INFO - Sync 1 DAGs
[2025-11-02T12:22:44.636+0000] {logging_mixin.py:188} INFO - [2025-11-02T12:22:44.635+0000] {dag.py:3823} INFO - Setting next_dagrun for dag_dbt_pipeline to 2025-11-02 00:00:00+00:00, run_after=2025-11-03 00:00:00+00:00
[2025-11-02T12:22:44.761+0000] {processor.py:183} INFO - Processing /opt/airflow/dags/dbt_local_dag.py took 0.955 seconds
[2025-11-02T12:23:16.912+0000] {processor.py:161} INFO - Started process (PID=2689) to work on /opt/airflow/dags/dbt_local_dag.py
[2025-11-02T12:23:16.919+0000] {processor.py:830} INFO - Processing file /opt/airflow/dags/dbt_local_dag.py for tasks to queue
[2025-11-02T12:23:16.923+0000] {logging_mixin.py:188} INFO - [2025-11-02T12:23:16.922+0000] {dagbag.py:538} INFO - Filling up the DagBag from /opt/airflow/dags/dbt_local_dag.py
[2025-11-02T12:23:17.037+0000] {processor.py:840} INFO - DAG(s) 'dag_dbt_pipeline' retrieved from /opt/airflow/dags/dbt_local_dag.py
[2025-11-02T12:23:17.182+0000] {logging_mixin.py:188} INFO - [2025-11-02T12:23:17.179+0000] {dag.py:3036} INFO - Sync 1 DAGs
[2025-11-02T12:23:17.355+0000] {logging_mixin.py:188} INFO - [2025-11-02T12:23:17.353+0000] {dag.py:3823} INFO - Setting next_dagrun for dag_dbt_pipeline to 2025-11-02 00:00:00+00:00, run_after=2025-11-03 00:00:00+00:00
[2025-11-02T12:23:17.507+0000] {processor.py:183} INFO - Processing /opt/airflow/dags/dbt_local_dag.py took 0.609 seconds
[2025-11-02T12:23:47.997+0000] {processor.py:161} INFO - Started process (PID=2700) to work on /opt/airflow/dags/dbt_local_dag.py
[2025-11-02T12:23:48.031+0000] {processor.py:830} INFO - Processing file /opt/airflow/dags/dbt_local_dag.py for tasks to queue
[2025-11-02T12:23:48.046+0000] {logging_mixin.py:188} INFO - [2025-11-02T12:23:48.044+0000] {dagbag.py:538} INFO - Filling up the DagBag from /opt/airflow/dags/dbt_local_dag.py
[2025-11-02T12:23:48.295+0000] {processor.py:840} INFO - DAG(s) 'dag_dbt_pipeline' retrieved from /opt/airflow/dags/dbt_local_dag.py
[2025-11-02T12:23:48.579+0000] {logging_mixin.py:188} INFO - [2025-11-02T12:23:48.579+0000] {dag.py:3036} INFO - Sync 1 DAGs
[2025-11-02T12:23:48.766+0000] {logging_mixin.py:188} INFO - [2025-11-02T12:23:48.766+0000] {dag.py:3823} INFO - Setting next_dagrun for dag_dbt_pipeline to 2025-11-02 00:00:00+00:00, run_after=2025-11-03 00:00:00+00:00
[2025-11-02T12:23:48.853+0000] {processor.py:183} INFO - Processing /opt/airflow/dags/dbt_local_dag.py took 0.890 seconds
[2025-11-02T12:24:23.869+0000] {processor.py:161} INFO - Started process (PID=2712) to work on /opt/airflow/dags/dbt_local_dag.py
[2025-11-02T12:24:23.873+0000] {processor.py:830} INFO - Processing file /opt/airflow/dags/dbt_local_dag.py for tasks to queue
[2025-11-02T12:24:23.877+0000] {logging_mixin.py:188} INFO - [2025-11-02T12:24:23.876+0000] {dagbag.py:538} INFO - Filling up the DagBag from /opt/airflow/dags/dbt_local_dag.py
[2025-11-02T12:24:23.968+0000] {processor.py:840} INFO - DAG(s) 'dag_dbt_pipeline' retrieved from /opt/airflow/dags/dbt_local_dag.py
[2025-11-02T12:24:24.068+0000] {logging_mixin.py:188} INFO - [2025-11-02T12:24:24.067+0000] {dag.py:3036} INFO - Sync 1 DAGs
[2025-11-02T12:24:24.152+0000] {logging_mixin.py:188} INFO - [2025-11-02T12:24:24.151+0000] {dag.py:3823} INFO - Setting next_dagrun for dag_dbt_pipeline to 2025-11-02 00:00:00+00:00, run_after=2025-11-03 00:00:00+00:00
[2025-11-02T12:24:24.237+0000] {processor.py:183} INFO - Processing /opt/airflow/dags/dbt_local_dag.py took 0.380 seconds
[2025-11-02T12:24:56.974+0000] {processor.py:161} INFO - Started process (PID=2724) to work on /opt/airflow/dags/dbt_local_dag.py
[2025-11-02T12:24:56.987+0000] {processor.py:830} INFO - Processing file /opt/airflow/dags/dbt_local_dag.py for tasks to queue
[2025-11-02T12:24:56.990+0000] {logging_mixin.py:188} INFO - [2025-11-02T12:24:56.989+0000] {dagbag.py:538} INFO - Filling up the DagBag from /opt/airflow/dags/dbt_local_dag.py
[2025-11-02T12:24:57.162+0000] {processor.py:840} INFO - DAG(s) 'dag_dbt_pipeline' retrieved from /opt/airflow/dags/dbt_local_dag.py
[2025-11-02T12:24:57.294+0000] {logging_mixin.py:188} INFO - [2025-11-02T12:24:57.293+0000] {dag.py:3036} INFO - Sync 1 DAGs
[2025-11-02T12:24:57.481+0000] {logging_mixin.py:188} INFO - [2025-11-02T12:24:57.480+0000] {dag.py:3823} INFO - Setting next_dagrun for dag_dbt_pipeline to 2025-11-02 00:00:00+00:00, run_after=2025-11-03 00:00:00+00:00
[2025-11-02T12:24:57.556+0000] {processor.py:183} INFO - Processing /opt/airflow/dags/dbt_local_dag.py took 0.605 seconds
[2025-11-02T12:25:30.116+0000] {processor.py:161} INFO - Started process (PID=2736) to work on /opt/airflow/dags/dbt_local_dag.py
[2025-11-02T12:25:30.119+0000] {processor.py:830} INFO - Processing file /opt/airflow/dags/dbt_local_dag.py for tasks to queue
[2025-11-02T12:25:30.123+0000] {logging_mixin.py:188} INFO - [2025-11-02T12:25:30.122+0000] {dagbag.py:538} INFO - Filling up the DagBag from /opt/airflow/dags/dbt_local_dag.py
[2025-11-02T12:25:30.227+0000] {processor.py:840} INFO - DAG(s) 'dag_dbt_pipeline' retrieved from /opt/airflow/dags/dbt_local_dag.py
[2025-11-02T12:25:30.325+0000] {logging_mixin.py:188} INFO - [2025-11-02T12:25:30.324+0000] {dag.py:3036} INFO - Sync 1 DAGs
[2025-11-02T12:25:30.411+0000] {logging_mixin.py:188} INFO - [2025-11-02T12:25:30.411+0000] {dag.py:3823} INFO - Setting next_dagrun for dag_dbt_pipeline to 2025-11-02 00:00:00+00:00, run_after=2025-11-03 00:00:00+00:00
[2025-11-02T12:25:30.485+0000] {processor.py:183} INFO - Processing /opt/airflow/dags/dbt_local_dag.py took 0.387 seconds
[2025-11-02T12:26:03.767+0000] {processor.py:161} INFO - Started process (PID=2748) to work on /opt/airflow/dags/dbt_local_dag.py
[2025-11-02T12:26:03.771+0000] {processor.py:830} INFO - Processing file /opt/airflow/dags/dbt_local_dag.py for tasks to queue
[2025-11-02T12:26:03.778+0000] {logging_mixin.py:188} INFO - [2025-11-02T12:26:03.776+0000] {dagbag.py:538} INFO - Filling up the DagBag from /opt/airflow/dags/dbt_local_dag.py
[2025-11-02T12:26:04.150+0000] {processor.py:840} INFO - DAG(s) 'dag_dbt_pipeline' retrieved from /opt/airflow/dags/dbt_local_dag.py
[2025-11-02T12:26:04.312+0000] {logging_mixin.py:188} INFO - [2025-11-02T12:26:04.311+0000] {dag.py:3036} INFO - Sync 1 DAGs
[2025-11-02T12:26:04.505+0000] {logging_mixin.py:188} INFO - [2025-11-02T12:26:04.504+0000] {dag.py:3823} INFO - Setting next_dagrun for dag_dbt_pipeline to 2025-11-02 00:00:00+00:00, run_after=2025-11-03 00:00:00+00:00
[2025-11-02T12:26:05.294+0000] {processor.py:183} INFO - Processing /opt/airflow/dags/dbt_local_dag.py took 1.548 seconds
[2025-11-02T12:26:36.836+0000] {processor.py:161} INFO - Started process (PID=2760) to work on /opt/airflow/dags/dbt_local_dag.py
[2025-11-02T12:26:36.841+0000] {processor.py:830} INFO - Processing file /opt/airflow/dags/dbt_local_dag.py for tasks to queue
[2025-11-02T12:26:36.847+0000] {logging_mixin.py:188} INFO - [2025-11-02T12:26:36.845+0000] {dagbag.py:538} INFO - Filling up the DagBag from /opt/airflow/dags/dbt_local_dag.py
[2025-11-02T12:26:36.925+0000] {processor.py:840} INFO - DAG(s) 'dag_dbt_pipeline' retrieved from /opt/airflow/dags/dbt_local_dag.py
[2025-11-02T12:26:37.024+0000] {logging_mixin.py:188} INFO - [2025-11-02T12:26:37.023+0000] {dag.py:3036} INFO - Sync 1 DAGs
[2025-11-02T12:26:37.161+0000] {logging_mixin.py:188} INFO - [2025-11-02T12:26:37.160+0000] {dag.py:3823} INFO - Setting next_dagrun for dag_dbt_pipeline to 2025-11-02 00:00:00+00:00, run_after=2025-11-03 00:00:00+00:00
[2025-11-02T12:26:37.257+0000] {processor.py:183} INFO - Processing /opt/airflow/dags/dbt_local_dag.py took 0.436 seconds
[2025-11-02T12:27:10.291+0000] {processor.py:161} INFO - Started process (PID=2772) to work on /opt/airflow/dags/dbt_local_dag.py
[2025-11-02T12:27:10.294+0000] {processor.py:830} INFO - Processing file /opt/airflow/dags/dbt_local_dag.py for tasks to queue
[2025-11-02T12:27:10.298+0000] {logging_mixin.py:188} INFO - [2025-11-02T12:27:10.297+0000] {dagbag.py:538} INFO - Filling up the DagBag from /opt/airflow/dags/dbt_local_dag.py
[2025-11-02T12:27:10.484+0000] {processor.py:840} INFO - DAG(s) 'dag_dbt_pipeline' retrieved from /opt/airflow/dags/dbt_local_dag.py
[2025-11-02T12:27:10.701+0000] {logging_mixin.py:188} INFO - [2025-11-02T12:27:10.700+0000] {dag.py:3036} INFO - Sync 1 DAGs
[2025-11-02T12:27:10.939+0000] {logging_mixin.py:188} INFO - [2025-11-02T12:27:10.938+0000] {dag.py:3823} INFO - Setting next_dagrun for dag_dbt_pipeline to 2025-11-02 00:00:00+00:00, run_after=2025-11-03 00:00:00+00:00
[2025-11-02T12:27:11.060+0000] {processor.py:183} INFO - Processing /opt/airflow/dags/dbt_local_dag.py took 0.784 seconds
[2025-11-02T12:27:44.408+0000] {processor.py:161} INFO - Started process (PID=2784) to work on /opt/airflow/dags/dbt_local_dag.py
[2025-11-02T12:27:44.681+0000] {processor.py:830} INFO - Processing file /opt/airflow/dags/dbt_local_dag.py for tasks to queue
[2025-11-02T12:27:44.973+0000] {logging_mixin.py:188} INFO - [2025-11-02T12:27:44.971+0000] {dagbag.py:538} INFO - Filling up the DagBag from /opt/airflow/dags/dbt_local_dag.py
[2025-11-02T12:27:45.302+0000] {processor.py:840} INFO - DAG(s) 'dag_dbt_pipeline' retrieved from /opt/airflow/dags/dbt_local_dag.py
[2025-11-02T12:27:45.607+0000] {logging_mixin.py:188} INFO - [2025-11-02T12:27:45.606+0000] {dag.py:3036} INFO - Sync 1 DAGs
[2025-11-02T12:27:45.864+0000] {logging_mixin.py:188} INFO - [2025-11-02T12:27:45.863+0000] {dag.py:3823} INFO - Setting next_dagrun for dag_dbt_pipeline to 2025-11-02 00:00:00+00:00, run_after=2025-11-03 00:00:00+00:00
[2025-11-02T12:27:46.248+0000] {processor.py:183} INFO - Processing /opt/airflow/dags/dbt_local_dag.py took 1.859 seconds
[2025-11-02T12:28:16.792+0000] {processor.py:161} INFO - Started process (PID=2796) to work on /opt/airflow/dags/dbt_local_dag.py
[2025-11-02T12:28:16.796+0000] {processor.py:830} INFO - Processing file /opt/airflow/dags/dbt_local_dag.py for tasks to queue
[2025-11-02T12:28:16.805+0000] {logging_mixin.py:188} INFO - [2025-11-02T12:28:16.803+0000] {dagbag.py:538} INFO - Filling up the DagBag from /opt/airflow/dags/dbt_local_dag.py
[2025-11-02T12:28:17.024+0000] {processor.py:840} INFO - DAG(s) 'dag_dbt_pipeline' retrieved from /opt/airflow/dags/dbt_local_dag.py
[2025-11-02T12:28:17.254+0000] {logging_mixin.py:188} INFO - [2025-11-02T12:28:17.253+0000] {dag.py:3036} INFO - Sync 1 DAGs
[2025-11-02T12:28:17.468+0000] {logging_mixin.py:188} INFO - [2025-11-02T12:28:17.467+0000] {dag.py:3823} INFO - Setting next_dagrun for dag_dbt_pipeline to 2025-11-02 00:00:00+00:00, run_after=2025-11-03 00:00:00+00:00
[2025-11-02T12:28:17.572+0000] {processor.py:183} INFO - Processing /opt/airflow/dags/dbt_local_dag.py took 0.799 seconds
[2025-11-02T12:28:50.614+0000] {processor.py:161} INFO - Started process (PID=2808) to work on /opt/airflow/dags/dbt_local_dag.py
[2025-11-02T12:28:50.625+0000] {processor.py:830} INFO - Processing file /opt/airflow/dags/dbt_local_dag.py for tasks to queue
[2025-11-02T12:28:50.630+0000] {logging_mixin.py:188} INFO - [2025-11-02T12:28:50.628+0000] {dagbag.py:538} INFO - Filling up the DagBag from /opt/airflow/dags/dbt_local_dag.py
[2025-11-02T12:28:50.880+0000] {processor.py:840} INFO - DAG(s) 'dag_dbt_pipeline' retrieved from /opt/airflow/dags/dbt_local_dag.py
[2025-11-02T12:28:51.209+0000] {logging_mixin.py:188} INFO - [2025-11-02T12:28:51.208+0000] {dag.py:3036} INFO - Sync 1 DAGs
[2025-11-02T12:28:51.402+0000] {logging_mixin.py:188} INFO - [2025-11-02T12:28:51.401+0000] {dag.py:3823} INFO - Setting next_dagrun for dag_dbt_pipeline to 2025-11-02 00:00:00+00:00, run_after=2025-11-03 00:00:00+00:00
[2025-11-02T12:28:51.535+0000] {processor.py:183} INFO - Processing /opt/airflow/dags/dbt_local_dag.py took 0.971 seconds
[2025-11-02T12:29:23.522+0000] {processor.py:161} INFO - Started process (PID=2820) to work on /opt/airflow/dags/dbt_local_dag.py
[2025-11-02T12:29:23.526+0000] {processor.py:830} INFO - Processing file /opt/airflow/dags/dbt_local_dag.py for tasks to queue
[2025-11-02T12:29:23.532+0000] {logging_mixin.py:188} INFO - [2025-11-02T12:29:23.530+0000] {dagbag.py:538} INFO - Filling up the DagBag from /opt/airflow/dags/dbt_local_dag.py
[2025-11-02T12:29:23.762+0000] {processor.py:840} INFO - DAG(s) 'dag_dbt_pipeline' retrieved from /opt/airflow/dags/dbt_local_dag.py
[2025-11-02T12:29:24.078+0000] {logging_mixin.py:188} INFO - [2025-11-02T12:29:24.077+0000] {dag.py:3036} INFO - Sync 1 DAGs
[2025-11-02T12:29:24.253+0000] {logging_mixin.py:188} INFO - [2025-11-02T12:29:24.252+0000] {dag.py:3823} INFO - Setting next_dagrun for dag_dbt_pipeline to 2025-11-02 00:00:00+00:00, run_after=2025-11-03 00:00:00+00:00
[2025-11-02T12:29:24.435+0000] {processor.py:183} INFO - Processing /opt/airflow/dags/dbt_local_dag.py took 0.930 seconds
[2025-11-02T12:29:57.333+0000] {processor.py:161} INFO - Started process (PID=2832) to work on /opt/airflow/dags/dbt_local_dag.py
[2025-11-02T12:29:57.337+0000] {processor.py:830} INFO - Processing file /opt/airflow/dags/dbt_local_dag.py for tasks to queue
[2025-11-02T12:29:57.343+0000] {logging_mixin.py:188} INFO - [2025-11-02T12:29:57.342+0000] {dagbag.py:538} INFO - Filling up the DagBag from /opt/airflow/dags/dbt_local_dag.py
[2025-11-02T12:29:57.428+0000] {processor.py:840} INFO - DAG(s) 'dag_dbt_pipeline' retrieved from /opt/airflow/dags/dbt_local_dag.py
[2025-11-02T12:29:57.536+0000] {logging_mixin.py:188} INFO - [2025-11-02T12:29:57.534+0000] {dag.py:3036} INFO - Sync 1 DAGs
[2025-11-02T12:29:57.620+0000] {logging_mixin.py:188} INFO - [2025-11-02T12:29:57.619+0000] {dag.py:3823} INFO - Setting next_dagrun for dag_dbt_pipeline to 2025-11-02 00:00:00+00:00, run_after=2025-11-03 00:00:00+00:00
[2025-11-02T12:29:57.955+0000] {processor.py:183} INFO - Processing /opt/airflow/dags/dbt_local_dag.py took 0.651 seconds
[2025-11-02T12:30:30.416+0000] {processor.py:161} INFO - Started process (PID=2844) to work on /opt/airflow/dags/dbt_local_dag.py
[2025-11-02T12:30:30.420+0000] {processor.py:830} INFO - Processing file /opt/airflow/dags/dbt_local_dag.py for tasks to queue
[2025-11-02T12:30:30.431+0000] {logging_mixin.py:188} INFO - [2025-11-02T12:30:30.429+0000] {dagbag.py:538} INFO - Filling up the DagBag from /opt/airflow/dags/dbt_local_dag.py
[2025-11-02T12:30:30.581+0000] {processor.py:840} INFO - DAG(s) 'dag_dbt_pipeline' retrieved from /opt/airflow/dags/dbt_local_dag.py
[2025-11-02T12:30:30.825+0000] {logging_mixin.py:188} INFO - [2025-11-02T12:30:30.823+0000] {dag.py:3036} INFO - Sync 1 DAGs
[2025-11-02T12:30:31.171+0000] {logging_mixin.py:188} INFO - [2025-11-02T12:30:31.171+0000] {dag.py:3823} INFO - Setting next_dagrun for dag_dbt_pipeline to 2025-11-02 00:00:00+00:00, run_after=2025-11-03 00:00:00+00:00
[2025-11-02T12:30:31.408+0000] {processor.py:183} INFO - Processing /opt/airflow/dags/dbt_local_dag.py took 1.014 seconds
[2025-11-02T12:31:04.394+0000] {processor.py:161} INFO - Started process (PID=2856) to work on /opt/airflow/dags/dbt_local_dag.py
[2025-11-02T12:31:04.399+0000] {processor.py:830} INFO - Processing file /opt/airflow/dags/dbt_local_dag.py for tasks to queue
[2025-11-02T12:31:04.402+0000] {logging_mixin.py:188} INFO - [2025-11-02T12:31:04.401+0000] {dagbag.py:538} INFO - Filling up the DagBag from /opt/airflow/dags/dbt_local_dag.py
[2025-11-02T12:31:04.467+0000] {processor.py:840} INFO - DAG(s) 'dag_dbt_pipeline' retrieved from /opt/airflow/dags/dbt_local_dag.py
[2025-11-02T12:31:04.549+0000] {logging_mixin.py:188} INFO - [2025-11-02T12:31:04.549+0000] {dag.py:3036} INFO - Sync 1 DAGs
[2025-11-02T12:31:04.652+0000] {logging_mixin.py:188} INFO - [2025-11-02T12:31:04.651+0000] {dag.py:3823} INFO - Setting next_dagrun for dag_dbt_pipeline to 2025-11-02 00:00:00+00:00, run_after=2025-11-03 00:00:00+00:00
[2025-11-02T12:31:04.723+0000] {processor.py:183} INFO - Processing /opt/airflow/dags/dbt_local_dag.py took 0.355 seconds
[2025-11-02T12:31:35.739+0000] {processor.py:161} INFO - Started process (PID=2868) to work on /opt/airflow/dags/dbt_local_dag.py
[2025-11-02T12:31:35.744+0000] {processor.py:830} INFO - Processing file /opt/airflow/dags/dbt_local_dag.py for tasks to queue
[2025-11-02T12:31:35.748+0000] {logging_mixin.py:188} INFO - [2025-11-02T12:31:35.747+0000] {dagbag.py:538} INFO - Filling up the DagBag from /opt/airflow/dags/dbt_local_dag.py
[2025-11-02T12:31:35.876+0000] {processor.py:840} INFO - DAG(s) 'dag_dbt_pipeline' retrieved from /opt/airflow/dags/dbt_local_dag.py
[2025-11-02T12:31:35.989+0000] {logging_mixin.py:188} INFO - [2025-11-02T12:31:35.988+0000] {dag.py:3036} INFO - Sync 1 DAGs
[2025-11-02T12:31:36.092+0000] {logging_mixin.py:188} INFO - [2025-11-02T12:31:36.091+0000] {dag.py:3823} INFO - Setting next_dagrun for dag_dbt_pipeline to 2025-11-02 00:00:00+00:00, run_after=2025-11-03 00:00:00+00:00
[2025-11-02T12:31:36.176+0000] {processor.py:183} INFO - Processing /opt/airflow/dags/dbt_local_dag.py took 0.463 seconds
[2025-11-02T12:32:06.756+0000] {processor.py:161} INFO - Started process (PID=2880) to work on /opt/airflow/dags/dbt_local_dag.py
[2025-11-02T12:32:06.762+0000] {processor.py:830} INFO - Processing file /opt/airflow/dags/dbt_local_dag.py for tasks to queue
[2025-11-02T12:32:06.767+0000] {logging_mixin.py:188} INFO - [2025-11-02T12:32:06.766+0000] {dagbag.py:538} INFO - Filling up the DagBag from /opt/airflow/dags/dbt_local_dag.py
[2025-11-02T12:32:06.835+0000] {processor.py:840} INFO - DAG(s) 'dag_dbt_pipeline' retrieved from /opt/airflow/dags/dbt_local_dag.py
[2025-11-02T12:32:06.932+0000] {logging_mixin.py:188} INFO - [2025-11-02T12:32:06.931+0000] {dag.py:3036} INFO - Sync 1 DAGs
[2025-11-02T12:32:07.002+0000] {logging_mixin.py:188} INFO - [2025-11-02T12:32:07.001+0000] {dag.py:3823} INFO - Setting next_dagrun for dag_dbt_pipeline to 2025-11-02 00:00:00+00:00, run_after=2025-11-03 00:00:00+00:00
[2025-11-02T12:32:07.121+0000] {processor.py:183} INFO - Processing /opt/airflow/dags/dbt_local_dag.py took 0.388 seconds
[2025-11-02T12:32:37.896+0000] {processor.py:161} INFO - Started process (PID=2892) to work on /opt/airflow/dags/dbt_local_dag.py
[2025-11-02T12:32:37.911+0000] {processor.py:830} INFO - Processing file /opt/airflow/dags/dbt_local_dag.py for tasks to queue
[2025-11-02T12:32:37.932+0000] {logging_mixin.py:188} INFO - [2025-11-02T12:32:37.930+0000] {dagbag.py:538} INFO - Filling up the DagBag from /opt/airflow/dags/dbt_local_dag.py
[2025-11-02T12:32:38.228+0000] {processor.py:840} INFO - DAG(s) 'dag_dbt_pipeline' retrieved from /opt/airflow/dags/dbt_local_dag.py
[2025-11-02T12:32:38.441+0000] {logging_mixin.py:188} INFO - [2025-11-02T12:32:38.440+0000] {dag.py:3036} INFO - Sync 1 DAGs
[2025-11-02T12:32:38.606+0000] {logging_mixin.py:188} INFO - [2025-11-02T12:32:38.605+0000] {dag.py:3823} INFO - Setting next_dagrun for dag_dbt_pipeline to 2025-11-02 00:00:00+00:00, run_after=2025-11-03 00:00:00+00:00
[2025-11-02T12:32:38.704+0000] {processor.py:183} INFO - Processing /opt/airflow/dags/dbt_local_dag.py took 0.839 seconds
[2025-11-02T12:33:08.933+0000] {processor.py:161} INFO - Started process (PID=2898) to work on /opt/airflow/dags/dbt_local_dag.py
[2025-11-02T12:33:08.936+0000] {processor.py:830} INFO - Processing file /opt/airflow/dags/dbt_local_dag.py for tasks to queue
[2025-11-02T12:33:08.940+0000] {logging_mixin.py:188} INFO - [2025-11-02T12:33:08.939+0000] {dagbag.py:538} INFO - Filling up the DagBag from /opt/airflow/dags/dbt_local_dag.py
[2025-11-02T12:33:09.048+0000] {processor.py:840} INFO - DAG(s) 'dag_dbt_pipeline' retrieved from /opt/airflow/dags/dbt_local_dag.py
[2025-11-02T12:33:09.179+0000] {logging_mixin.py:188} INFO - [2025-11-02T12:33:09.179+0000] {dag.py:3036} INFO - Sync 1 DAGs
[2025-11-02T12:33:09.293+0000] {logging_mixin.py:188} INFO - [2025-11-02T12:33:09.292+0000] {dag.py:3823} INFO - Setting next_dagrun for dag_dbt_pipeline to 2025-11-02 00:00:00+00:00, run_after=2025-11-03 00:00:00+00:00
[2025-11-02T12:33:09.414+0000] {processor.py:183} INFO - Processing /opt/airflow/dags/dbt_local_dag.py took 0.488 seconds
[2025-11-02T12:33:39.920+0000] {processor.py:161} INFO - Started process (PID=2910) to work on /opt/airflow/dags/dbt_local_dag.py
[2025-11-02T12:33:39.925+0000] {processor.py:830} INFO - Processing file /opt/airflow/dags/dbt_local_dag.py for tasks to queue
[2025-11-02T12:33:39.927+0000] {logging_mixin.py:188} INFO - [2025-11-02T12:33:39.927+0000] {dagbag.py:538} INFO - Filling up the DagBag from /opt/airflow/dags/dbt_local_dag.py
[2025-11-02T12:33:39.996+0000] {processor.py:840} INFO - DAG(s) 'dag_dbt_pipeline' retrieved from /opt/airflow/dags/dbt_local_dag.py
[2025-11-02T12:33:40.052+0000] {logging_mixin.py:188} INFO - [2025-11-02T12:33:40.052+0000] {dag.py:3036} INFO - Sync 1 DAGs
[2025-11-02T12:33:40.112+0000] {logging_mixin.py:188} INFO - [2025-11-02T12:33:40.109+0000] {dag.py:3823} INFO - Setting next_dagrun for dag_dbt_pipeline to 2025-11-02 00:00:00+00:00, run_after=2025-11-03 00:00:00+00:00
[2025-11-02T12:33:40.219+0000] {processor.py:183} INFO - Processing /opt/airflow/dags/dbt_local_dag.py took 0.311 seconds
[2025-11-02T12:34:11.018+0000] {processor.py:161} INFO - Started process (PID=2922) to work on /opt/airflow/dags/dbt_local_dag.py
[2025-11-02T12:34:11.020+0000] {processor.py:830} INFO - Processing file /opt/airflow/dags/dbt_local_dag.py for tasks to queue
[2025-11-02T12:34:11.023+0000] {logging_mixin.py:188} INFO - [2025-11-02T12:34:11.022+0000] {dagbag.py:538} INFO - Filling up the DagBag from /opt/airflow/dags/dbt_local_dag.py
[2025-11-02T12:34:11.068+0000] {processor.py:840} INFO - DAG(s) 'dag_dbt_pipeline' retrieved from /opt/airflow/dags/dbt_local_dag.py
[2025-11-02T12:34:11.132+0000] {logging_mixin.py:188} INFO - [2025-11-02T12:34:11.132+0000] {dag.py:3036} INFO - Sync 1 DAGs
[2025-11-02T12:34:11.193+0000] {logging_mixin.py:188} INFO - [2025-11-02T12:34:11.192+0000] {dag.py:3823} INFO - Setting next_dagrun for dag_dbt_pipeline to 2025-11-02 00:00:00+00:00, run_after=2025-11-03 00:00:00+00:00
[2025-11-02T12:34:11.255+0000] {processor.py:183} INFO - Processing /opt/airflow/dags/dbt_local_dag.py took 0.245 seconds
[2025-11-02T12:34:41.508+0000] {processor.py:161} INFO - Started process (PID=2934) to work on /opt/airflow/dags/dbt_local_dag.py
[2025-11-02T12:34:41.511+0000] {processor.py:830} INFO - Processing file /opt/airflow/dags/dbt_local_dag.py for tasks to queue
[2025-11-02T12:34:41.513+0000] {logging_mixin.py:188} INFO - [2025-11-02T12:34:41.512+0000] {dagbag.py:538} INFO - Filling up the DagBag from /opt/airflow/dags/dbt_local_dag.py
[2025-11-02T12:34:41.561+0000] {processor.py:840} INFO - DAG(s) 'dag_dbt_pipeline' retrieved from /opt/airflow/dags/dbt_local_dag.py
[2025-11-02T12:34:41.610+0000] {logging_mixin.py:188} INFO - [2025-11-02T12:34:41.609+0000] {dag.py:3036} INFO - Sync 1 DAGs
[2025-11-02T12:34:41.657+0000] {logging_mixin.py:188} INFO - [2025-11-02T12:34:41.657+0000] {dag.py:3823} INFO - Setting next_dagrun for dag_dbt_pipeline to 2025-11-02 00:00:00+00:00, run_after=2025-11-03 00:00:00+00:00
[2025-11-02T12:34:41.694+0000] {processor.py:183} INFO - Processing /opt/airflow/dags/dbt_local_dag.py took 0.194 seconds
[2025-11-02T12:35:11.864+0000] {processor.py:161} INFO - Started process (PID=2946) to work on /opt/airflow/dags/dbt_local_dag.py
[2025-11-02T12:35:11.868+0000] {processor.py:830} INFO - Processing file /opt/airflow/dags/dbt_local_dag.py for tasks to queue
[2025-11-02T12:35:11.871+0000] {logging_mixin.py:188} INFO - [2025-11-02T12:35:11.870+0000] {dagbag.py:538} INFO - Filling up the DagBag from /opt/airflow/dags/dbt_local_dag.py
[2025-11-02T12:35:11.941+0000] {processor.py:840} INFO - DAG(s) 'dag_dbt_pipeline' retrieved from /opt/airflow/dags/dbt_local_dag.py
[2025-11-02T12:35:11.997+0000] {logging_mixin.py:188} INFO - [2025-11-02T12:35:11.997+0000] {dag.py:3036} INFO - Sync 1 DAGs
[2025-11-02T12:35:12.036+0000] {logging_mixin.py:188} INFO - [2025-11-02T12:35:12.036+0000] {dag.py:3823} INFO - Setting next_dagrun for dag_dbt_pipeline to 2025-11-02 00:00:00+00:00, run_after=2025-11-03 00:00:00+00:00
[2025-11-02T12:35:12.085+0000] {processor.py:183} INFO - Processing /opt/airflow/dags/dbt_local_dag.py took 0.234 seconds
[2025-11-02T12:35:42.213+0000] {processor.py:161} INFO - Started process (PID=2958) to work on /opt/airflow/dags/dbt_local_dag.py
[2025-11-02T12:35:42.215+0000] {processor.py:830} INFO - Processing file /opt/airflow/dags/dbt_local_dag.py for tasks to queue
[2025-11-02T12:35:42.218+0000] {logging_mixin.py:188} INFO - [2025-11-02T12:35:42.217+0000] {dagbag.py:538} INFO - Filling up the DagBag from /opt/airflow/dags/dbt_local_dag.py
[2025-11-02T12:35:42.266+0000] {processor.py:840} INFO - DAG(s) 'dag_dbt_pipeline' retrieved from /opt/airflow/dags/dbt_local_dag.py
[2025-11-02T12:35:42.314+0000] {logging_mixin.py:188} INFO - [2025-11-02T12:35:42.314+0000] {dag.py:3036} INFO - Sync 1 DAGs
[2025-11-02T12:35:42.355+0000] {logging_mixin.py:188} INFO - [2025-11-02T12:35:42.354+0000] {dag.py:3823} INFO - Setting next_dagrun for dag_dbt_pipeline to 2025-11-02 00:00:00+00:00, run_after=2025-11-03 00:00:00+00:00
[2025-11-02T12:35:42.394+0000] {processor.py:183} INFO - Processing /opt/airflow/dags/dbt_local_dag.py took 0.191 seconds
[2025-11-02T12:36:12.562+0000] {processor.py:161} INFO - Started process (PID=2970) to work on /opt/airflow/dags/dbt_local_dag.py
[2025-11-02T12:36:12.564+0000] {processor.py:830} INFO - Processing file /opt/airflow/dags/dbt_local_dag.py for tasks to queue
[2025-11-02T12:36:12.568+0000] {logging_mixin.py:188} INFO - [2025-11-02T12:36:12.567+0000] {dagbag.py:538} INFO - Filling up the DagBag from /opt/airflow/dags/dbt_local_dag.py
[2025-11-02T12:36:12.617+0000] {processor.py:840} INFO - DAG(s) 'dag_dbt_pipeline' retrieved from /opt/airflow/dags/dbt_local_dag.py
[2025-11-02T12:36:12.668+0000] {logging_mixin.py:188} INFO - [2025-11-02T12:36:12.667+0000] {dag.py:3036} INFO - Sync 1 DAGs
[2025-11-02T12:36:12.714+0000] {logging_mixin.py:188} INFO - [2025-11-02T12:36:12.714+0000] {dag.py:3823} INFO - Setting next_dagrun for dag_dbt_pipeline to 2025-11-02 00:00:00+00:00, run_after=2025-11-03 00:00:00+00:00
[2025-11-02T12:36:12.752+0000] {processor.py:183} INFO - Processing /opt/airflow/dags/dbt_local_dag.py took 0.200 seconds
[2025-11-02T12:36:42.940+0000] {processor.py:161} INFO - Started process (PID=2983) to work on /opt/airflow/dags/dbt_local_dag.py
[2025-11-02T12:36:42.943+0000] {processor.py:830} INFO - Processing file /opt/airflow/dags/dbt_local_dag.py for tasks to queue
[2025-11-02T12:36:42.947+0000] {logging_mixin.py:188} INFO - [2025-11-02T12:36:42.946+0000] {dagbag.py:538} INFO - Filling up the DagBag from /opt/airflow/dags/dbt_local_dag.py
[2025-11-02T12:36:43.004+0000] {processor.py:840} INFO - DAG(s) 'dag_dbt_pipeline' retrieved from /opt/airflow/dags/dbt_local_dag.py
[2025-11-02T12:36:43.074+0000] {logging_mixin.py:188} INFO - [2025-11-02T12:36:43.074+0000] {dag.py:3036} INFO - Sync 1 DAGs
[2025-11-02T12:36:43.137+0000] {logging_mixin.py:188} INFO - [2025-11-02T12:36:43.137+0000] {dag.py:3823} INFO - Setting next_dagrun for dag_dbt_pipeline to 2025-11-02 00:00:00+00:00, run_after=2025-11-03 00:00:00+00:00
[2025-11-02T12:36:43.186+0000] {processor.py:183} INFO - Processing /opt/airflow/dags/dbt_local_dag.py took 0.257 seconds
[2025-11-02T12:37:13.292+0000] {processor.py:161} INFO - Started process (PID=2995) to work on /opt/airflow/dags/dbt_local_dag.py
[2025-11-02T12:37:13.294+0000] {processor.py:830} INFO - Processing file /opt/airflow/dags/dbt_local_dag.py for tasks to queue
[2025-11-02T12:37:13.296+0000] {logging_mixin.py:188} INFO - [2025-11-02T12:37:13.296+0000] {dagbag.py:538} INFO - Filling up the DagBag from /opt/airflow/dags/dbt_local_dag.py
[2025-11-02T12:37:13.337+0000] {processor.py:840} INFO - DAG(s) 'dag_dbt_pipeline' retrieved from /opt/airflow/dags/dbt_local_dag.py
[2025-11-02T12:37:13.386+0000] {logging_mixin.py:188} INFO - [2025-11-02T12:37:13.386+0000] {dag.py:3036} INFO - Sync 1 DAGs
[2025-11-02T12:37:13.425+0000] {logging_mixin.py:188} INFO - [2025-11-02T12:37:13.425+0000] {dag.py:3823} INFO - Setting next_dagrun for dag_dbt_pipeline to 2025-11-02 00:00:00+00:00, run_after=2025-11-03 00:00:00+00:00
[2025-11-02T12:37:13.462+0000] {processor.py:183} INFO - Processing /opt/airflow/dags/dbt_local_dag.py took 0.177 seconds
[2025-11-02T12:37:43.655+0000] {processor.py:161} INFO - Started process (PID=3005) to work on /opt/airflow/dags/dbt_local_dag.py
[2025-11-02T12:37:43.658+0000] {processor.py:830} INFO - Processing file /opt/airflow/dags/dbt_local_dag.py for tasks to queue
[2025-11-02T12:37:43.662+0000] {logging_mixin.py:188} INFO - [2025-11-02T12:37:43.661+0000] {dagbag.py:538} INFO - Filling up the DagBag from /opt/airflow/dags/dbt_local_dag.py
[2025-11-02T12:37:43.707+0000] {processor.py:840} INFO - DAG(s) 'dag_dbt_pipeline' retrieved from /opt/airflow/dags/dbt_local_dag.py
[2025-11-02T12:37:43.756+0000] {logging_mixin.py:188} INFO - [2025-11-02T12:37:43.755+0000] {dag.py:3036} INFO - Sync 1 DAGs
[2025-11-02T12:37:43.795+0000] {logging_mixin.py:188} INFO - [2025-11-02T12:37:43.794+0000] {dag.py:3823} INFO - Setting next_dagrun for dag_dbt_pipeline to 2025-11-02 00:00:00+00:00, run_after=2025-11-03 00:00:00+00:00
[2025-11-02T12:37:43.858+0000] {processor.py:183} INFO - Processing /opt/airflow/dags/dbt_local_dag.py took 0.211 seconds
[2025-11-02T12:38:17.724+0000] {processor.py:161} INFO - Started process (PID=3018) to work on /opt/airflow/dags/dbt_local_dag.py
[2025-11-02T12:38:17.727+0000] {processor.py:830} INFO - Processing file /opt/airflow/dags/dbt_local_dag.py for tasks to queue
[2025-11-02T12:38:17.734+0000] {logging_mixin.py:188} INFO - [2025-11-02T12:38:17.732+0000] {dagbag.py:538} INFO - Filling up the DagBag from /opt/airflow/dags/dbt_local_dag.py
[2025-11-02T12:38:17.780+0000] {processor.py:840} INFO - DAG(s) 'dag_dbt_pipeline' retrieved from /opt/airflow/dags/dbt_local_dag.py
[2025-11-02T12:38:17.831+0000] {logging_mixin.py:188} INFO - [2025-11-02T12:38:17.831+0000] {dag.py:3036} INFO - Sync 1 DAGs
[2025-11-02T12:38:17.875+0000] {logging_mixin.py:188} INFO - [2025-11-02T12:38:17.874+0000] {dag.py:3823} INFO - Setting next_dagrun for dag_dbt_pipeline to 2025-11-02 00:00:00+00:00, run_after=2025-11-03 00:00:00+00:00
[2025-11-02T12:38:18.006+0000] {processor.py:183} INFO - Processing /opt/airflow/dags/dbt_local_dag.py took 0.289 seconds
[2025-11-02T12:38:51.009+0000] {processor.py:161} INFO - Started process (PID=3030) to work on /opt/airflow/dags/dbt_local_dag.py
[2025-11-02T12:38:51.012+0000] {processor.py:830} INFO - Processing file /opt/airflow/dags/dbt_local_dag.py for tasks to queue
[2025-11-02T12:38:51.014+0000] {logging_mixin.py:188} INFO - [2025-11-02T12:38:51.013+0000] {dagbag.py:538} INFO - Filling up the DagBag from /opt/airflow/dags/dbt_local_dag.py
[2025-11-02T12:38:51.284+0000] {processor.py:840} INFO - DAG(s) 'dag_dbt_pipeline' retrieved from /opt/airflow/dags/dbt_local_dag.py
[2025-11-02T12:38:51.367+0000] {logging_mixin.py:188} INFO - [2025-11-02T12:38:51.367+0000] {dag.py:3036} INFO - Sync 1 DAGs
[2025-11-02T12:38:51.408+0000] {logging_mixin.py:188} INFO - [2025-11-02T12:38:51.407+0000] {dag.py:3823} INFO - Setting next_dagrun for dag_dbt_pipeline to 2025-11-02 00:00:00+00:00, run_after=2025-11-03 00:00:00+00:00
[2025-11-02T12:38:51.480+0000] {processor.py:183} INFO - Processing /opt/airflow/dags/dbt_local_dag.py took 0.479 seconds
[2025-11-02T12:39:23.709+0000] {processor.py:161} INFO - Started process (PID=3042) to work on /opt/airflow/dags/dbt_local_dag.py
[2025-11-02T12:39:23.712+0000] {processor.py:830} INFO - Processing file /opt/airflow/dags/dbt_local_dag.py for tasks to queue
[2025-11-02T12:39:23.716+0000] {logging_mixin.py:188} INFO - [2025-11-02T12:39:23.715+0000] {dagbag.py:538} INFO - Filling up the DagBag from /opt/airflow/dags/dbt_local_dag.py
[2025-11-02T12:39:23.767+0000] {processor.py:840} INFO - DAG(s) 'dag_dbt_pipeline' retrieved from /opt/airflow/dags/dbt_local_dag.py
[2025-11-02T12:39:23.824+0000] {logging_mixin.py:188} INFO - [2025-11-02T12:39:23.824+0000] {dag.py:3036} INFO - Sync 1 DAGs
[2025-11-02T12:39:23.873+0000] {logging_mixin.py:188} INFO - [2025-11-02T12:39:23.872+0000] {dag.py:3823} INFO - Setting next_dagrun for dag_dbt_pipeline to 2025-11-02 00:00:00+00:00, run_after=2025-11-03 00:00:00+00:00
[2025-11-02T12:39:23.918+0000] {processor.py:183} INFO - Processing /opt/airflow/dags/dbt_local_dag.py took 0.217 seconds
[2025-11-02T12:39:56.982+0000] {processor.py:161} INFO - Started process (PID=3054) to work on /opt/airflow/dags/dbt_local_dag.py
[2025-11-02T12:39:56.984+0000] {processor.py:830} INFO - Processing file /opt/airflow/dags/dbt_local_dag.py for tasks to queue
[2025-11-02T12:39:56.987+0000] {logging_mixin.py:188} INFO - [2025-11-02T12:39:56.986+0000] {dagbag.py:538} INFO - Filling up the DagBag from /opt/airflow/dags/dbt_local_dag.py
[2025-11-02T12:39:57.032+0000] {processor.py:840} INFO - DAG(s) 'dag_dbt_pipeline' retrieved from /opt/airflow/dags/dbt_local_dag.py
[2025-11-02T12:39:57.086+0000] {logging_mixin.py:188} INFO - [2025-11-02T12:39:57.086+0000] {dag.py:3036} INFO - Sync 1 DAGs
[2025-11-02T12:39:57.155+0000] {logging_mixin.py:188} INFO - [2025-11-02T12:39:57.154+0000] {dag.py:3823} INFO - Setting next_dagrun for dag_dbt_pipeline to 2025-11-02 00:00:00+00:00, run_after=2025-11-03 00:00:00+00:00
[2025-11-02T12:39:57.203+0000] {processor.py:183} INFO - Processing /opt/airflow/dags/dbt_local_dag.py took 0.227 seconds
[2025-11-02T12:40:30.278+0000] {processor.py:161} INFO - Started process (PID=3066) to work on /opt/airflow/dags/dbt_local_dag.py
[2025-11-02T12:40:30.282+0000] {processor.py:830} INFO - Processing file /opt/airflow/dags/dbt_local_dag.py for tasks to queue
[2025-11-02T12:40:30.287+0000] {logging_mixin.py:188} INFO - [2025-11-02T12:40:30.286+0000] {dagbag.py:538} INFO - Filling up the DagBag from /opt/airflow/dags/dbt_local_dag.py
[2025-11-02T12:40:30.332+0000] {processor.py:840} INFO - DAG(s) 'dag_dbt_pipeline' retrieved from /opt/airflow/dags/dbt_local_dag.py
[2025-11-02T12:40:30.385+0000] {logging_mixin.py:188} INFO - [2025-11-02T12:40:30.385+0000] {dag.py:3036} INFO - Sync 1 DAGs
[2025-11-02T12:40:30.431+0000] {logging_mixin.py:188} INFO - [2025-11-02T12:40:30.431+0000] {dag.py:3823} INFO - Setting next_dagrun for dag_dbt_pipeline to 2025-11-02 00:00:00+00:00, run_after=2025-11-03 00:00:00+00:00
[2025-11-02T12:40:30.478+0000] {processor.py:183} INFO - Processing /opt/airflow/dags/dbt_local_dag.py took 0.207 seconds
[2025-11-02T12:41:04.037+0000] {processor.py:161} INFO - Started process (PID=3078) to work on /opt/airflow/dags/dbt_local_dag.py
[2025-11-02T12:41:04.040+0000] {processor.py:830} INFO - Processing file /opt/airflow/dags/dbt_local_dag.py for tasks to queue
[2025-11-02T12:41:04.042+0000] {logging_mixin.py:188} INFO - [2025-11-02T12:41:04.041+0000] {dagbag.py:538} INFO - Filling up the DagBag from /opt/airflow/dags/dbt_local_dag.py
[2025-11-02T12:41:04.084+0000] {processor.py:840} INFO - DAG(s) 'dag_dbt_pipeline' retrieved from /opt/airflow/dags/dbt_local_dag.py
[2025-11-02T12:41:04.131+0000] {logging_mixin.py:188} INFO - [2025-11-02T12:41:04.131+0000] {dag.py:3036} INFO - Sync 1 DAGs
[2025-11-02T12:41:04.174+0000] {logging_mixin.py:188} INFO - [2025-11-02T12:41:04.174+0000] {dag.py:3823} INFO - Setting next_dagrun for dag_dbt_pipeline to 2025-11-02 00:00:00+00:00, run_after=2025-11-03 00:00:00+00:00
[2025-11-02T12:41:04.211+0000] {processor.py:183} INFO - Processing /opt/airflow/dags/dbt_local_dag.py took 0.184 seconds
[2025-11-02T12:41:37.427+0000] {processor.py:161} INFO - Started process (PID=3090) to work on /opt/airflow/dags/dbt_local_dag.py
[2025-11-02T12:41:37.429+0000] {processor.py:830} INFO - Processing file /opt/airflow/dags/dbt_local_dag.py for tasks to queue
[2025-11-02T12:41:37.433+0000] {logging_mixin.py:188} INFO - [2025-11-02T12:41:37.432+0000] {dagbag.py:538} INFO - Filling up the DagBag from /opt/airflow/dags/dbt_local_dag.py
[2025-11-02T12:41:37.473+0000] {processor.py:840} INFO - DAG(s) 'dag_dbt_pipeline' retrieved from /opt/airflow/dags/dbt_local_dag.py
[2025-11-02T12:41:37.520+0000] {logging_mixin.py:188} INFO - [2025-11-02T12:41:37.520+0000] {dag.py:3036} INFO - Sync 1 DAGs
[2025-11-02T12:41:37.561+0000] {logging_mixin.py:188} INFO - [2025-11-02T12:41:37.560+0000] {dag.py:3823} INFO - Setting next_dagrun for dag_dbt_pipeline to 2025-11-02 00:00:00+00:00, run_after=2025-11-03 00:00:00+00:00
[2025-11-02T12:41:37.643+0000] {processor.py:183} INFO - Processing /opt/airflow/dags/dbt_local_dag.py took 0.225 seconds
[2025-11-02T12:42:10.971+0000] {processor.py:161} INFO - Started process (PID=3102) to work on /opt/airflow/dags/dbt_local_dag.py
[2025-11-02T12:42:10.973+0000] {processor.py:830} INFO - Processing file /opt/airflow/dags/dbt_local_dag.py for tasks to queue
[2025-11-02T12:42:10.976+0000] {logging_mixin.py:188} INFO - [2025-11-02T12:42:10.975+0000] {dagbag.py:538} INFO - Filling up the DagBag from /opt/airflow/dags/dbt_local_dag.py
[2025-11-02T12:42:11.031+0000] {processor.py:840} INFO - DAG(s) 'dag_dbt_pipeline' retrieved from /opt/airflow/dags/dbt_local_dag.py
[2025-11-02T12:42:11.091+0000] {logging_mixin.py:188} INFO - [2025-11-02T12:42:11.091+0000] {dag.py:3036} INFO - Sync 1 DAGs
[2025-11-02T12:42:11.158+0000] {logging_mixin.py:188} INFO - [2025-11-02T12:42:11.157+0000] {dag.py:3823} INFO - Setting next_dagrun for dag_dbt_pipeline to 2025-11-02 00:00:00+00:00, run_after=2025-11-03 00:00:00+00:00
[2025-11-02T12:42:11.208+0000] {processor.py:183} INFO - Processing /opt/airflow/dags/dbt_local_dag.py took 0.246 seconds
[2025-11-02T12:42:44.206+0000] {processor.py:161} INFO - Started process (PID=3114) to work on /opt/airflow/dags/dbt_local_dag.py
[2025-11-02T12:42:44.209+0000] {processor.py:830} INFO - Processing file /opt/airflow/dags/dbt_local_dag.py for tasks to queue
[2025-11-02T12:42:44.211+0000] {logging_mixin.py:188} INFO - [2025-11-02T12:42:44.211+0000] {dagbag.py:538} INFO - Filling up the DagBag from /opt/airflow/dags/dbt_local_dag.py
[2025-11-02T12:42:44.258+0000] {processor.py:840} INFO - DAG(s) 'dag_dbt_pipeline' retrieved from /opt/airflow/dags/dbt_local_dag.py
[2025-11-02T12:42:44.315+0000] {logging_mixin.py:188} INFO - [2025-11-02T12:42:44.315+0000] {dag.py:3036} INFO - Sync 1 DAGs
[2025-11-02T12:42:44.362+0000] {logging_mixin.py:188} INFO - [2025-11-02T12:42:44.361+0000] {dag.py:3823} INFO - Setting next_dagrun for dag_dbt_pipeline to 2025-11-02 00:00:00+00:00, run_after=2025-11-03 00:00:00+00:00
[2025-11-02T12:42:44.406+0000] {processor.py:183} INFO - Processing /opt/airflow/dags/dbt_local_dag.py took 0.205 seconds
[2025-11-02T12:43:17.027+0000] {processor.py:161} INFO - Started process (PID=3126) to work on /opt/airflow/dags/dbt_local_dag.py
[2025-11-02T12:43:17.031+0000] {processor.py:830} INFO - Processing file /opt/airflow/dags/dbt_local_dag.py for tasks to queue
[2025-11-02T12:43:17.034+0000] {logging_mixin.py:188} INFO - [2025-11-02T12:43:17.033+0000] {dagbag.py:538} INFO - Filling up the DagBag from /opt/airflow/dags/dbt_local_dag.py
[2025-11-02T12:43:17.078+0000] {processor.py:840} INFO - DAG(s) 'dag_dbt_pipeline' retrieved from /opt/airflow/dags/dbt_local_dag.py
[2025-11-02T12:43:17.136+0000] {logging_mixin.py:188} INFO - [2025-11-02T12:43:17.135+0000] {dag.py:3036} INFO - Sync 1 DAGs
[2025-11-02T12:43:17.198+0000] {logging_mixin.py:188} INFO - [2025-11-02T12:43:17.197+0000] {dag.py:3823} INFO - Setting next_dagrun for dag_dbt_pipeline to 2025-11-02 00:00:00+00:00, run_after=2025-11-03 00:00:00+00:00
[2025-11-02T12:43:17.250+0000] {processor.py:183} INFO - Processing /opt/airflow/dags/dbt_local_dag.py took 0.239 seconds
[2025-11-02T12:43:50.391+0000] {processor.py:161} INFO - Started process (PID=3138) to work on /opt/airflow/dags/dbt_local_dag.py
[2025-11-02T12:43:50.393+0000] {processor.py:830} INFO - Processing file /opt/airflow/dags/dbt_local_dag.py for tasks to queue
[2025-11-02T12:43:50.395+0000] {logging_mixin.py:188} INFO - [2025-11-02T12:43:50.395+0000] {dagbag.py:538} INFO - Filling up the DagBag from /opt/airflow/dags/dbt_local_dag.py
[2025-11-02T12:43:50.443+0000] {processor.py:840} INFO - DAG(s) 'dag_dbt_pipeline' retrieved from /opt/airflow/dags/dbt_local_dag.py
[2025-11-02T12:43:50.501+0000] {logging_mixin.py:188} INFO - [2025-11-02T12:43:50.501+0000] {dag.py:3036} INFO - Sync 1 DAGs
[2025-11-02T12:43:50.560+0000] {logging_mixin.py:188} INFO - [2025-11-02T12:43:50.560+0000] {dag.py:3823} INFO - Setting next_dagrun for dag_dbt_pipeline to 2025-11-02 00:00:00+00:00, run_after=2025-11-03 00:00:00+00:00
[2025-11-02T12:43:50.655+0000] {processor.py:183} INFO - Processing /opt/airflow/dags/dbt_local_dag.py took 0.273 seconds
[2025-11-02T12:44:23.812+0000] {processor.py:161} INFO - Started process (PID=3150) to work on /opt/airflow/dags/dbt_local_dag.py
[2025-11-02T12:44:23.814+0000] {processor.py:830} INFO - Processing file /opt/airflow/dags/dbt_local_dag.py for tasks to queue
[2025-11-02T12:44:23.817+0000] {logging_mixin.py:188} INFO - [2025-11-02T12:44:23.816+0000] {dagbag.py:538} INFO - Filling up the DagBag from /opt/airflow/dags/dbt_local_dag.py
[2025-11-02T12:44:23.862+0000] {processor.py:840} INFO - DAG(s) 'dag_dbt_pipeline' retrieved from /opt/airflow/dags/dbt_local_dag.py
[2025-11-02T12:44:23.916+0000] {logging_mixin.py:188} INFO - [2025-11-02T12:44:23.915+0000] {dag.py:3036} INFO - Sync 1 DAGs
[2025-11-02T12:44:23.984+0000] {logging_mixin.py:188} INFO - [2025-11-02T12:44:23.983+0000] {dag.py:3823} INFO - Setting next_dagrun for dag_dbt_pipeline to 2025-11-02 00:00:00+00:00, run_after=2025-11-03 00:00:00+00:00
[2025-11-02T12:44:24.045+0000] {processor.py:183} INFO - Processing /opt/airflow/dags/dbt_local_dag.py took 0.242 seconds
[2025-11-02T12:44:57.510+0000] {processor.py:161} INFO - Started process (PID=3162) to work on /opt/airflow/dags/dbt_local_dag.py
[2025-11-02T12:44:57.512+0000] {processor.py:830} INFO - Processing file /opt/airflow/dags/dbt_local_dag.py for tasks to queue
[2025-11-02T12:44:57.519+0000] {logging_mixin.py:188} INFO - [2025-11-02T12:44:57.518+0000] {dagbag.py:538} INFO - Filling up the DagBag from /opt/airflow/dags/dbt_local_dag.py
[2025-11-02T12:44:57.582+0000] {processor.py:840} INFO - DAG(s) 'dag_dbt_pipeline' retrieved from /opt/airflow/dags/dbt_local_dag.py
[2025-11-02T12:44:57.640+0000] {logging_mixin.py:188} INFO - [2025-11-02T12:44:57.639+0000] {dag.py:3036} INFO - Sync 1 DAGs
[2025-11-02T12:44:57.687+0000] {logging_mixin.py:188} INFO - [2025-11-02T12:44:57.686+0000] {dag.py:3823} INFO - Setting next_dagrun for dag_dbt_pipeline to 2025-11-02 00:00:00+00:00, run_after=2025-11-03 00:00:00+00:00
[2025-11-02T12:44:57.763+0000] {processor.py:183} INFO - Processing /opt/airflow/dags/dbt_local_dag.py took 0.261 seconds
[2025-11-02T12:45:31.254+0000] {processor.py:161} INFO - Started process (PID=3174) to work on /opt/airflow/dags/dbt_local_dag.py
[2025-11-02T12:45:31.258+0000] {processor.py:830} INFO - Processing file /opt/airflow/dags/dbt_local_dag.py for tasks to queue
[2025-11-02T12:45:31.261+0000] {logging_mixin.py:188} INFO - [2025-11-02T12:45:31.260+0000] {dagbag.py:538} INFO - Filling up the DagBag from /opt/airflow/dags/dbt_local_dag.py
[2025-11-02T12:45:31.370+0000] {processor.py:840} INFO - DAG(s) 'dag_dbt_pipeline' retrieved from /opt/airflow/dags/dbt_local_dag.py
[2025-11-02T12:45:31.462+0000] {logging_mixin.py:188} INFO - [2025-11-02T12:45:31.461+0000] {dag.py:3036} INFO - Sync 1 DAGs
[2025-11-02T12:45:31.502+0000] {logging_mixin.py:188} INFO - [2025-11-02T12:45:31.501+0000] {dag.py:3823} INFO - Setting next_dagrun for dag_dbt_pipeline to 2025-11-02 00:00:00+00:00, run_after=2025-11-03 00:00:00+00:00
[2025-11-02T12:45:31.563+0000] {processor.py:183} INFO - Processing /opt/airflow/dags/dbt_local_dag.py took 0.322 seconds
[2025-11-02T12:46:04.048+0000] {processor.py:161} INFO - Started process (PID=3186) to work on /opt/airflow/dags/dbt_local_dag.py
[2025-11-02T12:46:04.057+0000] {processor.py:830} INFO - Processing file /opt/airflow/dags/dbt_local_dag.py for tasks to queue
[2025-11-02T12:46:04.060+0000] {logging_mixin.py:188} INFO - [2025-11-02T12:46:04.059+0000] {dagbag.py:538} INFO - Filling up the DagBag from /opt/airflow/dags/dbt_local_dag.py
[2025-11-02T12:46:04.196+0000] {processor.py:840} INFO - DAG(s) 'dag_dbt_pipeline' retrieved from /opt/airflow/dags/dbt_local_dag.py
[2025-11-02T12:46:04.352+0000] {logging_mixin.py:188} INFO - [2025-11-02T12:46:04.352+0000] {dag.py:3036} INFO - Sync 1 DAGs
[2025-11-02T12:46:04.473+0000] {logging_mixin.py:188} INFO - [2025-11-02T12:46:04.472+0000] {dag.py:3823} INFO - Setting next_dagrun for dag_dbt_pipeline to 2025-11-02 00:00:00+00:00, run_after=2025-11-03 00:00:00+00:00
[2025-11-02T12:46:04.650+0000] {processor.py:183} INFO - Processing /opt/airflow/dags/dbt_local_dag.py took 0.611 seconds
[2025-11-02T12:46:37.319+0000] {processor.py:161} INFO - Started process (PID=3198) to work on /opt/airflow/dags/dbt_local_dag.py
[2025-11-02T12:46:37.324+0000] {processor.py:830} INFO - Processing file /opt/airflow/dags/dbt_local_dag.py for tasks to queue
[2025-11-02T12:46:37.344+0000] {logging_mixin.py:188} INFO - [2025-11-02T12:46:37.343+0000] {dagbag.py:538} INFO - Filling up the DagBag from /opt/airflow/dags/dbt_local_dag.py
[2025-11-02T12:46:37.499+0000] {processor.py:840} INFO - DAG(s) 'dag_dbt_pipeline' retrieved from /opt/airflow/dags/dbt_local_dag.py
[2025-11-02T12:46:37.569+0000] {logging_mixin.py:188} INFO - [2025-11-02T12:46:37.569+0000] {dag.py:3036} INFO - Sync 1 DAGs
[2025-11-02T12:46:37.676+0000] {logging_mixin.py:188} INFO - [2025-11-02T12:46:37.676+0000] {dag.py:3823} INFO - Setting next_dagrun for dag_dbt_pipeline to 2025-11-02 00:00:00+00:00, run_after=2025-11-03 00:00:00+00:00
[2025-11-02T12:46:37.845+0000] {processor.py:183} INFO - Processing /opt/airflow/dags/dbt_local_dag.py took 0.538 seconds
[2025-11-02T12:47:10.758+0000] {processor.py:161} INFO - Started process (PID=3210) to work on /opt/airflow/dags/dbt_local_dag.py
[2025-11-02T12:47:10.764+0000] {processor.py:830} INFO - Processing file /opt/airflow/dags/dbt_local_dag.py for tasks to queue
[2025-11-02T12:47:10.768+0000] {logging_mixin.py:188} INFO - [2025-11-02T12:47:10.767+0000] {dagbag.py:538} INFO - Filling up the DagBag from /opt/airflow/dags/dbt_local_dag.py
[2025-11-02T12:47:10.821+0000] {processor.py:840} INFO - DAG(s) 'dag_dbt_pipeline' retrieved from /opt/airflow/dags/dbt_local_dag.py
[2025-11-02T12:47:10.899+0000] {logging_mixin.py:188} INFO - [2025-11-02T12:47:10.899+0000] {dag.py:3036} INFO - Sync 1 DAGs
[2025-11-02T12:47:11.018+0000] {logging_mixin.py:188} INFO - [2025-11-02T12:47:11.017+0000] {dag.py:3823} INFO - Setting next_dagrun for dag_dbt_pipeline to 2025-11-02 00:00:00+00:00, run_after=2025-11-03 00:00:00+00:00
[2025-11-02T12:47:11.057+0000] {processor.py:183} INFO - Processing /opt/airflow/dags/dbt_local_dag.py took 0.308 seconds
[2025-11-02T12:47:41.173+0000] {processor.py:161} INFO - Started process (PID=3222) to work on /opt/airflow/dags/dbt_local_dag.py
[2025-11-02T12:47:41.184+0000] {processor.py:830} INFO - Processing file /opt/airflow/dags/dbt_local_dag.py for tasks to queue
[2025-11-02T12:47:41.186+0000] {logging_mixin.py:188} INFO - [2025-11-02T12:47:41.185+0000] {dagbag.py:538} INFO - Filling up the DagBag from /opt/airflow/dags/dbt_local_dag.py
[2025-11-02T12:47:41.235+0000] {processor.py:840} INFO - DAG(s) 'dag_dbt_pipeline' retrieved from /opt/airflow/dags/dbt_local_dag.py
[2025-11-02T12:47:41.297+0000] {logging_mixin.py:188} INFO - [2025-11-02T12:47:41.296+0000] {dag.py:3036} INFO - Sync 1 DAGs
[2025-11-02T12:47:41.334+0000] {logging_mixin.py:188} INFO - [2025-11-02T12:47:41.333+0000] {dag.py:3823} INFO - Setting next_dagrun for dag_dbt_pipeline to 2025-11-02 00:00:00+00:00, run_after=2025-11-03 00:00:00+00:00
[2025-11-02T12:47:41.366+0000] {processor.py:183} INFO - Processing /opt/airflow/dags/dbt_local_dag.py took 0.212 seconds
[2025-11-02T12:48:11.876+0000] {processor.py:161} INFO - Started process (PID=3228) to work on /opt/airflow/dags/dbt_local_dag.py
[2025-11-02T12:48:11.878+0000] {processor.py:830} INFO - Processing file /opt/airflow/dags/dbt_local_dag.py for tasks to queue
[2025-11-02T12:48:11.882+0000] {logging_mixin.py:188} INFO - [2025-11-02T12:48:11.880+0000] {dagbag.py:538} INFO - Filling up the DagBag from /opt/airflow/dags/dbt_local_dag.py
[2025-11-02T12:48:11.945+0000] {processor.py:840} INFO - DAG(s) 'dag_dbt_pipeline' retrieved from /opt/airflow/dags/dbt_local_dag.py
[2025-11-02T12:48:12.044+0000] {logging_mixin.py:188} INFO - [2025-11-02T12:48:12.041+0000] {dag.py:3036} INFO - Sync 1 DAGs
[2025-11-02T12:48:12.148+0000] {logging_mixin.py:188} INFO - [2025-11-02T12:48:12.148+0000] {dag.py:3823} INFO - Setting next_dagrun for dag_dbt_pipeline to 2025-11-02 00:00:00+00:00, run_after=2025-11-03 00:00:00+00:00
[2025-11-02T12:48:12.232+0000] {processor.py:183} INFO - Processing /opt/airflow/dags/dbt_local_dag.py took 0.365 seconds
[2025-11-02T12:48:42.861+0000] {processor.py:161} INFO - Started process (PID=3240) to work on /opt/airflow/dags/dbt_local_dag.py
[2025-11-02T12:48:42.863+0000] {processor.py:830} INFO - Processing file /opt/airflow/dags/dbt_local_dag.py for tasks to queue
[2025-11-02T12:48:42.865+0000] {logging_mixin.py:188} INFO - [2025-11-02T12:48:42.864+0000] {dagbag.py:538} INFO - Filling up the DagBag from /opt/airflow/dags/dbt_local_dag.py
[2025-11-02T12:48:42.912+0000] {processor.py:840} INFO - DAG(s) 'dag_dbt_pipeline' retrieved from /opt/airflow/dags/dbt_local_dag.py
[2025-11-02T12:48:42.995+0000] {logging_mixin.py:188} INFO - [2025-11-02T12:48:42.994+0000] {dag.py:3036} INFO - Sync 1 DAGs
[2025-11-02T12:48:43.056+0000] {logging_mixin.py:188} INFO - [2025-11-02T12:48:43.056+0000] {dag.py:3823} INFO - Setting next_dagrun for dag_dbt_pipeline to 2025-11-02 00:00:00+00:00, run_after=2025-11-03 00:00:00+00:00
[2025-11-02T12:48:43.421+0000] {processor.py:183} INFO - Processing /opt/airflow/dags/dbt_local_dag.py took 0.569 seconds
[2025-11-02T12:49:14.522+0000] {processor.py:161} INFO - Started process (PID=3252) to work on /opt/airflow/dags/dbt_local_dag.py
[2025-11-02T12:49:14.532+0000] {processor.py:830} INFO - Processing file /opt/airflow/dags/dbt_local_dag.py for tasks to queue
[2025-11-02T12:49:14.535+0000] {logging_mixin.py:188} INFO - [2025-11-02T12:49:14.534+0000] {dagbag.py:538} INFO - Filling up the DagBag from /opt/airflow/dags/dbt_local_dag.py
[2025-11-02T12:49:14.622+0000] {processor.py:840} INFO - DAG(s) 'dag_dbt_pipeline' retrieved from /opt/airflow/dags/dbt_local_dag.py
[2025-11-02T12:49:14.705+0000] {logging_mixin.py:188} INFO - [2025-11-02T12:49:14.704+0000] {dag.py:3036} INFO - Sync 1 DAGs
[2025-11-02T12:49:14.791+0000] {logging_mixin.py:188} INFO - [2025-11-02T12:49:14.791+0000] {dag.py:3823} INFO - Setting next_dagrun for dag_dbt_pipeline to 2025-11-02 00:00:00+00:00, run_after=2025-11-03 00:00:00+00:00
[2025-11-02T12:49:14.851+0000] {processor.py:183} INFO - Processing /opt/airflow/dags/dbt_local_dag.py took 0.346 seconds
[2025-11-02T12:49:45.290+0000] {processor.py:161} INFO - Started process (PID=3264) to work on /opt/airflow/dags/dbt_local_dag.py
[2025-11-02T12:49:45.293+0000] {processor.py:830} INFO - Processing file /opt/airflow/dags/dbt_local_dag.py for tasks to queue
[2025-11-02T12:49:45.299+0000] {logging_mixin.py:188} INFO - [2025-11-02T12:49:45.297+0000] {dagbag.py:538} INFO - Filling up the DagBag from /opt/airflow/dags/dbt_local_dag.py
[2025-11-02T12:49:45.344+0000] {processor.py:840} INFO - DAG(s) 'dag_dbt_pipeline' retrieved from /opt/airflow/dags/dbt_local_dag.py
[2025-11-02T12:49:45.405+0000] {logging_mixin.py:188} INFO - [2025-11-02T12:49:45.405+0000] {dag.py:3036} INFO - Sync 1 DAGs
[2025-11-02T12:49:45.466+0000] {logging_mixin.py:188} INFO - [2025-11-02T12:49:45.465+0000] {dag.py:3823} INFO - Setting next_dagrun for dag_dbt_pipeline to 2025-11-02 00:00:00+00:00, run_after=2025-11-03 00:00:00+00:00
[2025-11-02T12:49:45.540+0000] {processor.py:183} INFO - Processing /opt/airflow/dags/dbt_local_dag.py took 0.257 seconds
[2025-11-02T12:50:15.846+0000] {processor.py:161} INFO - Started process (PID=3276) to work on /opt/airflow/dags/dbt_local_dag.py
[2025-11-02T12:50:15.849+0000] {processor.py:830} INFO - Processing file /opt/airflow/dags/dbt_local_dag.py for tasks to queue
[2025-11-02T12:50:15.852+0000] {logging_mixin.py:188} INFO - [2025-11-02T12:50:15.851+0000] {dagbag.py:538} INFO - Filling up the DagBag from /opt/airflow/dags/dbt_local_dag.py
[2025-11-02T12:50:15.948+0000] {processor.py:840} INFO - DAG(s) 'dag_dbt_pipeline' retrieved from /opt/airflow/dags/dbt_local_dag.py
[2025-11-02T12:50:16.021+0000] {logging_mixin.py:188} INFO - [2025-11-02T12:50:16.021+0000] {dag.py:3036} INFO - Sync 1 DAGs
[2025-11-02T12:50:16.117+0000] {logging_mixin.py:188} INFO - [2025-11-02T12:50:16.116+0000] {dag.py:3823} INFO - Setting next_dagrun for dag_dbt_pipeline to 2025-11-02 00:00:00+00:00, run_after=2025-11-03 00:00:00+00:00
[2025-11-02T12:50:16.173+0000] {processor.py:183} INFO - Processing /opt/airflow/dags/dbt_local_dag.py took 0.338 seconds
[2025-11-02T12:50:47.118+0000] {processor.py:161} INFO - Started process (PID=3289) to work on /opt/airflow/dags/dbt_local_dag.py
[2025-11-02T12:50:47.137+0000] {processor.py:830} INFO - Processing file /opt/airflow/dags/dbt_local_dag.py for tasks to queue
[2025-11-02T12:50:47.139+0000] {logging_mixin.py:188} INFO - [2025-11-02T12:50:47.139+0000] {dagbag.py:538} INFO - Filling up the DagBag from /opt/airflow/dags/dbt_local_dag.py
[2025-11-02T12:50:47.262+0000] {processor.py:840} INFO - DAG(s) 'dag_dbt_pipeline' retrieved from /opt/airflow/dags/dbt_local_dag.py
[2025-11-02T12:50:47.468+0000] {logging_mixin.py:188} INFO - [2025-11-02T12:50:47.467+0000] {dag.py:3036} INFO - Sync 1 DAGs
[2025-11-02T12:50:47.604+0000] {logging_mixin.py:188} INFO - [2025-11-02T12:50:47.603+0000] {dag.py:3823} INFO - Setting next_dagrun for dag_dbt_pipeline to 2025-11-02 00:00:00+00:00, run_after=2025-11-03 00:00:00+00:00
[2025-11-02T12:50:47.775+0000] {processor.py:183} INFO - Processing /opt/airflow/dags/dbt_local_dag.py took 0.675 seconds
[2025-11-02T12:51:18.826+0000] {processor.py:161} INFO - Started process (PID=3301) to work on /opt/airflow/dags/dbt_local_dag.py
[2025-11-02T12:51:19.072+0000] {processor.py:830} INFO - Processing file /opt/airflow/dags/dbt_local_dag.py for tasks to queue
[2025-11-02T12:51:19.090+0000] {logging_mixin.py:188} INFO - [2025-11-02T12:51:19.089+0000] {dagbag.py:538} INFO - Filling up the DagBag from /opt/airflow/dags/dbt_local_dag.py
[2025-11-02T12:51:19.389+0000] {processor.py:840} INFO - DAG(s) 'dag_dbt_pipeline' retrieved from /opt/airflow/dags/dbt_local_dag.py
[2025-11-02T12:51:19.547+0000] {logging_mixin.py:188} INFO - [2025-11-02T12:51:19.537+0000] {dag.py:3036} INFO - Sync 1 DAGs
[2025-11-02T12:51:19.698+0000] {logging_mixin.py:188} INFO - [2025-11-02T12:51:19.698+0000] {dag.py:3823} INFO - Setting next_dagrun for dag_dbt_pipeline to 2025-11-02 00:00:00+00:00, run_after=2025-11-03 00:00:00+00:00
[2025-11-02T12:51:19.858+0000] {processor.py:183} INFO - Processing /opt/airflow/dags/dbt_local_dag.py took 1.048 seconds
[2025-11-02T12:51:50.034+0000] {processor.py:161} INFO - Started process (PID=3313) to work on /opt/airflow/dags/dbt_local_dag.py
[2025-11-02T12:51:50.037+0000] {processor.py:830} INFO - Processing file /opt/airflow/dags/dbt_local_dag.py for tasks to queue
[2025-11-02T12:51:50.039+0000] {logging_mixin.py:188} INFO - [2025-11-02T12:51:50.038+0000] {dagbag.py:538} INFO - Filling up the DagBag from /opt/airflow/dags/dbt_local_dag.py
[2025-11-02T12:51:50.076+0000] {processor.py:840} INFO - DAG(s) 'dag_dbt_pipeline' retrieved from /opt/airflow/dags/dbt_local_dag.py
[2025-11-02T12:51:50.169+0000] {logging_mixin.py:188} INFO - [2025-11-02T12:51:50.168+0000] {dag.py:3036} INFO - Sync 1 DAGs
[2025-11-02T12:51:50.238+0000] {logging_mixin.py:188} INFO - [2025-11-02T12:51:50.238+0000] {dag.py:3823} INFO - Setting next_dagrun for dag_dbt_pipeline to 2025-11-02 00:00:00+00:00, run_after=2025-11-03 00:00:00+00:00
[2025-11-02T12:51:50.310+0000] {processor.py:183} INFO - Processing /opt/airflow/dags/dbt_local_dag.py took 0.282 seconds
[2025-11-02T12:52:20.593+0000] {processor.py:161} INFO - Started process (PID=3325) to work on /opt/airflow/dags/dbt_local_dag.py
[2025-11-02T12:52:20.597+0000] {processor.py:830} INFO - Processing file /opt/airflow/dags/dbt_local_dag.py for tasks to queue
[2025-11-02T12:52:20.599+0000] {logging_mixin.py:188} INFO - [2025-11-02T12:52:20.598+0000] {dagbag.py:538} INFO - Filling up the DagBag from /opt/airflow/dags/dbt_local_dag.py
[2025-11-02T12:52:20.644+0000] {processor.py:840} INFO - DAG(s) 'dag_dbt_pipeline' retrieved from /opt/airflow/dags/dbt_local_dag.py
[2025-11-02T12:52:20.712+0000] {logging_mixin.py:188} INFO - [2025-11-02T12:52:20.711+0000] {dag.py:3036} INFO - Sync 1 DAGs
[2025-11-02T12:52:20.760+0000] {logging_mixin.py:188} INFO - [2025-11-02T12:52:20.760+0000] {dag.py:3823} INFO - Setting next_dagrun for dag_dbt_pipeline to 2025-11-02 00:00:00+00:00, run_after=2025-11-03 00:00:00+00:00
[2025-11-02T12:52:20.918+0000] {processor.py:183} INFO - Processing /opt/airflow/dags/dbt_local_dag.py took 0.336 seconds
[2025-11-02T12:52:51.393+0000] {processor.py:161} INFO - Started process (PID=3337) to work on /opt/airflow/dags/dbt_local_dag.py
[2025-11-02T12:52:51.397+0000] {processor.py:830} INFO - Processing file /opt/airflow/dags/dbt_local_dag.py for tasks to queue
[2025-11-02T12:52:51.400+0000] {logging_mixin.py:188} INFO - [2025-11-02T12:52:51.399+0000] {dagbag.py:538} INFO - Filling up the DagBag from /opt/airflow/dags/dbt_local_dag.py
[2025-11-02T12:52:51.470+0000] {processor.py:840} INFO - DAG(s) 'dag_dbt_pipeline' retrieved from /opt/airflow/dags/dbt_local_dag.py
[2025-11-02T12:52:51.580+0000] {logging_mixin.py:188} INFO - [2025-11-02T12:52:51.580+0000] {dag.py:3036} INFO - Sync 1 DAGs
[2025-11-02T12:52:51.652+0000] {logging_mixin.py:188} INFO - [2025-11-02T12:52:51.651+0000] {dag.py:3823} INFO - Setting next_dagrun for dag_dbt_pipeline to 2025-11-02 00:00:00+00:00, run_after=2025-11-03 00:00:00+00:00
[2025-11-02T12:52:51.732+0000] {processor.py:183} INFO - Processing /opt/airflow/dags/dbt_local_dag.py took 0.346 seconds
[2025-11-02T12:53:22.394+0000] {processor.py:161} INFO - Started process (PID=3349) to work on /opt/airflow/dags/dbt_local_dag.py
[2025-11-02T12:53:22.404+0000] {processor.py:830} INFO - Processing file /opt/airflow/dags/dbt_local_dag.py for tasks to queue
[2025-11-02T12:53:22.547+0000] {logging_mixin.py:188} INFO - [2025-11-02T12:53:22.547+0000] {dagbag.py:538} INFO - Filling up the DagBag from /opt/airflow/dags/dbt_local_dag.py
[2025-11-02T12:53:22.671+0000] {processor.py:840} INFO - DAG(s) 'dag_dbt_pipeline' retrieved from /opt/airflow/dags/dbt_local_dag.py
[2025-11-02T12:53:22.863+0000] {logging_mixin.py:188} INFO - [2025-11-02T12:53:22.853+0000] {dag.py:3036} INFO - Sync 1 DAGs
[2025-11-02T12:53:22.983+0000] {logging_mixin.py:188} INFO - [2025-11-02T12:53:22.982+0000] {dag.py:3823} INFO - Setting next_dagrun for dag_dbt_pipeline to 2025-11-02 00:00:00+00:00, run_after=2025-11-03 00:00:00+00:00
[2025-11-02T12:53:23.087+0000] {processor.py:183} INFO - Processing /opt/airflow/dags/dbt_local_dag.py took 0.711 seconds
[2025-11-02T12:53:53.436+0000] {processor.py:161} INFO - Started process (PID=3361) to work on /opt/airflow/dags/dbt_local_dag.py
[2025-11-02T12:53:53.440+0000] {processor.py:830} INFO - Processing file /opt/airflow/dags/dbt_local_dag.py for tasks to queue
[2025-11-02T12:53:53.443+0000] {logging_mixin.py:188} INFO - [2025-11-02T12:53:53.442+0000] {dagbag.py:538} INFO - Filling up the DagBag from /opt/airflow/dags/dbt_local_dag.py
[2025-11-02T12:53:53.548+0000] {processor.py:840} INFO - DAG(s) 'dag_dbt_pipeline' retrieved from /opt/airflow/dags/dbt_local_dag.py
[2025-11-02T12:53:53.637+0000] {logging_mixin.py:188} INFO - [2025-11-02T12:53:53.637+0000] {dag.py:3036} INFO - Sync 1 DAGs
[2025-11-02T12:53:53.682+0000] {logging_mixin.py:188} INFO - [2025-11-02T12:53:53.682+0000] {dag.py:3823} INFO - Setting next_dagrun for dag_dbt_pipeline to 2025-11-02 00:00:00+00:00, run_after=2025-11-03 00:00:00+00:00
[2025-11-02T12:53:53.734+0000] {processor.py:183} INFO - Processing /opt/airflow/dags/dbt_local_dag.py took 0.310 seconds
[2025-11-02T12:54:23.944+0000] {processor.py:161} INFO - Started process (PID=3365) to work on /opt/airflow/dags/dbt_local_dag.py
[2025-11-02T12:54:23.946+0000] {processor.py:830} INFO - Processing file /opt/airflow/dags/dbt_local_dag.py for tasks to queue
[2025-11-02T12:54:23.948+0000] {logging_mixin.py:188} INFO - [2025-11-02T12:54:23.947+0000] {dagbag.py:538} INFO - Filling up the DagBag from /opt/airflow/dags/dbt_local_dag.py
[2025-11-02T12:54:23.992+0000] {processor.py:840} INFO - DAG(s) 'dag_dbt_pipeline' retrieved from /opt/airflow/dags/dbt_local_dag.py
[2025-11-02T12:54:24.033+0000] {logging_mixin.py:188} INFO - [2025-11-02T12:54:24.033+0000] {dag.py:3036} INFO - Sync 1 DAGs
[2025-11-02T12:54:24.069+0000] {logging_mixin.py:188} INFO - [2025-11-02T12:54:24.069+0000] {dag.py:3823} INFO - Setting next_dagrun for dag_dbt_pipeline to 2025-11-02 00:00:00+00:00, run_after=2025-11-03 00:00:00+00:00
[2025-11-02T12:54:24.107+0000] {processor.py:183} INFO - Processing /opt/airflow/dags/dbt_local_dag.py took 0.169 seconds
[2025-11-02T12:54:57.192+0000] {processor.py:161} INFO - Started process (PID=3377) to work on /opt/airflow/dags/dbt_local_dag.py
[2025-11-02T12:54:57.194+0000] {processor.py:830} INFO - Processing file /opt/airflow/dags/dbt_local_dag.py for tasks to queue
[2025-11-02T12:54:57.196+0000] {logging_mixin.py:188} INFO - [2025-11-02T12:54:57.195+0000] {dagbag.py:538} INFO - Filling up the DagBag from /opt/airflow/dags/dbt_local_dag.py
[2025-11-02T12:54:57.231+0000] {processor.py:840} INFO - DAG(s) 'dag_dbt_pipeline' retrieved from /opt/airflow/dags/dbt_local_dag.py
[2025-11-02T12:54:57.287+0000] {logging_mixin.py:188} INFO - [2025-11-02T12:54:57.286+0000] {dag.py:3036} INFO - Sync 1 DAGs
[2025-11-02T12:54:57.322+0000] {logging_mixin.py:188} INFO - [2025-11-02T12:54:57.322+0000] {dag.py:3823} INFO - Setting next_dagrun for dag_dbt_pipeline to 2025-11-02 00:00:00+00:00, run_after=2025-11-03 00:00:00+00:00
[2025-11-02T12:54:57.369+0000] {processor.py:183} INFO - Processing /opt/airflow/dags/dbt_local_dag.py took 0.185 seconds
[2025-11-02T12:55:27.437+0000] {processor.py:161} INFO - Started process (PID=3395) to work on /opt/airflow/dags/dbt_local_dag.py
[2025-11-02T12:55:27.438+0000] {processor.py:830} INFO - Processing file /opt/airflow/dags/dbt_local_dag.py for tasks to queue
[2025-11-02T12:55:27.442+0000] {logging_mixin.py:188} INFO - [2025-11-02T12:55:27.441+0000] {dagbag.py:538} INFO - Filling up the DagBag from /opt/airflow/dags/dbt_local_dag.py
[2025-11-02T12:55:27.489+0000] {processor.py:840} INFO - DAG(s) 'dag_dbt_pipeline' retrieved from /opt/airflow/dags/dbt_local_dag.py
[2025-11-02T12:55:27.531+0000] {logging_mixin.py:188} INFO - [2025-11-02T12:55:27.531+0000] {dag.py:3036} INFO - Sync 1 DAGs
[2025-11-02T12:55:27.571+0000] {logging_mixin.py:188} INFO - [2025-11-02T12:55:27.571+0000] {dag.py:3823} INFO - Setting next_dagrun for dag_dbt_pipeline to 2025-11-02 00:00:00+00:00, run_after=2025-11-03 00:00:00+00:00
[2025-11-02T12:55:27.619+0000] {processor.py:183} INFO - Processing /opt/airflow/dags/dbt_local_dag.py took 0.188 seconds
[2025-11-02T12:55:57.947+0000] {processor.py:161} INFO - Started process (PID=3401) to work on /opt/airflow/dags/dbt_local_dag.py
[2025-11-02T12:55:57.949+0000] {processor.py:830} INFO - Processing file /opt/airflow/dags/dbt_local_dag.py for tasks to queue
[2025-11-02T12:55:57.952+0000] {logging_mixin.py:188} INFO - [2025-11-02T12:55:57.951+0000] {dagbag.py:538} INFO - Filling up the DagBag from /opt/airflow/dags/dbt_local_dag.py
[2025-11-02T12:55:57.993+0000] {processor.py:840} INFO - DAG(s) 'dag_dbt_pipeline' retrieved from /opt/airflow/dags/dbt_local_dag.py
[2025-11-02T12:55:58.045+0000] {logging_mixin.py:188} INFO - [2025-11-02T12:55:58.044+0000] {dag.py:3036} INFO - Sync 1 DAGs
[2025-11-02T12:55:58.082+0000] {logging_mixin.py:188} INFO - [2025-11-02T12:55:58.082+0000] {dag.py:3823} INFO - Setting next_dagrun for dag_dbt_pipeline to 2025-11-02 00:00:00+00:00, run_after=2025-11-03 00:00:00+00:00
[2025-11-02T12:55:58.131+0000] {processor.py:183} INFO - Processing /opt/airflow/dags/dbt_local_dag.py took 0.194 seconds
[2025-11-02T12:56:28.394+0000] {processor.py:161} INFO - Started process (PID=3413) to work on /opt/airflow/dags/dbt_local_dag.py
[2025-11-02T12:56:28.396+0000] {processor.py:830} INFO - Processing file /opt/airflow/dags/dbt_local_dag.py for tasks to queue
[2025-11-02T12:56:28.398+0000] {logging_mixin.py:188} INFO - [2025-11-02T12:56:28.398+0000] {dagbag.py:538} INFO - Filling up the DagBag from /opt/airflow/dags/dbt_local_dag.py
[2025-11-02T12:56:28.439+0000] {processor.py:840} INFO - DAG(s) 'dag_dbt_pipeline' retrieved from /opt/airflow/dags/dbt_local_dag.py
[2025-11-02T12:56:28.496+0000] {logging_mixin.py:188} INFO - [2025-11-02T12:56:28.495+0000] {dag.py:3036} INFO - Sync 1 DAGs
[2025-11-02T12:56:28.542+0000] {logging_mixin.py:188} INFO - [2025-11-02T12:56:28.542+0000] {dag.py:3823} INFO - Setting next_dagrun for dag_dbt_pipeline to 2025-11-02 00:00:00+00:00, run_after=2025-11-03 00:00:00+00:00
[2025-11-02T12:56:28.592+0000] {processor.py:183} INFO - Processing /opt/airflow/dags/dbt_local_dag.py took 0.207 seconds
[2025-11-02T12:56:58.810+0000] {processor.py:161} INFO - Started process (PID=3425) to work on /opt/airflow/dags/dbt_local_dag.py
[2025-11-02T12:56:58.813+0000] {processor.py:830} INFO - Processing file /opt/airflow/dags/dbt_local_dag.py for tasks to queue
[2025-11-02T12:56:58.818+0000] {logging_mixin.py:188} INFO - [2025-11-02T12:56:58.815+0000] {dagbag.py:538} INFO - Filling up the DagBag from /opt/airflow/dags/dbt_local_dag.py
[2025-11-02T12:56:58.885+0000] {processor.py:840} INFO - DAG(s) 'dag_dbt_pipeline' retrieved from /opt/airflow/dags/dbt_local_dag.py
[2025-11-02T12:56:58.948+0000] {logging_mixin.py:188} INFO - [2025-11-02T12:56:58.948+0000] {dag.py:3036} INFO - Sync 1 DAGs
[2025-11-02T12:56:58.996+0000] {logging_mixin.py:188} INFO - [2025-11-02T12:56:58.996+0000] {dag.py:3823} INFO - Setting next_dagrun for dag_dbt_pipeline to 2025-11-02 00:00:00+00:00, run_after=2025-11-03 00:00:00+00:00
[2025-11-02T12:56:59.036+0000] {processor.py:183} INFO - Processing /opt/airflow/dags/dbt_local_dag.py took 0.240 seconds
[2025-11-02T12:57:30.056+0000] {processor.py:161} INFO - Started process (PID=3437) to work on /opt/airflow/dags/dbt_local_dag.py
[2025-11-02T12:57:30.059+0000] {processor.py:830} INFO - Processing file /opt/airflow/dags/dbt_local_dag.py for tasks to queue
[2025-11-02T12:57:30.061+0000] {logging_mixin.py:188} INFO - [2025-11-02T12:57:30.060+0000] {dagbag.py:538} INFO - Filling up the DagBag from /opt/airflow/dags/dbt_local_dag.py
[2025-11-02T12:57:30.107+0000] {processor.py:840} INFO - DAG(s) 'dag_dbt_pipeline' retrieved from /opt/airflow/dags/dbt_local_dag.py
[2025-11-02T12:57:30.153+0000] {logging_mixin.py:188} INFO - [2025-11-02T12:57:30.153+0000] {dag.py:3036} INFO - Sync 1 DAGs
[2025-11-02T12:57:30.195+0000] {logging_mixin.py:188} INFO - [2025-11-02T12:57:30.195+0000] {dag.py:3823} INFO - Setting next_dagrun for dag_dbt_pipeline to 2025-11-02 00:00:00+00:00, run_after=2025-11-03 00:00:00+00:00
[2025-11-02T12:57:30.234+0000] {processor.py:183} INFO - Processing /opt/airflow/dags/dbt_local_dag.py took 0.188 seconds
[2025-11-02T12:58:00.404+0000] {processor.py:161} INFO - Started process (PID=3449) to work on /opt/airflow/dags/dbt_local_dag.py
[2025-11-02T12:58:00.406+0000] {processor.py:830} INFO - Processing file /opt/airflow/dags/dbt_local_dag.py for tasks to queue
[2025-11-02T12:58:00.408+0000] {logging_mixin.py:188} INFO - [2025-11-02T12:58:00.408+0000] {dagbag.py:538} INFO - Filling up the DagBag from /opt/airflow/dags/dbt_local_dag.py
[2025-11-02T12:58:00.449+0000] {processor.py:840} INFO - DAG(s) 'dag_dbt_pipeline' retrieved from /opt/airflow/dags/dbt_local_dag.py
[2025-11-02T12:58:00.493+0000] {logging_mixin.py:188} INFO - [2025-11-02T12:58:00.492+0000] {dag.py:3036} INFO - Sync 1 DAGs
[2025-11-02T12:58:00.545+0000] {logging_mixin.py:188} INFO - [2025-11-02T12:58:00.545+0000] {dag.py:3823} INFO - Setting next_dagrun for dag_dbt_pipeline to 2025-11-02 00:00:00+00:00, run_after=2025-11-03 00:00:00+00:00
[2025-11-02T12:58:00.583+0000] {processor.py:183} INFO - Processing /opt/airflow/dags/dbt_local_dag.py took 0.185 seconds
[2025-11-02T12:58:31.104+0000] {processor.py:161} INFO - Started process (PID=3461) to work on /opt/airflow/dags/dbt_local_dag.py
[2025-11-02T12:58:31.107+0000] {processor.py:830} INFO - Processing file /opt/airflow/dags/dbt_local_dag.py for tasks to queue
[2025-11-02T12:58:31.112+0000] {logging_mixin.py:188} INFO - [2025-11-02T12:58:31.110+0000] {dagbag.py:538} INFO - Filling up the DagBag from /opt/airflow/dags/dbt_local_dag.py
[2025-11-02T12:58:31.284+0000] {processor.py:840} INFO - DAG(s) 'dag_dbt_pipeline' retrieved from /opt/airflow/dags/dbt_local_dag.py
[2025-11-02T12:58:31.392+0000] {logging_mixin.py:188} INFO - [2025-11-02T12:58:31.391+0000] {dag.py:3036} INFO - Sync 1 DAGs
[2025-11-02T12:58:31.538+0000] {logging_mixin.py:188} INFO - [2025-11-02T12:58:31.538+0000] {dag.py:3823} INFO - Setting next_dagrun for dag_dbt_pipeline to 2025-11-02 00:00:00+00:00, run_after=2025-11-03 00:00:00+00:00
[2025-11-02T12:58:31.841+0000] {processor.py:183} INFO - Processing /opt/airflow/dags/dbt_local_dag.py took 0.747 seconds
[2025-11-02T12:59:02.506+0000] {processor.py:161} INFO - Started process (PID=3473) to work on /opt/airflow/dags/dbt_local_dag.py
[2025-11-02T12:59:02.604+0000] {processor.py:830} INFO - Processing file /opt/airflow/dags/dbt_local_dag.py for tasks to queue
[2025-11-02T12:59:02.607+0000] {logging_mixin.py:188} INFO - [2025-11-02T12:59:02.606+0000] {dagbag.py:538} INFO - Filling up the DagBag from /opt/airflow/dags/dbt_local_dag.py
[2025-11-02T12:59:02.997+0000] {processor.py:840} INFO - DAG(s) 'dag_dbt_pipeline' retrieved from /opt/airflow/dags/dbt_local_dag.py
[2025-11-02T12:59:03.112+0000] {logging_mixin.py:188} INFO - [2025-11-02T12:59:03.111+0000] {dag.py:3036} INFO - Sync 1 DAGs
[2025-11-02T12:59:03.200+0000] {logging_mixin.py:188} INFO - [2025-11-02T12:59:03.199+0000] {dag.py:3823} INFO - Setting next_dagrun for dag_dbt_pipeline to 2025-11-02 00:00:00+00:00, run_after=2025-11-03 00:00:00+00:00
[2025-11-02T12:59:03.295+0000] {processor.py:183} INFO - Processing /opt/airflow/dags/dbt_local_dag.py took 0.795 seconds
[2025-11-02T12:59:33.654+0000] {processor.py:161} INFO - Started process (PID=3485) to work on /opt/airflow/dags/dbt_local_dag.py
[2025-11-02T12:59:33.656+0000] {processor.py:830} INFO - Processing file /opt/airflow/dags/dbt_local_dag.py for tasks to queue
[2025-11-02T12:59:33.660+0000] {logging_mixin.py:188} INFO - [2025-11-02T12:59:33.659+0000] {dagbag.py:538} INFO - Filling up the DagBag from /opt/airflow/dags/dbt_local_dag.py
[2025-11-02T12:59:33.700+0000] {processor.py:840} INFO - DAG(s) 'dag_dbt_pipeline' retrieved from /opt/airflow/dags/dbt_local_dag.py
[2025-11-02T12:59:33.739+0000] {logging_mixin.py:188} INFO - [2025-11-02T12:59:33.738+0000] {dag.py:3036} INFO - Sync 1 DAGs
[2025-11-02T12:59:33.774+0000] {logging_mixin.py:188} INFO - [2025-11-02T12:59:33.773+0000] {dag.py:3823} INFO - Setting next_dagrun for dag_dbt_pipeline to 2025-11-02 00:00:00+00:00, run_after=2025-11-03 00:00:00+00:00
[2025-11-02T12:59:34.010+0000] {processor.py:183} INFO - Processing /opt/airflow/dags/dbt_local_dag.py took 0.361 seconds
[2025-11-02T13:00:04.921+0000] {processor.py:161} INFO - Started process (PID=3497) to work on /opt/airflow/dags/dbt_local_dag.py
[2025-11-02T13:00:04.923+0000] {processor.py:830} INFO - Processing file /opt/airflow/dags/dbt_local_dag.py for tasks to queue
[2025-11-02T13:00:04.925+0000] {logging_mixin.py:188} INFO - [2025-11-02T13:00:04.924+0000] {dagbag.py:538} INFO - Filling up the DagBag from /opt/airflow/dags/dbt_local_dag.py
[2025-11-02T13:00:05.012+0000] {processor.py:840} INFO - DAG(s) 'dag_dbt_pipeline' retrieved from /opt/airflow/dags/dbt_local_dag.py
[2025-11-02T13:00:05.113+0000] {logging_mixin.py:188} INFO - [2025-11-02T13:00:05.112+0000] {dag.py:3036} INFO - Sync 1 DAGs
[2025-11-02T13:00:05.259+0000] {logging_mixin.py:188} INFO - [2025-11-02T13:00:05.258+0000] {dag.py:3823} INFO - Setting next_dagrun for dag_dbt_pipeline to 2025-11-02 00:00:00+00:00, run_after=2025-11-03 00:00:00+00:00
[2025-11-02T13:00:05.359+0000] {processor.py:183} INFO - Processing /opt/airflow/dags/dbt_local_dag.py took 0.444 seconds
[2025-11-02T13:00:35.660+0000] {processor.py:161} INFO - Started process (PID=3509) to work on /opt/airflow/dags/dbt_local_dag.py
[2025-11-02T13:00:35.662+0000] {processor.py:830} INFO - Processing file /opt/airflow/dags/dbt_local_dag.py for tasks to queue
[2025-11-02T13:00:35.664+0000] {logging_mixin.py:188} INFO - [2025-11-02T13:00:35.663+0000] {dagbag.py:538} INFO - Filling up the DagBag from /opt/airflow/dags/dbt_local_dag.py
[2025-11-02T13:00:35.702+0000] {processor.py:840} INFO - DAG(s) 'dag_dbt_pipeline' retrieved from /opt/airflow/dags/dbt_local_dag.py
[2025-11-02T13:00:35.745+0000] {logging_mixin.py:188} INFO - [2025-11-02T13:00:35.744+0000] {dag.py:3036} INFO - Sync 1 DAGs
[2025-11-02T13:00:35.779+0000] {logging_mixin.py:188} INFO - [2025-11-02T13:00:35.778+0000] {dag.py:3823} INFO - Setting next_dagrun for dag_dbt_pipeline to 2025-11-02 00:00:00+00:00, run_after=2025-11-03 00:00:00+00:00
[2025-11-02T13:00:35.814+0000] {processor.py:183} INFO - Processing /opt/airflow/dags/dbt_local_dag.py took 0.158 seconds
[2025-11-02T13:01:06.661+0000] {processor.py:161} INFO - Started process (PID=3521) to work on /opt/airflow/dags/dbt_local_dag.py
[2025-11-02T13:01:06.666+0000] {processor.py:830} INFO - Processing file /opt/airflow/dags/dbt_local_dag.py for tasks to queue
[2025-11-02T13:01:06.667+0000] {logging_mixin.py:188} INFO - [2025-11-02T13:01:06.667+0000] {dagbag.py:538} INFO - Filling up the DagBag from /opt/airflow/dags/dbt_local_dag.py
[2025-11-02T13:01:06.742+0000] {processor.py:840} INFO - DAG(s) 'dag_dbt_pipeline' retrieved from /opt/airflow/dags/dbt_local_dag.py
[2025-11-02T13:01:06.823+0000] {logging_mixin.py:188} INFO - [2025-11-02T13:01:06.823+0000] {dag.py:3036} INFO - Sync 1 DAGs
[2025-11-02T13:01:06.877+0000] {logging_mixin.py:188} INFO - [2025-11-02T13:01:06.876+0000] {dag.py:3823} INFO - Setting next_dagrun for dag_dbt_pipeline to 2025-11-02 00:00:00+00:00, run_after=2025-11-03 00:00:00+00:00
[2025-11-02T13:01:06.915+0000] {processor.py:183} INFO - Processing /opt/airflow/dags/dbt_local_dag.py took 0.260 seconds
[2025-11-02T13:01:37.174+0000] {processor.py:161} INFO - Started process (PID=3527) to work on /opt/airflow/dags/dbt_local_dag.py
[2025-11-02T13:01:37.176+0000] {processor.py:830} INFO - Processing file /opt/airflow/dags/dbt_local_dag.py for tasks to queue
[2025-11-02T13:01:37.178+0000] {logging_mixin.py:188} INFO - [2025-11-02T13:01:37.177+0000] {dagbag.py:538} INFO - Filling up the DagBag from /opt/airflow/dags/dbt_local_dag.py
[2025-11-02T13:01:37.210+0000] {processor.py:840} INFO - DAG(s) 'dag_dbt_pipeline' retrieved from /opt/airflow/dags/dbt_local_dag.py
[2025-11-02T13:01:37.252+0000] {logging_mixin.py:188} INFO - [2025-11-02T13:01:37.252+0000] {dag.py:3036} INFO - Sync 1 DAGs
[2025-11-02T13:01:37.299+0000] {logging_mixin.py:188} INFO - [2025-11-02T13:01:37.299+0000] {dag.py:3823} INFO - Setting next_dagrun for dag_dbt_pipeline to 2025-11-02 00:00:00+00:00, run_after=2025-11-03 00:00:00+00:00
[2025-11-02T13:01:37.335+0000] {processor.py:183} INFO - Processing /opt/airflow/dags/dbt_local_dag.py took 0.167 seconds
[2025-11-02T13:02:10.567+0000] {processor.py:161} INFO - Started process (PID=3539) to work on /opt/airflow/dags/dbt_local_dag.py
[2025-11-02T13:02:10.578+0000] {processor.py:830} INFO - Processing file /opt/airflow/dags/dbt_local_dag.py for tasks to queue
[2025-11-02T13:02:10.581+0000] {logging_mixin.py:188} INFO - [2025-11-02T13:02:10.580+0000] {dagbag.py:538} INFO - Filling up the DagBag from /opt/airflow/dags/dbt_local_dag.py
[2025-11-02T13:02:10.637+0000] {processor.py:840} INFO - DAG(s) 'dag_dbt_pipeline' retrieved from /opt/airflow/dags/dbt_local_dag.py
[2025-11-02T13:02:10.694+0000] {logging_mixin.py:188} INFO - [2025-11-02T13:02:10.694+0000] {dag.py:3036} INFO - Sync 1 DAGs
[2025-11-02T13:02:10.741+0000] {logging_mixin.py:188} INFO - [2025-11-02T13:02:10.741+0000] {dag.py:3823} INFO - Setting next_dagrun for dag_dbt_pipeline to 2025-11-02 00:00:00+00:00, run_after=2025-11-03 00:00:00+00:00
[2025-11-02T13:02:10.786+0000] {processor.py:183} INFO - Processing /opt/airflow/dags/dbt_local_dag.py took 0.231 seconds
[2025-11-02T13:02:44.486+0000] {processor.py:161} INFO - Started process (PID=3551) to work on /opt/airflow/dags/dbt_local_dag.py
[2025-11-02T13:02:44.489+0000] {processor.py:830} INFO - Processing file /opt/airflow/dags/dbt_local_dag.py for tasks to queue
[2025-11-02T13:02:44.492+0000] {logging_mixin.py:188} INFO - [2025-11-02T13:02:44.491+0000] {dagbag.py:538} INFO - Filling up the DagBag from /opt/airflow/dags/dbt_local_dag.py
[2025-11-02T13:02:44.553+0000] {processor.py:840} INFO - DAG(s) 'dag_dbt_pipeline' retrieved from /opt/airflow/dags/dbt_local_dag.py
[2025-11-02T13:02:44.625+0000] {logging_mixin.py:188} INFO - [2025-11-02T13:02:44.625+0000] {dag.py:3036} INFO - Sync 1 DAGs
[2025-11-02T13:02:44.679+0000] {logging_mixin.py:188} INFO - [2025-11-02T13:02:44.679+0000] {dag.py:3823} INFO - Setting next_dagrun for dag_dbt_pipeline to 2025-11-02 00:00:00+00:00, run_after=2025-11-03 00:00:00+00:00
[2025-11-02T13:02:44.723+0000] {processor.py:183} INFO - Processing /opt/airflow/dags/dbt_local_dag.py took 0.248 seconds
[2025-11-02T13:03:17.772+0000] {processor.py:161} INFO - Started process (PID=3563) to work on /opt/airflow/dags/dbt_local_dag.py
[2025-11-02T13:03:17.775+0000] {processor.py:830} INFO - Processing file /opt/airflow/dags/dbt_local_dag.py for tasks to queue
[2025-11-02T13:03:17.777+0000] {logging_mixin.py:188} INFO - [2025-11-02T13:03:17.776+0000] {dagbag.py:538} INFO - Filling up the DagBag from /opt/airflow/dags/dbt_local_dag.py
[2025-11-02T13:03:17.822+0000] {processor.py:840} INFO - DAG(s) 'dag_dbt_pipeline' retrieved from /opt/airflow/dags/dbt_local_dag.py
[2025-11-02T13:03:17.872+0000] {logging_mixin.py:188} INFO - [2025-11-02T13:03:17.871+0000] {dag.py:3036} INFO - Sync 1 DAGs
[2025-11-02T13:03:17.920+0000] {logging_mixin.py:188} INFO - [2025-11-02T13:03:17.920+0000] {dag.py:3823} INFO - Setting next_dagrun for dag_dbt_pipeline to 2025-11-02 00:00:00+00:00, run_after=2025-11-03 00:00:00+00:00
[2025-11-02T13:03:17.969+0000] {processor.py:183} INFO - Processing /opt/airflow/dags/dbt_local_dag.py took 0.205 seconds
[2025-11-02T13:03:51.204+0000] {processor.py:161} INFO - Started process (PID=3575) to work on /opt/airflow/dags/dbt_local_dag.py
[2025-11-02T13:03:51.207+0000] {processor.py:830} INFO - Processing file /opt/airflow/dags/dbt_local_dag.py for tasks to queue
[2025-11-02T13:03:51.209+0000] {logging_mixin.py:188} INFO - [2025-11-02T13:03:51.208+0000] {dagbag.py:538} INFO - Filling up the DagBag from /opt/airflow/dags/dbt_local_dag.py
[2025-11-02T13:03:51.253+0000] {processor.py:840} INFO - DAG(s) 'dag_dbt_pipeline' retrieved from /opt/airflow/dags/dbt_local_dag.py
[2025-11-02T13:03:51.293+0000] {logging_mixin.py:188} INFO - [2025-11-02T13:03:51.293+0000] {dag.py:3036} INFO - Sync 1 DAGs
[2025-11-02T13:03:51.332+0000] {logging_mixin.py:188} INFO - [2025-11-02T13:03:51.332+0000] {dag.py:3823} INFO - Setting next_dagrun for dag_dbt_pipeline to 2025-11-02 00:00:00+00:00, run_after=2025-11-03 00:00:00+00:00
[2025-11-02T13:03:51.375+0000] {processor.py:183} INFO - Processing /opt/airflow/dags/dbt_local_dag.py took 0.179 seconds
[2025-11-02T13:04:24.356+0000] {processor.py:161} INFO - Started process (PID=3587) to work on /opt/airflow/dags/dbt_local_dag.py
[2025-11-02T13:04:24.359+0000] {processor.py:830} INFO - Processing file /opt/airflow/dags/dbt_local_dag.py for tasks to queue
[2025-11-02T13:04:24.368+0000] {logging_mixin.py:188} INFO - [2025-11-02T13:04:24.367+0000] {dagbag.py:538} INFO - Filling up the DagBag from /opt/airflow/dags/dbt_local_dag.py
[2025-11-02T13:04:24.445+0000] {processor.py:840} INFO - DAG(s) 'dag_dbt_pipeline' retrieved from /opt/airflow/dags/dbt_local_dag.py
[2025-11-02T13:04:24.504+0000] {logging_mixin.py:188} INFO - [2025-11-02T13:04:24.503+0000] {dag.py:3036} INFO - Sync 1 DAGs
[2025-11-02T13:04:24.549+0000] {logging_mixin.py:188} INFO - [2025-11-02T13:04:24.549+0000] {dag.py:3823} INFO - Setting next_dagrun for dag_dbt_pipeline to 2025-11-02 00:00:00+00:00, run_after=2025-11-03 00:00:00+00:00
[2025-11-02T13:04:24.598+0000] {processor.py:183} INFO - Processing /opt/airflow/dags/dbt_local_dag.py took 0.253 seconds
[2025-11-02T13:04:57.899+0000] {processor.py:161} INFO - Started process (PID=3599) to work on /opt/airflow/dags/dbt_local_dag.py
[2025-11-02T13:04:57.902+0000] {processor.py:830} INFO - Processing file /opt/airflow/dags/dbt_local_dag.py for tasks to queue
[2025-11-02T13:04:57.905+0000] {logging_mixin.py:188} INFO - [2025-11-02T13:04:57.904+0000] {dagbag.py:538} INFO - Filling up the DagBag from /opt/airflow/dags/dbt_local_dag.py
[2025-11-02T13:04:57.961+0000] {processor.py:840} INFO - DAG(s) 'dag_dbt_pipeline' retrieved from /opt/airflow/dags/dbt_local_dag.py
[2025-11-02T13:04:58.034+0000] {logging_mixin.py:188} INFO - [2025-11-02T13:04:58.034+0000] {dag.py:3036} INFO - Sync 1 DAGs
[2025-11-02T13:04:58.085+0000] {logging_mixin.py:188} INFO - [2025-11-02T13:04:58.085+0000] {dag.py:3823} INFO - Setting next_dagrun for dag_dbt_pipeline to 2025-11-02 00:00:00+00:00, run_after=2025-11-03 00:00:00+00:00
[2025-11-02T13:04:58.130+0000] {processor.py:183} INFO - Processing /opt/airflow/dags/dbt_local_dag.py took 0.243 seconds
[2025-11-02T13:05:30.582+0000] {processor.py:161} INFO - Started process (PID=3611) to work on /opt/airflow/dags/dbt_local_dag.py
[2025-11-02T13:05:30.584+0000] {processor.py:830} INFO - Processing file /opt/airflow/dags/dbt_local_dag.py for tasks to queue
[2025-11-02T13:05:30.587+0000] {logging_mixin.py:188} INFO - [2025-11-02T13:05:30.586+0000] {dagbag.py:538} INFO - Filling up the DagBag from /opt/airflow/dags/dbt_local_dag.py
[2025-11-02T13:05:30.628+0000] {processor.py:840} INFO - DAG(s) 'dag_dbt_pipeline' retrieved from /opt/airflow/dags/dbt_local_dag.py
[2025-11-02T13:05:30.671+0000] {logging_mixin.py:188} INFO - [2025-11-02T13:05:30.671+0000] {dag.py:3036} INFO - Sync 1 DAGs
[2025-11-02T13:05:30.710+0000] {logging_mixin.py:188} INFO - [2025-11-02T13:05:30.710+0000] {dag.py:3823} INFO - Setting next_dagrun for dag_dbt_pipeline to 2025-11-02 00:00:00+00:00, run_after=2025-11-03 00:00:00+00:00
[2025-11-02T13:05:30.744+0000] {processor.py:183} INFO - Processing /opt/airflow/dags/dbt_local_dag.py took 0.171 seconds
[2025-11-02T13:06:03.798+0000] {processor.py:161} INFO - Started process (PID=3623) to work on /opt/airflow/dags/dbt_local_dag.py
[2025-11-02T13:06:03.801+0000] {processor.py:830} INFO - Processing file /opt/airflow/dags/dbt_local_dag.py for tasks to queue
[2025-11-02T13:06:03.804+0000] {logging_mixin.py:188} INFO - [2025-11-02T13:06:03.803+0000] {dagbag.py:538} INFO - Filling up the DagBag from /opt/airflow/dags/dbt_local_dag.py
[2025-11-02T13:06:03.841+0000] {processor.py:840} INFO - DAG(s) 'dag_dbt_pipeline' retrieved from /opt/airflow/dags/dbt_local_dag.py
[2025-11-02T13:06:03.885+0000] {logging_mixin.py:188} INFO - [2025-11-02T13:06:03.885+0000] {dag.py:3036} INFO - Sync 1 DAGs
[2025-11-02T13:06:03.927+0000] {logging_mixin.py:188} INFO - [2025-11-02T13:06:03.927+0000] {dag.py:3823} INFO - Setting next_dagrun for dag_dbt_pipeline to 2025-11-02 00:00:00+00:00, run_after=2025-11-03 00:00:00+00:00
[2025-11-02T13:06:03.964+0000] {processor.py:183} INFO - Processing /opt/airflow/dags/dbt_local_dag.py took 0.173 seconds
[2025-11-02T13:06:37.322+0000] {processor.py:161} INFO - Started process (PID=3635) to work on /opt/airflow/dags/dbt_local_dag.py
[2025-11-02T13:06:37.328+0000] {processor.py:830} INFO - Processing file /opt/airflow/dags/dbt_local_dag.py for tasks to queue
[2025-11-02T13:06:37.330+0000] {logging_mixin.py:188} INFO - [2025-11-02T13:06:37.329+0000] {dagbag.py:538} INFO - Filling up the DagBag from /opt/airflow/dags/dbt_local_dag.py
[2025-11-02T13:06:37.372+0000] {processor.py:840} INFO - DAG(s) 'dag_dbt_pipeline' retrieved from /opt/airflow/dags/dbt_local_dag.py
[2025-11-02T13:06:37.450+0000] {logging_mixin.py:188} INFO - [2025-11-02T13:06:37.449+0000] {dag.py:3036} INFO - Sync 1 DAGs
[2025-11-02T13:06:37.524+0000] {logging_mixin.py:188} INFO - [2025-11-02T13:06:37.523+0000] {dag.py:3823} INFO - Setting next_dagrun for dag_dbt_pipeline to 2025-11-02 00:00:00+00:00, run_after=2025-11-03 00:00:00+00:00
[2025-11-02T13:06:37.584+0000] {processor.py:183} INFO - Processing /opt/airflow/dags/dbt_local_dag.py took 0.279 seconds
[2025-11-02T13:07:10.835+0000] {processor.py:161} INFO - Started process (PID=3647) to work on /opt/airflow/dags/dbt_local_dag.py
[2025-11-02T13:07:10.842+0000] {processor.py:830} INFO - Processing file /opt/airflow/dags/dbt_local_dag.py for tasks to queue
[2025-11-02T13:07:10.847+0000] {logging_mixin.py:188} INFO - [2025-11-02T13:07:10.844+0000] {dagbag.py:538} INFO - Filling up the DagBag from /opt/airflow/dags/dbt_local_dag.py
[2025-11-02T13:07:10.985+0000] {processor.py:840} INFO - DAG(s) 'dag_dbt_pipeline' retrieved from /opt/airflow/dags/dbt_local_dag.py
[2025-11-02T13:07:11.135+0000] {logging_mixin.py:188} INFO - [2025-11-02T13:07:11.134+0000] {dag.py:3036} INFO - Sync 1 DAGs
[2025-11-02T13:07:11.282+0000] {logging_mixin.py:188} INFO - [2025-11-02T13:07:11.281+0000] {dag.py:3823} INFO - Setting next_dagrun for dag_dbt_pipeline to 2025-11-02 00:00:00+00:00, run_after=2025-11-03 00:00:00+00:00
[2025-11-02T13:07:11.505+0000] {processor.py:183} INFO - Processing /opt/airflow/dags/dbt_local_dag.py took 0.694 seconds
[2025-11-02T13:07:44.684+0000] {processor.py:161} INFO - Started process (PID=3659) to work on /opt/airflow/dags/dbt_local_dag.py
[2025-11-02T13:07:44.693+0000] {processor.py:830} INFO - Processing file /opt/airflow/dags/dbt_local_dag.py for tasks to queue
[2025-11-02T13:07:44.699+0000] {logging_mixin.py:188} INFO - [2025-11-02T13:07:44.698+0000] {dagbag.py:538} INFO - Filling up the DagBag from /opt/airflow/dags/dbt_local_dag.py
[2025-11-02T13:07:45.536+0000] {processor.py:840} INFO - DAG(s) 'dag_dbt_pipeline' retrieved from /opt/airflow/dags/dbt_local_dag.py
[2025-11-02T13:07:45.740+0000] {logging_mixin.py:188} INFO - [2025-11-02T13:07:45.739+0000] {dag.py:3036} INFO - Sync 1 DAGs
[2025-11-02T13:07:45.968+0000] {logging_mixin.py:188} INFO - [2025-11-02T13:07:45.966+0000] {dag.py:3823} INFO - Setting next_dagrun for dag_dbt_pipeline to 2025-11-02 00:00:00+00:00, run_after=2025-11-03 00:00:00+00:00
[2025-11-02T13:07:46.136+0000] {processor.py:183} INFO - Processing /opt/airflow/dags/dbt_local_dag.py took 1.470 seconds
[2025-11-02T13:08:18.318+0000] {processor.py:161} INFO - Started process (PID=3671) to work on /opt/airflow/dags/dbt_local_dag.py
[2025-11-02T13:08:18.320+0000] {processor.py:830} INFO - Processing file /opt/airflow/dags/dbt_local_dag.py for tasks to queue
[2025-11-02T13:08:18.332+0000] {logging_mixin.py:188} INFO - [2025-11-02T13:08:18.331+0000] {dagbag.py:538} INFO - Filling up the DagBag from /opt/airflow/dags/dbt_local_dag.py
[2025-11-02T13:08:19.027+0000] {processor.py:840} INFO - DAG(s) 'dag_dbt_pipeline' retrieved from /opt/airflow/dags/dbt_local_dag.py
[2025-11-02T13:08:19.309+0000] {logging_mixin.py:188} INFO - [2025-11-02T13:08:19.309+0000] {dag.py:3036} INFO - Sync 1 DAGs
[2025-11-02T13:08:19.481+0000] {logging_mixin.py:188} INFO - [2025-11-02T13:08:19.470+0000] {dag.py:3823} INFO - Setting next_dagrun for dag_dbt_pipeline to 2025-11-02 00:00:00+00:00, run_after=2025-11-03 00:00:00+00:00
[2025-11-02T13:08:19.945+0000] {processor.py:183} INFO - Processing /opt/airflow/dags/dbt_local_dag.py took 1.653 seconds
[2025-11-02T13:08:51.871+0000] {processor.py:161} INFO - Started process (PID=3683) to work on /opt/airflow/dags/dbt_local_dag.py
[2025-11-02T13:08:51.890+0000] {processor.py:830} INFO - Processing file /opt/airflow/dags/dbt_local_dag.py for tasks to queue
[2025-11-02T13:08:51.894+0000] {logging_mixin.py:188} INFO - [2025-11-02T13:08:51.893+0000] {dagbag.py:538} INFO - Filling up the DagBag from /opt/airflow/dags/dbt_local_dag.py
[2025-11-02T13:08:52.167+0000] {processor.py:840} INFO - DAG(s) 'dag_dbt_pipeline' retrieved from /opt/airflow/dags/dbt_local_dag.py
[2025-11-02T13:08:52.291+0000] {logging_mixin.py:188} INFO - [2025-11-02T13:08:52.290+0000] {dag.py:3036} INFO - Sync 1 DAGs
[2025-11-02T13:08:52.487+0000] {logging_mixin.py:188} INFO - [2025-11-02T13:08:52.475+0000] {dag.py:3823} INFO - Setting next_dagrun for dag_dbt_pipeline to 2025-11-02 00:00:00+00:00, run_after=2025-11-03 00:00:00+00:00
[2025-11-02T13:08:52.629+0000] {processor.py:183} INFO - Processing /opt/airflow/dags/dbt_local_dag.py took 0.785 seconds
[2025-11-02T13:09:16.657+0000] {processor.py:161} INFO - Started process (PID=3695) to work on /opt/airflow/dags/dbt_local_dag.py
[2025-11-02T13:09:16.663+0000] {processor.py:830} INFO - Processing file /opt/airflow/dags/dbt_local_dag.py for tasks to queue
[2025-11-02T13:09:16.684+0000] {logging_mixin.py:188} INFO - [2025-11-02T13:09:16.683+0000] {dagbag.py:538} INFO - Filling up the DagBag from /opt/airflow/dags/dbt_local_dag.py
[2025-11-02T13:09:17.714+0000] {processor.py:840} INFO - DAG(s) 'dag_dbt_pipeline' retrieved from /opt/airflow/dags/dbt_local_dag.py
[2025-11-02T13:09:17.927+0000] {logging_mixin.py:188} INFO - [2025-11-02T13:09:17.926+0000] {dag.py:3036} INFO - Sync 1 DAGs
[2025-11-02T13:09:18.165+0000] {logging_mixin.py:188} INFO - [2025-11-02T13:09:18.165+0000] {dag.py:3823} INFO - Setting next_dagrun for dag_dbt_pipeline to 2025-11-02 00:00:00+00:00, run_after=2025-11-03 00:00:00+00:00
[2025-11-02T13:09:18.541+0000] {processor.py:183} INFO - Processing /opt/airflow/dags/dbt_local_dag.py took 1.921 seconds
[2025-11-02T13:09:39.452+0000] {processor.py:161} INFO - Started process (PID=3707) to work on /opt/airflow/dags/dbt_local_dag.py
[2025-11-02T13:09:39.488+0000] {processor.py:830} INFO - Processing file /opt/airflow/dags/dbt_local_dag.py for tasks to queue
[2025-11-02T13:09:39.506+0000] {logging_mixin.py:188} INFO - [2025-11-02T13:09:39.505+0000] {dagbag.py:538} INFO - Filling up the DagBag from /opt/airflow/dags/dbt_local_dag.py
[2025-11-02T13:09:39.853+0000] {processor.py:840} INFO - DAG(s) 'dag_dbt_pipeline' retrieved from /opt/airflow/dags/dbt_local_dag.py
[2025-11-02T13:09:40.006+0000] {logging_mixin.py:188} INFO - [2025-11-02T13:09:40.004+0000] {dag.py:3036} INFO - Sync 1 DAGs
[2025-11-02T13:09:40.355+0000] {logging_mixin.py:188} INFO - [2025-11-02T13:09:40.355+0000] {dag.py:3823} INFO - Setting next_dagrun for dag_dbt_pipeline to 2025-11-02 00:00:00+00:00, run_after=2025-11-03 00:00:00+00:00
[2025-11-02T13:09:40.823+0000] {processor.py:183} INFO - Processing /opt/airflow/dags/dbt_local_dag.py took 1.390 seconds
[2025-11-02T13:10:11.414+0000] {processor.py:161} INFO - Started process (PID=3719) to work on /opt/airflow/dags/dbt_local_dag.py
[2025-11-02T13:10:11.422+0000] {processor.py:830} INFO - Processing file /opt/airflow/dags/dbt_local_dag.py for tasks to queue
[2025-11-02T13:10:11.430+0000] {logging_mixin.py:188} INFO - [2025-11-02T13:10:11.429+0000] {dagbag.py:538} INFO - Filling up the DagBag from /opt/airflow/dags/dbt_local_dag.py
[2025-11-02T13:10:11.555+0000] {processor.py:840} INFO - DAG(s) 'dag_dbt_pipeline' retrieved from /opt/airflow/dags/dbt_local_dag.py
[2025-11-02T13:10:11.730+0000] {logging_mixin.py:188} INFO - [2025-11-02T13:10:11.720+0000] {dag.py:3036} INFO - Sync 1 DAGs
[2025-11-02T13:10:11.881+0000] {logging_mixin.py:188} INFO - [2025-11-02T13:10:11.881+0000] {dag.py:3823} INFO - Setting next_dagrun for dag_dbt_pipeline to 2025-11-02 00:00:00+00:00, run_after=2025-11-03 00:00:00+00:00
[2025-11-02T13:10:12.162+0000] {processor.py:183} INFO - Processing /opt/airflow/dags/dbt_local_dag.py took 0.778 seconds
[2025-11-02T13:10:42.866+0000] {processor.py:161} INFO - Started process (PID=3729) to work on /opt/airflow/dags/dbt_local_dag.py
[2025-11-02T13:10:42.872+0000] {processor.py:830} INFO - Processing file /opt/airflow/dags/dbt_local_dag.py for tasks to queue
[2025-11-02T13:10:42.875+0000] {logging_mixin.py:188} INFO - [2025-11-02T13:10:42.874+0000] {dagbag.py:538} INFO - Filling up the DagBag from /opt/airflow/dags/dbt_local_dag.py
[2025-11-02T13:10:42.922+0000] {processor.py:840} INFO - DAG(s) 'dag_dbt_pipeline' retrieved from /opt/airflow/dags/dbt_local_dag.py
[2025-11-02T13:10:43.088+0000] {logging_mixin.py:188} INFO - [2025-11-02T13:10:43.088+0000] {dag.py:3036} INFO - Sync 1 DAGs
[2025-11-02T13:10:43.159+0000] {logging_mixin.py:188} INFO - [2025-11-02T13:10:43.159+0000] {dag.py:3823} INFO - Setting next_dagrun for dag_dbt_pipeline to 2025-11-02 00:00:00+00:00, run_after=2025-11-03 00:00:00+00:00
[2025-11-02T13:10:43.293+0000] {processor.py:183} INFO - Processing /opt/airflow/dags/dbt_local_dag.py took 0.438 seconds
[2025-11-02T13:11:13.394+0000] {processor.py:161} INFO - Started process (PID=3741) to work on /opt/airflow/dags/dbt_local_dag.py
[2025-11-02T13:11:13.396+0000] {processor.py:830} INFO - Processing file /opt/airflow/dags/dbt_local_dag.py for tasks to queue
[2025-11-02T13:11:13.398+0000] {logging_mixin.py:188} INFO - [2025-11-02T13:11:13.397+0000] {dagbag.py:538} INFO - Filling up the DagBag from /opt/airflow/dags/dbt_local_dag.py
[2025-11-02T13:11:13.435+0000] {processor.py:840} INFO - DAG(s) 'dag_dbt_pipeline' retrieved from /opt/airflow/dags/dbt_local_dag.py
[2025-11-02T13:11:13.496+0000] {logging_mixin.py:188} INFO - [2025-11-02T13:11:13.496+0000] {dag.py:3036} INFO - Sync 1 DAGs
[2025-11-02T13:11:13.530+0000] {logging_mixin.py:188} INFO - [2025-11-02T13:11:13.529+0000] {dag.py:3823} INFO - Setting next_dagrun for dag_dbt_pipeline to 2025-11-02 00:00:00+00:00, run_after=2025-11-03 00:00:00+00:00
[2025-11-02T13:11:13.591+0000] {processor.py:183} INFO - Processing /opt/airflow/dags/dbt_local_dag.py took 0.203 seconds
[2025-11-02T13:11:44.421+0000] {processor.py:161} INFO - Started process (PID=3747) to work on /opt/airflow/dags/dbt_local_dag.py
[2025-11-02T13:11:44.431+0000] {processor.py:830} INFO - Processing file /opt/airflow/dags/dbt_local_dag.py for tasks to queue
[2025-11-02T13:11:44.435+0000] {logging_mixin.py:188} INFO - [2025-11-02T13:11:44.434+0000] {dagbag.py:538} INFO - Filling up the DagBag from /opt/airflow/dags/dbt_local_dag.py
[2025-11-02T13:11:44.580+0000] {processor.py:840} INFO - DAG(s) 'dag_dbt_pipeline' retrieved from /opt/airflow/dags/dbt_local_dag.py
[2025-11-02T13:11:44.659+0000] {logging_mixin.py:188} INFO - [2025-11-02T13:11:44.659+0000] {dag.py:3036} INFO - Sync 1 DAGs
[2025-11-02T13:11:44.720+0000] {logging_mixin.py:188} INFO - [2025-11-02T13:11:44.719+0000] {dag.py:3823} INFO - Setting next_dagrun for dag_dbt_pipeline to 2025-11-02 00:00:00+00:00, run_after=2025-11-03 00:00:00+00:00
[2025-11-02T13:11:44.772+0000] {processor.py:183} INFO - Processing /opt/airflow/dags/dbt_local_dag.py took 0.372 seconds
[2025-11-02T13:12:15.403+0000] {processor.py:161} INFO - Started process (PID=3759) to work on /opt/airflow/dags/dbt_local_dag.py
[2025-11-02T13:12:15.404+0000] {processor.py:830} INFO - Processing file /opt/airflow/dags/dbt_local_dag.py for tasks to queue
[2025-11-02T13:12:15.406+0000] {logging_mixin.py:188} INFO - [2025-11-02T13:12:15.405+0000] {dagbag.py:538} INFO - Filling up the DagBag from /opt/airflow/dags/dbt_local_dag.py
[2025-11-02T13:12:15.458+0000] {processor.py:840} INFO - DAG(s) 'dag_dbt_pipeline' retrieved from /opt/airflow/dags/dbt_local_dag.py
[2025-11-02T13:12:15.528+0000] {logging_mixin.py:188} INFO - [2025-11-02T13:12:15.527+0000] {dag.py:3036} INFO - Sync 1 DAGs
[2025-11-02T13:12:15.582+0000] {logging_mixin.py:188} INFO - [2025-11-02T13:12:15.581+0000] {dag.py:3823} INFO - Setting next_dagrun for dag_dbt_pipeline to 2025-11-02 00:00:00+00:00, run_after=2025-11-03 00:00:00+00:00
[2025-11-02T13:12:15.966+0000] {processor.py:183} INFO - Processing /opt/airflow/dags/dbt_local_dag.py took 0.570 seconds
[2025-11-02T13:12:46.269+0000] {processor.py:161} INFO - Started process (PID=3771) to work on /opt/airflow/dags/dbt_local_dag.py
[2025-11-02T13:12:46.271+0000] {processor.py:830} INFO - Processing file /opt/airflow/dags/dbt_local_dag.py for tasks to queue
[2025-11-02T13:12:46.273+0000] {logging_mixin.py:188} INFO - [2025-11-02T13:12:46.272+0000] {dagbag.py:538} INFO - Filling up the DagBag from /opt/airflow/dags/dbt_local_dag.py
[2025-11-02T13:12:46.382+0000] {processor.py:840} INFO - DAG(s) 'dag_dbt_pipeline' retrieved from /opt/airflow/dags/dbt_local_dag.py
[2025-11-02T13:12:46.419+0000] {logging_mixin.py:188} INFO - [2025-11-02T13:12:46.419+0000] {dag.py:3036} INFO - Sync 1 DAGs
[2025-11-02T13:12:46.458+0000] {logging_mixin.py:188} INFO - [2025-11-02T13:12:46.458+0000] {dag.py:3823} INFO - Setting next_dagrun for dag_dbt_pipeline to 2025-11-02 00:00:00+00:00, run_after=2025-11-03 00:00:00+00:00
[2025-11-02T13:12:46.553+0000] {processor.py:183} INFO - Processing /opt/airflow/dags/dbt_local_dag.py took 0.289 seconds
[2025-11-02T13:13:18.318+0000] {processor.py:161} INFO - Started process (PID=3780) to work on /opt/airflow/dags/dbt_local_dag.py
[2025-11-02T13:13:18.320+0000] {processor.py:830} INFO - Processing file /opt/airflow/dags/dbt_local_dag.py for tasks to queue
[2025-11-02T13:13:18.322+0000] {logging_mixin.py:188} INFO - [2025-11-02T13:13:18.322+0000] {dagbag.py:538} INFO - Filling up the DagBag from /opt/airflow/dags/dbt_local_dag.py
[2025-11-02T13:13:18.367+0000] {processor.py:840} INFO - DAG(s) 'dag_dbt_pipeline' retrieved from /opt/airflow/dags/dbt_local_dag.py
[2025-11-02T13:13:18.453+0000] {logging_mixin.py:188} INFO - [2025-11-02T13:13:18.453+0000] {dag.py:3036} INFO - Sync 1 DAGs
[2025-11-02T13:13:18.489+0000] {logging_mixin.py:188} INFO - [2025-11-02T13:13:18.489+0000] {dag.py:3823} INFO - Setting next_dagrun for dag_dbt_pipeline to 2025-11-02 00:00:00+00:00, run_after=2025-11-03 00:00:00+00:00
[2025-11-02T13:13:19.001+0000] {processor.py:183} INFO - Processing /opt/airflow/dags/dbt_local_dag.py took 0.686 seconds
[2025-11-02T13:13:51.776+0000] {processor.py:161} INFO - Started process (PID=3792) to work on /opt/airflow/dags/dbt_local_dag.py
[2025-11-02T13:13:51.779+0000] {processor.py:830} INFO - Processing file /opt/airflow/dags/dbt_local_dag.py for tasks to queue
[2025-11-02T13:13:51.781+0000] {logging_mixin.py:188} INFO - [2025-11-02T13:13:51.780+0000] {dagbag.py:538} INFO - Filling up the DagBag from /opt/airflow/dags/dbt_local_dag.py
[2025-11-02T13:13:51.825+0000] {processor.py:840} INFO - DAG(s) 'dag_dbt_pipeline' retrieved from /opt/airflow/dags/dbt_local_dag.py
[2025-11-02T13:13:51.885+0000] {logging_mixin.py:188} INFO - [2025-11-02T13:13:51.885+0000] {dag.py:3036} INFO - Sync 1 DAGs
[2025-11-02T13:13:51.961+0000] {logging_mixin.py:188} INFO - [2025-11-02T13:13:51.961+0000] {dag.py:3823} INFO - Setting next_dagrun for dag_dbt_pipeline to 2025-11-02 00:00:00+00:00, run_after=2025-11-03 00:00:00+00:00
[2025-11-02T13:13:52.039+0000] {processor.py:183} INFO - Processing /opt/airflow/dags/dbt_local_dag.py took 0.275 seconds
[2025-11-02T13:14:24.856+0000] {processor.py:161} INFO - Started process (PID=3804) to work on /opt/airflow/dags/dbt_local_dag.py
[2025-11-02T13:14:24.858+0000] {processor.py:830} INFO - Processing file /opt/airflow/dags/dbt_local_dag.py for tasks to queue
[2025-11-02T13:14:24.860+0000] {logging_mixin.py:188} INFO - [2025-11-02T13:14:24.859+0000] {dagbag.py:538} INFO - Filling up the DagBag from /opt/airflow/dags/dbt_local_dag.py
[2025-11-02T13:14:24.901+0000] {processor.py:840} INFO - DAG(s) 'dag_dbt_pipeline' retrieved from /opt/airflow/dags/dbt_local_dag.py
[2025-11-02T13:14:24.950+0000] {logging_mixin.py:188} INFO - [2025-11-02T13:14:24.950+0000] {dag.py:3036} INFO - Sync 1 DAGs
[2025-11-02T13:14:24.985+0000] {logging_mixin.py:188} INFO - [2025-11-02T13:14:24.984+0000] {dag.py:3823} INFO - Setting next_dagrun for dag_dbt_pipeline to 2025-11-02 00:00:00+00:00, run_after=2025-11-03 00:00:00+00:00
[2025-11-02T13:14:25.017+0000] {processor.py:183} INFO - Processing /opt/airflow/dags/dbt_local_dag.py took 0.168 seconds
[2025-11-02T13:14:58.314+0000] {processor.py:161} INFO - Started process (PID=3816) to work on /opt/airflow/dags/dbt_local_dag.py
[2025-11-02T13:14:58.317+0000] {processor.py:830} INFO - Processing file /opt/airflow/dags/dbt_local_dag.py for tasks to queue
[2025-11-02T13:14:58.319+0000] {logging_mixin.py:188} INFO - [2025-11-02T13:14:58.318+0000] {dagbag.py:538} INFO - Filling up the DagBag from /opt/airflow/dags/dbt_local_dag.py
[2025-11-02T13:14:58.361+0000] {processor.py:840} INFO - DAG(s) 'dag_dbt_pipeline' retrieved from /opt/airflow/dags/dbt_local_dag.py
[2025-11-02T13:14:58.410+0000] {logging_mixin.py:188} INFO - [2025-11-02T13:14:58.410+0000] {dag.py:3036} INFO - Sync 1 DAGs
[2025-11-02T13:14:58.453+0000] {logging_mixin.py:188} INFO - [2025-11-02T13:14:58.453+0000] {dag.py:3823} INFO - Setting next_dagrun for dag_dbt_pipeline to 2025-11-02 00:00:00+00:00, run_after=2025-11-03 00:00:00+00:00
[2025-11-02T13:14:58.492+0000] {processor.py:183} INFO - Processing /opt/airflow/dags/dbt_local_dag.py took 0.186 seconds
[2025-11-02T13:15:31.030+0000] {processor.py:161} INFO - Started process (PID=3829) to work on /opt/airflow/dags/dbt_local_dag.py
[2025-11-02T13:15:31.032+0000] {processor.py:830} INFO - Processing file /opt/airflow/dags/dbt_local_dag.py for tasks to queue
[2025-11-02T13:15:31.035+0000] {logging_mixin.py:188} INFO - [2025-11-02T13:15:31.034+0000] {dagbag.py:538} INFO - Filling up the DagBag from /opt/airflow/dags/dbt_local_dag.py
[2025-11-02T13:15:31.076+0000] {processor.py:840} INFO - DAG(s) 'dag_dbt_pipeline' retrieved from /opt/airflow/dags/dbt_local_dag.py
[2025-11-02T13:15:31.124+0000] {logging_mixin.py:188} INFO - [2025-11-02T13:15:31.124+0000] {dag.py:3036} INFO - Sync 1 DAGs
[2025-11-02T13:15:31.165+0000] {logging_mixin.py:188} INFO - [2025-11-02T13:15:31.164+0000] {dag.py:3823} INFO - Setting next_dagrun for dag_dbt_pipeline to 2025-11-02 00:00:00+00:00, run_after=2025-11-03 00:00:00+00:00
[2025-11-02T13:15:31.211+0000] {processor.py:183} INFO - Processing /opt/airflow/dags/dbt_local_dag.py took 0.188 seconds
[2025-11-02T13:16:04.666+0000] {processor.py:161} INFO - Started process (PID=3841) to work on /opt/airflow/dags/dbt_local_dag.py
[2025-11-02T13:16:04.668+0000] {processor.py:830} INFO - Processing file /opt/airflow/dags/dbt_local_dag.py for tasks to queue
[2025-11-02T13:16:04.671+0000] {logging_mixin.py:188} INFO - [2025-11-02T13:16:04.670+0000] {dagbag.py:538} INFO - Filling up the DagBag from /opt/airflow/dags/dbt_local_dag.py
[2025-11-02T13:16:04.715+0000] {processor.py:840} INFO - DAG(s) 'dag_dbt_pipeline' retrieved from /opt/airflow/dags/dbt_local_dag.py
[2025-11-02T13:16:04.759+0000] {logging_mixin.py:188} INFO - [2025-11-02T13:16:04.759+0000] {dag.py:3036} INFO - Sync 1 DAGs
[2025-11-02T13:16:04.799+0000] {logging_mixin.py:188} INFO - [2025-11-02T13:16:04.798+0000] {dag.py:3823} INFO - Setting next_dagrun for dag_dbt_pipeline to 2025-11-02 00:00:00+00:00, run_after=2025-11-03 00:00:00+00:00
[2025-11-02T13:16:04.836+0000] {processor.py:183} INFO - Processing /opt/airflow/dags/dbt_local_dag.py took 0.181 seconds
[2025-11-02T13:16:37.794+0000] {processor.py:161} INFO - Started process (PID=3853) to work on /opt/airflow/dags/dbt_local_dag.py
[2025-11-02T13:16:37.797+0000] {processor.py:830} INFO - Processing file /opt/airflow/dags/dbt_local_dag.py for tasks to queue
[2025-11-02T13:16:37.802+0000] {logging_mixin.py:188} INFO - [2025-11-02T13:16:37.801+0000] {dagbag.py:538} INFO - Filling up the DagBag from /opt/airflow/dags/dbt_local_dag.py
[2025-11-02T13:16:37.845+0000] {processor.py:840} INFO - DAG(s) 'dag_dbt_pipeline' retrieved from /opt/airflow/dags/dbt_local_dag.py
[2025-11-02T13:16:37.985+0000] {logging_mixin.py:188} INFO - [2025-11-02T13:16:37.985+0000] {dag.py:3036} INFO - Sync 1 DAGs
[2025-11-02T13:16:38.142+0000] {logging_mixin.py:188} INFO - [2025-11-02T13:16:38.141+0000] {dag.py:3823} INFO - Setting next_dagrun for dag_dbt_pipeline to 2025-11-02 00:00:00+00:00, run_after=2025-11-03 00:00:00+00:00
[2025-11-02T13:16:38.302+0000] {processor.py:183} INFO - Processing /opt/airflow/dags/dbt_local_dag.py took 0.516 seconds
[2025-11-02T13:17:11.554+0000] {processor.py:161} INFO - Started process (PID=3865) to work on /opt/airflow/dags/dbt_local_dag.py
[2025-11-02T13:17:11.556+0000] {processor.py:830} INFO - Processing file /opt/airflow/dags/dbt_local_dag.py for tasks to queue
[2025-11-02T13:17:11.558+0000] {logging_mixin.py:188} INFO - [2025-11-02T13:17:11.557+0000] {dagbag.py:538} INFO - Filling up the DagBag from /opt/airflow/dags/dbt_local_dag.py
[2025-11-02T13:17:11.620+0000] {processor.py:840} INFO - DAG(s) 'dag_dbt_pipeline' retrieved from /opt/airflow/dags/dbt_local_dag.py
[2025-11-02T13:17:11.691+0000] {logging_mixin.py:188} INFO - [2025-11-02T13:17:11.691+0000] {dag.py:3036} INFO - Sync 1 DAGs
[2025-11-02T13:17:11.734+0000] {logging_mixin.py:188} INFO - [2025-11-02T13:17:11.734+0000] {dag.py:3823} INFO - Setting next_dagrun for dag_dbt_pipeline to 2025-11-02 00:00:00+00:00, run_after=2025-11-03 00:00:00+00:00
[2025-11-02T13:17:11.782+0000] {processor.py:183} INFO - Processing /opt/airflow/dags/dbt_local_dag.py took 0.237 seconds
[2025-11-02T13:17:45.031+0000] {processor.py:161} INFO - Started process (PID=3877) to work on /opt/airflow/dags/dbt_local_dag.py
[2025-11-02T13:17:45.033+0000] {processor.py:830} INFO - Processing file /opt/airflow/dags/dbt_local_dag.py for tasks to queue
[2025-11-02T13:17:45.036+0000] {logging_mixin.py:188} INFO - [2025-11-02T13:17:45.035+0000] {dagbag.py:538} INFO - Filling up the DagBag from /opt/airflow/dags/dbt_local_dag.py
[2025-11-02T13:17:45.095+0000] {processor.py:840} INFO - DAG(s) 'dag_dbt_pipeline' retrieved from /opt/airflow/dags/dbt_local_dag.py
[2025-11-02T13:17:45.225+0000] {logging_mixin.py:188} INFO - [2025-11-02T13:17:45.225+0000] {dag.py:3036} INFO - Sync 1 DAGs
[2025-11-02T13:17:45.324+0000] {logging_mixin.py:188} INFO - [2025-11-02T13:17:45.324+0000] {dag.py:3823} INFO - Setting next_dagrun for dag_dbt_pipeline to 2025-11-02 00:00:00+00:00, run_after=2025-11-03 00:00:00+00:00
[2025-11-02T13:17:45.390+0000] {processor.py:183} INFO - Processing /opt/airflow/dags/dbt_local_dag.py took 0.366 seconds
[2025-11-02T13:18:17.789+0000] {processor.py:161} INFO - Started process (PID=3889) to work on /opt/airflow/dags/dbt_local_dag.py
[2025-11-02T13:18:17.791+0000] {processor.py:830} INFO - Processing file /opt/airflow/dags/dbt_local_dag.py for tasks to queue
[2025-11-02T13:18:17.794+0000] {logging_mixin.py:188} INFO - [2025-11-02T13:18:17.793+0000] {dagbag.py:538} INFO - Filling up the DagBag from /opt/airflow/dags/dbt_local_dag.py
[2025-11-02T13:18:17.835+0000] {processor.py:840} INFO - DAG(s) 'dag_dbt_pipeline' retrieved from /opt/airflow/dags/dbt_local_dag.py
[2025-11-02T13:18:17.891+0000] {logging_mixin.py:188} INFO - [2025-11-02T13:18:17.890+0000] {dag.py:3036} INFO - Sync 1 DAGs
[2025-11-02T13:18:18.011+0000] {logging_mixin.py:188} INFO - [2025-11-02T13:18:18.001+0000] {dag.py:3823} INFO - Setting next_dagrun for dag_dbt_pipeline to 2025-11-02 00:00:00+00:00, run_after=2025-11-03 00:00:00+00:00
[2025-11-02T13:18:18.073+0000] {processor.py:183} INFO - Processing /opt/airflow/dags/dbt_local_dag.py took 0.291 seconds
[2025-11-02T13:18:51.561+0000] {processor.py:161} INFO - Started process (PID=3901) to work on /opt/airflow/dags/dbt_local_dag.py
[2025-11-02T13:18:51.565+0000] {processor.py:830} INFO - Processing file /opt/airflow/dags/dbt_local_dag.py for tasks to queue
[2025-11-02T13:18:51.573+0000] {logging_mixin.py:188} INFO - [2025-11-02T13:18:51.568+0000] {dagbag.py:538} INFO - Filling up the DagBag from /opt/airflow/dags/dbt_local_dag.py
[2025-11-02T13:18:51.656+0000] {processor.py:840} INFO - DAG(s) 'dag_dbt_pipeline' retrieved from /opt/airflow/dags/dbt_local_dag.py
[2025-11-02T13:18:51.712+0000] {logging_mixin.py:188} INFO - [2025-11-02T13:18:51.711+0000] {dag.py:3036} INFO - Sync 1 DAGs
[2025-11-02T13:18:51.821+0000] {logging_mixin.py:188} INFO - [2025-11-02T13:18:51.821+0000] {dag.py:3823} INFO - Setting next_dagrun for dag_dbt_pipeline to 2025-11-02 00:00:00+00:00, run_after=2025-11-03 00:00:00+00:00
[2025-11-02T13:18:51.900+0000] {processor.py:183} INFO - Processing /opt/airflow/dags/dbt_local_dag.py took 0.351 seconds
[2025-11-02T13:19:24.893+0000] {processor.py:161} INFO - Started process (PID=3913) to work on /opt/airflow/dags/dbt_local_dag.py
[2025-11-02T13:19:24.929+0000] {processor.py:830} INFO - Processing file /opt/airflow/dags/dbt_local_dag.py for tasks to queue
[2025-11-02T13:19:24.976+0000] {logging_mixin.py:188} INFO - [2025-11-02T13:19:24.956+0000] {dagbag.py:538} INFO - Filling up the DagBag from /opt/airflow/dags/dbt_local_dag.py
[2025-11-02T13:19:25.241+0000] {processor.py:840} INFO - DAG(s) 'dag_dbt_pipeline' retrieved from /opt/airflow/dags/dbt_local_dag.py
[2025-11-02T13:19:25.972+0000] {logging_mixin.py:188} INFO - [2025-11-02T13:19:25.972+0000] {dag.py:3036} INFO - Sync 1 DAGs
[2025-11-02T13:19:26.171+0000] {logging_mixin.py:188} INFO - [2025-11-02T13:19:26.170+0000] {dag.py:3823} INFO - Setting next_dagrun for dag_dbt_pipeline to 2025-11-02 00:00:00+00:00, run_after=2025-11-03 00:00:00+00:00
[2025-11-02T13:19:26.228+0000] {processor.py:183} INFO - Processing /opt/airflow/dags/dbt_local_dag.py took 1.348 seconds
[2025-11-02T13:19:57.814+0000] {processor.py:161} INFO - Started process (PID=3925) to work on /opt/airflow/dags/dbt_local_dag.py
[2025-11-02T13:19:57.817+0000] {processor.py:830} INFO - Processing file /opt/airflow/dags/dbt_local_dag.py for tasks to queue
[2025-11-02T13:19:57.819+0000] {logging_mixin.py:188} INFO - [2025-11-02T13:19:57.818+0000] {dagbag.py:538} INFO - Filling up the DagBag from /opt/airflow/dags/dbt_local_dag.py
[2025-11-02T13:19:57.861+0000] {processor.py:840} INFO - DAG(s) 'dag_dbt_pipeline' retrieved from /opt/airflow/dags/dbt_local_dag.py
[2025-11-02T13:19:57.914+0000] {logging_mixin.py:188} INFO - [2025-11-02T13:19:57.913+0000] {dag.py:3036} INFO - Sync 1 DAGs
[2025-11-02T13:19:57.961+0000] {logging_mixin.py:188} INFO - [2025-11-02T13:19:57.960+0000] {dag.py:3823} INFO - Setting next_dagrun for dag_dbt_pipeline to 2025-11-02 00:00:00+00:00, run_after=2025-11-03 00:00:00+00:00
[2025-11-02T13:19:58.001+0000] {processor.py:183} INFO - Processing /opt/airflow/dags/dbt_local_dag.py took 0.194 seconds
[2025-11-02T13:20:31.400+0000] {processor.py:161} INFO - Started process (PID=3937) to work on /opt/airflow/dags/dbt_local_dag.py
[2025-11-02T13:20:31.402+0000] {processor.py:830} INFO - Processing file /opt/airflow/dags/dbt_local_dag.py for tasks to queue
[2025-11-02T13:20:31.405+0000] {logging_mixin.py:188} INFO - [2025-11-02T13:20:31.404+0000] {dagbag.py:538} INFO - Filling up the DagBag from /opt/airflow/dags/dbt_local_dag.py
[2025-11-02T13:20:31.462+0000] {processor.py:840} INFO - DAG(s) 'dag_dbt_pipeline' retrieved from /opt/airflow/dags/dbt_local_dag.py
[2025-11-02T13:20:31.513+0000] {logging_mixin.py:188} INFO - [2025-11-02T13:20:31.512+0000] {dag.py:3036} INFO - Sync 1 DAGs
[2025-11-02T13:20:31.553+0000] {logging_mixin.py:188} INFO - [2025-11-02T13:20:31.552+0000] {dag.py:3823} INFO - Setting next_dagrun for dag_dbt_pipeline to 2025-11-02 00:00:00+00:00, run_after=2025-11-03 00:00:00+00:00
[2025-11-02T13:20:31.590+0000] {processor.py:183} INFO - Processing /opt/airflow/dags/dbt_local_dag.py took 0.197 seconds
[2025-11-02T13:21:04.420+0000] {processor.py:161} INFO - Started process (PID=3949) to work on /opt/airflow/dags/dbt_local_dag.py
[2025-11-02T13:21:04.422+0000] {processor.py:830} INFO - Processing file /opt/airflow/dags/dbt_local_dag.py for tasks to queue
[2025-11-02T13:21:04.424+0000] {logging_mixin.py:188} INFO - [2025-11-02T13:21:04.423+0000] {dagbag.py:538} INFO - Filling up the DagBag from /opt/airflow/dags/dbt_local_dag.py
[2025-11-02T13:21:04.484+0000] {processor.py:840} INFO - DAG(s) 'dag_dbt_pipeline' retrieved from /opt/airflow/dags/dbt_local_dag.py
[2025-11-02T13:21:04.548+0000] {logging_mixin.py:188} INFO - [2025-11-02T13:21:04.547+0000] {dag.py:3036} INFO - Sync 1 DAGs
[2025-11-02T13:21:04.614+0000] {logging_mixin.py:188} INFO - [2025-11-02T13:21:04.613+0000] {dag.py:3823} INFO - Setting next_dagrun for dag_dbt_pipeline to 2025-11-02 00:00:00+00:00, run_after=2025-11-03 00:00:00+00:00
[2025-11-02T13:21:04.672+0000] {processor.py:183} INFO - Processing /opt/airflow/dags/dbt_local_dag.py took 0.260 seconds
[2025-11-02T13:21:38.205+0000] {processor.py:161} INFO - Started process (PID=3961) to work on /opt/airflow/dags/dbt_local_dag.py
[2025-11-02T13:21:38.207+0000] {processor.py:830} INFO - Processing file /opt/airflow/dags/dbt_local_dag.py for tasks to queue
[2025-11-02T13:21:38.209+0000] {logging_mixin.py:188} INFO - [2025-11-02T13:21:38.209+0000] {dagbag.py:538} INFO - Filling up the DagBag from /opt/airflow/dags/dbt_local_dag.py
[2025-11-02T13:21:38.257+0000] {processor.py:840} INFO - DAG(s) 'dag_dbt_pipeline' retrieved from /opt/airflow/dags/dbt_local_dag.py
[2025-11-02T13:21:38.302+0000] {logging_mixin.py:188} INFO - [2025-11-02T13:21:38.301+0000] {dag.py:3036} INFO - Sync 1 DAGs
[2025-11-02T13:21:38.340+0000] {logging_mixin.py:188} INFO - [2025-11-02T13:21:38.340+0000] {dag.py:3823} INFO - Setting next_dagrun for dag_dbt_pipeline to 2025-11-02 00:00:00+00:00, run_after=2025-11-03 00:00:00+00:00
[2025-11-02T13:21:38.375+0000] {processor.py:183} INFO - Processing /opt/airflow/dags/dbt_local_dag.py took 0.176 seconds
[2025-11-02T13:22:11.709+0000] {processor.py:161} INFO - Started process (PID=3973) to work on /opt/airflow/dags/dbt_local_dag.py
[2025-11-02T13:22:11.712+0000] {processor.py:830} INFO - Processing file /opt/airflow/dags/dbt_local_dag.py for tasks to queue
[2025-11-02T13:22:11.718+0000] {logging_mixin.py:188} INFO - [2025-11-02T13:22:11.717+0000] {dagbag.py:538} INFO - Filling up the DagBag from /opt/airflow/dags/dbt_local_dag.py
[2025-11-02T13:22:11.991+0000] {processor.py:840} INFO - DAG(s) 'dag_dbt_pipeline' retrieved from /opt/airflow/dags/dbt_local_dag.py
[2025-11-02T13:22:12.102+0000] {logging_mixin.py:188} INFO - [2025-11-02T13:22:12.102+0000] {dag.py:3036} INFO - Sync 1 DAGs
[2025-11-02T13:22:12.222+0000] {logging_mixin.py:188} INFO - [2025-11-02T13:22:12.221+0000] {dag.py:3823} INFO - Setting next_dagrun for dag_dbt_pipeline to 2025-11-02 00:00:00+00:00, run_after=2025-11-03 00:00:00+00:00
[2025-11-02T13:22:12.384+0000] {processor.py:183} INFO - Processing /opt/airflow/dags/dbt_local_dag.py took 0.687 seconds
[2025-11-02T13:22:44.569+0000] {processor.py:161} INFO - Started process (PID=3985) to work on /opt/airflow/dags/dbt_local_dag.py
[2025-11-02T13:22:44.572+0000] {processor.py:830} INFO - Processing file /opt/airflow/dags/dbt_local_dag.py for tasks to queue
[2025-11-02T13:22:44.574+0000] {logging_mixin.py:188} INFO - [2025-11-02T13:22:44.573+0000] {dagbag.py:538} INFO - Filling up the DagBag from /opt/airflow/dags/dbt_local_dag.py
[2025-11-02T13:22:44.625+0000] {processor.py:840} INFO - DAG(s) 'dag_dbt_pipeline' retrieved from /opt/airflow/dags/dbt_local_dag.py
[2025-11-02T13:22:44.679+0000] {logging_mixin.py:188} INFO - [2025-11-02T13:22:44.679+0000] {dag.py:3036} INFO - Sync 1 DAGs
[2025-11-02T13:22:44.722+0000] {logging_mixin.py:188} INFO - [2025-11-02T13:22:44.722+0000] {dag.py:3823} INFO - Setting next_dagrun for dag_dbt_pipeline to 2025-11-02 00:00:00+00:00, run_after=2025-11-03 00:00:00+00:00
[2025-11-02T13:22:44.760+0000] {processor.py:183} INFO - Processing /opt/airflow/dags/dbt_local_dag.py took 0.203 seconds
[2025-11-02T13:23:18.171+0000] {processor.py:161} INFO - Started process (PID=3997) to work on /opt/airflow/dags/dbt_local_dag.py
[2025-11-02T13:23:18.190+0000] {processor.py:830} INFO - Processing file /opt/airflow/dags/dbt_local_dag.py for tasks to queue
[2025-11-02T13:23:18.195+0000] {logging_mixin.py:188} INFO - [2025-11-02T13:23:18.192+0000] {dagbag.py:538} INFO - Filling up the DagBag from /opt/airflow/dags/dbt_local_dag.py
[2025-11-02T13:23:18.436+0000] {processor.py:840} INFO - DAG(s) 'dag_dbt_pipeline' retrieved from /opt/airflow/dags/dbt_local_dag.py
[2025-11-02T13:23:18.616+0000] {logging_mixin.py:188} INFO - [2025-11-02T13:23:18.616+0000] {dag.py:3036} INFO - Sync 1 DAGs
[2025-11-02T13:23:18.719+0000] {logging_mixin.py:188} INFO - [2025-11-02T13:23:18.719+0000] {dag.py:3823} INFO - Setting next_dagrun for dag_dbt_pipeline to 2025-11-02 00:00:00+00:00, run_after=2025-11-03 00:00:00+00:00
[2025-11-02T13:23:18.870+0000] {processor.py:183} INFO - Processing /opt/airflow/dags/dbt_local_dag.py took 0.719 seconds
[2025-11-02T13:23:51.574+0000] {processor.py:161} INFO - Started process (PID=4009) to work on /opt/airflow/dags/dbt_local_dag.py
[2025-11-02T13:23:51.585+0000] {processor.py:830} INFO - Processing file /opt/airflow/dags/dbt_local_dag.py for tasks to queue
[2025-11-02T13:23:51.590+0000] {logging_mixin.py:188} INFO - [2025-11-02T13:23:51.589+0000] {dagbag.py:538} INFO - Filling up the DagBag from /opt/airflow/dags/dbt_local_dag.py
[2025-11-02T13:23:51.636+0000] {processor.py:840} INFO - DAG(s) 'dag_dbt_pipeline' retrieved from /opt/airflow/dags/dbt_local_dag.py
[2025-11-02T13:23:51.710+0000] {logging_mixin.py:188} INFO - [2025-11-02T13:23:51.710+0000] {dag.py:3036} INFO - Sync 1 DAGs
[2025-11-02T13:23:51.796+0000] {logging_mixin.py:188} INFO - [2025-11-02T13:23:51.794+0000] {dag.py:3823} INFO - Setting next_dagrun for dag_dbt_pipeline to 2025-11-02 00:00:00+00:00, run_after=2025-11-03 00:00:00+00:00
[2025-11-02T13:23:51.998+0000] {processor.py:183} INFO - Processing /opt/airflow/dags/dbt_local_dag.py took 0.431 seconds
[2025-11-02T13:24:22.389+0000] {processor.py:161} INFO - Started process (PID=4021) to work on /opt/airflow/dags/dbt_local_dag.py
[2025-11-02T13:24:22.392+0000] {processor.py:830} INFO - Processing file /opt/airflow/dags/dbt_local_dag.py for tasks to queue
[2025-11-02T13:24:22.400+0000] {logging_mixin.py:188} INFO - [2025-11-02T13:24:22.399+0000] {dagbag.py:538} INFO - Filling up the DagBag from /opt/airflow/dags/dbt_local_dag.py
[2025-11-02T13:24:22.451+0000] {processor.py:840} INFO - DAG(s) 'dag_dbt_pipeline' retrieved from /opt/airflow/dags/dbt_local_dag.py
[2025-11-02T13:24:22.503+0000] {logging_mixin.py:188} INFO - [2025-11-02T13:24:22.503+0000] {dag.py:3036} INFO - Sync 1 DAGs
[2025-11-02T13:24:22.561+0000] {logging_mixin.py:188} INFO - [2025-11-02T13:24:22.561+0000] {dag.py:3823} INFO - Setting next_dagrun for dag_dbt_pipeline to 2025-11-02 00:00:00+00:00, run_after=2025-11-03 00:00:00+00:00
[2025-11-02T13:24:22.602+0000] {processor.py:183} INFO - Processing /opt/airflow/dags/dbt_local_dag.py took 0.222 seconds
[2025-11-02T13:24:53.307+0000] {processor.py:161} INFO - Started process (PID=4033) to work on /opt/airflow/dags/dbt_local_dag.py
[2025-11-02T13:24:53.327+0000] {processor.py:830} INFO - Processing file /opt/airflow/dags/dbt_local_dag.py for tasks to queue
[2025-11-02T13:24:53.330+0000] {logging_mixin.py:188} INFO - [2025-11-02T13:24:53.329+0000] {dagbag.py:538} INFO - Filling up the DagBag from /opt/airflow/dags/dbt_local_dag.py
[2025-11-02T13:24:53.491+0000] {processor.py:840} INFO - DAG(s) 'dag_dbt_pipeline' retrieved from /opt/airflow/dags/dbt_local_dag.py
[2025-11-02T13:24:53.659+0000] {logging_mixin.py:188} INFO - [2025-11-02T13:24:53.658+0000] {dag.py:3036} INFO - Sync 1 DAGs
[2025-11-02T13:24:53.838+0000] {logging_mixin.py:188} INFO - [2025-11-02T13:24:53.837+0000] {dag.py:3823} INFO - Setting next_dagrun for dag_dbt_pipeline to 2025-11-02 00:00:00+00:00, run_after=2025-11-03 00:00:00+00:00
[2025-11-02T13:24:53.984+0000] {processor.py:183} INFO - Processing /opt/airflow/dags/dbt_local_dag.py took 0.704 seconds
[2025-11-02T13:25:24.172+0000] {processor.py:161} INFO - Started process (PID=4045) to work on /opt/airflow/dags/dbt_local_dag.py
[2025-11-02T13:25:24.174+0000] {processor.py:830} INFO - Processing file /opt/airflow/dags/dbt_local_dag.py for tasks to queue
[2025-11-02T13:25:24.177+0000] {logging_mixin.py:188} INFO - [2025-11-02T13:25:24.176+0000] {dagbag.py:538} INFO - Filling up the DagBag from /opt/airflow/dags/dbt_local_dag.py
[2025-11-02T13:25:24.272+0000] {processor.py:840} INFO - DAG(s) 'dag_dbt_pipeline' retrieved from /opt/airflow/dags/dbt_local_dag.py
[2025-11-02T13:25:24.430+0000] {logging_mixin.py:188} INFO - [2025-11-02T13:25:24.428+0000] {dag.py:3036} INFO - Sync 1 DAGs
[2025-11-02T13:25:24.595+0000] {logging_mixin.py:188} INFO - [2025-11-02T13:25:24.592+0000] {dag.py:3823} INFO - Setting next_dagrun for dag_dbt_pipeline to 2025-11-02 00:00:00+00:00, run_after=2025-11-03 00:00:00+00:00
[2025-11-02T13:25:24.698+0000] {processor.py:183} INFO - Processing /opt/airflow/dags/dbt_local_dag.py took 0.536 seconds
[2025-11-02T13:25:54.796+0000] {processor.py:161} INFO - Started process (PID=4057) to work on /opt/airflow/dags/dbt_local_dag.py
[2025-11-02T13:25:54.798+0000] {processor.py:830} INFO - Processing file /opt/airflow/dags/dbt_local_dag.py for tasks to queue
[2025-11-02T13:25:54.800+0000] {logging_mixin.py:188} INFO - [2025-11-02T13:25:54.800+0000] {dagbag.py:538} INFO - Filling up the DagBag from /opt/airflow/dags/dbt_local_dag.py
[2025-11-02T13:25:54.834+0000] {processor.py:840} INFO - DAG(s) 'dag_dbt_pipeline' retrieved from /opt/airflow/dags/dbt_local_dag.py
[2025-11-02T13:25:54.884+0000] {logging_mixin.py:188} INFO - [2025-11-02T13:25:54.883+0000] {dag.py:3036} INFO - Sync 1 DAGs
[2025-11-02T13:25:54.924+0000] {logging_mixin.py:188} INFO - [2025-11-02T13:25:54.923+0000] {dag.py:3823} INFO - Setting next_dagrun for dag_dbt_pipeline to 2025-11-02 00:00:00+00:00, run_after=2025-11-03 00:00:00+00:00
[2025-11-02T13:25:55.003+0000] {processor.py:183} INFO - Processing /opt/airflow/dags/dbt_local_dag.py took 0.215 seconds
[2025-11-02T13:26:25.877+0000] {processor.py:161} INFO - Started process (PID=4069) to work on /opt/airflow/dags/dbt_local_dag.py
[2025-11-02T13:26:25.879+0000] {processor.py:830} INFO - Processing file /opt/airflow/dags/dbt_local_dag.py for tasks to queue
[2025-11-02T13:26:25.881+0000] {logging_mixin.py:188} INFO - [2025-11-02T13:26:25.880+0000] {dagbag.py:538} INFO - Filling up the DagBag from /opt/airflow/dags/dbt_local_dag.py
[2025-11-02T13:26:25.920+0000] {processor.py:840} INFO - DAG(s) 'dag_dbt_pipeline' retrieved from /opt/airflow/dags/dbt_local_dag.py
[2025-11-02T13:26:25.963+0000] {logging_mixin.py:188} INFO - [2025-11-02T13:26:25.963+0000] {dag.py:3036} INFO - Sync 1 DAGs
[2025-11-02T13:26:26.001+0000] {logging_mixin.py:188} INFO - [2025-11-02T13:26:26.001+0000] {dag.py:3823} INFO - Setting next_dagrun for dag_dbt_pipeline to 2025-11-02 00:00:00+00:00, run_after=2025-11-03 00:00:00+00:00
[2025-11-02T13:26:26.112+0000] {processor.py:183} INFO - Processing /opt/airflow/dags/dbt_local_dag.py took 0.241 seconds
[2025-11-02T13:26:56.567+0000] {processor.py:161} INFO - Started process (PID=4081) to work on /opt/airflow/dags/dbt_local_dag.py
[2025-11-02T13:26:56.570+0000] {processor.py:830} INFO - Processing file /opt/airflow/dags/dbt_local_dag.py for tasks to queue
[2025-11-02T13:26:56.572+0000] {logging_mixin.py:188} INFO - [2025-11-02T13:26:56.571+0000] {dagbag.py:538} INFO - Filling up the DagBag from /opt/airflow/dags/dbt_local_dag.py
[2025-11-02T13:26:56.612+0000] {processor.py:840} INFO - DAG(s) 'dag_dbt_pipeline' retrieved from /opt/airflow/dags/dbt_local_dag.py
[2025-11-02T13:26:56.667+0000] {logging_mixin.py:188} INFO - [2025-11-02T13:26:56.667+0000] {dag.py:3036} INFO - Sync 1 DAGs
[2025-11-02T13:26:56.713+0000] {logging_mixin.py:188} INFO - [2025-11-02T13:26:56.713+0000] {dag.py:3823} INFO - Setting next_dagrun for dag_dbt_pipeline to 2025-11-02 00:00:00+00:00, run_after=2025-11-03 00:00:00+00:00
[2025-11-02T13:26:56.770+0000] {processor.py:183} INFO - Processing /opt/airflow/dags/dbt_local_dag.py took 0.212 seconds
[2025-11-02T13:27:27.269+0000] {processor.py:161} INFO - Started process (PID=4093) to work on /opt/airflow/dags/dbt_local_dag.py
[2025-11-02T13:27:27.282+0000] {processor.py:830} INFO - Processing file /opt/airflow/dags/dbt_local_dag.py for tasks to queue
[2025-11-02T13:27:27.284+0000] {logging_mixin.py:188} INFO - [2025-11-02T13:27:27.283+0000] {dagbag.py:538} INFO - Filling up the DagBag from /opt/airflow/dags/dbt_local_dag.py
[2025-11-02T13:27:27.366+0000] {processor.py:840} INFO - DAG(s) 'dag_dbt_pipeline' retrieved from /opt/airflow/dags/dbt_local_dag.py
[2025-11-02T13:27:27.538+0000] {logging_mixin.py:188} INFO - [2025-11-02T13:27:27.536+0000] {dag.py:3036} INFO - Sync 1 DAGs
[2025-11-02T13:27:27.695+0000] {logging_mixin.py:188} INFO - [2025-11-02T13:27:27.694+0000] {dag.py:3823} INFO - Setting next_dagrun for dag_dbt_pipeline to 2025-11-02 00:00:00+00:00, run_after=2025-11-03 00:00:00+00:00
[2025-11-02T13:27:27.925+0000] {processor.py:183} INFO - Processing /opt/airflow/dags/dbt_local_dag.py took 0.671 seconds
[2025-11-02T13:27:58.232+0000] {processor.py:161} INFO - Started process (PID=4105) to work on /opt/airflow/dags/dbt_local_dag.py
[2025-11-02T13:27:58.237+0000] {processor.py:830} INFO - Processing file /opt/airflow/dags/dbt_local_dag.py for tasks to queue
[2025-11-02T13:27:58.239+0000] {logging_mixin.py:188} INFO - [2025-11-02T13:27:58.238+0000] {dagbag.py:538} INFO - Filling up the DagBag from /opt/airflow/dags/dbt_local_dag.py
[2025-11-02T13:27:58.290+0000] {processor.py:840} INFO - DAG(s) 'dag_dbt_pipeline' retrieved from /opt/airflow/dags/dbt_local_dag.py
[2025-11-02T13:27:58.374+0000] {logging_mixin.py:188} INFO - [2025-11-02T13:27:58.373+0000] {dag.py:3036} INFO - Sync 1 DAGs
[2025-11-02T13:27:58.475+0000] {logging_mixin.py:188} INFO - [2025-11-02T13:27:58.474+0000] {dag.py:3823} INFO - Setting next_dagrun for dag_dbt_pipeline to 2025-11-02 00:00:00+00:00, run_after=2025-11-03 00:00:00+00:00
[2025-11-02T13:27:58.552+0000] {processor.py:183} INFO - Processing /opt/airflow/dags/dbt_local_dag.py took 0.331 seconds
[2025-11-02T13:28:28.925+0000] {processor.py:161} INFO - Started process (PID=4111) to work on /opt/airflow/dags/dbt_local_dag.py
[2025-11-02T13:28:28.929+0000] {processor.py:830} INFO - Processing file /opt/airflow/dags/dbt_local_dag.py for tasks to queue
[2025-11-02T13:28:28.939+0000] {logging_mixin.py:188} INFO - [2025-11-02T13:28:28.938+0000] {dagbag.py:538} INFO - Filling up the DagBag from /opt/airflow/dags/dbt_local_dag.py
[2025-11-02T13:28:29.015+0000] {processor.py:840} INFO - DAG(s) 'dag_dbt_pipeline' retrieved from /opt/airflow/dags/dbt_local_dag.py
[2025-11-02T13:28:29.134+0000] {logging_mixin.py:188} INFO - [2025-11-02T13:28:29.133+0000] {dag.py:3036} INFO - Sync 1 DAGs
[2025-11-02T13:28:29.255+0000] {logging_mixin.py:188} INFO - [2025-11-02T13:28:29.245+0000] {dag.py:3823} INFO - Setting next_dagrun for dag_dbt_pipeline to 2025-11-02 00:00:00+00:00, run_after=2025-11-03 00:00:00+00:00
[2025-11-02T13:28:29.362+0000] {processor.py:183} INFO - Processing /opt/airflow/dags/dbt_local_dag.py took 0.453 seconds
[2025-11-02T13:29:00.966+0000] {processor.py:161} INFO - Started process (PID=4122) to work on /opt/airflow/dags/dbt_local_dag.py
[2025-11-02T13:29:00.993+0000] {processor.py:830} INFO - Processing file /opt/airflow/dags/dbt_local_dag.py for tasks to queue
[2025-11-02T13:29:01.009+0000] {logging_mixin.py:188} INFO - [2025-11-02T13:29:00.997+0000] {dagbag.py:538} INFO - Filling up the DagBag from /opt/airflow/dags/dbt_local_dag.py
[2025-11-02T13:29:01.278+0000] {processor.py:840} INFO - DAG(s) 'dag_dbt_pipeline' retrieved from /opt/airflow/dags/dbt_local_dag.py
[2025-11-02T13:29:01.542+0000] {logging_mixin.py:188} INFO - [2025-11-02T13:29:01.542+0000] {dag.py:3036} INFO - Sync 1 DAGs
[2025-11-02T13:29:01.742+0000] {logging_mixin.py:188} INFO - [2025-11-02T13:29:01.742+0000] {dag.py:3823} INFO - Setting next_dagrun for dag_dbt_pipeline to 2025-11-02 00:00:00+00:00, run_after=2025-11-03 00:00:00+00:00
[2025-11-02T13:29:01.959+0000] {processor.py:183} INFO - Processing /opt/airflow/dags/dbt_local_dag.py took 1.034 seconds
[2025-11-02T13:29:32.834+0000] {processor.py:161} INFO - Started process (PID=4132) to work on /opt/airflow/dags/dbt_local_dag.py
[2025-11-02T13:29:32.855+0000] {processor.py:830} INFO - Processing file /opt/airflow/dags/dbt_local_dag.py for tasks to queue
[2025-11-02T13:29:32.863+0000] {logging_mixin.py:188} INFO - [2025-11-02T13:29:32.857+0000] {dagbag.py:538} INFO - Filling up the DagBag from /opt/airflow/dags/dbt_local_dag.py
[2025-11-02T13:29:32.927+0000] {processor.py:840} INFO - DAG(s) 'dag_dbt_pipeline' retrieved from /opt/airflow/dags/dbt_local_dag.py
[2025-11-02T13:29:32.993+0000] {logging_mixin.py:188} INFO - [2025-11-02T13:29:32.992+0000] {dag.py:3036} INFO - Sync 1 DAGs
[2025-11-02T13:29:33.044+0000] {logging_mixin.py:188} INFO - [2025-11-02T13:29:33.044+0000] {dag.py:3823} INFO - Setting next_dagrun for dag_dbt_pipeline to 2025-11-02 00:00:00+00:00, run_after=2025-11-03 00:00:00+00:00
[2025-11-02T13:29:33.277+0000] {processor.py:183} INFO - Processing /opt/airflow/dags/dbt_local_dag.py took 0.468 seconds
[2025-11-02T13:30:03.442+0000] {processor.py:161} INFO - Started process (PID=4143) to work on /opt/airflow/dags/dbt_local_dag.py
[2025-11-02T13:30:03.444+0000] {processor.py:830} INFO - Processing file /opt/airflow/dags/dbt_local_dag.py for tasks to queue
[2025-11-02T13:30:03.446+0000] {logging_mixin.py:188} INFO - [2025-11-02T13:30:03.445+0000] {dagbag.py:538} INFO - Filling up the DagBag from /opt/airflow/dags/dbt_local_dag.py
[2025-11-02T13:30:03.476+0000] {processor.py:840} INFO - DAG(s) 'dag_dbt_pipeline' retrieved from /opt/airflow/dags/dbt_local_dag.py
[2025-11-02T13:30:03.525+0000] {logging_mixin.py:188} INFO - [2025-11-02T13:30:03.524+0000] {dag.py:3036} INFO - Sync 1 DAGs
[2025-11-02T13:30:03.570+0000] {logging_mixin.py:188} INFO - [2025-11-02T13:30:03.569+0000] {dag.py:3823} INFO - Setting next_dagrun for dag_dbt_pipeline to 2025-11-02 00:00:00+00:00, run_after=2025-11-03 00:00:00+00:00
[2025-11-02T13:30:03.616+0000] {processor.py:183} INFO - Processing /opt/airflow/dags/dbt_local_dag.py took 0.180 seconds
[2025-11-02T13:30:34.328+0000] {processor.py:161} INFO - Started process (PID=4155) to work on /opt/airflow/dags/dbt_local_dag.py
[2025-11-02T13:30:34.330+0000] {processor.py:830} INFO - Processing file /opt/airflow/dags/dbt_local_dag.py for tasks to queue
[2025-11-02T13:30:34.332+0000] {logging_mixin.py:188} INFO - [2025-11-02T13:30:34.331+0000] {dagbag.py:538} INFO - Filling up the DagBag from /opt/airflow/dags/dbt_local_dag.py
[2025-11-02T13:30:34.375+0000] {processor.py:840} INFO - DAG(s) 'dag_dbt_pipeline' retrieved from /opt/airflow/dags/dbt_local_dag.py
[2025-11-02T13:30:34.425+0000] {logging_mixin.py:188} INFO - [2025-11-02T13:30:34.425+0000] {dag.py:3036} INFO - Sync 1 DAGs
[2025-11-02T13:30:34.466+0000] {logging_mixin.py:188} INFO - [2025-11-02T13:30:34.465+0000] {dag.py:3823} INFO - Setting next_dagrun for dag_dbt_pipeline to 2025-11-02 00:00:00+00:00, run_after=2025-11-03 00:00:00+00:00
[2025-11-02T13:30:34.548+0000] {processor.py:183} INFO - Processing /opt/airflow/dags/dbt_local_dag.py took 0.226 seconds
[2025-11-02T13:31:04.954+0000] {processor.py:161} INFO - Started process (PID=4167) to work on /opt/airflow/dags/dbt_local_dag.py
[2025-11-02T13:31:04.966+0000] {processor.py:830} INFO - Processing file /opt/airflow/dags/dbt_local_dag.py for tasks to queue
[2025-11-02T13:31:04.974+0000] {logging_mixin.py:188} INFO - [2025-11-02T13:31:04.973+0000] {dagbag.py:538} INFO - Filling up the DagBag from /opt/airflow/dags/dbt_local_dag.py
[2025-11-02T13:31:05.102+0000] {processor.py:840} INFO - DAG(s) 'dag_dbt_pipeline' retrieved from /opt/airflow/dags/dbt_local_dag.py
[2025-11-02T13:31:05.175+0000] {logging_mixin.py:188} INFO - [2025-11-02T13:31:05.175+0000] {dag.py:3036} INFO - Sync 1 DAGs
[2025-11-02T13:31:05.243+0000] {logging_mixin.py:188} INFO - [2025-11-02T13:31:05.243+0000] {dag.py:3823} INFO - Setting next_dagrun for dag_dbt_pipeline to 2025-11-02 00:00:00+00:00, run_after=2025-11-03 00:00:00+00:00
[2025-11-02T13:31:05.411+0000] {processor.py:183} INFO - Processing /opt/airflow/dags/dbt_local_dag.py took 0.470 seconds
[2025-11-02T13:31:35.964+0000] {processor.py:161} INFO - Started process (PID=4179) to work on /opt/airflow/dags/dbt_local_dag.py
[2025-11-02T13:31:35.970+0000] {processor.py:830} INFO - Processing file /opt/airflow/dags/dbt_local_dag.py for tasks to queue
[2025-11-02T13:31:35.972+0000] {logging_mixin.py:188} INFO - [2025-11-02T13:31:35.972+0000] {dagbag.py:538} INFO - Filling up the DagBag from /opt/airflow/dags/dbt_local_dag.py
[2025-11-02T13:31:36.018+0000] {processor.py:840} INFO - DAG(s) 'dag_dbt_pipeline' retrieved from /opt/airflow/dags/dbt_local_dag.py
[2025-11-02T13:31:36.084+0000] {logging_mixin.py:188} INFO - [2025-11-02T13:31:36.084+0000] {dag.py:3036} INFO - Sync 1 DAGs
[2025-11-02T13:31:36.195+0000] {logging_mixin.py:188} INFO - [2025-11-02T13:31:36.192+0000] {dag.py:3823} INFO - Setting next_dagrun for dag_dbt_pipeline to 2025-11-02 00:00:00+00:00, run_after=2025-11-03 00:00:00+00:00
[2025-11-02T13:31:36.484+0000] {processor.py:183} INFO - Processing /opt/airflow/dags/dbt_local_dag.py took 0.526 seconds
[2025-11-02T13:32:06.719+0000] {processor.py:161} INFO - Started process (PID=4191) to work on /opt/airflow/dags/dbt_local_dag.py
[2025-11-02T13:32:06.722+0000] {processor.py:830} INFO - Processing file /opt/airflow/dags/dbt_local_dag.py for tasks to queue
[2025-11-02T13:32:06.726+0000] {logging_mixin.py:188} INFO - [2025-11-02T13:32:06.725+0000] {dagbag.py:538} INFO - Filling up the DagBag from /opt/airflow/dags/dbt_local_dag.py
[2025-11-02T13:32:06.809+0000] {processor.py:840} INFO - DAG(s) 'dag_dbt_pipeline' retrieved from /opt/airflow/dags/dbt_local_dag.py
[2025-11-02T13:32:06.897+0000] {logging_mixin.py:188} INFO - [2025-11-02T13:32:06.897+0000] {dag.py:3036} INFO - Sync 1 DAGs
[2025-11-02T13:32:06.938+0000] {logging_mixin.py:188} INFO - [2025-11-02T13:32:06.937+0000] {dag.py:3823} INFO - Setting next_dagrun for dag_dbt_pipeline to 2025-11-02 00:00:00+00:00, run_after=2025-11-03 00:00:00+00:00
[2025-11-02T13:32:06.986+0000] {processor.py:183} INFO - Processing /opt/airflow/dags/dbt_local_dag.py took 0.279 seconds
[2025-11-02T13:32:37.954+0000] {processor.py:161} INFO - Started process (PID=4202) to work on /opt/airflow/dags/dbt_local_dag.py
[2025-11-02T13:32:37.961+0000] {processor.py:830} INFO - Processing file /opt/airflow/dags/dbt_local_dag.py for tasks to queue
[2025-11-02T13:32:37.963+0000] {logging_mixin.py:188} INFO - [2025-11-02T13:32:37.962+0000] {dagbag.py:538} INFO - Filling up the DagBag from /opt/airflow/dags/dbt_local_dag.py
[2025-11-02T13:32:38.061+0000] {processor.py:840} INFO - DAG(s) 'dag_dbt_pipeline' retrieved from /opt/airflow/dags/dbt_local_dag.py
[2025-11-02T13:32:38.134+0000] {logging_mixin.py:188} INFO - [2025-11-02T13:32:38.134+0000] {dag.py:3036} INFO - Sync 1 DAGs
[2025-11-02T13:32:38.196+0000] {logging_mixin.py:188} INFO - [2025-11-02T13:32:38.194+0000] {dag.py:3823} INFO - Setting next_dagrun for dag_dbt_pipeline to 2025-11-02 00:00:00+00:00, run_after=2025-11-03 00:00:00+00:00
[2025-11-02T13:32:38.353+0000] {processor.py:183} INFO - Processing /opt/airflow/dags/dbt_local_dag.py took 0.414 seconds
[2025-11-02T13:33:08.666+0000] {processor.py:161} INFO - Started process (PID=4214) to work on /opt/airflow/dags/dbt_local_dag.py
[2025-11-02T13:33:08.670+0000] {processor.py:830} INFO - Processing file /opt/airflow/dags/dbt_local_dag.py for tasks to queue
[2025-11-02T13:33:08.673+0000] {logging_mixin.py:188} INFO - [2025-11-02T13:33:08.672+0000] {dagbag.py:538} INFO - Filling up the DagBag from /opt/airflow/dags/dbt_local_dag.py
[2025-11-02T13:33:08.722+0000] {processor.py:840} INFO - DAG(s) 'dag_dbt_pipeline' retrieved from /opt/airflow/dags/dbt_local_dag.py
[2025-11-02T13:33:08.840+0000] {logging_mixin.py:188} INFO - [2025-11-02T13:33:08.840+0000] {dag.py:3036} INFO - Sync 1 DAGs
[2025-11-02T13:33:09.083+0000] {logging_mixin.py:188} INFO - [2025-11-02T13:33:09.083+0000] {dag.py:3823} INFO - Setting next_dagrun for dag_dbt_pipeline to 2025-11-02 00:00:00+00:00, run_after=2025-11-03 00:00:00+00:00
[2025-11-02T13:33:09.164+0000] {processor.py:183} INFO - Processing /opt/airflow/dags/dbt_local_dag.py took 0.507 seconds
[2025-11-02T13:33:39.719+0000] {processor.py:161} INFO - Started process (PID=4225) to work on /opt/airflow/dags/dbt_local_dag.py
[2025-11-02T13:33:39.722+0000] {processor.py:830} INFO - Processing file /opt/airflow/dags/dbt_local_dag.py for tasks to queue
[2025-11-02T13:33:39.724+0000] {logging_mixin.py:188} INFO - [2025-11-02T13:33:39.723+0000] {dagbag.py:538} INFO - Filling up the DagBag from /opt/airflow/dags/dbt_local_dag.py
[2025-11-02T13:33:39.764+0000] {processor.py:840} INFO - DAG(s) 'dag_dbt_pipeline' retrieved from /opt/airflow/dags/dbt_local_dag.py
[2025-11-02T13:33:39.812+0000] {logging_mixin.py:188} INFO - [2025-11-02T13:33:39.812+0000] {dag.py:3036} INFO - Sync 1 DAGs
[2025-11-02T13:33:39.856+0000] {logging_mixin.py:188} INFO - [2025-11-02T13:33:39.856+0000] {dag.py:3823} INFO - Setting next_dagrun for dag_dbt_pipeline to 2025-11-02 00:00:00+00:00, run_after=2025-11-03 00:00:00+00:00
[2025-11-02T13:33:39.902+0000] {processor.py:183} INFO - Processing /opt/airflow/dags/dbt_local_dag.py took 0.192 seconds
[2025-11-02T13:34:10.341+0000] {processor.py:161} INFO - Started process (PID=4237) to work on /opt/airflow/dags/dbt_local_dag.py
[2025-11-02T13:34:10.357+0000] {processor.py:830} INFO - Processing file /opt/airflow/dags/dbt_local_dag.py for tasks to queue
[2025-11-02T13:34:10.360+0000] {logging_mixin.py:188} INFO - [2025-11-02T13:34:10.359+0000] {dagbag.py:538} INFO - Filling up the DagBag from /opt/airflow/dags/dbt_local_dag.py
[2025-11-02T13:34:10.470+0000] {processor.py:840} INFO - DAG(s) 'dag_dbt_pipeline' retrieved from /opt/airflow/dags/dbt_local_dag.py
[2025-11-02T13:34:10.627+0000] {logging_mixin.py:188} INFO - [2025-11-02T13:34:10.626+0000] {dag.py:3036} INFO - Sync 1 DAGs
[2025-11-02T13:34:10.738+0000] {logging_mixin.py:188} INFO - [2025-11-02T13:34:10.737+0000] {dag.py:3823} INFO - Setting next_dagrun for dag_dbt_pipeline to 2025-11-02 00:00:00+00:00, run_after=2025-11-03 00:00:00+00:00
[2025-11-02T13:34:10.802+0000] {processor.py:183} INFO - Processing /opt/airflow/dags/dbt_local_dag.py took 0.477 seconds
[2025-11-02T13:34:41.328+0000] {processor.py:161} INFO - Started process (PID=4249) to work on /opt/airflow/dags/dbt_local_dag.py
[2025-11-02T13:34:41.329+0000] {processor.py:830} INFO - Processing file /opt/airflow/dags/dbt_local_dag.py for tasks to queue
[2025-11-02T13:34:41.331+0000] {logging_mixin.py:188} INFO - [2025-11-02T13:34:41.331+0000] {dagbag.py:538} INFO - Filling up the DagBag from /opt/airflow/dags/dbt_local_dag.py
[2025-11-02T13:34:41.370+0000] {processor.py:840} INFO - DAG(s) 'dag_dbt_pipeline' retrieved from /opt/airflow/dags/dbt_local_dag.py
[2025-11-02T13:34:41.410+0000] {logging_mixin.py:188} INFO - [2025-11-02T13:34:41.410+0000] {dag.py:3036} INFO - Sync 1 DAGs
[2025-11-02T13:34:41.449+0000] {logging_mixin.py:188} INFO - [2025-11-02T13:34:41.448+0000] {dag.py:3823} INFO - Setting next_dagrun for dag_dbt_pipeline to 2025-11-02 00:00:00+00:00, run_after=2025-11-03 00:00:00+00:00
[2025-11-02T13:34:41.491+0000] {processor.py:183} INFO - Processing /opt/airflow/dags/dbt_local_dag.py took 0.170 seconds
[2025-11-02T13:35:11.717+0000] {processor.py:161} INFO - Started process (PID=4255) to work on /opt/airflow/dags/dbt_local_dag.py
[2025-11-02T13:35:11.721+0000] {processor.py:830} INFO - Processing file /opt/airflow/dags/dbt_local_dag.py for tasks to queue
[2025-11-02T13:35:11.723+0000] {logging_mixin.py:188} INFO - [2025-11-02T13:35:11.722+0000] {dagbag.py:538} INFO - Filling up the DagBag from /opt/airflow/dags/dbt_local_dag.py
[2025-11-02T13:35:11.804+0000] {processor.py:840} INFO - DAG(s) 'dag_dbt_pipeline' retrieved from /opt/airflow/dags/dbt_local_dag.py
[2025-11-02T13:35:11.846+0000] {logging_mixin.py:188} INFO - [2025-11-02T13:35:11.845+0000] {dag.py:3036} INFO - Sync 1 DAGs
[2025-11-02T13:35:11.878+0000] {logging_mixin.py:188} INFO - [2025-11-02T13:35:11.877+0000] {dag.py:3823} INFO - Setting next_dagrun for dag_dbt_pipeline to 2025-11-02 00:00:00+00:00, run_after=2025-11-03 00:00:00+00:00
[2025-11-02T13:35:11.912+0000] {processor.py:183} INFO - Processing /opt/airflow/dags/dbt_local_dag.py took 0.205 seconds
[2025-11-02T13:35:42.077+0000] {processor.py:161} INFO - Started process (PID=4267) to work on /opt/airflow/dags/dbt_local_dag.py
[2025-11-02T13:35:42.081+0000] {processor.py:830} INFO - Processing file /opt/airflow/dags/dbt_local_dag.py for tasks to queue
[2025-11-02T13:35:42.089+0000] {logging_mixin.py:188} INFO - [2025-11-02T13:35:42.088+0000] {dagbag.py:538} INFO - Filling up the DagBag from /opt/airflow/dags/dbt_local_dag.py
[2025-11-02T13:35:42.230+0000] {processor.py:840} INFO - DAG(s) 'dag_dbt_pipeline' retrieved from /opt/airflow/dags/dbt_local_dag.py
[2025-11-02T13:35:42.330+0000] {logging_mixin.py:188} INFO - [2025-11-02T13:35:42.330+0000] {dag.py:3036} INFO - Sync 1 DAGs
[2025-11-02T13:35:42.453+0000] {logging_mixin.py:188} INFO - [2025-11-02T13:35:42.453+0000] {dag.py:3823} INFO - Setting next_dagrun for dag_dbt_pipeline to 2025-11-02 00:00:00+00:00, run_after=2025-11-03 00:00:00+00:00
[2025-11-02T13:35:42.555+0000] {processor.py:183} INFO - Processing /opt/airflow/dags/dbt_local_dag.py took 0.487 seconds
[2025-11-02T13:36:21.766+0000] {processor.py:161} INFO - Started process (PID=4279) to work on /opt/airflow/dags/dbt_local_dag.py
[2025-11-02T13:36:21.768+0000] {processor.py:830} INFO - Processing file /opt/airflow/dags/dbt_local_dag.py for tasks to queue
[2025-11-02T13:36:21.771+0000] {logging_mixin.py:188} INFO - [2025-11-02T13:36:21.770+0000] {dagbag.py:538} INFO - Filling up the DagBag from /opt/airflow/dags/dbt_local_dag.py
[2025-11-02T13:36:21.836+0000] {processor.py:840} INFO - DAG(s) 'dag_dbt_pipeline' retrieved from /opt/airflow/dags/dbt_local_dag.py
[2025-11-02T13:36:21.962+0000] {logging_mixin.py:188} INFO - [2025-11-02T13:36:21.962+0000] {dag.py:3036} INFO - Sync 1 DAGs
[2025-11-02T13:36:22.021+0000] {logging_mixin.py:188} INFO - [2025-11-02T13:36:22.021+0000] {dag.py:3823} INFO - Setting next_dagrun for dag_dbt_pipeline to 2025-11-02 00:00:00+00:00, run_after=2025-11-03 00:00:00+00:00
[2025-11-02T13:36:22.070+0000] {processor.py:183} INFO - Processing /opt/airflow/dags/dbt_local_dag.py took 0.314 seconds
[2025-11-02T13:36:52.340+0000] {processor.py:161} INFO - Started process (PID=4289) to work on /opt/airflow/dags/dbt_local_dag.py
[2025-11-02T13:36:52.342+0000] {processor.py:830} INFO - Processing file /opt/airflow/dags/dbt_local_dag.py for tasks to queue
[2025-11-02T13:36:52.344+0000] {logging_mixin.py:188} INFO - [2025-11-02T13:36:52.344+0000] {dagbag.py:538} INFO - Filling up the DagBag from /opt/airflow/dags/dbt_local_dag.py
[2025-11-02T13:36:52.393+0000] {processor.py:840} INFO - DAG(s) 'dag_dbt_pipeline' retrieved from /opt/airflow/dags/dbt_local_dag.py
[2025-11-02T13:36:52.483+0000] {logging_mixin.py:188} INFO - [2025-11-02T13:36:52.482+0000] {dag.py:3036} INFO - Sync 1 DAGs
[2025-11-02T13:36:52.545+0000] {logging_mixin.py:188} INFO - [2025-11-02T13:36:52.544+0000] {dag.py:3823} INFO - Setting next_dagrun for dag_dbt_pipeline to 2025-11-02 00:00:00+00:00, run_after=2025-11-03 00:00:00+00:00
[2025-11-02T13:36:52.584+0000] {processor.py:183} INFO - Processing /opt/airflow/dags/dbt_local_dag.py took 0.256 seconds
[2025-11-02T13:37:22.658+0000] {processor.py:161} INFO - Started process (PID=4301) to work on /opt/airflow/dags/dbt_local_dag.py
[2025-11-02T13:37:22.659+0000] {processor.py:830} INFO - Processing file /opt/airflow/dags/dbt_local_dag.py for tasks to queue
[2025-11-02T13:37:22.661+0000] {logging_mixin.py:188} INFO - [2025-11-02T13:37:22.661+0000] {dagbag.py:538} INFO - Filling up the DagBag from /opt/airflow/dags/dbt_local_dag.py
[2025-11-02T13:37:22.703+0000] {processor.py:840} INFO - DAG(s) 'dag_dbt_pipeline' retrieved from /opt/airflow/dags/dbt_local_dag.py
[2025-11-02T13:37:22.745+0000] {logging_mixin.py:188} INFO - [2025-11-02T13:37:22.745+0000] {dag.py:3036} INFO - Sync 1 DAGs
[2025-11-02T13:37:22.787+0000] {logging_mixin.py:188} INFO - [2025-11-02T13:37:22.786+0000] {dag.py:3823} INFO - Setting next_dagrun for dag_dbt_pipeline to 2025-11-02 00:00:00+00:00, run_after=2025-11-03 00:00:00+00:00
[2025-11-02T13:37:22.825+0000] {processor.py:183} INFO - Processing /opt/airflow/dags/dbt_local_dag.py took 0.175 seconds
[2025-11-02T13:37:53.060+0000] {processor.py:161} INFO - Started process (PID=4313) to work on /opt/airflow/dags/dbt_local_dag.py
[2025-11-02T13:37:53.063+0000] {processor.py:830} INFO - Processing file /opt/airflow/dags/dbt_local_dag.py for tasks to queue
[2025-11-02T13:37:53.066+0000] {logging_mixin.py:188} INFO - [2025-11-02T13:37:53.065+0000] {dagbag.py:538} INFO - Filling up the DagBag from /opt/airflow/dags/dbt_local_dag.py
[2025-11-02T13:37:53.199+0000] {processor.py:840} INFO - DAG(s) 'dag_dbt_pipeline' retrieved from /opt/airflow/dags/dbt_local_dag.py
[2025-11-02T13:37:53.264+0000] {logging_mixin.py:188} INFO - [2025-11-02T13:37:53.264+0000] {dag.py:3036} INFO - Sync 1 DAGs
[2025-11-02T13:37:53.317+0000] {logging_mixin.py:188} INFO - [2025-11-02T13:37:53.317+0000] {dag.py:3823} INFO - Setting next_dagrun for dag_dbt_pipeline to 2025-11-02 00:00:00+00:00, run_after=2025-11-03 00:00:00+00:00
[2025-11-02T13:37:53.401+0000] {processor.py:183} INFO - Processing /opt/airflow/dags/dbt_local_dag.py took 0.351 seconds
[2025-11-02T13:38:23.944+0000] {processor.py:161} INFO - Started process (PID=4325) to work on /opt/airflow/dags/dbt_local_dag.py
[2025-11-02T13:38:23.955+0000] {processor.py:830} INFO - Processing file /opt/airflow/dags/dbt_local_dag.py for tasks to queue
[2025-11-02T13:38:23.962+0000] {logging_mixin.py:188} INFO - [2025-11-02T13:38:23.961+0000] {dagbag.py:538} INFO - Filling up the DagBag from /opt/airflow/dags/dbt_local_dag.py
[2025-11-02T13:38:24.088+0000] {processor.py:840} INFO - DAG(s) 'dag_dbt_pipeline' retrieved from /opt/airflow/dags/dbt_local_dag.py
[2025-11-02T13:38:24.143+0000] {logging_mixin.py:188} INFO - [2025-11-02T13:38:24.143+0000] {dag.py:3036} INFO - Sync 1 DAGs
[2025-11-02T13:38:24.190+0000] {logging_mixin.py:188} INFO - [2025-11-02T13:38:24.189+0000] {dag.py:3823} INFO - Setting next_dagrun for dag_dbt_pipeline to 2025-11-02 00:00:00+00:00, run_after=2025-11-03 00:00:00+00:00
[2025-11-02T13:38:24.266+0000] {processor.py:183} INFO - Processing /opt/airflow/dags/dbt_local_dag.py took 0.341 seconds
[2025-11-02T13:38:54.813+0000] {processor.py:161} INFO - Started process (PID=4337) to work on /opt/airflow/dags/dbt_local_dag.py
[2025-11-02T13:38:54.815+0000] {processor.py:830} INFO - Processing file /opt/airflow/dags/dbt_local_dag.py for tasks to queue
[2025-11-02T13:38:54.817+0000] {logging_mixin.py:188} INFO - [2025-11-02T13:38:54.816+0000] {dagbag.py:538} INFO - Filling up the DagBag from /opt/airflow/dags/dbt_local_dag.py
[2025-11-02T13:38:54.872+0000] {processor.py:840} INFO - DAG(s) 'dag_dbt_pipeline' retrieved from /opt/airflow/dags/dbt_local_dag.py
[2025-11-02T13:38:54.941+0000] {logging_mixin.py:188} INFO - [2025-11-02T13:38:54.940+0000] {dag.py:3036} INFO - Sync 1 DAGs
[2025-11-02T13:38:54.988+0000] {logging_mixin.py:188} INFO - [2025-11-02T13:38:54.988+0000] {dag.py:3823} INFO - Setting next_dagrun for dag_dbt_pipeline to 2025-11-02 00:00:00+00:00, run_after=2025-11-03 00:00:00+00:00
[2025-11-02T13:38:55.019+0000] {processor.py:183} INFO - Processing /opt/airflow/dags/dbt_local_dag.py took 0.214 seconds
[2025-11-02T13:39:25.266+0000] {processor.py:161} INFO - Started process (PID=4349) to work on /opt/airflow/dags/dbt_local_dag.py
[2025-11-02T13:39:25.270+0000] {processor.py:830} INFO - Processing file /opt/airflow/dags/dbt_local_dag.py for tasks to queue
[2025-11-02T13:39:25.272+0000] {logging_mixin.py:188} INFO - [2025-11-02T13:39:25.271+0000] {dagbag.py:538} INFO - Filling up the DagBag from /opt/airflow/dags/dbt_local_dag.py
[2025-11-02T13:39:25.306+0000] {processor.py:840} INFO - DAG(s) 'dag_dbt_pipeline' retrieved from /opt/airflow/dags/dbt_local_dag.py
[2025-11-02T13:39:25.356+0000] {logging_mixin.py:188} INFO - [2025-11-02T13:39:25.355+0000] {dag.py:3036} INFO - Sync 1 DAGs
[2025-11-02T13:39:25.397+0000] {logging_mixin.py:188} INFO - [2025-11-02T13:39:25.396+0000] {dag.py:3823} INFO - Setting next_dagrun for dag_dbt_pipeline to 2025-11-02 00:00:00+00:00, run_after=2025-11-03 00:00:00+00:00
[2025-11-02T13:39:25.457+0000] {processor.py:183} INFO - Processing /opt/airflow/dags/dbt_local_dag.py took 0.201 seconds
[2025-11-02T13:39:58.460+0000] {processor.py:161} INFO - Started process (PID=4361) to work on /opt/airflow/dags/dbt_local_dag.py
[2025-11-02T13:39:58.462+0000] {processor.py:830} INFO - Processing file /opt/airflow/dags/dbt_local_dag.py for tasks to queue
[2025-11-02T13:39:58.465+0000] {logging_mixin.py:188} INFO - [2025-11-02T13:39:58.464+0000] {dagbag.py:538} INFO - Filling up the DagBag from /opt/airflow/dags/dbt_local_dag.py
[2025-11-02T13:39:58.532+0000] {processor.py:840} INFO - DAG(s) 'dag_dbt_pipeline' retrieved from /opt/airflow/dags/dbt_local_dag.py
[2025-11-02T13:39:58.624+0000] {logging_mixin.py:188} INFO - [2025-11-02T13:39:58.624+0000] {dag.py:3036} INFO - Sync 1 DAGs
[2025-11-02T13:39:58.726+0000] {logging_mixin.py:188} INFO - [2025-11-02T13:39:58.726+0000] {dag.py:3823} INFO - Setting next_dagrun for dag_dbt_pipeline to 2025-11-02 00:00:00+00:00, run_after=2025-11-03 00:00:00+00:00
[2025-11-02T13:39:58.882+0000] {processor.py:183} INFO - Processing /opt/airflow/dags/dbt_local_dag.py took 0.430 seconds
[2025-11-02T13:40:32.294+0000] {processor.py:161} INFO - Started process (PID=4373) to work on /opt/airflow/dags/dbt_local_dag.py
[2025-11-02T13:40:32.296+0000] {processor.py:830} INFO - Processing file /opt/airflow/dags/dbt_local_dag.py for tasks to queue
[2025-11-02T13:40:32.307+0000] {logging_mixin.py:188} INFO - [2025-11-02T13:40:32.306+0000] {dagbag.py:538} INFO - Filling up the DagBag from /opt/airflow/dags/dbt_local_dag.py
[2025-11-02T13:40:32.398+0000] {processor.py:840} INFO - DAG(s) 'dag_dbt_pipeline' retrieved from /opt/airflow/dags/dbt_local_dag.py
[2025-11-02T13:40:32.562+0000] {logging_mixin.py:188} INFO - [2025-11-02T13:40:32.553+0000] {dag.py:3036} INFO - Sync 1 DAGs
[2025-11-02T13:40:32.752+0000] {logging_mixin.py:188} INFO - [2025-11-02T13:40:32.751+0000] {dag.py:3823} INFO - Setting next_dagrun for dag_dbt_pipeline to 2025-11-02 00:00:00+00:00, run_after=2025-11-03 00:00:00+00:00
[2025-11-02T13:40:32.878+0000] {processor.py:183} INFO - Processing /opt/airflow/dags/dbt_local_dag.py took 0.604 seconds
[2025-11-02T13:41:05.118+0000] {processor.py:161} INFO - Started process (PID=4384) to work on /opt/airflow/dags/dbt_local_dag.py
[2025-11-02T13:41:05.374+0000] {processor.py:830} INFO - Processing file /opt/airflow/dags/dbt_local_dag.py for tasks to queue
[2025-11-02T13:41:05.512+0000] {logging_mixin.py:188} INFO - [2025-11-02T13:41:05.512+0000] {dagbag.py:538} INFO - Filling up the DagBag from /opt/airflow/dags/dbt_local_dag.py
[2025-11-02T13:41:07.138+0000] {processor.py:840} INFO - DAG(s) 'dag_dbt_pipeline' retrieved from /opt/airflow/dags/dbt_local_dag.py
[2025-11-02T13:41:07.310+0000] {logging_mixin.py:188} INFO - [2025-11-02T13:41:07.310+0000] {dag.py:3036} INFO - Sync 1 DAGs
[2025-11-02T13:41:07.504+0000] {logging_mixin.py:188} INFO - [2025-11-02T13:41:07.503+0000] {dag.py:3823} INFO - Setting next_dagrun for dag_dbt_pipeline to 2025-11-02 00:00:00+00:00, run_after=2025-11-03 00:00:00+00:00
[2025-11-02T13:41:07.680+0000] {processor.py:183} INFO - Processing /opt/airflow/dags/dbt_local_dag.py took 2.579 seconds
[2025-11-02T13:41:38.038+0000] {processor.py:161} INFO - Started process (PID=4395) to work on /opt/airflow/dags/dbt_local_dag.py
[2025-11-02T13:41:38.049+0000] {processor.py:830} INFO - Processing file /opt/airflow/dags/dbt_local_dag.py for tasks to queue
[2025-11-02T13:41:38.071+0000] {logging_mixin.py:188} INFO - [2025-11-02T13:41:38.068+0000] {dagbag.py:538} INFO - Filling up the DagBag from /opt/airflow/dags/dbt_local_dag.py
[2025-11-02T13:41:38.253+0000] {processor.py:840} INFO - DAG(s) 'dag_dbt_pipeline' retrieved from /opt/airflow/dags/dbt_local_dag.py
[2025-11-02T13:41:38.423+0000] {logging_mixin.py:188} INFO - [2025-11-02T13:41:38.422+0000] {dag.py:3036} INFO - Sync 1 DAGs
[2025-11-02T13:41:38.600+0000] {logging_mixin.py:188} INFO - [2025-11-02T13:41:38.599+0000] {dag.py:3823} INFO - Setting next_dagrun for dag_dbt_pipeline to 2025-11-02 00:00:00+00:00, run_after=2025-11-03 00:00:00+00:00
[2025-11-02T13:41:38.794+0000] {processor.py:183} INFO - Processing /opt/airflow/dags/dbt_local_dag.py took 0.774 seconds
[2025-11-02T13:42:09.540+0000] {processor.py:161} INFO - Started process (PID=4407) to work on /opt/airflow/dags/dbt_local_dag.py
[2025-11-02T13:42:09.543+0000] {processor.py:830} INFO - Processing file /opt/airflow/dags/dbt_local_dag.py for tasks to queue
[2025-11-02T13:42:09.546+0000] {logging_mixin.py:188} INFO - [2025-11-02T13:42:09.545+0000] {dagbag.py:538} INFO - Filling up the DagBag from /opt/airflow/dags/dbt_local_dag.py
[2025-11-02T13:42:09.593+0000] {processor.py:840} INFO - DAG(s) 'dag_dbt_pipeline' retrieved from /opt/airflow/dags/dbt_local_dag.py
[2025-11-02T13:42:09.663+0000] {logging_mixin.py:188} INFO - [2025-11-02T13:42:09.663+0000] {dag.py:3036} INFO - Sync 1 DAGs
[2025-11-02T13:42:09.734+0000] {logging_mixin.py:188} INFO - [2025-11-02T13:42:09.734+0000] {dag.py:3823} INFO - Setting next_dagrun for dag_dbt_pipeline to 2025-11-02 00:00:00+00:00, run_after=2025-11-03 00:00:00+00:00
[2025-11-02T13:42:04.475+0000] {processor.py:183} INFO - Processing /opt/airflow/dags/dbt_local_dag.py took 0.288 seconds
[2025-11-02T13:42:34.959+0000] {processor.py:161} INFO - Started process (PID=4419) to work on /opt/airflow/dags/dbt_local_dag.py
[2025-11-02T13:42:34.970+0000] {processor.py:830} INFO - Processing file /opt/airflow/dags/dbt_local_dag.py for tasks to queue
[2025-11-02T13:42:34.973+0000] {logging_mixin.py:188} INFO - [2025-11-02T13:42:34.972+0000] {dagbag.py:538} INFO - Filling up the DagBag from /opt/airflow/dags/dbt_local_dag.py
[2025-11-02T13:42:35.193+0000] {processor.py:840} INFO - DAG(s) 'dag_dbt_pipeline' retrieved from /opt/airflow/dags/dbt_local_dag.py
[2025-11-02T13:42:35.368+0000] {logging_mixin.py:188} INFO - [2025-11-02T13:42:35.367+0000] {dag.py:3036} INFO - Sync 1 DAGs
[2025-11-02T13:42:35.532+0000] {logging_mixin.py:188} INFO - [2025-11-02T13:42:35.531+0000] {dag.py:3823} INFO - Setting next_dagrun for dag_dbt_pipeline to 2025-11-02 00:00:00+00:00, run_after=2025-11-03 00:00:00+00:00
[2025-11-02T13:42:36.080+0000] {processor.py:183} INFO - Processing /opt/airflow/dags/dbt_local_dag.py took 1.139 seconds
[2025-11-02T13:43:06.424+0000] {processor.py:161} INFO - Started process (PID=4431) to work on /opt/airflow/dags/dbt_local_dag.py
[2025-11-02T13:43:06.502+0000] {processor.py:830} INFO - Processing file /opt/airflow/dags/dbt_local_dag.py for tasks to queue
[2025-11-02T13:43:06.518+0000] {logging_mixin.py:188} INFO - [2025-11-02T13:43:06.517+0000] {dagbag.py:538} INFO - Filling up the DagBag from /opt/airflow/dags/dbt_local_dag.py
[2025-11-02T13:43:06.829+0000] {processor.py:840} INFO - DAG(s) 'dag_dbt_pipeline' retrieved from /opt/airflow/dags/dbt_local_dag.py
[2025-11-02T13:43:06.971+0000] {logging_mixin.py:188} INFO - [2025-11-02T13:43:06.970+0000] {dag.py:3036} INFO - Sync 1 DAGs
[2025-11-02T13:43:07.090+0000] {logging_mixin.py:188} INFO - [2025-11-02T13:43:07.089+0000] {dag.py:3823} INFO - Setting next_dagrun for dag_dbt_pipeline to 2025-11-02 00:00:00+00:00, run_after=2025-11-03 00:00:00+00:00
[2025-11-02T13:43:07.288+0000] {processor.py:183} INFO - Processing /opt/airflow/dags/dbt_local_dag.py took 0.879 seconds
[2025-11-02T13:43:37.838+0000] {processor.py:161} INFO - Started process (PID=4443) to work on /opt/airflow/dags/dbt_local_dag.py
[2025-11-02T13:43:37.852+0000] {processor.py:830} INFO - Processing file /opt/airflow/dags/dbt_local_dag.py for tasks to queue
[2025-11-02T13:43:37.856+0000] {logging_mixin.py:188} INFO - [2025-11-02T13:43:37.855+0000] {dagbag.py:538} INFO - Filling up the DagBag from /opt/airflow/dags/dbt_local_dag.py
[2025-11-02T13:43:38.079+0000] {processor.py:840} INFO - DAG(s) 'dag_dbt_pipeline' retrieved from /opt/airflow/dags/dbt_local_dag.py
[2025-11-02T13:43:38.336+0000] {logging_mixin.py:188} INFO - [2025-11-02T13:43:38.335+0000] {dag.py:3036} INFO - Sync 1 DAGs
[2025-11-02T13:43:38.549+0000] {logging_mixin.py:188} INFO - [2025-11-02T13:43:38.548+0000] {dag.py:3823} INFO - Setting next_dagrun for dag_dbt_pipeline to 2025-11-02 00:00:00+00:00, run_after=2025-11-03 00:00:00+00:00
[2025-11-02T13:43:38.898+0000] {processor.py:183} INFO - Processing /opt/airflow/dags/dbt_local_dag.py took 1.085 seconds
[2025-11-02T13:44:09.590+0000] {processor.py:161} INFO - Started process (PID=4447) to work on /opt/airflow/dags/dbt_local_dag.py
[2025-11-02T13:44:09.618+0000] {processor.py:830} INFO - Processing file /opt/airflow/dags/dbt_local_dag.py for tasks to queue
[2025-11-02T13:44:09.641+0000] {logging_mixin.py:188} INFO - [2025-11-02T13:44:09.641+0000] {dagbag.py:538} INFO - Filling up the DagBag from /opt/airflow/dags/dbt_local_dag.py
[2025-11-02T13:44:10.265+0000] {processor.py:840} INFO - DAG(s) 'dag_dbt_pipeline' retrieved from /opt/airflow/dags/dbt_local_dag.py
[2025-11-02T13:44:10.473+0000] {logging_mixin.py:188} INFO - [2025-11-02T13:44:10.472+0000] {dag.py:3036} INFO - Sync 1 DAGs
[2025-11-02T13:44:10.664+0000] {logging_mixin.py:188} INFO - [2025-11-02T13:44:10.663+0000] {dag.py:3823} INFO - Setting next_dagrun for dag_dbt_pipeline to 2025-11-02 00:00:00+00:00, run_after=2025-11-03 00:00:00+00:00
[2025-11-02T13:44:10.836+0000] {processor.py:183} INFO - Processing /opt/airflow/dags/dbt_local_dag.py took 1.265 seconds
[2025-11-02T13:44:41.543+0000] {processor.py:161} INFO - Started process (PID=4459) to work on /opt/airflow/dags/dbt_local_dag.py
[2025-11-02T13:44:41.554+0000] {processor.py:830} INFO - Processing file /opt/airflow/dags/dbt_local_dag.py for tasks to queue
[2025-11-02T13:44:41.557+0000] {logging_mixin.py:188} INFO - [2025-11-02T13:44:41.556+0000] {dagbag.py:538} INFO - Filling up the DagBag from /opt/airflow/dags/dbt_local_dag.py
[2025-11-02T13:44:41.655+0000] {processor.py:840} INFO - DAG(s) 'dag_dbt_pipeline' retrieved from /opt/airflow/dags/dbt_local_dag.py
[2025-11-02T13:44:41.815+0000] {logging_mixin.py:188} INFO - [2025-11-02T13:44:41.815+0000] {dag.py:3036} INFO - Sync 1 DAGs
[2025-11-02T13:44:42.002+0000] {logging_mixin.py:188} INFO - [2025-11-02T13:44:42.002+0000] {dag.py:3823} INFO - Setting next_dagrun for dag_dbt_pipeline to 2025-11-02 00:00:00+00:00, run_after=2025-11-03 00:00:00+00:00
[2025-11-02T13:44:42.319+0000] {processor.py:183} INFO - Processing /opt/airflow/dags/dbt_local_dag.py took 0.808 seconds
[2025-11-02T13:45:12.883+0000] {processor.py:161} INFO - Started process (PID=4471) to work on /opt/airflow/dags/dbt_local_dag.py
[2025-11-02T13:45:12.886+0000] {processor.py:830} INFO - Processing file /opt/airflow/dags/dbt_local_dag.py for tasks to queue
[2025-11-02T13:45:12.892+0000] {logging_mixin.py:188} INFO - [2025-11-02T13:45:12.891+0000] {dagbag.py:538} INFO - Filling up the DagBag from /opt/airflow/dags/dbt_local_dag.py
[2025-11-02T13:45:12.939+0000] {processor.py:840} INFO - DAG(s) 'dag_dbt_pipeline' retrieved from /opt/airflow/dags/dbt_local_dag.py
[2025-11-02T13:45:13.018+0000] {logging_mixin.py:188} INFO - [2025-11-02T13:45:13.017+0000] {dag.py:3036} INFO - Sync 1 DAGs
[2025-11-02T13:45:13.098+0000] {logging_mixin.py:188} INFO - [2025-11-02T13:45:13.097+0000] {dag.py:3823} INFO - Setting next_dagrun for dag_dbt_pipeline to 2025-11-02 00:00:00+00:00, run_after=2025-11-03 00:00:00+00:00
[2025-11-02T13:45:13.267+0000] {processor.py:183} INFO - Processing /opt/airflow/dags/dbt_local_dag.py took 0.397 seconds
[2025-11-02T13:45:43.415+0000] {processor.py:161} INFO - Started process (PID=4483) to work on /opt/airflow/dags/dbt_local_dag.py
[2025-11-02T13:45:43.418+0000] {processor.py:830} INFO - Processing file /opt/airflow/dags/dbt_local_dag.py for tasks to queue
[2025-11-02T13:45:43.421+0000] {logging_mixin.py:188} INFO - [2025-11-02T13:45:43.420+0000] {dagbag.py:538} INFO - Filling up the DagBag from /opt/airflow/dags/dbt_local_dag.py
[2025-11-02T13:45:43.464+0000] {processor.py:840} INFO - DAG(s) 'dag_dbt_pipeline' retrieved from /opt/airflow/dags/dbt_local_dag.py
[2025-11-02T13:45:43.510+0000] {logging_mixin.py:188} INFO - [2025-11-02T13:45:43.510+0000] {dag.py:3036} INFO - Sync 1 DAGs
[2025-11-02T13:45:43.575+0000] {logging_mixin.py:188} INFO - [2025-11-02T13:45:43.575+0000] {dag.py:3823} INFO - Setting next_dagrun for dag_dbt_pipeline to 2025-11-02 00:00:00+00:00, run_after=2025-11-03 00:00:00+00:00
[2025-11-02T13:45:43.675+0000] {processor.py:183} INFO - Processing /opt/airflow/dags/dbt_local_dag.py took 0.268 seconds
[2025-11-02T13:46:14.484+0000] {processor.py:161} INFO - Started process (PID=4495) to work on /opt/airflow/dags/dbt_local_dag.py
[2025-11-02T13:46:14.497+0000] {processor.py:830} INFO - Processing file /opt/airflow/dags/dbt_local_dag.py for tasks to queue
[2025-11-02T13:46:14.513+0000] {logging_mixin.py:188} INFO - [2025-11-02T13:46:14.512+0000] {dagbag.py:538} INFO - Filling up the DagBag from /opt/airflow/dags/dbt_local_dag.py
[2025-11-02T13:46:14.628+0000] {processor.py:840} INFO - DAG(s) 'dag_dbt_pipeline' retrieved from /opt/airflow/dags/dbt_local_dag.py
[2025-11-02T13:46:14.862+0000] {logging_mixin.py:188} INFO - [2025-11-02T13:46:14.862+0000] {dag.py:3036} INFO - Sync 1 DAGs
[2025-11-02T13:46:15.050+0000] {logging_mixin.py:188} INFO - [2025-11-02T13:46:15.049+0000] {dag.py:3823} INFO - Setting next_dagrun for dag_dbt_pipeline to 2025-11-02 00:00:00+00:00, run_after=2025-11-03 00:00:00+00:00
[2025-11-02T13:46:15.174+0000] {processor.py:183} INFO - Processing /opt/airflow/dags/dbt_local_dag.py took 0.714 seconds
[2025-11-02T13:46:45.754+0000] {processor.py:161} INFO - Started process (PID=4506) to work on /opt/airflow/dags/dbt_local_dag.py
[2025-11-02T13:46:45.756+0000] {processor.py:830} INFO - Processing file /opt/airflow/dags/dbt_local_dag.py for tasks to queue
[2025-11-02T13:46:45.762+0000] {logging_mixin.py:188} INFO - [2025-11-02T13:46:45.761+0000] {dagbag.py:538} INFO - Filling up the DagBag from /opt/airflow/dags/dbt_local_dag.py
[2025-11-02T13:46:45.809+0000] {processor.py:840} INFO - DAG(s) 'dag_dbt_pipeline' retrieved from /opt/airflow/dags/dbt_local_dag.py
[2025-11-02T13:46:45.869+0000] {logging_mixin.py:188} INFO - [2025-11-02T13:46:45.868+0000] {dag.py:3036} INFO - Sync 1 DAGs
[2025-11-02T13:46:45.937+0000] {logging_mixin.py:188} INFO - [2025-11-02T13:46:45.937+0000] {dag.py:3823} INFO - Setting next_dagrun for dag_dbt_pipeline to 2025-11-02 00:00:00+00:00, run_after=2025-11-03 00:00:00+00:00
[2025-11-02T13:46:46.010+0000] {processor.py:183} INFO - Processing /opt/airflow/dags/dbt_local_dag.py took 0.262 seconds
[2025-11-02T13:47:16.201+0000] {processor.py:161} INFO - Started process (PID=4518) to work on /opt/airflow/dags/dbt_local_dag.py
[2025-11-02T13:47:16.203+0000] {processor.py:830} INFO - Processing file /opt/airflow/dags/dbt_local_dag.py for tasks to queue
[2025-11-02T13:47:16.206+0000] {logging_mixin.py:188} INFO - [2025-11-02T13:47:16.205+0000] {dagbag.py:538} INFO - Filling up the DagBag from /opt/airflow/dags/dbt_local_dag.py
[2025-11-02T13:47:16.259+0000] {processor.py:840} INFO - DAG(s) 'dag_dbt_pipeline' retrieved from /opt/airflow/dags/dbt_local_dag.py
[2025-11-02T13:47:16.349+0000] {logging_mixin.py:188} INFO - [2025-11-02T13:47:16.348+0000] {dag.py:3036} INFO - Sync 1 DAGs
[2025-11-02T13:47:16.399+0000] {logging_mixin.py:188} INFO - [2025-11-02T13:47:16.398+0000] {dag.py:3823} INFO - Setting next_dagrun for dag_dbt_pipeline to 2025-11-02 00:00:00+00:00, run_after=2025-11-03 00:00:00+00:00
[2025-11-02T13:47:16.433+0000] {processor.py:183} INFO - Processing /opt/airflow/dags/dbt_local_dag.py took 0.240 seconds
[2025-11-02T13:47:46.761+0000] {processor.py:161} INFO - Started process (PID=4530) to work on /opt/airflow/dags/dbt_local_dag.py
[2025-11-02T13:47:46.764+0000] {processor.py:830} INFO - Processing file /opt/airflow/dags/dbt_local_dag.py for tasks to queue
[2025-11-02T13:47:46.777+0000] {logging_mixin.py:188} INFO - [2025-11-02T13:47:46.775+0000] {dagbag.py:538} INFO - Filling up the DagBag from /opt/airflow/dags/dbt_local_dag.py
[2025-11-02T13:47:46.837+0000] {processor.py:840} INFO - DAG(s) 'dag_dbt_pipeline' retrieved from /opt/airflow/dags/dbt_local_dag.py
[2025-11-02T13:47:46.892+0000] {logging_mixin.py:188} INFO - [2025-11-02T13:47:46.891+0000] {dag.py:3036} INFO - Sync 1 DAGs
[2025-11-02T13:47:46.936+0000] {logging_mixin.py:188} INFO - [2025-11-02T13:47:46.936+0000] {dag.py:3823} INFO - Setting next_dagrun for dag_dbt_pipeline to 2025-11-02 00:00:00+00:00, run_after=2025-11-03 00:00:00+00:00
[2025-11-02T13:47:46.984+0000] {processor.py:183} INFO - Processing /opt/airflow/dags/dbt_local_dag.py took 0.240 seconds
[2025-11-02T13:48:18.976+0000] {processor.py:161} INFO - Started process (PID=4540) to work on /opt/airflow/dags/dbt_local_dag.py
[2025-11-02T13:48:18.979+0000] {processor.py:830} INFO - Processing file /opt/airflow/dags/dbt_local_dag.py for tasks to queue
[2025-11-02T13:48:18.984+0000] {logging_mixin.py:188} INFO - [2025-11-02T13:48:18.983+0000] {dagbag.py:538} INFO - Filling up the DagBag from /opt/airflow/dags/dbt_local_dag.py
[2025-11-02T13:48:19.041+0000] {processor.py:840} INFO - DAG(s) 'dag_dbt_pipeline' retrieved from /opt/airflow/dags/dbt_local_dag.py
[2025-11-02T13:48:19.130+0000] {logging_mixin.py:188} INFO - [2025-11-02T13:48:19.129+0000] {dag.py:3036} INFO - Sync 1 DAGs
[2025-11-02T13:48:19.174+0000] {logging_mixin.py:188} INFO - [2025-11-02T13:48:19.174+0000] {dag.py:3823} INFO - Setting next_dagrun for dag_dbt_pipeline to 2025-11-02 00:00:00+00:00, run_after=2025-11-03 00:00:00+00:00
[2025-11-02T13:48:19.222+0000] {processor.py:183} INFO - Processing /opt/airflow/dags/dbt_local_dag.py took 0.255 seconds
[2025-11-02T13:48:52.198+0000] {processor.py:161} INFO - Started process (PID=4552) to work on /opt/airflow/dags/dbt_local_dag.py
[2025-11-02T13:48:52.205+0000] {processor.py:830} INFO - Processing file /opt/airflow/dags/dbt_local_dag.py for tasks to queue
[2025-11-02T13:48:52.209+0000] {logging_mixin.py:188} INFO - [2025-11-02T13:48:52.208+0000] {dagbag.py:538} INFO - Filling up the DagBag from /opt/airflow/dags/dbt_local_dag.py
[2025-11-02T13:48:52.271+0000] {processor.py:840} INFO - DAG(s) 'dag_dbt_pipeline' retrieved from /opt/airflow/dags/dbt_local_dag.py
[2025-11-02T13:48:52.364+0000] {logging_mixin.py:188} INFO - [2025-11-02T13:48:52.364+0000] {dag.py:3036} INFO - Sync 1 DAGs
[2025-11-02T13:48:52.533+0000] {logging_mixin.py:188} INFO - [2025-11-02T13:48:52.530+0000] {dag.py:3823} INFO - Setting next_dagrun for dag_dbt_pipeline to 2025-11-02 00:00:00+00:00, run_after=2025-11-03 00:00:00+00:00
[2025-11-02T13:48:52.601+0000] {processor.py:183} INFO - Processing /opt/airflow/dags/dbt_local_dag.py took 0.417 seconds
[2025-11-02T13:49:25.333+0000] {processor.py:161} INFO - Started process (PID=4564) to work on /opt/airflow/dags/dbt_local_dag.py
[2025-11-02T13:49:25.337+0000] {processor.py:830} INFO - Processing file /opt/airflow/dags/dbt_local_dag.py for tasks to queue
[2025-11-02T13:49:25.339+0000] {logging_mixin.py:188} INFO - [2025-11-02T13:49:25.338+0000] {dagbag.py:538} INFO - Filling up the DagBag from /opt/airflow/dags/dbt_local_dag.py
[2025-11-02T13:49:25.382+0000] {processor.py:840} INFO - DAG(s) 'dag_dbt_pipeline' retrieved from /opt/airflow/dags/dbt_local_dag.py
[2025-11-02T13:49:25.436+0000] {logging_mixin.py:188} INFO - [2025-11-02T13:49:25.435+0000] {dag.py:3036} INFO - Sync 1 DAGs
[2025-11-02T13:49:25.485+0000] {logging_mixin.py:188} INFO - [2025-11-02T13:49:25.484+0000] {dag.py:3823} INFO - Setting next_dagrun for dag_dbt_pipeline to 2025-11-02 00:00:00+00:00, run_after=2025-11-03 00:00:00+00:00
[2025-11-02T13:49:25.527+0000] {processor.py:183} INFO - Processing /opt/airflow/dags/dbt_local_dag.py took 0.202 seconds
[2025-11-02T13:49:58.766+0000] {processor.py:161} INFO - Started process (PID=4576) to work on /opt/airflow/dags/dbt_local_dag.py
[2025-11-02T13:49:58.768+0000] {processor.py:830} INFO - Processing file /opt/airflow/dags/dbt_local_dag.py for tasks to queue
[2025-11-02T13:49:58.770+0000] {logging_mixin.py:188} INFO - [2025-11-02T13:49:58.770+0000] {dagbag.py:538} INFO - Filling up the DagBag from /opt/airflow/dags/dbt_local_dag.py
[2025-11-02T13:49:58.820+0000] {processor.py:840} INFO - DAG(s) 'dag_dbt_pipeline' retrieved from /opt/airflow/dags/dbt_local_dag.py
[2025-11-02T13:49:58.863+0000] {logging_mixin.py:188} INFO - [2025-11-02T13:49:58.863+0000] {dag.py:3036} INFO - Sync 1 DAGs
[2025-11-02T13:49:58.912+0000] {logging_mixin.py:188} INFO - [2025-11-02T13:49:58.912+0000] {dag.py:3823} INFO - Setting next_dagrun for dag_dbt_pipeline to 2025-11-02 00:00:00+00:00, run_after=2025-11-03 00:00:00+00:00
[2025-11-02T13:49:58.960+0000] {processor.py:183} INFO - Processing /opt/airflow/dags/dbt_local_dag.py took 0.202 seconds
[2025-11-02T13:50:32.136+0000] {processor.py:161} INFO - Started process (PID=4587) to work on /opt/airflow/dags/dbt_local_dag.py
[2025-11-02T13:50:32.140+0000] {processor.py:830} INFO - Processing file /opt/airflow/dags/dbt_local_dag.py for tasks to queue
[2025-11-02T13:50:32.143+0000] {logging_mixin.py:188} INFO - [2025-11-02T13:50:32.142+0000] {dagbag.py:538} INFO - Filling up the DagBag from /opt/airflow/dags/dbt_local_dag.py
[2025-11-02T13:50:32.191+0000] {processor.py:840} INFO - DAG(s) 'dag_dbt_pipeline' retrieved from /opt/airflow/dags/dbt_local_dag.py
[2025-11-02T13:50:32.247+0000] {logging_mixin.py:188} INFO - [2025-11-02T13:50:32.247+0000] {dag.py:3036} INFO - Sync 1 DAGs
[2025-11-02T13:50:32.291+0000] {logging_mixin.py:188} INFO - [2025-11-02T13:50:32.290+0000] {dag.py:3823} INFO - Setting next_dagrun for dag_dbt_pipeline to 2025-11-02 00:00:00+00:00, run_after=2025-11-03 00:00:00+00:00
[2025-11-02T13:50:32.328+0000] {processor.py:183} INFO - Processing /opt/airflow/dags/dbt_local_dag.py took 0.199 seconds
[2025-11-02T13:51:06.102+0000] {processor.py:161} INFO - Started process (PID=4599) to work on /opt/airflow/dags/dbt_local_dag.py
[2025-11-02T13:51:06.105+0000] {processor.py:830} INFO - Processing file /opt/airflow/dags/dbt_local_dag.py for tasks to queue
[2025-11-02T13:51:06.107+0000] {logging_mixin.py:188} INFO - [2025-11-02T13:51:06.106+0000] {dagbag.py:538} INFO - Filling up the DagBag from /opt/airflow/dags/dbt_local_dag.py
[2025-11-02T13:51:06.147+0000] {processor.py:840} INFO - DAG(s) 'dag_dbt_pipeline' retrieved from /opt/airflow/dags/dbt_local_dag.py
[2025-11-02T13:51:06.208+0000] {logging_mixin.py:188} INFO - [2025-11-02T13:51:06.207+0000] {dag.py:3036} INFO - Sync 1 DAGs
[2025-11-02T13:51:06.272+0000] {logging_mixin.py:188} INFO - [2025-11-02T13:51:06.271+0000] {dag.py:3823} INFO - Setting next_dagrun for dag_dbt_pipeline to 2025-11-02 00:00:00+00:00, run_after=2025-11-03 00:00:00+00:00
[2025-11-02T13:51:06.332+0000] {processor.py:183} INFO - Processing /opt/airflow/dags/dbt_local_dag.py took 0.238 seconds
[2025-11-02T13:51:39.457+0000] {processor.py:161} INFO - Started process (PID=4611) to work on /opt/airflow/dags/dbt_local_dag.py
[2025-11-02T13:51:39.460+0000] {processor.py:830} INFO - Processing file /opt/airflow/dags/dbt_local_dag.py for tasks to queue
[2025-11-02T13:51:39.464+0000] {logging_mixin.py:188} INFO - [2025-11-02T13:51:39.463+0000] {dagbag.py:538} INFO - Filling up the DagBag from /opt/airflow/dags/dbt_local_dag.py
[2025-11-02T13:51:39.504+0000] {processor.py:840} INFO - DAG(s) 'dag_dbt_pipeline' retrieved from /opt/airflow/dags/dbt_local_dag.py
[2025-11-02T13:51:39.552+0000] {logging_mixin.py:188} INFO - [2025-11-02T13:51:39.551+0000] {dag.py:3036} INFO - Sync 1 DAGs
[2025-11-02T13:51:39.607+0000] {logging_mixin.py:188} INFO - [2025-11-02T13:51:39.606+0000] {dag.py:3823} INFO - Setting next_dagrun for dag_dbt_pipeline to 2025-11-02 00:00:00+00:00, run_after=2025-11-03 00:00:00+00:00
[2025-11-02T13:51:39.652+0000] {processor.py:183} INFO - Processing /opt/airflow/dags/dbt_local_dag.py took 0.202 seconds
[2025-11-02T13:52:12.193+0000] {processor.py:161} INFO - Started process (PID=4622) to work on /opt/airflow/dags/dbt_local_dag.py
[2025-11-02T13:52:12.197+0000] {processor.py:830} INFO - Processing file /opt/airflow/dags/dbt_local_dag.py for tasks to queue
[2025-11-02T13:52:12.199+0000] {logging_mixin.py:188} INFO - [2025-11-02T13:52:12.198+0000] {dagbag.py:538} INFO - Filling up the DagBag from /opt/airflow/dags/dbt_local_dag.py
[2025-11-02T13:52:12.244+0000] {processor.py:840} INFO - DAG(s) 'dag_dbt_pipeline' retrieved from /opt/airflow/dags/dbt_local_dag.py
[2025-11-02T13:52:12.294+0000] {logging_mixin.py:188} INFO - [2025-11-02T13:52:12.294+0000] {dag.py:3036} INFO - Sync 1 DAGs
[2025-11-02T13:52:12.346+0000] {logging_mixin.py:188} INFO - [2025-11-02T13:52:12.344+0000] {dag.py:3823} INFO - Setting next_dagrun for dag_dbt_pipeline to 2025-11-02 00:00:00+00:00, run_after=2025-11-03 00:00:00+00:00
[2025-11-02T13:52:12.393+0000] {processor.py:183} INFO - Processing /opt/airflow/dags/dbt_local_dag.py took 0.208 seconds
[2025-11-02T13:52:45.321+0000] {processor.py:161} INFO - Started process (PID=4634) to work on /opt/airflow/dags/dbt_local_dag.py
[2025-11-02T13:52:45.328+0000] {processor.py:830} INFO - Processing file /opt/airflow/dags/dbt_local_dag.py for tasks to queue
[2025-11-02T13:52:45.331+0000] {logging_mixin.py:188} INFO - [2025-11-02T13:52:45.330+0000] {dagbag.py:538} INFO - Filling up the DagBag from /opt/airflow/dags/dbt_local_dag.py
[2025-11-02T13:52:45.501+0000] {processor.py:840} INFO - DAG(s) 'dag_dbt_pipeline' retrieved from /opt/airflow/dags/dbt_local_dag.py
[2025-11-02T13:52:45.692+0000] {logging_mixin.py:188} INFO - [2025-11-02T13:52:45.691+0000] {dag.py:3036} INFO - Sync 1 DAGs
[2025-11-02T13:52:45.890+0000] {logging_mixin.py:188} INFO - [2025-11-02T13:52:45.890+0000] {dag.py:3823} INFO - Setting next_dagrun for dag_dbt_pipeline to 2025-11-02 00:00:00+00:00, run_after=2025-11-03 00:00:00+00:00
[2025-11-02T13:52:46.048+0000] {processor.py:183} INFO - Processing /opt/airflow/dags/dbt_local_dag.py took 0.734 seconds
[2025-11-02T13:53:18.719+0000] {processor.py:161} INFO - Started process (PID=4646) to work on /opt/airflow/dags/dbt_local_dag.py
[2025-11-02T13:53:18.722+0000] {processor.py:830} INFO - Processing file /opt/airflow/dags/dbt_local_dag.py for tasks to queue
[2025-11-02T13:53:18.724+0000] {logging_mixin.py:188} INFO - [2025-11-02T13:53:18.723+0000] {dagbag.py:538} INFO - Filling up the DagBag from /opt/airflow/dags/dbt_local_dag.py
[2025-11-02T13:53:18.769+0000] {processor.py:840} INFO - DAG(s) 'dag_dbt_pipeline' retrieved from /opt/airflow/dags/dbt_local_dag.py
[2025-11-02T13:53:18.950+0000] {logging_mixin.py:188} INFO - [2025-11-02T13:53:18.950+0000] {dag.py:3036} INFO - Sync 1 DAGs
[2025-11-02T13:53:19.083+0000] {logging_mixin.py:188} INFO - [2025-11-02T13:53:19.082+0000] {dag.py:3823} INFO - Setting next_dagrun for dag_dbt_pipeline to 2025-11-02 00:00:00+00:00, run_after=2025-11-03 00:00:00+00:00
[2025-11-02T13:53:19.166+0000] {processor.py:183} INFO - Processing /opt/airflow/dags/dbt_local_dag.py took 0.457 seconds
[2025-11-02T13:53:52.790+0000] {processor.py:161} INFO - Started process (PID=4658) to work on /opt/airflow/dags/dbt_local_dag.py
[2025-11-02T13:53:52.796+0000] {processor.py:830} INFO - Processing file /opt/airflow/dags/dbt_local_dag.py for tasks to queue
[2025-11-02T13:53:52.809+0000] {logging_mixin.py:188} INFO - [2025-11-02T13:53:52.805+0000] {dagbag.py:538} INFO - Filling up the DagBag from /opt/airflow/dags/dbt_local_dag.py
[2025-11-02T13:53:52.890+0000] {processor.py:840} INFO - DAG(s) 'dag_dbt_pipeline' retrieved from /opt/airflow/dags/dbt_local_dag.py
[2025-11-02T13:53:52.978+0000] {logging_mixin.py:188} INFO - [2025-11-02T13:53:52.978+0000] {dag.py:3036} INFO - Sync 1 DAGs
[2025-11-02T13:53:53.121+0000] {logging_mixin.py:188} INFO - [2025-11-02T13:53:53.121+0000] {dag.py:3823} INFO - Setting next_dagrun for dag_dbt_pipeline to 2025-11-02 00:00:00+00:00, run_after=2025-11-03 00:00:00+00:00
[2025-11-02T13:53:53.466+0000] {processor.py:183} INFO - Processing /opt/airflow/dags/dbt_local_dag.py took 0.692 seconds
[2025-11-02T13:54:25.646+0000] {processor.py:161} INFO - Started process (PID=4670) to work on /opt/airflow/dags/dbt_local_dag.py
[2025-11-02T13:54:25.652+0000] {processor.py:830} INFO - Processing file /opt/airflow/dags/dbt_local_dag.py for tasks to queue
[2025-11-02T13:54:25.668+0000] {logging_mixin.py:188} INFO - [2025-11-02T13:54:25.668+0000] {dagbag.py:538} INFO - Filling up the DagBag from /opt/airflow/dags/dbt_local_dag.py
[2025-11-02T13:54:25.762+0000] {processor.py:840} INFO - DAG(s) 'dag_dbt_pipeline' retrieved from /opt/airflow/dags/dbt_local_dag.py
[2025-11-02T13:54:25.874+0000] {logging_mixin.py:188} INFO - [2025-11-02T13:54:25.873+0000] {dag.py:3036} INFO - Sync 1 DAGs
[2025-11-02T13:54:25.961+0000] {logging_mixin.py:188} INFO - [2025-11-02T13:54:25.960+0000] {dag.py:3823} INFO - Setting next_dagrun for dag_dbt_pipeline to 2025-11-02 00:00:00+00:00, run_after=2025-11-03 00:00:00+00:00
[2025-11-02T13:54:26.055+0000] {processor.py:183} INFO - Processing /opt/airflow/dags/dbt_local_dag.py took 0.429 seconds
[2025-11-02T13:54:59.330+0000] {processor.py:161} INFO - Started process (PID=4682) to work on /opt/airflow/dags/dbt_local_dag.py
[2025-11-02T13:54:59.342+0000] {processor.py:830} INFO - Processing file /opt/airflow/dags/dbt_local_dag.py for tasks to queue
[2025-11-02T13:54:59.345+0000] {logging_mixin.py:188} INFO - [2025-11-02T13:54:59.344+0000] {dagbag.py:538} INFO - Filling up the DagBag from /opt/airflow/dags/dbt_local_dag.py
[2025-11-02T13:54:59.784+0000] {processor.py:840} INFO - DAG(s) 'dag_dbt_pipeline' retrieved from /opt/airflow/dags/dbt_local_dag.py
[2025-11-02T13:55:00.016+0000] {logging_mixin.py:188} INFO - [2025-11-02T13:55:00.015+0000] {dag.py:3036} INFO - Sync 1 DAGs
[2025-11-02T13:55:00.081+0000] {logging_mixin.py:188} INFO - [2025-11-02T13:55:00.081+0000] {dag.py:3823} INFO - Setting next_dagrun for dag_dbt_pipeline to 2025-11-02 00:00:00+00:00, run_after=2025-11-03 00:00:00+00:00
[2025-11-02T13:55:00.333+0000] {processor.py:183} INFO - Processing /opt/airflow/dags/dbt_local_dag.py took 1.023 seconds
[2025-11-02T13:55:33.503+0000] {processor.py:161} INFO - Started process (PID=4694) to work on /opt/airflow/dags/dbt_local_dag.py
[2025-11-02T13:55:33.517+0000] {processor.py:830} INFO - Processing file /opt/airflow/dags/dbt_local_dag.py for tasks to queue
[2025-11-02T13:55:33.528+0000] {logging_mixin.py:188} INFO - [2025-11-02T13:55:33.527+0000] {dagbag.py:538} INFO - Filling up the DagBag from /opt/airflow/dags/dbt_local_dag.py
[2025-11-02T13:55:33.790+0000] {processor.py:840} INFO - DAG(s) 'dag_dbt_pipeline' retrieved from /opt/airflow/dags/dbt_local_dag.py
[2025-11-02T13:55:33.866+0000] {logging_mixin.py:188} INFO - [2025-11-02T13:55:33.865+0000] {dag.py:3036} INFO - Sync 1 DAGs
[2025-11-02T13:55:33.966+0000] {logging_mixin.py:188} INFO - [2025-11-02T13:55:33.965+0000] {dag.py:3823} INFO - Setting next_dagrun for dag_dbt_pipeline to 2025-11-02 00:00:00+00:00, run_after=2025-11-03 00:00:00+00:00
[2025-11-02T13:55:34.112+0000] {processor.py:183} INFO - Processing /opt/airflow/dags/dbt_local_dag.py took 0.619 seconds
[2025-11-02T13:56:05.644+0000] {processor.py:161} INFO - Started process (PID=4706) to work on /opt/airflow/dags/dbt_local_dag.py
[2025-11-02T13:56:05.650+0000] {processor.py:830} INFO - Processing file /opt/airflow/dags/dbt_local_dag.py for tasks to queue
[2025-11-02T13:56:05.653+0000] {logging_mixin.py:188} INFO - [2025-11-02T13:56:05.652+0000] {dagbag.py:538} INFO - Filling up the DagBag from /opt/airflow/dags/dbt_local_dag.py
[2025-11-02T13:56:05.705+0000] {processor.py:840} INFO - DAG(s) 'dag_dbt_pipeline' retrieved from /opt/airflow/dags/dbt_local_dag.py
[2025-11-02T13:56:05.810+0000] {logging_mixin.py:188} INFO - [2025-11-02T13:56:05.809+0000] {dag.py:3036} INFO - Sync 1 DAGs
[2025-11-02T13:56:05.868+0000] {logging_mixin.py:188} INFO - [2025-11-02T13:56:05.867+0000] {dag.py:3823} INFO - Setting next_dagrun for dag_dbt_pipeline to 2025-11-02 00:00:00+00:00, run_after=2025-11-03 00:00:00+00:00
[2025-11-02T13:56:06.020+0000] {processor.py:183} INFO - Processing /opt/airflow/dags/dbt_local_dag.py took 0.390 seconds
[2025-11-02T13:56:38.825+0000] {processor.py:161} INFO - Started process (PID=4718) to work on /opt/airflow/dags/dbt_local_dag.py
[2025-11-02T13:56:38.845+0000] {processor.py:830} INFO - Processing file /opt/airflow/dags/dbt_local_dag.py for tasks to queue
[2025-11-02T13:56:38.848+0000] {logging_mixin.py:188} INFO - [2025-11-02T13:56:38.847+0000] {dagbag.py:538} INFO - Filling up the DagBag from /opt/airflow/dags/dbt_local_dag.py
[2025-11-02T13:56:38.940+0000] {processor.py:840} INFO - DAG(s) 'dag_dbt_pipeline' retrieved from /opt/airflow/dags/dbt_local_dag.py
[2025-11-02T13:56:39.115+0000] {logging_mixin.py:188} INFO - [2025-11-02T13:56:39.115+0000] {dag.py:3036} INFO - Sync 1 DAGs
[2025-11-02T13:56:39.290+0000] {logging_mixin.py:188} INFO - [2025-11-02T13:56:39.290+0000] {dag.py:3823} INFO - Setting next_dagrun for dag_dbt_pipeline to 2025-11-02 00:00:00+00:00, run_after=2025-11-03 00:00:00+00:00
[2025-11-02T13:56:39.431+0000] {processor.py:183} INFO - Processing /opt/airflow/dags/dbt_local_dag.py took 0.632 seconds
[2025-11-02T13:57:11.931+0000] {processor.py:161} INFO - Started process (PID=4730) to work on /opt/airflow/dags/dbt_local_dag.py
[2025-11-02T13:57:11.933+0000] {processor.py:830} INFO - Processing file /opt/airflow/dags/dbt_local_dag.py for tasks to queue
[2025-11-02T13:57:11.938+0000] {logging_mixin.py:188} INFO - [2025-11-02T13:57:11.937+0000] {dagbag.py:538} INFO - Filling up the DagBag from /opt/airflow/dags/dbt_local_dag.py
[2025-11-02T13:57:11.982+0000] {processor.py:840} INFO - DAG(s) 'dag_dbt_pipeline' retrieved from /opt/airflow/dags/dbt_local_dag.py
[2025-11-02T13:57:12.043+0000] {logging_mixin.py:188} INFO - [2025-11-02T13:57:12.043+0000] {dag.py:3036} INFO - Sync 1 DAGs
[2025-11-02T13:57:12.090+0000] {logging_mixin.py:188} INFO - [2025-11-02T13:57:12.090+0000] {dag.py:3823} INFO - Setting next_dagrun for dag_dbt_pipeline to 2025-11-02 00:00:00+00:00, run_after=2025-11-03 00:00:00+00:00
[2025-11-02T13:57:12.136+0000] {processor.py:183} INFO - Processing /opt/airflow/dags/dbt_local_dag.py took 0.212 seconds
[2025-11-02T13:57:45.405+0000] {processor.py:161} INFO - Started process (PID=4742) to work on /opt/airflow/dags/dbt_local_dag.py
[2025-11-02T13:57:45.408+0000] {processor.py:830} INFO - Processing file /opt/airflow/dags/dbt_local_dag.py for tasks to queue
[2025-11-02T13:57:45.410+0000] {logging_mixin.py:188} INFO - [2025-11-02T13:57:45.409+0000] {dagbag.py:538} INFO - Filling up the DagBag from /opt/airflow/dags/dbt_local_dag.py
[2025-11-02T13:57:45.452+0000] {processor.py:840} INFO - DAG(s) 'dag_dbt_pipeline' retrieved from /opt/airflow/dags/dbt_local_dag.py
[2025-11-02T13:57:45.501+0000] {logging_mixin.py:188} INFO - [2025-11-02T13:57:45.501+0000] {dag.py:3036} INFO - Sync 1 DAGs
[2025-11-02T13:57:45.558+0000] {logging_mixin.py:188} INFO - [2025-11-02T13:57:45.557+0000] {dag.py:3823} INFO - Setting next_dagrun for dag_dbt_pipeline to 2025-11-02 00:00:00+00:00, run_after=2025-11-03 00:00:00+00:00
[2025-11-02T13:57:45.596+0000] {processor.py:183} INFO - Processing /opt/airflow/dags/dbt_local_dag.py took 0.198 seconds
[2025-11-02T13:58:18.859+0000] {processor.py:161} INFO - Started process (PID=4755) to work on /opt/airflow/dags/dbt_local_dag.py
[2025-11-02T13:58:18.861+0000] {processor.py:830} INFO - Processing file /opt/airflow/dags/dbt_local_dag.py for tasks to queue
[2025-11-02T13:58:18.867+0000] {logging_mixin.py:188} INFO - [2025-11-02T13:58:18.866+0000] {dagbag.py:538} INFO - Filling up the DagBag from /opt/airflow/dags/dbt_local_dag.py
[2025-11-02T13:58:18.934+0000] {processor.py:840} INFO - DAG(s) 'dag_dbt_pipeline' retrieved from /opt/airflow/dags/dbt_local_dag.py
[2025-11-02T13:58:19.028+0000] {logging_mixin.py:188} INFO - [2025-11-02T13:58:19.027+0000] {dag.py:3036} INFO - Sync 1 DAGs
[2025-11-02T13:58:19.082+0000] {logging_mixin.py:188} INFO - [2025-11-02T13:58:19.082+0000] {dag.py:3823} INFO - Setting next_dagrun for dag_dbt_pipeline to 2025-11-02 00:00:00+00:00, run_after=2025-11-03 00:00:00+00:00
[2025-11-02T13:58:19.132+0000] {processor.py:183} INFO - Processing /opt/airflow/dags/dbt_local_dag.py took 0.287 seconds
[2025-11-02T13:58:52.180+0000] {processor.py:161} INFO - Started process (PID=4767) to work on /opt/airflow/dags/dbt_local_dag.py
[2025-11-02T13:58:52.184+0000] {processor.py:830} INFO - Processing file /opt/airflow/dags/dbt_local_dag.py for tasks to queue
[2025-11-02T13:58:52.198+0000] {logging_mixin.py:188} INFO - [2025-11-02T13:58:52.197+0000] {dagbag.py:538} INFO - Filling up the DagBag from /opt/airflow/dags/dbt_local_dag.py
[2025-11-02T13:58:52.308+0000] {processor.py:840} INFO - DAG(s) 'dag_dbt_pipeline' retrieved from /opt/airflow/dags/dbt_local_dag.py
[2025-11-02T13:58:52.510+0000] {logging_mixin.py:188} INFO - [2025-11-02T13:58:52.508+0000] {dag.py:3036} INFO - Sync 1 DAGs
[2025-11-02T13:58:52.696+0000] {logging_mixin.py:188} INFO - [2025-11-02T13:58:52.696+0000] {dag.py:3823} INFO - Setting next_dagrun for dag_dbt_pipeline to 2025-11-02 00:00:00+00:00, run_after=2025-11-03 00:00:00+00:00
[2025-11-02T13:58:52.818+0000] {processor.py:183} INFO - Processing /opt/airflow/dags/dbt_local_dag.py took 0.657 seconds
[2025-11-02T13:59:25.714+0000] {processor.py:161} INFO - Started process (PID=4779) to work on /opt/airflow/dags/dbt_local_dag.py
[2025-11-02T13:59:25.716+0000] {processor.py:830} INFO - Processing file /opt/airflow/dags/dbt_local_dag.py for tasks to queue
[2025-11-02T13:59:25.720+0000] {logging_mixin.py:188} INFO - [2025-11-02T13:59:25.719+0000] {dagbag.py:538} INFO - Filling up the DagBag from /opt/airflow/dags/dbt_local_dag.py
[2025-11-02T13:59:25.779+0000] {processor.py:840} INFO - DAG(s) 'dag_dbt_pipeline' retrieved from /opt/airflow/dags/dbt_local_dag.py
[2025-11-02T13:59:25.824+0000] {logging_mixin.py:188} INFO - [2025-11-02T13:59:25.824+0000] {dag.py:3036} INFO - Sync 1 DAGs
[2025-11-02T13:59:25.874+0000] {logging_mixin.py:188} INFO - [2025-11-02T13:59:25.873+0000] {dag.py:3823} INFO - Setting next_dagrun for dag_dbt_pipeline to 2025-11-02 00:00:00+00:00, run_after=2025-11-03 00:00:00+00:00
[2025-11-02T13:59:25.945+0000] {processor.py:183} INFO - Processing /opt/airflow/dags/dbt_local_dag.py took 0.261 seconds
[2025-11-02T13:59:59.871+0000] {processor.py:161} INFO - Started process (PID=4791) to work on /opt/airflow/dags/dbt_local_dag.py
[2025-11-02T13:59:59.887+0000] {processor.py:830} INFO - Processing file /opt/airflow/dags/dbt_local_dag.py for tasks to queue
[2025-11-02T13:59:59.890+0000] {logging_mixin.py:188} INFO - [2025-11-02T13:59:59.889+0000] {dagbag.py:538} INFO - Filling up the DagBag from /opt/airflow/dags/dbt_local_dag.py
[2025-11-02T14:00:00.188+0000] {processor.py:840} INFO - DAG(s) 'dag_dbt_pipeline' retrieved from /opt/airflow/dags/dbt_local_dag.py
[2025-11-02T14:00:00.376+0000] {logging_mixin.py:188} INFO - [2025-11-02T14:00:00.375+0000] {dag.py:3036} INFO - Sync 1 DAGs
[2025-11-02T14:00:00.720+0000] {logging_mixin.py:188} INFO - [2025-11-02T14:00:00.710+0000] {dag.py:3823} INFO - Setting next_dagrun for dag_dbt_pipeline to 2025-11-02 00:00:00+00:00, run_after=2025-11-03 00:00:00+00:00
[2025-11-02T14:00:01.066+0000] {processor.py:183} INFO - Processing /opt/airflow/dags/dbt_local_dag.py took 1.207 seconds
[2025-11-02T14:00:32.336+0000] {processor.py:161} INFO - Started process (PID=4803) to work on /opt/airflow/dags/dbt_local_dag.py
[2025-11-02T14:00:32.349+0000] {processor.py:830} INFO - Processing file /opt/airflow/dags/dbt_local_dag.py for tasks to queue
[2025-11-02T14:00:32.351+0000] {logging_mixin.py:188} INFO - [2025-11-02T14:00:32.350+0000] {dagbag.py:538} INFO - Filling up the DagBag from /opt/airflow/dags/dbt_local_dag.py
[2025-11-02T14:00:32.494+0000] {processor.py:840} INFO - DAG(s) 'dag_dbt_pipeline' retrieved from /opt/airflow/dags/dbt_local_dag.py
[2025-11-02T14:00:32.655+0000] {logging_mixin.py:188} INFO - [2025-11-02T14:00:32.655+0000] {dag.py:3036} INFO - Sync 1 DAGs
[2025-11-02T14:00:32.861+0000] {logging_mixin.py:188} INFO - [2025-11-02T14:00:32.860+0000] {dag.py:3823} INFO - Setting next_dagrun for dag_dbt_pipeline to 2025-11-02 00:00:00+00:00, run_after=2025-11-03 00:00:00+00:00
[2025-11-02T14:00:33.064+0000] {processor.py:183} INFO - Processing /opt/airflow/dags/dbt_local_dag.py took 0.747 seconds
[2025-11-02T14:01:05.666+0000] {processor.py:161} INFO - Started process (PID=4815) to work on /opt/airflow/dags/dbt_local_dag.py
[2025-11-02T14:01:05.676+0000] {processor.py:830} INFO - Processing file /opt/airflow/dags/dbt_local_dag.py for tasks to queue
[2025-11-02T14:01:05.678+0000] {logging_mixin.py:188} INFO - [2025-11-02T14:01:05.677+0000] {dagbag.py:538} INFO - Filling up the DagBag from /opt/airflow/dags/dbt_local_dag.py
[2025-11-02T14:01:05.726+0000] {processor.py:840} INFO - DAG(s) 'dag_dbt_pipeline' retrieved from /opt/airflow/dags/dbt_local_dag.py
[2025-11-02T14:01:05.783+0000] {logging_mixin.py:188} INFO - [2025-11-02T14:01:05.783+0000] {dag.py:3036} INFO - Sync 1 DAGs
[2025-11-02T14:01:05.828+0000] {logging_mixin.py:188} INFO - [2025-11-02T14:01:05.828+0000] {dag.py:3823} INFO - Setting next_dagrun for dag_dbt_pipeline to 2025-11-02 00:00:00+00:00, run_after=2025-11-03 00:00:00+00:00
[2025-11-02T14:01:05.884+0000] {processor.py:183} INFO - Processing /opt/airflow/dags/dbt_local_dag.py took 0.230 seconds
[2025-11-02T14:01:39.386+0000] {processor.py:161} INFO - Started process (PID=4827) to work on /opt/airflow/dags/dbt_local_dag.py
[2025-11-02T14:01:39.391+0000] {processor.py:830} INFO - Processing file /opt/airflow/dags/dbt_local_dag.py for tasks to queue
[2025-11-02T14:01:39.394+0000] {logging_mixin.py:188} INFO - [2025-11-02T14:01:39.393+0000] {dagbag.py:538} INFO - Filling up the DagBag from /opt/airflow/dags/dbt_local_dag.py
[2025-11-02T14:01:39.503+0000] {processor.py:840} INFO - DAG(s) 'dag_dbt_pipeline' retrieved from /opt/airflow/dags/dbt_local_dag.py
[2025-11-02T14:01:39.694+0000] {logging_mixin.py:188} INFO - [2025-11-02T14:01:39.693+0000] {dag.py:3036} INFO - Sync 1 DAGs
[2025-11-02T14:01:39.904+0000] {logging_mixin.py:188} INFO - [2025-11-02T14:01:39.903+0000] {dag.py:3823} INFO - Setting next_dagrun for dag_dbt_pipeline to 2025-11-02 00:00:00+00:00, run_after=2025-11-03 00:00:00+00:00
[2025-11-02T14:01:40.101+0000] {processor.py:183} INFO - Processing /opt/airflow/dags/dbt_local_dag.py took 0.728 seconds
[2025-11-02T14:02:12.216+0000] {processor.py:161} INFO - Started process (PID=4839) to work on /opt/airflow/dags/dbt_local_dag.py
[2025-11-02T14:02:12.220+0000] {processor.py:830} INFO - Processing file /opt/airflow/dags/dbt_local_dag.py for tasks to queue
[2025-11-02T14:02:12.223+0000] {logging_mixin.py:188} INFO - [2025-11-02T14:02:12.222+0000] {dagbag.py:538} INFO - Filling up the DagBag from /opt/airflow/dags/dbt_local_dag.py
[2025-11-02T14:02:12.278+0000] {processor.py:840} INFO - DAG(s) 'dag_dbt_pipeline' retrieved from /opt/airflow/dags/dbt_local_dag.py
[2025-11-02T14:02:12.335+0000] {logging_mixin.py:188} INFO - [2025-11-02T14:02:12.334+0000] {dag.py:3036} INFO - Sync 1 DAGs
[2025-11-02T14:02:12.389+0000] {logging_mixin.py:188} INFO - [2025-11-02T14:02:12.388+0000] {dag.py:3823} INFO - Setting next_dagrun for dag_dbt_pipeline to 2025-11-02 00:00:00+00:00, run_after=2025-11-03 00:00:00+00:00
[2025-11-02T14:02:12.455+0000] {processor.py:183} INFO - Processing /opt/airflow/dags/dbt_local_dag.py took 0.253 seconds
[2025-11-02T14:02:45.518+0000] {processor.py:161} INFO - Started process (PID=4851) to work on /opt/airflow/dags/dbt_local_dag.py
[2025-11-02T14:02:45.521+0000] {processor.py:830} INFO - Processing file /opt/airflow/dags/dbt_local_dag.py for tasks to queue
[2025-11-02T14:02:45.523+0000] {logging_mixin.py:188} INFO - [2025-11-02T14:02:45.523+0000] {dagbag.py:538} INFO - Filling up the DagBag from /opt/airflow/dags/dbt_local_dag.py
[2025-11-02T14:02:45.621+0000] {processor.py:840} INFO - DAG(s) 'dag_dbt_pipeline' retrieved from /opt/airflow/dags/dbt_local_dag.py
[2025-11-02T14:02:45.767+0000] {logging_mixin.py:188} INFO - [2025-11-02T14:02:45.766+0000] {dag.py:3036} INFO - Sync 1 DAGs
[2025-11-02T14:02:45.835+0000] {logging_mixin.py:188} INFO - [2025-11-02T14:02:45.834+0000] {dag.py:3823} INFO - Setting next_dagrun for dag_dbt_pipeline to 2025-11-02 00:00:00+00:00, run_after=2025-11-03 00:00:00+00:00
[2025-11-02T14:02:46.005+0000] {processor.py:183} INFO - Processing /opt/airflow/dags/dbt_local_dag.py took 0.498 seconds
[2025-11-02T14:03:19.602+0000] {processor.py:161} INFO - Started process (PID=4862) to work on /opt/airflow/dags/dbt_local_dag.py
[2025-11-02T14:03:19.610+0000] {processor.py:830} INFO - Processing file /opt/airflow/dags/dbt_local_dag.py for tasks to queue
[2025-11-02T14:03:19.614+0000] {logging_mixin.py:188} INFO - [2025-11-02T14:03:19.613+0000] {dagbag.py:538} INFO - Filling up the DagBag from /opt/airflow/dags/dbt_local_dag.py
[2025-11-02T14:03:19.702+0000] {processor.py:840} INFO - DAG(s) 'dag_dbt_pipeline' retrieved from /opt/airflow/dags/dbt_local_dag.py
[2025-11-02T14:03:19.778+0000] {logging_mixin.py:188} INFO - [2025-11-02T14:03:19.778+0000] {dag.py:3036} INFO - Sync 1 DAGs
[2025-11-02T14:03:19.925+0000] {logging_mixin.py:188} INFO - [2025-11-02T14:03:19.924+0000] {dag.py:3823} INFO - Setting next_dagrun for dag_dbt_pipeline to 2025-11-02 00:00:00+00:00, run_after=2025-11-03 00:00:00+00:00
[2025-11-02T14:03:20.000+0000] {processor.py:183} INFO - Processing /opt/airflow/dags/dbt_local_dag.py took 0.406 seconds
[2025-11-02T14:03:52.591+0000] {processor.py:161} INFO - Started process (PID=4875) to work on /opt/airflow/dags/dbt_local_dag.py
[2025-11-02T14:03:52.597+0000] {processor.py:830} INFO - Processing file /opt/airflow/dags/dbt_local_dag.py for tasks to queue
[2025-11-02T14:03:52.599+0000] {logging_mixin.py:188} INFO - [2025-11-02T14:03:52.599+0000] {dagbag.py:538} INFO - Filling up the DagBag from /opt/airflow/dags/dbt_local_dag.py
[2025-11-02T14:03:52.644+0000] {processor.py:840} INFO - DAG(s) 'dag_dbt_pipeline' retrieved from /opt/airflow/dags/dbt_local_dag.py
[2025-11-02T14:03:52.701+0000] {logging_mixin.py:188} INFO - [2025-11-02T14:03:52.701+0000] {dag.py:3036} INFO - Sync 1 DAGs
[2025-11-02T14:03:52.756+0000] {logging_mixin.py:188} INFO - [2025-11-02T14:03:52.755+0000] {dag.py:3823} INFO - Setting next_dagrun for dag_dbt_pipeline to 2025-11-02 00:00:00+00:00, run_after=2025-11-03 00:00:00+00:00
[2025-11-02T14:03:52.821+0000] {processor.py:183} INFO - Processing /opt/airflow/dags/dbt_local_dag.py took 0.240 seconds
[2025-11-02T14:04:26.289+0000] {processor.py:161} INFO - Started process (PID=4887) to work on /opt/airflow/dags/dbt_local_dag.py
[2025-11-02T14:04:26.303+0000] {processor.py:830} INFO - Processing file /opt/airflow/dags/dbt_local_dag.py for tasks to queue
[2025-11-02T14:04:26.306+0000] {logging_mixin.py:188} INFO - [2025-11-02T14:04:26.305+0000] {dagbag.py:538} INFO - Filling up the DagBag from /opt/airflow/dags/dbt_local_dag.py
[2025-11-02T14:04:26.421+0000] {processor.py:840} INFO - DAG(s) 'dag_dbt_pipeline' retrieved from /opt/airflow/dags/dbt_local_dag.py
[2025-11-02T14:04:26.602+0000] {logging_mixin.py:188} INFO - [2025-11-02T14:04:26.602+0000] {dag.py:3036} INFO - Sync 1 DAGs
[2025-11-02T14:04:26.782+0000] {logging_mixin.py:188} INFO - [2025-11-02T14:04:26.781+0000] {dag.py:3823} INFO - Setting next_dagrun for dag_dbt_pipeline to 2025-11-02 00:00:00+00:00, run_after=2025-11-03 00:00:00+00:00
[2025-11-02T14:04:26.960+0000] {processor.py:183} INFO - Processing /opt/airflow/dags/dbt_local_dag.py took 0.690 seconds
[2025-11-02T14:04:59.827+0000] {processor.py:161} INFO - Started process (PID=4899) to work on /opt/airflow/dags/dbt_local_dag.py
[2025-11-02T14:04:59.851+0000] {processor.py:830} INFO - Processing file /opt/airflow/dags/dbt_local_dag.py for tasks to queue
[2025-11-02T14:04:59.860+0000] {logging_mixin.py:188} INFO - [2025-11-02T14:04:59.857+0000] {dagbag.py:538} INFO - Filling up the DagBag from /opt/airflow/dags/dbt_local_dag.py
[2025-11-02T14:05:00.138+0000] {processor.py:840} INFO - DAG(s) 'dag_dbt_pipeline' retrieved from /opt/airflow/dags/dbt_local_dag.py
[2025-11-02T14:05:00.572+0000] {logging_mixin.py:188} INFO - [2025-11-02T14:05:00.571+0000] {dag.py:3036} INFO - Sync 1 DAGs
[2025-11-02T14:05:00.971+0000] {logging_mixin.py:188} INFO - [2025-11-02T14:05:00.970+0000] {dag.py:3823} INFO - Setting next_dagrun for dag_dbt_pipeline to 2025-11-02 00:00:00+00:00, run_after=2025-11-03 00:00:00+00:00
[2025-11-02T14:05:01.345+0000] {processor.py:183} INFO - Processing /opt/airflow/dags/dbt_local_dag.py took 1.615 seconds
[2025-11-02T14:05:37.948+0000] {processor.py:161} INFO - Started process (PID=4911) to work on /opt/airflow/dags/dbt_local_dag.py
[2025-11-02T14:05:38.010+0000] {processor.py:830} INFO - Processing file /opt/airflow/dags/dbt_local_dag.py for tasks to queue
[2025-11-02T14:05:38.075+0000] {logging_mixin.py:188} INFO - [2025-11-02T14:05:38.070+0000] {dagbag.py:538} INFO - Filling up the DagBag from /opt/airflow/dags/dbt_local_dag.py
[2025-11-02T14:05:38.675+0000] {processor.py:840} INFO - DAG(s) 'dag_dbt_pipeline' retrieved from /opt/airflow/dags/dbt_local_dag.py
[2025-11-02T14:05:39.077+0000] {logging_mixin.py:188} INFO - [2025-11-02T14:05:39.076+0000] {dag.py:3036} INFO - Sync 1 DAGs
[2025-11-02T14:05:39.343+0000] {logging_mixin.py:188} INFO - [2025-11-02T14:05:39.342+0000] {dag.py:3823} INFO - Setting next_dagrun for dag_dbt_pipeline to 2025-11-02 00:00:00+00:00, run_after=2025-11-03 00:00:00+00:00
[2025-11-02T14:05:39.646+0000] {processor.py:183} INFO - Processing /opt/airflow/dags/dbt_local_dag.py took 1.801 seconds
[2025-11-02T14:06:12.713+0000] {processor.py:161} INFO - Started process (PID=4923) to work on /opt/airflow/dags/dbt_local_dag.py
[2025-11-02T14:06:12.729+0000] {processor.py:830} INFO - Processing file /opt/airflow/dags/dbt_local_dag.py for tasks to queue
[2025-11-02T14:06:12.747+0000] {logging_mixin.py:188} INFO - [2025-11-02T14:06:12.746+0000] {dagbag.py:538} INFO - Filling up the DagBag from /opt/airflow/dags/dbt_local_dag.py
[2025-11-02T14:06:12.883+0000] {processor.py:840} INFO - DAG(s) 'dag_dbt_pipeline' retrieved from /opt/airflow/dags/dbt_local_dag.py
[2025-11-02T14:06:13.150+0000] {logging_mixin.py:188} INFO - [2025-11-02T14:06:13.150+0000] {dag.py:3036} INFO - Sync 1 DAGs
[2025-11-02T14:06:13.418+0000] {logging_mixin.py:188} INFO - [2025-11-02T14:06:13.417+0000] {dag.py:3823} INFO - Setting next_dagrun for dag_dbt_pipeline to 2025-11-02 00:00:00+00:00, run_after=2025-11-03 00:00:00+00:00
[2025-11-02T14:06:13.883+0000] {processor.py:183} INFO - Processing /opt/airflow/dags/dbt_local_dag.py took 1.201 seconds
[2025-11-02T14:06:44.644+0000] {processor.py:161} INFO - Started process (PID=4937) to work on /opt/airflow/dags/dbt_local_dag.py
[2025-11-02T14:06:44.647+0000] {processor.py:830} INFO - Processing file /opt/airflow/dags/dbt_local_dag.py for tasks to queue
[2025-11-02T14:06:44.663+0000] {logging_mixin.py:188} INFO - [2025-11-02T14:06:44.662+0000] {dagbag.py:538} INFO - Filling up the DagBag from /opt/airflow/dags/dbt_local_dag.py
[2025-11-02T14:06:44.838+0000] {processor.py:840} INFO - DAG(s) 'dag_dbt_pipeline' retrieved from /opt/airflow/dags/dbt_local_dag.py
[2025-11-02T14:06:44.938+0000] {logging_mixin.py:188} INFO - [2025-11-02T14:06:44.933+0000] {dag.py:3036} INFO - Sync 1 DAGs
[2025-11-02T14:06:45.005+0000] {logging_mixin.py:188} INFO - [2025-11-02T14:06:45.005+0000] {dag.py:3823} INFO - Setting next_dagrun for dag_dbt_pipeline to 2025-11-02 00:00:00+00:00, run_after=2025-11-03 00:00:00+00:00
[2025-11-02T14:06:45.250+0000] {processor.py:183} INFO - Processing /opt/airflow/dags/dbt_local_dag.py took 0.626 seconds
[2025-11-02T14:07:15.802+0000] {processor.py:161} INFO - Started process (PID=4948) to work on /opt/airflow/dags/dbt_local_dag.py
[2025-11-02T14:07:15.819+0000] {processor.py:830} INFO - Processing file /opt/airflow/dags/dbt_local_dag.py for tasks to queue
[2025-11-02T14:07:15.830+0000] {logging_mixin.py:188} INFO - [2025-11-02T14:07:15.829+0000] {dagbag.py:538} INFO - Filling up the DagBag from /opt/airflow/dags/dbt_local_dag.py
[2025-11-02T14:07:16.037+0000] {processor.py:840} INFO - DAG(s) 'dag_dbt_pipeline' retrieved from /opt/airflow/dags/dbt_local_dag.py
[2025-11-02T14:07:16.162+0000] {logging_mixin.py:188} INFO - [2025-11-02T14:07:16.161+0000] {dag.py:3036} INFO - Sync 1 DAGs
[2025-11-02T14:07:16.250+0000] {logging_mixin.py:188} INFO - [2025-11-02T14:07:16.249+0000] {dag.py:3823} INFO - Setting next_dagrun for dag_dbt_pipeline to 2025-11-02 00:00:00+00:00, run_after=2025-11-03 00:00:00+00:00
[2025-11-02T14:07:16.451+0000] {processor.py:183} INFO - Processing /opt/airflow/dags/dbt_local_dag.py took 0.674 seconds
[2025-11-02T14:07:47.098+0000] {processor.py:161} INFO - Started process (PID=4960) to work on /opt/airflow/dags/dbt_local_dag.py
[2025-11-02T14:07:47.101+0000] {processor.py:830} INFO - Processing file /opt/airflow/dags/dbt_local_dag.py for tasks to queue
[2025-11-02T14:07:47.112+0000] {logging_mixin.py:188} INFO - [2025-11-02T14:07:47.111+0000] {dagbag.py:538} INFO - Filling up the DagBag from /opt/airflow/dags/dbt_local_dag.py
[2025-11-02T14:07:47.173+0000] {processor.py:840} INFO - DAG(s) 'dag_dbt_pipeline' retrieved from /opt/airflow/dags/dbt_local_dag.py
[2025-11-02T14:07:47.251+0000] {logging_mixin.py:188} INFO - [2025-11-02T14:07:47.250+0000] {dag.py:3036} INFO - Sync 1 DAGs
[2025-11-02T14:07:47.387+0000] {logging_mixin.py:188} INFO - [2025-11-02T14:07:47.386+0000] {dag.py:3823} INFO - Setting next_dagrun for dag_dbt_pipeline to 2025-11-02 00:00:00+00:00, run_after=2025-11-03 00:00:00+00:00
[2025-11-02T14:07:47.574+0000] {processor.py:183} INFO - Processing /opt/airflow/dags/dbt_local_dag.py took 0.505 seconds
[2025-11-02T14:08:19.064+0000] {processor.py:161} INFO - Started process (PID=4971) to work on /opt/airflow/dags/dbt_local_dag.py
[2025-11-02T14:08:19.067+0000] {processor.py:830} INFO - Processing file /opt/airflow/dags/dbt_local_dag.py for tasks to queue
[2025-11-02T14:08:19.070+0000] {logging_mixin.py:188} INFO - [2025-11-02T14:08:19.069+0000] {dagbag.py:538} INFO - Filling up the DagBag from /opt/airflow/dags/dbt_local_dag.py
[2025-11-02T14:08:19.207+0000] {processor.py:840} INFO - DAG(s) 'dag_dbt_pipeline' retrieved from /opt/airflow/dags/dbt_local_dag.py
[2025-11-02T14:08:19.369+0000] {logging_mixin.py:188} INFO - [2025-11-02T14:08:19.369+0000] {dag.py:3036} INFO - Sync 1 DAGs
[2025-11-02T14:08:19.532+0000] {logging_mixin.py:188} INFO - [2025-11-02T14:08:19.531+0000] {dag.py:3823} INFO - Setting next_dagrun for dag_dbt_pipeline to 2025-11-02 00:00:00+00:00, run_after=2025-11-03 00:00:00+00:00
[2025-11-02T14:08:19.661+0000] {processor.py:183} INFO - Processing /opt/airflow/dags/dbt_local_dag.py took 0.605 seconds
[2025-11-02T14:08:52.952+0000] {processor.py:161} INFO - Started process (PID=4983) to work on /opt/airflow/dags/dbt_local_dag.py
[2025-11-02T14:08:52.957+0000] {processor.py:830} INFO - Processing file /opt/airflow/dags/dbt_local_dag.py for tasks to queue
[2025-11-02T14:08:52.960+0000] {logging_mixin.py:188} INFO - [2025-11-02T14:08:52.959+0000] {dagbag.py:538} INFO - Filling up the DagBag from /opt/airflow/dags/dbt_local_dag.py
[2025-11-02T14:08:53.050+0000] {processor.py:840} INFO - DAG(s) 'dag_dbt_pipeline' retrieved from /opt/airflow/dags/dbt_local_dag.py
[2025-11-02T14:08:53.209+0000] {logging_mixin.py:188} INFO - [2025-11-02T14:08:53.209+0000] {dag.py:3036} INFO - Sync 1 DAGs
[2025-11-02T14:08:53.324+0000] {logging_mixin.py:188} INFO - [2025-11-02T14:08:53.323+0000] {dag.py:3823} INFO - Setting next_dagrun for dag_dbt_pipeline to 2025-11-02 00:00:00+00:00, run_after=2025-11-03 00:00:00+00:00
[2025-11-02T14:08:53.407+0000] {processor.py:183} INFO - Processing /opt/airflow/dags/dbt_local_dag.py took 0.469 seconds
[2025-11-02T14:09:26.948+0000] {processor.py:161} INFO - Started process (PID=4995) to work on /opt/airflow/dags/dbt_local_dag.py
[2025-11-02T14:09:26.951+0000] {processor.py:830} INFO - Processing file /opt/airflow/dags/dbt_local_dag.py for tasks to queue
[2025-11-02T14:09:26.963+0000] {logging_mixin.py:188} INFO - [2025-11-02T14:09:26.962+0000] {dagbag.py:538} INFO - Filling up the DagBag from /opt/airflow/dags/dbt_local_dag.py
[2025-11-02T14:09:27.076+0000] {processor.py:840} INFO - DAG(s) 'dag_dbt_pipeline' retrieved from /opt/airflow/dags/dbt_local_dag.py
[2025-11-02T14:09:27.208+0000] {logging_mixin.py:188} INFO - [2025-11-02T14:09:27.207+0000] {dag.py:3036} INFO - Sync 1 DAGs
[2025-11-02T14:09:27.379+0000] {logging_mixin.py:188} INFO - [2025-11-02T14:09:27.378+0000] {dag.py:3823} INFO - Setting next_dagrun for dag_dbt_pipeline to 2025-11-02 00:00:00+00:00, run_after=2025-11-03 00:00:00+00:00
[2025-11-02T14:09:27.687+0000] {processor.py:183} INFO - Processing /opt/airflow/dags/dbt_local_dag.py took 0.761 seconds
[2025-11-02T14:09:59.733+0000] {processor.py:161} INFO - Started process (PID=5007) to work on /opt/airflow/dags/dbt_local_dag.py
[2025-11-02T14:09:59.735+0000] {processor.py:830} INFO - Processing file /opt/airflow/dags/dbt_local_dag.py for tasks to queue
[2025-11-02T14:09:59.737+0000] {logging_mixin.py:188} INFO - [2025-11-02T14:09:59.736+0000] {dagbag.py:538} INFO - Filling up the DagBag from /opt/airflow/dags/dbt_local_dag.py
[2025-11-02T14:09:59.769+0000] {processor.py:840} INFO - DAG(s) 'dag_dbt_pipeline' retrieved from /opt/airflow/dags/dbt_local_dag.py
[2025-11-02T14:09:59.906+0000] {logging_mixin.py:188} INFO - [2025-11-02T14:09:59.906+0000] {dag.py:3036} INFO - Sync 1 DAGs
[2025-11-02T14:10:00.055+0000] {logging_mixin.py:188} INFO - [2025-11-02T14:10:00.054+0000] {dag.py:3823} INFO - Setting next_dagrun for dag_dbt_pipeline to 2025-11-02 00:00:00+00:00, run_after=2025-11-03 00:00:00+00:00
[2025-11-02T14:10:00.196+0000] {processor.py:183} INFO - Processing /opt/airflow/dags/dbt_local_dag.py took 0.470 seconds
[2025-11-02T14:10:33.085+0000] {processor.py:161} INFO - Started process (PID=5019) to work on /opt/airflow/dags/dbt_local_dag.py
[2025-11-02T14:10:33.088+0000] {processor.py:830} INFO - Processing file /opt/airflow/dags/dbt_local_dag.py for tasks to queue
[2025-11-02T14:10:33.092+0000] {logging_mixin.py:188} INFO - [2025-11-02T14:10:33.092+0000] {dagbag.py:538} INFO - Filling up the DagBag from /opt/airflow/dags/dbt_local_dag.py
[2025-11-02T14:10:33.140+0000] {processor.py:840} INFO - DAG(s) 'dag_dbt_pipeline' retrieved from /opt/airflow/dags/dbt_local_dag.py
[2025-11-02T14:10:33.233+0000] {logging_mixin.py:188} INFO - [2025-11-02T14:10:33.232+0000] {dag.py:3036} INFO - Sync 1 DAGs
[2025-11-02T14:10:33.280+0000] {logging_mixin.py:188} INFO - [2025-11-02T14:10:33.280+0000] {dag.py:3823} INFO - Setting next_dagrun for dag_dbt_pipeline to 2025-11-02 00:00:00+00:00, run_after=2025-11-03 00:00:00+00:00
[2025-11-02T14:10:33.337+0000] {processor.py:183} INFO - Processing /opt/airflow/dags/dbt_local_dag.py took 0.259 seconds
[2025-11-02T14:11:07.033+0000] {processor.py:161} INFO - Started process (PID=5031) to work on /opt/airflow/dags/dbt_local_dag.py
[2025-11-02T14:11:07.039+0000] {processor.py:830} INFO - Processing file /opt/airflow/dags/dbt_local_dag.py for tasks to queue
[2025-11-02T14:11:07.044+0000] {logging_mixin.py:188} INFO - [2025-11-02T14:11:07.043+0000] {dagbag.py:538} INFO - Filling up the DagBag from /opt/airflow/dags/dbt_local_dag.py
[2025-11-02T14:11:07.139+0000] {processor.py:840} INFO - DAG(s) 'dag_dbt_pipeline' retrieved from /opt/airflow/dags/dbt_local_dag.py
[2025-11-02T14:11:07.284+0000] {logging_mixin.py:188} INFO - [2025-11-02T14:11:07.283+0000] {dag.py:3036} INFO - Sync 1 DAGs
[2025-11-02T14:11:07.360+0000] {logging_mixin.py:188} INFO - [2025-11-02T14:11:07.360+0000] {dag.py:3823} INFO - Setting next_dagrun for dag_dbt_pipeline to 2025-11-02 00:00:00+00:00, run_after=2025-11-03 00:00:00+00:00
[2025-11-02T14:11:07.427+0000] {processor.py:183} INFO - Processing /opt/airflow/dags/dbt_local_dag.py took 0.405 seconds
[2025-11-02T14:11:39.506+0000] {processor.py:161} INFO - Started process (PID=5037) to work on /opt/airflow/dags/dbt_local_dag.py
[2025-11-02T14:11:39.519+0000] {processor.py:830} INFO - Processing file /opt/airflow/dags/dbt_local_dag.py for tasks to queue
[2025-11-02T14:11:39.523+0000] {logging_mixin.py:188} INFO - [2025-11-02T14:11:39.522+0000] {dagbag.py:538} INFO - Filling up the DagBag from /opt/airflow/dags/dbt_local_dag.py
[2025-11-02T14:11:39.684+0000] {processor.py:840} INFO - DAG(s) 'dag_dbt_pipeline' retrieved from /opt/airflow/dags/dbt_local_dag.py
[2025-11-02T14:11:39.876+0000] {logging_mixin.py:188} INFO - [2025-11-02T14:11:39.875+0000] {dag.py:3036} INFO - Sync 1 DAGs
[2025-11-02T14:11:40.050+0000] {logging_mixin.py:188} INFO - [2025-11-02T14:11:40.049+0000] {dag.py:3823} INFO - Setting next_dagrun for dag_dbt_pipeline to 2025-11-02 00:00:00+00:00, run_after=2025-11-03 00:00:00+00:00
[2025-11-02T14:11:40.201+0000] {processor.py:183} INFO - Processing /opt/airflow/dags/dbt_local_dag.py took 0.712 seconds
[2025-11-02T14:12:12.679+0000] {processor.py:161} INFO - Started process (PID=5049) to work on /opt/airflow/dags/dbt_local_dag.py
[2025-11-02T14:12:12.682+0000] {processor.py:830} INFO - Processing file /opt/airflow/dags/dbt_local_dag.py for tasks to queue
[2025-11-02T14:12:12.685+0000] {logging_mixin.py:188} INFO - [2025-11-02T14:12:12.684+0000] {dagbag.py:538} INFO - Filling up the DagBag from /opt/airflow/dags/dbt_local_dag.py
[2025-11-02T14:12:12.741+0000] {processor.py:840} INFO - DAG(s) 'dag_dbt_pipeline' retrieved from /opt/airflow/dags/dbt_local_dag.py
[2025-11-02T14:12:12.859+0000] {logging_mixin.py:188} INFO - [2025-11-02T14:12:12.859+0000] {dag.py:3036} INFO - Sync 1 DAGs
[2025-11-02T14:12:13.008+0000] {logging_mixin.py:188} INFO - [2025-11-02T14:12:13.008+0000] {dag.py:3823} INFO - Setting next_dagrun for dag_dbt_pipeline to 2025-11-02 00:00:00+00:00, run_after=2025-11-03 00:00:00+00:00
[2025-11-02T14:12:13.073+0000] {processor.py:183} INFO - Processing /opt/airflow/dags/dbt_local_dag.py took 0.407 seconds
[2025-11-02T14:12:47.364+0000] {processor.py:161} INFO - Started process (PID=5062) to work on /opt/airflow/dags/dbt_local_dag.py
[2025-11-02T14:12:47.379+0000] {processor.py:830} INFO - Processing file /opt/airflow/dags/dbt_local_dag.py for tasks to queue
[2025-11-02T14:12:47.388+0000] {logging_mixin.py:188} INFO - [2025-11-02T14:12:47.386+0000] {dagbag.py:538} INFO - Filling up the DagBag from /opt/airflow/dags/dbt_local_dag.py
[2025-11-02T14:12:47.499+0000] {processor.py:840} INFO - DAG(s) 'dag_dbt_pipeline' retrieved from /opt/airflow/dags/dbt_local_dag.py
[2025-11-02T14:12:47.617+0000] {logging_mixin.py:188} INFO - [2025-11-02T14:12:47.617+0000] {dag.py:3036} INFO - Sync 1 DAGs
[2025-11-02T14:12:47.670+0000] {logging_mixin.py:188} INFO - [2025-11-02T14:12:47.669+0000] {dag.py:3823} INFO - Setting next_dagrun for dag_dbt_pipeline to 2025-11-02 00:00:00+00:00, run_after=2025-11-03 00:00:00+00:00
[2025-11-02T14:12:47.998+0000] {processor.py:183} INFO - Processing /opt/airflow/dags/dbt_local_dag.py took 0.667 seconds
[2025-11-02T14:13:19.734+0000] {processor.py:161} INFO - Started process (PID=5073) to work on /opt/airflow/dags/dbt_local_dag.py
[2025-11-02T14:13:19.744+0000] {processor.py:830} INFO - Processing file /opt/airflow/dags/dbt_local_dag.py for tasks to queue
[2025-11-02T14:13:19.747+0000] {logging_mixin.py:188} INFO - [2025-11-02T14:13:19.746+0000] {dagbag.py:538} INFO - Filling up the DagBag from /opt/airflow/dags/dbt_local_dag.py
[2025-11-02T14:13:19.823+0000] {processor.py:840} INFO - DAG(s) 'dag_dbt_pipeline' retrieved from /opt/airflow/dags/dbt_local_dag.py
[2025-11-02T14:13:19.913+0000] {logging_mixin.py:188} INFO - [2025-11-02T14:13:19.911+0000] {dag.py:3036} INFO - Sync 1 DAGs
[2025-11-02T14:13:20.032+0000] {logging_mixin.py:188} INFO - [2025-11-02T14:13:20.031+0000] {dag.py:3823} INFO - Setting next_dagrun for dag_dbt_pipeline to 2025-11-02 00:00:00+00:00, run_after=2025-11-03 00:00:00+00:00
[2025-11-02T14:13:20.098+0000] {processor.py:183} INFO - Processing /opt/airflow/dags/dbt_local_dag.py took 0.372 seconds
[2025-11-02T14:13:53.947+0000] {processor.py:161} INFO - Started process (PID=5085) to work on /opt/airflow/dags/dbt_local_dag.py
[2025-11-02T14:13:53.949+0000] {processor.py:830} INFO - Processing file /opt/airflow/dags/dbt_local_dag.py for tasks to queue
[2025-11-02T14:13:53.951+0000] {logging_mixin.py:188} INFO - [2025-11-02T14:13:53.950+0000] {dagbag.py:538} INFO - Filling up the DagBag from /opt/airflow/dags/dbt_local_dag.py
[2025-11-02T14:13:53.990+0000] {processor.py:840} INFO - DAG(s) 'dag_dbt_pipeline' retrieved from /opt/airflow/dags/dbt_local_dag.py
[2025-11-02T14:13:54.038+0000] {logging_mixin.py:188} INFO - [2025-11-02T14:13:54.038+0000] {dag.py:3036} INFO - Sync 1 DAGs
[2025-11-02T14:13:54.082+0000] {logging_mixin.py:188} INFO - [2025-11-02T14:13:54.082+0000] {dag.py:3823} INFO - Setting next_dagrun for dag_dbt_pipeline to 2025-11-02 00:00:00+00:00, run_after=2025-11-03 00:00:00+00:00
[2025-11-02T14:13:54.411+0000] {processor.py:183} INFO - Processing /opt/airflow/dags/dbt_local_dag.py took 0.471 seconds
[2025-11-02T14:14:26.106+0000] {processor.py:161} INFO - Started process (PID=5097) to work on /opt/airflow/dags/dbt_local_dag.py
[2025-11-02T14:14:26.110+0000] {processor.py:830} INFO - Processing file /opt/airflow/dags/dbt_local_dag.py for tasks to queue
[2025-11-02T14:14:26.113+0000] {logging_mixin.py:188} INFO - [2025-11-02T14:14:26.112+0000] {dagbag.py:538} INFO - Filling up the DagBag from /opt/airflow/dags/dbt_local_dag.py
[2025-11-02T14:14:26.169+0000] {processor.py:840} INFO - DAG(s) 'dag_dbt_pipeline' retrieved from /opt/airflow/dags/dbt_local_dag.py
[2025-11-02T14:14:26.226+0000] {logging_mixin.py:188} INFO - [2025-11-02T14:14:26.225+0000] {dag.py:3036} INFO - Sync 1 DAGs
[2025-11-02T14:14:26.276+0000] {logging_mixin.py:188} INFO - [2025-11-02T14:14:26.276+0000] {dag.py:3823} INFO - Setting next_dagrun for dag_dbt_pipeline to 2025-11-02 00:00:00+00:00, run_after=2025-11-03 00:00:00+00:00
[2025-11-02T14:14:26.313+0000] {processor.py:183} INFO - Processing /opt/airflow/dags/dbt_local_dag.py took 0.215 seconds
[2025-11-02T14:14:59.872+0000] {processor.py:161} INFO - Started process (PID=5109) to work on /opt/airflow/dags/dbt_local_dag.py
[2025-11-02T14:14:59.874+0000] {processor.py:830} INFO - Processing file /opt/airflow/dags/dbt_local_dag.py for tasks to queue
[2025-11-02T14:14:59.877+0000] {logging_mixin.py:188} INFO - [2025-11-02T14:14:59.875+0000] {dagbag.py:538} INFO - Filling up the DagBag from /opt/airflow/dags/dbt_local_dag.py
[2025-11-02T14:14:59.940+0000] {processor.py:840} INFO - DAG(s) 'dag_dbt_pipeline' retrieved from /opt/airflow/dags/dbt_local_dag.py
[2025-11-02T14:15:00.019+0000] {logging_mixin.py:188} INFO - [2025-11-02T14:15:00.018+0000] {dag.py:3036} INFO - Sync 1 DAGs
[2025-11-02T14:15:00.061+0000] {logging_mixin.py:188} INFO - [2025-11-02T14:15:00.061+0000] {dag.py:3823} INFO - Setting next_dagrun for dag_dbt_pipeline to 2025-11-02 00:00:00+00:00, run_after=2025-11-03 00:00:00+00:00
[2025-11-02T14:15:00.114+0000] {processor.py:183} INFO - Processing /opt/airflow/dags/dbt_local_dag.py took 0.251 seconds
[2025-11-02T14:15:33.236+0000] {processor.py:161} INFO - Started process (PID=5121) to work on /opt/airflow/dags/dbt_local_dag.py
[2025-11-02T14:15:33.239+0000] {processor.py:830} INFO - Processing file /opt/airflow/dags/dbt_local_dag.py for tasks to queue
[2025-11-02T14:15:33.241+0000] {logging_mixin.py:188} INFO - [2025-11-02T14:15:33.240+0000] {dagbag.py:538} INFO - Filling up the DagBag from /opt/airflow/dags/dbt_local_dag.py
[2025-11-02T14:15:33.289+0000] {processor.py:840} INFO - DAG(s) 'dag_dbt_pipeline' retrieved from /opt/airflow/dags/dbt_local_dag.py
[2025-11-02T14:15:33.351+0000] {logging_mixin.py:188} INFO - [2025-11-02T14:15:33.351+0000] {dag.py:3036} INFO - Sync 1 DAGs
[2025-11-02T14:15:33.413+0000] {logging_mixin.py:188} INFO - [2025-11-02T14:15:33.413+0000] {dag.py:3823} INFO - Setting next_dagrun for dag_dbt_pipeline to 2025-11-02 00:00:00+00:00, run_after=2025-11-03 00:00:00+00:00
[2025-11-02T14:15:33.479+0000] {processor.py:183} INFO - Processing /opt/airflow/dags/dbt_local_dag.py took 0.251 seconds
[2025-11-02T14:16:06.464+0000] {processor.py:161} INFO - Started process (PID=5133) to work on /opt/airflow/dags/dbt_local_dag.py
[2025-11-02T14:16:06.467+0000] {processor.py:830} INFO - Processing file /opt/airflow/dags/dbt_local_dag.py for tasks to queue
[2025-11-02T14:16:06.470+0000] {logging_mixin.py:188} INFO - [2025-11-02T14:16:06.468+0000] {dagbag.py:538} INFO - Filling up the DagBag from /opt/airflow/dags/dbt_local_dag.py
[2025-11-02T14:16:06.512+0000] {processor.py:840} INFO - DAG(s) 'dag_dbt_pipeline' retrieved from /opt/airflow/dags/dbt_local_dag.py
[2025-11-02T14:16:06.557+0000] {logging_mixin.py:188} INFO - [2025-11-02T14:16:06.557+0000] {dag.py:3036} INFO - Sync 1 DAGs
[2025-11-02T14:16:06.605+0000] {logging_mixin.py:188} INFO - [2025-11-02T14:16:06.605+0000] {dag.py:3823} INFO - Setting next_dagrun for dag_dbt_pipeline to 2025-11-02 00:00:00+00:00, run_after=2025-11-03 00:00:00+00:00
[2025-11-02T14:16:06.639+0000] {processor.py:183} INFO - Processing /opt/airflow/dags/dbt_local_dag.py took 0.183 seconds
[2025-11-02T14:16:39.852+0000] {processor.py:161} INFO - Started process (PID=5145) to work on /opt/airflow/dags/dbt_local_dag.py
[2025-11-02T14:16:39.855+0000] {processor.py:830} INFO - Processing file /opt/airflow/dags/dbt_local_dag.py for tasks to queue
[2025-11-02T14:16:39.859+0000] {logging_mixin.py:188} INFO - [2025-11-02T14:16:39.858+0000] {dagbag.py:538} INFO - Filling up the DagBag from /opt/airflow/dags/dbt_local_dag.py
[2025-11-02T14:16:39.923+0000] {processor.py:840} INFO - DAG(s) 'dag_dbt_pipeline' retrieved from /opt/airflow/dags/dbt_local_dag.py
[2025-11-02T14:16:40.026+0000] {logging_mixin.py:188} INFO - [2025-11-02T14:16:40.026+0000] {dag.py:3036} INFO - Sync 1 DAGs
[2025-11-02T14:16:40.107+0000] {logging_mixin.py:188} INFO - [2025-11-02T14:16:40.106+0000] {dag.py:3823} INFO - Setting next_dagrun for dag_dbt_pipeline to 2025-11-02 00:00:00+00:00, run_after=2025-11-03 00:00:00+00:00
[2025-11-02T14:16:40.153+0000] {processor.py:183} INFO - Processing /opt/airflow/dags/dbt_local_dag.py took 0.313 seconds
[2025-11-02T14:17:12.945+0000] {processor.py:161} INFO - Started process (PID=5157) to work on /opt/airflow/dags/dbt_local_dag.py
[2025-11-02T14:17:12.956+0000] {processor.py:830} INFO - Processing file /opt/airflow/dags/dbt_local_dag.py for tasks to queue
[2025-11-02T14:17:12.963+0000] {logging_mixin.py:188} INFO - [2025-11-02T14:17:12.962+0000] {dagbag.py:538} INFO - Filling up the DagBag from /opt/airflow/dags/dbt_local_dag.py
[2025-11-02T14:17:13.088+0000] {processor.py:840} INFO - DAG(s) 'dag_dbt_pipeline' retrieved from /opt/airflow/dags/dbt_local_dag.py
[2025-11-02T14:17:13.236+0000] {logging_mixin.py:188} INFO - [2025-11-02T14:17:13.236+0000] {dag.py:3036} INFO - Sync 1 DAGs
[2025-11-02T14:17:13.334+0000] {logging_mixin.py:188} INFO - [2025-11-02T14:17:13.331+0000] {dag.py:3823} INFO - Setting next_dagrun for dag_dbt_pipeline to 2025-11-02 00:00:00+00:00, run_after=2025-11-03 00:00:00+00:00
[2025-11-02T14:17:13.474+0000] {processor.py:183} INFO - Processing /opt/airflow/dags/dbt_local_dag.py took 0.554 seconds
[2025-11-02T14:17:46.354+0000] {processor.py:161} INFO - Started process (PID=5169) to work on /opt/airflow/dags/dbt_local_dag.py
[2025-11-02T14:17:46.357+0000] {processor.py:830} INFO - Processing file /opt/airflow/dags/dbt_local_dag.py for tasks to queue
[2025-11-02T14:17:46.360+0000] {logging_mixin.py:188} INFO - [2025-11-02T14:17:46.359+0000] {dagbag.py:538} INFO - Filling up the DagBag from /opt/airflow/dags/dbt_local_dag.py
[2025-11-02T14:17:46.447+0000] {processor.py:840} INFO - DAG(s) 'dag_dbt_pipeline' retrieved from /opt/airflow/dags/dbt_local_dag.py
[2025-11-02T14:17:46.702+0000] {logging_mixin.py:188} INFO - [2025-11-02T14:17:46.701+0000] {dag.py:3036} INFO - Sync 1 DAGs
[2025-11-02T14:17:46.828+0000] {logging_mixin.py:188} INFO - [2025-11-02T14:17:46.827+0000] {dag.py:3823} INFO - Setting next_dagrun for dag_dbt_pipeline to 2025-11-02 00:00:00+00:00, run_after=2025-11-03 00:00:00+00:00
[2025-11-02T14:17:46.917+0000] {processor.py:183} INFO - Processing /opt/airflow/dags/dbt_local_dag.py took 0.573 seconds
[2025-11-02T14:18:19.571+0000] {processor.py:161} INFO - Started process (PID=5181) to work on /opt/airflow/dags/dbt_local_dag.py
[2025-11-02T14:18:19.573+0000] {processor.py:830} INFO - Processing file /opt/airflow/dags/dbt_local_dag.py for tasks to queue
[2025-11-02T14:18:19.575+0000] {logging_mixin.py:188} INFO - [2025-11-02T14:18:19.575+0000] {dagbag.py:538} INFO - Filling up the DagBag from /opt/airflow/dags/dbt_local_dag.py
[2025-11-02T14:18:19.617+0000] {processor.py:840} INFO - DAG(s) 'dag_dbt_pipeline' retrieved from /opt/airflow/dags/dbt_local_dag.py
[2025-11-02T14:18:19.710+0000] {logging_mixin.py:188} INFO - [2025-11-02T14:18:19.710+0000] {dag.py:3036} INFO - Sync 1 DAGs
[2025-11-02T14:18:19.785+0000] {logging_mixin.py:188} INFO - [2025-11-02T14:18:19.785+0000] {dag.py:3823} INFO - Setting next_dagrun for dag_dbt_pipeline to 2025-11-02 00:00:00+00:00, run_after=2025-11-03 00:00:00+00:00
[2025-11-02T14:18:19.904+0000] {processor.py:183} INFO - Processing /opt/airflow/dags/dbt_local_dag.py took 0.341 seconds
[2025-11-02T14:18:53.275+0000] {processor.py:161} INFO - Started process (PID=5193) to work on /opt/airflow/dags/dbt_local_dag.py
[2025-11-02T14:18:53.278+0000] {processor.py:830} INFO - Processing file /opt/airflow/dags/dbt_local_dag.py for tasks to queue
[2025-11-02T14:18:53.280+0000] {logging_mixin.py:188} INFO - [2025-11-02T14:18:53.279+0000] {dagbag.py:538} INFO - Filling up the DagBag from /opt/airflow/dags/dbt_local_dag.py
[2025-11-02T14:18:53.329+0000] {processor.py:840} INFO - DAG(s) 'dag_dbt_pipeline' retrieved from /opt/airflow/dags/dbt_local_dag.py
[2025-11-02T14:18:53.385+0000] {logging_mixin.py:188} INFO - [2025-11-02T14:18:53.385+0000] {dag.py:3036} INFO - Sync 1 DAGs
[2025-11-02T14:18:53.442+0000] {logging_mixin.py:188} INFO - [2025-11-02T14:18:53.442+0000] {dag.py:3823} INFO - Setting next_dagrun for dag_dbt_pipeline to 2025-11-02 00:00:00+00:00, run_after=2025-11-03 00:00:00+00:00
[2025-11-02T14:18:53.565+0000] {processor.py:183} INFO - Processing /opt/airflow/dags/dbt_local_dag.py took 0.304 seconds
[2025-11-02T14:19:26.391+0000] {processor.py:161} INFO - Started process (PID=5205) to work on /opt/airflow/dags/dbt_local_dag.py
[2025-11-02T14:19:26.398+0000] {processor.py:830} INFO - Processing file /opt/airflow/dags/dbt_local_dag.py for tasks to queue
[2025-11-02T14:19:26.402+0000] {logging_mixin.py:188} INFO - [2025-11-02T14:19:26.400+0000] {dagbag.py:538} INFO - Filling up the DagBag from /opt/airflow/dags/dbt_local_dag.py
[2025-11-02T14:19:26.467+0000] {processor.py:840} INFO - DAG(s) 'dag_dbt_pipeline' retrieved from /opt/airflow/dags/dbt_local_dag.py
[2025-11-02T14:19:26.519+0000] {logging_mixin.py:188} INFO - [2025-11-02T14:19:26.519+0000] {dag.py:3036} INFO - Sync 1 DAGs
[2025-11-02T14:19:26.560+0000] {logging_mixin.py:188} INFO - [2025-11-02T14:19:26.560+0000] {dag.py:3823} INFO - Setting next_dagrun for dag_dbt_pipeline to 2025-11-02 00:00:00+00:00, run_after=2025-11-03 00:00:00+00:00
[2025-11-02T14:19:26.753+0000] {processor.py:183} INFO - Processing /opt/airflow/dags/dbt_local_dag.py took 0.373 seconds
