[2025-11-02T10:18:38.113+0000] {processor.py:161} INFO - Started process (PID=45) to work on /opt/airflow/dags/my_dag.py
[2025-11-02T10:18:38.142+0000] {processor.py:830} INFO - Processing file /opt/airflow/dags/my_dag.py for tasks to queue
[2025-11-02T10:18:38.173+0000] {logging_mixin.py:188} INFO - [2025-11-02T10:18:38.172+0000] {dagbag.py:538} INFO - Filling up the DagBag from /opt/airflow/dags/my_dag.py
[2025-11-02T10:18:54.682+0000] {processor.py:840} INFO - DAG(s) 'my_dag' retrieved from /opt/airflow/dags/my_dag.py
[2025-11-02T10:18:54.770+0000] {logging_mixin.py:188} INFO - [2025-11-02T10:18:54.769+0000] {dag.py:3036} INFO - Sync 1 DAGs
[2025-11-02T10:18:54.797+0000] {logging_mixin.py:188} INFO - [2025-11-02T10:18:54.796+0000] {dag.py:3823} INFO - Setting next_dagrun for my_dag to None, run_after=None
[2025-11-02T10:18:54.926+0000] {processor.py:183} INFO - Processing /opt/airflow/dags/my_dag.py took 14.116 seconds
[2025-11-02T10:19:29.280+0000] {processor.py:161} INFO - Started process (PID=64) to work on /opt/airflow/dags/my_dag.py
[2025-11-02T10:19:29.453+0000] {processor.py:830} INFO - Processing file /opt/airflow/dags/my_dag.py for tasks to queue
[2025-11-02T10:19:29.644+0000] {logging_mixin.py:188} INFO - [2025-11-02T10:19:29.631+0000] {dagbag.py:538} INFO - Filling up the DagBag from /opt/airflow/dags/my_dag.py
[2025-11-02T10:20:05.092+0000] {logging_mixin.py:188} INFO - [2025-11-02T10:20:05.091+0000] {timeout.py:68} ERROR - Process timed out, PID: 64
[2025-11-02T10:20:05.124+0000] {logging_mixin.py:188} WARNING - Exception ignored in: <function _collection_gced at 0x753755e93670>
[2025-11-02T10:20:05.267+0000] {logging_mixin.py:188} WARNING - Traceback (most recent call last):
[2025-11-02T10:20:05.325+0000] {logging_mixin.py:188} WARNING -   File "/home/airflow/.local/lib/python3.8/site-packages/sqlalchemy/event/registry.py", line 53, in _collection_gced
[2025-11-02T10:20:05.391+0000] {logging_mixin.py:188} WARNING -     def _collection_gced(ref):
[2025-11-02T10:20:05.403+0000] {logging_mixin.py:188} WARNING -   File "/home/airflow/.local/lib/python3.8/site-packages/airflow/utils/timeout.py", line 69, in handle_timeout
[2025-11-02T10:20:05.429+0000] {logging_mixin.py:188} WARNING -     raise AirflowTaskTimeout(self.error_message)
[2025-11-02T10:20:05.455+0000] {logging_mixin.py:188} WARNING - airflow.exceptions.AirflowTaskTimeout: DagBag import timeout for /opt/airflow/dags/my_dag.py after 30.0s.
Please take a look at these docs to improve your DAG import time:
* https://airflow.apache.org/docs/apache-airflow/2.8.1/best-practices.html#top-level-python-code
* https://airflow.apache.org/docs/apache-airflow/2.8.1/best-practices.html#reducing-dag-complexity, PID: 64
[2025-11-02T10:20:07.614+0000] {processor.py:840} INFO - DAG(s) 'my_dag' retrieved from /opt/airflow/dags/my_dag.py
[2025-11-02T10:20:08.795+0000] {logging_mixin.py:188} INFO - [2025-11-02T10:20:08.766+0000] {dag.py:3036} INFO - Sync 1 DAGs
[2025-11-02T10:20:09.027+0000] {logging_mixin.py:188} INFO - [2025-11-02T10:20:09.027+0000] {dag.py:3823} INFO - Setting next_dagrun for my_dag to None, run_after=None
[2025-11-02T10:20:09.650+0000] {processor.py:183} INFO - Processing /opt/airflow/dags/my_dag.py took 39.298 seconds
[2025-11-02T10:20:49.943+0000] {processor.py:161} INFO - Started process (PID=85) to work on /opt/airflow/dags/my_dag.py
[2025-11-02T10:20:50.083+0000] {processor.py:830} INFO - Processing file /opt/airflow/dags/my_dag.py for tasks to queue
[2025-11-02T10:20:50.341+0000] {logging_mixin.py:188} INFO - [2025-11-02T10:20:50.214+0000] {dagbag.py:538} INFO - Filling up the DagBag from /opt/airflow/dags/my_dag.py
[2025-11-02T10:22:10.898+0000] {processor.py:161} INFO - Started process (PID=102) to work on /opt/airflow/dags/my_dag.py
[2025-11-02T10:22:10.918+0000] {processor.py:830} INFO - Processing file /opt/airflow/dags/my_dag.py for tasks to queue
[2025-11-02T10:22:10.931+0000] {logging_mixin.py:188} INFO - [2025-11-02T10:22:10.925+0000] {dagbag.py:538} INFO - Filling up the DagBag from /opt/airflow/dags/my_dag.py
[2025-11-02T10:23:31.746+0000] {processor.py:161} INFO - Started process (PID=124) to work on /opt/airflow/dags/my_dag.py
[2025-11-02T10:23:31.757+0000] {processor.py:830} INFO - Processing file /opt/airflow/dags/my_dag.py for tasks to queue
[2025-11-02T10:23:31.763+0000] {logging_mixin.py:188} INFO - [2025-11-02T10:23:31.762+0000] {dagbag.py:538} INFO - Filling up the DagBag from /opt/airflow/dags/my_dag.py
[2025-11-02T10:23:54.281+0000] {processor.py:840} INFO - DAG(s) 'my_dag' retrieved from /opt/airflow/dags/my_dag.py
[2025-11-02T10:23:55.740+0000] {logging_mixin.py:188} INFO - [2025-11-02T10:23:55.739+0000] {dag.py:3036} INFO - Sync 1 DAGs
[2025-11-02T10:23:55.817+0000] {logging_mixin.py:188} INFO - [2025-11-02T10:23:55.817+0000] {dag.py:3823} INFO - Setting next_dagrun for my_dag to None, run_after=None
[2025-11-02T10:23:56.014+0000] {processor.py:183} INFO - Processing /opt/airflow/dags/my_dag.py took 21.556 seconds
[2025-11-02T10:24:26.224+0000] {processor.py:161} INFO - Started process (PID=145) to work on /opt/airflow/dags/my_dag.py
[2025-11-02T10:24:26.232+0000] {processor.py:830} INFO - Processing file /opt/airflow/dags/my_dag.py for tasks to queue
[2025-11-02T10:24:26.237+0000] {logging_mixin.py:188} INFO - [2025-11-02T10:24:26.237+0000] {dagbag.py:538} INFO - Filling up the DagBag from /opt/airflow/dags/my_dag.py
[2025-11-02T10:24:28.398+0000] {processor.py:840} INFO - DAG(s) 'my_dag' retrieved from /opt/airflow/dags/my_dag.py
[2025-11-02T10:24:28.732+0000] {logging_mixin.py:188} INFO - [2025-11-02T10:24:28.731+0000] {dag.py:3036} INFO - Sync 1 DAGs
[2025-11-02T10:24:28.802+0000] {logging_mixin.py:188} INFO - [2025-11-02T10:24:28.802+0000] {dag.py:3823} INFO - Setting next_dagrun for my_dag to None, run_after=None
[2025-11-02T10:24:28.865+0000] {processor.py:183} INFO - Processing /opt/airflow/dags/my_dag.py took 2.659 seconds
[2025-11-02T10:24:59.064+0000] {processor.py:161} INFO - Started process (PID=157) to work on /opt/airflow/dags/my_dag.py
[2025-11-02T10:24:59.067+0000] {processor.py:830} INFO - Processing file /opt/airflow/dags/my_dag.py for tasks to queue
[2025-11-02T10:24:59.072+0000] {logging_mixin.py:188} INFO - [2025-11-02T10:24:59.069+0000] {dagbag.py:538} INFO - Filling up the DagBag from /opt/airflow/dags/my_dag.py
[2025-11-02T10:25:00.433+0000] {processor.py:840} INFO - DAG(s) 'my_dag' retrieved from /opt/airflow/dags/my_dag.py
[2025-11-02T10:25:00.473+0000] {logging_mixin.py:188} INFO - [2025-11-02T10:25:00.472+0000] {dag.py:3036} INFO - Sync 1 DAGs
[2025-11-02T10:25:00.490+0000] {logging_mixin.py:188} INFO - [2025-11-02T10:25:00.490+0000] {dag.py:3823} INFO - Setting next_dagrun for my_dag to None, run_after=None
[2025-11-02T10:25:00.547+0000] {processor.py:183} INFO - Processing /opt/airflow/dags/my_dag.py took 1.498 seconds
[2025-11-02T10:25:31.388+0000] {processor.py:161} INFO - Started process (PID=169) to work on /opt/airflow/dags/my_dag.py
[2025-11-02T10:25:31.469+0000] {processor.py:830} INFO - Processing file /opt/airflow/dags/my_dag.py for tasks to queue
[2025-11-02T10:25:31.473+0000] {logging_mixin.py:188} INFO - [2025-11-02T10:25:31.473+0000] {dagbag.py:538} INFO - Filling up the DagBag from /opt/airflow/dags/my_dag.py
[2025-11-02T10:25:32.942+0000] {processor.py:840} INFO - DAG(s) 'my_dag' retrieved from /opt/airflow/dags/my_dag.py
[2025-11-02T10:25:32.978+0000] {logging_mixin.py:188} INFO - [2025-11-02T10:25:32.977+0000] {dag.py:3036} INFO - Sync 1 DAGs
[2025-11-02T10:25:32.993+0000] {logging_mixin.py:188} INFO - [2025-11-02T10:25:32.992+0000] {dag.py:3823} INFO - Setting next_dagrun for my_dag to None, run_after=None
[2025-11-02T10:25:33.098+0000] {processor.py:183} INFO - Processing /opt/airflow/dags/my_dag.py took 1.721 seconds
[2025-11-02T10:26:03.497+0000] {processor.py:161} INFO - Started process (PID=181) to work on /opt/airflow/dags/my_dag.py
[2025-11-02T10:26:03.500+0000] {processor.py:830} INFO - Processing file /opt/airflow/dags/my_dag.py for tasks to queue
[2025-11-02T10:26:03.502+0000] {logging_mixin.py:188} INFO - [2025-11-02T10:26:03.502+0000] {dagbag.py:538} INFO - Filling up the DagBag from /opt/airflow/dags/my_dag.py
[2025-11-02T10:26:04.744+0000] {processor.py:840} INFO - DAG(s) 'my_dag' retrieved from /opt/airflow/dags/my_dag.py
[2025-11-02T10:26:04.788+0000] {logging_mixin.py:188} INFO - [2025-11-02T10:26:04.787+0000] {dag.py:3036} INFO - Sync 1 DAGs
[2025-11-02T10:26:04.803+0000] {logging_mixin.py:188} INFO - [2025-11-02T10:26:04.803+0000] {dag.py:3823} INFO - Setting next_dagrun for my_dag to None, run_after=None
[2025-11-02T10:26:04.859+0000] {processor.py:183} INFO - Processing /opt/airflow/dags/my_dag.py took 1.371 seconds
[2025-11-02T10:26:35.023+0000] {processor.py:161} INFO - Started process (PID=193) to work on /opt/airflow/dags/my_dag.py
[2025-11-02T10:26:35.025+0000] {processor.py:830} INFO - Processing file /opt/airflow/dags/my_dag.py for tasks to queue
[2025-11-02T10:26:35.027+0000] {logging_mixin.py:188} INFO - [2025-11-02T10:26:35.026+0000] {dagbag.py:538} INFO - Filling up the DagBag from /opt/airflow/dags/my_dag.py
[2025-11-02T10:26:35.767+0000] {processor.py:840} INFO - DAG(s) 'my_dag' retrieved from /opt/airflow/dags/my_dag.py
[2025-11-02T10:26:35.809+0000] {logging_mixin.py:188} INFO - [2025-11-02T10:26:35.805+0000] {dag.py:3036} INFO - Sync 1 DAGs
[2025-11-02T10:26:35.859+0000] {logging_mixin.py:188} INFO - [2025-11-02T10:26:35.858+0000] {dag.py:3823} INFO - Setting next_dagrun for my_dag to None, run_after=None
[2025-11-02T10:26:35.952+0000] {processor.py:183} INFO - Processing /opt/airflow/dags/my_dag.py took 0.935 seconds
[2025-11-02T10:27:06.622+0000] {processor.py:161} INFO - Started process (PID=205) to work on /opt/airflow/dags/my_dag.py
[2025-11-02T10:27:06.626+0000] {processor.py:830} INFO - Processing file /opt/airflow/dags/my_dag.py for tasks to queue
[2025-11-02T10:27:06.628+0000] {logging_mixin.py:188} INFO - [2025-11-02T10:27:06.627+0000] {dagbag.py:538} INFO - Filling up the DagBag from /opt/airflow/dags/my_dag.py
[2025-11-02T10:27:08.150+0000] {processor.py:840} INFO - DAG(s) 'my_dag' retrieved from /opt/airflow/dags/my_dag.py
[2025-11-02T10:27:08.230+0000] {logging_mixin.py:188} INFO - [2025-11-02T10:27:08.227+0000] {dag.py:3036} INFO - Sync 1 DAGs
[2025-11-02T10:27:08.250+0000] {logging_mixin.py:188} INFO - [2025-11-02T10:27:08.250+0000] {dag.py:3823} INFO - Setting next_dagrun for my_dag to None, run_after=None
[2025-11-02T10:27:08.280+0000] {processor.py:183} INFO - Processing /opt/airflow/dags/my_dag.py took 1.669 seconds
[2025-11-02T10:27:38.951+0000] {processor.py:161} INFO - Started process (PID=217) to work on /opt/airflow/dags/my_dag.py
[2025-11-02T10:27:38.953+0000] {processor.py:830} INFO - Processing file /opt/airflow/dags/my_dag.py for tasks to queue
[2025-11-02T10:27:38.955+0000] {logging_mixin.py:188} INFO - [2025-11-02T10:27:38.954+0000] {dagbag.py:538} INFO - Filling up the DagBag from /opt/airflow/dags/my_dag.py
[2025-11-02T10:27:40.402+0000] {processor.py:840} INFO - DAG(s) 'my_dag' retrieved from /opt/airflow/dags/my_dag.py
[2025-11-02T10:27:40.471+0000] {logging_mixin.py:188} INFO - [2025-11-02T10:27:40.470+0000] {dag.py:3036} INFO - Sync 1 DAGs
[2025-11-02T10:27:40.519+0000] {logging_mixin.py:188} INFO - [2025-11-02T10:27:40.519+0000] {dag.py:3823} INFO - Setting next_dagrun for my_dag to None, run_after=None
[2025-11-02T10:27:40.568+0000] {processor.py:183} INFO - Processing /opt/airflow/dags/my_dag.py took 1.622 seconds
[2025-11-02T10:28:11.746+0000] {processor.py:161} INFO - Started process (PID=228) to work on /opt/airflow/dags/my_dag.py
[2025-11-02T10:28:11.752+0000] {processor.py:830} INFO - Processing file /opt/airflow/dags/my_dag.py for tasks to queue
[2025-11-02T10:28:11.754+0000] {logging_mixin.py:188} INFO - [2025-11-02T10:28:11.754+0000] {dagbag.py:538} INFO - Filling up the DagBag from /opt/airflow/dags/my_dag.py
[2025-11-02T10:28:13.271+0000] {processor.py:840} INFO - DAG(s) 'my_dag' retrieved from /opt/airflow/dags/my_dag.py
[2025-11-02T10:28:13.312+0000] {logging_mixin.py:188} INFO - [2025-11-02T10:28:13.312+0000] {dag.py:3036} INFO - Sync 1 DAGs
[2025-11-02T10:28:13.334+0000] {logging_mixin.py:188} INFO - [2025-11-02T10:28:13.334+0000] {dag.py:3823} INFO - Setting next_dagrun for my_dag to None, run_after=None
[2025-11-02T10:28:13.387+0000] {processor.py:183} INFO - Processing /opt/airflow/dags/my_dag.py took 1.659 seconds
[2025-11-02T10:28:44.942+0000] {processor.py:161} INFO - Started process (PID=234) to work on /opt/airflow/dags/my_dag.py
[2025-11-02T10:28:44.945+0000] {processor.py:830} INFO - Processing file /opt/airflow/dags/my_dag.py for tasks to queue
[2025-11-02T10:28:44.949+0000] {logging_mixin.py:188} INFO - [2025-11-02T10:28:44.948+0000] {dagbag.py:538} INFO - Filling up the DagBag from /opt/airflow/dags/my_dag.py
[2025-11-02T10:28:45.796+0000] {processor.py:840} INFO - DAG(s) 'my_dag' retrieved from /opt/airflow/dags/my_dag.py
[2025-11-02T10:28:45.828+0000] {logging_mixin.py:188} INFO - [2025-11-02T10:28:45.828+0000] {dag.py:3036} INFO - Sync 1 DAGs
[2025-11-02T10:28:45.843+0000] {logging_mixin.py:188} INFO - [2025-11-02T10:28:45.843+0000] {dag.py:3823} INFO - Setting next_dagrun for my_dag to None, run_after=None
[2025-11-02T10:28:45.910+0000] {processor.py:183} INFO - Processing /opt/airflow/dags/my_dag.py took 0.977 seconds
[2025-11-02T10:29:17.703+0000] {processor.py:161} INFO - Started process (PID=246) to work on /opt/airflow/dags/my_dag.py
[2025-11-02T10:29:17.706+0000] {processor.py:830} INFO - Processing file /opt/airflow/dags/my_dag.py for tasks to queue
[2025-11-02T10:29:17.708+0000] {logging_mixin.py:188} INFO - [2025-11-02T10:29:17.708+0000] {dagbag.py:538} INFO - Filling up the DagBag from /opt/airflow/dags/my_dag.py
[2025-11-02T10:29:18.743+0000] {processor.py:840} INFO - DAG(s) 'my_dag' retrieved from /opt/airflow/dags/my_dag.py
[2025-11-02T10:29:18.790+0000] {logging_mixin.py:188} INFO - [2025-11-02T10:29:18.789+0000] {dag.py:3036} INFO - Sync 1 DAGs
[2025-11-02T10:29:18.805+0000] {logging_mixin.py:188} INFO - [2025-11-02T10:29:18.805+0000] {dag.py:3823} INFO - Setting next_dagrun for my_dag to None, run_after=None
[2025-11-02T10:29:18.929+0000] {processor.py:183} INFO - Processing /opt/airflow/dags/my_dag.py took 1.235 seconds
[2025-11-02T10:29:51.787+0000] {processor.py:161} INFO - Started process (PID=259) to work on /opt/airflow/dags/my_dag.py
[2025-11-02T10:29:51.790+0000] {processor.py:830} INFO - Processing file /opt/airflow/dags/my_dag.py for tasks to queue
[2025-11-02T10:29:51.792+0000] {logging_mixin.py:188} INFO - [2025-11-02T10:29:51.792+0000] {dagbag.py:538} INFO - Filling up the DagBag from /opt/airflow/dags/my_dag.py
[2025-11-02T10:29:53.130+0000] {processor.py:840} INFO - DAG(s) 'my_dag' retrieved from /opt/airflow/dags/my_dag.py
[2025-11-02T10:29:53.161+0000] {logging_mixin.py:188} INFO - [2025-11-02T10:29:53.160+0000] {dag.py:3036} INFO - Sync 1 DAGs
[2025-11-02T10:29:53.176+0000] {logging_mixin.py:188} INFO - [2025-11-02T10:29:53.176+0000] {dag.py:3823} INFO - Setting next_dagrun for my_dag to None, run_after=None
[2025-11-02T10:29:53.781+0000] {processor.py:183} INFO - Processing /opt/airflow/dags/my_dag.py took 2.002 seconds
[2025-11-02T10:30:25.556+0000] {processor.py:161} INFO - Started process (PID=273) to work on /opt/airflow/dags/my_dag.py
[2025-11-02T10:30:25.558+0000] {processor.py:830} INFO - Processing file /opt/airflow/dags/my_dag.py for tasks to queue
[2025-11-02T10:30:25.560+0000] {logging_mixin.py:188} INFO - [2025-11-02T10:30:25.559+0000] {dagbag.py:538} INFO - Filling up the DagBag from /opt/airflow/dags/my_dag.py
[2025-11-02T10:30:26.789+0000] {processor.py:840} INFO - DAG(s) 'my_dag' retrieved from /opt/airflow/dags/my_dag.py
[2025-11-02T10:30:26.850+0000] {logging_mixin.py:188} INFO - [2025-11-02T10:30:26.848+0000] {dag.py:3036} INFO - Sync 1 DAGs
[2025-11-02T10:30:26.873+0000] {logging_mixin.py:188} INFO - [2025-11-02T10:30:26.872+0000] {dag.py:3823} INFO - Setting next_dagrun for my_dag to None, run_after=None
[2025-11-02T10:30:26.930+0000] {processor.py:183} INFO - Processing /opt/airflow/dags/my_dag.py took 1.382 seconds
[2025-11-02T10:30:58.386+0000] {processor.py:161} INFO - Started process (PID=285) to work on /opt/airflow/dags/my_dag.py
[2025-11-02T10:30:58.391+0000] {processor.py:830} INFO - Processing file /opt/airflow/dags/my_dag.py for tasks to queue
[2025-11-02T10:30:58.398+0000] {logging_mixin.py:188} INFO - [2025-11-02T10:30:58.396+0000] {dagbag.py:538} INFO - Filling up the DagBag from /opt/airflow/dags/my_dag.py
[2025-11-02T10:30:59.366+0000] {processor.py:840} INFO - DAG(s) 'my_dag' retrieved from /opt/airflow/dags/my_dag.py
[2025-11-02T10:30:59.393+0000] {logging_mixin.py:188} INFO - [2025-11-02T10:30:59.392+0000] {dag.py:3036} INFO - Sync 1 DAGs
[2025-11-02T10:30:59.410+0000] {logging_mixin.py:188} INFO - [2025-11-02T10:30:59.409+0000] {dag.py:3823} INFO - Setting next_dagrun for my_dag to None, run_after=None
[2025-11-02T10:30:59.473+0000] {processor.py:183} INFO - Processing /opt/airflow/dags/my_dag.py took 1.100 seconds
[2025-11-02T10:31:32.274+0000] {processor.py:161} INFO - Started process (PID=297) to work on /opt/airflow/dags/my_dag.py
[2025-11-02T10:31:32.279+0000] {processor.py:830} INFO - Processing file /opt/airflow/dags/my_dag.py for tasks to queue
[2025-11-02T10:31:32.287+0000] {logging_mixin.py:188} INFO - [2025-11-02T10:31:32.281+0000] {dagbag.py:538} INFO - Filling up the DagBag from /opt/airflow/dags/my_dag.py
[2025-11-02T10:31:33.604+0000] {processor.py:840} INFO - DAG(s) 'my_dag' retrieved from /opt/airflow/dags/my_dag.py
[2025-11-02T10:31:33.644+0000] {logging_mixin.py:188} INFO - [2025-11-02T10:31:33.644+0000] {dag.py:3036} INFO - Sync 1 DAGs
[2025-11-02T10:31:33.666+0000] {logging_mixin.py:188} INFO - [2025-11-02T10:31:33.665+0000] {dag.py:3823} INFO - Setting next_dagrun for my_dag to None, run_after=None
[2025-11-02T10:31:33.763+0000] {processor.py:183} INFO - Processing /opt/airflow/dags/my_dag.py took 1.507 seconds
[2025-11-02T10:32:05.257+0000] {processor.py:161} INFO - Started process (PID=309) to work on /opt/airflow/dags/my_dag.py
[2025-11-02T10:32:05.259+0000] {processor.py:830} INFO - Processing file /opt/airflow/dags/my_dag.py for tasks to queue
[2025-11-02T10:32:05.262+0000] {logging_mixin.py:188} INFO - [2025-11-02T10:32:05.261+0000] {dagbag.py:538} INFO - Filling up the DagBag from /opt/airflow/dags/my_dag.py
[2025-11-02T10:32:06.494+0000] {processor.py:840} INFO - DAG(s) 'my_dag' retrieved from /opt/airflow/dags/my_dag.py
[2025-11-02T10:32:06.650+0000] {logging_mixin.py:188} INFO - [2025-11-02T10:32:06.649+0000] {dag.py:3036} INFO - Sync 1 DAGs
[2025-11-02T10:32:06.694+0000] {logging_mixin.py:188} INFO - [2025-11-02T10:32:06.688+0000] {dag.py:3823} INFO - Setting next_dagrun for my_dag to None, run_after=None
[2025-11-02T10:32:06.824+0000] {processor.py:183} INFO - Processing /opt/airflow/dags/my_dag.py took 1.574 seconds
[2025-11-02T10:32:38.548+0000] {processor.py:161} INFO - Started process (PID=321) to work on /opt/airflow/dags/my_dag.py
[2025-11-02T10:32:38.563+0000] {processor.py:830} INFO - Processing file /opt/airflow/dags/my_dag.py for tasks to queue
[2025-11-02T10:32:38.566+0000] {logging_mixin.py:188} INFO - [2025-11-02T10:32:38.565+0000] {dagbag.py:538} INFO - Filling up the DagBag from /opt/airflow/dags/my_dag.py
[2025-11-02T10:32:39.555+0000] {processor.py:840} INFO - DAG(s) 'my_dag' retrieved from /opt/airflow/dags/my_dag.py
[2025-11-02T10:32:39.620+0000] {logging_mixin.py:188} INFO - [2025-11-02T10:32:39.619+0000] {dag.py:3036} INFO - Sync 1 DAGs
[2025-11-02T10:32:39.652+0000] {logging_mixin.py:188} INFO - [2025-11-02T10:32:39.650+0000] {dag.py:3823} INFO - Setting next_dagrun for my_dag to None, run_after=None
[2025-11-02T10:32:39.755+0000] {processor.py:183} INFO - Processing /opt/airflow/dags/my_dag.py took 1.221 seconds
[2025-11-02T10:33:12.467+0000] {processor.py:161} INFO - Started process (PID=333) to work on /opt/airflow/dags/my_dag.py
[2025-11-02T10:33:12.474+0000] {processor.py:830} INFO - Processing file /opt/airflow/dags/my_dag.py for tasks to queue
[2025-11-02T10:33:12.477+0000] {logging_mixin.py:188} INFO - [2025-11-02T10:33:12.476+0000] {dagbag.py:538} INFO - Filling up the DagBag from /opt/airflow/dags/my_dag.py
[2025-11-02T10:33:14.019+0000] {processor.py:840} INFO - DAG(s) 'my_dag' retrieved from /opt/airflow/dags/my_dag.py
[2025-11-02T10:33:14.056+0000] {logging_mixin.py:188} INFO - [2025-11-02T10:33:14.055+0000] {dag.py:3036} INFO - Sync 1 DAGs
[2025-11-02T10:33:14.076+0000] {logging_mixin.py:188} INFO - [2025-11-02T10:33:14.076+0000] {dag.py:3823} INFO - Setting next_dagrun for my_dag to None, run_after=None
[2025-11-02T10:33:14.121+0000] {processor.py:183} INFO - Processing /opt/airflow/dags/my_dag.py took 1.666 seconds
[2025-11-02T10:33:45.646+0000] {processor.py:161} INFO - Started process (PID=346) to work on /opt/airflow/dags/my_dag.py
[2025-11-02T10:33:45.649+0000] {processor.py:830} INFO - Processing file /opt/airflow/dags/my_dag.py for tasks to queue
[2025-11-02T10:33:45.652+0000] {logging_mixin.py:188} INFO - [2025-11-02T10:33:45.651+0000] {dagbag.py:538} INFO - Filling up the DagBag from /opt/airflow/dags/my_dag.py
[2025-11-02T10:33:57.485+0000] {processor.py:840} INFO - DAG(s) 'my_dag' retrieved from /opt/airflow/dags/my_dag.py
[2025-11-02T10:33:57.616+0000] {logging_mixin.py:188} INFO - [2025-11-02T10:33:57.603+0000] {dag.py:3036} INFO - Sync 1 DAGs
[2025-11-02T10:33:57.685+0000] {logging_mixin.py:188} INFO - [2025-11-02T10:33:57.684+0000] {dag.py:3823} INFO - Setting next_dagrun for my_dag to None, run_after=None
[2025-11-02T10:33:57.822+0000] {processor.py:183} INFO - Processing /opt/airflow/dags/my_dag.py took 12.190 seconds
[2025-11-02T10:34:29.189+0000] {processor.py:161} INFO - Started process (PID=359) to work on /opt/airflow/dags/my_dag.py
[2025-11-02T10:34:29.207+0000] {processor.py:830} INFO - Processing file /opt/airflow/dags/my_dag.py for tasks to queue
[2025-11-02T10:34:29.210+0000] {logging_mixin.py:188} INFO - [2025-11-02T10:34:29.209+0000] {dagbag.py:538} INFO - Filling up the DagBag from /opt/airflow/dags/my_dag.py
[2025-11-02T10:34:32.166+0000] {processor.py:840} INFO - DAG(s) 'my_dag' retrieved from /opt/airflow/dags/my_dag.py
[2025-11-02T10:34:32.335+0000] {logging_mixin.py:188} INFO - [2025-11-02T10:34:32.334+0000] {dag.py:3036} INFO - Sync 1 DAGs
[2025-11-02T10:34:32.461+0000] {logging_mixin.py:188} INFO - [2025-11-02T10:34:32.460+0000] {dag.py:3823} INFO - Setting next_dagrun for my_dag to None, run_after=None
[2025-11-02T10:34:32.782+0000] {processor.py:183} INFO - Processing /opt/airflow/dags/my_dag.py took 3.611 seconds
[2025-11-02T10:35:03.784+0000] {processor.py:161} INFO - Started process (PID=371) to work on /opt/airflow/dags/my_dag.py
[2025-11-02T10:35:03.788+0000] {processor.py:830} INFO - Processing file /opt/airflow/dags/my_dag.py for tasks to queue
[2025-11-02T10:35:03.792+0000] {logging_mixin.py:188} INFO - [2025-11-02T10:35:03.791+0000] {dagbag.py:538} INFO - Filling up the DagBag from /opt/airflow/dags/my_dag.py
[2025-11-02T10:35:09.251+0000] {processor.py:840} INFO - DAG(s) 'my_dag' retrieved from /opt/airflow/dags/my_dag.py
[2025-11-02T10:35:09.419+0000] {logging_mixin.py:188} INFO - [2025-11-02T10:35:09.418+0000] {dag.py:3036} INFO - Sync 1 DAGs
[2025-11-02T10:35:09.448+0000] {logging_mixin.py:188} INFO - [2025-11-02T10:35:09.447+0000] {dag.py:3823} INFO - Setting next_dagrun for my_dag to None, run_after=None
[2025-11-02T10:35:09.605+0000] {processor.py:183} INFO - Processing /opt/airflow/dags/my_dag.py took 5.840 seconds
[2025-11-02T10:35:40.388+0000] {processor.py:161} INFO - Started process (PID=389) to work on /opt/airflow/dags/my_dag.py
[2025-11-02T10:35:40.399+0000] {processor.py:830} INFO - Processing file /opt/airflow/dags/my_dag.py for tasks to queue
[2025-11-02T10:35:40.404+0000] {logging_mixin.py:188} INFO - [2025-11-02T10:35:40.401+0000] {dagbag.py:538} INFO - Filling up the DagBag from /opt/airflow/dags/my_dag.py
[2025-11-02T10:35:44.862+0000] {processor.py:840} INFO - DAG(s) 'my_dag' retrieved from /opt/airflow/dags/my_dag.py
[2025-11-02T10:35:45.016+0000] {logging_mixin.py:188} INFO - [2025-11-02T10:35:45.014+0000] {dag.py:3036} INFO - Sync 1 DAGs
[2025-11-02T10:35:45.095+0000] {logging_mixin.py:188} INFO - [2025-11-02T10:35:45.095+0000] {dag.py:3823} INFO - Setting next_dagrun for my_dag to None, run_after=None
[2025-11-02T10:35:45.245+0000] {processor.py:183} INFO - Processing /opt/airflow/dags/my_dag.py took 4.876 seconds
[2025-11-02T10:36:17.573+0000] {processor.py:161} INFO - Started process (PID=401) to work on /opt/airflow/dags/my_dag.py
[2025-11-02T10:36:17.687+0000] {processor.py:830} INFO - Processing file /opt/airflow/dags/my_dag.py for tasks to queue
[2025-11-02T10:36:17.704+0000] {logging_mixin.py:188} INFO - [2025-11-02T10:36:17.703+0000] {dagbag.py:538} INFO - Filling up the DagBag from /opt/airflow/dags/my_dag.py
[2025-11-02T10:36:35.032+0000] {processor.py:840} INFO - DAG(s) 'my_dag' retrieved from /opt/airflow/dags/my_dag.py
[2025-11-02T10:36:35.743+0000] {logging_mixin.py:188} INFO - [2025-11-02T10:36:35.742+0000] {dag.py:3036} INFO - Sync 1 DAGs
[2025-11-02T10:36:35.803+0000] {logging_mixin.py:188} INFO - [2025-11-02T10:36:35.803+0000] {dag.py:3823} INFO - Setting next_dagrun for my_dag to None, run_after=None
[2025-11-02T10:36:35.983+0000] {processor.py:183} INFO - Processing /opt/airflow/dags/my_dag.py took 15.190 seconds
[2025-11-02T10:37:08.484+0000] {processor.py:161} INFO - Started process (PID=413) to work on /opt/airflow/dags/my_dag.py
[2025-11-02T10:37:08.544+0000] {processor.py:830} INFO - Processing file /opt/airflow/dags/my_dag.py for tasks to queue
[2025-11-02T10:37:08.565+0000] {logging_mixin.py:188} INFO - [2025-11-02T10:37:08.563+0000] {dagbag.py:538} INFO - Filling up the DagBag from /opt/airflow/dags/my_dag.py
[2025-11-02T10:38:28.652+0000] {processor.py:161} INFO - Started process (PID=432) to work on /opt/airflow/dags/my_dag.py
[2025-11-02T10:38:28.654+0000] {processor.py:830} INFO - Processing file /opt/airflow/dags/my_dag.py for tasks to queue
[2025-11-02T10:38:28.656+0000] {logging_mixin.py:188} INFO - [2025-11-02T10:38:28.656+0000] {dagbag.py:538} INFO - Filling up the DagBag from /opt/airflow/dags/my_dag.py
[2025-11-02T10:39:11.720+0000] {logging_mixin.py:188} INFO - [2025-11-02T10:39:11.719+0000] {timeout.py:68} ERROR - Process timed out, PID: 432
[2025-11-02T10:39:11.724+0000] {logging_mixin.py:188} WARNING - Exception ignored in: <function _collection_gced at 0x753755e93670>
[2025-11-02T10:39:11.725+0000] {logging_mixin.py:188} WARNING - Traceback (most recent call last):
[2025-11-02T10:39:11.728+0000] {logging_mixin.py:188} WARNING -   File "/home/airflow/.local/lib/python3.8/site-packages/sqlalchemy/event/registry.py", line 53, in _collection_gced
[2025-11-02T10:39:11.744+0000] {logging_mixin.py:188} WARNING -     def _collection_gced(ref):
[2025-11-02T10:39:11.746+0000] {logging_mixin.py:188} WARNING -   File "/home/airflow/.local/lib/python3.8/site-packages/airflow/utils/timeout.py", line 69, in handle_timeout
[2025-11-02T10:39:11.762+0000] {logging_mixin.py:188} WARNING -     raise AirflowTaskTimeout(self.error_message)
[2025-11-02T10:39:11.765+0000] {logging_mixin.py:188} WARNING - airflow.exceptions.AirflowTaskTimeout: DagBag import timeout for /opt/airflow/dags/my_dag.py after 30.0s.
Please take a look at these docs to improve your DAG import time:
* https://airflow.apache.org/docs/apache-airflow/2.8.1/best-practices.html#top-level-python-code
* https://airflow.apache.org/docs/apache-airflow/2.8.1/best-practices.html#reducing-dag-complexity, PID: 432
[2025-11-02T10:39:13.547+0000] {processor.py:840} INFO - DAG(s) 'my_dag' retrieved from /opt/airflow/dags/my_dag.py
[2025-11-02T10:39:19.378+0000] {logging_mixin.py:188} INFO - [2025-11-02T10:39:19.377+0000] {dag.py:3036} INFO - Sync 1 DAGs
[2025-11-02T10:39:19.416+0000] {logging_mixin.py:188} INFO - [2025-11-02T10:39:19.415+0000] {dag.py:3823} INFO - Setting next_dagrun for my_dag to None, run_after=None
[2025-11-02T10:39:53.309+0000] {processor.py:161} INFO - Started process (PID=455) to work on /opt/airflow/dags/my_dag.py
[2025-11-02T10:39:53.317+0000] {processor.py:830} INFO - Processing file /opt/airflow/dags/my_dag.py for tasks to queue
[2025-11-02T10:39:53.322+0000] {logging_mixin.py:188} INFO - [2025-11-02T10:39:53.321+0000] {dagbag.py:538} INFO - Filling up the DagBag from /opt/airflow/dags/my_dag.py
[2025-11-02T10:39:56.128+0000] {processor.py:840} INFO - DAG(s) 'my_dag' retrieved from /opt/airflow/dags/my_dag.py
[2025-11-02T10:39:56.180+0000] {logging_mixin.py:188} INFO - [2025-11-02T10:39:56.180+0000] {dag.py:3036} INFO - Sync 1 DAGs
[2025-11-02T10:39:56.206+0000] {logging_mixin.py:188} INFO - [2025-11-02T10:39:56.205+0000] {dag.py:3823} INFO - Setting next_dagrun for my_dag to None, run_after=None
[2025-11-02T10:39:56.244+0000] {processor.py:183} INFO - Processing /opt/airflow/dags/my_dag.py took 2.946 seconds
[2025-11-02T10:40:26.731+0000] {processor.py:161} INFO - Started process (PID=468) to work on /opt/airflow/dags/my_dag.py
[2025-11-02T10:40:26.747+0000] {processor.py:830} INFO - Processing file /opt/airflow/dags/my_dag.py for tasks to queue
[2025-11-02T10:40:26.765+0000] {logging_mixin.py:188} INFO - [2025-11-02T10:40:26.764+0000] {dagbag.py:538} INFO - Filling up the DagBag from /opt/airflow/dags/my_dag.py
[2025-11-02T10:40:29.564+0000] {processor.py:840} INFO - DAG(s) 'my_dag' retrieved from /opt/airflow/dags/my_dag.py
[2025-11-02T10:40:29.689+0000] {logging_mixin.py:188} INFO - [2025-11-02T10:40:29.688+0000] {dag.py:3036} INFO - Sync 1 DAGs
[2025-11-02T10:40:29.741+0000] {logging_mixin.py:188} INFO - [2025-11-02T10:40:29.740+0000] {dag.py:3823} INFO - Setting next_dagrun for my_dag to None, run_after=None
[2025-11-02T10:40:29.796+0000] {processor.py:183} INFO - Processing /opt/airflow/dags/my_dag.py took 3.083 seconds
[2025-11-02T10:41:00.589+0000] {processor.py:161} INFO - Started process (PID=480) to work on /opt/airflow/dags/my_dag.py
[2025-11-02T10:41:00.601+0000] {processor.py:830} INFO - Processing file /opt/airflow/dags/my_dag.py for tasks to queue
[2025-11-02T10:41:00.605+0000] {logging_mixin.py:188} INFO - [2025-11-02T10:41:00.604+0000] {dagbag.py:538} INFO - Filling up the DagBag from /opt/airflow/dags/my_dag.py
[2025-11-02T10:41:02.742+0000] {processor.py:840} INFO - DAG(s) 'my_dag' retrieved from /opt/airflow/dags/my_dag.py
[2025-11-02T10:41:02.775+0000] {logging_mixin.py:188} INFO - [2025-11-02T10:41:02.775+0000] {dag.py:3036} INFO - Sync 1 DAGs
[2025-11-02T10:41:02.790+0000] {logging_mixin.py:188} INFO - [2025-11-02T10:41:02.790+0000] {dag.py:3823} INFO - Setting next_dagrun for my_dag to None, run_after=None
[2025-11-02T10:41:03.071+0000] {processor.py:183} INFO - Processing /opt/airflow/dags/my_dag.py took 2.508 seconds
[2025-11-02T10:41:33.608+0000] {processor.py:161} INFO - Started process (PID=492) to work on /opt/airflow/dags/my_dag.py
[2025-11-02T10:41:33.611+0000] {processor.py:830} INFO - Processing file /opt/airflow/dags/my_dag.py for tasks to queue
[2025-11-02T10:41:33.617+0000] {logging_mixin.py:188} INFO - [2025-11-02T10:41:33.616+0000] {dagbag.py:538} INFO - Filling up the DagBag from /opt/airflow/dags/my_dag.py
[2025-11-02T10:41:35.079+0000] {processor.py:840} INFO - DAG(s) 'my_dag' retrieved from /opt/airflow/dags/my_dag.py
[2025-11-02T10:41:35.158+0000] {logging_mixin.py:188} INFO - [2025-11-02T10:41:35.155+0000] {dag.py:3036} INFO - Sync 1 DAGs
[2025-11-02T10:41:35.191+0000] {logging_mixin.py:188} INFO - [2025-11-02T10:41:35.191+0000] {dag.py:3823} INFO - Setting next_dagrun for my_dag to None, run_after=None
[2025-11-02T10:41:35.385+0000] {processor.py:183} INFO - Processing /opt/airflow/dags/my_dag.py took 1.793 seconds
[2025-11-02T10:42:06.281+0000] {processor.py:161} INFO - Started process (PID=503) to work on /opt/airflow/dags/my_dag.py
[2025-11-02T10:42:06.284+0000] {processor.py:830} INFO - Processing file /opt/airflow/dags/my_dag.py for tasks to queue
[2025-11-02T10:42:06.295+0000] {logging_mixin.py:188} INFO - [2025-11-02T10:42:06.294+0000] {dagbag.py:538} INFO - Filling up the DagBag from /opt/airflow/dags/my_dag.py
[2025-11-02T10:42:08.721+0000] {processor.py:840} INFO - DAG(s) 'my_dag' retrieved from /opt/airflow/dags/my_dag.py
[2025-11-02T10:42:08.780+0000] {logging_mixin.py:188} INFO - [2025-11-02T10:42:08.779+0000] {dag.py:3036} INFO - Sync 1 DAGs
[2025-11-02T10:42:08.839+0000] {logging_mixin.py:188} INFO - [2025-11-02T10:42:08.838+0000] {dag.py:3823} INFO - Setting next_dagrun for my_dag to None, run_after=None
[2025-11-02T10:42:08.884+0000] {processor.py:183} INFO - Processing /opt/airflow/dags/my_dag.py took 2.621 seconds
[2025-11-02T10:42:39.892+0000] {processor.py:161} INFO - Started process (PID=514) to work on /opt/airflow/dags/my_dag.py
[2025-11-02T10:42:39.894+0000] {processor.py:830} INFO - Processing file /opt/airflow/dags/my_dag.py for tasks to queue
[2025-11-02T10:42:39.904+0000] {logging_mixin.py:188} INFO - [2025-11-02T10:42:39.895+0000] {dagbag.py:538} INFO - Filling up the DagBag from /opt/airflow/dags/my_dag.py
[2025-11-02T10:42:42.724+0000] {processor.py:840} INFO - DAG(s) 'my_dag' retrieved from /opt/airflow/dags/my_dag.py
[2025-11-02T10:42:42.847+0000] {logging_mixin.py:188} INFO - [2025-11-02T10:42:42.845+0000] {dag.py:3036} INFO - Sync 1 DAGs
[2025-11-02T10:42:42.922+0000] {logging_mixin.py:188} INFO - [2025-11-02T10:42:42.921+0000] {dag.py:3823} INFO - Setting next_dagrun for my_dag to None, run_after=None
[2025-11-02T10:42:43.034+0000] {processor.py:183} INFO - Processing /opt/airflow/dags/my_dag.py took 3.161 seconds
[2025-11-02T10:43:13.890+0000] {processor.py:161} INFO - Started process (PID=527) to work on /opt/airflow/dags/my_dag.py
[2025-11-02T10:43:13.893+0000] {processor.py:830} INFO - Processing file /opt/airflow/dags/my_dag.py for tasks to queue
[2025-11-02T10:43:13.895+0000] {logging_mixin.py:188} INFO - [2025-11-02T10:43:13.894+0000] {dagbag.py:538} INFO - Filling up the DagBag from /opt/airflow/dags/my_dag.py
[2025-11-02T10:43:17.248+0000] {processor.py:840} INFO - DAG(s) 'my_dag' retrieved from /opt/airflow/dags/my_dag.py
[2025-11-02T10:43:17.421+0000] {logging_mixin.py:188} INFO - [2025-11-02T10:43:17.420+0000] {dag.py:3036} INFO - Sync 1 DAGs
[2025-11-02T10:43:17.789+0000] {logging_mixin.py:188} INFO - [2025-11-02T10:43:17.789+0000] {dag.py:3823} INFO - Setting next_dagrun for my_dag to None, run_after=None
[2025-11-02T10:43:18.003+0000] {processor.py:183} INFO - Processing /opt/airflow/dags/my_dag.py took 4.122 seconds
[2025-11-02T10:43:48.983+0000] {processor.py:161} INFO - Started process (PID=538) to work on /opt/airflow/dags/my_dag.py
[2025-11-02T10:43:48.986+0000] {processor.py:830} INFO - Processing file /opt/airflow/dags/my_dag.py for tasks to queue
[2025-11-02T10:43:48.988+0000] {logging_mixin.py:188} INFO - [2025-11-02T10:43:48.988+0000] {dagbag.py:538} INFO - Filling up the DagBag from /opt/airflow/dags/my_dag.py
[2025-11-02T10:43:52.569+0000] {processor.py:840} INFO - DAG(s) 'my_dag' retrieved from /opt/airflow/dags/my_dag.py
[2025-11-02T10:43:52.859+0000] {logging_mixin.py:188} INFO - [2025-11-02T10:43:52.857+0000] {dag.py:3036} INFO - Sync 1 DAGs
[2025-11-02T10:43:52.929+0000] {logging_mixin.py:188} INFO - [2025-11-02T10:43:52.929+0000] {dag.py:3823} INFO - Setting next_dagrun for my_dag to None, run_after=None
[2025-11-02T10:43:53.008+0000] {processor.py:183} INFO - Processing /opt/airflow/dags/my_dag.py took 4.052 seconds
[2025-11-02T10:44:23.149+0000] {processor.py:161} INFO - Started process (PID=550) to work on /opt/airflow/dags/my_dag.py
[2025-11-02T10:44:23.152+0000] {processor.py:830} INFO - Processing file /opt/airflow/dags/my_dag.py for tasks to queue
[2025-11-02T10:44:23.154+0000] {logging_mixin.py:188} INFO - [2025-11-02T10:44:23.153+0000] {dagbag.py:538} INFO - Filling up the DagBag from /opt/airflow/dags/my_dag.py
[2025-11-02T10:44:23.979+0000] {processor.py:840} INFO - DAG(s) 'my_dag' retrieved from /opt/airflow/dags/my_dag.py
[2025-11-02T10:44:24.021+0000] {logging_mixin.py:188} INFO - [2025-11-02T10:44:24.020+0000] {dag.py:3036} INFO - Sync 1 DAGs
[2025-11-02T10:44:24.047+0000] {logging_mixin.py:188} INFO - [2025-11-02T10:44:24.047+0000] {dag.py:3823} INFO - Setting next_dagrun for my_dag to None, run_after=None
[2025-11-02T10:44:24.096+0000] {processor.py:183} INFO - Processing /opt/airflow/dags/my_dag.py took 0.954 seconds
[2025-11-02T10:44:54.244+0000] {processor.py:161} INFO - Started process (PID=562) to work on /opt/airflow/dags/my_dag.py
[2025-11-02T10:44:54.246+0000] {processor.py:830} INFO - Processing file /opt/airflow/dags/my_dag.py for tasks to queue
[2025-11-02T10:44:54.247+0000] {logging_mixin.py:188} INFO - [2025-11-02T10:44:54.247+0000] {dagbag.py:538} INFO - Filling up the DagBag from /opt/airflow/dags/my_dag.py
[2025-11-02T10:44:55.176+0000] {processor.py:840} INFO - DAG(s) 'my_dag' retrieved from /opt/airflow/dags/my_dag.py
[2025-11-02T10:44:55.214+0000] {logging_mixin.py:188} INFO - [2025-11-02T10:44:55.213+0000] {dag.py:3036} INFO - Sync 1 DAGs
[2025-11-02T10:44:55.228+0000] {logging_mixin.py:188} INFO - [2025-11-02T10:44:55.228+0000] {dag.py:3823} INFO - Setting next_dagrun for my_dag to None, run_after=None
[2025-11-02T10:44:55.289+0000] {processor.py:183} INFO - Processing /opt/airflow/dags/my_dag.py took 1.051 seconds
[2025-11-02T10:45:26.136+0000] {processor.py:161} INFO - Started process (PID=572) to work on /opt/airflow/dags/my_dag.py
[2025-11-02T10:45:26.140+0000] {processor.py:830} INFO - Processing file /opt/airflow/dags/my_dag.py for tasks to queue
[2025-11-02T10:45:26.146+0000] {logging_mixin.py:188} INFO - [2025-11-02T10:45:26.145+0000] {dagbag.py:538} INFO - Filling up the DagBag from /opt/airflow/dags/my_dag.py
[2025-11-02T10:45:29.295+0000] {processor.py:840} INFO - DAG(s) 'my_dag' retrieved from /opt/airflow/dags/my_dag.py
[2025-11-02T10:45:29.536+0000] {logging_mixin.py:188} INFO - [2025-11-02T10:45:29.531+0000] {dag.py:3036} INFO - Sync 1 DAGs
[2025-11-02T10:45:29.569+0000] {logging_mixin.py:188} INFO - [2025-11-02T10:45:29.569+0000] {dag.py:3823} INFO - Setting next_dagrun for my_dag to None, run_after=None
[2025-11-02T10:45:29.657+0000] {processor.py:183} INFO - Processing /opt/airflow/dags/my_dag.py took 3.538 seconds
[2025-11-02T10:46:02.243+0000] {processor.py:161} INFO - Started process (PID=586) to work on /opt/airflow/dags/my_dag.py
[2025-11-02T10:46:02.246+0000] {processor.py:830} INFO - Processing file /opt/airflow/dags/my_dag.py for tasks to queue
[2025-11-02T10:46:02.249+0000] {logging_mixin.py:188} INFO - [2025-11-02T10:46:02.248+0000] {dagbag.py:538} INFO - Filling up the DagBag from /opt/airflow/dags/my_dag.py
[2025-11-02T10:46:04.276+0000] {processor.py:840} INFO - DAG(s) 'my_dag' retrieved from /opt/airflow/dags/my_dag.py
[2025-11-02T10:46:04.424+0000] {logging_mixin.py:188} INFO - [2025-11-02T10:46:04.423+0000] {dag.py:3036} INFO - Sync 1 DAGs
[2025-11-02T10:46:04.506+0000] {logging_mixin.py:188} INFO - [2025-11-02T10:46:04.506+0000] {dag.py:3823} INFO - Setting next_dagrun for my_dag to None, run_after=None
[2025-11-02T10:46:04.703+0000] {processor.py:183} INFO - Processing /opt/airflow/dags/my_dag.py took 2.481 seconds
[2025-11-02T10:46:35.529+0000] {processor.py:161} INFO - Started process (PID=599) to work on /opt/airflow/dags/my_dag.py
[2025-11-02T10:46:35.575+0000] {processor.py:830} INFO - Processing file /opt/airflow/dags/my_dag.py for tasks to queue
[2025-11-02T10:46:35.577+0000] {logging_mixin.py:188} INFO - [2025-11-02T10:46:35.577+0000] {dagbag.py:538} INFO - Filling up the DagBag from /opt/airflow/dags/my_dag.py
[2025-11-02T10:46:37.377+0000] {processor.py:840} INFO - DAG(s) 'my_dag' retrieved from /opt/airflow/dags/my_dag.py
[2025-11-02T10:46:37.548+0000] {logging_mixin.py:188} INFO - [2025-11-02T10:46:37.547+0000] {dag.py:3036} INFO - Sync 1 DAGs
[2025-11-02T10:46:37.589+0000] {logging_mixin.py:188} INFO - [2025-11-02T10:46:37.588+0000] {dag.py:3823} INFO - Setting next_dagrun for my_dag to None, run_after=None
[2025-11-02T10:46:37.649+0000] {processor.py:183} INFO - Processing /opt/airflow/dags/my_dag.py took 2.133 seconds
[2025-11-02T10:47:08.461+0000] {processor.py:161} INFO - Started process (PID=612) to work on /opt/airflow/dags/my_dag.py
[2025-11-02T10:47:08.464+0000] {processor.py:830} INFO - Processing file /opt/airflow/dags/my_dag.py for tasks to queue
[2025-11-02T10:47:08.474+0000] {logging_mixin.py:188} INFO - [2025-11-02T10:47:08.473+0000] {dagbag.py:538} INFO - Filling up the DagBag from /opt/airflow/dags/my_dag.py
[2025-11-02T10:47:11.297+0000] {processor.py:840} INFO - DAG(s) 'my_dag' retrieved from /opt/airflow/dags/my_dag.py
[2025-11-02T10:47:11.424+0000] {logging_mixin.py:188} INFO - [2025-11-02T10:47:11.422+0000] {dag.py:3036} INFO - Sync 1 DAGs
[2025-11-02T10:47:11.505+0000] {logging_mixin.py:188} INFO - [2025-11-02T10:47:11.504+0000] {dag.py:3823} INFO - Setting next_dagrun for my_dag to None, run_after=None
[2025-11-02T10:47:11.694+0000] {processor.py:183} INFO - Processing /opt/airflow/dags/my_dag.py took 3.252 seconds
[2025-11-02T10:47:42.261+0000] {processor.py:161} INFO - Started process (PID=624) to work on /opt/airflow/dags/my_dag.py
[2025-11-02T10:47:42.290+0000] {processor.py:830} INFO - Processing file /opt/airflow/dags/my_dag.py for tasks to queue
[2025-11-02T10:47:42.294+0000] {logging_mixin.py:188} INFO - [2025-11-02T10:47:42.293+0000] {dagbag.py:538} INFO - Filling up the DagBag from /opt/airflow/dags/my_dag.py
[2025-11-02T10:47:45.335+0000] {processor.py:840} INFO - DAG(s) 'my_dag' retrieved from /opt/airflow/dags/my_dag.py
[2025-11-02T10:47:45.446+0000] {logging_mixin.py:188} INFO - [2025-11-02T10:47:45.445+0000] {dag.py:3036} INFO - Sync 1 DAGs
[2025-11-02T10:47:45.525+0000] {logging_mixin.py:188} INFO - [2025-11-02T10:47:45.524+0000] {dag.py:3823} INFO - Setting next_dagrun for my_dag to None, run_after=None
[2025-11-02T10:47:45.656+0000] {processor.py:183} INFO - Processing /opt/airflow/dags/my_dag.py took 3.414 seconds
[2025-11-02T10:48:16.185+0000] {processor.py:161} INFO - Started process (PID=636) to work on /opt/airflow/dags/my_dag.py
[2025-11-02T10:48:16.239+0000] {processor.py:830} INFO - Processing file /opt/airflow/dags/my_dag.py for tasks to queue
[2025-11-02T10:48:16.254+0000] {logging_mixin.py:188} INFO - [2025-11-02T10:48:16.253+0000] {dagbag.py:538} INFO - Filling up the DagBag from /opt/airflow/dags/my_dag.py
[2025-11-02T10:48:17.325+0000] {processor.py:840} INFO - DAG(s) 'my_dag' retrieved from /opt/airflow/dags/my_dag.py
[2025-11-02T10:48:17.359+0000] {logging_mixin.py:188} INFO - [2025-11-02T10:48:17.358+0000] {dag.py:3036} INFO - Sync 1 DAGs
[2025-11-02T10:48:17.375+0000] {logging_mixin.py:188} INFO - [2025-11-02T10:48:17.375+0000] {dag.py:3823} INFO - Setting next_dagrun for my_dag to None, run_after=None
[2025-11-02T10:48:17.703+0000] {processor.py:183} INFO - Processing /opt/airflow/dags/my_dag.py took 1.529 seconds
[2025-11-02T10:48:47.859+0000] {processor.py:161} INFO - Started process (PID=648) to work on /opt/airflow/dags/my_dag.py
[2025-11-02T10:48:47.863+0000] {processor.py:830} INFO - Processing file /opt/airflow/dags/my_dag.py for tasks to queue
[2025-11-02T10:48:47.866+0000] {logging_mixin.py:188} INFO - [2025-11-02T10:48:47.865+0000] {dagbag.py:538} INFO - Filling up the DagBag from /opt/airflow/dags/my_dag.py
[2025-11-02T10:48:49.869+0000] {processor.py:840} INFO - DAG(s) 'my_dag' retrieved from /opt/airflow/dags/my_dag.py
[2025-11-02T10:48:49.937+0000] {logging_mixin.py:188} INFO - [2025-11-02T10:48:49.936+0000] {dag.py:3036} INFO - Sync 1 DAGs
[2025-11-02T10:48:49.971+0000] {logging_mixin.py:188} INFO - [2025-11-02T10:48:49.971+0000] {dag.py:3823} INFO - Setting next_dagrun for my_dag to None, run_after=None
[2025-11-02T10:48:50.115+0000] {processor.py:183} INFO - Processing /opt/airflow/dags/my_dag.py took 2.262 seconds
[2025-11-02T10:49:20.536+0000] {processor.py:161} INFO - Started process (PID=660) to work on /opt/airflow/dags/my_dag.py
[2025-11-02T10:49:20.538+0000] {processor.py:830} INFO - Processing file /opt/airflow/dags/my_dag.py for tasks to queue
[2025-11-02T10:49:20.539+0000] {logging_mixin.py:188} INFO - [2025-11-02T10:49:20.539+0000] {dagbag.py:538} INFO - Filling up the DagBag from /opt/airflow/dags/my_dag.py
[2025-11-02T10:49:21.464+0000] {processor.py:840} INFO - DAG(s) 'my_dag' retrieved from /opt/airflow/dags/my_dag.py
[2025-11-02T10:49:21.503+0000] {logging_mixin.py:188} INFO - [2025-11-02T10:49:21.503+0000] {dag.py:3036} INFO - Sync 1 DAGs
[2025-11-02T10:49:21.519+0000] {logging_mixin.py:188} INFO - [2025-11-02T10:49:21.519+0000] {dag.py:3823} INFO - Setting next_dagrun for my_dag to None, run_after=None
[2025-11-02T10:49:21.617+0000] {processor.py:183} INFO - Processing /opt/airflow/dags/my_dag.py took 1.086 seconds
[2025-11-02T10:49:53.852+0000] {processor.py:161} INFO - Started process (PID=671) to work on /opt/airflow/dags/my_dag.py
[2025-11-02T10:49:53.854+0000] {processor.py:830} INFO - Processing file /opt/airflow/dags/my_dag.py for tasks to queue
[2025-11-02T10:49:53.855+0000] {logging_mixin.py:188} INFO - [2025-11-02T10:49:53.855+0000] {dagbag.py:538} INFO - Filling up the DagBag from /opt/airflow/dags/my_dag.py
[2025-11-02T10:49:54.867+0000] {processor.py:840} INFO - DAG(s) 'my_dag' retrieved from /opt/airflow/dags/my_dag.py
[2025-11-02T10:49:54.908+0000] {logging_mixin.py:188} INFO - [2025-11-02T10:49:54.907+0000] {dag.py:3036} INFO - Sync 1 DAGs
[2025-11-02T10:49:54.928+0000] {logging_mixin.py:188} INFO - [2025-11-02T10:49:54.928+0000] {dag.py:3823} INFO - Setting next_dagrun for my_dag to None, run_after=None
[2025-11-02T10:49:55.036+0000] {processor.py:183} INFO - Processing /opt/airflow/dags/my_dag.py took 1.190 seconds
[2025-11-02T10:50:27.471+0000] {processor.py:161} INFO - Started process (PID=683) to work on /opt/airflow/dags/my_dag.py
[2025-11-02T10:50:27.477+0000] {processor.py:830} INFO - Processing file /opt/airflow/dags/my_dag.py for tasks to queue
[2025-11-02T10:50:27.481+0000] {logging_mixin.py:188} INFO - [2025-11-02T10:50:27.480+0000] {dagbag.py:538} INFO - Filling up the DagBag from /opt/airflow/dags/my_dag.py
[2025-11-02T10:50:28.769+0000] {processor.py:840} INFO - DAG(s) 'my_dag' retrieved from /opt/airflow/dags/my_dag.py
[2025-11-02T10:50:28.826+0000] {logging_mixin.py:188} INFO - [2025-11-02T10:50:28.822+0000] {dag.py:3036} INFO - Sync 1 DAGs
[2025-11-02T10:50:28.863+0000] {logging_mixin.py:188} INFO - [2025-11-02T10:50:28.863+0000] {dag.py:3823} INFO - Setting next_dagrun for my_dag to None, run_after=None
[2025-11-02T10:50:28.920+0000] {processor.py:183} INFO - Processing /opt/airflow/dags/my_dag.py took 1.456 seconds
[2025-11-02T10:51:02.856+0000] {processor.py:161} INFO - Started process (PID=695) to work on /opt/airflow/dags/my_dag.py
[2025-11-02T10:51:02.859+0000] {processor.py:830} INFO - Processing file /opt/airflow/dags/my_dag.py for tasks to queue
[2025-11-02T10:51:02.875+0000] {logging_mixin.py:188} INFO - [2025-11-02T10:51:02.874+0000] {dagbag.py:538} INFO - Filling up the DagBag from /opt/airflow/dags/my_dag.py
[2025-11-02T10:51:04.420+0000] {processor.py:840} INFO - DAG(s) 'my_dag' retrieved from /opt/airflow/dags/my_dag.py
[2025-11-02T10:51:04.513+0000] {logging_mixin.py:188} INFO - [2025-11-02T10:51:04.513+0000] {dag.py:3036} INFO - Sync 1 DAGs
[2025-11-02T10:51:04.548+0000] {logging_mixin.py:188} INFO - [2025-11-02T10:51:04.548+0000] {dag.py:3823} INFO - Setting next_dagrun for my_dag to None, run_after=None
[2025-11-02T10:51:04.678+0000] {processor.py:183} INFO - Processing /opt/airflow/dags/my_dag.py took 1.840 seconds
[2025-11-02T10:51:34.943+0000] {processor.py:161} INFO - Started process (PID=708) to work on /opt/airflow/dags/my_dag.py
[2025-11-02T10:51:34.945+0000] {processor.py:830} INFO - Processing file /opt/airflow/dags/my_dag.py for tasks to queue
[2025-11-02T10:51:34.947+0000] {logging_mixin.py:188} INFO - [2025-11-02T10:51:34.947+0000] {dagbag.py:538} INFO - Filling up the DagBag from /opt/airflow/dags/my_dag.py
[2025-11-02T10:51:41.828+0000] {processor.py:840} INFO - DAG(s) 'my_dag' retrieved from /opt/airflow/dags/my_dag.py
[2025-11-02T10:51:41.922+0000] {logging_mixin.py:188} INFO - [2025-11-02T10:51:41.921+0000] {dag.py:3036} INFO - Sync 1 DAGs
[2025-11-02T10:51:41.959+0000] {logging_mixin.py:188} INFO - [2025-11-02T10:51:41.958+0000] {dag.py:3823} INFO - Setting next_dagrun for my_dag to None, run_after=None
[2025-11-02T10:51:42.350+0000] {processor.py:183} INFO - Processing /opt/airflow/dags/my_dag.py took 7.421 seconds
[2025-11-02T10:52:12.652+0000] {processor.py:161} INFO - Started process (PID=719) to work on /opt/airflow/dags/my_dag.py
[2025-11-02T10:52:12.656+0000] {processor.py:830} INFO - Processing file /opt/airflow/dags/my_dag.py for tasks to queue
[2025-11-02T10:52:12.660+0000] {logging_mixin.py:188} INFO - [2025-11-02T10:52:12.659+0000] {dagbag.py:538} INFO - Filling up the DagBag from /opt/airflow/dags/my_dag.py
[2025-11-02T10:52:15.092+0000] {processor.py:840} INFO - DAG(s) 'my_dag' retrieved from /opt/airflow/dags/my_dag.py
[2025-11-02T10:52:15.149+0000] {logging_mixin.py:188} INFO - [2025-11-02T10:52:15.148+0000] {dag.py:3036} INFO - Sync 1 DAGs
[2025-11-02T10:52:15.167+0000] {logging_mixin.py:188} INFO - [2025-11-02T10:52:15.167+0000] {dag.py:3823} INFO - Setting next_dagrun for my_dag to None, run_after=None
[2025-11-02T10:52:15.276+0000] {processor.py:183} INFO - Processing /opt/airflow/dags/my_dag.py took 2.634 seconds
[2025-11-02T10:52:46.359+0000] {processor.py:161} INFO - Started process (PID=731) to work on /opt/airflow/dags/my_dag.py
[2025-11-02T10:52:46.362+0000] {processor.py:830} INFO - Processing file /opt/airflow/dags/my_dag.py for tasks to queue
[2025-11-02T10:52:46.364+0000] {logging_mixin.py:188} INFO - [2025-11-02T10:52:46.364+0000] {dagbag.py:538} INFO - Filling up the DagBag from /opt/airflow/dags/my_dag.py
[2025-11-02T10:52:47.974+0000] {processor.py:840} INFO - DAG(s) 'my_dag' retrieved from /opt/airflow/dags/my_dag.py
[2025-11-02T10:52:48.131+0000] {logging_mixin.py:188} INFO - [2025-11-02T10:52:48.130+0000] {dag.py:3036} INFO - Sync 1 DAGs
[2025-11-02T10:52:48.176+0000] {logging_mixin.py:188} INFO - [2025-11-02T10:52:48.169+0000] {dag.py:3823} INFO - Setting next_dagrun for my_dag to None, run_after=None
[2025-11-02T10:52:48.450+0000] {processor.py:183} INFO - Processing /opt/airflow/dags/my_dag.py took 2.102 seconds
[2025-11-02T10:53:19.119+0000] {processor.py:161} INFO - Started process (PID=743) to work on /opt/airflow/dags/my_dag.py
[2025-11-02T10:53:19.121+0000] {processor.py:830} INFO - Processing file /opt/airflow/dags/my_dag.py for tasks to queue
[2025-11-02T10:53:19.123+0000] {logging_mixin.py:188} INFO - [2025-11-02T10:53:19.122+0000] {dagbag.py:538} INFO - Filling up the DagBag from /opt/airflow/dags/my_dag.py
[2025-11-02T10:53:20.026+0000] {processor.py:840} INFO - DAG(s) 'my_dag' retrieved from /opt/airflow/dags/my_dag.py
[2025-11-02T10:53:20.057+0000] {logging_mixin.py:188} INFO - [2025-11-02T10:53:20.056+0000] {dag.py:3036} INFO - Sync 1 DAGs
[2025-11-02T10:53:20.245+0000] {logging_mixin.py:188} INFO - [2025-11-02T10:53:20.245+0000] {dag.py:3823} INFO - Setting next_dagrun for my_dag to None, run_after=None
[2025-11-02T10:53:20.346+0000] {processor.py:183} INFO - Processing /opt/airflow/dags/my_dag.py took 1.233 seconds
[2025-11-02T10:53:50.458+0000] {processor.py:161} INFO - Started process (PID=755) to work on /opt/airflow/dags/my_dag.py
[2025-11-02T10:53:50.460+0000] {processor.py:830} INFO - Processing file /opt/airflow/dags/my_dag.py for tasks to queue
[2025-11-02T10:53:50.463+0000] {logging_mixin.py:188} INFO - [2025-11-02T10:53:50.462+0000] {dagbag.py:538} INFO - Filling up the DagBag from /opt/airflow/dags/my_dag.py
[2025-11-02T10:53:51.814+0000] {processor.py:840} INFO - DAG(s) 'my_dag' retrieved from /opt/airflow/dags/my_dag.py
[2025-11-02T10:53:51.949+0000] {logging_mixin.py:188} INFO - [2025-11-02T10:53:51.948+0000] {dag.py:3036} INFO - Sync 1 DAGs
[2025-11-02T10:53:52.054+0000] {logging_mixin.py:188} INFO - [2025-11-02T10:53:52.053+0000] {dag.py:3823} INFO - Setting next_dagrun for my_dag to None, run_after=None
[2025-11-02T10:53:52.244+0000] {processor.py:183} INFO - Processing /opt/airflow/dags/my_dag.py took 1.792 seconds
[2025-11-02T10:54:23.047+0000] {processor.py:161} INFO - Started process (PID=767) to work on /opt/airflow/dags/my_dag.py
[2025-11-02T10:54:23.049+0000] {processor.py:830} INFO - Processing file /opt/airflow/dags/my_dag.py for tasks to queue
[2025-11-02T10:54:23.051+0000] {logging_mixin.py:188} INFO - [2025-11-02T10:54:23.050+0000] {dagbag.py:538} INFO - Filling up the DagBag from /opt/airflow/dags/my_dag.py
[2025-11-02T10:54:24.459+0000] {processor.py:840} INFO - DAG(s) 'my_dag' retrieved from /opt/airflow/dags/my_dag.py
[2025-11-02T10:54:24.496+0000] {logging_mixin.py:188} INFO - [2025-11-02T10:54:24.493+0000] {dag.py:3036} INFO - Sync 1 DAGs
[2025-11-02T10:54:24.518+0000] {logging_mixin.py:188} INFO - [2025-11-02T10:54:24.518+0000] {dag.py:3823} INFO - Setting next_dagrun for my_dag to None, run_after=None
[2025-11-02T10:54:24.612+0000] {processor.py:183} INFO - Processing /opt/airflow/dags/my_dag.py took 1.579 seconds
[2025-11-02T10:54:55.197+0000] {processor.py:161} INFO - Started process (PID=779) to work on /opt/airflow/dags/my_dag.py
[2025-11-02T10:54:55.209+0000] {processor.py:830} INFO - Processing file /opt/airflow/dags/my_dag.py for tasks to queue
[2025-11-02T10:54:55.211+0000] {logging_mixin.py:188} INFO - [2025-11-02T10:54:55.211+0000] {dagbag.py:538} INFO - Filling up the DagBag from /opt/airflow/dags/my_dag.py
[2025-11-02T10:54:56.185+0000] {processor.py:840} INFO - DAG(s) 'my_dag' retrieved from /opt/airflow/dags/my_dag.py
[2025-11-02T10:54:56.219+0000] {logging_mixin.py:188} INFO - [2025-11-02T10:54:56.218+0000] {dag.py:3036} INFO - Sync 1 DAGs
[2025-11-02T10:54:56.245+0000] {logging_mixin.py:188} INFO - [2025-11-02T10:54:56.244+0000] {dag.py:3823} INFO - Setting next_dagrun for my_dag to None, run_after=None
[2025-11-02T10:54:56.349+0000] {processor.py:183} INFO - Processing /opt/airflow/dags/my_dag.py took 1.178 seconds
[2025-11-02T10:55:27.614+0000] {processor.py:161} INFO - Started process (PID=789) to work on /opt/airflow/dags/my_dag.py
[2025-11-02T10:55:27.618+0000] {processor.py:830} INFO - Processing file /opt/airflow/dags/my_dag.py for tasks to queue
[2025-11-02T10:55:27.621+0000] {logging_mixin.py:188} INFO - [2025-11-02T10:55:27.620+0000] {dagbag.py:538} INFO - Filling up the DagBag from /opt/airflow/dags/my_dag.py
[2025-11-02T10:55:28.580+0000] {processor.py:840} INFO - DAG(s) 'my_dag' retrieved from /opt/airflow/dags/my_dag.py
[2025-11-02T10:55:28.634+0000] {logging_mixin.py:188} INFO - [2025-11-02T10:55:28.633+0000] {dag.py:3036} INFO - Sync 1 DAGs
[2025-11-02T10:55:28.672+0000] {logging_mixin.py:188} INFO - [2025-11-02T10:55:28.671+0000] {dag.py:3823} INFO - Setting next_dagrun for my_dag to None, run_after=None
[2025-11-02T10:55:28.743+0000] {processor.py:183} INFO - Processing /opt/airflow/dags/my_dag.py took 1.137 seconds
[2025-11-02T10:56:00.796+0000] {processor.py:161} INFO - Started process (PID=801) to work on /opt/airflow/dags/my_dag.py
[2025-11-02T10:56:00.798+0000] {processor.py:830} INFO - Processing file /opt/airflow/dags/my_dag.py for tasks to queue
[2025-11-02T10:56:00.800+0000] {logging_mixin.py:188} INFO - [2025-11-02T10:56:00.799+0000] {dagbag.py:538} INFO - Filling up the DagBag from /opt/airflow/dags/my_dag.py
[2025-11-02T10:56:01.940+0000] {processor.py:840} INFO - DAG(s) 'my_dag' retrieved from /opt/airflow/dags/my_dag.py
[2025-11-02T10:56:02.012+0000] {logging_mixin.py:188} INFO - [2025-11-02T10:56:02.010+0000] {dag.py:3036} INFO - Sync 1 DAGs
[2025-11-02T10:56:02.037+0000] {logging_mixin.py:188} INFO - [2025-11-02T10:56:02.036+0000] {dag.py:3823} INFO - Setting next_dagrun for my_dag to None, run_after=None
[2025-11-02T10:56:02.083+0000] {processor.py:183} INFO - Processing /opt/airflow/dags/my_dag.py took 1.297 seconds
[2025-11-02T10:56:35.178+0000] {processor.py:161} INFO - Started process (PID=813) to work on /opt/airflow/dags/my_dag.py
[2025-11-02T10:56:35.181+0000] {processor.py:830} INFO - Processing file /opt/airflow/dags/my_dag.py for tasks to queue
[2025-11-02T10:56:35.184+0000] {logging_mixin.py:188} INFO - [2025-11-02T10:56:35.183+0000] {dagbag.py:538} INFO - Filling up the DagBag from /opt/airflow/dags/my_dag.py
[2025-11-02T10:56:36.440+0000] {processor.py:840} INFO - DAG(s) 'my_dag' retrieved from /opt/airflow/dags/my_dag.py
[2025-11-02T10:56:36.473+0000] {logging_mixin.py:188} INFO - [2025-11-02T10:56:36.472+0000] {dag.py:3036} INFO - Sync 1 DAGs
[2025-11-02T10:56:36.491+0000] {logging_mixin.py:188} INFO - [2025-11-02T10:56:36.490+0000] {dag.py:3823} INFO - Setting next_dagrun for my_dag to None, run_after=None
[2025-11-02T10:56:36.529+0000] {processor.py:183} INFO - Processing /opt/airflow/dags/my_dag.py took 1.362 seconds
[2025-11-02T10:57:07.783+0000] {processor.py:161} INFO - Started process (PID=825) to work on /opt/airflow/dags/my_dag.py
[2025-11-02T10:57:07.785+0000] {processor.py:830} INFO - Processing file /opt/airflow/dags/my_dag.py for tasks to queue
[2025-11-02T10:57:07.788+0000] {logging_mixin.py:188} INFO - [2025-11-02T10:57:07.787+0000] {dagbag.py:538} INFO - Filling up the DagBag from /opt/airflow/dags/my_dag.py
[2025-11-02T10:57:08.535+0000] {processor.py:840} INFO - DAG(s) 'my_dag' retrieved from /opt/airflow/dags/my_dag.py
[2025-11-02T10:57:08.568+0000] {logging_mixin.py:188} INFO - [2025-11-02T10:57:08.567+0000] {dag.py:3036} INFO - Sync 1 DAGs
[2025-11-02T10:57:08.585+0000] {logging_mixin.py:188} INFO - [2025-11-02T10:57:08.585+0000] {dag.py:3823} INFO - Setting next_dagrun for my_dag to None, run_after=None
[2025-11-02T10:57:08.619+0000] {processor.py:183} INFO - Processing /opt/airflow/dags/my_dag.py took 0.848 seconds
[2025-11-02T10:57:43.592+0000] {processor.py:161} INFO - Started process (PID=837) to work on /opt/airflow/dags/my_dag.py
[2025-11-02T10:57:43.622+0000] {processor.py:830} INFO - Processing file /opt/airflow/dags/my_dag.py for tasks to queue
[2025-11-02T10:57:43.740+0000] {logging_mixin.py:188} INFO - [2025-11-02T10:57:43.739+0000] {dagbag.py:538} INFO - Filling up the DagBag from /opt/airflow/dags/my_dag.py
[2025-11-02T10:57:49.206+0000] {processor.py:840} INFO - DAG(s) 'my_dag' retrieved from /opt/airflow/dags/my_dag.py
[2025-11-02T10:57:49.340+0000] {logging_mixin.py:188} INFO - [2025-11-02T10:57:49.336+0000] {dag.py:3036} INFO - Sync 1 DAGs
[2025-11-02T10:57:49.412+0000] {logging_mixin.py:188} INFO - [2025-11-02T10:57:49.412+0000] {dag.py:3823} INFO - Setting next_dagrun for my_dag to None, run_after=None
[2025-11-02T10:57:49.523+0000] {processor.py:183} INFO - Processing /opt/airflow/dags/my_dag.py took 5.941 seconds
[2025-11-02T10:58:22.658+0000] {processor.py:161} INFO - Started process (PID=850) to work on /opt/airflow/dags/my_dag.py
[2025-11-02T10:58:22.670+0000] {processor.py:830} INFO - Processing file /opt/airflow/dags/my_dag.py for tasks to queue
[2025-11-02T10:58:22.744+0000] {logging_mixin.py:188} INFO - [2025-11-02T10:58:22.743+0000] {dagbag.py:538} INFO - Filling up the DagBag from /opt/airflow/dags/my_dag.py
[2025-11-02T10:58:28.189+0000] {processor.py:840} INFO - DAG(s) 'my_dag' retrieved from /opt/airflow/dags/my_dag.py
[2025-11-02T10:58:28.383+0000] {logging_mixin.py:188} INFO - [2025-11-02T10:58:28.381+0000] {dag.py:3036} INFO - Sync 1 DAGs
[2025-11-02T10:58:28.516+0000] {logging_mixin.py:188} INFO - [2025-11-02T10:58:28.516+0000] {dag.py:3823} INFO - Setting next_dagrun for my_dag to None, run_after=None
[2025-11-02T10:58:28.685+0000] {processor.py:183} INFO - Processing /opt/airflow/dags/my_dag.py took 6.053 seconds
[2025-11-02T10:59:02.514+0000] {processor.py:161} INFO - Started process (PID=862) to work on /opt/airflow/dags/my_dag.py
[2025-11-02T10:59:02.516+0000] {processor.py:830} INFO - Processing file /opt/airflow/dags/my_dag.py for tasks to queue
[2025-11-02T10:59:02.519+0000] {logging_mixin.py:188} INFO - [2025-11-02T10:59:02.518+0000] {dagbag.py:538} INFO - Filling up the DagBag from /opt/airflow/dags/my_dag.py
[2025-11-02T10:59:09.674+0000] {processor.py:840} INFO - DAG(s) 'my_dag' retrieved from /opt/airflow/dags/my_dag.py
[2025-11-02T10:59:09.826+0000] {logging_mixin.py:188} INFO - [2025-11-02T10:59:09.818+0000] {dag.py:3036} INFO - Sync 1 DAGs
[2025-11-02T10:59:09.911+0000] {logging_mixin.py:188} INFO - [2025-11-02T10:59:09.910+0000] {dag.py:3823} INFO - Setting next_dagrun for my_dag to None, run_after=None
[2025-11-02T10:59:10.184+0000] {processor.py:183} INFO - Processing /opt/airflow/dags/my_dag.py took 7.686 seconds
[2025-11-02T10:59:41.109+0000] {processor.py:161} INFO - Started process (PID=874) to work on /opt/airflow/dags/my_dag.py
[2025-11-02T10:59:41.112+0000] {processor.py:830} INFO - Processing file /opt/airflow/dags/my_dag.py for tasks to queue
[2025-11-02T10:59:41.118+0000] {logging_mixin.py:188} INFO - [2025-11-02T10:59:41.117+0000] {dagbag.py:538} INFO - Filling up the DagBag from /opt/airflow/dags/my_dag.py
[2025-11-02T10:59:43.323+0000] {processor.py:840} INFO - DAG(s) 'my_dag' retrieved from /opt/airflow/dags/my_dag.py
[2025-11-02T10:59:43.430+0000] {logging_mixin.py:188} INFO - [2025-11-02T10:59:43.428+0000] {dag.py:3036} INFO - Sync 1 DAGs
[2025-11-02T10:59:43.484+0000] {logging_mixin.py:188} INFO - [2025-11-02T10:59:43.483+0000] {dag.py:3823} INFO - Setting next_dagrun for my_dag to None, run_after=None
[2025-11-02T10:59:43.563+0000] {processor.py:183} INFO - Processing /opt/airflow/dags/my_dag.py took 2.467 seconds
[2025-11-02T11:00:14.311+0000] {processor.py:161} INFO - Started process (PID=886) to work on /opt/airflow/dags/my_dag.py
[2025-11-02T11:00:14.316+0000] {processor.py:830} INFO - Processing file /opt/airflow/dags/my_dag.py for tasks to queue
[2025-11-02T11:00:14.321+0000] {logging_mixin.py:188} INFO - [2025-11-02T11:00:14.320+0000] {dagbag.py:538} INFO - Filling up the DagBag from /opt/airflow/dags/my_dag.py
[2025-11-02T11:00:17.281+0000] {processor.py:840} INFO - DAG(s) 'my_dag' retrieved from /opt/airflow/dags/my_dag.py
[2025-11-02T11:00:17.328+0000] {logging_mixin.py:188} INFO - [2025-11-02T11:00:17.326+0000] {dag.py:3036} INFO - Sync 1 DAGs
[2025-11-02T11:00:17.354+0000] {logging_mixin.py:188} INFO - [2025-11-02T11:00:17.354+0000] {dag.py:3823} INFO - Setting next_dagrun for my_dag to None, run_after=None
[2025-11-02T11:00:17.597+0000] {processor.py:183} INFO - Processing /opt/airflow/dags/my_dag.py took 3.300 seconds
[2025-11-02T11:00:48.119+0000] {processor.py:161} INFO - Started process (PID=899) to work on /opt/airflow/dags/my_dag.py
[2025-11-02T11:00:48.121+0000] {processor.py:830} INFO - Processing file /opt/airflow/dags/my_dag.py for tasks to queue
[2025-11-02T11:00:48.123+0000] {logging_mixin.py:188} INFO - [2025-11-02T11:00:48.122+0000] {dagbag.py:538} INFO - Filling up the DagBag from /opt/airflow/dags/my_dag.py
[2025-11-02T11:00:48.745+0000] {processor.py:840} INFO - DAG(s) 'my_dag' retrieved from /opt/airflow/dags/my_dag.py
[2025-11-02T11:00:48.795+0000] {logging_mixin.py:188} INFO - [2025-11-02T11:00:48.794+0000] {dag.py:3036} INFO - Sync 1 DAGs
[2025-11-02T11:00:48.820+0000] {logging_mixin.py:188} INFO - [2025-11-02T11:00:48.820+0000] {dag.py:3823} INFO - Setting next_dagrun for my_dag to None, run_after=None
[2025-11-02T11:00:48.860+0000] {processor.py:183} INFO - Processing /opt/airflow/dags/my_dag.py took 0.746 seconds
[2025-11-02T11:01:19.197+0000] {processor.py:161} INFO - Started process (PID=911) to work on /opt/airflow/dags/my_dag.py
[2025-11-02T11:01:19.200+0000] {processor.py:830} INFO - Processing file /opt/airflow/dags/my_dag.py for tasks to queue
[2025-11-02T11:01:19.202+0000] {logging_mixin.py:188} INFO - [2025-11-02T11:01:19.201+0000] {dagbag.py:538} INFO - Filling up the DagBag from /opt/airflow/dags/my_dag.py
[2025-11-02T11:01:19.909+0000] {processor.py:840} INFO - DAG(s) 'my_dag' retrieved from /opt/airflow/dags/my_dag.py
[2025-11-02T11:01:19.944+0000] {logging_mixin.py:188} INFO - [2025-11-02T11:01:19.942+0000] {dag.py:3036} INFO - Sync 1 DAGs
[2025-11-02T11:01:19.961+0000] {logging_mixin.py:188} INFO - [2025-11-02T11:01:19.960+0000] {dag.py:3823} INFO - Setting next_dagrun for my_dag to None, run_after=None
[2025-11-02T11:01:20.149+0000] {processor.py:183} INFO - Processing /opt/airflow/dags/my_dag.py took 0.963 seconds
[2025-11-02T11:01:50.848+0000] {processor.py:161} INFO - Started process (PID=923) to work on /opt/airflow/dags/my_dag.py
[2025-11-02T11:01:50.850+0000] {processor.py:830} INFO - Processing file /opt/airflow/dags/my_dag.py for tasks to queue
[2025-11-02T11:01:50.852+0000] {logging_mixin.py:188} INFO - [2025-11-02T11:01:50.851+0000] {dagbag.py:538} INFO - Filling up the DagBag from /opt/airflow/dags/my_dag.py
[2025-11-02T11:01:51.622+0000] {processor.py:840} INFO - DAG(s) 'my_dag' retrieved from /opt/airflow/dags/my_dag.py
[2025-11-02T11:01:51.661+0000] {logging_mixin.py:188} INFO - [2025-11-02T11:01:51.661+0000] {dag.py:3036} INFO - Sync 1 DAGs
[2025-11-02T11:01:51.677+0000] {logging_mixin.py:188} INFO - [2025-11-02T11:01:51.677+0000] {dag.py:3823} INFO - Setting next_dagrun for my_dag to None, run_after=None
[2025-11-02T11:01:51.819+0000] {processor.py:183} INFO - Processing /opt/airflow/dags/my_dag.py took 0.979 seconds
[2025-11-02T11:02:22.027+0000] {processor.py:161} INFO - Started process (PID=935) to work on /opt/airflow/dags/my_dag.py
[2025-11-02T11:02:22.030+0000] {processor.py:830} INFO - Processing file /opt/airflow/dags/my_dag.py for tasks to queue
[2025-11-02T11:02:22.032+0000] {logging_mixin.py:188} INFO - [2025-11-02T11:02:22.031+0000] {dagbag.py:538} INFO - Filling up the DagBag from /opt/airflow/dags/my_dag.py
[2025-11-02T11:02:23.107+0000] {processor.py:840} INFO - DAG(s) 'my_dag' retrieved from /opt/airflow/dags/my_dag.py
[2025-11-02T11:02:23.168+0000] {logging_mixin.py:188} INFO - [2025-11-02T11:02:23.166+0000] {dag.py:3036} INFO - Sync 1 DAGs
[2025-11-02T11:02:23.197+0000] {logging_mixin.py:188} INFO - [2025-11-02T11:02:23.197+0000] {dag.py:3823} INFO - Setting next_dagrun for my_dag to None, run_after=None
[2025-11-02T11:02:23.233+0000] {processor.py:183} INFO - Processing /opt/airflow/dags/my_dag.py took 1.214 seconds
[2025-11-02T11:02:53.825+0000] {processor.py:161} INFO - Started process (PID=947) to work on /opt/airflow/dags/my_dag.py
[2025-11-02T11:02:53.827+0000] {processor.py:830} INFO - Processing file /opt/airflow/dags/my_dag.py for tasks to queue
[2025-11-02T11:02:53.829+0000] {logging_mixin.py:188} INFO - [2025-11-02T11:02:53.828+0000] {dagbag.py:538} INFO - Filling up the DagBag from /opt/airflow/dags/my_dag.py
[2025-11-02T11:02:54.825+0000] {processor.py:840} INFO - DAG(s) 'my_dag' retrieved from /opt/airflow/dags/my_dag.py
[2025-11-02T11:02:54.862+0000] {logging_mixin.py:188} INFO - [2025-11-02T11:02:54.861+0000] {dag.py:3036} INFO - Sync 1 DAGs
[2025-11-02T11:02:54.878+0000] {logging_mixin.py:188} INFO - [2025-11-02T11:02:54.877+0000] {dag.py:3823} INFO - Setting next_dagrun for my_dag to None, run_after=None
[2025-11-02T11:02:54.912+0000] {processor.py:183} INFO - Processing /opt/airflow/dags/my_dag.py took 1.096 seconds
[2025-11-02T11:03:25.460+0000] {processor.py:161} INFO - Started process (PID=959) to work on /opt/airflow/dags/my_dag.py
[2025-11-02T11:03:25.462+0000] {processor.py:830} INFO - Processing file /opt/airflow/dags/my_dag.py for tasks to queue
[2025-11-02T11:03:25.465+0000] {logging_mixin.py:188} INFO - [2025-11-02T11:03:25.464+0000] {dagbag.py:538} INFO - Filling up the DagBag from /opt/airflow/dags/my_dag.py
[2025-11-02T11:03:26.726+0000] {processor.py:840} INFO - DAG(s) 'my_dag' retrieved from /opt/airflow/dags/my_dag.py
[2025-11-02T11:03:26.754+0000] {logging_mixin.py:188} INFO - [2025-11-02T11:03:26.753+0000] {dag.py:3036} INFO - Sync 1 DAGs
[2025-11-02T11:03:26.770+0000] {logging_mixin.py:188} INFO - [2025-11-02T11:03:26.770+0000] {dag.py:3823} INFO - Setting next_dagrun for my_dag to None, run_after=None
[2025-11-02T11:03:26.807+0000] {processor.py:183} INFO - Processing /opt/airflow/dags/my_dag.py took 1.365 seconds
[2025-11-02T11:03:57.014+0000] {processor.py:161} INFO - Started process (PID=971) to work on /opt/airflow/dags/my_dag.py
[2025-11-02T11:03:57.015+0000] {processor.py:830} INFO - Processing file /opt/airflow/dags/my_dag.py for tasks to queue
[2025-11-02T11:03:57.017+0000] {logging_mixin.py:188} INFO - [2025-11-02T11:03:57.016+0000] {dagbag.py:538} INFO - Filling up the DagBag from /opt/airflow/dags/my_dag.py
[2025-11-02T11:03:57.714+0000] {processor.py:840} INFO - DAG(s) 'my_dag' retrieved from /opt/airflow/dags/my_dag.py
[2025-11-02T11:03:57.747+0000] {logging_mixin.py:188} INFO - [2025-11-02T11:03:57.746+0000] {dag.py:3036} INFO - Sync 1 DAGs
[2025-11-02T11:03:57.762+0000] {logging_mixin.py:188} INFO - [2025-11-02T11:03:57.761+0000] {dag.py:3823} INFO - Setting next_dagrun for my_dag to None, run_after=None
[2025-11-02T11:03:57.794+0000] {processor.py:183} INFO - Processing /opt/airflow/dags/my_dag.py took 0.790 seconds
[2025-11-02T11:04:28.068+0000] {processor.py:161} INFO - Started process (PID=983) to work on /opt/airflow/dags/my_dag.py
[2025-11-02T11:04:28.070+0000] {processor.py:830} INFO - Processing file /opt/airflow/dags/my_dag.py for tasks to queue
[2025-11-02T11:04:28.074+0000] {logging_mixin.py:188} INFO - [2025-11-02T11:04:28.073+0000] {dagbag.py:538} INFO - Filling up the DagBag from /opt/airflow/dags/my_dag.py
[2025-11-02T11:04:28.727+0000] {processor.py:840} INFO - DAG(s) 'my_dag' retrieved from /opt/airflow/dags/my_dag.py
[2025-11-02T11:04:28.759+0000] {logging_mixin.py:188} INFO - [2025-11-02T11:04:28.757+0000] {dag.py:3036} INFO - Sync 1 DAGs
[2025-11-02T11:04:28.773+0000] {logging_mixin.py:188} INFO - [2025-11-02T11:04:28.773+0000] {dag.py:3823} INFO - Setting next_dagrun for my_dag to None, run_after=None
[2025-11-02T11:04:28.803+0000] {processor.py:183} INFO - Processing /opt/airflow/dags/my_dag.py took 0.741 seconds
[2025-11-02T11:04:59.026+0000] {processor.py:161} INFO - Started process (PID=996) to work on /opt/airflow/dags/my_dag.py
[2025-11-02T11:04:59.028+0000] {processor.py:830} INFO - Processing file /opt/airflow/dags/my_dag.py for tasks to queue
[2025-11-02T11:04:59.031+0000] {logging_mixin.py:188} INFO - [2025-11-02T11:04:59.030+0000] {dagbag.py:538} INFO - Filling up the DagBag from /opt/airflow/dags/my_dag.py
[2025-11-02T11:04:59.705+0000] {processor.py:840} INFO - DAG(s) 'my_dag' retrieved from /opt/airflow/dags/my_dag.py
[2025-11-02T11:04:59.736+0000] {logging_mixin.py:188} INFO - [2025-11-02T11:04:59.735+0000] {dag.py:3036} INFO - Sync 1 DAGs
[2025-11-02T11:04:59.749+0000] {logging_mixin.py:188} INFO - [2025-11-02T11:04:59.749+0000] {dag.py:3823} INFO - Setting next_dagrun for my_dag to None, run_after=None
[2025-11-02T11:04:59.785+0000] {processor.py:183} INFO - Processing /opt/airflow/dags/my_dag.py took 0.765 seconds
[2025-11-02T11:05:30.424+0000] {processor.py:161} INFO - Started process (PID=1008) to work on /opt/airflow/dags/my_dag.py
[2025-11-02T11:05:30.426+0000] {processor.py:830} INFO - Processing file /opt/airflow/dags/my_dag.py for tasks to queue
[2025-11-02T11:05:30.428+0000] {logging_mixin.py:188} INFO - [2025-11-02T11:05:30.428+0000] {dagbag.py:538} INFO - Filling up the DagBag from /opt/airflow/dags/my_dag.py
[2025-11-02T11:05:31.436+0000] {processor.py:840} INFO - DAG(s) 'my_dag' retrieved from /opt/airflow/dags/my_dag.py
[2025-11-02T11:05:31.480+0000] {logging_mixin.py:188} INFO - [2025-11-02T11:05:31.479+0000] {dag.py:3036} INFO - Sync 1 DAGs
[2025-11-02T11:05:31.508+0000] {logging_mixin.py:188} INFO - [2025-11-02T11:05:31.508+0000] {dag.py:3823} INFO - Setting next_dagrun for my_dag to None, run_after=None
[2025-11-02T11:05:31.544+0000] {processor.py:183} INFO - Processing /opt/airflow/dags/my_dag.py took 1.135 seconds
[2025-11-02T11:06:02.012+0000] {processor.py:161} INFO - Started process (PID=1020) to work on /opt/airflow/dags/my_dag.py
[2025-11-02T11:06:02.015+0000] {processor.py:830} INFO - Processing file /opt/airflow/dags/my_dag.py for tasks to queue
[2025-11-02T11:06:02.018+0000] {logging_mixin.py:188} INFO - [2025-11-02T11:06:02.017+0000] {dagbag.py:538} INFO - Filling up the DagBag from /opt/airflow/dags/my_dag.py
[2025-11-02T11:06:02.739+0000] {processor.py:840} INFO - DAG(s) 'my_dag' retrieved from /opt/airflow/dags/my_dag.py
[2025-11-02T11:06:02.771+0000] {logging_mixin.py:188} INFO - [2025-11-02T11:06:02.771+0000] {dag.py:3036} INFO - Sync 1 DAGs
[2025-11-02T11:06:02.788+0000] {logging_mixin.py:188} INFO - [2025-11-02T11:06:02.788+0000] {dag.py:3823} INFO - Setting next_dagrun for my_dag to None, run_after=None
[2025-11-02T11:06:02.829+0000] {processor.py:183} INFO - Processing /opt/airflow/dags/my_dag.py took 0.826 seconds
[2025-11-02T11:06:33.827+0000] {processor.py:161} INFO - Started process (PID=1031) to work on /opt/airflow/dags/my_dag.py
[2025-11-02T11:06:33.829+0000] {processor.py:830} INFO - Processing file /opt/airflow/dags/my_dag.py for tasks to queue
[2025-11-02T11:06:33.831+0000] {logging_mixin.py:188} INFO - [2025-11-02T11:06:33.830+0000] {dagbag.py:538} INFO - Filling up the DagBag from /opt/airflow/dags/my_dag.py
[2025-11-02T11:06:34.611+0000] {processor.py:840} INFO - DAG(s) 'my_dag' retrieved from /opt/airflow/dags/my_dag.py
[2025-11-02T11:06:34.644+0000] {logging_mixin.py:188} INFO - [2025-11-02T11:06:34.643+0000] {dag.py:3036} INFO - Sync 1 DAGs
[2025-11-02T11:06:34.661+0000] {logging_mixin.py:188} INFO - [2025-11-02T11:06:34.660+0000] {dag.py:3823} INFO - Setting next_dagrun for my_dag to None, run_after=None
[2025-11-02T11:06:34.710+0000] {processor.py:183} INFO - Processing /opt/airflow/dags/my_dag.py took 0.888 seconds
[2025-11-02T11:07:07.869+0000] {processor.py:161} INFO - Started process (PID=1043) to work on /opt/airflow/dags/my_dag.py
[2025-11-02T11:07:07.872+0000] {processor.py:830} INFO - Processing file /opt/airflow/dags/my_dag.py for tasks to queue
[2025-11-02T11:07:07.875+0000] {logging_mixin.py:188} INFO - [2025-11-02T11:07:07.874+0000] {dagbag.py:538} INFO - Filling up the DagBag from /opt/airflow/dags/my_dag.py
[2025-11-02T11:07:15.305+0000] {processor.py:840} INFO - DAG(s) 'my_dag' retrieved from /opt/airflow/dags/my_dag.py
[2025-11-02T11:07:16.218+0000] {logging_mixin.py:188} INFO - [2025-11-02T11:07:16.217+0000] {dag.py:3036} INFO - Sync 1 DAGs
[2025-11-02T11:07:16.702+0000] {logging_mixin.py:188} INFO - [2025-11-02T11:07:16.702+0000] {dag.py:3823} INFO - Setting next_dagrun for my_dag to None, run_after=None
[2025-11-02T11:07:17.089+0000] {processor.py:183} INFO - Processing /opt/airflow/dags/my_dag.py took 9.231 seconds
[2025-11-02T11:07:48.088+0000] {processor.py:161} INFO - Started process (PID=1056) to work on /opt/airflow/dags/my_dag.py
[2025-11-02T11:07:48.171+0000] {processor.py:830} INFO - Processing file /opt/airflow/dags/my_dag.py for tasks to queue
[2025-11-02T11:07:48.173+0000] {logging_mixin.py:188} INFO - [2025-11-02T11:07:48.172+0000] {dagbag.py:538} INFO - Filling up the DagBag from /opt/airflow/dags/my_dag.py
[2025-11-02T11:07:50.628+0000] {processor.py:840} INFO - DAG(s) 'my_dag' retrieved from /opt/airflow/dags/my_dag.py
[2025-11-02T11:07:50.690+0000] {logging_mixin.py:188} INFO - [2025-11-02T11:07:50.689+0000] {dag.py:3036} INFO - Sync 1 DAGs
[2025-11-02T11:07:50.704+0000] {logging_mixin.py:188} INFO - [2025-11-02T11:07:50.704+0000] {dag.py:3823} INFO - Setting next_dagrun for my_dag to None, run_after=None
[2025-11-02T11:07:50.851+0000] {processor.py:183} INFO - Processing /opt/airflow/dags/my_dag.py took 2.775 seconds
[2025-11-02T11:08:21.399+0000] {processor.py:161} INFO - Started process (PID=1068) to work on /opt/airflow/dags/my_dag.py
[2025-11-02T11:08:21.401+0000] {processor.py:830} INFO - Processing file /opt/airflow/dags/my_dag.py for tasks to queue
[2025-11-02T11:08:21.402+0000] {logging_mixin.py:188} INFO - [2025-11-02T11:08:21.402+0000] {dagbag.py:538} INFO - Filling up the DagBag from /opt/airflow/dags/my_dag.py
[2025-11-02T11:08:22.985+0000] {processor.py:840} INFO - DAG(s) 'my_dag' retrieved from /opt/airflow/dags/my_dag.py
[2025-11-02T11:08:23.393+0000] {logging_mixin.py:188} INFO - [2025-11-02T11:08:23.392+0000] {dag.py:3036} INFO - Sync 1 DAGs
[2025-11-02T11:08:23.684+0000] {logging_mixin.py:188} INFO - [2025-11-02T11:08:23.684+0000] {dag.py:3823} INFO - Setting next_dagrun for my_dag to None, run_after=None
[2025-11-02T11:08:23.853+0000] {processor.py:183} INFO - Processing /opt/airflow/dags/my_dag.py took 2.460 seconds
[2025-11-02T11:08:54.268+0000] {processor.py:161} INFO - Started process (PID=1080) to work on /opt/airflow/dags/my_dag.py
[2025-11-02T11:08:54.271+0000] {processor.py:830} INFO - Processing file /opt/airflow/dags/my_dag.py for tasks to queue
[2025-11-02T11:08:54.274+0000] {logging_mixin.py:188} INFO - [2025-11-02T11:08:54.273+0000] {dagbag.py:538} INFO - Filling up the DagBag from /opt/airflow/dags/my_dag.py
[2025-11-02T11:08:55.749+0000] {processor.py:840} INFO - DAG(s) 'my_dag' retrieved from /opt/airflow/dags/my_dag.py
[2025-11-02T11:08:55.800+0000] {logging_mixin.py:188} INFO - [2025-11-02T11:08:55.800+0000] {dag.py:3036} INFO - Sync 1 DAGs
[2025-11-02T11:08:55.819+0000] {logging_mixin.py:188} INFO - [2025-11-02T11:08:55.819+0000] {dag.py:3823} INFO - Setting next_dagrun for my_dag to None, run_after=None
[2025-11-02T11:08:55.966+0000] {processor.py:183} INFO - Processing /opt/airflow/dags/my_dag.py took 1.712 seconds
[2025-11-02T11:09:26.471+0000] {processor.py:161} INFO - Started process (PID=1092) to work on /opt/airflow/dags/my_dag.py
[2025-11-02T11:09:26.473+0000] {processor.py:830} INFO - Processing file /opt/airflow/dags/my_dag.py for tasks to queue
[2025-11-02T11:09:26.477+0000] {logging_mixin.py:188} INFO - [2025-11-02T11:09:26.476+0000] {dagbag.py:538} INFO - Filling up the DagBag from /opt/airflow/dags/my_dag.py
[2025-11-02T11:09:27.404+0000] {processor.py:840} INFO - DAG(s) 'my_dag' retrieved from /opt/airflow/dags/my_dag.py
[2025-11-02T11:09:27.601+0000] {logging_mixin.py:188} INFO - [2025-11-02T11:09:27.600+0000] {dag.py:3036} INFO - Sync 1 DAGs
[2025-11-02T11:09:27.621+0000] {logging_mixin.py:188} INFO - [2025-11-02T11:09:27.620+0000] {dag.py:3823} INFO - Setting next_dagrun for my_dag to None, run_after=None
[2025-11-02T11:09:27.749+0000] {processor.py:183} INFO - Processing /opt/airflow/dags/my_dag.py took 1.288 seconds
[2025-11-02T11:09:58.327+0000] {processor.py:161} INFO - Started process (PID=1104) to work on /opt/airflow/dags/my_dag.py
[2025-11-02T11:09:58.329+0000] {processor.py:830} INFO - Processing file /opt/airflow/dags/my_dag.py for tasks to queue
[2025-11-02T11:09:58.333+0000] {logging_mixin.py:188} INFO - [2025-11-02T11:09:58.332+0000] {dagbag.py:538} INFO - Filling up the DagBag from /opt/airflow/dags/my_dag.py
[2025-11-02T11:09:59.257+0000] {processor.py:840} INFO - DAG(s) 'my_dag' retrieved from /opt/airflow/dags/my_dag.py
[2025-11-02T11:09:59.358+0000] {logging_mixin.py:188} INFO - [2025-11-02T11:09:59.356+0000] {dag.py:3036} INFO - Sync 1 DAGs
[2025-11-02T11:09:59.401+0000] {logging_mixin.py:188} INFO - [2025-11-02T11:09:59.400+0000] {dag.py:3823} INFO - Setting next_dagrun for my_dag to None, run_after=None
[2025-11-02T11:09:59.528+0000] {processor.py:183} INFO - Processing /opt/airflow/dags/my_dag.py took 1.210 seconds
[2025-11-02T11:10:29.878+0000] {processor.py:161} INFO - Started process (PID=1116) to work on /opt/airflow/dags/my_dag.py
[2025-11-02T11:10:29.918+0000] {processor.py:830} INFO - Processing file /opt/airflow/dags/my_dag.py for tasks to queue
[2025-11-02T11:10:29.922+0000] {logging_mixin.py:188} INFO - [2025-11-02T11:10:29.921+0000] {dagbag.py:538} INFO - Filling up the DagBag from /opt/airflow/dags/my_dag.py
[2025-11-02T11:10:30.763+0000] {processor.py:840} INFO - DAG(s) 'my_dag' retrieved from /opt/airflow/dags/my_dag.py
[2025-11-02T11:10:30.799+0000] {logging_mixin.py:188} INFO - [2025-11-02T11:10:30.798+0000] {dag.py:3036} INFO - Sync 1 DAGs
[2025-11-02T11:10:30.816+0000] {logging_mixin.py:188} INFO - [2025-11-02T11:10:30.815+0000] {dag.py:3823} INFO - Setting next_dagrun for my_dag to None, run_after=None
[2025-11-02T11:10:30.866+0000] {processor.py:183} INFO - Processing /opt/airflow/dags/my_dag.py took 0.997 seconds
[2025-11-02T11:11:01.614+0000] {processor.py:161} INFO - Started process (PID=1128) to work on /opt/airflow/dags/my_dag.py
[2025-11-02T11:11:01.616+0000] {processor.py:830} INFO - Processing file /opt/airflow/dags/my_dag.py for tasks to queue
[2025-11-02T11:11:01.618+0000] {logging_mixin.py:188} INFO - [2025-11-02T11:11:01.617+0000] {dagbag.py:538} INFO - Filling up the DagBag from /opt/airflow/dags/my_dag.py
[2025-11-02T11:11:02.364+0000] {processor.py:840} INFO - DAG(s) 'my_dag' retrieved from /opt/airflow/dags/my_dag.py
[2025-11-02T11:11:02.401+0000] {logging_mixin.py:188} INFO - [2025-11-02T11:11:02.399+0000] {dag.py:3036} INFO - Sync 1 DAGs
[2025-11-02T11:11:02.417+0000] {logging_mixin.py:188} INFO - [2025-11-02T11:11:02.417+0000] {dag.py:3823} INFO - Setting next_dagrun for my_dag to None, run_after=None
[2025-11-02T11:11:02.448+0000] {processor.py:183} INFO - Processing /opt/airflow/dags/my_dag.py took 0.840 seconds
[2025-11-02T11:11:33.821+0000] {processor.py:161} INFO - Started process (PID=1139) to work on /opt/airflow/dags/my_dag.py
[2025-11-02T11:11:33.824+0000] {processor.py:830} INFO - Processing file /opt/airflow/dags/my_dag.py for tasks to queue
[2025-11-02T11:11:33.826+0000] {logging_mixin.py:188} INFO - [2025-11-02T11:11:33.825+0000] {dagbag.py:538} INFO - Filling up the DagBag from /opt/airflow/dags/my_dag.py
[2025-11-02T11:11:34.614+0000] {processor.py:840} INFO - DAG(s) 'my_dag' retrieved from /opt/airflow/dags/my_dag.py
[2025-11-02T11:11:34.646+0000] {logging_mixin.py:188} INFO - [2025-11-02T11:11:34.645+0000] {dag.py:3036} INFO - Sync 1 DAGs
[2025-11-02T11:11:34.663+0000] {logging_mixin.py:188} INFO - [2025-11-02T11:11:34.663+0000] {dag.py:3823} INFO - Setting next_dagrun for my_dag to None, run_after=None
[2025-11-02T11:11:34.704+0000] {processor.py:183} INFO - Processing /opt/airflow/dags/my_dag.py took 0.893 seconds
[2025-11-02T11:12:07.290+0000] {processor.py:161} INFO - Started process (PID=1151) to work on /opt/airflow/dags/my_dag.py
[2025-11-02T11:12:07.292+0000] {processor.py:830} INFO - Processing file /opt/airflow/dags/my_dag.py for tasks to queue
[2025-11-02T11:12:07.294+0000] {logging_mixin.py:188} INFO - [2025-11-02T11:12:07.293+0000] {dagbag.py:538} INFO - Filling up the DagBag from /opt/airflow/dags/my_dag.py
[2025-11-02T11:12:08.069+0000] {processor.py:840} INFO - DAG(s) 'my_dag' retrieved from /opt/airflow/dags/my_dag.py
[2025-11-02T11:12:08.101+0000] {logging_mixin.py:188} INFO - [2025-11-02T11:12:08.100+0000] {dag.py:3036} INFO - Sync 1 DAGs
[2025-11-02T11:12:08.114+0000] {logging_mixin.py:188} INFO - [2025-11-02T11:12:08.114+0000] {dag.py:3823} INFO - Setting next_dagrun for my_dag to None, run_after=None
[2025-11-02T11:12:08.145+0000] {processor.py:183} INFO - Processing /opt/airflow/dags/my_dag.py took 0.863 seconds
[2025-11-02T11:12:40.430+0000] {processor.py:161} INFO - Started process (PID=1163) to work on /opt/airflow/dags/my_dag.py
[2025-11-02T11:12:40.432+0000] {processor.py:830} INFO - Processing file /opt/airflow/dags/my_dag.py for tasks to queue
[2025-11-02T11:12:40.434+0000] {logging_mixin.py:188} INFO - [2025-11-02T11:12:40.433+0000] {dagbag.py:538} INFO - Filling up the DagBag from /opt/airflow/dags/my_dag.py
[2025-11-02T11:12:41.434+0000] {processor.py:840} INFO - DAG(s) 'my_dag' retrieved from /opt/airflow/dags/my_dag.py
[2025-11-02T11:12:41.465+0000] {logging_mixin.py:188} INFO - [2025-11-02T11:12:41.465+0000] {dag.py:3036} INFO - Sync 1 DAGs
[2025-11-02T11:12:41.479+0000] {logging_mixin.py:188} INFO - [2025-11-02T11:12:41.479+0000] {dag.py:3823} INFO - Setting next_dagrun for my_dag to None, run_after=None
[2025-11-02T11:12:41.516+0000] {processor.py:183} INFO - Processing /opt/airflow/dags/my_dag.py took 1.092 seconds
[2025-11-02T11:13:13.941+0000] {processor.py:161} INFO - Started process (PID=1175) to work on /opt/airflow/dags/my_dag.py
[2025-11-02T11:13:13.943+0000] {processor.py:830} INFO - Processing file /opt/airflow/dags/my_dag.py for tasks to queue
[2025-11-02T11:13:13.945+0000] {logging_mixin.py:188} INFO - [2025-11-02T11:13:13.945+0000] {dagbag.py:538} INFO - Filling up the DagBag from /opt/airflow/dags/my_dag.py
[2025-11-02T11:13:14.692+0000] {processor.py:840} INFO - DAG(s) 'my_dag' retrieved from /opt/airflow/dags/my_dag.py
[2025-11-02T11:13:14.722+0000] {logging_mixin.py:188} INFO - [2025-11-02T11:13:14.721+0000] {dag.py:3036} INFO - Sync 1 DAGs
[2025-11-02T11:13:14.737+0000] {logging_mixin.py:188} INFO - [2025-11-02T11:13:14.737+0000] {dag.py:3823} INFO - Setting next_dagrun for my_dag to None, run_after=None
[2025-11-02T11:13:14.769+0000] {processor.py:183} INFO - Processing /opt/airflow/dags/my_dag.py took 0.836 seconds
[2025-11-02T11:13:47.619+0000] {processor.py:161} INFO - Started process (PID=1187) to work on /opt/airflow/dags/my_dag.py
[2025-11-02T11:13:47.622+0000] {processor.py:830} INFO - Processing file /opt/airflow/dags/my_dag.py for tasks to queue
[2025-11-02T11:13:47.624+0000] {logging_mixin.py:188} INFO - [2025-11-02T11:13:47.623+0000] {dagbag.py:538} INFO - Filling up the DagBag from /opt/airflow/dags/my_dag.py
[2025-11-02T11:13:48.620+0000] {processor.py:840} INFO - DAG(s) 'my_dag' retrieved from /opt/airflow/dags/my_dag.py
[2025-11-02T11:13:48.685+0000] {logging_mixin.py:188} INFO - [2025-11-02T11:13:48.684+0000] {dag.py:3036} INFO - Sync 1 DAGs
[2025-11-02T11:13:48.726+0000] {logging_mixin.py:188} INFO - [2025-11-02T11:13:48.726+0000] {dag.py:3823} INFO - Setting next_dagrun for my_dag to None, run_after=None
[2025-11-02T11:13:48.805+0000] {processor.py:183} INFO - Processing /opt/airflow/dags/my_dag.py took 1.194 seconds
[2025-11-02T11:14:20.543+0000] {processor.py:161} INFO - Started process (PID=1199) to work on /opt/airflow/dags/my_dag.py
[2025-11-02T11:14:20.546+0000] {processor.py:830} INFO - Processing file /opt/airflow/dags/my_dag.py for tasks to queue
[2025-11-02T11:14:20.548+0000] {logging_mixin.py:188} INFO - [2025-11-02T11:14:20.547+0000] {dagbag.py:538} INFO - Filling up the DagBag from /opt/airflow/dags/my_dag.py
[2025-11-02T11:14:21.561+0000] {processor.py:840} INFO - DAG(s) 'my_dag' retrieved from /opt/airflow/dags/my_dag.py
[2025-11-02T11:14:21.611+0000] {logging_mixin.py:188} INFO - [2025-11-02T11:14:21.611+0000] {dag.py:3036} INFO - Sync 1 DAGs
[2025-11-02T11:14:21.637+0000] {logging_mixin.py:188} INFO - [2025-11-02T11:14:21.636+0000] {dag.py:3823} INFO - Setting next_dagrun for my_dag to None, run_after=None
[2025-11-02T11:14:21.681+0000] {processor.py:183} INFO - Processing /opt/airflow/dags/my_dag.py took 1.145 seconds
[2025-11-02T11:14:54.277+0000] {processor.py:161} INFO - Started process (PID=1211) to work on /opt/airflow/dags/my_dag.py
[2025-11-02T11:14:54.280+0000] {processor.py:830} INFO - Processing file /opt/airflow/dags/my_dag.py for tasks to queue
[2025-11-02T11:14:54.282+0000] {logging_mixin.py:188} INFO - [2025-11-02T11:14:54.282+0000] {dagbag.py:538} INFO - Filling up the DagBag from /opt/airflow/dags/my_dag.py
[2025-11-02T11:14:55.031+0000] {processor.py:840} INFO - DAG(s) 'my_dag' retrieved from /opt/airflow/dags/my_dag.py
[2025-11-02T11:14:55.061+0000] {logging_mixin.py:188} INFO - [2025-11-02T11:14:55.060+0000] {dag.py:3036} INFO - Sync 1 DAGs
[2025-11-02T11:14:55.075+0000] {logging_mixin.py:188} INFO - [2025-11-02T11:14:55.074+0000] {dag.py:3823} INFO - Setting next_dagrun for my_dag to None, run_after=None
[2025-11-02T11:14:55.108+0000] {processor.py:183} INFO - Processing /opt/airflow/dags/my_dag.py took 0.840 seconds
[2025-11-02T11:15:27.291+0000] {processor.py:161} INFO - Started process (PID=1223) to work on /opt/airflow/dags/my_dag.py
[2025-11-02T11:15:27.294+0000] {processor.py:830} INFO - Processing file /opt/airflow/dags/my_dag.py for tasks to queue
[2025-11-02T11:15:27.296+0000] {logging_mixin.py:188} INFO - [2025-11-02T11:15:27.295+0000] {dagbag.py:538} INFO - Filling up the DagBag from /opt/airflow/dags/my_dag.py
[2025-11-02T11:15:28.153+0000] {processor.py:840} INFO - DAG(s) 'my_dag' retrieved from /opt/airflow/dags/my_dag.py
[2025-11-02T11:15:28.187+0000] {logging_mixin.py:188} INFO - [2025-11-02T11:15:28.187+0000] {dag.py:3036} INFO - Sync 1 DAGs
[2025-11-02T11:15:28.204+0000] {logging_mixin.py:188} INFO - [2025-11-02T11:15:28.203+0000] {dag.py:3823} INFO - Setting next_dagrun for my_dag to None, run_after=None
[2025-11-02T11:15:28.240+0000] {processor.py:183} INFO - Processing /opt/airflow/dags/my_dag.py took 0.957 seconds
[2025-11-02T11:16:02.031+0000] {processor.py:161} INFO - Started process (PID=1235) to work on /opt/airflow/dags/my_dag.py
[2025-11-02T11:16:02.051+0000] {processor.py:830} INFO - Processing file /opt/airflow/dags/my_dag.py for tasks to queue
[2025-11-02T11:16:02.069+0000] {logging_mixin.py:188} INFO - [2025-11-02T11:16:02.068+0000] {dagbag.py:538} INFO - Filling up the DagBag from /opt/airflow/dags/my_dag.py
[2025-11-02T11:16:03.585+0000] {processor.py:840} INFO - DAG(s) 'my_dag' retrieved from /opt/airflow/dags/my_dag.py
[2025-11-02T11:16:03.643+0000] {logging_mixin.py:188} INFO - [2025-11-02T11:16:03.642+0000] {dag.py:3036} INFO - Sync 1 DAGs
[2025-11-02T11:16:03.670+0000] {logging_mixin.py:188} INFO - [2025-11-02T11:16:03.670+0000] {dag.py:3823} INFO - Setting next_dagrun for my_dag to None, run_after=None
[2025-11-02T11:16:03.705+0000] {processor.py:183} INFO - Processing /opt/airflow/dags/my_dag.py took 1.693 seconds
[2025-11-02T11:16:35.082+0000] {processor.py:161} INFO - Started process (PID=1246) to work on /opt/airflow/dags/my_dag.py
[2025-11-02T11:16:35.108+0000] {processor.py:830} INFO - Processing file /opt/airflow/dags/my_dag.py for tasks to queue
[2025-11-02T11:16:35.120+0000] {logging_mixin.py:188} INFO - [2025-11-02T11:16:35.119+0000] {dagbag.py:538} INFO - Filling up the DagBag from /opt/airflow/dags/my_dag.py
[2025-11-02T11:16:36.961+0000] {processor.py:840} INFO - DAG(s) 'my_dag' retrieved from /opt/airflow/dags/my_dag.py
[2025-11-02T11:16:37.077+0000] {logging_mixin.py:188} INFO - [2025-11-02T11:16:37.075+0000] {dag.py:3036} INFO - Sync 1 DAGs
[2025-11-02T11:16:37.117+0000] {logging_mixin.py:188} INFO - [2025-11-02T11:16:37.116+0000] {dag.py:3823} INFO - Setting next_dagrun for my_dag to None, run_after=None
[2025-11-02T11:16:37.163+0000] {processor.py:183} INFO - Processing /opt/airflow/dags/my_dag.py took 2.103 seconds
[2025-11-02T11:17:07.881+0000] {processor.py:161} INFO - Started process (PID=1259) to work on /opt/airflow/dags/my_dag.py
[2025-11-02T11:17:07.883+0000] {processor.py:830} INFO - Processing file /opt/airflow/dags/my_dag.py for tasks to queue
[2025-11-02T11:17:07.889+0000] {logging_mixin.py:188} INFO - [2025-11-02T11:17:07.889+0000] {dagbag.py:538} INFO - Filling up the DagBag from /opt/airflow/dags/my_dag.py
[2025-11-02T11:17:09.229+0000] {processor.py:840} INFO - DAG(s) 'my_dag' retrieved from /opt/airflow/dags/my_dag.py
[2025-11-02T11:17:09.285+0000] {logging_mixin.py:188} INFO - [2025-11-02T11:17:09.276+0000] {dag.py:3036} INFO - Sync 1 DAGs
[2025-11-02T11:17:09.314+0000] {logging_mixin.py:188} INFO - [2025-11-02T11:17:09.314+0000] {dag.py:3823} INFO - Setting next_dagrun for my_dag to None, run_after=None
[2025-11-02T11:17:09.370+0000] {processor.py:183} INFO - Processing /opt/airflow/dags/my_dag.py took 1.495 seconds
[2025-11-02T11:17:41.553+0000] {processor.py:161} INFO - Started process (PID=1270) to work on /opt/airflow/dags/my_dag.py
[2025-11-02T11:17:41.556+0000] {processor.py:830} INFO - Processing file /opt/airflow/dags/my_dag.py for tasks to queue
[2025-11-02T11:17:41.575+0000] {logging_mixin.py:188} INFO - [2025-11-02T11:17:41.574+0000] {dagbag.py:538} INFO - Filling up the DagBag from /opt/airflow/dags/my_dag.py
[2025-11-02T11:17:43.451+0000] {processor.py:840} INFO - DAG(s) 'my_dag' retrieved from /opt/airflow/dags/my_dag.py
[2025-11-02T11:17:43.540+0000] {logging_mixin.py:188} INFO - [2025-11-02T11:17:43.539+0000] {dag.py:3036} INFO - Sync 1 DAGs
[2025-11-02T11:17:43.562+0000] {logging_mixin.py:188} INFO - [2025-11-02T11:17:43.562+0000] {dag.py:3823} INFO - Setting next_dagrun for my_dag to None, run_after=None
[2025-11-02T11:17:43.610+0000] {processor.py:183} INFO - Processing /opt/airflow/dags/my_dag.py took 2.073 seconds
[2025-11-02T11:18:14.367+0000] {processor.py:161} INFO - Started process (PID=1283) to work on /opt/airflow/dags/my_dag.py
[2025-11-02T11:18:14.370+0000] {processor.py:830} INFO - Processing file /opt/airflow/dags/my_dag.py for tasks to queue
[2025-11-02T11:18:14.372+0000] {logging_mixin.py:188} INFO - [2025-11-02T11:18:14.371+0000] {dagbag.py:538} INFO - Filling up the DagBag from /opt/airflow/dags/my_dag.py
[2025-11-02T11:18:15.393+0000] {processor.py:840} INFO - DAG(s) 'my_dag' retrieved from /opt/airflow/dags/my_dag.py
[2025-11-02T11:18:15.500+0000] {logging_mixin.py:188} INFO - [2025-11-02T11:18:15.499+0000] {dag.py:3036} INFO - Sync 1 DAGs
[2025-11-02T11:18:15.546+0000] {logging_mixin.py:188} INFO - [2025-11-02T11:18:15.545+0000] {dag.py:3823} INFO - Setting next_dagrun for my_dag to None, run_after=None
[2025-11-02T11:18:15.578+0000] {processor.py:183} INFO - Processing /opt/airflow/dags/my_dag.py took 1.222 seconds
[2025-11-02T11:18:48.266+0000] {processor.py:161} INFO - Started process (PID=1294) to work on /opt/airflow/dags/my_dag.py
[2025-11-02T11:18:48.269+0000] {processor.py:830} INFO - Processing file /opt/airflow/dags/my_dag.py for tasks to queue
[2025-11-02T11:18:48.274+0000] {logging_mixin.py:188} INFO - [2025-11-02T11:18:48.273+0000] {dagbag.py:538} INFO - Filling up the DagBag from /opt/airflow/dags/my_dag.py
[2025-11-02T11:18:49.533+0000] {processor.py:840} INFO - DAG(s) 'my_dag' retrieved from /opt/airflow/dags/my_dag.py
[2025-11-02T11:18:49.569+0000] {logging_mixin.py:188} INFO - [2025-11-02T11:18:49.568+0000] {dag.py:3036} INFO - Sync 1 DAGs
[2025-11-02T11:18:49.585+0000] {logging_mixin.py:188} INFO - [2025-11-02T11:18:49.584+0000] {dag.py:3823} INFO - Setting next_dagrun for my_dag to None, run_after=None
[2025-11-02T11:18:49.689+0000] {processor.py:183} INFO - Processing /opt/airflow/dags/my_dag.py took 1.429 seconds
[2025-11-02T11:19:22.096+0000] {processor.py:161} INFO - Started process (PID=1306) to work on /opt/airflow/dags/my_dag.py
[2025-11-02T11:19:22.099+0000] {processor.py:830} INFO - Processing file /opt/airflow/dags/my_dag.py for tasks to queue
[2025-11-02T11:19:22.104+0000] {logging_mixin.py:188} INFO - [2025-11-02T11:19:22.102+0000] {dagbag.py:538} INFO - Filling up the DagBag from /opt/airflow/dags/my_dag.py
[2025-11-02T11:19:23.220+0000] {processor.py:840} INFO - DAG(s) 'my_dag' retrieved from /opt/airflow/dags/my_dag.py
[2025-11-02T11:19:23.282+0000] {logging_mixin.py:188} INFO - [2025-11-02T11:19:23.281+0000] {dag.py:3036} INFO - Sync 1 DAGs
[2025-11-02T11:19:23.308+0000] {logging_mixin.py:188} INFO - [2025-11-02T11:19:23.308+0000] {dag.py:3823} INFO - Setting next_dagrun for my_dag to None, run_after=None
[2025-11-02T11:19:23.408+0000] {processor.py:183} INFO - Processing /opt/airflow/dags/my_dag.py took 1.334 seconds
[2025-11-02T11:19:54.653+0000] {processor.py:161} INFO - Started process (PID=1318) to work on /opt/airflow/dags/my_dag.py
[2025-11-02T11:19:54.655+0000] {processor.py:830} INFO - Processing file /opt/airflow/dags/my_dag.py for tasks to queue
[2025-11-02T11:19:54.657+0000] {logging_mixin.py:188} INFO - [2025-11-02T11:19:54.656+0000] {dagbag.py:538} INFO - Filling up the DagBag from /opt/airflow/dags/my_dag.py
[2025-11-02T11:19:55.735+0000] {processor.py:840} INFO - DAG(s) 'my_dag' retrieved from /opt/airflow/dags/my_dag.py
[2025-11-02T11:19:55.780+0000] {logging_mixin.py:188} INFO - [2025-11-02T11:19:55.779+0000] {dag.py:3036} INFO - Sync 1 DAGs
[2025-11-02T11:19:55.813+0000] {logging_mixin.py:188} INFO - [2025-11-02T11:19:55.812+0000] {dag.py:3823} INFO - Setting next_dagrun for my_dag to None, run_after=None
[2025-11-02T11:19:56.153+0000] {processor.py:183} INFO - Processing /opt/airflow/dags/my_dag.py took 1.512 seconds
[2025-11-02T11:20:28.834+0000] {processor.py:161} INFO - Started process (PID=1330) to work on /opt/airflow/dags/my_dag.py
[2025-11-02T11:20:28.837+0000] {processor.py:830} INFO - Processing file /opt/airflow/dags/my_dag.py for tasks to queue
[2025-11-02T11:20:28.839+0000] {logging_mixin.py:188} INFO - [2025-11-02T11:20:28.838+0000] {dagbag.py:538} INFO - Filling up the DagBag from /opt/airflow/dags/my_dag.py
[2025-11-02T11:20:29.941+0000] {processor.py:840} INFO - DAG(s) 'my_dag' retrieved from /opt/airflow/dags/my_dag.py
[2025-11-02T11:20:29.978+0000] {logging_mixin.py:188} INFO - [2025-11-02T11:20:29.977+0000] {dag.py:3036} INFO - Sync 1 DAGs
[2025-11-02T11:20:29.994+0000] {logging_mixin.py:188} INFO - [2025-11-02T11:20:29.994+0000] {dag.py:3823} INFO - Setting next_dagrun for my_dag to None, run_after=None
[2025-11-02T11:20:30.143+0000] {processor.py:183} INFO - Processing /opt/airflow/dags/my_dag.py took 1.319 seconds
[2025-11-02T11:21:01.388+0000] {processor.py:161} INFO - Started process (PID=1342) to work on /opt/airflow/dags/my_dag.py
[2025-11-02T11:21:01.392+0000] {processor.py:830} INFO - Processing file /opt/airflow/dags/my_dag.py for tasks to queue
[2025-11-02T11:21:01.397+0000] {logging_mixin.py:188} INFO - [2025-11-02T11:21:01.396+0000] {dagbag.py:538} INFO - Filling up the DagBag from /opt/airflow/dags/my_dag.py
[2025-11-02T11:21:02.413+0000] {processor.py:840} INFO - DAG(s) 'my_dag' retrieved from /opt/airflow/dags/my_dag.py
[2025-11-02T11:21:02.450+0000] {logging_mixin.py:188} INFO - [2025-11-02T11:21:02.449+0000] {dag.py:3036} INFO - Sync 1 DAGs
[2025-11-02T11:21:02.465+0000] {logging_mixin.py:188} INFO - [2025-11-02T11:21:02.465+0000] {dag.py:3823} INFO - Setting next_dagrun for my_dag to None, run_after=None
[2025-11-02T11:21:03.180+0000] {processor.py:183} INFO - Processing /opt/airflow/dags/my_dag.py took 1.807 seconds
[2025-11-02T11:21:34.641+0000] {processor.py:161} INFO - Started process (PID=1354) to work on /opt/airflow/dags/my_dag.py
[2025-11-02T11:21:34.644+0000] {processor.py:830} INFO - Processing file /opt/airflow/dags/my_dag.py for tasks to queue
[2025-11-02T11:21:34.649+0000] {logging_mixin.py:188} INFO - [2025-11-02T11:21:34.648+0000] {dagbag.py:538} INFO - Filling up the DagBag from /opt/airflow/dags/my_dag.py
[2025-11-02T11:21:35.476+0000] {processor.py:840} INFO - DAG(s) 'my_dag' retrieved from /opt/airflow/dags/my_dag.py
[2025-11-02T11:21:35.513+0000] {logging_mixin.py:188} INFO - [2025-11-02T11:21:35.512+0000] {dag.py:3036} INFO - Sync 1 DAGs
[2025-11-02T11:21:35.540+0000] {logging_mixin.py:188} INFO - [2025-11-02T11:21:35.539+0000] {dag.py:3823} INFO - Setting next_dagrun for my_dag to None, run_after=None
[2025-11-02T11:21:35.615+0000] {processor.py:183} INFO - Processing /opt/airflow/dags/my_dag.py took 0.982 seconds
[2025-11-02T11:22:07.525+0000] {processor.py:161} INFO - Started process (PID=1360) to work on /opt/airflow/dags/my_dag.py
[2025-11-02T11:22:07.527+0000] {processor.py:830} INFO - Processing file /opt/airflow/dags/my_dag.py for tasks to queue
[2025-11-02T11:22:07.529+0000] {logging_mixin.py:188} INFO - [2025-11-02T11:22:07.528+0000] {dagbag.py:538} INFO - Filling up the DagBag from /opt/airflow/dags/my_dag.py
[2025-11-02T11:22:08.380+0000] {processor.py:840} INFO - DAG(s) 'my_dag' retrieved from /opt/airflow/dags/my_dag.py
[2025-11-02T11:22:08.413+0000] {logging_mixin.py:188} INFO - [2025-11-02T11:22:08.412+0000] {dag.py:3036} INFO - Sync 1 DAGs
[2025-11-02T11:22:08.428+0000] {logging_mixin.py:188} INFO - [2025-11-02T11:22:08.428+0000] {dag.py:3823} INFO - Setting next_dagrun for my_dag to None, run_after=None
[2025-11-02T11:22:08.461+0000] {processor.py:183} INFO - Processing /opt/airflow/dags/my_dag.py took 0.945 seconds
[2025-11-02T11:22:43.387+0000] {processor.py:161} INFO - Started process (PID=1378) to work on /opt/airflow/dags/my_dag.py
[2025-11-02T11:22:43.391+0000] {processor.py:830} INFO - Processing file /opt/airflow/dags/my_dag.py for tasks to queue
[2025-11-02T11:22:43.402+0000] {logging_mixin.py:188} INFO - [2025-11-02T11:22:43.401+0000] {dagbag.py:538} INFO - Filling up the DagBag from /opt/airflow/dags/my_dag.py
[2025-11-02T11:22:46.821+0000] {processor.py:840} INFO - DAG(s) 'my_dag' retrieved from /opt/airflow/dags/my_dag.py
[2025-11-02T11:22:46.912+0000] {logging_mixin.py:188} INFO - [2025-11-02T11:22:46.910+0000] {dag.py:3036} INFO - Sync 1 DAGs
[2025-11-02T11:22:46.950+0000] {logging_mixin.py:188} INFO - [2025-11-02T11:22:46.950+0000] {dag.py:3823} INFO - Setting next_dagrun for my_dag to None, run_after=None
[2025-11-02T11:22:47.046+0000] {processor.py:183} INFO - Processing /opt/airflow/dags/my_dag.py took 3.688 seconds
[2025-11-02T11:23:17.777+0000] {processor.py:161} INFO - Started process (PID=1391) to work on /opt/airflow/dags/my_dag.py
[2025-11-02T11:23:17.788+0000] {processor.py:830} INFO - Processing file /opt/airflow/dags/my_dag.py for tasks to queue
[2025-11-02T11:23:17.794+0000] {logging_mixin.py:188} INFO - [2025-11-02T11:23:17.793+0000] {dagbag.py:538} INFO - Filling up the DagBag from /opt/airflow/dags/my_dag.py
[2025-11-02T11:23:19.711+0000] {processor.py:840} INFO - DAG(s) 'my_dag' retrieved from /opt/airflow/dags/my_dag.py
[2025-11-02T11:23:19.756+0000] {logging_mixin.py:188} INFO - [2025-11-02T11:23:19.755+0000] {dag.py:3036} INFO - Sync 1 DAGs
[2025-11-02T11:23:19.783+0000] {logging_mixin.py:188} INFO - [2025-11-02T11:23:19.783+0000] {dag.py:3823} INFO - Setting next_dagrun for my_dag to None, run_after=None
[2025-11-02T11:23:19.849+0000] {processor.py:183} INFO - Processing /opt/airflow/dags/my_dag.py took 2.086 seconds
[2025-11-02T11:23:50.294+0000] {processor.py:161} INFO - Started process (PID=1402) to work on /opt/airflow/dags/my_dag.py
[2025-11-02T11:23:50.298+0000] {processor.py:830} INFO - Processing file /opt/airflow/dags/my_dag.py for tasks to queue
[2025-11-02T11:23:50.301+0000] {logging_mixin.py:188} INFO - [2025-11-02T11:23:50.300+0000] {dagbag.py:538} INFO - Filling up the DagBag from /opt/airflow/dags/my_dag.py
[2025-11-02T11:23:52.210+0000] {processor.py:840} INFO - DAG(s) 'my_dag' retrieved from /opt/airflow/dags/my_dag.py
[2025-11-02T11:23:52.321+0000] {logging_mixin.py:188} INFO - [2025-11-02T11:23:52.320+0000] {dag.py:3036} INFO - Sync 1 DAGs
[2025-11-02T11:23:52.406+0000] {logging_mixin.py:188} INFO - [2025-11-02T11:23:52.405+0000] {dag.py:3823} INFO - Setting next_dagrun for my_dag to None, run_after=None
[2025-11-02T11:23:52.526+0000] {processor.py:183} INFO - Processing /opt/airflow/dags/my_dag.py took 2.247 seconds
[2025-11-02T11:24:23.086+0000] {processor.py:161} INFO - Started process (PID=1414) to work on /opt/airflow/dags/my_dag.py
[2025-11-02T11:24:23.088+0000] {processor.py:830} INFO - Processing file /opt/airflow/dags/my_dag.py for tasks to queue
[2025-11-02T11:24:23.090+0000] {logging_mixin.py:188} INFO - [2025-11-02T11:24:23.090+0000] {dagbag.py:538} INFO - Filling up the DagBag from /opt/airflow/dags/my_dag.py
[2025-11-02T11:24:25.188+0000] {processor.py:840} INFO - DAG(s) 'my_dag' retrieved from /opt/airflow/dags/my_dag.py
[2025-11-02T11:24:25.348+0000] {logging_mixin.py:188} INFO - [2025-11-02T11:24:25.338+0000] {dag.py:3036} INFO - Sync 1 DAGs
[2025-11-02T11:24:25.464+0000] {logging_mixin.py:188} INFO - [2025-11-02T11:24:25.464+0000] {dag.py:3823} INFO - Setting next_dagrun for my_dag to None, run_after=None
[2025-11-02T11:24:25.597+0000] {processor.py:183} INFO - Processing /opt/airflow/dags/my_dag.py took 2.523 seconds
[2025-11-02T11:24:56.140+0000] {processor.py:161} INFO - Started process (PID=1426) to work on /opt/airflow/dags/my_dag.py
[2025-11-02T11:24:56.143+0000] {processor.py:830} INFO - Processing file /opt/airflow/dags/my_dag.py for tasks to queue
[2025-11-02T11:24:56.145+0000] {logging_mixin.py:188} INFO - [2025-11-02T11:24:56.145+0000] {dagbag.py:538} INFO - Filling up the DagBag from /opt/airflow/dags/my_dag.py
[2025-11-02T11:24:58.192+0000] {processor.py:840} INFO - DAG(s) 'my_dag' retrieved from /opt/airflow/dags/my_dag.py
[2025-11-02T11:24:58.286+0000] {logging_mixin.py:188} INFO - [2025-11-02T11:24:58.284+0000] {dag.py:3036} INFO - Sync 1 DAGs
[2025-11-02T11:24:58.344+0000] {logging_mixin.py:188} INFO - [2025-11-02T11:24:58.344+0000] {dag.py:3823} INFO - Setting next_dagrun for my_dag to None, run_after=None
[2025-11-02T11:24:58.416+0000] {processor.py:183} INFO - Processing /opt/airflow/dags/my_dag.py took 2.290 seconds
[2025-11-02T11:25:28.619+0000] {processor.py:161} INFO - Started process (PID=1432) to work on /opt/airflow/dags/my_dag.py
[2025-11-02T11:25:28.622+0000] {processor.py:830} INFO - Processing file /opt/airflow/dags/my_dag.py for tasks to queue
[2025-11-02T11:25:28.630+0000] {logging_mixin.py:188} INFO - [2025-11-02T11:25:28.629+0000] {dagbag.py:538} INFO - Filling up the DagBag from /opt/airflow/dags/my_dag.py
[2025-11-02T11:25:30.243+0000] {processor.py:840} INFO - DAG(s) 'my_dag' retrieved from /opt/airflow/dags/my_dag.py
[2025-11-02T11:25:30.297+0000] {logging_mixin.py:188} INFO - [2025-11-02T11:25:30.297+0000] {dag.py:3036} INFO - Sync 1 DAGs
[2025-11-02T11:25:30.345+0000] {logging_mixin.py:188} INFO - [2025-11-02T11:25:30.344+0000] {dag.py:3823} INFO - Setting next_dagrun for my_dag to None, run_after=None
[2025-11-02T11:25:30.413+0000] {processor.py:183} INFO - Processing /opt/airflow/dags/my_dag.py took 1.809 seconds
[2025-11-02T11:26:01.333+0000] {processor.py:161} INFO - Started process (PID=1444) to work on /opt/airflow/dags/my_dag.py
[2025-11-02T11:26:01.338+0000] {processor.py:830} INFO - Processing file /opt/airflow/dags/my_dag.py for tasks to queue
[2025-11-02T11:26:01.341+0000] {logging_mixin.py:188} INFO - [2025-11-02T11:26:01.340+0000] {dagbag.py:538} INFO - Filling up the DagBag from /opt/airflow/dags/my_dag.py
[2025-11-02T11:26:02.310+0000] {processor.py:840} INFO - DAG(s) 'my_dag' retrieved from /opt/airflow/dags/my_dag.py
[2025-11-02T11:26:02.356+0000] {logging_mixin.py:188} INFO - [2025-11-02T11:26:02.355+0000] {dag.py:3036} INFO - Sync 1 DAGs
[2025-11-02T11:26:02.377+0000] {logging_mixin.py:188} INFO - [2025-11-02T11:26:02.377+0000] {dag.py:3823} INFO - Setting next_dagrun for my_dag to None, run_after=None
[2025-11-02T11:26:02.416+0000] {processor.py:183} INFO - Processing /opt/airflow/dags/my_dag.py took 1.092 seconds
[2025-11-02T11:26:34.323+0000] {processor.py:161} INFO - Started process (PID=1455) to work on /opt/airflow/dags/my_dag.py
[2025-11-02T11:26:34.325+0000] {processor.py:830} INFO - Processing file /opt/airflow/dags/my_dag.py for tasks to queue
[2025-11-02T11:26:34.327+0000] {logging_mixin.py:188} INFO - [2025-11-02T11:26:34.326+0000] {dagbag.py:538} INFO - Filling up the DagBag from /opt/airflow/dags/my_dag.py
[2025-11-02T11:26:35.562+0000] {processor.py:840} INFO - DAG(s) 'my_dag' retrieved from /opt/airflow/dags/my_dag.py
[2025-11-02T11:26:35.617+0000] {logging_mixin.py:188} INFO - [2025-11-02T11:26:35.616+0000] {dag.py:3036} INFO - Sync 1 DAGs
[2025-11-02T11:26:35.646+0000] {logging_mixin.py:188} INFO - [2025-11-02T11:26:35.646+0000] {dag.py:3823} INFO - Setting next_dagrun for my_dag to None, run_after=None
[2025-11-02T11:26:35.698+0000] {processor.py:183} INFO - Processing /opt/airflow/dags/my_dag.py took 1.387 seconds
[2025-11-02T11:27:08.499+0000] {processor.py:161} INFO - Started process (PID=1467) to work on /opt/airflow/dags/my_dag.py
[2025-11-02T11:27:08.502+0000] {processor.py:830} INFO - Processing file /opt/airflow/dags/my_dag.py for tasks to queue
[2025-11-02T11:27:08.505+0000] {logging_mixin.py:188} INFO - [2025-11-02T11:27:08.504+0000] {dagbag.py:538} INFO - Filling up the DagBag from /opt/airflow/dags/my_dag.py
[2025-11-02T11:27:09.658+0000] {processor.py:840} INFO - DAG(s) 'my_dag' retrieved from /opt/airflow/dags/my_dag.py
[2025-11-02T11:27:09.707+0000] {logging_mixin.py:188} INFO - [2025-11-02T11:27:09.706+0000] {dag.py:3036} INFO - Sync 1 DAGs
[2025-11-02T11:27:09.730+0000] {logging_mixin.py:188} INFO - [2025-11-02T11:27:09.730+0000] {dag.py:3823} INFO - Setting next_dagrun for my_dag to None, run_after=None
[2025-11-02T11:27:09.764+0000] {processor.py:183} INFO - Processing /opt/airflow/dags/my_dag.py took 1.277 seconds
[2025-11-02T11:27:41.226+0000] {processor.py:161} INFO - Started process (PID=1478) to work on /opt/airflow/dags/my_dag.py
[2025-11-02T11:27:41.229+0000] {processor.py:830} INFO - Processing file /opt/airflow/dags/my_dag.py for tasks to queue
[2025-11-02T11:27:41.231+0000] {logging_mixin.py:188} INFO - [2025-11-02T11:27:41.230+0000] {dagbag.py:538} INFO - Filling up the DagBag from /opt/airflow/dags/my_dag.py
[2025-11-02T11:27:42.289+0000] {processor.py:840} INFO - DAG(s) 'my_dag' retrieved from /opt/airflow/dags/my_dag.py
[2025-11-02T11:27:42.326+0000] {logging_mixin.py:188} INFO - [2025-11-02T11:27:42.325+0000] {dag.py:3036} INFO - Sync 1 DAGs
[2025-11-02T11:27:42.348+0000] {logging_mixin.py:188} INFO - [2025-11-02T11:27:42.347+0000] {dag.py:3823} INFO - Setting next_dagrun for my_dag to None, run_after=None
[2025-11-02T11:27:42.386+0000] {processor.py:183} INFO - Processing /opt/airflow/dags/my_dag.py took 1.169 seconds
[2025-11-02T11:28:14.773+0000] {processor.py:161} INFO - Started process (PID=1490) to work on /opt/airflow/dags/my_dag.py
[2025-11-02T11:28:14.776+0000] {processor.py:830} INFO - Processing file /opt/airflow/dags/my_dag.py for tasks to queue
[2025-11-02T11:28:14.778+0000] {logging_mixin.py:188} INFO - [2025-11-02T11:28:14.777+0000] {dagbag.py:538} INFO - Filling up the DagBag from /opt/airflow/dags/my_dag.py
[2025-11-02T11:28:15.814+0000] {processor.py:840} INFO - DAG(s) 'my_dag' retrieved from /opt/airflow/dags/my_dag.py
[2025-11-02T11:28:15.859+0000] {logging_mixin.py:188} INFO - [2025-11-02T11:28:15.859+0000] {dag.py:3036} INFO - Sync 1 DAGs
[2025-11-02T11:28:15.881+0000] {logging_mixin.py:188} INFO - [2025-11-02T11:28:15.881+0000] {dag.py:3823} INFO - Setting next_dagrun for my_dag to None, run_after=None
[2025-11-02T11:28:15.942+0000] {processor.py:183} INFO - Processing /opt/airflow/dags/my_dag.py took 1.178 seconds
[2025-11-02T11:28:47.656+0000] {processor.py:161} INFO - Started process (PID=1502) to work on /opt/airflow/dags/my_dag.py
[2025-11-02T11:28:47.659+0000] {processor.py:830} INFO - Processing file /opt/airflow/dags/my_dag.py for tasks to queue
[2025-11-02T11:28:47.661+0000] {logging_mixin.py:188} INFO - [2025-11-02T11:28:47.660+0000] {dagbag.py:538} INFO - Filling up the DagBag from /opt/airflow/dags/my_dag.py
[2025-11-02T11:28:48.615+0000] {processor.py:840} INFO - DAG(s) 'my_dag' retrieved from /opt/airflow/dags/my_dag.py
[2025-11-02T11:28:48.682+0000] {logging_mixin.py:188} INFO - [2025-11-02T11:28:48.681+0000] {dag.py:3036} INFO - Sync 1 DAGs
[2025-11-02T11:28:48.708+0000] {logging_mixin.py:188} INFO - [2025-11-02T11:28:48.707+0000] {dag.py:3823} INFO - Setting next_dagrun for my_dag to None, run_after=None
[2025-11-02T11:28:48.756+0000] {processor.py:183} INFO - Processing /opt/airflow/dags/my_dag.py took 1.111 seconds
[2025-11-02T11:29:21.843+0000] {processor.py:161} INFO - Started process (PID=1514) to work on /opt/airflow/dags/my_dag.py
[2025-11-02T11:29:21.846+0000] {processor.py:830} INFO - Processing file /opt/airflow/dags/my_dag.py for tasks to queue
[2025-11-02T11:29:21.849+0000] {logging_mixin.py:188} INFO - [2025-11-02T11:29:21.848+0000] {dagbag.py:538} INFO - Filling up the DagBag from /opt/airflow/dags/my_dag.py
[2025-11-02T11:29:22.856+0000] {processor.py:840} INFO - DAG(s) 'my_dag' retrieved from /opt/airflow/dags/my_dag.py
[2025-11-02T11:29:22.898+0000] {logging_mixin.py:188} INFO - [2025-11-02T11:29:22.897+0000] {dag.py:3036} INFO - Sync 1 DAGs
[2025-11-02T11:29:22.920+0000] {logging_mixin.py:188} INFO - [2025-11-02T11:29:22.919+0000] {dag.py:3823} INFO - Setting next_dagrun for my_dag to None, run_after=None
[2025-11-02T11:29:22.973+0000] {processor.py:183} INFO - Processing /opt/airflow/dags/my_dag.py took 1.145 seconds
[2025-11-02T11:29:55.017+0000] {processor.py:161} INFO - Started process (PID=1526) to work on /opt/airflow/dags/my_dag.py
[2025-11-02T11:29:55.019+0000] {processor.py:830} INFO - Processing file /opt/airflow/dags/my_dag.py for tasks to queue
[2025-11-02T11:29:55.023+0000] {logging_mixin.py:188} INFO - [2025-11-02T11:29:55.022+0000] {dagbag.py:538} INFO - Filling up the DagBag from /opt/airflow/dags/my_dag.py
[2025-11-02T11:29:56.092+0000] {processor.py:840} INFO - DAG(s) 'my_dag' retrieved from /opt/airflow/dags/my_dag.py
[2025-11-02T11:29:56.126+0000] {logging_mixin.py:188} INFO - [2025-11-02T11:29:56.124+0000] {dag.py:3036} INFO - Sync 1 DAGs
[2025-11-02T11:29:56.143+0000] {logging_mixin.py:188} INFO - [2025-11-02T11:29:56.143+0000] {dag.py:3823} INFO - Setting next_dagrun for my_dag to None, run_after=None
[2025-11-02T11:29:56.179+0000] {processor.py:183} INFO - Processing /opt/airflow/dags/my_dag.py took 1.171 seconds
[2025-11-02T11:30:27.868+0000] {processor.py:161} INFO - Started process (PID=1538) to work on /opt/airflow/dags/my_dag.py
[2025-11-02T11:30:27.872+0000] {processor.py:830} INFO - Processing file /opt/airflow/dags/my_dag.py for tasks to queue
[2025-11-02T11:30:27.875+0000] {logging_mixin.py:188} INFO - [2025-11-02T11:30:27.874+0000] {dagbag.py:538} INFO - Filling up the DagBag from /opt/airflow/dags/my_dag.py
[2025-11-02T11:30:28.709+0000] {processor.py:840} INFO - DAG(s) 'my_dag' retrieved from /opt/airflow/dags/my_dag.py
[2025-11-02T11:30:28.749+0000] {logging_mixin.py:188} INFO - [2025-11-02T11:30:28.748+0000] {dag.py:3036} INFO - Sync 1 DAGs
[2025-11-02T11:30:28.771+0000] {logging_mixin.py:188} INFO - [2025-11-02T11:30:28.771+0000] {dag.py:3823} INFO - Setting next_dagrun for my_dag to None, run_after=None
[2025-11-02T11:30:28.805+0000] {processor.py:183} INFO - Processing /opt/airflow/dags/my_dag.py took 0.944 seconds
[2025-11-02T11:31:03.277+0000] {processor.py:161} INFO - Started process (PID=1550) to work on /opt/airflow/dags/my_dag.py
[2025-11-02T11:31:03.301+0000] {processor.py:830} INFO - Processing file /opt/airflow/dags/my_dag.py for tasks to queue
[2025-11-02T11:31:03.304+0000] {logging_mixin.py:188} INFO - [2025-11-02T11:31:03.303+0000] {dagbag.py:538} INFO - Filling up the DagBag from /opt/airflow/dags/my_dag.py
[2025-11-02T11:31:04.838+0000] {processor.py:840} INFO - DAG(s) 'my_dag' retrieved from /opt/airflow/dags/my_dag.py
[2025-11-02T11:31:04.885+0000] {logging_mixin.py:188} INFO - [2025-11-02T11:31:04.884+0000] {dag.py:3036} INFO - Sync 1 DAGs
[2025-11-02T11:31:04.919+0000] {logging_mixin.py:188} INFO - [2025-11-02T11:31:04.919+0000] {dag.py:3823} INFO - Setting next_dagrun for my_dag to None, run_after=None
[2025-11-02T11:31:04.979+0000] {processor.py:183} INFO - Processing /opt/airflow/dags/my_dag.py took 1.724 seconds
[2025-11-02T11:31:36.998+0000] {processor.py:161} INFO - Started process (PID=1563) to work on /opt/airflow/dags/my_dag.py
[2025-11-02T11:31:37.006+0000] {processor.py:830} INFO - Processing file /opt/airflow/dags/my_dag.py for tasks to queue
[2025-11-02T11:31:37.029+0000] {logging_mixin.py:188} INFO - [2025-11-02T11:31:37.028+0000] {dagbag.py:538} INFO - Filling up the DagBag from /opt/airflow/dags/my_dag.py
[2025-11-02T11:31:39.442+0000] {processor.py:840} INFO - DAG(s) 'my_dag' retrieved from /opt/airflow/dags/my_dag.py
[2025-11-02T11:31:39.481+0000] {logging_mixin.py:188} INFO - [2025-11-02T11:31:39.480+0000] {dag.py:3036} INFO - Sync 1 DAGs
[2025-11-02T11:31:39.505+0000] {logging_mixin.py:188} INFO - [2025-11-02T11:31:39.505+0000] {dag.py:3823} INFO - Setting next_dagrun for my_dag to None, run_after=None
[2025-11-02T11:31:41.109+0000] {processor.py:183} INFO - Processing /opt/airflow/dags/my_dag.py took 4.139 seconds
[2025-11-02T11:32:11.713+0000] {processor.py:161} INFO - Started process (PID=1581) to work on /opt/airflow/dags/my_dag.py
[2025-11-02T11:32:11.739+0000] {processor.py:830} INFO - Processing file /opt/airflow/dags/my_dag.py for tasks to queue
[2025-11-02T11:32:11.755+0000] {logging_mixin.py:188} INFO - [2025-11-02T11:32:11.754+0000] {dagbag.py:538} INFO - Filling up the DagBag from /opt/airflow/dags/my_dag.py
[2025-11-02T11:32:14.740+0000] {processor.py:840} INFO - DAG(s) 'my_dag' retrieved from /opt/airflow/dags/my_dag.py
[2025-11-02T11:32:14.925+0000] {logging_mixin.py:188} INFO - [2025-11-02T11:32:14.923+0000] {dag.py:3036} INFO - Sync 1 DAGs
[2025-11-02T11:32:14.969+0000] {logging_mixin.py:188} INFO - [2025-11-02T11:32:14.969+0000] {dag.py:3823} INFO - Setting next_dagrun for my_dag to None, run_after=None
[2025-11-02T11:32:15.617+0000] {processor.py:183} INFO - Processing /opt/airflow/dags/my_dag.py took 3.922 seconds
[2025-11-02T11:32:46.034+0000] {processor.py:161} INFO - Started process (PID=1593) to work on /opt/airflow/dags/my_dag.py
[2025-11-02T11:32:46.037+0000] {processor.py:830} INFO - Processing file /opt/airflow/dags/my_dag.py for tasks to queue
[2025-11-02T11:32:46.049+0000] {logging_mixin.py:188} INFO - [2025-11-02T11:32:46.048+0000] {dagbag.py:538} INFO - Filling up the DagBag from /opt/airflow/dags/my_dag.py
[2025-11-02T11:32:49.900+0000] {processor.py:840} INFO - DAG(s) 'my_dag' retrieved from /opt/airflow/dags/my_dag.py
[2025-11-02T11:32:50.053+0000] {logging_mixin.py:188} INFO - [2025-11-02T11:32:50.051+0000] {dag.py:3036} INFO - Sync 1 DAGs
[2025-11-02T11:32:50.167+0000] {logging_mixin.py:188} INFO - [2025-11-02T11:32:50.157+0000] {dag.py:3823} INFO - Setting next_dagrun for my_dag to None, run_after=None
[2025-11-02T11:32:50.293+0000] {processor.py:183} INFO - Processing /opt/airflow/dags/my_dag.py took 4.285 seconds
[2025-11-02T11:33:20.539+0000] {processor.py:161} INFO - Started process (PID=1605) to work on /opt/airflow/dags/my_dag.py
[2025-11-02T11:33:20.542+0000] {processor.py:830} INFO - Processing file /opt/airflow/dags/my_dag.py for tasks to queue
[2025-11-02T11:33:20.557+0000] {logging_mixin.py:188} INFO - [2025-11-02T11:33:20.556+0000] {dagbag.py:538} INFO - Filling up the DagBag from /opt/airflow/dags/my_dag.py
[2025-11-02T11:33:23.164+0000] {processor.py:840} INFO - DAG(s) 'my_dag' retrieved from /opt/airflow/dags/my_dag.py
[2025-11-02T11:33:23.214+0000] {logging_mixin.py:188} INFO - [2025-11-02T11:33:23.212+0000] {dag.py:3036} INFO - Sync 1 DAGs
[2025-11-02T11:33:23.237+0000] {logging_mixin.py:188} INFO - [2025-11-02T11:33:23.237+0000] {dag.py:3823} INFO - Setting next_dagrun for my_dag to None, run_after=None
[2025-11-02T11:33:23.274+0000] {processor.py:183} INFO - Processing /opt/airflow/dags/my_dag.py took 2.754 seconds
[2025-11-02T11:33:53.990+0000] {processor.py:161} INFO - Started process (PID=1617) to work on /opt/airflow/dags/my_dag.py
[2025-11-02T11:33:53.994+0000] {processor.py:830} INFO - Processing file /opt/airflow/dags/my_dag.py for tasks to queue
[2025-11-02T11:33:53.996+0000] {logging_mixin.py:188} INFO - [2025-11-02T11:33:53.995+0000] {dagbag.py:538} INFO - Filling up the DagBag from /opt/airflow/dags/my_dag.py
[2025-11-02T11:33:58.139+0000] {processor.py:840} INFO - DAG(s) 'my_dag' retrieved from /opt/airflow/dags/my_dag.py
[2025-11-02T11:33:58.333+0000] {logging_mixin.py:188} INFO - [2025-11-02T11:33:58.332+0000] {dag.py:3036} INFO - Sync 1 DAGs
[2025-11-02T11:33:58.448+0000] {logging_mixin.py:188} INFO - [2025-11-02T11:33:58.448+0000] {dag.py:3823} INFO - Setting next_dagrun for my_dag to None, run_after=None
[2025-11-02T11:33:58.538+0000] {processor.py:183} INFO - Processing /opt/airflow/dags/my_dag.py took 4.569 seconds
[2025-11-02T11:34:28.964+0000] {processor.py:161} INFO - Started process (PID=1629) to work on /opt/airflow/dags/my_dag.py
[2025-11-02T11:34:28.967+0000] {processor.py:830} INFO - Processing file /opt/airflow/dags/my_dag.py for tasks to queue
[2025-11-02T11:34:28.969+0000] {logging_mixin.py:188} INFO - [2025-11-02T11:34:28.968+0000] {dagbag.py:538} INFO - Filling up the DagBag from /opt/airflow/dags/my_dag.py
[2025-11-02T11:34:32.156+0000] {processor.py:840} INFO - DAG(s) 'my_dag' retrieved from /opt/airflow/dags/my_dag.py
[2025-11-02T11:34:32.312+0000] {logging_mixin.py:188} INFO - [2025-11-02T11:34:32.310+0000] {dag.py:3036} INFO - Sync 1 DAGs
[2025-11-02T11:34:32.364+0000] {logging_mixin.py:188} INFO - [2025-11-02T11:34:32.363+0000] {dag.py:3823} INFO - Setting next_dagrun for my_dag to None, run_after=None
[2025-11-02T11:34:32.608+0000] {processor.py:183} INFO - Processing /opt/airflow/dags/my_dag.py took 3.654 seconds
[2025-11-02T11:35:03.314+0000] {processor.py:161} INFO - Started process (PID=1641) to work on /opt/airflow/dags/my_dag.py
[2025-11-02T11:35:03.316+0000] {processor.py:830} INFO - Processing file /opt/airflow/dags/my_dag.py for tasks to queue
[2025-11-02T11:35:03.318+0000] {logging_mixin.py:188} INFO - [2025-11-02T11:35:03.317+0000] {dagbag.py:538} INFO - Filling up the DagBag from /opt/airflow/dags/my_dag.py
[2025-11-02T11:35:07.290+0000] {processor.py:840} INFO - DAG(s) 'my_dag' retrieved from /opt/airflow/dags/my_dag.py
[2025-11-02T11:35:07.400+0000] {logging_mixin.py:188} INFO - [2025-11-02T11:35:07.399+0000] {dag.py:3036} INFO - Sync 1 DAGs
[2025-11-02T11:35:07.515+0000] {logging_mixin.py:188} INFO - [2025-11-02T11:35:07.514+0000] {dag.py:3823} INFO - Setting next_dagrun for my_dag to None, run_after=None
[2025-11-02T11:35:07.856+0000] {processor.py:183} INFO - Processing /opt/airflow/dags/my_dag.py took 4.554 seconds
[2025-11-02T11:35:38.661+0000] {processor.py:161} INFO - Started process (PID=1653) to work on /opt/airflow/dags/my_dag.py
[2025-11-02T11:35:38.666+0000] {processor.py:830} INFO - Processing file /opt/airflow/dags/my_dag.py for tasks to queue
[2025-11-02T11:35:38.671+0000] {logging_mixin.py:188} INFO - [2025-11-02T11:35:38.668+0000] {dagbag.py:538} INFO - Filling up the DagBag from /opt/airflow/dags/my_dag.py
[2025-11-02T11:35:41.117+0000] {processor.py:840} INFO - DAG(s) 'my_dag' retrieved from /opt/airflow/dags/my_dag.py
[2025-11-02T11:35:41.185+0000] {logging_mixin.py:188} INFO - [2025-11-02T11:35:41.184+0000] {dag.py:3036} INFO - Sync 1 DAGs
[2025-11-02T11:35:41.213+0000] {logging_mixin.py:188} INFO - [2025-11-02T11:35:41.213+0000] {dag.py:3823} INFO - Setting next_dagrun for my_dag to None, run_after=None
[2025-11-02T11:35:41.284+0000] {processor.py:183} INFO - Processing /opt/airflow/dags/my_dag.py took 2.629 seconds
[2025-11-02T11:36:12.198+0000] {processor.py:161} INFO - Started process (PID=1665) to work on /opt/airflow/dags/my_dag.py
[2025-11-02T11:36:12.200+0000] {processor.py:830} INFO - Processing file /opt/airflow/dags/my_dag.py for tasks to queue
[2025-11-02T11:36:12.202+0000] {logging_mixin.py:188} INFO - [2025-11-02T11:36:12.201+0000] {dagbag.py:538} INFO - Filling up the DagBag from /opt/airflow/dags/my_dag.py
[2025-11-02T11:36:13.356+0000] {processor.py:840} INFO - DAG(s) 'my_dag' retrieved from /opt/airflow/dags/my_dag.py
[2025-11-02T11:36:13.406+0000] {logging_mixin.py:188} INFO - [2025-11-02T11:36:13.405+0000] {dag.py:3036} INFO - Sync 1 DAGs
[2025-11-02T11:36:13.430+0000] {logging_mixin.py:188} INFO - [2025-11-02T11:36:13.430+0000] {dag.py:3823} INFO - Setting next_dagrun for my_dag to None, run_after=None
[2025-11-02T11:36:13.482+0000] {processor.py:183} INFO - Processing /opt/airflow/dags/my_dag.py took 1.292 seconds
[2025-11-02T11:36:45.384+0000] {processor.py:161} INFO - Started process (PID=1677) to work on /opt/airflow/dags/my_dag.py
[2025-11-02T11:36:45.386+0000] {processor.py:830} INFO - Processing file /opt/airflow/dags/my_dag.py for tasks to queue
[2025-11-02T11:36:45.396+0000] {logging_mixin.py:188} INFO - [2025-11-02T11:36:45.387+0000] {dagbag.py:538} INFO - Filling up the DagBag from /opt/airflow/dags/my_dag.py
[2025-11-02T11:36:50.496+0000] {processor.py:840} INFO - DAG(s) 'my_dag' retrieved from /opt/airflow/dags/my_dag.py
[2025-11-02T11:36:50.702+0000] {logging_mixin.py:188} INFO - [2025-11-02T11:36:50.690+0000] {dag.py:3036} INFO - Sync 1 DAGs
[2025-11-02T11:36:50.777+0000] {logging_mixin.py:188} INFO - [2025-11-02T11:36:50.776+0000] {dag.py:3823} INFO - Setting next_dagrun for my_dag to None, run_after=None
[2025-11-02T11:36:51.005+0000] {processor.py:183} INFO - Processing /opt/airflow/dags/my_dag.py took 5.640 seconds
[2025-11-02T11:37:21.342+0000] {processor.py:161} INFO - Started process (PID=1690) to work on /opt/airflow/dags/my_dag.py
[2025-11-02T11:37:21.372+0000] {processor.py:830} INFO - Processing file /opt/airflow/dags/my_dag.py for tasks to queue
[2025-11-02T11:37:21.397+0000] {logging_mixin.py:188} INFO - [2025-11-02T11:37:21.397+0000] {dagbag.py:538} INFO - Filling up the DagBag from /opt/airflow/dags/my_dag.py
[2025-11-02T11:37:25.330+0000] {processor.py:840} INFO - DAG(s) 'my_dag' retrieved from /opt/airflow/dags/my_dag.py
[2025-11-02T11:37:25.545+0000] {logging_mixin.py:188} INFO - [2025-11-02T11:37:25.544+0000] {dag.py:3036} INFO - Sync 1 DAGs
[2025-11-02T11:37:25.654+0000] {logging_mixin.py:188} INFO - [2025-11-02T11:37:25.653+0000] {dag.py:3823} INFO - Setting next_dagrun for my_dag to None, run_after=None
[2025-11-02T11:37:25.758+0000] {processor.py:183} INFO - Processing /opt/airflow/dags/my_dag.py took 4.449 seconds
[2025-11-02T11:37:56.229+0000] {processor.py:161} INFO - Started process (PID=1702) to work on /opt/airflow/dags/my_dag.py
[2025-11-02T11:37:56.232+0000] {processor.py:830} INFO - Processing file /opt/airflow/dags/my_dag.py for tasks to queue
[2025-11-02T11:37:56.236+0000] {logging_mixin.py:188} INFO - [2025-11-02T11:37:56.234+0000] {dagbag.py:538} INFO - Filling up the DagBag from /opt/airflow/dags/my_dag.py
[2025-11-02T11:37:58.571+0000] {processor.py:840} INFO - DAG(s) 'my_dag' retrieved from /opt/airflow/dags/my_dag.py
[2025-11-02T11:37:58.632+0000] {logging_mixin.py:188} INFO - [2025-11-02T11:37:58.631+0000] {dag.py:3036} INFO - Sync 1 DAGs
[2025-11-02T11:37:58.687+0000] {logging_mixin.py:188} INFO - [2025-11-02T11:37:58.686+0000] {dag.py:3823} INFO - Setting next_dagrun for my_dag to None, run_after=None
[2025-11-02T11:37:58.758+0000] {processor.py:183} INFO - Processing /opt/airflow/dags/my_dag.py took 2.549 seconds
[2025-11-02T11:38:29.102+0000] {processor.py:161} INFO - Started process (PID=1714) to work on /opt/airflow/dags/my_dag.py
[2025-11-02T11:38:29.150+0000] {processor.py:830} INFO - Processing file /opt/airflow/dags/my_dag.py for tasks to queue
[2025-11-02T11:38:29.168+0000] {logging_mixin.py:188} INFO - [2025-11-02T11:38:29.167+0000] {dagbag.py:538} INFO - Filling up the DagBag from /opt/airflow/dags/my_dag.py
[2025-11-02T11:38:31.100+0000] {processor.py:840} INFO - DAG(s) 'my_dag' retrieved from /opt/airflow/dags/my_dag.py
[2025-11-02T11:38:31.260+0000] {logging_mixin.py:188} INFO - [2025-11-02T11:38:31.260+0000] {dag.py:3036} INFO - Sync 1 DAGs
[2025-11-02T11:38:31.287+0000] {logging_mixin.py:188} INFO - [2025-11-02T11:38:31.286+0000] {dag.py:3823} INFO - Setting next_dagrun for my_dag to None, run_after=None
[2025-11-02T11:38:31.355+0000] {processor.py:183} INFO - Processing /opt/airflow/dags/my_dag.py took 2.281 seconds
[2025-11-02T11:39:01.571+0000] {processor.py:161} INFO - Started process (PID=1726) to work on /opt/airflow/dags/my_dag.py
[2025-11-02T11:39:01.579+0000] {processor.py:830} INFO - Processing file /opt/airflow/dags/my_dag.py for tasks to queue
[2025-11-02T11:39:01.596+0000] {logging_mixin.py:188} INFO - [2025-11-02T11:39:01.595+0000] {dagbag.py:538} INFO - Filling up the DagBag from /opt/airflow/dags/my_dag.py
[2025-11-02T11:39:03.686+0000] {processor.py:840} INFO - DAG(s) 'my_dag' retrieved from /opt/airflow/dags/my_dag.py
[2025-11-02T11:39:03.749+0000] {logging_mixin.py:188} INFO - [2025-11-02T11:39:03.748+0000] {dag.py:3036} INFO - Sync 1 DAGs
[2025-11-02T11:39:03.788+0000] {logging_mixin.py:188} INFO - [2025-11-02T11:39:03.787+0000] {dag.py:3823} INFO - Setting next_dagrun for my_dag to None, run_after=None
[2025-11-02T11:39:03.889+0000] {processor.py:183} INFO - Processing /opt/airflow/dags/my_dag.py took 2.350 seconds
[2025-11-02T11:39:34.544+0000] {processor.py:161} INFO - Started process (PID=1739) to work on /opt/airflow/dags/my_dag.py
[2025-11-02T11:39:34.551+0000] {processor.py:830} INFO - Processing file /opt/airflow/dags/my_dag.py for tasks to queue
[2025-11-02T11:39:34.554+0000] {logging_mixin.py:188} INFO - [2025-11-02T11:39:34.553+0000] {dagbag.py:538} INFO - Filling up the DagBag from /opt/airflow/dags/my_dag.py
[2025-11-02T11:39:35.737+0000] {processor.py:840} INFO - DAG(s) 'my_dag' retrieved from /opt/airflow/dags/my_dag.py
[2025-11-02T11:39:35.821+0000] {logging_mixin.py:188} INFO - [2025-11-02T11:39:35.811+0000] {dag.py:3036} INFO - Sync 1 DAGs
[2025-11-02T11:39:36.394+0000] {logging_mixin.py:188} INFO - [2025-11-02T11:39:36.394+0000] {dag.py:3823} INFO - Setting next_dagrun for my_dag to None, run_after=None
[2025-11-02T11:39:36.444+0000] {processor.py:183} INFO - Processing /opt/airflow/dags/my_dag.py took 1.909 seconds
[2025-11-02T11:40:06.895+0000] {processor.py:161} INFO - Started process (PID=1751) to work on /opt/airflow/dags/my_dag.py
[2025-11-02T11:40:06.897+0000] {processor.py:830} INFO - Processing file /opt/airflow/dags/my_dag.py for tasks to queue
[2025-11-02T11:40:06.899+0000] {logging_mixin.py:188} INFO - [2025-11-02T11:40:06.899+0000] {dagbag.py:538} INFO - Filling up the DagBag from /opt/airflow/dags/my_dag.py
[2025-11-02T11:40:07.892+0000] {processor.py:840} INFO - DAG(s) 'my_dag' retrieved from /opt/airflow/dags/my_dag.py
[2025-11-02T11:40:07.926+0000] {logging_mixin.py:188} INFO - [2025-11-02T11:40:07.925+0000] {dag.py:3036} INFO - Sync 1 DAGs
[2025-11-02T11:40:07.942+0000] {logging_mixin.py:188} INFO - [2025-11-02T11:40:07.942+0000] {dag.py:3823} INFO - Setting next_dagrun for my_dag to None, run_after=None
[2025-11-02T11:40:08.023+0000] {processor.py:183} INFO - Processing /opt/airflow/dags/my_dag.py took 1.136 seconds
[2025-11-02T11:40:38.339+0000] {processor.py:161} INFO - Started process (PID=1762) to work on /opt/airflow/dags/my_dag.py
[2025-11-02T11:40:38.343+0000] {processor.py:830} INFO - Processing file /opt/airflow/dags/my_dag.py for tasks to queue
[2025-11-02T11:40:38.346+0000] {logging_mixin.py:188} INFO - [2025-11-02T11:40:38.345+0000] {dagbag.py:538} INFO - Filling up the DagBag from /opt/airflow/dags/my_dag.py
[2025-11-02T11:40:39.225+0000] {processor.py:840} INFO - DAG(s) 'my_dag' retrieved from /opt/airflow/dags/my_dag.py
[2025-11-02T11:40:39.267+0000] {logging_mixin.py:188} INFO - [2025-11-02T11:40:39.267+0000] {dag.py:3036} INFO - Sync 1 DAGs
[2025-11-02T11:40:39.284+0000] {logging_mixin.py:188} INFO - [2025-11-02T11:40:39.284+0000] {dag.py:3823} INFO - Setting next_dagrun for my_dag to None, run_after=None
[2025-11-02T11:40:39.477+0000] {processor.py:183} INFO - Processing /opt/airflow/dags/my_dag.py took 1.149 seconds
[2025-11-02T11:41:09.813+0000] {processor.py:161} INFO - Started process (PID=1768) to work on /opt/airflow/dags/my_dag.py
[2025-11-02T11:41:09.815+0000] {processor.py:830} INFO - Processing file /opt/airflow/dags/my_dag.py for tasks to queue
[2025-11-02T11:41:09.822+0000] {logging_mixin.py:188} INFO - [2025-11-02T11:41:09.821+0000] {dagbag.py:538} INFO - Filling up the DagBag from /opt/airflow/dags/my_dag.py
[2025-11-02T11:41:11.778+0000] {processor.py:840} INFO - DAG(s) 'my_dag' retrieved from /opt/airflow/dags/my_dag.py
[2025-11-02T11:41:11.883+0000] {logging_mixin.py:188} INFO - [2025-11-02T11:41:11.882+0000] {dag.py:3036} INFO - Sync 1 DAGs
[2025-11-02T11:41:11.987+0000] {logging_mixin.py:188} INFO - [2025-11-02T11:41:11.987+0000] {dag.py:3823} INFO - Setting next_dagrun for my_dag to None, run_after=None
[2025-11-02T11:41:12.139+0000] {processor.py:183} INFO - Processing /opt/airflow/dags/my_dag.py took 2.334 seconds
[2025-11-02T11:41:42.533+0000] {processor.py:161} INFO - Started process (PID=1786) to work on /opt/airflow/dags/my_dag.py
[2025-11-02T11:41:42.536+0000] {processor.py:830} INFO - Processing file /opt/airflow/dags/my_dag.py for tasks to queue
[2025-11-02T11:41:42.539+0000] {logging_mixin.py:188} INFO - [2025-11-02T11:41:42.538+0000] {dagbag.py:538} INFO - Filling up the DagBag from /opt/airflow/dags/my_dag.py
[2025-11-02T11:41:43.762+0000] {processor.py:840} INFO - DAG(s) 'my_dag' retrieved from /opt/airflow/dags/my_dag.py
[2025-11-02T11:41:43.862+0000] {logging_mixin.py:188} INFO - [2025-11-02T11:41:43.861+0000] {dag.py:3036} INFO - Sync 1 DAGs
[2025-11-02T11:41:43.922+0000] {logging_mixin.py:188} INFO - [2025-11-02T11:41:43.922+0000] {dag.py:3823} INFO - Setting next_dagrun for my_dag to None, run_after=None
[2025-11-02T11:41:43.993+0000] {processor.py:183} INFO - Processing /opt/airflow/dags/my_dag.py took 1.475 seconds
[2025-11-02T11:42:14.160+0000] {processor.py:161} INFO - Started process (PID=1792) to work on /opt/airflow/dags/my_dag.py
[2025-11-02T11:42:14.165+0000] {processor.py:830} INFO - Processing file /opt/airflow/dags/my_dag.py for tasks to queue
[2025-11-02T11:42:14.168+0000] {logging_mixin.py:188} INFO - [2025-11-02T11:42:14.167+0000] {dagbag.py:538} INFO - Filling up the DagBag from /opt/airflow/dags/my_dag.py
[2025-11-02T11:42:15.981+0000] {processor.py:840} INFO - DAG(s) 'my_dag' retrieved from /opt/airflow/dags/my_dag.py
[2025-11-02T11:42:16.046+0000] {logging_mixin.py:188} INFO - [2025-11-02T11:42:16.045+0000] {dag.py:3036} INFO - Sync 1 DAGs
[2025-11-02T11:42:16.068+0000] {logging_mixin.py:188} INFO - [2025-11-02T11:42:16.067+0000] {dag.py:3823} INFO - Setting next_dagrun for my_dag to None, run_after=None
[2025-11-02T11:42:16.109+0000] {processor.py:183} INFO - Processing /opt/airflow/dags/my_dag.py took 1.963 seconds
[2025-11-02T11:42:46.671+0000] {processor.py:161} INFO - Started process (PID=1805) to work on /opt/airflow/dags/my_dag.py
[2025-11-02T11:42:46.673+0000] {processor.py:830} INFO - Processing file /opt/airflow/dags/my_dag.py for tasks to queue
[2025-11-02T11:42:46.675+0000] {logging_mixin.py:188} INFO - [2025-11-02T11:42:46.675+0000] {dagbag.py:538} INFO - Filling up the DagBag from /opt/airflow/dags/my_dag.py
[2025-11-02T11:42:50.804+0000] {processor.py:840} INFO - DAG(s) 'my_dag' retrieved from /opt/airflow/dags/my_dag.py
[2025-11-02T11:42:51.108+0000] {logging_mixin.py:188} INFO - [2025-11-02T11:42:51.101+0000] {dag.py:3036} INFO - Sync 1 DAGs
[2025-11-02T11:42:51.284+0000] {logging_mixin.py:188} INFO - [2025-11-02T11:42:51.284+0000] {dag.py:3823} INFO - Setting next_dagrun for my_dag to None, run_after=None
[2025-11-02T11:42:51.534+0000] {processor.py:183} INFO - Processing /opt/airflow/dags/my_dag.py took 4.878 seconds
[2025-11-02T11:43:22.456+0000] {processor.py:161} INFO - Started process (PID=1817) to work on /opt/airflow/dags/my_dag.py
[2025-11-02T11:43:22.458+0000] {processor.py:830} INFO - Processing file /opt/airflow/dags/my_dag.py for tasks to queue
[2025-11-02T11:43:22.461+0000] {logging_mixin.py:188} INFO - [2025-11-02T11:43:22.460+0000] {dagbag.py:538} INFO - Filling up the DagBag from /opt/airflow/dags/my_dag.py
[2025-11-02T11:43:24.120+0000] {processor.py:840} INFO - DAG(s) 'my_dag' retrieved from /opt/airflow/dags/my_dag.py
[2025-11-02T11:43:24.232+0000] {logging_mixin.py:188} INFO - [2025-11-02T11:43:24.231+0000] {dag.py:3036} INFO - Sync 1 DAGs
[2025-11-02T11:43:24.264+0000] {logging_mixin.py:188} INFO - [2025-11-02T11:43:24.263+0000] {dag.py:3823} INFO - Setting next_dagrun for my_dag to None, run_after=None
[2025-11-02T11:43:24.322+0000] {processor.py:183} INFO - Processing /opt/airflow/dags/my_dag.py took 1.876 seconds
[2025-11-02T11:43:54.609+0000] {processor.py:161} INFO - Started process (PID=1829) to work on /opt/airflow/dags/my_dag.py
[2025-11-02T11:43:54.611+0000] {processor.py:830} INFO - Processing file /opt/airflow/dags/my_dag.py for tasks to queue
[2025-11-02T11:43:54.613+0000] {logging_mixin.py:188} INFO - [2025-11-02T11:43:54.613+0000] {dagbag.py:538} INFO - Filling up the DagBag from /opt/airflow/dags/my_dag.py
[2025-11-02T11:43:55.842+0000] {processor.py:840} INFO - DAG(s) 'my_dag' retrieved from /opt/airflow/dags/my_dag.py
[2025-11-02T11:43:55.893+0000] {logging_mixin.py:188} INFO - [2025-11-02T11:43:55.892+0000] {dag.py:3036} INFO - Sync 1 DAGs
[2025-11-02T11:43:55.915+0000] {logging_mixin.py:188} INFO - [2025-11-02T11:43:55.914+0000] {dag.py:3823} INFO - Setting next_dagrun for my_dag to None, run_after=None
[2025-11-02T11:43:55.957+0000] {processor.py:183} INFO - Processing /opt/airflow/dags/my_dag.py took 1.356 seconds
[2025-11-02T11:44:26.706+0000] {processor.py:161} INFO - Started process (PID=1841) to work on /opt/airflow/dags/my_dag.py
[2025-11-02T11:44:26.711+0000] {processor.py:830} INFO - Processing file /opt/airflow/dags/my_dag.py for tasks to queue
[2025-11-02T11:44:26.713+0000] {logging_mixin.py:188} INFO - [2025-11-02T11:44:26.712+0000] {dagbag.py:538} INFO - Filling up the DagBag from /opt/airflow/dags/my_dag.py
[2025-11-02T11:44:28.923+0000] {processor.py:840} INFO - DAG(s) 'my_dag' retrieved from /opt/airflow/dags/my_dag.py
[2025-11-02T11:44:29.010+0000] {logging_mixin.py:188} INFO - [2025-11-02T11:44:29.008+0000] {dag.py:3036} INFO - Sync 1 DAGs
[2025-11-02T11:44:29.030+0000] {logging_mixin.py:188} INFO - [2025-11-02T11:44:29.030+0000] {dag.py:3823} INFO - Setting next_dagrun for my_dag to None, run_after=None
[2025-11-02T11:44:29.079+0000] {processor.py:183} INFO - Processing /opt/airflow/dags/my_dag.py took 2.381 seconds
[2025-11-02T11:44:59.578+0000] {processor.py:161} INFO - Started process (PID=1853) to work on /opt/airflow/dags/my_dag.py
[2025-11-02T11:44:59.580+0000] {processor.py:830} INFO - Processing file /opt/airflow/dags/my_dag.py for tasks to queue
[2025-11-02T11:44:59.583+0000] {logging_mixin.py:188} INFO - [2025-11-02T11:44:59.582+0000] {dagbag.py:538} INFO - Filling up the DagBag from /opt/airflow/dags/my_dag.py
[2025-11-02T11:45:00.413+0000] {processor.py:840} INFO - DAG(s) 'my_dag' retrieved from /opt/airflow/dags/my_dag.py
[2025-11-02T11:45:00.451+0000] {logging_mixin.py:188} INFO - [2025-11-02T11:45:00.450+0000] {dag.py:3036} INFO - Sync 1 DAGs
[2025-11-02T11:45:00.470+0000] {logging_mixin.py:188} INFO - [2025-11-02T11:45:00.469+0000] {dag.py:3823} INFO - Setting next_dagrun for my_dag to None, run_after=None
[2025-11-02T11:45:00.504+0000] {processor.py:183} INFO - Processing /opt/airflow/dags/my_dag.py took 0.932 seconds
[2025-11-02T11:45:31.185+0000] {processor.py:161} INFO - Started process (PID=1865) to work on /opt/airflow/dags/my_dag.py
[2025-11-02T11:45:31.187+0000] {processor.py:830} INFO - Processing file /opt/airflow/dags/my_dag.py for tasks to queue
[2025-11-02T11:45:31.191+0000] {logging_mixin.py:188} INFO - [2025-11-02T11:45:31.189+0000] {dagbag.py:538} INFO - Filling up the DagBag from /opt/airflow/dags/my_dag.py
[2025-11-02T11:45:32.529+0000] {processor.py:840} INFO - DAG(s) 'my_dag' retrieved from /opt/airflow/dags/my_dag.py
[2025-11-02T11:45:32.588+0000] {logging_mixin.py:188} INFO - [2025-11-02T11:45:32.587+0000] {dag.py:3036} INFO - Sync 1 DAGs
[2025-11-02T11:45:32.614+0000] {logging_mixin.py:188} INFO - [2025-11-02T11:45:32.614+0000] {dag.py:3823} INFO - Setting next_dagrun for my_dag to None, run_after=None
[2025-11-02T11:45:32.685+0000] {processor.py:183} INFO - Processing /opt/airflow/dags/my_dag.py took 1.507 seconds
[2025-11-02T11:46:03.986+0000] {processor.py:161} INFO - Started process (PID=1876) to work on /opt/airflow/dags/my_dag.py
[2025-11-02T11:46:03.990+0000] {processor.py:830} INFO - Processing file /opt/airflow/dags/my_dag.py for tasks to queue
[2025-11-02T11:46:03.997+0000] {logging_mixin.py:188} INFO - [2025-11-02T11:46:03.993+0000] {dagbag.py:538} INFO - Filling up the DagBag from /opt/airflow/dags/my_dag.py
[2025-11-02T11:46:04.946+0000] {processor.py:840} INFO - DAG(s) 'my_dag' retrieved from /opt/airflow/dags/my_dag.py
[2025-11-02T11:46:04.978+0000] {logging_mixin.py:188} INFO - [2025-11-02T11:46:04.977+0000] {dag.py:3036} INFO - Sync 1 DAGs
[2025-11-02T11:46:04.997+0000] {logging_mixin.py:188} INFO - [2025-11-02T11:46:04.996+0000] {dag.py:3823} INFO - Setting next_dagrun for my_dag to None, run_after=None
[2025-11-02T11:46:05.029+0000] {processor.py:183} INFO - Processing /opt/airflow/dags/my_dag.py took 1.054 seconds
[2025-11-02T11:46:37.023+0000] {processor.py:161} INFO - Started process (PID=1888) to work on /opt/airflow/dags/my_dag.py
[2025-11-02T11:46:37.025+0000] {processor.py:830} INFO - Processing file /opt/airflow/dags/my_dag.py for tasks to queue
[2025-11-02T11:46:37.027+0000] {logging_mixin.py:188} INFO - [2025-11-02T11:46:37.026+0000] {dagbag.py:538} INFO - Filling up the DagBag from /opt/airflow/dags/my_dag.py
[2025-11-02T11:46:37.770+0000] {processor.py:840} INFO - DAG(s) 'my_dag' retrieved from /opt/airflow/dags/my_dag.py
[2025-11-02T11:46:37.804+0000] {logging_mixin.py:188} INFO - [2025-11-02T11:46:37.803+0000] {dag.py:3036} INFO - Sync 1 DAGs
[2025-11-02T11:46:37.822+0000] {logging_mixin.py:188} INFO - [2025-11-02T11:46:37.822+0000] {dag.py:3823} INFO - Setting next_dagrun for my_dag to None, run_after=None
[2025-11-02T11:46:37.853+0000] {processor.py:183} INFO - Processing /opt/airflow/dags/my_dag.py took 0.840 seconds
[2025-11-02T11:47:09.853+0000] {processor.py:161} INFO - Started process (PID=1900) to work on /opt/airflow/dags/my_dag.py
[2025-11-02T11:47:09.855+0000] {processor.py:830} INFO - Processing file /opt/airflow/dags/my_dag.py for tasks to queue
[2025-11-02T11:47:09.857+0000] {logging_mixin.py:188} INFO - [2025-11-02T11:47:09.857+0000] {dagbag.py:538} INFO - Filling up the DagBag from /opt/airflow/dags/my_dag.py
[2025-11-02T11:47:10.632+0000] {processor.py:840} INFO - DAG(s) 'my_dag' retrieved from /opt/airflow/dags/my_dag.py
[2025-11-02T11:47:10.684+0000] {logging_mixin.py:188} INFO - [2025-11-02T11:47:10.683+0000] {dag.py:3036} INFO - Sync 1 DAGs
[2025-11-02T11:47:10.698+0000] {logging_mixin.py:188} INFO - [2025-11-02T11:47:10.698+0000] {dag.py:3823} INFO - Setting next_dagrun for my_dag to None, run_after=None
[2025-11-02T11:47:10.728+0000] {processor.py:183} INFO - Processing /opt/airflow/dags/my_dag.py took 0.884 seconds
[2025-11-02T11:47:43.788+0000] {processor.py:161} INFO - Started process (PID=1912) to work on /opt/airflow/dags/my_dag.py
[2025-11-02T11:47:43.793+0000] {processor.py:830} INFO - Processing file /opt/airflow/dags/my_dag.py for tasks to queue
[2025-11-02T11:47:43.796+0000] {logging_mixin.py:188} INFO - [2025-11-02T11:47:43.795+0000] {dagbag.py:538} INFO - Filling up the DagBag from /opt/airflow/dags/my_dag.py
[2025-11-02T11:47:44.738+0000] {processor.py:840} INFO - DAG(s) 'my_dag' retrieved from /opt/airflow/dags/my_dag.py
[2025-11-02T11:47:44.775+0000] {logging_mixin.py:188} INFO - [2025-11-02T11:47:44.774+0000] {dag.py:3036} INFO - Sync 1 DAGs
[2025-11-02T11:47:44.792+0000] {logging_mixin.py:188} INFO - [2025-11-02T11:47:44.792+0000] {dag.py:3823} INFO - Setting next_dagrun for my_dag to None, run_after=None
[2025-11-02T11:47:45.082+0000] {processor.py:183} INFO - Processing /opt/airflow/dags/my_dag.py took 1.301 seconds
[2025-11-02T11:48:17.627+0000] {processor.py:161} INFO - Started process (PID=1924) to work on /opt/airflow/dags/my_dag.py
[2025-11-02T11:48:17.629+0000] {processor.py:830} INFO - Processing file /opt/airflow/dags/my_dag.py for tasks to queue
[2025-11-02T11:48:17.631+0000] {logging_mixin.py:188} INFO - [2025-11-02T11:48:17.630+0000] {dagbag.py:538} INFO - Filling up the DagBag from /opt/airflow/dags/my_dag.py
[2025-11-02T11:48:18.954+0000] {processor.py:840} INFO - DAG(s) 'my_dag' retrieved from /opt/airflow/dags/my_dag.py
[2025-11-02T11:48:19.020+0000] {logging_mixin.py:188} INFO - [2025-11-02T11:48:19.020+0000] {dag.py:3036} INFO - Sync 1 DAGs
[2025-11-02T11:48:19.038+0000] {logging_mixin.py:188} INFO - [2025-11-02T11:48:19.038+0000] {dag.py:3823} INFO - Setting next_dagrun for my_dag to None, run_after=None
[2025-11-02T11:48:19.292+0000] {processor.py:183} INFO - Processing /opt/airflow/dags/my_dag.py took 1.673 seconds
[2025-11-02T11:48:50.544+0000] {processor.py:161} INFO - Started process (PID=1936) to work on /opt/airflow/dags/my_dag.py
[2025-11-02T11:48:50.547+0000] {processor.py:830} INFO - Processing file /opt/airflow/dags/my_dag.py for tasks to queue
[2025-11-02T11:48:50.550+0000] {logging_mixin.py:188} INFO - [2025-11-02T11:48:50.549+0000] {dagbag.py:538} INFO - Filling up the DagBag from /opt/airflow/dags/my_dag.py
[2025-11-02T11:48:51.792+0000] {processor.py:840} INFO - DAG(s) 'my_dag' retrieved from /opt/airflow/dags/my_dag.py
[2025-11-02T11:48:51.839+0000] {logging_mixin.py:188} INFO - [2025-11-02T11:48:51.838+0000] {dag.py:3036} INFO - Sync 1 DAGs
[2025-11-02T11:48:51.871+0000] {logging_mixin.py:188} INFO - [2025-11-02T11:48:51.870+0000] {dag.py:3823} INFO - Setting next_dagrun for my_dag to None, run_after=None
[2025-11-02T11:48:51.931+0000] {processor.py:183} INFO - Processing /opt/airflow/dags/my_dag.py took 1.397 seconds
[2025-11-02T11:49:23.565+0000] {processor.py:161} INFO - Started process (PID=1948) to work on /opt/airflow/dags/my_dag.py
[2025-11-02T11:49:23.567+0000] {processor.py:830} INFO - Processing file /opt/airflow/dags/my_dag.py for tasks to queue
[2025-11-02T11:49:23.569+0000] {logging_mixin.py:188} INFO - [2025-11-02T11:49:23.568+0000] {dagbag.py:538} INFO - Filling up the DagBag from /opt/airflow/dags/my_dag.py
[2025-11-02T11:49:24.351+0000] {processor.py:840} INFO - DAG(s) 'my_dag' retrieved from /opt/airflow/dags/my_dag.py
[2025-11-02T11:49:24.386+0000] {logging_mixin.py:188} INFO - [2025-11-02T11:49:24.385+0000] {dag.py:3036} INFO - Sync 1 DAGs
[2025-11-02T11:49:24.402+0000] {logging_mixin.py:188} INFO - [2025-11-02T11:49:24.402+0000] {dag.py:3823} INFO - Setting next_dagrun for my_dag to None, run_after=None
[2025-11-02T11:49:24.437+0000] {processor.py:183} INFO - Processing /opt/airflow/dags/my_dag.py took 0.882 seconds
[2025-11-02T11:49:57.309+0000] {processor.py:161} INFO - Started process (PID=1960) to work on /opt/airflow/dags/my_dag.py
[2025-11-02T11:49:57.312+0000] {processor.py:830} INFO - Processing file /opt/airflow/dags/my_dag.py for tasks to queue
[2025-11-02T11:49:57.315+0000] {logging_mixin.py:188} INFO - [2025-11-02T11:49:57.314+0000] {dagbag.py:538} INFO - Filling up the DagBag from /opt/airflow/dags/my_dag.py
[2025-11-02T11:49:58.639+0000] {processor.py:840} INFO - DAG(s) 'my_dag' retrieved from /opt/airflow/dags/my_dag.py
[2025-11-02T11:49:58.698+0000] {logging_mixin.py:188} INFO - [2025-11-02T11:49:58.696+0000] {dag.py:3036} INFO - Sync 1 DAGs
[2025-11-02T11:49:58.719+0000] {logging_mixin.py:188} INFO - [2025-11-02T11:49:58.718+0000] {dag.py:3823} INFO - Setting next_dagrun for my_dag to None, run_after=None
[2025-11-02T11:49:58.770+0000] {processor.py:183} INFO - Processing /opt/airflow/dags/my_dag.py took 1.472 seconds
[2025-11-02T11:50:29.646+0000] {processor.py:161} INFO - Started process (PID=1972) to work on /opt/airflow/dags/my_dag.py
[2025-11-02T11:50:29.648+0000] {processor.py:830} INFO - Processing file /opt/airflow/dags/my_dag.py for tasks to queue
[2025-11-02T11:50:29.653+0000] {logging_mixin.py:188} INFO - [2025-11-02T11:50:29.652+0000] {dagbag.py:538} INFO - Filling up the DagBag from /opt/airflow/dags/my_dag.py
[2025-11-02T11:50:30.709+0000] {processor.py:840} INFO - DAG(s) 'my_dag' retrieved from /opt/airflow/dags/my_dag.py
[2025-11-02T11:50:30.745+0000] {logging_mixin.py:188} INFO - [2025-11-02T11:50:30.744+0000] {dag.py:3036} INFO - Sync 1 DAGs
[2025-11-02T11:50:30.767+0000] {logging_mixin.py:188} INFO - [2025-11-02T11:50:30.766+0000] {dag.py:3823} INFO - Setting next_dagrun for my_dag to None, run_after=None
[2025-11-02T11:50:30.809+0000] {processor.py:183} INFO - Processing /opt/airflow/dags/my_dag.py took 1.173 seconds
[2025-11-02T11:51:03.710+0000] {processor.py:161} INFO - Started process (PID=1984) to work on /opt/airflow/dags/my_dag.py
[2025-11-02T11:51:03.712+0000] {processor.py:830} INFO - Processing file /opt/airflow/dags/my_dag.py for tasks to queue
[2025-11-02T11:51:03.714+0000] {logging_mixin.py:188} INFO - [2025-11-02T11:51:03.713+0000] {dagbag.py:538} INFO - Filling up the DagBag from /opt/airflow/dags/my_dag.py
[2025-11-02T11:51:04.656+0000] {processor.py:840} INFO - DAG(s) 'my_dag' retrieved from /opt/airflow/dags/my_dag.py
[2025-11-02T11:51:04.700+0000] {logging_mixin.py:188} INFO - [2025-11-02T11:51:04.699+0000] {dag.py:3036} INFO - Sync 1 DAGs
[2025-11-02T11:51:04.723+0000] {logging_mixin.py:188} INFO - [2025-11-02T11:51:04.723+0000] {dag.py:3823} INFO - Setting next_dagrun for my_dag to None, run_after=None
[2025-11-02T11:51:04.758+0000] {processor.py:183} INFO - Processing /opt/airflow/dags/my_dag.py took 1.058 seconds
[2025-11-02T11:51:36.537+0000] {processor.py:161} INFO - Started process (PID=1996) to work on /opt/airflow/dags/my_dag.py
[2025-11-02T11:51:36.540+0000] {processor.py:830} INFO - Processing file /opt/airflow/dags/my_dag.py for tasks to queue
[2025-11-02T11:51:36.542+0000] {logging_mixin.py:188} INFO - [2025-11-02T11:51:36.542+0000] {dagbag.py:538} INFO - Filling up the DagBag from /opt/airflow/dags/my_dag.py
[2025-11-02T11:51:37.701+0000] {processor.py:840} INFO - DAG(s) 'my_dag' retrieved from /opt/airflow/dags/my_dag.py
[2025-11-02T11:51:37.738+0000] {logging_mixin.py:188} INFO - [2025-11-02T11:51:37.737+0000] {dag.py:3036} INFO - Sync 1 DAGs
[2025-11-02T11:51:37.772+0000] {logging_mixin.py:188} INFO - [2025-11-02T11:51:37.771+0000] {dag.py:3823} INFO - Setting next_dagrun for my_dag to None, run_after=None
[2025-11-02T11:51:37.820+0000] {processor.py:183} INFO - Processing /opt/airflow/dags/my_dag.py took 1.297 seconds
[2025-11-02T11:52:10.484+0000] {processor.py:161} INFO - Started process (PID=2008) to work on /opt/airflow/dags/my_dag.py
[2025-11-02T11:52:10.488+0000] {processor.py:830} INFO - Processing file /opt/airflow/dags/my_dag.py for tasks to queue
[2025-11-02T11:52:10.490+0000] {logging_mixin.py:188} INFO - [2025-11-02T11:52:10.489+0000] {dagbag.py:538} INFO - Filling up the DagBag from /opt/airflow/dags/my_dag.py
[2025-11-02T11:52:11.754+0000] {processor.py:840} INFO - DAG(s) 'my_dag' retrieved from /opt/airflow/dags/my_dag.py
[2025-11-02T11:52:11.862+0000] {logging_mixin.py:188} INFO - [2025-11-02T11:52:11.860+0000] {dag.py:3036} INFO - Sync 1 DAGs
[2025-11-02T11:52:11.902+0000] {logging_mixin.py:188} INFO - [2025-11-02T11:52:11.901+0000] {dag.py:3823} INFO - Setting next_dagrun for my_dag to None, run_after=None
[2025-11-02T11:52:11.966+0000] {processor.py:183} INFO - Processing /opt/airflow/dags/my_dag.py took 1.488 seconds
[2025-11-02T11:52:43.881+0000] {processor.py:161} INFO - Started process (PID=2020) to work on /opt/airflow/dags/my_dag.py
[2025-11-02T11:52:43.889+0000] {processor.py:830} INFO - Processing file /opt/airflow/dags/my_dag.py for tasks to queue
[2025-11-02T11:52:43.892+0000] {logging_mixin.py:188} INFO - [2025-11-02T11:52:43.891+0000] {dagbag.py:538} INFO - Filling up the DagBag from /opt/airflow/dags/my_dag.py
[2025-11-02T11:52:44.931+0000] {processor.py:840} INFO - DAG(s) 'my_dag' retrieved from /opt/airflow/dags/my_dag.py
[2025-11-02T11:52:44.974+0000] {logging_mixin.py:188} INFO - [2025-11-02T11:52:44.972+0000] {dag.py:3036} INFO - Sync 1 DAGs
[2025-11-02T11:52:44.995+0000] {logging_mixin.py:188} INFO - [2025-11-02T11:52:44.995+0000] {dag.py:3823} INFO - Setting next_dagrun for my_dag to None, run_after=None
[2025-11-02T11:52:45.077+0000] {processor.py:183} INFO - Processing /opt/airflow/dags/my_dag.py took 1.206 seconds
[2025-11-02T11:53:16.726+0000] {processor.py:161} INFO - Started process (PID=2032) to work on /opt/airflow/dags/my_dag.py
[2025-11-02T11:53:16.730+0000] {processor.py:830} INFO - Processing file /opt/airflow/dags/my_dag.py for tasks to queue
[2025-11-02T11:53:16.732+0000] {logging_mixin.py:188} INFO - [2025-11-02T11:53:16.732+0000] {dagbag.py:538} INFO - Filling up the DagBag from /opt/airflow/dags/my_dag.py
[2025-11-02T11:53:17.749+0000] {processor.py:840} INFO - DAG(s) 'my_dag' retrieved from /opt/airflow/dags/my_dag.py
[2025-11-02T11:53:17.807+0000] {logging_mixin.py:188} INFO - [2025-11-02T11:53:17.806+0000] {dag.py:3036} INFO - Sync 1 DAGs
[2025-11-02T11:53:17.836+0000] {logging_mixin.py:188} INFO - [2025-11-02T11:53:17.836+0000] {dag.py:3823} INFO - Setting next_dagrun for my_dag to None, run_after=None
[2025-11-02T11:53:17.883+0000] {processor.py:183} INFO - Processing /opt/airflow/dags/my_dag.py took 1.170 seconds
[2025-11-02T11:53:49.864+0000] {processor.py:161} INFO - Started process (PID=2044) to work on /opt/airflow/dags/my_dag.py
[2025-11-02T11:53:49.866+0000] {processor.py:830} INFO - Processing file /opt/airflow/dags/my_dag.py for tasks to queue
[2025-11-02T11:53:49.871+0000] {logging_mixin.py:188} INFO - [2025-11-02T11:53:49.870+0000] {dagbag.py:538} INFO - Filling up the DagBag from /opt/airflow/dags/my_dag.py
[2025-11-02T11:53:50.901+0000] {processor.py:840} INFO - DAG(s) 'my_dag' retrieved from /opt/airflow/dags/my_dag.py
[2025-11-02T11:53:50.966+0000] {logging_mixin.py:188} INFO - [2025-11-02T11:53:50.966+0000] {dag.py:3036} INFO - Sync 1 DAGs
[2025-11-02T11:53:50.998+0000] {logging_mixin.py:188} INFO - [2025-11-02T11:53:50.998+0000] {dag.py:3823} INFO - Setting next_dagrun for my_dag to None, run_after=None
[2025-11-02T11:53:51.041+0000] {processor.py:183} INFO - Processing /opt/airflow/dags/my_dag.py took 1.185 seconds
[2025-11-02T11:54:23.752+0000] {processor.py:161} INFO - Started process (PID=2056) to work on /opt/airflow/dags/my_dag.py
[2025-11-02T11:54:23.755+0000] {processor.py:830} INFO - Processing file /opt/airflow/dags/my_dag.py for tasks to queue
[2025-11-02T11:54:23.757+0000] {logging_mixin.py:188} INFO - [2025-11-02T11:54:23.756+0000] {dagbag.py:538} INFO - Filling up the DagBag from /opt/airflow/dags/my_dag.py
[2025-11-02T11:54:24.571+0000] {processor.py:840} INFO - DAG(s) 'my_dag' retrieved from /opt/airflow/dags/my_dag.py
[2025-11-02T11:54:24.603+0000] {logging_mixin.py:188} INFO - [2025-11-02T11:54:24.602+0000] {dag.py:3036} INFO - Sync 1 DAGs
[2025-11-02T11:54:24.618+0000] {logging_mixin.py:188} INFO - [2025-11-02T11:54:24.618+0000] {dag.py:3823} INFO - Setting next_dagrun for my_dag to None, run_after=None
[2025-11-02T11:54:24.658+0000] {processor.py:183} INFO - Processing /opt/airflow/dags/my_dag.py took 0.915 seconds
[2025-11-02T11:54:56.627+0000] {processor.py:161} INFO - Started process (PID=2068) to work on /opt/airflow/dags/my_dag.py
[2025-11-02T11:54:56.637+0000] {processor.py:830} INFO - Processing file /opt/airflow/dags/my_dag.py for tasks to queue
[2025-11-02T11:54:56.640+0000] {logging_mixin.py:188} INFO - [2025-11-02T11:54:56.639+0000] {dagbag.py:538} INFO - Filling up the DagBag from /opt/airflow/dags/my_dag.py
[2025-11-02T11:54:58.290+0000] {processor.py:840} INFO - DAG(s) 'my_dag' retrieved from /opt/airflow/dags/my_dag.py
[2025-11-02T11:54:58.337+0000] {logging_mixin.py:188} INFO - [2025-11-02T11:54:58.336+0000] {dag.py:3036} INFO - Sync 1 DAGs
[2025-11-02T11:54:58.364+0000] {logging_mixin.py:188} INFO - [2025-11-02T11:54:58.364+0000] {dag.py:3823} INFO - Setting next_dagrun for my_dag to None, run_after=None
[2025-11-02T11:54:58.415+0000] {processor.py:183} INFO - Processing /opt/airflow/dags/my_dag.py took 1.808 seconds
[2025-11-02T11:55:30.381+0000] {processor.py:161} INFO - Started process (PID=2080) to work on /opt/airflow/dags/my_dag.py
[2025-11-02T11:55:30.383+0000] {processor.py:830} INFO - Processing file /opt/airflow/dags/my_dag.py for tasks to queue
[2025-11-02T11:55:30.386+0000] {logging_mixin.py:188} INFO - [2025-11-02T11:55:30.385+0000] {dagbag.py:538} INFO - Filling up the DagBag from /opt/airflow/dags/my_dag.py
[2025-11-02T11:55:31.423+0000] {processor.py:840} INFO - DAG(s) 'my_dag' retrieved from /opt/airflow/dags/my_dag.py
[2025-11-02T11:55:31.470+0000] {logging_mixin.py:188} INFO - [2025-11-02T11:55:31.468+0000] {dag.py:3036} INFO - Sync 1 DAGs
[2025-11-02T11:55:31.495+0000] {logging_mixin.py:188} INFO - [2025-11-02T11:55:31.494+0000] {dag.py:3823} INFO - Setting next_dagrun for my_dag to None, run_after=None
[2025-11-02T11:55:31.535+0000] {processor.py:183} INFO - Processing /opt/airflow/dags/my_dag.py took 1.165 seconds
[2025-11-02T11:56:03.237+0000] {processor.py:161} INFO - Started process (PID=2092) to work on /opt/airflow/dags/my_dag.py
[2025-11-02T11:56:03.239+0000] {processor.py:830} INFO - Processing file /opt/airflow/dags/my_dag.py for tasks to queue
[2025-11-02T11:56:03.242+0000] {logging_mixin.py:188} INFO - [2025-11-02T11:56:03.241+0000] {dagbag.py:538} INFO - Filling up the DagBag from /opt/airflow/dags/my_dag.py
[2025-11-02T11:56:04.113+0000] {processor.py:840} INFO - DAG(s) 'my_dag' retrieved from /opt/airflow/dags/my_dag.py
[2025-11-02T11:56:04.150+0000] {logging_mixin.py:188} INFO - [2025-11-02T11:56:04.149+0000] {dag.py:3036} INFO - Sync 1 DAGs
[2025-11-02T11:56:04.165+0000] {logging_mixin.py:188} INFO - [2025-11-02T11:56:04.165+0000] {dag.py:3823} INFO - Setting next_dagrun for my_dag to None, run_after=None
[2025-11-02T11:56:04.202+0000] {processor.py:183} INFO - Processing /opt/airflow/dags/my_dag.py took 0.976 seconds
[2025-11-02T11:56:37.134+0000] {processor.py:161} INFO - Started process (PID=2104) to work on /opt/airflow/dags/my_dag.py
[2025-11-02T11:56:37.136+0000] {processor.py:830} INFO - Processing file /opt/airflow/dags/my_dag.py for tasks to queue
[2025-11-02T11:56:37.139+0000] {logging_mixin.py:188} INFO - [2025-11-02T11:56:37.138+0000] {dagbag.py:538} INFO - Filling up the DagBag from /opt/airflow/dags/my_dag.py
[2025-11-02T11:56:37.941+0000] {processor.py:840} INFO - DAG(s) 'my_dag' retrieved from /opt/airflow/dags/my_dag.py
[2025-11-02T11:56:37.980+0000] {logging_mixin.py:188} INFO - [2025-11-02T11:56:37.979+0000] {dag.py:3036} INFO - Sync 1 DAGs
[2025-11-02T11:56:37.995+0000] {logging_mixin.py:188} INFO - [2025-11-02T11:56:37.995+0000] {dag.py:3823} INFO - Setting next_dagrun for my_dag to None, run_after=None
[2025-11-02T11:56:38.027+0000] {processor.py:183} INFO - Processing /opt/airflow/dags/my_dag.py took 0.902 seconds
[2025-11-02T11:57:10.129+0000] {processor.py:161} INFO - Started process (PID=2116) to work on /opt/airflow/dags/my_dag.py
[2025-11-02T11:57:10.133+0000] {processor.py:830} INFO - Processing file /opt/airflow/dags/my_dag.py for tasks to queue
[2025-11-02T11:57:10.136+0000] {logging_mixin.py:188} INFO - [2025-11-02T11:57:10.135+0000] {dagbag.py:538} INFO - Filling up the DagBag from /opt/airflow/dags/my_dag.py
[2025-11-02T11:57:11.111+0000] {processor.py:840} INFO - DAG(s) 'my_dag' retrieved from /opt/airflow/dags/my_dag.py
[2025-11-02T11:57:11.146+0000] {logging_mixin.py:188} INFO - [2025-11-02T11:57:11.145+0000] {dag.py:3036} INFO - Sync 1 DAGs
[2025-11-02T11:57:11.168+0000] {logging_mixin.py:188} INFO - [2025-11-02T11:57:11.166+0000] {dag.py:3823} INFO - Setting next_dagrun for my_dag to None, run_after=None
[2025-11-02T11:57:11.282+0000] {processor.py:183} INFO - Processing /opt/airflow/dags/my_dag.py took 1.164 seconds
[2025-11-02T11:57:43.338+0000] {processor.py:161} INFO - Started process (PID=2128) to work on /opt/airflow/dags/my_dag.py
[2025-11-02T11:57:43.341+0000] {processor.py:830} INFO - Processing file /opt/airflow/dags/my_dag.py for tasks to queue
[2025-11-02T11:57:43.343+0000] {logging_mixin.py:188} INFO - [2025-11-02T11:57:43.342+0000] {dagbag.py:538} INFO - Filling up the DagBag from /opt/airflow/dags/my_dag.py
[2025-11-02T11:57:44.247+0000] {processor.py:840} INFO - DAG(s) 'my_dag' retrieved from /opt/airflow/dags/my_dag.py
[2025-11-02T11:57:44.306+0000] {logging_mixin.py:188} INFO - [2025-11-02T11:57:44.305+0000] {dag.py:3036} INFO - Sync 1 DAGs
[2025-11-02T11:57:44.336+0000] {logging_mixin.py:188} INFO - [2025-11-02T11:57:44.335+0000] {dag.py:3823} INFO - Setting next_dagrun for my_dag to None, run_after=None
[2025-11-02T11:57:44.407+0000] {processor.py:183} INFO - Processing /opt/airflow/dags/my_dag.py took 1.078 seconds
[2025-11-02T11:58:17.160+0000] {processor.py:161} INFO - Started process (PID=2140) to work on /opt/airflow/dags/my_dag.py
[2025-11-02T11:58:17.162+0000] {processor.py:830} INFO - Processing file /opt/airflow/dags/my_dag.py for tasks to queue
[2025-11-02T11:58:17.168+0000] {logging_mixin.py:188} INFO - [2025-11-02T11:58:17.166+0000] {dagbag.py:538} INFO - Filling up the DagBag from /opt/airflow/dags/my_dag.py
[2025-11-02T11:58:18.189+0000] {processor.py:840} INFO - DAG(s) 'my_dag' retrieved from /opt/airflow/dags/my_dag.py
[2025-11-02T11:58:18.257+0000] {logging_mixin.py:188} INFO - [2025-11-02T11:58:18.256+0000] {dag.py:3036} INFO - Sync 1 DAGs
[2025-11-02T11:58:18.288+0000] {logging_mixin.py:188} INFO - [2025-11-02T11:58:18.287+0000] {dag.py:3823} INFO - Setting next_dagrun for my_dag to None, run_after=None
[2025-11-02T11:58:18.337+0000] {processor.py:183} INFO - Processing /opt/airflow/dags/my_dag.py took 1.185 seconds
[2025-11-02T11:58:50.171+0000] {processor.py:161} INFO - Started process (PID=2152) to work on /opt/airflow/dags/my_dag.py
[2025-11-02T11:58:50.176+0000] {processor.py:830} INFO - Processing file /opt/airflow/dags/my_dag.py for tasks to queue
[2025-11-02T11:58:50.178+0000] {logging_mixin.py:188} INFO - [2025-11-02T11:58:50.177+0000] {dagbag.py:538} INFO - Filling up the DagBag from /opt/airflow/dags/my_dag.py
[2025-11-02T11:58:51.267+0000] {processor.py:840} INFO - DAG(s) 'my_dag' retrieved from /opt/airflow/dags/my_dag.py
[2025-11-02T11:58:51.325+0000] {logging_mixin.py:188} INFO - [2025-11-02T11:58:51.324+0000] {dag.py:3036} INFO - Sync 1 DAGs
[2025-11-02T11:58:51.357+0000] {logging_mixin.py:188} INFO - [2025-11-02T11:58:51.356+0000] {dag.py:3823} INFO - Setting next_dagrun for my_dag to None, run_after=None
[2025-11-02T11:58:51.442+0000] {processor.py:183} INFO - Processing /opt/airflow/dags/my_dag.py took 1.288 seconds
[2025-11-02T11:59:23.378+0000] {processor.py:161} INFO - Started process (PID=2165) to work on /opt/airflow/dags/my_dag.py
[2025-11-02T11:59:23.380+0000] {processor.py:830} INFO - Processing file /opt/airflow/dags/my_dag.py for tasks to queue
[2025-11-02T11:59:23.383+0000] {logging_mixin.py:188} INFO - [2025-11-02T11:59:23.382+0000] {dagbag.py:538} INFO - Filling up the DagBag from /opt/airflow/dags/my_dag.py
[2025-11-02T11:59:24.347+0000] {processor.py:840} INFO - DAG(s) 'my_dag' retrieved from /opt/airflow/dags/my_dag.py
[2025-11-02T11:59:24.386+0000] {logging_mixin.py:188} INFO - [2025-11-02T11:59:24.385+0000] {dag.py:3036} INFO - Sync 1 DAGs
[2025-11-02T11:59:24.411+0000] {logging_mixin.py:188} INFO - [2025-11-02T11:59:24.411+0000] {dag.py:3823} INFO - Setting next_dagrun for my_dag to None, run_after=None
[2025-11-02T11:59:24.487+0000] {processor.py:183} INFO - Processing /opt/airflow/dags/my_dag.py took 1.123 seconds
[2025-11-02T11:59:57.473+0000] {processor.py:161} INFO - Started process (PID=2177) to work on /opt/airflow/dags/my_dag.py
[2025-11-02T11:59:57.475+0000] {processor.py:830} INFO - Processing file /opt/airflow/dags/my_dag.py for tasks to queue
[2025-11-02T11:59:57.477+0000] {logging_mixin.py:188} INFO - [2025-11-02T11:59:57.476+0000] {dagbag.py:538} INFO - Filling up the DagBag from /opt/airflow/dags/my_dag.py
[2025-11-02T11:59:58.396+0000] {processor.py:840} INFO - DAG(s) 'my_dag' retrieved from /opt/airflow/dags/my_dag.py
[2025-11-02T11:59:58.439+0000] {logging_mixin.py:188} INFO - [2025-11-02T11:59:58.438+0000] {dag.py:3036} INFO - Sync 1 DAGs
[2025-11-02T11:59:58.462+0000] {logging_mixin.py:188} INFO - [2025-11-02T11:59:58.462+0000] {dag.py:3823} INFO - Setting next_dagrun for my_dag to None, run_after=None
[2025-11-02T11:59:58.494+0000] {processor.py:183} INFO - Processing /opt/airflow/dags/my_dag.py took 1.033 seconds
[2025-11-02T12:00:30.212+0000] {processor.py:161} INFO - Started process (PID=2189) to work on /opt/airflow/dags/my_dag.py
[2025-11-02T12:00:30.214+0000] {processor.py:830} INFO - Processing file /opt/airflow/dags/my_dag.py for tasks to queue
[2025-11-02T12:00:30.217+0000] {logging_mixin.py:188} INFO - [2025-11-02T12:00:30.216+0000] {dagbag.py:538} INFO - Filling up the DagBag from /opt/airflow/dags/my_dag.py
[2025-11-02T12:00:31.179+0000] {processor.py:840} INFO - DAG(s) 'my_dag' retrieved from /opt/airflow/dags/my_dag.py
[2025-11-02T12:00:31.218+0000] {logging_mixin.py:188} INFO - [2025-11-02T12:00:31.217+0000] {dag.py:3036} INFO - Sync 1 DAGs
[2025-11-02T12:00:31.240+0000] {logging_mixin.py:188} INFO - [2025-11-02T12:00:31.238+0000] {dag.py:3823} INFO - Setting next_dagrun for my_dag to None, run_after=None
[2025-11-02T12:00:31.286+0000] {processor.py:183} INFO - Processing /opt/airflow/dags/my_dag.py took 1.085 seconds
[2025-11-02T12:01:01.524+0000] {processor.py:161} INFO - Started process (PID=2202) to work on /opt/airflow/dags/my_dag.py
[2025-11-02T12:01:01.528+0000] {processor.py:830} INFO - Processing file /opt/airflow/dags/my_dag.py for tasks to queue
[2025-11-02T12:01:01.535+0000] {logging_mixin.py:188} INFO - [2025-11-02T12:01:01.534+0000] {dagbag.py:538} INFO - Filling up the DagBag from /opt/airflow/dags/my_dag.py
[2025-11-02T12:01:02.500+0000] {processor.py:840} INFO - DAG(s) 'my_dag' retrieved from /opt/airflow/dags/my_dag.py
[2025-11-02T12:01:02.537+0000] {logging_mixin.py:188} INFO - [2025-11-02T12:01:02.536+0000] {dag.py:3036} INFO - Sync 1 DAGs
[2025-11-02T12:01:02.555+0000] {logging_mixin.py:188} INFO - [2025-11-02T12:01:02.554+0000] {dag.py:3823} INFO - Setting next_dagrun for my_dag to None, run_after=None
[2025-11-02T12:01:02.605+0000] {processor.py:183} INFO - Processing /opt/airflow/dags/my_dag.py took 1.088 seconds
[2025-11-02T12:01:33.467+0000] {processor.py:161} INFO - Started process (PID=2214) to work on /opt/airflow/dags/my_dag.py
[2025-11-02T12:01:33.470+0000] {processor.py:830} INFO - Processing file /opt/airflow/dags/my_dag.py for tasks to queue
[2025-11-02T12:01:33.475+0000] {logging_mixin.py:188} INFO - [2025-11-02T12:01:33.472+0000] {dagbag.py:538} INFO - Filling up the DagBag from /opt/airflow/dags/my_dag.py
[2025-11-02T12:01:36.057+0000] {processor.py:840} INFO - DAG(s) 'my_dag' retrieved from /opt/airflow/dags/my_dag.py
[2025-11-02T12:01:36.091+0000] {logging_mixin.py:188} INFO - [2025-11-02T12:01:36.091+0000] {dag.py:3036} INFO - Sync 1 DAGs
[2025-11-02T12:01:36.122+0000] {logging_mixin.py:188} INFO - [2025-11-02T12:01:36.121+0000] {dag.py:3823} INFO - Setting next_dagrun for my_dag to None, run_after=None
[2025-11-02T12:01:36.165+0000] {processor.py:183} INFO - Processing /opt/airflow/dags/my_dag.py took 1.056 seconds
[2025-11-02T12:02:09.451+0000] {processor.py:161} INFO - Started process (PID=2226) to work on /opt/airflow/dags/my_dag.py
[2025-11-02T12:02:09.455+0000] {processor.py:830} INFO - Processing file /opt/airflow/dags/my_dag.py for tasks to queue
[2025-11-02T12:02:09.457+0000] {logging_mixin.py:188} INFO - [2025-11-02T12:02:09.457+0000] {dagbag.py:538} INFO - Filling up the DagBag from /opt/airflow/dags/my_dag.py
[2025-11-02T12:02:11.049+0000] {processor.py:840} INFO - DAG(s) 'my_dag' retrieved from /opt/airflow/dags/my_dag.py
[2025-11-02T12:02:11.103+0000] {logging_mixin.py:188} INFO - [2025-11-02T12:02:11.102+0000] {dag.py:3036} INFO - Sync 1 DAGs
[2025-11-02T12:02:11.135+0000] {logging_mixin.py:188} INFO - [2025-11-02T12:02:11.134+0000] {dag.py:3823} INFO - Setting next_dagrun for my_dag to None, run_after=None
[2025-11-02T12:02:11.180+0000] {processor.py:183} INFO - Processing /opt/airflow/dags/my_dag.py took 1.748 seconds
[2025-11-02T12:02:43.142+0000] {processor.py:161} INFO - Started process (PID=2238) to work on /opt/airflow/dags/my_dag.py
[2025-11-02T12:02:43.145+0000] {processor.py:830} INFO - Processing file /opt/airflow/dags/my_dag.py for tasks to queue
[2025-11-02T12:02:43.147+0000] {logging_mixin.py:188} INFO - [2025-11-02T12:02:43.146+0000] {dagbag.py:538} INFO - Filling up the DagBag from /opt/airflow/dags/my_dag.py
[2025-11-02T12:02:44.020+0000] {processor.py:840} INFO - DAG(s) 'my_dag' retrieved from /opt/airflow/dags/my_dag.py
[2025-11-02T12:02:44.079+0000] {logging_mixin.py:188} INFO - [2025-11-02T12:02:44.078+0000] {dag.py:3036} INFO - Sync 1 DAGs
[2025-11-02T12:02:44.096+0000] {logging_mixin.py:188} INFO - [2025-11-02T12:02:44.096+0000] {dag.py:3823} INFO - Setting next_dagrun for my_dag to None, run_after=None
[2025-11-02T12:02:44.143+0000] {processor.py:183} INFO - Processing /opt/airflow/dags/my_dag.py took 1.011 seconds
[2025-11-02T12:03:16.080+0000] {processor.py:161} INFO - Started process (PID=2250) to work on /opt/airflow/dags/my_dag.py
[2025-11-02T12:03:16.082+0000] {processor.py:830} INFO - Processing file /opt/airflow/dags/my_dag.py for tasks to queue
[2025-11-02T12:03:16.084+0000] {logging_mixin.py:188} INFO - [2025-11-02T12:03:16.083+0000] {dagbag.py:538} INFO - Filling up the DagBag from /opt/airflow/dags/my_dag.py
[2025-11-02T12:03:16.965+0000] {processor.py:840} INFO - DAG(s) 'my_dag' retrieved from /opt/airflow/dags/my_dag.py
[2025-11-02T12:03:16.997+0000] {logging_mixin.py:188} INFO - [2025-11-02T12:03:16.997+0000] {dag.py:3036} INFO - Sync 1 DAGs
[2025-11-02T12:03:17.017+0000] {logging_mixin.py:188} INFO - [2025-11-02T12:03:17.016+0000] {dag.py:3823} INFO - Setting next_dagrun for my_dag to None, run_after=None
[2025-11-02T12:03:17.051+0000] {processor.py:183} INFO - Processing /opt/airflow/dags/my_dag.py took 0.980 seconds
[2025-11-02T12:03:50.168+0000] {processor.py:161} INFO - Started process (PID=2263) to work on /opt/airflow/dags/my_dag.py
[2025-11-02T12:03:50.171+0000] {processor.py:830} INFO - Processing file /opt/airflow/dags/my_dag.py for tasks to queue
[2025-11-02T12:03:50.175+0000] {logging_mixin.py:188} INFO - [2025-11-02T12:03:50.174+0000] {dagbag.py:538} INFO - Filling up the DagBag from /opt/airflow/dags/my_dag.py
[2025-11-02T12:03:51.107+0000] {processor.py:840} INFO - DAG(s) 'my_dag' retrieved from /opt/airflow/dags/my_dag.py
[2025-11-02T12:03:51.141+0000] {logging_mixin.py:188} INFO - [2025-11-02T12:03:51.140+0000] {dag.py:3036} INFO - Sync 1 DAGs
[2025-11-02T12:03:51.168+0000] {logging_mixin.py:188} INFO - [2025-11-02T12:03:51.167+0000] {dag.py:3823} INFO - Setting next_dagrun for my_dag to None, run_after=None
[2025-11-02T12:03:51.211+0000] {processor.py:183} INFO - Processing /opt/airflow/dags/my_dag.py took 1.050 seconds
[2025-11-02T12:04:23.093+0000] {processor.py:161} INFO - Started process (PID=2275) to work on /opt/airflow/dags/my_dag.py
[2025-11-02T12:04:23.096+0000] {processor.py:830} INFO - Processing file /opt/airflow/dags/my_dag.py for tasks to queue
[2025-11-02T12:04:23.100+0000] {logging_mixin.py:188} INFO - [2025-11-02T12:04:23.099+0000] {dagbag.py:538} INFO - Filling up the DagBag from /opt/airflow/dags/my_dag.py
[2025-11-02T12:04:23.964+0000] {processor.py:840} INFO - DAG(s) 'my_dag' retrieved from /opt/airflow/dags/my_dag.py
[2025-11-02T12:04:24.007+0000] {logging_mixin.py:188} INFO - [2025-11-02T12:04:24.005+0000] {dag.py:3036} INFO - Sync 1 DAGs
[2025-11-02T12:04:24.040+0000] {logging_mixin.py:188} INFO - [2025-11-02T12:04:24.039+0000] {dag.py:3823} INFO - Setting next_dagrun for my_dag to None, run_after=None
[2025-11-02T12:04:24.130+0000] {processor.py:183} INFO - Processing /opt/airflow/dags/my_dag.py took 1.048 seconds
[2025-11-02T12:04:56.510+0000] {processor.py:161} INFO - Started process (PID=2287) to work on /opt/airflow/dags/my_dag.py
[2025-11-02T12:04:56.516+0000] {processor.py:830} INFO - Processing file /opt/airflow/dags/my_dag.py for tasks to queue
[2025-11-02T12:04:56.523+0000] {logging_mixin.py:188} INFO - [2025-11-02T12:04:56.521+0000] {dagbag.py:538} INFO - Filling up the DagBag from /opt/airflow/dags/my_dag.py
[2025-11-02T12:04:57.622+0000] {processor.py:840} INFO - DAG(s) 'my_dag' retrieved from /opt/airflow/dags/my_dag.py
[2025-11-02T12:04:57.658+0000] {logging_mixin.py:188} INFO - [2025-11-02T12:04:57.657+0000] {dag.py:3036} INFO - Sync 1 DAGs
[2025-11-02T12:04:57.680+0000] {logging_mixin.py:188} INFO - [2025-11-02T12:04:57.680+0000] {dag.py:3823} INFO - Setting next_dagrun for my_dag to None, run_after=None
[2025-11-02T12:04:57.751+0000] {processor.py:183} INFO - Processing /opt/airflow/dags/my_dag.py took 1.277 seconds
[2025-11-02T12:05:29.532+0000] {processor.py:161} INFO - Started process (PID=2299) to work on /opt/airflow/dags/my_dag.py
[2025-11-02T12:05:29.534+0000] {processor.py:830} INFO - Processing file /opt/airflow/dags/my_dag.py for tasks to queue
[2025-11-02T12:05:29.537+0000] {logging_mixin.py:188} INFO - [2025-11-02T12:05:29.536+0000] {dagbag.py:538} INFO - Filling up the DagBag from /opt/airflow/dags/my_dag.py
[2025-11-02T12:05:30.861+0000] {processor.py:840} INFO - DAG(s) 'my_dag' retrieved from /opt/airflow/dags/my_dag.py
[2025-11-02T12:05:30.901+0000] {logging_mixin.py:188} INFO - [2025-11-02T12:05:30.900+0000] {dag.py:3036} INFO - Sync 1 DAGs
[2025-11-02T12:05:30.921+0000] {logging_mixin.py:188} INFO - [2025-11-02T12:05:30.920+0000] {dag.py:3823} INFO - Setting next_dagrun for my_dag to None, run_after=None
[2025-11-02T12:05:31.120+0000] {processor.py:183} INFO - Processing /opt/airflow/dags/my_dag.py took 1.602 seconds
[2025-11-02T12:06:03.264+0000] {processor.py:161} INFO - Started process (PID=2310) to work on /opt/airflow/dags/my_dag.py
[2025-11-02T12:06:03.266+0000] {processor.py:830} INFO - Processing file /opt/airflow/dags/my_dag.py for tasks to queue
[2025-11-02T12:06:03.269+0000] {logging_mixin.py:188} INFO - [2025-11-02T12:06:03.268+0000] {dagbag.py:538} INFO - Filling up the DagBag from /opt/airflow/dags/my_dag.py
[2025-11-02T12:06:04.635+0000] {processor.py:840} INFO - DAG(s) 'my_dag' retrieved from /opt/airflow/dags/my_dag.py
[2025-11-02T12:06:04.685+0000] {logging_mixin.py:188} INFO - [2025-11-02T12:06:04.684+0000] {dag.py:3036} INFO - Sync 1 DAGs
[2025-11-02T12:06:04.722+0000] {logging_mixin.py:188} INFO - [2025-11-02T12:06:04.721+0000] {dag.py:3823} INFO - Setting next_dagrun for my_dag to None, run_after=None
[2025-11-02T12:06:04.774+0000] {processor.py:183} INFO - Processing /opt/airflow/dags/my_dag.py took 1.517 seconds
[2025-11-02T12:06:36.283+0000] {processor.py:161} INFO - Started process (PID=2322) to work on /opt/airflow/dags/my_dag.py
[2025-11-02T12:06:36.285+0000] {processor.py:830} INFO - Processing file /opt/airflow/dags/my_dag.py for tasks to queue
[2025-11-02T12:06:36.287+0000] {logging_mixin.py:188} INFO - [2025-11-02T12:06:36.287+0000] {dagbag.py:538} INFO - Filling up the DagBag from /opt/airflow/dags/my_dag.py
[2025-11-02T12:06:37.167+0000] {processor.py:840} INFO - DAG(s) 'my_dag' retrieved from /opt/airflow/dags/my_dag.py
[2025-11-02T12:06:37.213+0000] {logging_mixin.py:188} INFO - [2025-11-02T12:06:37.211+0000] {dag.py:3036} INFO - Sync 1 DAGs
[2025-11-02T12:06:37.237+0000] {logging_mixin.py:188} INFO - [2025-11-02T12:06:37.236+0000] {dag.py:3823} INFO - Setting next_dagrun for my_dag to None, run_after=None
[2025-11-02T12:06:37.300+0000] {processor.py:183} INFO - Processing /opt/airflow/dags/my_dag.py took 1.025 seconds
[2025-11-02T12:07:10.002+0000] {processor.py:161} INFO - Started process (PID=2335) to work on /opt/airflow/dags/my_dag.py
[2025-11-02T12:07:10.007+0000] {processor.py:830} INFO - Processing file /opt/airflow/dags/my_dag.py for tasks to queue
[2025-11-02T12:07:10.010+0000] {logging_mixin.py:188} INFO - [2025-11-02T12:07:10.009+0000] {dagbag.py:538} INFO - Filling up the DagBag from /opt/airflow/dags/my_dag.py
[2025-11-02T12:07:11.437+0000] {processor.py:840} INFO - DAG(s) 'my_dag' retrieved from /opt/airflow/dags/my_dag.py
[2025-11-02T12:07:11.475+0000] {logging_mixin.py:188} INFO - [2025-11-02T12:07:11.473+0000] {dag.py:3036} INFO - Sync 1 DAGs
[2025-11-02T12:07:11.490+0000] {logging_mixin.py:188} INFO - [2025-11-02T12:07:11.490+0000] {dag.py:3823} INFO - Setting next_dagrun for my_dag to None, run_after=None
[2025-11-02T12:07:11.635+0000] {processor.py:183} INFO - Processing /opt/airflow/dags/my_dag.py took 1.646 seconds
[2025-11-02T12:07:43.753+0000] {processor.py:161} INFO - Started process (PID=2348) to work on /opt/airflow/dags/my_dag.py
[2025-11-02T12:07:43.756+0000] {processor.py:830} INFO - Processing file /opt/airflow/dags/my_dag.py for tasks to queue
[2025-11-02T12:07:43.759+0000] {logging_mixin.py:188} INFO - [2025-11-02T12:07:43.758+0000] {dagbag.py:538} INFO - Filling up the DagBag from /opt/airflow/dags/my_dag.py
[2025-11-02T12:07:44.710+0000] {processor.py:840} INFO - DAG(s) 'my_dag' retrieved from /opt/airflow/dags/my_dag.py
[2025-11-02T12:07:44.766+0000] {logging_mixin.py:188} INFO - [2025-11-02T12:07:44.765+0000] {dag.py:3036} INFO - Sync 1 DAGs
[2025-11-02T12:07:44.789+0000] {logging_mixin.py:188} INFO - [2025-11-02T12:07:44.789+0000] {dag.py:3823} INFO - Setting next_dagrun for my_dag to None, run_after=None
[2025-11-02T12:07:44.819+0000] {processor.py:183} INFO - Processing /opt/airflow/dags/my_dag.py took 1.073 seconds
[2025-11-02T12:08:17.608+0000] {processor.py:161} INFO - Started process (PID=2360) to work on /opt/airflow/dags/my_dag.py
[2025-11-02T12:08:17.610+0000] {processor.py:830} INFO - Processing file /opt/airflow/dags/my_dag.py for tasks to queue
[2025-11-02T12:08:17.613+0000] {logging_mixin.py:188} INFO - [2025-11-02T12:08:17.612+0000] {dagbag.py:538} INFO - Filling up the DagBag from /opt/airflow/dags/my_dag.py
[2025-11-02T12:08:18.625+0000] {processor.py:840} INFO - DAG(s) 'my_dag' retrieved from /opt/airflow/dags/my_dag.py
[2025-11-02T12:08:18.674+0000] {logging_mixin.py:188} INFO - [2025-11-02T12:08:18.673+0000] {dag.py:3036} INFO - Sync 1 DAGs
[2025-11-02T12:08:18.697+0000] {logging_mixin.py:188} INFO - [2025-11-02T12:08:18.696+0000] {dag.py:3823} INFO - Setting next_dagrun for my_dag to None, run_after=None
[2025-11-02T12:08:18.750+0000] {processor.py:183} INFO - Processing /opt/airflow/dags/my_dag.py took 1.149 seconds
[2025-11-02T12:08:51.523+0000] {processor.py:161} INFO - Started process (PID=2372) to work on /opt/airflow/dags/my_dag.py
[2025-11-02T12:08:51.528+0000] {processor.py:830} INFO - Processing file /opt/airflow/dags/my_dag.py for tasks to queue
[2025-11-02T12:08:51.531+0000] {logging_mixin.py:188} INFO - [2025-11-02T12:08:51.530+0000] {dagbag.py:538} INFO - Filling up the DagBag from /opt/airflow/dags/my_dag.py
[2025-11-02T12:08:53.404+0000] {processor.py:840} INFO - DAG(s) 'my_dag' retrieved from /opt/airflow/dags/my_dag.py
[2025-11-02T12:08:53.481+0000] {logging_mixin.py:188} INFO - [2025-11-02T12:08:53.480+0000] {dag.py:3036} INFO - Sync 1 DAGs
[2025-11-02T12:08:53.519+0000] {logging_mixin.py:188} INFO - [2025-11-02T12:08:53.519+0000] {dag.py:3823} INFO - Setting next_dagrun for my_dag to None, run_after=None
[2025-11-02T12:08:53.586+0000] {processor.py:183} INFO - Processing /opt/airflow/dags/my_dag.py took 2.072 seconds
[2025-11-02T12:09:24.892+0000] {processor.py:161} INFO - Started process (PID=2385) to work on /opt/airflow/dags/my_dag.py
[2025-11-02T12:09:24.893+0000] {processor.py:830} INFO - Processing file /opt/airflow/dags/my_dag.py for tasks to queue
[2025-11-02T12:09:24.895+0000] {logging_mixin.py:188} INFO - [2025-11-02T12:09:24.895+0000] {dagbag.py:538} INFO - Filling up the DagBag from /opt/airflow/dags/my_dag.py
[2025-11-02T12:09:26.020+0000] {processor.py:840} INFO - DAG(s) 'my_dag' retrieved from /opt/airflow/dags/my_dag.py
[2025-11-02T12:09:26.071+0000] {logging_mixin.py:188} INFO - [2025-11-02T12:09:26.070+0000] {dag.py:3036} INFO - Sync 1 DAGs
[2025-11-02T12:09:26.096+0000] {logging_mixin.py:188} INFO - [2025-11-02T12:09:26.096+0000] {dag.py:3823} INFO - Setting next_dagrun for my_dag to None, run_after=None
[2025-11-02T12:09:26.156+0000] {processor.py:183} INFO - Processing /opt/airflow/dags/my_dag.py took 1.270 seconds
[2025-11-02T12:09:57.100+0000] {processor.py:161} INFO - Started process (PID=2395) to work on /opt/airflow/dags/my_dag.py
[2025-11-02T12:09:57.102+0000] {processor.py:830} INFO - Processing file /opt/airflow/dags/my_dag.py for tasks to queue
[2025-11-02T12:09:57.105+0000] {logging_mixin.py:188} INFO - [2025-11-02T12:09:57.104+0000] {dagbag.py:538} INFO - Filling up the DagBag from /opt/airflow/dags/my_dag.py
[2025-11-02T12:09:57.987+0000] {processor.py:840} INFO - DAG(s) 'my_dag' retrieved from /opt/airflow/dags/my_dag.py
[2025-11-02T12:09:58.025+0000] {logging_mixin.py:188} INFO - [2025-11-02T12:09:58.025+0000] {dag.py:3036} INFO - Sync 1 DAGs
[2025-11-02T12:09:58.040+0000] {logging_mixin.py:188} INFO - [2025-11-02T12:09:58.040+0000] {dag.py:3823} INFO - Setting next_dagrun for my_dag to None, run_after=None
[2025-11-02T12:09:58.196+0000] {processor.py:183} INFO - Processing /opt/airflow/dags/my_dag.py took 1.103 seconds
[2025-11-02T12:10:30.386+0000] {processor.py:161} INFO - Started process (PID=2408) to work on /opt/airflow/dags/my_dag.py
[2025-11-02T12:10:30.397+0000] {processor.py:830} INFO - Processing file /opt/airflow/dags/my_dag.py for tasks to queue
[2025-11-02T12:10:30.400+0000] {logging_mixin.py:188} INFO - [2025-11-02T12:10:30.399+0000] {dagbag.py:538} INFO - Filling up the DagBag from /opt/airflow/dags/my_dag.py
[2025-11-02T12:10:31.344+0000] {processor.py:840} INFO - DAG(s) 'my_dag' retrieved from /opt/airflow/dags/my_dag.py
[2025-11-02T12:10:31.398+0000] {logging_mixin.py:188} INFO - [2025-11-02T12:10:31.396+0000] {dag.py:3036} INFO - Sync 1 DAGs
[2025-11-02T12:10:31.425+0000] {logging_mixin.py:188} INFO - [2025-11-02T12:10:31.425+0000] {dag.py:3823} INFO - Setting next_dagrun for my_dag to None, run_after=None
[2025-11-02T12:10:31.453+0000] {processor.py:183} INFO - Processing /opt/airflow/dags/my_dag.py took 1.078 seconds
[2025-11-02T12:11:04.073+0000] {processor.py:161} INFO - Started process (PID=2420) to work on /opt/airflow/dags/my_dag.py
[2025-11-02T12:11:04.075+0000] {processor.py:830} INFO - Processing file /opt/airflow/dags/my_dag.py for tasks to queue
[2025-11-02T12:11:04.077+0000] {logging_mixin.py:188} INFO - [2025-11-02T12:11:04.076+0000] {dagbag.py:538} INFO - Filling up the DagBag from /opt/airflow/dags/my_dag.py
[2025-11-02T12:11:05.014+0000] {processor.py:840} INFO - DAG(s) 'my_dag' retrieved from /opt/airflow/dags/my_dag.py
[2025-11-02T12:11:05.053+0000] {logging_mixin.py:188} INFO - [2025-11-02T12:11:05.053+0000] {dag.py:3036} INFO - Sync 1 DAGs
[2025-11-02T12:11:05.077+0000] {logging_mixin.py:188} INFO - [2025-11-02T12:11:05.077+0000] {dag.py:3823} INFO - Setting next_dagrun for my_dag to None, run_after=None
[2025-11-02T12:11:05.117+0000] {processor.py:183} INFO - Processing /opt/airflow/dags/my_dag.py took 1.052 seconds
[2025-11-02T12:11:36.766+0000] {processor.py:161} INFO - Started process (PID=2432) to work on /opt/airflow/dags/my_dag.py
[2025-11-02T12:11:36.768+0000] {processor.py:830} INFO - Processing file /opt/airflow/dags/my_dag.py for tasks to queue
[2025-11-02T12:11:36.770+0000] {logging_mixin.py:188} INFO - [2025-11-02T12:11:36.770+0000] {dagbag.py:538} INFO - Filling up the DagBag from /opt/airflow/dags/my_dag.py
[2025-11-02T12:11:37.556+0000] {processor.py:840} INFO - DAG(s) 'my_dag' retrieved from /opt/airflow/dags/my_dag.py
[2025-11-02T12:11:37.592+0000] {logging_mixin.py:188} INFO - [2025-11-02T12:11:37.592+0000] {dag.py:3036} INFO - Sync 1 DAGs
[2025-11-02T12:11:37.609+0000] {logging_mixin.py:188} INFO - [2025-11-02T12:11:37.609+0000] {dag.py:3823} INFO - Setting next_dagrun for my_dag to None, run_after=None
[2025-11-02T12:11:37.644+0000] {processor.py:183} INFO - Processing /opt/airflow/dags/my_dag.py took 0.891 seconds
[2025-11-02T12:12:08.120+0000] {processor.py:161} INFO - Started process (PID=2445) to work on /opt/airflow/dags/my_dag.py
[2025-11-02T12:12:08.122+0000] {processor.py:830} INFO - Processing file /opt/airflow/dags/my_dag.py for tasks to queue
[2025-11-02T12:12:08.124+0000] {logging_mixin.py:188} INFO - [2025-11-02T12:12:08.123+0000] {dagbag.py:538} INFO - Filling up the DagBag from /opt/airflow/dags/my_dag.py
[2025-11-02T12:12:08.970+0000] {processor.py:840} INFO - DAG(s) 'my_dag' retrieved from /opt/airflow/dags/my_dag.py
[2025-11-02T12:12:09.046+0000] {logging_mixin.py:188} INFO - [2025-11-02T12:12:09.045+0000] {dag.py:3036} INFO - Sync 1 DAGs
[2025-11-02T12:12:09.080+0000] {logging_mixin.py:188} INFO - [2025-11-02T12:12:09.080+0000] {dag.py:3823} INFO - Setting next_dagrun for my_dag to None, run_after=None
[2025-11-02T12:12:09.140+0000] {processor.py:183} INFO - Processing /opt/airflow/dags/my_dag.py took 1.026 seconds
[2025-11-02T12:12:39.533+0000] {processor.py:161} INFO - Started process (PID=2458) to work on /opt/airflow/dags/my_dag.py
[2025-11-02T12:12:39.536+0000] {processor.py:830} INFO - Processing file /opt/airflow/dags/my_dag.py for tasks to queue
[2025-11-02T12:12:39.539+0000] {logging_mixin.py:188} INFO - [2025-11-02T12:12:39.538+0000] {dagbag.py:538} INFO - Filling up the DagBag from /opt/airflow/dags/my_dag.py
[2025-11-02T12:12:40.615+0000] {processor.py:840} INFO - DAG(s) 'my_dag' retrieved from /opt/airflow/dags/my_dag.py
[2025-11-02T12:12:40.686+0000] {logging_mixin.py:188} INFO - [2025-11-02T12:12:40.685+0000] {dag.py:3036} INFO - Sync 1 DAGs
[2025-11-02T12:12:40.712+0000] {logging_mixin.py:188} INFO - [2025-11-02T12:12:40.711+0000] {dag.py:3823} INFO - Setting next_dagrun for my_dag to None, run_after=None
[2025-11-02T12:12:40.770+0000] {processor.py:183} INFO - Processing /opt/airflow/dags/my_dag.py took 1.244 seconds
[2025-11-02T12:13:11.057+0000] {processor.py:161} INFO - Started process (PID=2470) to work on /opt/airflow/dags/my_dag.py
[2025-11-02T12:13:11.060+0000] {processor.py:830} INFO - Processing file /opt/airflow/dags/my_dag.py for tasks to queue
[2025-11-02T12:13:11.063+0000] {logging_mixin.py:188} INFO - [2025-11-02T12:13:11.062+0000] {dagbag.py:538} INFO - Filling up the DagBag from /opt/airflow/dags/my_dag.py
[2025-11-02T12:13:12.163+0000] {processor.py:840} INFO - DAG(s) 'my_dag' retrieved from /opt/airflow/dags/my_dag.py
[2025-11-02T12:13:12.195+0000] {logging_mixin.py:188} INFO - [2025-11-02T12:13:12.194+0000] {dag.py:3036} INFO - Sync 1 DAGs
[2025-11-02T12:13:12.210+0000] {logging_mixin.py:188} INFO - [2025-11-02T12:13:12.209+0000] {dag.py:3823} INFO - Setting next_dagrun for my_dag to None, run_after=None
[2025-11-02T12:13:12.245+0000] {processor.py:183} INFO - Processing /opt/airflow/dags/my_dag.py took 1.196 seconds
[2025-11-02T12:13:42.664+0000] {processor.py:161} INFO - Started process (PID=2482) to work on /opt/airflow/dags/my_dag.py
[2025-11-02T12:13:42.666+0000] {processor.py:830} INFO - Processing file /opt/airflow/dags/my_dag.py for tasks to queue
[2025-11-02T12:13:42.669+0000] {logging_mixin.py:188} INFO - [2025-11-02T12:13:42.668+0000] {dagbag.py:538} INFO - Filling up the DagBag from /opt/airflow/dags/my_dag.py
[2025-11-02T12:13:43.398+0000] {processor.py:840} INFO - DAG(s) 'my_dag' retrieved from /opt/airflow/dags/my_dag.py
[2025-11-02T12:13:43.432+0000] {logging_mixin.py:188} INFO - [2025-11-02T12:13:43.431+0000] {dag.py:3036} INFO - Sync 1 DAGs
[2025-11-02T12:13:43.447+0000] {logging_mixin.py:188} INFO - [2025-11-02T12:13:43.447+0000] {dag.py:3823} INFO - Setting next_dagrun for my_dag to None, run_after=None
[2025-11-02T12:13:43.481+0000] {processor.py:183} INFO - Processing /opt/airflow/dags/my_dag.py took 0.823 seconds
[2025-11-02T12:14:14.416+0000] {processor.py:161} INFO - Started process (PID=2494) to work on /opt/airflow/dags/my_dag.py
[2025-11-02T12:14:14.419+0000] {processor.py:830} INFO - Processing file /opt/airflow/dags/my_dag.py for tasks to queue
[2025-11-02T12:14:14.421+0000] {logging_mixin.py:188} INFO - [2025-11-02T12:14:14.420+0000] {dagbag.py:538} INFO - Filling up the DagBag from /opt/airflow/dags/my_dag.py
[2025-11-02T12:14:15.440+0000] {processor.py:840} INFO - DAG(s) 'my_dag' retrieved from /opt/airflow/dags/my_dag.py
[2025-11-02T12:14:15.487+0000] {logging_mixin.py:188} INFO - [2025-11-02T12:14:15.486+0000] {dag.py:3036} INFO - Sync 1 DAGs
[2025-11-02T12:14:15.518+0000] {logging_mixin.py:188} INFO - [2025-11-02T12:14:15.518+0000] {dag.py:3823} INFO - Setting next_dagrun for my_dag to None, run_after=None
[2025-11-02T12:14:15.566+0000] {processor.py:183} INFO - Processing /opt/airflow/dags/my_dag.py took 1.164 seconds
[2025-11-02T12:14:46.269+0000] {processor.py:161} INFO - Started process (PID=2506) to work on /opt/airflow/dags/my_dag.py
[2025-11-02T12:14:46.272+0000] {processor.py:830} INFO - Processing file /opt/airflow/dags/my_dag.py for tasks to queue
[2025-11-02T12:14:46.274+0000] {logging_mixin.py:188} INFO - [2025-11-02T12:14:46.273+0000] {dagbag.py:538} INFO - Filling up the DagBag from /opt/airflow/dags/my_dag.py
[2025-11-02T12:14:47.831+0000] {processor.py:840} INFO - DAG(s) 'my_dag' retrieved from /opt/airflow/dags/my_dag.py
[2025-11-02T12:14:47.884+0000] {logging_mixin.py:188} INFO - [2025-11-02T12:14:47.883+0000] {dag.py:3036} INFO - Sync 1 DAGs
[2025-11-02T12:14:47.901+0000] {logging_mixin.py:188} INFO - [2025-11-02T12:14:47.901+0000] {dag.py:3823} INFO - Setting next_dagrun for my_dag to None, run_after=None
[2025-11-02T12:14:48.530+0000] {processor.py:183} INFO - Processing /opt/airflow/dags/my_dag.py took 2.270 seconds
[2025-11-02T12:15:19.279+0000] {processor.py:161} INFO - Started process (PID=2518) to work on /opt/airflow/dags/my_dag.py
[2025-11-02T12:15:19.281+0000] {processor.py:830} INFO - Processing file /opt/airflow/dags/my_dag.py for tasks to queue
[2025-11-02T12:15:19.282+0000] {logging_mixin.py:188} INFO - [2025-11-02T12:15:19.282+0000] {dagbag.py:538} INFO - Filling up the DagBag from /opt/airflow/dags/my_dag.py
[2025-11-02T12:15:20.210+0000] {processor.py:840} INFO - DAG(s) 'my_dag' retrieved from /opt/airflow/dags/my_dag.py
[2025-11-02T12:15:20.384+0000] {logging_mixin.py:188} INFO - [2025-11-02T12:15:20.383+0000] {dag.py:3036} INFO - Sync 1 DAGs
[2025-11-02T12:15:20.459+0000] {logging_mixin.py:188} INFO - [2025-11-02T12:15:20.459+0000] {dag.py:3823} INFO - Setting next_dagrun for my_dag to None, run_after=None
[2025-11-02T12:15:20.522+0000] {processor.py:183} INFO - Processing /opt/airflow/dags/my_dag.py took 1.250 seconds
[2025-11-02T12:15:50.722+0000] {processor.py:161} INFO - Started process (PID=2530) to work on /opt/airflow/dags/my_dag.py
[2025-11-02T12:15:50.725+0000] {processor.py:830} INFO - Processing file /opt/airflow/dags/my_dag.py for tasks to queue
[2025-11-02T12:15:50.732+0000] {logging_mixin.py:188} INFO - [2025-11-02T12:15:50.730+0000] {dagbag.py:538} INFO - Filling up the DagBag from /opt/airflow/dags/my_dag.py
[2025-11-02T12:15:52.867+0000] {processor.py:840} INFO - DAG(s) 'my_dag' retrieved from /opt/airflow/dags/my_dag.py
[2025-11-02T12:15:52.919+0000] {logging_mixin.py:188} INFO - [2025-11-02T12:15:52.918+0000] {dag.py:3036} INFO - Sync 1 DAGs
[2025-11-02T12:15:52.944+0000] {logging_mixin.py:188} INFO - [2025-11-02T12:15:52.943+0000] {dag.py:3823} INFO - Setting next_dagrun for my_dag to None, run_after=None
[2025-11-02T12:15:53.002+0000] {processor.py:183} INFO - Processing /opt/airflow/dags/my_dag.py took 2.296 seconds
[2025-11-02T12:16:23.456+0000] {processor.py:161} INFO - Started process (PID=2542) to work on /opt/airflow/dags/my_dag.py
[2025-11-02T12:16:23.458+0000] {processor.py:830} INFO - Processing file /opt/airflow/dags/my_dag.py for tasks to queue
[2025-11-02T12:16:23.462+0000] {logging_mixin.py:188} INFO - [2025-11-02T12:16:23.460+0000] {dagbag.py:538} INFO - Filling up the DagBag from /opt/airflow/dags/my_dag.py
[2025-11-02T12:16:25.856+0000] {processor.py:840} INFO - DAG(s) 'my_dag' retrieved from /opt/airflow/dags/my_dag.py
[2025-11-02T12:16:25.906+0000] {logging_mixin.py:188} INFO - [2025-11-02T12:16:25.905+0000] {dag.py:3036} INFO - Sync 1 DAGs
[2025-11-02T12:16:25.934+0000] {logging_mixin.py:188} INFO - [2025-11-02T12:16:25.933+0000] {dag.py:3823} INFO - Setting next_dagrun for my_dag to None, run_after=None
[2025-11-02T12:16:27.438+0000] {processor.py:183} INFO - Processing /opt/airflow/dags/my_dag.py took 3.991 seconds
[2025-11-02T12:16:57.713+0000] {processor.py:161} INFO - Started process (PID=2554) to work on /opt/airflow/dags/my_dag.py
[2025-11-02T12:16:57.718+0000] {processor.py:830} INFO - Processing file /opt/airflow/dags/my_dag.py for tasks to queue
[2025-11-02T12:16:57.722+0000] {logging_mixin.py:188} INFO - [2025-11-02T12:16:57.720+0000] {dagbag.py:538} INFO - Filling up the DagBag from /opt/airflow/dags/my_dag.py
[2025-11-02T12:16:59.308+0000] {processor.py:840} INFO - DAG(s) 'my_dag' retrieved from /opt/airflow/dags/my_dag.py
[2025-11-02T12:16:59.383+0000] {logging_mixin.py:188} INFO - [2025-11-02T12:16:59.380+0000] {dag.py:3036} INFO - Sync 1 DAGs
[2025-11-02T12:16:59.423+0000] {logging_mixin.py:188} INFO - [2025-11-02T12:16:59.422+0000] {dag.py:3823} INFO - Setting next_dagrun for my_dag to None, run_after=None
[2025-11-02T12:16:59.502+0000] {processor.py:183} INFO - Processing /opt/airflow/dags/my_dag.py took 1.802 seconds
[2025-11-02T12:17:29.891+0000] {processor.py:161} INFO - Started process (PID=2560) to work on /opt/airflow/dags/my_dag.py
[2025-11-02T12:17:29.897+0000] {processor.py:830} INFO - Processing file /opt/airflow/dags/my_dag.py for tasks to queue
[2025-11-02T12:17:29.900+0000] {logging_mixin.py:188} INFO - [2025-11-02T12:17:29.899+0000] {dagbag.py:538} INFO - Filling up the DagBag from /opt/airflow/dags/my_dag.py
[2025-11-02T12:17:31.995+0000] {processor.py:840} INFO - DAG(s) 'my_dag' retrieved from /opt/airflow/dags/my_dag.py
[2025-11-02T12:17:32.074+0000] {logging_mixin.py:188} INFO - [2025-11-02T12:17:32.073+0000] {dag.py:3036} INFO - Sync 1 DAGs
[2025-11-02T12:17:32.109+0000] {logging_mixin.py:188} INFO - [2025-11-02T12:17:32.108+0000] {dag.py:3823} INFO - Setting next_dagrun for my_dag to None, run_after=None
[2025-11-02T12:17:32.157+0000] {processor.py:183} INFO - Processing /opt/airflow/dags/my_dag.py took 2.276 seconds
[2025-11-02T12:18:02.351+0000] {processor.py:161} INFO - Started process (PID=2572) to work on /opt/airflow/dags/my_dag.py
[2025-11-02T12:18:02.353+0000] {processor.py:830} INFO - Processing file /opt/airflow/dags/my_dag.py for tasks to queue
[2025-11-02T12:18:02.364+0000] {logging_mixin.py:188} INFO - [2025-11-02T12:18:02.362+0000] {dagbag.py:538} INFO - Filling up the DagBag from /opt/airflow/dags/my_dag.py
[2025-11-02T12:18:04.502+0000] {processor.py:840} INFO - DAG(s) 'my_dag' retrieved from /opt/airflow/dags/my_dag.py
[2025-11-02T12:18:04.566+0000] {logging_mixin.py:188} INFO - [2025-11-02T12:18:04.565+0000] {dag.py:3036} INFO - Sync 1 DAGs
[2025-11-02T12:18:04.594+0000] {logging_mixin.py:188} INFO - [2025-11-02T12:18:04.593+0000] {dag.py:3823} INFO - Setting next_dagrun for my_dag to None, run_after=None
[2025-11-02T12:18:04.674+0000] {processor.py:183} INFO - Processing /opt/airflow/dags/my_dag.py took 2.342 seconds
[2025-11-02T12:18:35.330+0000] {processor.py:161} INFO - Started process (PID=2584) to work on /opt/airflow/dags/my_dag.py
[2025-11-02T12:18:35.333+0000] {processor.py:830} INFO - Processing file /opt/airflow/dags/my_dag.py for tasks to queue
[2025-11-02T12:18:35.337+0000] {logging_mixin.py:188} INFO - [2025-11-02T12:18:35.336+0000] {dagbag.py:538} INFO - Filling up the DagBag from /opt/airflow/dags/my_dag.py
[2025-11-02T12:18:37.152+0000] {processor.py:840} INFO - DAG(s) 'my_dag' retrieved from /opt/airflow/dags/my_dag.py
[2025-11-02T12:18:37.236+0000] {logging_mixin.py:188} INFO - [2025-11-02T12:18:37.234+0000] {dag.py:3036} INFO - Sync 1 DAGs
[2025-11-02T12:18:37.267+0000] {logging_mixin.py:188} INFO - [2025-11-02T12:18:37.266+0000] {dag.py:3823} INFO - Setting next_dagrun for my_dag to None, run_after=None
[2025-11-02T12:18:37.337+0000] {processor.py:183} INFO - Processing /opt/airflow/dags/my_dag.py took 2.019 seconds
[2025-11-02T12:19:07.963+0000] {processor.py:161} INFO - Started process (PID=2596) to work on /opt/airflow/dags/my_dag.py
[2025-11-02T12:19:07.966+0000] {processor.py:830} INFO - Processing file /opt/airflow/dags/my_dag.py for tasks to queue
[2025-11-02T12:19:07.972+0000] {logging_mixin.py:188} INFO - [2025-11-02T12:19:07.971+0000] {dagbag.py:538} INFO - Filling up the DagBag from /opt/airflow/dags/my_dag.py
[2025-11-02T12:19:09.367+0000] {processor.py:840} INFO - DAG(s) 'my_dag' retrieved from /opt/airflow/dags/my_dag.py
[2025-11-02T12:19:09.427+0000] {logging_mixin.py:188} INFO - [2025-11-02T12:19:09.426+0000] {dag.py:3036} INFO - Sync 1 DAGs
[2025-11-02T12:19:09.456+0000] {logging_mixin.py:188} INFO - [2025-11-02T12:19:09.456+0000] {dag.py:3823} INFO - Setting next_dagrun for my_dag to None, run_after=None
[2025-11-02T12:19:09.511+0000] {processor.py:183} INFO - Processing /opt/airflow/dags/my_dag.py took 1.560 seconds
[2025-11-02T12:19:39.996+0000] {processor.py:161} INFO - Started process (PID=2608) to work on /opt/airflow/dags/my_dag.py
[2025-11-02T12:19:39.998+0000] {processor.py:830} INFO - Processing file /opt/airflow/dags/my_dag.py for tasks to queue
[2025-11-02T12:19:40.002+0000] {logging_mixin.py:188} INFO - [2025-11-02T12:19:40.001+0000] {dagbag.py:538} INFO - Filling up the DagBag from /opt/airflow/dags/my_dag.py
[2025-11-02T12:19:41.478+0000] {processor.py:840} INFO - DAG(s) 'my_dag' retrieved from /opt/airflow/dags/my_dag.py
[2025-11-02T12:19:41.580+0000] {logging_mixin.py:188} INFO - [2025-11-02T12:19:41.579+0000] {dag.py:3036} INFO - Sync 1 DAGs
[2025-11-02T12:19:41.652+0000] {logging_mixin.py:188} INFO - [2025-11-02T12:19:41.651+0000] {dag.py:3823} INFO - Setting next_dagrun for my_dag to None, run_after=None
[2025-11-02T12:19:41.704+0000] {processor.py:183} INFO - Processing /opt/airflow/dags/my_dag.py took 1.721 seconds
[2025-11-02T12:20:11.907+0000] {processor.py:161} INFO - Started process (PID=2621) to work on /opt/airflow/dags/my_dag.py
[2025-11-02T12:20:11.915+0000] {processor.py:830} INFO - Processing file /opt/airflow/dags/my_dag.py for tasks to queue
[2025-11-02T12:20:11.924+0000] {logging_mixin.py:188} INFO - [2025-11-02T12:20:11.922+0000] {dagbag.py:538} INFO - Filling up the DagBag from /opt/airflow/dags/my_dag.py
[2025-11-02T12:20:13.582+0000] {processor.py:840} INFO - DAG(s) 'my_dag' retrieved from /opt/airflow/dags/my_dag.py
[2025-11-02T12:20:13.710+0000] {logging_mixin.py:188} INFO - [2025-11-02T12:20:13.701+0000] {dag.py:3036} INFO - Sync 1 DAGs
[2025-11-02T12:20:13.767+0000] {logging_mixin.py:188} INFO - [2025-11-02T12:20:13.766+0000] {dag.py:3823} INFO - Setting next_dagrun for my_dag to None, run_after=None
[2025-11-02T12:20:13.848+0000] {processor.py:183} INFO - Processing /opt/airflow/dags/my_dag.py took 1.967 seconds
[2025-11-02T12:20:44.552+0000] {processor.py:161} INFO - Started process (PID=2633) to work on /opt/airflow/dags/my_dag.py
[2025-11-02T12:20:44.555+0000] {processor.py:830} INFO - Processing file /opt/airflow/dags/my_dag.py for tasks to queue
[2025-11-02T12:20:44.559+0000] {logging_mixin.py:188} INFO - [2025-11-02T12:20:44.557+0000] {dagbag.py:538} INFO - Filling up the DagBag from /opt/airflow/dags/my_dag.py
[2025-11-02T12:20:46.027+0000] {processor.py:840} INFO - DAG(s) 'my_dag' retrieved from /opt/airflow/dags/my_dag.py
[2025-11-02T12:20:46.106+0000] {logging_mixin.py:188} INFO - [2025-11-02T12:20:46.105+0000] {dag.py:3036} INFO - Sync 1 DAGs
[2025-11-02T12:20:46.186+0000] {logging_mixin.py:188} INFO - [2025-11-02T12:20:46.186+0000] {dag.py:3823} INFO - Setting next_dagrun for my_dag to None, run_after=None
[2025-11-02T12:20:46.251+0000] {processor.py:183} INFO - Processing /opt/airflow/dags/my_dag.py took 1.724 seconds
[2025-11-02T12:21:16.521+0000] {processor.py:161} INFO - Started process (PID=2645) to work on /opt/airflow/dags/my_dag.py
[2025-11-02T12:21:16.546+0000] {processor.py:830} INFO - Processing file /opt/airflow/dags/my_dag.py for tasks to queue
[2025-11-02T12:21:16.552+0000] {logging_mixin.py:188} INFO - [2025-11-02T12:21:16.550+0000] {dagbag.py:538} INFO - Filling up the DagBag from /opt/airflow/dags/my_dag.py
[2025-11-02T12:21:18.002+0000] {processor.py:840} INFO - DAG(s) 'my_dag' retrieved from /opt/airflow/dags/my_dag.py
[2025-11-02T12:21:18.073+0000] {logging_mixin.py:188} INFO - [2025-11-02T12:21:18.071+0000] {dag.py:3036} INFO - Sync 1 DAGs
[2025-11-02T12:21:18.112+0000] {logging_mixin.py:188} INFO - [2025-11-02T12:21:18.111+0000] {dag.py:3823} INFO - Setting next_dagrun for my_dag to None, run_after=None
[2025-11-02T12:21:18.198+0000] {processor.py:183} INFO - Processing /opt/airflow/dags/my_dag.py took 1.695 seconds
[2025-11-02T12:21:49.045+0000] {processor.py:161} INFO - Started process (PID=2657) to work on /opt/airflow/dags/my_dag.py
[2025-11-02T12:21:49.048+0000] {processor.py:830} INFO - Processing file /opt/airflow/dags/my_dag.py for tasks to queue
[2025-11-02T12:21:49.052+0000] {logging_mixin.py:188} INFO - [2025-11-02T12:21:49.051+0000] {dagbag.py:538} INFO - Filling up the DagBag from /opt/airflow/dags/my_dag.py
[2025-11-02T12:21:50.478+0000] {processor.py:840} INFO - DAG(s) 'my_dag' retrieved from /opt/airflow/dags/my_dag.py
[2025-11-02T12:21:50.546+0000] {logging_mixin.py:188} INFO - [2025-11-02T12:21:50.545+0000] {dag.py:3036} INFO - Sync 1 DAGs
[2025-11-02T12:21:50.573+0000] {logging_mixin.py:188} INFO - [2025-11-02T12:21:50.573+0000] {dag.py:3823} INFO - Setting next_dagrun for my_dag to None, run_after=None
[2025-11-02T12:21:50.642+0000] {processor.py:183} INFO - Processing /opt/airflow/dags/my_dag.py took 1.614 seconds
[2025-11-02T12:22:20.868+0000] {processor.py:161} INFO - Started process (PID=2669) to work on /opt/airflow/dags/my_dag.py
[2025-11-02T12:22:20.870+0000] {processor.py:830} INFO - Processing file /opt/airflow/dags/my_dag.py for tasks to queue
[2025-11-02T12:22:20.873+0000] {logging_mixin.py:188} INFO - [2025-11-02T12:22:20.872+0000] {dagbag.py:538} INFO - Filling up the DagBag from /opt/airflow/dags/my_dag.py
[2025-11-02T12:22:22.457+0000] {processor.py:840} INFO - DAG(s) 'my_dag' retrieved from /opt/airflow/dags/my_dag.py
[2025-11-02T12:22:22.515+0000] {logging_mixin.py:188} INFO - [2025-11-02T12:22:22.514+0000] {dag.py:3036} INFO - Sync 1 DAGs
[2025-11-02T12:22:22.545+0000] {logging_mixin.py:188} INFO - [2025-11-02T12:22:22.545+0000] {dag.py:3823} INFO - Setting next_dagrun for my_dag to None, run_after=None
[2025-11-02T12:22:22.593+0000] {processor.py:183} INFO - Processing /opt/airflow/dags/my_dag.py took 1.736 seconds
[2025-11-02T12:22:52.937+0000] {processor.py:161} INFO - Started process (PID=2681) to work on /opt/airflow/dags/my_dag.py
[2025-11-02T12:22:52.947+0000] {processor.py:830} INFO - Processing file /opt/airflow/dags/my_dag.py for tasks to queue
[2025-11-02T12:22:52.958+0000] {logging_mixin.py:188} INFO - [2025-11-02T12:22:52.957+0000] {dagbag.py:538} INFO - Filling up the DagBag from /opt/airflow/dags/my_dag.py
[2025-11-02T12:22:55.597+0000] {processor.py:840} INFO - DAG(s) 'my_dag' retrieved from /opt/airflow/dags/my_dag.py
[2025-11-02T12:22:55.686+0000] {logging_mixin.py:188} INFO - [2025-11-02T12:22:55.684+0000] {dag.py:3036} INFO - Sync 1 DAGs
[2025-11-02T12:22:55.733+0000] {logging_mixin.py:188} INFO - [2025-11-02T12:22:55.732+0000] {dag.py:3823} INFO - Setting next_dagrun for my_dag to None, run_after=None
[2025-11-02T12:22:55.819+0000] {processor.py:183} INFO - Processing /opt/airflow/dags/my_dag.py took 2.911 seconds
[2025-11-02T12:23:26.540+0000] {processor.py:161} INFO - Started process (PID=2693) to work on /opt/airflow/dags/my_dag.py
[2025-11-02T12:23:26.550+0000] {processor.py:830} INFO - Processing file /opt/airflow/dags/my_dag.py for tasks to queue
[2025-11-02T12:23:26.555+0000] {logging_mixin.py:188} INFO - [2025-11-02T12:23:26.553+0000] {dagbag.py:538} INFO - Filling up the DagBag from /opt/airflow/dags/my_dag.py
[2025-11-02T12:23:29.012+0000] {processor.py:840} INFO - DAG(s) 'my_dag' retrieved from /opt/airflow/dags/my_dag.py
[2025-11-02T12:23:29.079+0000] {logging_mixin.py:188} INFO - [2025-11-02T12:23:29.077+0000] {dag.py:3036} INFO - Sync 1 DAGs
[2025-11-02T12:23:29.115+0000] {logging_mixin.py:188} INFO - [2025-11-02T12:23:29.114+0000] {dag.py:3823} INFO - Setting next_dagrun for my_dag to None, run_after=None
[2025-11-02T12:23:29.171+0000] {processor.py:183} INFO - Processing /opt/airflow/dags/my_dag.py took 2.664 seconds
[2025-11-02T12:23:59.379+0000] {processor.py:161} INFO - Started process (PID=2704) to work on /opt/airflow/dags/my_dag.py
[2025-11-02T12:23:59.386+0000] {processor.py:830} INFO - Processing file /opt/airflow/dags/my_dag.py for tasks to queue
[2025-11-02T12:23:59.389+0000] {logging_mixin.py:188} INFO - [2025-11-02T12:23:59.388+0000] {dagbag.py:538} INFO - Filling up the DagBag from /opt/airflow/dags/my_dag.py
[2025-11-02T12:24:00.825+0000] {processor.py:840} INFO - DAG(s) 'my_dag' retrieved from /opt/airflow/dags/my_dag.py
[2025-11-02T12:24:00.887+0000] {logging_mixin.py:188} INFO - [2025-11-02T12:24:00.886+0000] {dag.py:3036} INFO - Sync 1 DAGs
[2025-11-02T12:24:00.942+0000] {logging_mixin.py:188} INFO - [2025-11-02T12:24:00.942+0000] {dag.py:3823} INFO - Setting next_dagrun for my_dag to None, run_after=None
[2025-11-02T12:24:01.025+0000] {processor.py:183} INFO - Processing /opt/airflow/dags/my_dag.py took 1.659 seconds
[2025-11-02T12:24:31.663+0000] {processor.py:161} INFO - Started process (PID=2716) to work on /opt/airflow/dags/my_dag.py
[2025-11-02T12:24:31.673+0000] {processor.py:830} INFO - Processing file /opt/airflow/dags/my_dag.py for tasks to queue
[2025-11-02T12:24:31.679+0000] {logging_mixin.py:188} INFO - [2025-11-02T12:24:31.678+0000] {dagbag.py:538} INFO - Filling up the DagBag from /opt/airflow/dags/my_dag.py
[2025-11-02T12:24:33.320+0000] {processor.py:840} INFO - DAG(s) 'my_dag' retrieved from /opt/airflow/dags/my_dag.py
[2025-11-02T12:24:33.384+0000] {logging_mixin.py:188} INFO - [2025-11-02T12:24:33.383+0000] {dag.py:3036} INFO - Sync 1 DAGs
[2025-11-02T12:24:33.417+0000] {logging_mixin.py:188} INFO - [2025-11-02T12:24:33.417+0000] {dag.py:3823} INFO - Setting next_dagrun for my_dag to None, run_after=None
[2025-11-02T12:24:33.492+0000] {processor.py:183} INFO - Processing /opt/airflow/dags/my_dag.py took 1.850 seconds
[2025-11-02T12:25:03.702+0000] {processor.py:161} INFO - Started process (PID=2728) to work on /opt/airflow/dags/my_dag.py
[2025-11-02T12:25:03.706+0000] {processor.py:830} INFO - Processing file /opt/airflow/dags/my_dag.py for tasks to queue
[2025-11-02T12:25:03.710+0000] {logging_mixin.py:188} INFO - [2025-11-02T12:25:03.708+0000] {dagbag.py:538} INFO - Filling up the DagBag from /opt/airflow/dags/my_dag.py
[2025-11-02T12:25:05.871+0000] {processor.py:840} INFO - DAG(s) 'my_dag' retrieved from /opt/airflow/dags/my_dag.py
[2025-11-02T12:25:05.979+0000] {logging_mixin.py:188} INFO - [2025-11-02T12:25:05.978+0000] {dag.py:3036} INFO - Sync 1 DAGs
[2025-11-02T12:25:06.020+0000] {logging_mixin.py:188} INFO - [2025-11-02T12:25:06.020+0000] {dag.py:3823} INFO - Setting next_dagrun for my_dag to None, run_after=None
[2025-11-02T12:25:06.089+0000] {processor.py:183} INFO - Processing /opt/airflow/dags/my_dag.py took 2.399 seconds
[2025-11-02T12:25:36.714+0000] {processor.py:161} INFO - Started process (PID=2740) to work on /opt/airflow/dags/my_dag.py
[2025-11-02T12:25:36.717+0000] {processor.py:830} INFO - Processing file /opt/airflow/dags/my_dag.py for tasks to queue
[2025-11-02T12:25:36.720+0000] {logging_mixin.py:188} INFO - [2025-11-02T12:25:36.719+0000] {dagbag.py:538} INFO - Filling up the DagBag from /opt/airflow/dags/my_dag.py
[2025-11-02T12:25:38.231+0000] {processor.py:840} INFO - DAG(s) 'my_dag' retrieved from /opt/airflow/dags/my_dag.py
[2025-11-02T12:25:38.307+0000] {logging_mixin.py:188} INFO - [2025-11-02T12:25:38.306+0000] {dag.py:3036} INFO - Sync 1 DAGs
[2025-11-02T12:25:38.340+0000] {logging_mixin.py:188} INFO - [2025-11-02T12:25:38.340+0000] {dag.py:3823} INFO - Setting next_dagrun for my_dag to None, run_after=None
[2025-11-02T12:25:38.390+0000] {processor.py:183} INFO - Processing /opt/airflow/dags/my_dag.py took 1.685 seconds
[2025-11-02T12:26:08.683+0000] {processor.py:161} INFO - Started process (PID=2752) to work on /opt/airflow/dags/my_dag.py
[2025-11-02T12:26:08.690+0000] {processor.py:830} INFO - Processing file /opt/airflow/dags/my_dag.py for tasks to queue
[2025-11-02T12:26:08.694+0000] {logging_mixin.py:188} INFO - [2025-11-02T12:26:08.693+0000] {dagbag.py:538} INFO - Filling up the DagBag from /opt/airflow/dags/my_dag.py
[2025-11-02T12:26:10.304+0000] {processor.py:840} INFO - DAG(s) 'my_dag' retrieved from /opt/airflow/dags/my_dag.py
[2025-11-02T12:26:10.379+0000] {logging_mixin.py:188} INFO - [2025-11-02T12:26:10.377+0000] {dag.py:3036} INFO - Sync 1 DAGs
[2025-11-02T12:26:10.412+0000] {logging_mixin.py:188} INFO - [2025-11-02T12:26:10.411+0000] {dag.py:3823} INFO - Setting next_dagrun for my_dag to None, run_after=None
[2025-11-02T12:26:10.478+0000] {processor.py:183} INFO - Processing /opt/airflow/dags/my_dag.py took 1.808 seconds
[2025-11-02T12:26:41.087+0000] {processor.py:161} INFO - Started process (PID=2764) to work on /opt/airflow/dags/my_dag.py
[2025-11-02T12:26:41.090+0000] {processor.py:830} INFO - Processing file /opt/airflow/dags/my_dag.py for tasks to queue
[2025-11-02T12:26:41.093+0000] {logging_mixin.py:188} INFO - [2025-11-02T12:26:41.092+0000] {dagbag.py:538} INFO - Filling up the DagBag from /opt/airflow/dags/my_dag.py
[2025-11-02T12:26:42.523+0000] {processor.py:840} INFO - DAG(s) 'my_dag' retrieved from /opt/airflow/dags/my_dag.py
[2025-11-02T12:26:42.625+0000] {logging_mixin.py:188} INFO - [2025-11-02T12:26:42.623+0000] {dag.py:3036} INFO - Sync 1 DAGs
[2025-11-02T12:26:42.706+0000] {logging_mixin.py:188} INFO - [2025-11-02T12:26:42.706+0000] {dag.py:3823} INFO - Setting next_dagrun for my_dag to None, run_after=None
[2025-11-02T12:26:42.853+0000] {processor.py:183} INFO - Processing /opt/airflow/dags/my_dag.py took 1.780 seconds
[2025-11-02T12:27:13.626+0000] {processor.py:161} INFO - Started process (PID=2776) to work on /opt/airflow/dags/my_dag.py
[2025-11-02T12:27:13.648+0000] {processor.py:830} INFO - Processing file /opt/airflow/dags/my_dag.py for tasks to queue
[2025-11-02T12:27:13.656+0000] {logging_mixin.py:188} INFO - [2025-11-02T12:27:13.655+0000] {dagbag.py:538} INFO - Filling up the DagBag from /opt/airflow/dags/my_dag.py
[2025-11-02T12:27:16.756+0000] {processor.py:840} INFO - DAG(s) 'my_dag' retrieved from /opt/airflow/dags/my_dag.py
[2025-11-02T12:27:17.585+0000] {logging_mixin.py:188} INFO - [2025-11-02T12:27:17.582+0000] {dag.py:3036} INFO - Sync 1 DAGs
[2025-11-02T12:27:17.657+0000] {logging_mixin.py:188} INFO - [2025-11-02T12:27:17.656+0000] {dag.py:3823} INFO - Setting next_dagrun for my_dag to None, run_after=None
[2025-11-02T12:27:17.739+0000] {processor.py:183} INFO - Processing /opt/airflow/dags/my_dag.py took 4.160 seconds
[2025-11-02T12:27:48.513+0000] {processor.py:161} INFO - Started process (PID=2788) to work on /opt/airflow/dags/my_dag.py
[2025-11-02T12:27:48.537+0000] {processor.py:830} INFO - Processing file /opt/airflow/dags/my_dag.py for tasks to queue
[2025-11-02T12:27:48.551+0000] {logging_mixin.py:188} INFO - [2025-11-02T12:27:48.550+0000] {dagbag.py:538} INFO - Filling up the DagBag from /opt/airflow/dags/my_dag.py
[2025-11-02T12:27:53.912+0000] {processor.py:840} INFO - DAG(s) 'my_dag' retrieved from /opt/airflow/dags/my_dag.py
[2025-11-02T12:27:54.119+0000] {logging_mixin.py:188} INFO - [2025-11-02T12:27:54.118+0000] {dag.py:3036} INFO - Sync 1 DAGs
[2025-11-02T12:27:54.176+0000] {logging_mixin.py:188} INFO - [2025-11-02T12:27:54.175+0000] {dag.py:3823} INFO - Setting next_dagrun for my_dag to None, run_after=None
[2025-11-02T12:27:54.348+0000] {processor.py:183} INFO - Processing /opt/airflow/dags/my_dag.py took 5.867 seconds
[2025-11-02T12:28:25.357+0000] {processor.py:161} INFO - Started process (PID=2800) to work on /opt/airflow/dags/my_dag.py
[2025-11-02T12:28:25.376+0000] {processor.py:830} INFO - Processing file /opt/airflow/dags/my_dag.py for tasks to queue
[2025-11-02T12:28:25.398+0000] {logging_mixin.py:188} INFO - [2025-11-02T12:28:25.392+0000] {dagbag.py:538} INFO - Filling up the DagBag from /opt/airflow/dags/my_dag.py
[2025-11-02T12:28:27.949+0000] {processor.py:840} INFO - DAG(s) 'my_dag' retrieved from /opt/airflow/dags/my_dag.py
[2025-11-02T12:28:28.128+0000] {logging_mixin.py:188} INFO - [2025-11-02T12:28:28.127+0000] {dag.py:3036} INFO - Sync 1 DAGs
[2025-11-02T12:28:28.165+0000] {logging_mixin.py:188} INFO - [2025-11-02T12:28:28.164+0000] {dag.py:3823} INFO - Setting next_dagrun for my_dag to None, run_after=None
[2025-11-02T12:28:28.239+0000] {processor.py:183} INFO - Processing /opt/airflow/dags/my_dag.py took 2.911 seconds
[2025-11-02T12:28:58.701+0000] {processor.py:161} INFO - Started process (PID=2812) to work on /opt/airflow/dags/my_dag.py
[2025-11-02T12:28:58.709+0000] {processor.py:830} INFO - Processing file /opt/airflow/dags/my_dag.py for tasks to queue
[2025-11-02T12:28:58.714+0000] {logging_mixin.py:188} INFO - [2025-11-02T12:28:58.712+0000] {dagbag.py:538} INFO - Filling up the DagBag from /opt/airflow/dags/my_dag.py
[2025-11-02T12:29:00.625+0000] {processor.py:840} INFO - DAG(s) 'my_dag' retrieved from /opt/airflow/dags/my_dag.py
[2025-11-02T12:29:00.704+0000] {logging_mixin.py:188} INFO - [2025-11-02T12:29:00.703+0000] {dag.py:3036} INFO - Sync 1 DAGs
[2025-11-02T12:29:00.960+0000] {logging_mixin.py:188} INFO - [2025-11-02T12:29:00.959+0000] {dag.py:3823} INFO - Setting next_dagrun for my_dag to None, run_after=None
[2025-11-02T12:29:01.096+0000] {processor.py:183} INFO - Processing /opt/airflow/dags/my_dag.py took 2.407 seconds
[2025-11-02T12:29:31.902+0000] {processor.py:161} INFO - Started process (PID=2824) to work on /opt/airflow/dags/my_dag.py
[2025-11-02T12:29:31.906+0000] {processor.py:830} INFO - Processing file /opt/airflow/dags/my_dag.py for tasks to queue
[2025-11-02T12:29:31.913+0000] {logging_mixin.py:188} INFO - [2025-11-02T12:29:31.912+0000] {dagbag.py:538} INFO - Filling up the DagBag from /opt/airflow/dags/my_dag.py
[2025-11-02T12:29:33.399+0000] {processor.py:840} INFO - DAG(s) 'my_dag' retrieved from /opt/airflow/dags/my_dag.py
[2025-11-02T12:29:33.476+0000] {logging_mixin.py:188} INFO - [2025-11-02T12:29:33.475+0000] {dag.py:3036} INFO - Sync 1 DAGs
[2025-11-02T12:29:33.511+0000] {logging_mixin.py:188} INFO - [2025-11-02T12:29:33.511+0000] {dag.py:3823} INFO - Setting next_dagrun for my_dag to None, run_after=None
[2025-11-02T12:29:33.889+0000] {processor.py:183} INFO - Processing /opt/airflow/dags/my_dag.py took 2.003 seconds
[2025-11-02T12:30:04.989+0000] {processor.py:161} INFO - Started process (PID=2836) to work on /opt/airflow/dags/my_dag.py
[2025-11-02T12:30:04.993+0000] {processor.py:830} INFO - Processing file /opt/airflow/dags/my_dag.py for tasks to queue
[2025-11-02T12:30:04.996+0000] {logging_mixin.py:188} INFO - [2025-11-02T12:30:04.995+0000] {dagbag.py:538} INFO - Filling up the DagBag from /opt/airflow/dags/my_dag.py
[2025-11-02T12:30:06.656+0000] {processor.py:840} INFO - DAG(s) 'my_dag' retrieved from /opt/airflow/dags/my_dag.py
[2025-11-02T12:30:06.726+0000] {logging_mixin.py:188} INFO - [2025-11-02T12:30:06.720+0000] {dag.py:3036} INFO - Sync 1 DAGs
[2025-11-02T12:30:06.764+0000] {logging_mixin.py:188} INFO - [2025-11-02T12:30:06.764+0000] {dag.py:3823} INFO - Setting next_dagrun for my_dag to None, run_after=None
[2025-11-02T12:30:06.818+0000] {processor.py:183} INFO - Processing /opt/airflow/dags/my_dag.py took 1.842 seconds
[2025-11-02T12:30:37.348+0000] {processor.py:161} INFO - Started process (PID=2848) to work on /opt/airflow/dags/my_dag.py
[2025-11-02T12:30:37.351+0000] {processor.py:830} INFO - Processing file /opt/airflow/dags/my_dag.py for tasks to queue
[2025-11-02T12:30:37.355+0000] {logging_mixin.py:188} INFO - [2025-11-02T12:30:37.353+0000] {dagbag.py:538} INFO - Filling up the DagBag from /opt/airflow/dags/my_dag.py
[2025-11-02T12:30:38.917+0000] {processor.py:840} INFO - DAG(s) 'my_dag' retrieved from /opt/airflow/dags/my_dag.py
[2025-11-02T12:30:38.980+0000] {logging_mixin.py:188} INFO - [2025-11-02T12:30:38.979+0000] {dag.py:3036} INFO - Sync 1 DAGs
[2025-11-02T12:30:39.018+0000] {logging_mixin.py:188} INFO - [2025-11-02T12:30:39.017+0000] {dag.py:3823} INFO - Setting next_dagrun for my_dag to None, run_after=None
[2025-11-02T12:30:39.148+0000] {processor.py:183} INFO - Processing /opt/airflow/dags/my_dag.py took 1.812 seconds
[2025-11-02T12:31:09.405+0000] {processor.py:161} INFO - Started process (PID=2860) to work on /opt/airflow/dags/my_dag.py
[2025-11-02T12:31:09.407+0000] {processor.py:830} INFO - Processing file /opt/airflow/dags/my_dag.py for tasks to queue
[2025-11-02T12:31:09.410+0000] {logging_mixin.py:188} INFO - [2025-11-02T12:31:09.409+0000] {dagbag.py:538} INFO - Filling up the DagBag from /opt/airflow/dags/my_dag.py
[2025-11-02T12:31:10.795+0000] {processor.py:840} INFO - DAG(s) 'my_dag' retrieved from /opt/airflow/dags/my_dag.py
[2025-11-02T12:31:10.870+0000] {logging_mixin.py:188} INFO - [2025-11-02T12:31:10.869+0000] {dag.py:3036} INFO - Sync 1 DAGs
[2025-11-02T12:31:10.906+0000] {logging_mixin.py:188} INFO - [2025-11-02T12:31:10.905+0000] {dag.py:3823} INFO - Setting next_dagrun for my_dag to None, run_after=None
[2025-11-02T12:31:10.955+0000] {processor.py:183} INFO - Processing /opt/airflow/dags/my_dag.py took 1.562 seconds
[2025-11-02T12:31:41.400+0000] {processor.py:161} INFO - Started process (PID=2872) to work on /opt/airflow/dags/my_dag.py
[2025-11-02T12:31:41.403+0000] {processor.py:830} INFO - Processing file /opt/airflow/dags/my_dag.py for tasks to queue
[2025-11-02T12:31:41.406+0000] {logging_mixin.py:188} INFO - [2025-11-02T12:31:41.405+0000] {dagbag.py:538} INFO - Filling up the DagBag from /opt/airflow/dags/my_dag.py
[2025-11-02T12:31:42.969+0000] {processor.py:840} INFO - DAG(s) 'my_dag' retrieved from /opt/airflow/dags/my_dag.py
[2025-11-02T12:31:43.035+0000] {logging_mixin.py:188} INFO - [2025-11-02T12:31:43.033+0000] {dag.py:3036} INFO - Sync 1 DAGs
[2025-11-02T12:31:43.071+0000] {logging_mixin.py:188} INFO - [2025-11-02T12:31:43.069+0000] {dag.py:3823} INFO - Setting next_dagrun for my_dag to None, run_after=None
[2025-11-02T12:31:43.136+0000] {processor.py:183} INFO - Processing /opt/airflow/dags/my_dag.py took 1.754 seconds
[2025-11-02T12:32:13.859+0000] {processor.py:161} INFO - Started process (PID=2884) to work on /opt/airflow/dags/my_dag.py
[2025-11-02T12:32:13.861+0000] {processor.py:830} INFO - Processing file /opt/airflow/dags/my_dag.py for tasks to queue
[2025-11-02T12:32:13.864+0000] {logging_mixin.py:188} INFO - [2025-11-02T12:32:13.863+0000] {dagbag.py:538} INFO - Filling up the DagBag from /opt/airflow/dags/my_dag.py
[2025-11-02T12:32:15.278+0000] {processor.py:840} INFO - DAG(s) 'my_dag' retrieved from /opt/airflow/dags/my_dag.py
[2025-11-02T12:32:15.352+0000] {logging_mixin.py:188} INFO - [2025-11-02T12:32:15.350+0000] {dag.py:3036} INFO - Sync 1 DAGs
[2025-11-02T12:32:15.414+0000] {logging_mixin.py:188} INFO - [2025-11-02T12:32:15.413+0000] {dag.py:3823} INFO - Setting next_dagrun for my_dag to None, run_after=None
[2025-11-02T12:32:15.497+0000] {processor.py:183} INFO - Processing /opt/airflow/dags/my_dag.py took 1.650 seconds
[2025-11-02T12:32:46.077+0000] {processor.py:161} INFO - Started process (PID=2896) to work on /opt/airflow/dags/my_dag.py
[2025-11-02T12:32:46.080+0000] {processor.py:830} INFO - Processing file /opt/airflow/dags/my_dag.py for tasks to queue
[2025-11-02T12:32:46.083+0000] {logging_mixin.py:188} INFO - [2025-11-02T12:32:46.082+0000] {dagbag.py:538} INFO - Filling up the DagBag from /opt/airflow/dags/my_dag.py
[2025-11-02T12:32:47.603+0000] {processor.py:840} INFO - DAG(s) 'my_dag' retrieved from /opt/airflow/dags/my_dag.py
[2025-11-02T12:32:47.657+0000] {logging_mixin.py:188} INFO - [2025-11-02T12:32:47.656+0000] {dag.py:3036} INFO - Sync 1 DAGs
[2025-11-02T12:32:47.682+0000] {logging_mixin.py:188} INFO - [2025-11-02T12:32:47.681+0000] {dag.py:3823} INFO - Setting next_dagrun for my_dag to None, run_after=None
[2025-11-02T12:32:47.801+0000] {processor.py:183} INFO - Processing /opt/airflow/dags/my_dag.py took 1.734 seconds
[2025-11-02T12:33:18.625+0000] {processor.py:161} INFO - Started process (PID=2908) to work on /opt/airflow/dags/my_dag.py
[2025-11-02T12:33:18.635+0000] {processor.py:830} INFO - Processing file /opt/airflow/dags/my_dag.py for tasks to queue
[2025-11-02T12:33:18.639+0000] {logging_mixin.py:188} INFO - [2025-11-02T12:33:18.638+0000] {dagbag.py:538} INFO - Filling up the DagBag from /opt/airflow/dags/my_dag.py
[2025-11-02T12:33:20.929+0000] {processor.py:840} INFO - DAG(s) 'my_dag' retrieved from /opt/airflow/dags/my_dag.py
[2025-11-02T12:33:21.187+0000] {logging_mixin.py:188} INFO - [2025-11-02T12:33:21.186+0000] {dag.py:3036} INFO - Sync 1 DAGs
[2025-11-02T12:33:21.216+0000] {logging_mixin.py:188} INFO - [2025-11-02T12:33:21.215+0000] {dag.py:3823} INFO - Setting next_dagrun for my_dag to None, run_after=None
[2025-11-02T12:33:21.266+0000] {processor.py:183} INFO - Processing /opt/airflow/dags/my_dag.py took 2.663 seconds
[2025-11-02T12:33:51.393+0000] {processor.py:161} INFO - Started process (PID=2920) to work on /opt/airflow/dags/my_dag.py
[2025-11-02T12:33:51.394+0000] {processor.py:830} INFO - Processing file /opt/airflow/dags/my_dag.py for tasks to queue
[2025-11-02T12:33:51.396+0000] {logging_mixin.py:188} INFO - [2025-11-02T12:33:51.396+0000] {dagbag.py:538} INFO - Filling up the DagBag from /opt/airflow/dags/my_dag.py
[2025-11-02T12:33:52.466+0000] {processor.py:840} INFO - DAG(s) 'my_dag' retrieved from /opt/airflow/dags/my_dag.py
[2025-11-02T12:33:52.523+0000] {logging_mixin.py:188} INFO - [2025-11-02T12:33:52.523+0000] {dag.py:3036} INFO - Sync 1 DAGs
[2025-11-02T12:33:52.555+0000] {logging_mixin.py:188} INFO - [2025-11-02T12:33:52.554+0000] {dag.py:3823} INFO - Setting next_dagrun for my_dag to None, run_after=None
[2025-11-02T12:33:52.606+0000] {processor.py:183} INFO - Processing /opt/airflow/dags/my_dag.py took 1.221 seconds
[2025-11-02T12:34:23.975+0000] {processor.py:161} INFO - Started process (PID=2932) to work on /opt/airflow/dags/my_dag.py
[2025-11-02T12:34:23.978+0000] {processor.py:830} INFO - Processing file /opt/airflow/dags/my_dag.py for tasks to queue
[2025-11-02T12:34:23.981+0000] {logging_mixin.py:188} INFO - [2025-11-02T12:34:23.980+0000] {dagbag.py:538} INFO - Filling up the DagBag from /opt/airflow/dags/my_dag.py
[2025-11-02T12:34:24.667+0000] {processor.py:840} INFO - DAG(s) 'my_dag' retrieved from /opt/airflow/dags/my_dag.py
[2025-11-02T12:34:24.701+0000] {logging_mixin.py:188} INFO - [2025-11-02T12:34:24.701+0000] {dag.py:3036} INFO - Sync 1 DAGs
[2025-11-02T12:34:24.717+0000] {logging_mixin.py:188} INFO - [2025-11-02T12:34:24.717+0000] {dag.py:3823} INFO - Setting next_dagrun for my_dag to None, run_after=None
[2025-11-02T12:34:24.752+0000] {processor.py:183} INFO - Processing /opt/airflow/dags/my_dag.py took 0.784 seconds
[2025-11-02T12:34:57.509+0000] {processor.py:161} INFO - Started process (PID=2944) to work on /opt/airflow/dags/my_dag.py
[2025-11-02T12:34:57.510+0000] {processor.py:830} INFO - Processing file /opt/airflow/dags/my_dag.py for tasks to queue
[2025-11-02T12:34:57.512+0000] {logging_mixin.py:188} INFO - [2025-11-02T12:34:57.512+0000] {dagbag.py:538} INFO - Filling up the DagBag from /opt/airflow/dags/my_dag.py
[2025-11-02T12:34:58.445+0000] {processor.py:840} INFO - DAG(s) 'my_dag' retrieved from /opt/airflow/dags/my_dag.py
[2025-11-02T12:34:58.485+0000] {logging_mixin.py:188} INFO - [2025-11-02T12:34:58.485+0000] {dag.py:3036} INFO - Sync 1 DAGs
[2025-11-02T12:34:58.503+0000] {logging_mixin.py:188} INFO - [2025-11-02T12:34:58.503+0000] {dag.py:3823} INFO - Setting next_dagrun for my_dag to None, run_after=None
[2025-11-02T12:34:58.535+0000] {processor.py:183} INFO - Processing /opt/airflow/dags/my_dag.py took 1.033 seconds
[2025-11-02T12:35:30.247+0000] {processor.py:161} INFO - Started process (PID=2956) to work on /opt/airflow/dags/my_dag.py
[2025-11-02T12:35:30.249+0000] {processor.py:830} INFO - Processing file /opt/airflow/dags/my_dag.py for tasks to queue
[2025-11-02T12:35:30.251+0000] {logging_mixin.py:188} INFO - [2025-11-02T12:35:30.250+0000] {dagbag.py:538} INFO - Filling up the DagBag from /opt/airflow/dags/my_dag.py
[2025-11-02T12:35:31.007+0000] {processor.py:840} INFO - DAG(s) 'my_dag' retrieved from /opt/airflow/dags/my_dag.py
[2025-11-02T12:35:31.039+0000] {logging_mixin.py:188} INFO - [2025-11-02T12:35:31.038+0000] {dag.py:3036} INFO - Sync 1 DAGs
[2025-11-02T12:35:31.054+0000] {logging_mixin.py:188} INFO - [2025-11-02T12:35:31.054+0000] {dag.py:3823} INFO - Setting next_dagrun for my_dag to None, run_after=None
[2025-11-02T12:35:31.092+0000] {processor.py:183} INFO - Processing /opt/airflow/dags/my_dag.py took 0.851 seconds
[2025-11-02T12:36:03.553+0000] {processor.py:161} INFO - Started process (PID=2968) to work on /opt/airflow/dags/my_dag.py
[2025-11-02T12:36:03.556+0000] {processor.py:830} INFO - Processing file /opt/airflow/dags/my_dag.py for tasks to queue
[2025-11-02T12:36:03.558+0000] {logging_mixin.py:188} INFO - [2025-11-02T12:36:03.558+0000] {dagbag.py:538} INFO - Filling up the DagBag from /opt/airflow/dags/my_dag.py
[2025-11-02T12:36:04.360+0000] {processor.py:840} INFO - DAG(s) 'my_dag' retrieved from /opt/airflow/dags/my_dag.py
[2025-11-02T12:36:04.404+0000] {logging_mixin.py:188} INFO - [2025-11-02T12:36:04.403+0000] {dag.py:3036} INFO - Sync 1 DAGs
[2025-11-02T12:36:04.419+0000] {logging_mixin.py:188} INFO - [2025-11-02T12:36:04.419+0000] {dag.py:3823} INFO - Setting next_dagrun for my_dag to None, run_after=None
[2025-11-02T12:36:04.454+0000] {processor.py:183} INFO - Processing /opt/airflow/dags/my_dag.py took 0.911 seconds
[2025-11-02T12:36:36.966+0000] {processor.py:161} INFO - Started process (PID=2981) to work on /opt/airflow/dags/my_dag.py
[2025-11-02T12:36:36.969+0000] {processor.py:830} INFO - Processing file /opt/airflow/dags/my_dag.py for tasks to queue
[2025-11-02T12:36:36.971+0000] {logging_mixin.py:188} INFO - [2025-11-02T12:36:36.970+0000] {dagbag.py:538} INFO - Filling up the DagBag from /opt/airflow/dags/my_dag.py
[2025-11-02T12:36:37.732+0000] {processor.py:840} INFO - DAG(s) 'my_dag' retrieved from /opt/airflow/dags/my_dag.py
[2025-11-02T12:36:37.772+0000] {logging_mixin.py:188} INFO - [2025-11-02T12:36:37.771+0000] {dag.py:3036} INFO - Sync 1 DAGs
[2025-11-02T12:36:37.786+0000] {logging_mixin.py:188} INFO - [2025-11-02T12:36:37.786+0000] {dag.py:3823} INFO - Setting next_dagrun for my_dag to None, run_after=None
[2025-11-02T12:36:37.821+0000] {processor.py:183} INFO - Processing /opt/airflow/dags/my_dag.py took 0.865 seconds
[2025-11-02T12:37:10.296+0000] {processor.py:161} INFO - Started process (PID=2993) to work on /opt/airflow/dags/my_dag.py
[2025-11-02T12:37:10.298+0000] {processor.py:830} INFO - Processing file /opt/airflow/dags/my_dag.py for tasks to queue
[2025-11-02T12:37:10.300+0000] {logging_mixin.py:188} INFO - [2025-11-02T12:37:10.299+0000] {dagbag.py:538} INFO - Filling up the DagBag from /opt/airflow/dags/my_dag.py
[2025-11-02T12:37:11.084+0000] {processor.py:840} INFO - DAG(s) 'my_dag' retrieved from /opt/airflow/dags/my_dag.py
[2025-11-02T12:37:11.122+0000] {logging_mixin.py:188} INFO - [2025-11-02T12:37:11.121+0000] {dag.py:3036} INFO - Sync 1 DAGs
[2025-11-02T12:37:11.138+0000] {logging_mixin.py:188} INFO - [2025-11-02T12:37:11.137+0000] {dag.py:3823} INFO - Setting next_dagrun for my_dag to None, run_after=None
[2025-11-02T12:37:11.173+0000] {processor.py:183} INFO - Processing /opt/airflow/dags/my_dag.py took 0.884 seconds
[2025-11-02T12:37:43.672+0000] {processor.py:161} INFO - Started process (PID=3006) to work on /opt/airflow/dags/my_dag.py
[2025-11-02T12:37:43.676+0000] {processor.py:830} INFO - Processing file /opt/airflow/dags/my_dag.py for tasks to queue
[2025-11-02T12:37:43.679+0000] {logging_mixin.py:188} INFO - [2025-11-02T12:37:43.678+0000] {dagbag.py:538} INFO - Filling up the DagBag from /opt/airflow/dags/my_dag.py
[2025-11-02T12:37:44.778+0000] {processor.py:840} INFO - DAG(s) 'my_dag' retrieved from /opt/airflow/dags/my_dag.py
[2025-11-02T12:37:44.818+0000] {logging_mixin.py:188} INFO - [2025-11-02T12:37:44.817+0000] {dag.py:3036} INFO - Sync 1 DAGs
[2025-11-02T12:37:44.840+0000] {logging_mixin.py:188} INFO - [2025-11-02T12:37:44.840+0000] {dag.py:3823} INFO - Setting next_dagrun for my_dag to None, run_after=None
[2025-11-02T12:37:44.878+0000] {processor.py:183} INFO - Processing /opt/airflow/dags/my_dag.py took 1.215 seconds
[2025-11-02T12:38:18.480+0000] {processor.py:161} INFO - Started process (PID=3021) to work on /opt/airflow/dags/my_dag.py
[2025-11-02T12:38:18.483+0000] {processor.py:830} INFO - Processing file /opt/airflow/dags/my_dag.py for tasks to queue
[2025-11-02T12:38:18.486+0000] {logging_mixin.py:188} INFO - [2025-11-02T12:38:18.485+0000] {dagbag.py:538} INFO - Filling up the DagBag from /opt/airflow/dags/my_dag.py
[2025-11-02T12:38:19.472+0000] {processor.py:840} INFO - DAG(s) 'my_dag' retrieved from /opt/airflow/dags/my_dag.py
[2025-11-02T12:38:19.526+0000] {logging_mixin.py:188} INFO - [2025-11-02T12:38:19.525+0000] {dag.py:3036} INFO - Sync 1 DAGs
[2025-11-02T12:38:19.563+0000] {logging_mixin.py:188} INFO - [2025-11-02T12:38:19.563+0000] {dag.py:3823} INFO - Setting next_dagrun for my_dag to None, run_after=None
[2025-11-02T12:38:19.643+0000] {processor.py:183} INFO - Processing /opt/airflow/dags/my_dag.py took 1.171 seconds
[2025-11-02T12:38:51.996+0000] {processor.py:161} INFO - Started process (PID=3033) to work on /opt/airflow/dags/my_dag.py
[2025-11-02T12:38:51.999+0000] {processor.py:830} INFO - Processing file /opt/airflow/dags/my_dag.py for tasks to queue
[2025-11-02T12:38:52.001+0000] {logging_mixin.py:188} INFO - [2025-11-02T12:38:52.000+0000] {dagbag.py:538} INFO - Filling up the DagBag from /opt/airflow/dags/my_dag.py
[2025-11-02T12:38:52.722+0000] {processor.py:840} INFO - DAG(s) 'my_dag' retrieved from /opt/airflow/dags/my_dag.py
[2025-11-02T12:38:52.756+0000] {logging_mixin.py:188} INFO - [2025-11-02T12:38:52.755+0000] {dag.py:3036} INFO - Sync 1 DAGs
[2025-11-02T12:38:52.770+0000] {logging_mixin.py:188} INFO - [2025-11-02T12:38:52.770+0000] {dag.py:3823} INFO - Setting next_dagrun for my_dag to None, run_after=None
[2025-11-02T12:38:52.859+0000] {processor.py:183} INFO - Processing /opt/airflow/dags/my_dag.py took 0.871 seconds
[2025-11-02T12:39:24.188+0000] {processor.py:161} INFO - Started process (PID=3045) to work on /opt/airflow/dags/my_dag.py
[2025-11-02T12:39:24.191+0000] {processor.py:830} INFO - Processing file /opt/airflow/dags/my_dag.py for tasks to queue
[2025-11-02T12:39:24.194+0000] {logging_mixin.py:188} INFO - [2025-11-02T12:39:24.193+0000] {dagbag.py:538} INFO - Filling up the DagBag from /opt/airflow/dags/my_dag.py
[2025-11-02T12:39:24.984+0000] {processor.py:840} INFO - DAG(s) 'my_dag' retrieved from /opt/airflow/dags/my_dag.py
[2025-11-02T12:39:25.020+0000] {logging_mixin.py:188} INFO - [2025-11-02T12:39:25.020+0000] {dag.py:3036} INFO - Sync 1 DAGs
[2025-11-02T12:39:25.038+0000] {logging_mixin.py:188} INFO - [2025-11-02T12:39:25.038+0000] {dag.py:3823} INFO - Setting next_dagrun for my_dag to None, run_after=None
[2025-11-02T12:39:25.071+0000] {processor.py:183} INFO - Processing /opt/airflow/dags/my_dag.py took 0.889 seconds
[2025-11-02T12:39:57.526+0000] {processor.py:161} INFO - Started process (PID=3057) to work on /opt/airflow/dags/my_dag.py
[2025-11-02T12:39:57.528+0000] {processor.py:830} INFO - Processing file /opt/airflow/dags/my_dag.py for tasks to queue
[2025-11-02T12:39:57.531+0000] {logging_mixin.py:188} INFO - [2025-11-02T12:39:57.530+0000] {dagbag.py:538} INFO - Filling up the DagBag from /opt/airflow/dags/my_dag.py
[2025-11-02T12:39:58.333+0000] {processor.py:840} INFO - DAG(s) 'my_dag' retrieved from /opt/airflow/dags/my_dag.py
[2025-11-02T12:39:58.368+0000] {logging_mixin.py:188} INFO - [2025-11-02T12:39:58.368+0000] {dag.py:3036} INFO - Sync 1 DAGs
[2025-11-02T12:39:58.388+0000] {logging_mixin.py:188} INFO - [2025-11-02T12:39:58.387+0000] {dag.py:3823} INFO - Setting next_dagrun for my_dag to None, run_after=None
[2025-11-02T12:39:58.431+0000] {processor.py:183} INFO - Processing /opt/airflow/dags/my_dag.py took 0.913 seconds
[2025-11-02T12:40:31.361+0000] {processor.py:161} INFO - Started process (PID=3069) to work on /opt/airflow/dags/my_dag.py
[2025-11-02T12:40:31.365+0000] {processor.py:830} INFO - Processing file /opt/airflow/dags/my_dag.py for tasks to queue
[2025-11-02T12:40:31.368+0000] {logging_mixin.py:188} INFO - [2025-11-02T12:40:31.367+0000] {dagbag.py:538} INFO - Filling up the DagBag from /opt/airflow/dags/my_dag.py
[2025-11-02T12:40:32.100+0000] {processor.py:840} INFO - DAG(s) 'my_dag' retrieved from /opt/airflow/dags/my_dag.py
[2025-11-02T12:40:32.134+0000] {logging_mixin.py:188} INFO - [2025-11-02T12:40:32.133+0000] {dag.py:3036} INFO - Sync 1 DAGs
[2025-11-02T12:40:32.151+0000] {logging_mixin.py:188} INFO - [2025-11-02T12:40:32.151+0000] {dag.py:3823} INFO - Setting next_dagrun for my_dag to None, run_after=None
[2025-11-02T12:40:32.189+0000] {processor.py:183} INFO - Processing /opt/airflow/dags/my_dag.py took 0.835 seconds
[2025-11-02T12:41:04.487+0000] {processor.py:161} INFO - Started process (PID=3081) to work on /opt/airflow/dags/my_dag.py
[2025-11-02T12:41:04.489+0000] {processor.py:830} INFO - Processing file /opt/airflow/dags/my_dag.py for tasks to queue
[2025-11-02T12:41:04.491+0000] {logging_mixin.py:188} INFO - [2025-11-02T12:41:04.490+0000] {dagbag.py:538} INFO - Filling up the DagBag from /opt/airflow/dags/my_dag.py
[2025-11-02T12:41:05.326+0000] {processor.py:840} INFO - DAG(s) 'my_dag' retrieved from /opt/airflow/dags/my_dag.py
[2025-11-02T12:41:05.424+0000] {logging_mixin.py:188} INFO - [2025-11-02T12:41:05.423+0000] {dag.py:3036} INFO - Sync 1 DAGs
[2025-11-02T12:41:05.477+0000] {logging_mixin.py:188} INFO - [2025-11-02T12:41:05.477+0000] {dag.py:3823} INFO - Setting next_dagrun for my_dag to None, run_after=None
[2025-11-02T12:41:05.552+0000] {processor.py:183} INFO - Processing /opt/airflow/dags/my_dag.py took 1.074 seconds
[2025-11-02T12:41:38.005+0000] {processor.py:161} INFO - Started process (PID=3093) to work on /opt/airflow/dags/my_dag.py
[2025-11-02T12:41:38.007+0000] {processor.py:830} INFO - Processing file /opt/airflow/dags/my_dag.py for tasks to queue
[2025-11-02T12:41:38.009+0000] {logging_mixin.py:188} INFO - [2025-11-02T12:41:38.008+0000] {dagbag.py:538} INFO - Filling up the DagBag from /opt/airflow/dags/my_dag.py
[2025-11-02T12:41:38.808+0000] {processor.py:840} INFO - DAG(s) 'my_dag' retrieved from /opt/airflow/dags/my_dag.py
[2025-11-02T12:41:38.844+0000] {logging_mixin.py:188} INFO - [2025-11-02T12:41:38.843+0000] {dag.py:3036} INFO - Sync 1 DAGs
[2025-11-02T12:41:38.858+0000] {logging_mixin.py:188} INFO - [2025-11-02T12:41:38.858+0000] {dag.py:3823} INFO - Setting next_dagrun for my_dag to None, run_after=None
[2025-11-02T12:41:38.900+0000] {processor.py:183} INFO - Processing /opt/airflow/dags/my_dag.py took 0.903 seconds
[2025-11-02T12:42:11.507+0000] {processor.py:161} INFO - Started process (PID=3105) to work on /opt/airflow/dags/my_dag.py
[2025-11-02T12:42:11.510+0000] {processor.py:830} INFO - Processing file /opt/airflow/dags/my_dag.py for tasks to queue
[2025-11-02T12:42:11.512+0000] {logging_mixin.py:188} INFO - [2025-11-02T12:42:11.511+0000] {dagbag.py:538} INFO - Filling up the DagBag from /opt/airflow/dags/my_dag.py
[2025-11-02T12:42:12.272+0000] {processor.py:840} INFO - DAG(s) 'my_dag' retrieved from /opt/airflow/dags/my_dag.py
[2025-11-02T12:42:12.307+0000] {logging_mixin.py:188} INFO - [2025-11-02T12:42:12.307+0000] {dag.py:3036} INFO - Sync 1 DAGs
[2025-11-02T12:42:12.323+0000] {logging_mixin.py:188} INFO - [2025-11-02T12:42:12.323+0000] {dag.py:3823} INFO - Setting next_dagrun for my_dag to None, run_after=None
[2025-11-02T12:42:12.358+0000] {processor.py:183} INFO - Processing /opt/airflow/dags/my_dag.py took 0.861 seconds
[2025-11-02T12:42:44.661+0000] {processor.py:161} INFO - Started process (PID=3117) to work on /opt/airflow/dags/my_dag.py
[2025-11-02T12:42:44.663+0000] {processor.py:830} INFO - Processing file /opt/airflow/dags/my_dag.py for tasks to queue
[2025-11-02T12:42:44.667+0000] {logging_mixin.py:188} INFO - [2025-11-02T12:42:44.666+0000] {dagbag.py:538} INFO - Filling up the DagBag from /opt/airflow/dags/my_dag.py
[2025-11-02T12:42:45.558+0000] {processor.py:840} INFO - DAG(s) 'my_dag' retrieved from /opt/airflow/dags/my_dag.py
[2025-11-02T12:42:45.592+0000] {logging_mixin.py:188} INFO - [2025-11-02T12:42:45.592+0000] {dag.py:3036} INFO - Sync 1 DAGs
[2025-11-02T12:42:45.610+0000] {logging_mixin.py:188} INFO - [2025-11-02T12:42:45.610+0000] {dag.py:3823} INFO - Setting next_dagrun for my_dag to None, run_after=None
[2025-11-02T12:42:45.645+0000] {processor.py:183} INFO - Processing /opt/airflow/dags/my_dag.py took 0.992 seconds
[2025-11-02T12:43:17.401+0000] {processor.py:161} INFO - Started process (PID=3129) to work on /opt/airflow/dags/my_dag.py
[2025-11-02T12:43:17.406+0000] {processor.py:830} INFO - Processing file /opt/airflow/dags/my_dag.py for tasks to queue
[2025-11-02T12:43:17.409+0000] {logging_mixin.py:188} INFO - [2025-11-02T12:43:17.408+0000] {dagbag.py:538} INFO - Filling up the DagBag from /opt/airflow/dags/my_dag.py
[2025-11-02T12:43:18.567+0000] {processor.py:840} INFO - DAG(s) 'my_dag' retrieved from /opt/airflow/dags/my_dag.py
[2025-11-02T12:43:18.621+0000] {logging_mixin.py:188} INFO - [2025-11-02T12:43:18.620+0000] {dag.py:3036} INFO - Sync 1 DAGs
[2025-11-02T12:43:18.653+0000] {logging_mixin.py:188} INFO - [2025-11-02T12:43:18.652+0000] {dag.py:3823} INFO - Setting next_dagrun for my_dag to None, run_after=None
[2025-11-02T12:43:18.687+0000] {processor.py:183} INFO - Processing /opt/airflow/dags/my_dag.py took 1.301 seconds
[2025-11-02T12:43:50.725+0000] {processor.py:161} INFO - Started process (PID=3141) to work on /opt/airflow/dags/my_dag.py
[2025-11-02T12:43:50.731+0000] {processor.py:830} INFO - Processing file /opt/airflow/dags/my_dag.py for tasks to queue
[2025-11-02T12:43:50.733+0000] {logging_mixin.py:188} INFO - [2025-11-02T12:43:50.732+0000] {dagbag.py:538} INFO - Filling up the DagBag from /opt/airflow/dags/my_dag.py
[2025-11-02T12:43:51.593+0000] {processor.py:840} INFO - DAG(s) 'my_dag' retrieved from /opt/airflow/dags/my_dag.py
[2025-11-02T12:43:51.626+0000] {logging_mixin.py:188} INFO - [2025-11-02T12:43:51.625+0000] {dag.py:3036} INFO - Sync 1 DAGs
[2025-11-02T12:43:51.645+0000] {logging_mixin.py:188} INFO - [2025-11-02T12:43:51.645+0000] {dag.py:3823} INFO - Setting next_dagrun for my_dag to None, run_after=None
[2025-11-02T12:43:51.677+0000] {processor.py:183} INFO - Processing /opt/airflow/dags/my_dag.py took 0.960 seconds
[2025-11-02T12:44:24.394+0000] {processor.py:161} INFO - Started process (PID=3153) to work on /opt/airflow/dags/my_dag.py
[2025-11-02T12:44:24.397+0000] {processor.py:830} INFO - Processing file /opt/airflow/dags/my_dag.py for tasks to queue
[2025-11-02T12:44:24.399+0000] {logging_mixin.py:188} INFO - [2025-11-02T12:44:24.398+0000] {dagbag.py:538} INFO - Filling up the DagBag from /opt/airflow/dags/my_dag.py
[2025-11-02T12:44:25.183+0000] {processor.py:840} INFO - DAG(s) 'my_dag' retrieved from /opt/airflow/dags/my_dag.py
[2025-11-02T12:44:25.222+0000] {logging_mixin.py:188} INFO - [2025-11-02T12:44:25.221+0000] {dag.py:3036} INFO - Sync 1 DAGs
[2025-11-02T12:44:25.236+0000] {logging_mixin.py:188} INFO - [2025-11-02T12:44:25.236+0000] {dag.py:3823} INFO - Setting next_dagrun for my_dag to None, run_after=None
[2025-11-02T12:44:25.268+0000] {processor.py:183} INFO - Processing /opt/airflow/dags/my_dag.py took 0.881 seconds
[2025-11-02T12:44:57.944+0000] {processor.py:161} INFO - Started process (PID=3165) to work on /opt/airflow/dags/my_dag.py
[2025-11-02T12:44:57.947+0000] {processor.py:830} INFO - Processing file /opt/airflow/dags/my_dag.py for tasks to queue
[2025-11-02T12:44:57.952+0000] {logging_mixin.py:188} INFO - [2025-11-02T12:44:57.951+0000] {dagbag.py:538} INFO - Filling up the DagBag from /opt/airflow/dags/my_dag.py
[2025-11-02T12:44:58.961+0000] {processor.py:840} INFO - DAG(s) 'my_dag' retrieved from /opt/airflow/dags/my_dag.py
[2025-11-02T12:44:59.004+0000] {logging_mixin.py:188} INFO - [2025-11-02T12:44:59.003+0000] {dag.py:3036} INFO - Sync 1 DAGs
[2025-11-02T12:44:59.023+0000] {logging_mixin.py:188} INFO - [2025-11-02T12:44:59.022+0000] {dag.py:3823} INFO - Setting next_dagrun for my_dag to None, run_after=None
[2025-11-02T12:44:59.083+0000] {processor.py:183} INFO - Processing /opt/airflow/dags/my_dag.py took 1.150 seconds
[2025-11-02T12:45:31.757+0000] {processor.py:161} INFO - Started process (PID=3177) to work on /opt/airflow/dags/my_dag.py
[2025-11-02T12:45:31.761+0000] {processor.py:830} INFO - Processing file /opt/airflow/dags/my_dag.py for tasks to queue
[2025-11-02T12:45:31.768+0000] {logging_mixin.py:188} INFO - [2025-11-02T12:45:31.767+0000] {dagbag.py:538} INFO - Filling up the DagBag from /opt/airflow/dags/my_dag.py
[2025-11-02T12:45:33.637+0000] {processor.py:840} INFO - DAG(s) 'my_dag' retrieved from /opt/airflow/dags/my_dag.py
[2025-11-02T12:45:33.726+0000] {logging_mixin.py:188} INFO - [2025-11-02T12:45:33.725+0000] {dag.py:3036} INFO - Sync 1 DAGs
[2025-11-02T12:45:33.746+0000] {logging_mixin.py:188} INFO - [2025-11-02T12:45:33.746+0000] {dag.py:3823} INFO - Setting next_dagrun for my_dag to None, run_after=None
[2025-11-02T12:45:33.889+0000] {processor.py:183} INFO - Processing /opt/airflow/dags/my_dag.py took 2.147 seconds
[2025-11-02T12:46:05.138+0000] {processor.py:161} INFO - Started process (PID=3189) to work on /opt/airflow/dags/my_dag.py
[2025-11-02T12:46:05.142+0000] {processor.py:830} INFO - Processing file /opt/airflow/dags/my_dag.py for tasks to queue
[2025-11-02T12:46:05.145+0000] {logging_mixin.py:188} INFO - [2025-11-02T12:46:05.145+0000] {dagbag.py:538} INFO - Filling up the DagBag from /opt/airflow/dags/my_dag.py
[2025-11-02T12:46:09.639+0000] {processor.py:840} INFO - DAG(s) 'my_dag' retrieved from /opt/airflow/dags/my_dag.py
[2025-11-02T12:46:09.747+0000] {logging_mixin.py:188} INFO - [2025-11-02T12:46:09.746+0000] {dag.py:3036} INFO - Sync 1 DAGs
[2025-11-02T12:46:10.140+0000] {logging_mixin.py:188} INFO - [2025-11-02T12:46:10.139+0000] {dag.py:3823} INFO - Setting next_dagrun for my_dag to None, run_after=None
[2025-11-02T12:46:10.342+0000] {processor.py:183} INFO - Processing /opt/airflow/dags/my_dag.py took 5.216 seconds
[2025-11-02T12:46:41.193+0000] {processor.py:161} INFO - Started process (PID=3202) to work on /opt/airflow/dags/my_dag.py
[2025-11-02T12:46:41.196+0000] {processor.py:830} INFO - Processing file /opt/airflow/dags/my_dag.py for tasks to queue
[2025-11-02T12:46:41.199+0000] {logging_mixin.py:188} INFO - [2025-11-02T12:46:41.198+0000] {dagbag.py:538} INFO - Filling up the DagBag from /opt/airflow/dags/my_dag.py
[2025-11-02T12:46:42.762+0000] {processor.py:840} INFO - DAG(s) 'my_dag' retrieved from /opt/airflow/dags/my_dag.py
[2025-11-02T12:46:42.815+0000] {logging_mixin.py:188} INFO - [2025-11-02T12:46:42.813+0000] {dag.py:3036} INFO - Sync 1 DAGs
[2025-11-02T12:46:42.849+0000] {logging_mixin.py:188} INFO - [2025-11-02T12:46:42.849+0000] {dag.py:3823} INFO - Setting next_dagrun for my_dag to None, run_after=None
[2025-11-02T12:46:42.898+0000] {processor.py:183} INFO - Processing /opt/airflow/dags/my_dag.py took 1.717 seconds
[2025-11-02T12:47:13.558+0000] {processor.py:161} INFO - Started process (PID=3214) to work on /opt/airflow/dags/my_dag.py
[2025-11-02T12:47:13.560+0000] {processor.py:830} INFO - Processing file /opt/airflow/dags/my_dag.py for tasks to queue
[2025-11-02T12:47:13.563+0000] {logging_mixin.py:188} INFO - [2025-11-02T12:47:13.562+0000] {dagbag.py:538} INFO - Filling up the DagBag from /opt/airflow/dags/my_dag.py
[2025-11-02T12:47:15.000+0000] {processor.py:840} INFO - DAG(s) 'my_dag' retrieved from /opt/airflow/dags/my_dag.py
[2025-11-02T12:47:15.058+0000] {logging_mixin.py:188} INFO - [2025-11-02T12:47:15.057+0000] {dag.py:3036} INFO - Sync 1 DAGs
[2025-11-02T12:47:15.088+0000] {logging_mixin.py:188} INFO - [2025-11-02T12:47:15.088+0000] {dag.py:3823} INFO - Setting next_dagrun for my_dag to None, run_after=None
[2025-11-02T12:47:15.139+0000] {processor.py:183} INFO - Processing /opt/airflow/dags/my_dag.py took 1.600 seconds
[2025-11-02T12:47:45.860+0000] {processor.py:161} INFO - Started process (PID=3226) to work on /opt/airflow/dags/my_dag.py
[2025-11-02T12:47:45.862+0000] {processor.py:830} INFO - Processing file /opt/airflow/dags/my_dag.py for tasks to queue
[2025-11-02T12:47:45.863+0000] {logging_mixin.py:188} INFO - [2025-11-02T12:47:45.863+0000] {dagbag.py:538} INFO - Filling up the DagBag from /opt/airflow/dags/my_dag.py
[2025-11-02T12:47:46.649+0000] {processor.py:840} INFO - DAG(s) 'my_dag' retrieved from /opt/airflow/dags/my_dag.py
[2025-11-02T12:47:46.698+0000] {logging_mixin.py:188} INFO - [2025-11-02T12:47:46.694+0000] {dag.py:3036} INFO - Sync 1 DAGs
[2025-11-02T12:47:46.730+0000] {logging_mixin.py:188} INFO - [2025-11-02T12:47:46.730+0000] {dag.py:3823} INFO - Setting next_dagrun for my_dag to None, run_after=None
[2025-11-02T12:47:46.777+0000] {processor.py:183} INFO - Processing /opt/airflow/dags/my_dag.py took 0.924 seconds
[2025-11-02T12:48:17.450+0000] {processor.py:161} INFO - Started process (PID=3238) to work on /opt/airflow/dags/my_dag.py
[2025-11-02T12:48:17.452+0000] {processor.py:830} INFO - Processing file /opt/airflow/dags/my_dag.py for tasks to queue
[2025-11-02T12:48:17.454+0000] {logging_mixin.py:188} INFO - [2025-11-02T12:48:17.453+0000] {dagbag.py:538} INFO - Filling up the DagBag from /opt/airflow/dags/my_dag.py
[2025-11-02T12:48:18.476+0000] {processor.py:840} INFO - DAG(s) 'my_dag' retrieved from /opt/airflow/dags/my_dag.py
[2025-11-02T12:48:18.510+0000] {logging_mixin.py:188} INFO - [2025-11-02T12:48:18.509+0000] {dag.py:3036} INFO - Sync 1 DAGs
[2025-11-02T12:48:18.529+0000] {logging_mixin.py:188} INFO - [2025-11-02T12:48:18.529+0000] {dag.py:3823} INFO - Setting next_dagrun for my_dag to None, run_after=None
[2025-11-02T12:48:18.566+0000] {processor.py:183} INFO - Processing /opt/airflow/dags/my_dag.py took 1.126 seconds
[2025-11-02T12:48:49.440+0000] {processor.py:161} INFO - Started process (PID=3250) to work on /opt/airflow/dags/my_dag.py
[2025-11-02T12:48:49.442+0000] {processor.py:830} INFO - Processing file /opt/airflow/dags/my_dag.py for tasks to queue
[2025-11-02T12:48:49.444+0000] {logging_mixin.py:188} INFO - [2025-11-02T12:48:49.444+0000] {dagbag.py:538} INFO - Filling up the DagBag from /opt/airflow/dags/my_dag.py
[2025-11-02T12:48:50.318+0000] {processor.py:840} INFO - DAG(s) 'my_dag' retrieved from /opt/airflow/dags/my_dag.py
[2025-11-02T12:48:50.358+0000] {logging_mixin.py:188} INFO - [2025-11-02T12:48:50.357+0000] {dag.py:3036} INFO - Sync 1 DAGs
[2025-11-02T12:48:50.377+0000] {logging_mixin.py:188} INFO - [2025-11-02T12:48:50.376+0000] {dag.py:3823} INFO - Setting next_dagrun for my_dag to None, run_after=None
[2025-11-02T12:48:50.413+0000] {processor.py:183} INFO - Processing /opt/airflow/dags/my_dag.py took 0.980 seconds
[2025-11-02T12:49:21.306+0000] {processor.py:161} INFO - Started process (PID=3256) to work on /opt/airflow/dags/my_dag.py
[2025-11-02T12:49:21.308+0000] {processor.py:830} INFO - Processing file /opt/airflow/dags/my_dag.py for tasks to queue
[2025-11-02T12:49:21.309+0000] {logging_mixin.py:188} INFO - [2025-11-02T12:49:21.309+0000] {dagbag.py:538} INFO - Filling up the DagBag from /opt/airflow/dags/my_dag.py
[2025-11-02T12:49:23.718+0000] {processor.py:840} INFO - DAG(s) 'my_dag' retrieved from /opt/airflow/dags/my_dag.py
[2025-11-02T12:49:23.751+0000] {logging_mixin.py:188} INFO - [2025-11-02T12:49:23.750+0000] {dag.py:3036} INFO - Sync 1 DAGs
[2025-11-02T12:49:23.768+0000] {logging_mixin.py:188} INFO - [2025-11-02T12:49:23.768+0000] {dag.py:3823} INFO - Setting next_dagrun for my_dag to None, run_after=None
[2025-11-02T12:49:23.802+0000] {processor.py:183} INFO - Processing /opt/airflow/dags/my_dag.py took 0.846 seconds
[2025-11-02T12:49:57.416+0000] {processor.py:161} INFO - Started process (PID=3274) to work on /opt/airflow/dags/my_dag.py
[2025-11-02T12:49:57.418+0000] {processor.py:830} INFO - Processing file /opt/airflow/dags/my_dag.py for tasks to queue
[2025-11-02T12:49:57.420+0000] {logging_mixin.py:188} INFO - [2025-11-02T12:49:57.419+0000] {dagbag.py:538} INFO - Filling up the DagBag from /opt/airflow/dags/my_dag.py
[2025-11-02T12:49:58.172+0000] {processor.py:840} INFO - DAG(s) 'my_dag' retrieved from /opt/airflow/dags/my_dag.py
[2025-11-02T12:49:58.207+0000] {logging_mixin.py:188} INFO - [2025-11-02T12:49:58.205+0000] {dag.py:3036} INFO - Sync 1 DAGs
[2025-11-02T12:49:58.222+0000] {logging_mixin.py:188} INFO - [2025-11-02T12:49:58.222+0000] {dag.py:3823} INFO - Setting next_dagrun for my_dag to None, run_after=None
[2025-11-02T12:49:58.251+0000] {processor.py:183} INFO - Processing /opt/airflow/dags/my_dag.py took 0.841 seconds
[2025-11-02T12:50:31.107+0000] {processor.py:161} INFO - Started process (PID=3287) to work on /opt/airflow/dags/my_dag.py
[2025-11-02T12:50:31.110+0000] {processor.py:830} INFO - Processing file /opt/airflow/dags/my_dag.py for tasks to queue
[2025-11-02T12:50:31.114+0000] {logging_mixin.py:188} INFO - [2025-11-02T12:50:31.113+0000] {dagbag.py:538} INFO - Filling up the DagBag from /opt/airflow/dags/my_dag.py
[2025-11-02T12:50:32.484+0000] {processor.py:840} INFO - DAG(s) 'my_dag' retrieved from /opt/airflow/dags/my_dag.py
[2025-11-02T12:50:32.554+0000] {logging_mixin.py:188} INFO - [2025-11-02T12:50:32.552+0000] {dag.py:3036} INFO - Sync 1 DAGs
[2025-11-02T12:50:32.581+0000] {logging_mixin.py:188} INFO - [2025-11-02T12:50:32.581+0000] {dag.py:3823} INFO - Setting next_dagrun for my_dag to None, run_after=None
[2025-11-02T12:50:32.643+0000] {processor.py:183} INFO - Processing /opt/airflow/dags/my_dag.py took 1.554 seconds
[2025-11-02T12:51:04.917+0000] {processor.py:161} INFO - Started process (PID=3299) to work on /opt/airflow/dags/my_dag.py
[2025-11-02T12:51:04.923+0000] {processor.py:830} INFO - Processing file /opt/airflow/dags/my_dag.py for tasks to queue
[2025-11-02T12:51:04.926+0000] {logging_mixin.py:188} INFO - [2025-11-02T12:51:04.925+0000] {dagbag.py:538} INFO - Filling up the DagBag from /opt/airflow/dags/my_dag.py
[2025-11-02T12:51:08.106+0000] {processor.py:840} INFO - DAG(s) 'my_dag' retrieved from /opt/airflow/dags/my_dag.py
[2025-11-02T12:51:08.254+0000] {logging_mixin.py:188} INFO - [2025-11-02T12:51:08.244+0000] {dag.py:3036} INFO - Sync 1 DAGs
[2025-11-02T12:51:08.330+0000] {logging_mixin.py:188} INFO - [2025-11-02T12:51:08.329+0000] {dag.py:3823} INFO - Setting next_dagrun for my_dag to None, run_after=None
[2025-11-02T12:51:08.447+0000] {processor.py:183} INFO - Processing /opt/airflow/dags/my_dag.py took 3.539 seconds
[2025-11-02T12:51:38.836+0000] {processor.py:161} INFO - Started process (PID=3311) to work on /opt/airflow/dags/my_dag.py
[2025-11-02T12:51:38.838+0000] {processor.py:830} INFO - Processing file /opt/airflow/dags/my_dag.py for tasks to queue
[2025-11-02T12:51:38.840+0000] {logging_mixin.py:188} INFO - [2025-11-02T12:51:38.839+0000] {dagbag.py:538} INFO - Filling up the DagBag from /opt/airflow/dags/my_dag.py
[2025-11-02T12:51:39.623+0000] {processor.py:840} INFO - DAG(s) 'my_dag' retrieved from /opt/airflow/dags/my_dag.py
[2025-11-02T12:51:39.703+0000] {logging_mixin.py:188} INFO - [2025-11-02T12:51:39.703+0000] {dag.py:3036} INFO - Sync 1 DAGs
[2025-11-02T12:51:39.728+0000] {logging_mixin.py:188} INFO - [2025-11-02T12:51:39.728+0000] {dag.py:3823} INFO - Setting next_dagrun for my_dag to None, run_after=None
[2025-11-02T12:51:39.775+0000] {processor.py:183} INFO - Processing /opt/airflow/dags/my_dag.py took 0.944 seconds
[2025-11-02T12:52:10.989+0000] {processor.py:161} INFO - Started process (PID=3323) to work on /opt/airflow/dags/my_dag.py
[2025-11-02T12:52:10.992+0000] {processor.py:830} INFO - Processing file /opt/airflow/dags/my_dag.py for tasks to queue
[2025-11-02T12:52:11.002+0000] {logging_mixin.py:188} INFO - [2025-11-02T12:52:11.002+0000] {dagbag.py:538} INFO - Filling up the DagBag from /opt/airflow/dags/my_dag.py
[2025-11-02T12:52:12.339+0000] {processor.py:840} INFO - DAG(s) 'my_dag' retrieved from /opt/airflow/dags/my_dag.py
[2025-11-02T12:52:12.413+0000] {logging_mixin.py:188} INFO - [2025-11-02T12:52:12.412+0000] {dag.py:3036} INFO - Sync 1 DAGs
[2025-11-02T12:52:12.444+0000] {logging_mixin.py:188} INFO - [2025-11-02T12:52:12.443+0000] {dag.py:3823} INFO - Setting next_dagrun for my_dag to None, run_after=None
[2025-11-02T12:52:12.491+0000] {processor.py:183} INFO - Processing /opt/airflow/dags/my_dag.py took 1.521 seconds
[2025-11-02T12:52:43.784+0000] {processor.py:161} INFO - Started process (PID=3329) to work on /opt/airflow/dags/my_dag.py
[2025-11-02T12:52:43.787+0000] {processor.py:830} INFO - Processing file /opt/airflow/dags/my_dag.py for tasks to queue
[2025-11-02T12:52:43.790+0000] {logging_mixin.py:188} INFO - [2025-11-02T12:52:43.789+0000] {dagbag.py:538} INFO - Filling up the DagBag from /opt/airflow/dags/my_dag.py
[2025-11-02T12:52:45.329+0000] {processor.py:840} INFO - DAG(s) 'my_dag' retrieved from /opt/airflow/dags/my_dag.py
[2025-11-02T12:52:45.422+0000] {logging_mixin.py:188} INFO - [2025-11-02T12:52:45.421+0000] {dag.py:3036} INFO - Sync 1 DAGs
[2025-11-02T12:52:45.446+0000] {logging_mixin.py:188} INFO - [2025-11-02T12:52:45.445+0000] {dag.py:3823} INFO - Setting next_dagrun for my_dag to None, run_after=None
[2025-11-02T12:52:45.485+0000] {processor.py:183} INFO - Processing /opt/airflow/dags/my_dag.py took 1.714 seconds
[2025-11-02T12:53:17.261+0000] {processor.py:161} INFO - Started process (PID=3341) to work on /opt/airflow/dags/my_dag.py
[2025-11-02T12:53:17.263+0000] {processor.py:830} INFO - Processing file /opt/airflow/dags/my_dag.py for tasks to queue
[2025-11-02T12:53:17.266+0000] {logging_mixin.py:188} INFO - [2025-11-02T12:53:17.265+0000] {dagbag.py:538} INFO - Filling up the DagBag from /opt/airflow/dags/my_dag.py
[2025-11-02T12:53:18.489+0000] {processor.py:840} INFO - DAG(s) 'my_dag' retrieved from /opt/airflow/dags/my_dag.py
[2025-11-02T12:53:18.526+0000] {logging_mixin.py:188} INFO - [2025-11-02T12:53:18.526+0000] {dag.py:3036} INFO - Sync 1 DAGs
[2025-11-02T12:53:18.543+0000] {logging_mixin.py:188} INFO - [2025-11-02T12:53:18.542+0000] {dag.py:3823} INFO - Setting next_dagrun for my_dag to None, run_after=None
[2025-11-02T12:53:18.577+0000] {processor.py:183} INFO - Processing /opt/airflow/dags/my_dag.py took 1.323 seconds
[2025-11-02T12:53:51.537+0000] {processor.py:161} INFO - Started process (PID=3359) to work on /opt/airflow/dags/my_dag.py
[2025-11-02T12:53:51.541+0000] {processor.py:830} INFO - Processing file /opt/airflow/dags/my_dag.py for tasks to queue
[2025-11-02T12:53:51.544+0000] {logging_mixin.py:188} INFO - [2025-11-02T12:53:51.543+0000] {dagbag.py:538} INFO - Filling up the DagBag from /opt/airflow/dags/my_dag.py
[2025-11-02T12:53:53.192+0000] {processor.py:840} INFO - DAG(s) 'my_dag' retrieved from /opt/airflow/dags/my_dag.py
[2025-11-02T12:53:53.237+0000] {logging_mixin.py:188} INFO - [2025-11-02T12:53:53.236+0000] {dag.py:3036} INFO - Sync 1 DAGs
[2025-11-02T12:53:53.258+0000] {logging_mixin.py:188} INFO - [2025-11-02T12:53:53.258+0000] {dag.py:3823} INFO - Setting next_dagrun for my_dag to None, run_after=None
[2025-11-02T12:53:53.291+0000] {processor.py:183} INFO - Processing /opt/airflow/dags/my_dag.py took 1.769 seconds
[2025-11-02T12:54:24.163+0000] {processor.py:161} INFO - Started process (PID=3367) to work on /opt/airflow/dags/my_dag.py
[2025-11-02T12:54:24.165+0000] {processor.py:830} INFO - Processing file /opt/airflow/dags/my_dag.py for tasks to queue
[2025-11-02T12:54:24.167+0000] {logging_mixin.py:188} INFO - [2025-11-02T12:54:24.166+0000] {dagbag.py:538} INFO - Filling up the DagBag from /opt/airflow/dags/my_dag.py
[2025-11-02T12:54:24.808+0000] {processor.py:840} INFO - DAG(s) 'my_dag' retrieved from /opt/airflow/dags/my_dag.py
[2025-11-02T12:54:24.843+0000] {logging_mixin.py:188} INFO - [2025-11-02T12:54:24.842+0000] {dag.py:3036} INFO - Sync 1 DAGs
[2025-11-02T12:54:24.863+0000] {logging_mixin.py:188} INFO - [2025-11-02T12:54:24.863+0000] {dag.py:3823} INFO - Setting next_dagrun for my_dag to None, run_after=None
[2025-11-02T12:54:24.891+0000] {processor.py:183} INFO - Processing /opt/airflow/dags/my_dag.py took 0.733 seconds
[2025-11-02T12:54:57.614+0000] {processor.py:161} INFO - Started process (PID=3380) to work on /opt/airflow/dags/my_dag.py
[2025-11-02T12:54:57.616+0000] {processor.py:830} INFO - Processing file /opt/airflow/dags/my_dag.py for tasks to queue
[2025-11-02T12:54:57.618+0000] {logging_mixin.py:188} INFO - [2025-11-02T12:54:57.618+0000] {dagbag.py:538} INFO - Filling up the DagBag from /opt/airflow/dags/my_dag.py
[2025-11-02T12:54:58.398+0000] {processor.py:840} INFO - DAG(s) 'my_dag' retrieved from /opt/airflow/dags/my_dag.py
[2025-11-02T12:54:58.433+0000] {logging_mixin.py:188} INFO - [2025-11-02T12:54:58.432+0000] {dag.py:3036} INFO - Sync 1 DAGs
[2025-11-02T12:54:58.448+0000] {logging_mixin.py:188} INFO - [2025-11-02T12:54:58.448+0000] {dag.py:3823} INFO - Setting next_dagrun for my_dag to None, run_after=None
[2025-11-02T12:54:58.486+0000] {processor.py:183} INFO - Processing /opt/airflow/dags/my_dag.py took 0.880 seconds
[2025-11-02T12:55:28.947+0000] {processor.py:161} INFO - Started process (PID=3399) to work on /opt/airflow/dags/my_dag.py
[2025-11-02T12:55:28.950+0000] {processor.py:830} INFO - Processing file /opt/airflow/dags/my_dag.py for tasks to queue
[2025-11-02T12:55:28.952+0000] {logging_mixin.py:188} INFO - [2025-11-02T12:55:28.951+0000] {dagbag.py:538} INFO - Filling up the DagBag from /opt/airflow/dags/my_dag.py
[2025-11-02T12:55:29.769+0000] {processor.py:840} INFO - DAG(s) 'my_dag' retrieved from /opt/airflow/dags/my_dag.py
[2025-11-02T12:55:29.800+0000] {logging_mixin.py:188} INFO - [2025-11-02T12:55:29.799+0000] {dag.py:3036} INFO - Sync 1 DAGs
[2025-11-02T12:55:29.822+0000] {logging_mixin.py:188} INFO - [2025-11-02T12:55:29.821+0000] {dag.py:3823} INFO - Setting next_dagrun for my_dag to None, run_after=None
[2025-11-02T12:55:29.858+0000] {processor.py:183} INFO - Processing /opt/airflow/dags/my_dag.py took 0.919 seconds
[2025-11-02T12:56:00.449+0000] {processor.py:161} INFO - Started process (PID=3405) to work on /opt/airflow/dags/my_dag.py
[2025-11-02T12:56:00.458+0000] {processor.py:830} INFO - Processing file /opt/airflow/dags/my_dag.py for tasks to queue
[2025-11-02T12:56:00.460+0000] {logging_mixin.py:188} INFO - [2025-11-02T12:56:00.460+0000] {dagbag.py:538} INFO - Filling up the DagBag from /opt/airflow/dags/my_dag.py
[2025-11-02T12:56:01.129+0000] {processor.py:840} INFO - DAG(s) 'my_dag' retrieved from /opt/airflow/dags/my_dag.py
[2025-11-02T12:56:01.159+0000] {logging_mixin.py:188} INFO - [2025-11-02T12:56:01.158+0000] {dag.py:3036} INFO - Sync 1 DAGs
[2025-11-02T12:56:01.173+0000] {logging_mixin.py:188} INFO - [2025-11-02T12:56:01.172+0000] {dag.py:3823} INFO - Setting next_dagrun for my_dag to None, run_after=None
[2025-11-02T12:56:01.201+0000] {processor.py:183} INFO - Processing /opt/airflow/dags/my_dag.py took 0.757 seconds
[2025-11-02T12:56:31.927+0000] {processor.py:161} INFO - Started process (PID=3417) to work on /opt/airflow/dags/my_dag.py
[2025-11-02T12:56:31.929+0000] {processor.py:830} INFO - Processing file /opt/airflow/dags/my_dag.py for tasks to queue
[2025-11-02T12:56:31.931+0000] {logging_mixin.py:188} INFO - [2025-11-02T12:56:31.930+0000] {dagbag.py:538} INFO - Filling up the DagBag from /opt/airflow/dags/my_dag.py
[2025-11-02T12:56:32.586+0000] {processor.py:840} INFO - DAG(s) 'my_dag' retrieved from /opt/airflow/dags/my_dag.py
[2025-11-02T12:56:32.631+0000] {logging_mixin.py:188} INFO - [2025-11-02T12:56:32.630+0000] {dag.py:3036} INFO - Sync 1 DAGs
[2025-11-02T12:56:32.644+0000] {logging_mixin.py:188} INFO - [2025-11-02T12:56:32.644+0000] {dag.py:3823} INFO - Setting next_dagrun for my_dag to None, run_after=None
[2025-11-02T12:56:32.672+0000] {processor.py:183} INFO - Processing /opt/airflow/dags/my_dag.py took 0.752 seconds
[2025-11-02T12:57:03.410+0000] {processor.py:161} INFO - Started process (PID=3429) to work on /opt/airflow/dags/my_dag.py
[2025-11-02T12:57:03.412+0000] {processor.py:830} INFO - Processing file /opt/airflow/dags/my_dag.py for tasks to queue
[2025-11-02T12:57:03.415+0000] {logging_mixin.py:188} INFO - [2025-11-02T12:57:03.414+0000] {dagbag.py:538} INFO - Filling up the DagBag from /opt/airflow/dags/my_dag.py
[2025-11-02T12:57:04.201+0000] {processor.py:840} INFO - DAG(s) 'my_dag' retrieved from /opt/airflow/dags/my_dag.py
[2025-11-02T12:57:04.241+0000] {logging_mixin.py:188} INFO - [2025-11-02T12:57:04.240+0000] {dag.py:3036} INFO - Sync 1 DAGs
[2025-11-02T12:57:04.263+0000] {logging_mixin.py:188} INFO - [2025-11-02T12:57:04.262+0000] {dag.py:3823} INFO - Setting next_dagrun for my_dag to None, run_after=None
[2025-11-02T12:57:04.301+0000] {processor.py:183} INFO - Processing /opt/airflow/dags/my_dag.py took 0.900 seconds
[2025-11-02T12:57:34.570+0000] {processor.py:161} INFO - Started process (PID=3441) to work on /opt/airflow/dags/my_dag.py
[2025-11-02T12:57:34.574+0000] {processor.py:830} INFO - Processing file /opt/airflow/dags/my_dag.py for tasks to queue
[2025-11-02T12:57:34.578+0000] {logging_mixin.py:188} INFO - [2025-11-02T12:57:34.577+0000] {dagbag.py:538} INFO - Filling up the DagBag from /opt/airflow/dags/my_dag.py
[2025-11-02T12:57:35.237+0000] {processor.py:840} INFO - DAG(s) 'my_dag' retrieved from /opt/airflow/dags/my_dag.py
[2025-11-02T12:57:35.272+0000] {logging_mixin.py:188} INFO - [2025-11-02T12:57:35.271+0000] {dag.py:3036} INFO - Sync 1 DAGs
[2025-11-02T12:57:35.289+0000] {logging_mixin.py:188} INFO - [2025-11-02T12:57:35.288+0000] {dag.py:3823} INFO - Setting next_dagrun for my_dag to None, run_after=None
[2025-11-02T12:57:35.319+0000] {processor.py:183} INFO - Processing /opt/airflow/dags/my_dag.py took 0.764 seconds
[2025-11-02T12:58:05.935+0000] {processor.py:161} INFO - Started process (PID=3453) to work on /opt/airflow/dags/my_dag.py
[2025-11-02T12:58:05.938+0000] {processor.py:830} INFO - Processing file /opt/airflow/dags/my_dag.py for tasks to queue
[2025-11-02T12:58:05.940+0000] {logging_mixin.py:188} INFO - [2025-11-02T12:58:05.939+0000] {dagbag.py:538} INFO - Filling up the DagBag from /opt/airflow/dags/my_dag.py
[2025-11-02T12:58:07.022+0000] {processor.py:840} INFO - DAG(s) 'my_dag' retrieved from /opt/airflow/dags/my_dag.py
[2025-11-02T12:58:07.152+0000] {logging_mixin.py:188} INFO - [2025-11-02T12:58:07.150+0000] {dag.py:3036} INFO - Sync 1 DAGs
[2025-11-02T12:58:07.186+0000] {logging_mixin.py:188} INFO - [2025-11-02T12:58:07.184+0000] {dag.py:3823} INFO - Setting next_dagrun for my_dag to None, run_after=None
[2025-11-02T12:58:07.232+0000] {processor.py:183} INFO - Processing /opt/airflow/dags/my_dag.py took 1.303 seconds
[2025-11-02T12:58:37.936+0000] {processor.py:161} INFO - Started process (PID=3465) to work on /opt/airflow/dags/my_dag.py
[2025-11-02T12:58:37.939+0000] {processor.py:830} INFO - Processing file /opt/airflow/dags/my_dag.py for tasks to queue
[2025-11-02T12:58:37.942+0000] {logging_mixin.py:188} INFO - [2025-11-02T12:58:37.941+0000] {dagbag.py:538} INFO - Filling up the DagBag from /opt/airflow/dags/my_dag.py
[2025-11-02T12:58:41.491+0000] {processor.py:840} INFO - DAG(s) 'my_dag' retrieved from /opt/airflow/dags/my_dag.py
[2025-11-02T12:58:41.778+0000] {logging_mixin.py:188} INFO - [2025-11-02T12:58:41.777+0000] {dag.py:3036} INFO - Sync 1 DAGs
[2025-11-02T12:58:41.848+0000] {logging_mixin.py:188} INFO - [2025-11-02T12:58:41.848+0000] {dag.py:3823} INFO - Setting next_dagrun for my_dag to None, run_after=None
[2025-11-02T12:58:41.988+0000] {processor.py:183} INFO - Processing /opt/airflow/dags/my_dag.py took 4.066 seconds
[2025-11-02T12:59:12.434+0000] {processor.py:161} INFO - Started process (PID=3477) to work on /opt/airflow/dags/my_dag.py
[2025-11-02T12:59:12.505+0000] {processor.py:830} INFO - Processing file /opt/airflow/dags/my_dag.py for tasks to queue
[2025-11-02T12:59:12.511+0000] {logging_mixin.py:188} INFO - [2025-11-02T12:59:12.509+0000] {dagbag.py:538} INFO - Filling up the DagBag from /opt/airflow/dags/my_dag.py
[2025-11-02T12:59:13.757+0000] {processor.py:840} INFO - DAG(s) 'my_dag' retrieved from /opt/airflow/dags/my_dag.py
[2025-11-02T12:59:13.847+0000] {logging_mixin.py:188} INFO - [2025-11-02T12:59:13.846+0000] {dag.py:3036} INFO - Sync 1 DAGs
[2025-11-02T12:59:13.881+0000] {logging_mixin.py:188} INFO - [2025-11-02T12:59:13.880+0000] {dag.py:3823} INFO - Setting next_dagrun for my_dag to None, run_after=None
[2025-11-02T12:59:13.942+0000] {processor.py:183} INFO - Processing /opt/airflow/dags/my_dag.py took 1.514 seconds
[2025-11-02T12:59:44.924+0000] {processor.py:161} INFO - Started process (PID=3489) to work on /opt/airflow/dags/my_dag.py
[2025-11-02T12:59:45.023+0000] {processor.py:830} INFO - Processing file /opt/airflow/dags/my_dag.py for tasks to queue
[2025-11-02T12:59:45.026+0000] {logging_mixin.py:188} INFO - [2025-11-02T12:59:45.025+0000] {dagbag.py:538} INFO - Filling up the DagBag from /opt/airflow/dags/my_dag.py
[2025-11-02T12:59:46.195+0000] {processor.py:840} INFO - DAG(s) 'my_dag' retrieved from /opt/airflow/dags/my_dag.py
[2025-11-02T12:59:46.245+0000] {logging_mixin.py:188} INFO - [2025-11-02T12:59:46.244+0000] {dag.py:3036} INFO - Sync 1 DAGs
[2025-11-02T12:59:46.259+0000] {logging_mixin.py:188} INFO - [2025-11-02T12:59:46.258+0000] {dag.py:3823} INFO - Setting next_dagrun for my_dag to None, run_after=None
[2025-11-02T12:59:46.293+0000] {processor.py:183} INFO - Processing /opt/airflow/dags/my_dag.py took 1.377 seconds
[2025-11-02T13:00:16.767+0000] {processor.py:161} INFO - Started process (PID=3501) to work on /opt/airflow/dags/my_dag.py
[2025-11-02T13:00:16.769+0000] {processor.py:830} INFO - Processing file /opt/airflow/dags/my_dag.py for tasks to queue
[2025-11-02T13:00:16.770+0000] {logging_mixin.py:188} INFO - [2025-11-02T13:00:16.770+0000] {dagbag.py:538} INFO - Filling up the DagBag from /opt/airflow/dags/my_dag.py
[2025-11-02T13:00:17.687+0000] {processor.py:840} INFO - DAG(s) 'my_dag' retrieved from /opt/airflow/dags/my_dag.py
[2025-11-02T13:00:17.749+0000] {logging_mixin.py:188} INFO - [2025-11-02T13:00:17.748+0000] {dag.py:3036} INFO - Sync 1 DAGs
[2025-11-02T13:00:17.783+0000] {logging_mixin.py:188} INFO - [2025-11-02T13:00:17.782+0000] {dag.py:3823} INFO - Setting next_dagrun for my_dag to None, run_after=None
[2025-11-02T13:00:17.831+0000] {processor.py:183} INFO - Processing /opt/airflow/dags/my_dag.py took 1.069 seconds
[2025-11-02T13:00:48.146+0000] {processor.py:161} INFO - Started process (PID=3513) to work on /opt/airflow/dags/my_dag.py
[2025-11-02T13:00:48.148+0000] {processor.py:830} INFO - Processing file /opt/airflow/dags/my_dag.py for tasks to queue
[2025-11-02T13:00:48.150+0000] {logging_mixin.py:188} INFO - [2025-11-02T13:00:48.149+0000] {dagbag.py:538} INFO - Filling up the DagBag from /opt/airflow/dags/my_dag.py
[2025-11-02T13:00:48.835+0000] {processor.py:840} INFO - DAG(s) 'my_dag' retrieved from /opt/airflow/dags/my_dag.py
[2025-11-02T13:00:48.863+0000] {logging_mixin.py:188} INFO - [2025-11-02T13:00:48.863+0000] {dag.py:3036} INFO - Sync 1 DAGs
[2025-11-02T13:00:48.879+0000] {logging_mixin.py:188} INFO - [2025-11-02T13:00:48.879+0000] {dag.py:3823} INFO - Setting next_dagrun for my_dag to None, run_after=None
[2025-11-02T13:00:48.955+0000] {processor.py:183} INFO - Processing /opt/airflow/dags/my_dag.py took 0.816 seconds
[2025-11-02T13:01:19.415+0000] {processor.py:161} INFO - Started process (PID=3525) to work on /opt/airflow/dags/my_dag.py
[2025-11-02T13:01:19.416+0000] {processor.py:830} INFO - Processing file /opt/airflow/dags/my_dag.py for tasks to queue
[2025-11-02T13:01:19.418+0000] {logging_mixin.py:188} INFO - [2025-11-02T13:01:19.417+0000] {dagbag.py:538} INFO - Filling up the DagBag from /opt/airflow/dags/my_dag.py
[2025-11-02T13:01:20.125+0000] {processor.py:840} INFO - DAG(s) 'my_dag' retrieved from /opt/airflow/dags/my_dag.py
[2025-11-02T13:01:20.166+0000] {logging_mixin.py:188} INFO - [2025-11-02T13:01:20.165+0000] {dag.py:3036} INFO - Sync 1 DAGs
[2025-11-02T13:01:20.214+0000] {logging_mixin.py:188} INFO - [2025-11-02T13:01:20.210+0000] {dag.py:3823} INFO - Setting next_dagrun for my_dag to None, run_after=None
[2025-11-02T13:01:20.272+0000] {processor.py:183} INFO - Processing /opt/airflow/dags/my_dag.py took 0.864 seconds
[2025-11-02T13:01:50.742+0000] {processor.py:161} INFO - Started process (PID=3537) to work on /opt/airflow/dags/my_dag.py
[2025-11-02T13:01:50.744+0000] {processor.py:830} INFO - Processing file /opt/airflow/dags/my_dag.py for tasks to queue
[2025-11-02T13:01:50.746+0000] {logging_mixin.py:188} INFO - [2025-11-02T13:01:50.746+0000] {dagbag.py:538} INFO - Filling up the DagBag from /opt/airflow/dags/my_dag.py
[2025-11-02T13:01:51.439+0000] {processor.py:840} INFO - DAG(s) 'my_dag' retrieved from /opt/airflow/dags/my_dag.py
[2025-11-02T13:01:51.468+0000] {logging_mixin.py:188} INFO - [2025-11-02T13:01:51.468+0000] {dag.py:3036} INFO - Sync 1 DAGs
[2025-11-02T13:01:51.483+0000] {logging_mixin.py:188} INFO - [2025-11-02T13:01:51.483+0000] {dag.py:3823} INFO - Setting next_dagrun for my_dag to None, run_after=None
[2025-11-02T13:01:51.514+0000] {processor.py:183} INFO - Processing /opt/airflow/dags/my_dag.py took 0.781 seconds
[2025-11-02T13:02:21.776+0000] {processor.py:161} INFO - Started process (PID=3549) to work on /opt/airflow/dags/my_dag.py
[2025-11-02T13:02:21.778+0000] {processor.py:830} INFO - Processing file /opt/airflow/dags/my_dag.py for tasks to queue
[2025-11-02T13:02:21.781+0000] {logging_mixin.py:188} INFO - [2025-11-02T13:02:21.780+0000] {dagbag.py:538} INFO - Filling up the DagBag from /opt/airflow/dags/my_dag.py
[2025-11-02T13:02:22.634+0000] {processor.py:840} INFO - DAG(s) 'my_dag' retrieved from /opt/airflow/dags/my_dag.py
[2025-11-02T13:02:22.670+0000] {logging_mixin.py:188} INFO - [2025-11-02T13:02:22.670+0000] {dag.py:3036} INFO - Sync 1 DAGs
[2025-11-02T13:02:22.688+0000] {logging_mixin.py:188} INFO - [2025-11-02T13:02:22.688+0000] {dag.py:3823} INFO - Setting next_dagrun for my_dag to None, run_after=None
[2025-11-02T13:02:22.719+0000] {processor.py:183} INFO - Processing /opt/airflow/dags/my_dag.py took 0.950 seconds
[2025-11-02T13:02:53.284+0000] {processor.py:161} INFO - Started process (PID=3561) to work on /opt/airflow/dags/my_dag.py
[2025-11-02T13:02:53.286+0000] {processor.py:830} INFO - Processing file /opt/airflow/dags/my_dag.py for tasks to queue
[2025-11-02T13:02:53.288+0000] {logging_mixin.py:188} INFO - [2025-11-02T13:02:53.287+0000] {dagbag.py:538} INFO - Filling up the DagBag from /opt/airflow/dags/my_dag.py
[2025-11-02T13:02:53.987+0000] {processor.py:840} INFO - DAG(s) 'my_dag' retrieved from /opt/airflow/dags/my_dag.py
[2025-11-02T13:02:54.019+0000] {logging_mixin.py:188} INFO - [2025-11-02T13:02:54.018+0000] {dag.py:3036} INFO - Sync 1 DAGs
[2025-11-02T13:02:54.038+0000] {logging_mixin.py:188} INFO - [2025-11-02T13:02:54.038+0000] {dag.py:3823} INFO - Setting next_dagrun for my_dag to None, run_after=None
[2025-11-02T13:02:54.076+0000] {processor.py:183} INFO - Processing /opt/airflow/dags/my_dag.py took 0.798 seconds
[2025-11-02T13:03:24.368+0000] {processor.py:161} INFO - Started process (PID=3573) to work on /opt/airflow/dags/my_dag.py
[2025-11-02T13:03:24.371+0000] {processor.py:830} INFO - Processing file /opt/airflow/dags/my_dag.py for tasks to queue
[2025-11-02T13:03:24.373+0000] {logging_mixin.py:188} INFO - [2025-11-02T13:03:24.372+0000] {dagbag.py:538} INFO - Filling up the DagBag from /opt/airflow/dags/my_dag.py
[2025-11-02T13:03:25.154+0000] {processor.py:840} INFO - DAG(s) 'my_dag' retrieved from /opt/airflow/dags/my_dag.py
[2025-11-02T13:03:25.186+0000] {logging_mixin.py:188} INFO - [2025-11-02T13:03:25.185+0000] {dag.py:3036} INFO - Sync 1 DAGs
[2025-11-02T13:03:25.201+0000] {logging_mixin.py:188} INFO - [2025-11-02T13:03:25.200+0000] {dag.py:3823} INFO - Setting next_dagrun for my_dag to None, run_after=None
[2025-11-02T13:03:25.229+0000] {processor.py:183} INFO - Processing /opt/airflow/dags/my_dag.py took 0.868 seconds
[2025-11-02T13:03:55.682+0000] {processor.py:161} INFO - Started process (PID=3585) to work on /opt/airflow/dags/my_dag.py
[2025-11-02T13:03:55.687+0000] {processor.py:830} INFO - Processing file /opt/airflow/dags/my_dag.py for tasks to queue
[2025-11-02T13:03:55.689+0000] {logging_mixin.py:188} INFO - [2025-11-02T13:03:55.688+0000] {dagbag.py:538} INFO - Filling up the DagBag from /opt/airflow/dags/my_dag.py
[2025-11-02T13:03:56.456+0000] {processor.py:840} INFO - DAG(s) 'my_dag' retrieved from /opt/airflow/dags/my_dag.py
[2025-11-02T13:03:56.489+0000] {logging_mixin.py:188} INFO - [2025-11-02T13:03:56.488+0000] {dag.py:3036} INFO - Sync 1 DAGs
[2025-11-02T13:03:56.505+0000] {logging_mixin.py:188} INFO - [2025-11-02T13:03:56.505+0000] {dag.py:3823} INFO - Setting next_dagrun for my_dag to None, run_after=None
[2025-11-02T13:03:56.538+0000] {processor.py:183} INFO - Processing /opt/airflow/dags/my_dag.py took 0.866 seconds
[2025-11-02T13:04:27.007+0000] {processor.py:161} INFO - Started process (PID=3597) to work on /opt/airflow/dags/my_dag.py
[2025-11-02T13:04:27.009+0000] {processor.py:830} INFO - Processing file /opt/airflow/dags/my_dag.py for tasks to queue
[2025-11-02T13:04:27.012+0000] {logging_mixin.py:188} INFO - [2025-11-02T13:04:27.011+0000] {dagbag.py:538} INFO - Filling up the DagBag from /opt/airflow/dags/my_dag.py
[2025-11-02T13:04:28.414+0000] {processor.py:840} INFO - DAG(s) 'my_dag' retrieved from /opt/airflow/dags/my_dag.py
[2025-11-02T13:04:28.459+0000] {logging_mixin.py:188} INFO - [2025-11-02T13:04:28.457+0000] {dag.py:3036} INFO - Sync 1 DAGs
[2025-11-02T13:04:28.488+0000] {logging_mixin.py:188} INFO - [2025-11-02T13:04:28.487+0000] {dag.py:3823} INFO - Setting next_dagrun for my_dag to None, run_after=None
[2025-11-02T13:04:28.547+0000] {processor.py:183} INFO - Processing /opt/airflow/dags/my_dag.py took 1.553 seconds
[2025-11-02T13:04:59.056+0000] {processor.py:161} INFO - Started process (PID=3603) to work on /opt/airflow/dags/my_dag.py
[2025-11-02T13:04:59.059+0000] {processor.py:830} INFO - Processing file /opt/airflow/dags/my_dag.py for tasks to queue
[2025-11-02T13:04:59.060+0000] {logging_mixin.py:188} INFO - [2025-11-02T13:04:59.060+0000] {dagbag.py:538} INFO - Filling up the DagBag from /opt/airflow/dags/my_dag.py
[2025-11-02T13:04:59.853+0000] {processor.py:840} INFO - DAG(s) 'my_dag' retrieved from /opt/airflow/dags/my_dag.py
[2025-11-02T13:04:59.892+0000] {logging_mixin.py:188} INFO - [2025-11-02T13:04:59.892+0000] {dag.py:3036} INFO - Sync 1 DAGs
[2025-11-02T13:04:59.918+0000] {logging_mixin.py:188} INFO - [2025-11-02T13:04:59.917+0000] {dag.py:3823} INFO - Setting next_dagrun for my_dag to None, run_after=None
[2025-11-02T13:04:59.961+0000] {processor.py:183} INFO - Processing /opt/airflow/dags/my_dag.py took 0.914 seconds
[2025-11-02T13:05:31.002+0000] {processor.py:161} INFO - Started process (PID=3614) to work on /opt/airflow/dags/my_dag.py
[2025-11-02T13:05:31.005+0000] {processor.py:830} INFO - Processing file /opt/airflow/dags/my_dag.py for tasks to queue
[2025-11-02T13:05:31.007+0000] {logging_mixin.py:188} INFO - [2025-11-02T13:05:31.006+0000] {dagbag.py:538} INFO - Filling up the DagBag from /opt/airflow/dags/my_dag.py
[2025-11-02T13:05:31.659+0000] {processor.py:840} INFO - DAG(s) 'my_dag' retrieved from /opt/airflow/dags/my_dag.py
[2025-11-02T13:05:31.707+0000] {logging_mixin.py:188} INFO - [2025-11-02T13:05:31.706+0000] {dag.py:3036} INFO - Sync 1 DAGs
[2025-11-02T13:05:31.729+0000] {logging_mixin.py:188} INFO - [2025-11-02T13:05:31.728+0000] {dag.py:3823} INFO - Setting next_dagrun for my_dag to None, run_after=None
[2025-11-02T13:05:31.772+0000] {processor.py:183} INFO - Processing /opt/airflow/dags/my_dag.py took 0.778 seconds
[2025-11-02T13:06:04.197+0000] {processor.py:161} INFO - Started process (PID=3626) to work on /opt/airflow/dags/my_dag.py
[2025-11-02T13:06:04.200+0000] {processor.py:830} INFO - Processing file /opt/airflow/dags/my_dag.py for tasks to queue
[2025-11-02T13:06:04.202+0000] {logging_mixin.py:188} INFO - [2025-11-02T13:06:04.201+0000] {dagbag.py:538} INFO - Filling up the DagBag from /opt/airflow/dags/my_dag.py
[2025-11-02T13:06:04.881+0000] {processor.py:840} INFO - DAG(s) 'my_dag' retrieved from /opt/airflow/dags/my_dag.py
[2025-11-02T13:06:04.911+0000] {logging_mixin.py:188} INFO - [2025-11-02T13:06:04.911+0000] {dag.py:3036} INFO - Sync 1 DAGs
[2025-11-02T13:06:04.925+0000] {logging_mixin.py:188} INFO - [2025-11-02T13:06:04.924+0000] {dag.py:3823} INFO - Setting next_dagrun for my_dag to None, run_after=None
[2025-11-02T13:06:04.959+0000] {processor.py:183} INFO - Processing /opt/airflow/dags/my_dag.py took 0.770 seconds
[2025-11-02T13:06:38.323+0000] {processor.py:161} INFO - Started process (PID=3638) to work on /opt/airflow/dags/my_dag.py
[2025-11-02T13:06:38.326+0000] {processor.py:830} INFO - Processing file /opt/airflow/dags/my_dag.py for tasks to queue
[2025-11-02T13:06:38.333+0000] {logging_mixin.py:188} INFO - [2025-11-02T13:06:38.331+0000] {dagbag.py:538} INFO - Filling up the DagBag from /opt/airflow/dags/my_dag.py
[2025-11-02T13:06:39.910+0000] {processor.py:840} INFO - DAG(s) 'my_dag' retrieved from /opt/airflow/dags/my_dag.py
[2025-11-02T13:06:39.964+0000] {logging_mixin.py:188} INFO - [2025-11-02T13:06:39.962+0000] {dag.py:3036} INFO - Sync 1 DAGs
[2025-11-02T13:06:39.991+0000] {logging_mixin.py:188} INFO - [2025-11-02T13:06:39.990+0000] {dag.py:3823} INFO - Setting next_dagrun for my_dag to None, run_after=None
[2025-11-02T13:06:40.048+0000] {processor.py:183} INFO - Processing /opt/airflow/dags/my_dag.py took 1.741 seconds
[2025-11-02T13:07:11.732+0000] {processor.py:161} INFO - Started process (PID=3650) to work on /opt/airflow/dags/my_dag.py
[2025-11-02T13:07:11.741+0000] {processor.py:830} INFO - Processing file /opt/airflow/dags/my_dag.py for tasks to queue
[2025-11-02T13:07:11.771+0000] {logging_mixin.py:188} INFO - [2025-11-02T13:07:11.770+0000] {dagbag.py:538} INFO - Filling up the DagBag from /opt/airflow/dags/my_dag.py
[2025-11-02T13:07:15.582+0000] {processor.py:840} INFO - DAG(s) 'my_dag' retrieved from /opt/airflow/dags/my_dag.py
[2025-11-02T13:07:15.926+0000] {logging_mixin.py:188} INFO - [2025-11-02T13:07:15.925+0000] {dag.py:3036} INFO - Sync 1 DAGs
[2025-11-02T13:07:16.202+0000] {logging_mixin.py:188} INFO - [2025-11-02T13:07:16.201+0000] {dag.py:3823} INFO - Setting next_dagrun for my_dag to None, run_after=None
[2025-11-02T13:07:17.133+0000] {processor.py:183} INFO - Processing /opt/airflow/dags/my_dag.py took 5.420 seconds
[2025-11-02T13:07:49.426+0000] {processor.py:161} INFO - Started process (PID=3669) to work on /opt/airflow/dags/my_dag.py
[2025-11-02T13:07:49.428+0000] {processor.py:830} INFO - Processing file /opt/airflow/dags/my_dag.py for tasks to queue
[2025-11-02T13:07:49.431+0000] {logging_mixin.py:188} INFO - [2025-11-02T13:07:49.430+0000] {dagbag.py:538} INFO - Filling up the DagBag from /opt/airflow/dags/my_dag.py
[2025-11-02T13:07:52.962+0000] {processor.py:840} INFO - DAG(s) 'my_dag' retrieved from /opt/airflow/dags/my_dag.py
[2025-11-02T13:07:53.448+0000] {logging_mixin.py:188} INFO - [2025-11-02T13:07:53.447+0000] {dag.py:3036} INFO - Sync 1 DAGs
[2025-11-02T13:07:54.112+0000] {logging_mixin.py:188} INFO - [2025-11-02T13:07:54.111+0000] {dag.py:3823} INFO - Setting next_dagrun for my_dag to None, run_after=None
[2025-11-02T13:07:54.418+0000] {processor.py:183} INFO - Processing /opt/airflow/dags/my_dag.py took 5.013 seconds
[2025-11-02T13:08:25.815+0000] {processor.py:161} INFO - Started process (PID=3681) to work on /opt/airflow/dags/my_dag.py
[2025-11-02T13:08:25.821+0000] {processor.py:830} INFO - Processing file /opt/airflow/dags/my_dag.py for tasks to queue
[2025-11-02T13:08:25.829+0000] {logging_mixin.py:188} INFO - [2025-11-02T13:08:25.828+0000] {dagbag.py:538} INFO - Filling up the DagBag from /opt/airflow/dags/my_dag.py
[2025-11-02T13:08:30.193+0000] {processor.py:840} INFO - DAG(s) 'my_dag' retrieved from /opt/airflow/dags/my_dag.py
[2025-11-02T13:08:30.338+0000] {logging_mixin.py:188} INFO - [2025-11-02T13:08:30.338+0000] {dag.py:3036} INFO - Sync 1 DAGs
[2025-11-02T13:08:30.415+0000] {logging_mixin.py:188} INFO - [2025-11-02T13:08:30.414+0000] {dag.py:3823} INFO - Setting next_dagrun for my_dag to None, run_after=None
[2025-11-02T13:08:30.553+0000] {processor.py:183} INFO - Processing /opt/airflow/dags/my_dag.py took 4.755 seconds
[2025-11-02T13:09:01.906+0000] {processor.py:161} INFO - Started process (PID=3693) to work on /opt/airflow/dags/my_dag.py
[2025-11-02T13:09:01.919+0000] {processor.py:830} INFO - Processing file /opt/airflow/dags/my_dag.py for tasks to queue
[2025-11-02T13:09:01.921+0000] {logging_mixin.py:188} INFO - [2025-11-02T13:09:01.920+0000] {dagbag.py:538} INFO - Filling up the DagBag from /opt/airflow/dags/my_dag.py
[2025-11-02T13:09:06.205+0000] {processor.py:840} INFO - DAG(s) 'my_dag' retrieved from /opt/airflow/dags/my_dag.py
[2025-11-02T13:09:06.340+0000] {logging_mixin.py:188} INFO - [2025-11-02T13:09:06.336+0000] {dag.py:3036} INFO - Sync 1 DAGs
[2025-11-02T13:09:06.415+0000] {logging_mixin.py:188} INFO - [2025-11-02T13:09:06.415+0000] {dag.py:3823} INFO - Setting next_dagrun for my_dag to None, run_after=None
[2025-11-02T13:09:06.528+0000] {processor.py:183} INFO - Processing /opt/airflow/dags/my_dag.py took 4.653 seconds
[2025-11-02T13:09:36.902+0000] {processor.py:161} INFO - Started process (PID=3705) to work on /opt/airflow/dags/my_dag.py
[2025-11-02T13:09:36.904+0000] {processor.py:830} INFO - Processing file /opt/airflow/dags/my_dag.py for tasks to queue
[2025-11-02T13:09:36.906+0000] {logging_mixin.py:188} INFO - [2025-11-02T13:09:36.906+0000] {dagbag.py:538} INFO - Filling up the DagBag from /opt/airflow/dags/my_dag.py
[2025-11-02T13:09:39.094+0000] {processor.py:840} INFO - DAG(s) 'my_dag' retrieved from /opt/airflow/dags/my_dag.py
[2025-11-02T13:09:39.249+0000] {logging_mixin.py:188} INFO - [2025-11-02T13:09:39.248+0000] {dag.py:3036} INFO - Sync 1 DAGs
[2025-11-02T13:09:39.336+0000] {logging_mixin.py:188} INFO - [2025-11-02T13:09:39.336+0000] {dag.py:3823} INFO - Setting next_dagrun for my_dag to None, run_after=None
[2025-11-02T13:09:39.603+0000] {processor.py:183} INFO - Processing /opt/airflow/dags/my_dag.py took 2.707 seconds
[2025-11-02T13:10:09.961+0000] {processor.py:161} INFO - Started process (PID=3717) to work on /opt/airflow/dags/my_dag.py
[2025-11-02T13:10:09.969+0000] {processor.py:830} INFO - Processing file /opt/airflow/dags/my_dag.py for tasks to queue
[2025-11-02T13:10:09.976+0000] {logging_mixin.py:188} INFO - [2025-11-02T13:10:09.971+0000] {dagbag.py:538} INFO - Filling up the DagBag from /opt/airflow/dags/my_dag.py
[2025-11-02T13:10:12.999+0000] {processor.py:840} INFO - DAG(s) 'my_dag' retrieved from /opt/airflow/dags/my_dag.py
[2025-11-02T13:10:13.172+0000] {logging_mixin.py:188} INFO - [2025-11-02T13:10:13.171+0000] {dag.py:3036} INFO - Sync 1 DAGs
[2025-11-02T13:10:13.274+0000] {logging_mixin.py:188} INFO - [2025-11-02T13:10:13.273+0000] {dag.py:3823} INFO - Setting next_dagrun for my_dag to None, run_after=None
[2025-11-02T13:10:15.632+0000] {processor.py:183} INFO - Processing /opt/airflow/dags/my_dag.py took 5.690 seconds
[2025-11-02T13:10:46.080+0000] {processor.py:161} INFO - Started process (PID=3730) to work on /opt/airflow/dags/my_dag.py
[2025-11-02T13:10:46.083+0000] {processor.py:830} INFO - Processing file /opt/airflow/dags/my_dag.py for tasks to queue
[2025-11-02T13:10:46.086+0000] {logging_mixin.py:188} INFO - [2025-11-02T13:10:46.085+0000] {dagbag.py:538} INFO - Filling up the DagBag from /opt/airflow/dags/my_dag.py
[2025-11-02T13:10:47.994+0000] {processor.py:840} INFO - DAG(s) 'my_dag' retrieved from /opt/airflow/dags/my_dag.py
[2025-11-02T13:10:48.042+0000] {logging_mixin.py:188} INFO - [2025-11-02T13:10:48.042+0000] {dag.py:3036} INFO - Sync 1 DAGs
[2025-11-02T13:10:48.062+0000] {logging_mixin.py:188} INFO - [2025-11-02T13:10:48.062+0000] {dag.py:3823} INFO - Setting next_dagrun for my_dag to None, run_after=None
[2025-11-02T13:10:48.100+0000] {processor.py:183} INFO - Processing /opt/airflow/dags/my_dag.py took 2.036 seconds
[2025-11-02T13:11:18.926+0000] {processor.py:161} INFO - Started process (PID=3742) to work on /opt/airflow/dags/my_dag.py
[2025-11-02T13:11:18.928+0000] {processor.py:830} INFO - Processing file /opt/airflow/dags/my_dag.py for tasks to queue
[2025-11-02T13:11:18.929+0000] {logging_mixin.py:188} INFO - [2025-11-02T13:11:18.929+0000] {dagbag.py:538} INFO - Filling up the DagBag from /opt/airflow/dags/my_dag.py
[2025-11-02T13:11:19.805+0000] {processor.py:840} INFO - DAG(s) 'my_dag' retrieved from /opt/airflow/dags/my_dag.py
[2025-11-02T13:11:19.842+0000] {logging_mixin.py:188} INFO - [2025-11-02T13:11:19.841+0000] {dag.py:3036} INFO - Sync 1 DAGs
[2025-11-02T13:11:19.863+0000] {logging_mixin.py:188} INFO - [2025-11-02T13:11:19.863+0000] {dag.py:3823} INFO - Setting next_dagrun for my_dag to None, run_after=None
[2025-11-02T13:11:19.933+0000] {processor.py:183} INFO - Processing /opt/airflow/dags/my_dag.py took 1.018 seconds
[2025-11-02T13:11:51.020+0000] {processor.py:161} INFO - Started process (PID=3754) to work on /opt/airflow/dags/my_dag.py
[2025-11-02T13:11:51.030+0000] {processor.py:830} INFO - Processing file /opt/airflow/dags/my_dag.py for tasks to queue
[2025-11-02T13:11:51.035+0000] {logging_mixin.py:188} INFO - [2025-11-02T13:11:51.034+0000] {dagbag.py:538} INFO - Filling up the DagBag from /opt/airflow/dags/my_dag.py
[2025-11-02T13:11:51.933+0000] {processor.py:840} INFO - DAG(s) 'my_dag' retrieved from /opt/airflow/dags/my_dag.py
[2025-11-02T13:11:51.968+0000] {logging_mixin.py:188} INFO - [2025-11-02T13:11:51.967+0000] {dag.py:3036} INFO - Sync 1 DAGs
[2025-11-02T13:11:51.986+0000] {logging_mixin.py:188} INFO - [2025-11-02T13:11:51.986+0000] {dag.py:3823} INFO - Setting next_dagrun for my_dag to None, run_after=None
[2025-11-02T13:11:52.073+0000] {processor.py:183} INFO - Processing /opt/airflow/dags/my_dag.py took 1.063 seconds
[2025-11-02T13:12:22.200+0000] {processor.py:161} INFO - Started process (PID=3766) to work on /opt/airflow/dags/my_dag.py
[2025-11-02T13:12:22.204+0000] {processor.py:830} INFO - Processing file /opt/airflow/dags/my_dag.py for tasks to queue
[2025-11-02T13:12:22.207+0000] {logging_mixin.py:188} INFO - [2025-11-02T13:12:22.206+0000] {dagbag.py:538} INFO - Filling up the DagBag from /opt/airflow/dags/my_dag.py
[2025-11-02T13:12:23.033+0000] {processor.py:840} INFO - DAG(s) 'my_dag' retrieved from /opt/airflow/dags/my_dag.py
[2025-11-02T13:12:23.063+0000] {logging_mixin.py:188} INFO - [2025-11-02T13:12:23.062+0000] {dag.py:3036} INFO - Sync 1 DAGs
[2025-11-02T13:12:23.076+0000] {logging_mixin.py:188} INFO - [2025-11-02T13:12:23.076+0000] {dag.py:3823} INFO - Setting next_dagrun for my_dag to None, run_after=None
[2025-11-02T13:12:23.119+0000] {processor.py:183} INFO - Processing /opt/airflow/dags/my_dag.py took 0.924 seconds
[2025-11-02T13:12:53.735+0000] {processor.py:161} INFO - Started process (PID=3778) to work on /opt/airflow/dags/my_dag.py
[2025-11-02T13:12:53.736+0000] {processor.py:830} INFO - Processing file /opt/airflow/dags/my_dag.py for tasks to queue
[2025-11-02T13:12:53.738+0000] {logging_mixin.py:188} INFO - [2025-11-02T13:12:53.738+0000] {dagbag.py:538} INFO - Filling up the DagBag from /opt/airflow/dags/my_dag.py
[2025-11-02T13:12:54.405+0000] {processor.py:840} INFO - DAG(s) 'my_dag' retrieved from /opt/airflow/dags/my_dag.py
[2025-11-02T13:12:54.441+0000] {logging_mixin.py:188} INFO - [2025-11-02T13:12:54.440+0000] {dag.py:3036} INFO - Sync 1 DAGs
[2025-11-02T13:12:54.454+0000] {logging_mixin.py:188} INFO - [2025-11-02T13:12:54.454+0000] {dag.py:3823} INFO - Setting next_dagrun for my_dag to None, run_after=None
[2025-11-02T13:12:54.528+0000] {processor.py:183} INFO - Processing /opt/airflow/dags/my_dag.py took 0.801 seconds
[2025-11-02T13:13:24.918+0000] {processor.py:161} INFO - Started process (PID=3784) to work on /opt/airflow/dags/my_dag.py
[2025-11-02T13:13:24.921+0000] {processor.py:830} INFO - Processing file /opt/airflow/dags/my_dag.py for tasks to queue
[2025-11-02T13:13:24.923+0000] {logging_mixin.py:188} INFO - [2025-11-02T13:13:24.922+0000] {dagbag.py:538} INFO - Filling up the DagBag from /opt/airflow/dags/my_dag.py
[2025-11-02T13:13:25.584+0000] {processor.py:840} INFO - DAG(s) 'my_dag' retrieved from /opt/airflow/dags/my_dag.py
[2025-11-02T13:13:25.631+0000] {logging_mixin.py:188} INFO - [2025-11-02T13:13:25.630+0000] {dag.py:3036} INFO - Sync 1 DAGs
[2025-11-02T13:13:25.652+0000] {logging_mixin.py:188} INFO - [2025-11-02T13:13:25.652+0000] {dag.py:3823} INFO - Setting next_dagrun for my_dag to None, run_after=None
[2025-11-02T13:13:25.736+0000] {processor.py:183} INFO - Processing /opt/airflow/dags/my_dag.py took 0.825 seconds
[2025-11-02T13:13:56.263+0000] {processor.py:161} INFO - Started process (PID=3796) to work on /opt/airflow/dags/my_dag.py
[2025-11-02T13:13:56.265+0000] {processor.py:830} INFO - Processing file /opt/airflow/dags/my_dag.py for tasks to queue
[2025-11-02T13:13:56.267+0000] {logging_mixin.py:188} INFO - [2025-11-02T13:13:56.267+0000] {dagbag.py:538} INFO - Filling up the DagBag from /opt/airflow/dags/my_dag.py
[2025-11-02T13:13:56.906+0000] {processor.py:840} INFO - DAG(s) 'my_dag' retrieved from /opt/airflow/dags/my_dag.py
[2025-11-02T13:13:56.938+0000] {logging_mixin.py:188} INFO - [2025-11-02T13:13:56.938+0000] {dag.py:3036} INFO - Sync 1 DAGs
[2025-11-02T13:13:56.952+0000] {logging_mixin.py:188} INFO - [2025-11-02T13:13:56.952+0000] {dag.py:3823} INFO - Setting next_dagrun for my_dag to None, run_after=None
[2025-11-02T13:13:57.002+0000] {processor.py:183} INFO - Processing /opt/airflow/dags/my_dag.py took 0.745 seconds
[2025-11-02T13:14:27.364+0000] {processor.py:161} INFO - Started process (PID=3808) to work on /opt/airflow/dags/my_dag.py
[2025-11-02T13:14:27.366+0000] {processor.py:830} INFO - Processing file /opt/airflow/dags/my_dag.py for tasks to queue
[2025-11-02T13:14:27.368+0000] {logging_mixin.py:188} INFO - [2025-11-02T13:14:27.367+0000] {dagbag.py:538} INFO - Filling up the DagBag from /opt/airflow/dags/my_dag.py
[2025-11-02T13:14:28.027+0000] {processor.py:840} INFO - DAG(s) 'my_dag' retrieved from /opt/airflow/dags/my_dag.py
[2025-11-02T13:14:28.058+0000] {logging_mixin.py:188} INFO - [2025-11-02T13:14:28.057+0000] {dag.py:3036} INFO - Sync 1 DAGs
[2025-11-02T13:14:28.072+0000] {logging_mixin.py:188} INFO - [2025-11-02T13:14:28.071+0000] {dag.py:3823} INFO - Setting next_dagrun for my_dag to None, run_after=None
[2025-11-02T13:14:28.128+0000] {processor.py:183} INFO - Processing /opt/airflow/dags/my_dag.py took 0.771 seconds
[2025-11-02T13:14:58.811+0000] {processor.py:161} INFO - Started process (PID=3819) to work on /opt/airflow/dags/my_dag.py
[2025-11-02T13:14:58.816+0000] {processor.py:830} INFO - Processing file /opt/airflow/dags/my_dag.py for tasks to queue
[2025-11-02T13:14:58.821+0000] {logging_mixin.py:188} INFO - [2025-11-02T13:14:58.821+0000] {dagbag.py:538} INFO - Filling up the DagBag from /opt/airflow/dags/my_dag.py
[2025-11-02T13:14:59.569+0000] {processor.py:840} INFO - DAG(s) 'my_dag' retrieved from /opt/airflow/dags/my_dag.py
[2025-11-02T13:14:59.604+0000] {logging_mixin.py:188} INFO - [2025-11-02T13:14:59.603+0000] {dag.py:3036} INFO - Sync 1 DAGs
[2025-11-02T13:14:59.621+0000] {logging_mixin.py:188} INFO - [2025-11-02T13:14:59.620+0000] {dag.py:3823} INFO - Setting next_dagrun for my_dag to None, run_after=None
[2025-11-02T13:14:59.653+0000] {processor.py:183} INFO - Processing /opt/airflow/dags/my_dag.py took 0.854 seconds
[2025-11-02T13:15:31.376+0000] {processor.py:161} INFO - Started process (PID=3832) to work on /opt/airflow/dags/my_dag.py
[2025-11-02T13:15:31.379+0000] {processor.py:830} INFO - Processing file /opt/airflow/dags/my_dag.py for tasks to queue
[2025-11-02T13:15:31.388+0000] {logging_mixin.py:188} INFO - [2025-11-02T13:15:31.387+0000] {dagbag.py:538} INFO - Filling up the DagBag from /opt/airflow/dags/my_dag.py
[2025-11-02T13:15:32.695+0000] {processor.py:840} INFO - DAG(s) 'my_dag' retrieved from /opt/airflow/dags/my_dag.py
[2025-11-02T13:15:32.739+0000] {logging_mixin.py:188} INFO - [2025-11-02T13:15:32.737+0000] {dag.py:3036} INFO - Sync 1 DAGs
[2025-11-02T13:15:32.762+0000] {logging_mixin.py:188} INFO - [2025-11-02T13:15:32.761+0000] {dag.py:3823} INFO - Setting next_dagrun for my_dag to None, run_after=None
[2025-11-02T13:15:32.810+0000] {processor.py:183} INFO - Processing /opt/airflow/dags/my_dag.py took 1.441 seconds
[2025-11-02T13:16:05.076+0000] {processor.py:161} INFO - Started process (PID=3844) to work on /opt/airflow/dags/my_dag.py
[2025-11-02T13:16:05.079+0000] {processor.py:830} INFO - Processing file /opt/airflow/dags/my_dag.py for tasks to queue
[2025-11-02T13:16:05.081+0000] {logging_mixin.py:188} INFO - [2025-11-02T13:16:05.080+0000] {dagbag.py:538} INFO - Filling up the DagBag from /opt/airflow/dags/my_dag.py
[2025-11-02T13:16:05.796+0000] {processor.py:840} INFO - DAG(s) 'my_dag' retrieved from /opt/airflow/dags/my_dag.py
[2025-11-02T13:16:05.826+0000] {logging_mixin.py:188} INFO - [2025-11-02T13:16:05.825+0000] {dag.py:3036} INFO - Sync 1 DAGs
[2025-11-02T13:16:05.865+0000] {logging_mixin.py:188} INFO - [2025-11-02T13:16:05.864+0000] {dag.py:3823} INFO - Setting next_dagrun for my_dag to None, run_after=None
[2025-11-02T13:16:05.924+0000] {processor.py:183} INFO - Processing /opt/airflow/dags/my_dag.py took 0.855 seconds
[2025-11-02T13:16:38.658+0000] {processor.py:161} INFO - Started process (PID=3856) to work on /opt/airflow/dags/my_dag.py
[2025-11-02T13:16:38.660+0000] {processor.py:830} INFO - Processing file /opt/airflow/dags/my_dag.py for tasks to queue
[2025-11-02T13:16:38.664+0000] {logging_mixin.py:188} INFO - [2025-11-02T13:16:38.663+0000] {dagbag.py:538} INFO - Filling up the DagBag from /opt/airflow/dags/my_dag.py
[2025-11-02T13:16:39.614+0000] {processor.py:840} INFO - DAG(s) 'my_dag' retrieved from /opt/airflow/dags/my_dag.py
[2025-11-02T13:16:39.657+0000] {logging_mixin.py:188} INFO - [2025-11-02T13:16:39.656+0000] {dag.py:3036} INFO - Sync 1 DAGs
[2025-11-02T13:16:39.677+0000] {logging_mixin.py:188} INFO - [2025-11-02T13:16:39.676+0000] {dag.py:3823} INFO - Setting next_dagrun for my_dag to None, run_after=None
[2025-11-02T13:16:39.704+0000] {processor.py:183} INFO - Processing /opt/airflow/dags/my_dag.py took 1.056 seconds
[2025-11-02T13:17:12.205+0000] {processor.py:161} INFO - Started process (PID=3868) to work on /opt/airflow/dags/my_dag.py
[2025-11-02T13:17:12.209+0000] {processor.py:830} INFO - Processing file /opt/airflow/dags/my_dag.py for tasks to queue
[2025-11-02T13:17:12.211+0000] {logging_mixin.py:188} INFO - [2025-11-02T13:17:12.210+0000] {dagbag.py:538} INFO - Filling up the DagBag from /opt/airflow/dags/my_dag.py
[2025-11-02T13:17:13.223+0000] {processor.py:840} INFO - DAG(s) 'my_dag' retrieved from /opt/airflow/dags/my_dag.py
[2025-11-02T13:17:13.252+0000] {logging_mixin.py:188} INFO - [2025-11-02T13:17:13.251+0000] {dag.py:3036} INFO - Sync 1 DAGs
[2025-11-02T13:17:13.265+0000] {logging_mixin.py:188} INFO - [2025-11-02T13:17:13.265+0000] {dag.py:3823} INFO - Setting next_dagrun for my_dag to None, run_after=None
[2025-11-02T13:17:13.294+0000] {processor.py:183} INFO - Processing /opt/airflow/dags/my_dag.py took 1.107 seconds
[2025-11-02T13:17:45.777+0000] {processor.py:161} INFO - Started process (PID=3880) to work on /opt/airflow/dags/my_dag.py
[2025-11-02T13:17:45.786+0000] {processor.py:830} INFO - Processing file /opt/airflow/dags/my_dag.py for tasks to queue
[2025-11-02T13:17:45.789+0000] {logging_mixin.py:188} INFO - [2025-11-02T13:17:45.788+0000] {dagbag.py:538} INFO - Filling up the DagBag from /opt/airflow/dags/my_dag.py
[2025-11-02T13:17:47.359+0000] {processor.py:840} INFO - DAG(s) 'my_dag' retrieved from /opt/airflow/dags/my_dag.py
[2025-11-02T13:17:47.453+0000] {logging_mixin.py:188} INFO - [2025-11-02T13:17:47.451+0000] {dag.py:3036} INFO - Sync 1 DAGs
[2025-11-02T13:17:47.546+0000] {logging_mixin.py:188} INFO - [2025-11-02T13:17:47.545+0000] {dag.py:3823} INFO - Setting next_dagrun for my_dag to None, run_after=None
[2025-11-02T13:17:47.606+0000] {processor.py:183} INFO - Processing /opt/airflow/dags/my_dag.py took 1.844 seconds
[2025-11-02T13:18:18.413+0000] {processor.py:161} INFO - Started process (PID=3892) to work on /opt/airflow/dags/my_dag.py
[2025-11-02T13:18:18.419+0000] {processor.py:830} INFO - Processing file /opt/airflow/dags/my_dag.py for tasks to queue
[2025-11-02T13:18:18.421+0000] {logging_mixin.py:188} INFO - [2025-11-02T13:18:18.420+0000] {dagbag.py:538} INFO - Filling up the DagBag from /opt/airflow/dags/my_dag.py
[2025-11-02T13:18:19.477+0000] {processor.py:840} INFO - DAG(s) 'my_dag' retrieved from /opt/airflow/dags/my_dag.py
[2025-11-02T13:18:19.514+0000] {logging_mixin.py:188} INFO - [2025-11-02T13:18:19.514+0000] {dag.py:3036} INFO - Sync 1 DAGs
[2025-11-02T13:18:19.531+0000] {logging_mixin.py:188} INFO - [2025-11-02T13:18:19.531+0000] {dag.py:3823} INFO - Setting next_dagrun for my_dag to None, run_after=None
[2025-11-02T13:18:19.566+0000] {processor.py:183} INFO - Processing /opt/airflow/dags/my_dag.py took 1.161 seconds
[2025-11-02T13:18:52.350+0000] {processor.py:161} INFO - Started process (PID=3904) to work on /opt/airflow/dags/my_dag.py
[2025-11-02T13:18:52.352+0000] {processor.py:830} INFO - Processing file /opt/airflow/dags/my_dag.py for tasks to queue
[2025-11-02T13:18:52.354+0000] {logging_mixin.py:188} INFO - [2025-11-02T13:18:52.353+0000] {dagbag.py:538} INFO - Filling up the DagBag from /opt/airflow/dags/my_dag.py
[2025-11-02T13:18:53.952+0000] {processor.py:840} INFO - DAG(s) 'my_dag' retrieved from /opt/airflow/dags/my_dag.py
[2025-11-02T13:18:54.016+0000] {logging_mixin.py:188} INFO - [2025-11-02T13:18:54.016+0000] {dag.py:3036} INFO - Sync 1 DAGs
[2025-11-02T13:18:54.034+0000] {logging_mixin.py:188} INFO - [2025-11-02T13:18:54.034+0000] {dag.py:3823} INFO - Setting next_dagrun for my_dag to None, run_after=None
[2025-11-02T13:18:54.072+0000] {processor.py:183} INFO - Processing /opt/airflow/dags/my_dag.py took 1.734 seconds
[2025-11-02T13:19:26.567+0000] {processor.py:161} INFO - Started process (PID=3916) to work on /opt/airflow/dags/my_dag.py
[2025-11-02T13:19:26.571+0000] {processor.py:830} INFO - Processing file /opt/airflow/dags/my_dag.py for tasks to queue
[2025-11-02T13:19:26.572+0000] {logging_mixin.py:188} INFO - [2025-11-02T13:19:26.572+0000] {dagbag.py:538} INFO - Filling up the DagBag from /opt/airflow/dags/my_dag.py
[2025-11-02T13:19:27.488+0000] {processor.py:840} INFO - DAG(s) 'my_dag' retrieved from /opt/airflow/dags/my_dag.py
[2025-11-02T13:19:27.531+0000] {logging_mixin.py:188} INFO - [2025-11-02T13:19:27.531+0000] {dag.py:3036} INFO - Sync 1 DAGs
[2025-11-02T13:19:27.548+0000] {logging_mixin.py:188} INFO - [2025-11-02T13:19:27.548+0000] {dag.py:3823} INFO - Setting next_dagrun for my_dag to None, run_after=None
[2025-11-02T13:19:27.577+0000] {processor.py:183} INFO - Processing /opt/airflow/dags/my_dag.py took 1.026 seconds
[2025-11-02T13:19:58.284+0000] {processor.py:161} INFO - Started process (PID=3928) to work on /opt/airflow/dags/my_dag.py
[2025-11-02T13:19:58.288+0000] {processor.py:830} INFO - Processing file /opt/airflow/dags/my_dag.py for tasks to queue
[2025-11-02T13:19:58.290+0000] {logging_mixin.py:188} INFO - [2025-11-02T13:19:58.289+0000] {dagbag.py:538} INFO - Filling up the DagBag from /opt/airflow/dags/my_dag.py
[2025-11-02T13:19:59.236+0000] {processor.py:840} INFO - DAG(s) 'my_dag' retrieved from /opt/airflow/dags/my_dag.py
[2025-11-02T13:19:59.278+0000] {logging_mixin.py:188} INFO - [2025-11-02T13:19:59.277+0000] {dag.py:3036} INFO - Sync 1 DAGs
[2025-11-02T13:19:59.298+0000] {logging_mixin.py:188} INFO - [2025-11-02T13:19:59.298+0000] {dag.py:3823} INFO - Setting next_dagrun for my_dag to None, run_after=None
[2025-11-02T13:19:59.351+0000] {processor.py:183} INFO - Processing /opt/airflow/dags/my_dag.py took 1.072 seconds
[2025-11-02T13:20:31.683+0000] {processor.py:161} INFO - Started process (PID=3940) to work on /opt/airflow/dags/my_dag.py
[2025-11-02T13:20:31.685+0000] {processor.py:830} INFO - Processing file /opt/airflow/dags/my_dag.py for tasks to queue
[2025-11-02T13:20:31.687+0000] {logging_mixin.py:188} INFO - [2025-11-02T13:20:31.686+0000] {dagbag.py:538} INFO - Filling up the DagBag from /opt/airflow/dags/my_dag.py
[2025-11-02T13:20:32.486+0000] {processor.py:840} INFO - DAG(s) 'my_dag' retrieved from /opt/airflow/dags/my_dag.py
[2025-11-02T13:20:32.521+0000] {logging_mixin.py:188} INFO - [2025-11-02T13:20:32.520+0000] {dag.py:3036} INFO - Sync 1 DAGs
[2025-11-02T13:20:32.538+0000] {logging_mixin.py:188} INFO - [2025-11-02T13:20:32.538+0000] {dag.py:3823} INFO - Setting next_dagrun for my_dag to None, run_after=None
[2025-11-02T13:20:32.574+0000] {processor.py:183} INFO - Processing /opt/airflow/dags/my_dag.py took 0.900 seconds
[2025-11-02T13:21:04.933+0000] {processor.py:161} INFO - Started process (PID=3952) to work on /opt/airflow/dags/my_dag.py
[2025-11-02T13:21:04.936+0000] {processor.py:830} INFO - Processing file /opt/airflow/dags/my_dag.py for tasks to queue
[2025-11-02T13:21:04.945+0000] {logging_mixin.py:188} INFO - [2025-11-02T13:21:04.945+0000] {dagbag.py:538} INFO - Filling up the DagBag from /opt/airflow/dags/my_dag.py
[2025-11-02T13:21:05.765+0000] {processor.py:840} INFO - DAG(s) 'my_dag' retrieved from /opt/airflow/dags/my_dag.py
[2025-11-02T13:21:05.799+0000] {logging_mixin.py:188} INFO - [2025-11-02T13:21:05.798+0000] {dag.py:3036} INFO - Sync 1 DAGs
[2025-11-02T13:21:05.820+0000] {logging_mixin.py:188} INFO - [2025-11-02T13:21:05.820+0000] {dag.py:3823} INFO - Setting next_dagrun for my_dag to None, run_after=None
[2025-11-02T13:21:05.884+0000] {processor.py:183} INFO - Processing /opt/airflow/dags/my_dag.py took 0.961 seconds
[2025-11-02T13:21:38.613+0000] {processor.py:161} INFO - Started process (PID=3964) to work on /opt/airflow/dags/my_dag.py
[2025-11-02T13:21:38.616+0000] {processor.py:830} INFO - Processing file /opt/airflow/dags/my_dag.py for tasks to queue
[2025-11-02T13:21:38.618+0000] {logging_mixin.py:188} INFO - [2025-11-02T13:21:38.617+0000] {dagbag.py:538} INFO - Filling up the DagBag from /opt/airflow/dags/my_dag.py
[2025-11-02T13:21:39.370+0000] {processor.py:840} INFO - DAG(s) 'my_dag' retrieved from /opt/airflow/dags/my_dag.py
[2025-11-02T13:21:39.401+0000] {logging_mixin.py:188} INFO - [2025-11-02T13:21:39.400+0000] {dag.py:3036} INFO - Sync 1 DAGs
[2025-11-02T13:21:39.416+0000] {logging_mixin.py:188} INFO - [2025-11-02T13:21:39.416+0000] {dag.py:3823} INFO - Setting next_dagrun for my_dag to None, run_after=None
[2025-11-02T13:21:39.448+0000] {processor.py:183} INFO - Processing /opt/airflow/dags/my_dag.py took 0.843 seconds
[2025-11-02T13:22:13.216+0000] {processor.py:161} INFO - Started process (PID=3976) to work on /opt/airflow/dags/my_dag.py
[2025-11-02T13:22:13.229+0000] {processor.py:830} INFO - Processing file /opt/airflow/dags/my_dag.py for tasks to queue
[2025-11-02T13:22:13.234+0000] {logging_mixin.py:188} INFO - [2025-11-02T13:22:13.233+0000] {dagbag.py:538} INFO - Filling up the DagBag from /opt/airflow/dags/my_dag.py
[2025-11-02T13:22:15.442+0000] {processor.py:840} INFO - DAG(s) 'my_dag' retrieved from /opt/airflow/dags/my_dag.py
[2025-11-02T13:22:15.498+0000] {logging_mixin.py:188} INFO - [2025-11-02T13:22:15.496+0000] {dag.py:3036} INFO - Sync 1 DAGs
[2025-11-02T13:22:15.524+0000] {logging_mixin.py:188} INFO - [2025-11-02T13:22:15.523+0000] {dag.py:3823} INFO - Setting next_dagrun for my_dag to None, run_after=None
[2025-11-02T13:22:15.597+0000] {processor.py:183} INFO - Processing /opt/airflow/dags/my_dag.py took 2.397 seconds
[2025-11-02T13:22:46.140+0000] {processor.py:161} INFO - Started process (PID=3989) to work on /opt/airflow/dags/my_dag.py
[2025-11-02T13:22:46.142+0000] {processor.py:830} INFO - Processing file /opt/airflow/dags/my_dag.py for tasks to queue
[2025-11-02T13:22:46.144+0000] {logging_mixin.py:188} INFO - [2025-11-02T13:22:46.143+0000] {dagbag.py:538} INFO - Filling up the DagBag from /opt/airflow/dags/my_dag.py
[2025-11-02T13:22:46.877+0000] {processor.py:840} INFO - DAG(s) 'my_dag' retrieved from /opt/airflow/dags/my_dag.py
[2025-11-02T13:22:46.921+0000] {logging_mixin.py:188} INFO - [2025-11-02T13:22:46.920+0000] {dag.py:3036} INFO - Sync 1 DAGs
[2025-11-02T13:22:46.941+0000] {logging_mixin.py:188} INFO - [2025-11-02T13:22:46.941+0000] {dag.py:3823} INFO - Setting next_dagrun for my_dag to None, run_after=None
[2025-11-02T13:22:46.981+0000] {processor.py:183} INFO - Processing /opt/airflow/dags/my_dag.py took 0.847 seconds
[2025-11-02T13:23:19.475+0000] {processor.py:161} INFO - Started process (PID=4000) to work on /opt/airflow/dags/my_dag.py
[2025-11-02T13:23:19.482+0000] {processor.py:830} INFO - Processing file /opt/airflow/dags/my_dag.py for tasks to queue
[2025-11-02T13:23:19.512+0000] {logging_mixin.py:188} INFO - [2025-11-02T13:23:19.511+0000] {dagbag.py:538} INFO - Filling up the DagBag from /opt/airflow/dags/my_dag.py
[2025-11-02T13:23:23.275+0000] {processor.py:840} INFO - DAG(s) 'my_dag' retrieved from /opt/airflow/dags/my_dag.py
[2025-11-02T13:23:23.430+0000] {logging_mixin.py:188} INFO - [2025-11-02T13:23:23.429+0000] {dag.py:3036} INFO - Sync 1 DAGs
[2025-11-02T13:23:23.507+0000] {logging_mixin.py:188} INFO - [2025-11-02T13:23:23.507+0000] {dag.py:3823} INFO - Setting next_dagrun for my_dag to None, run_after=None
[2025-11-02T13:23:23.601+0000] {processor.py:183} INFO - Processing /opt/airflow/dags/my_dag.py took 4.145 seconds
[2025-11-02T13:23:54.238+0000] {processor.py:161} INFO - Started process (PID=4013) to work on /opt/airflow/dags/my_dag.py
[2025-11-02T13:23:54.241+0000] {processor.py:830} INFO - Processing file /opt/airflow/dags/my_dag.py for tasks to queue
[2025-11-02T13:23:54.245+0000] {logging_mixin.py:188} INFO - [2025-11-02T13:23:54.244+0000] {dagbag.py:538} INFO - Filling up the DagBag from /opt/airflow/dags/my_dag.py
[2025-11-02T13:23:55.836+0000] {processor.py:840} INFO - DAG(s) 'my_dag' retrieved from /opt/airflow/dags/my_dag.py
[2025-11-02T13:23:55.965+0000] {logging_mixin.py:188} INFO - [2025-11-02T13:23:55.964+0000] {dag.py:3036} INFO - Sync 1 DAGs
[2025-11-02T13:23:56.009+0000] {logging_mixin.py:188} INFO - [2025-11-02T13:23:56.008+0000] {dag.py:3823} INFO - Setting next_dagrun for my_dag to None, run_after=None
[2025-11-02T13:23:56.062+0000] {processor.py:183} INFO - Processing /opt/airflow/dags/my_dag.py took 1.837 seconds
[2025-11-02T13:24:26.846+0000] {processor.py:161} INFO - Started process (PID=4025) to work on /opt/airflow/dags/my_dag.py
[2025-11-02T13:24:26.849+0000] {processor.py:830} INFO - Processing file /opt/airflow/dags/my_dag.py for tasks to queue
[2025-11-02T13:24:26.851+0000] {logging_mixin.py:188} INFO - [2025-11-02T13:24:26.850+0000] {dagbag.py:538} INFO - Filling up the DagBag from /opt/airflow/dags/my_dag.py
[2025-11-02T13:24:27.609+0000] {processor.py:840} INFO - DAG(s) 'my_dag' retrieved from /opt/airflow/dags/my_dag.py
[2025-11-02T13:24:27.639+0000] {logging_mixin.py:188} INFO - [2025-11-02T13:24:27.639+0000] {dag.py:3036} INFO - Sync 1 DAGs
[2025-11-02T13:24:27.658+0000] {logging_mixin.py:188} INFO - [2025-11-02T13:24:27.658+0000] {dag.py:3823} INFO - Setting next_dagrun for my_dag to None, run_after=None
[2025-11-02T13:24:27.696+0000] {processor.py:183} INFO - Processing /opt/airflow/dags/my_dag.py took 0.855 seconds
[2025-11-02T13:24:58.414+0000] {processor.py:161} INFO - Started process (PID=4037) to work on /opt/airflow/dags/my_dag.py
[2025-11-02T13:24:58.422+0000] {processor.py:830} INFO - Processing file /opt/airflow/dags/my_dag.py for tasks to queue
[2025-11-02T13:24:58.424+0000] {logging_mixin.py:188} INFO - [2025-11-02T13:24:58.423+0000] {dagbag.py:538} INFO - Filling up the DagBag from /opt/airflow/dags/my_dag.py
[2025-11-02T13:25:00.898+0000] {processor.py:840} INFO - DAG(s) 'my_dag' retrieved from /opt/airflow/dags/my_dag.py
[2025-11-02T13:25:01.001+0000] {logging_mixin.py:188} INFO - [2025-11-02T13:25:00.996+0000] {dag.py:3036} INFO - Sync 1 DAGs
[2025-11-02T13:25:01.040+0000] {logging_mixin.py:188} INFO - [2025-11-02T13:25:01.040+0000] {dag.py:3823} INFO - Setting next_dagrun for my_dag to None, run_after=None
[2025-11-02T13:25:01.097+0000] {processor.py:183} INFO - Processing /opt/airflow/dags/my_dag.py took 2.698 seconds
[2025-11-02T13:25:31.595+0000] {processor.py:161} INFO - Started process (PID=4049) to work on /opt/airflow/dags/my_dag.py
[2025-11-02T13:25:31.597+0000] {processor.py:830} INFO - Processing file /opt/airflow/dags/my_dag.py for tasks to queue
[2025-11-02T13:25:31.601+0000] {logging_mixin.py:188} INFO - [2025-11-02T13:25:31.599+0000] {dagbag.py:538} INFO - Filling up the DagBag from /opt/airflow/dags/my_dag.py
[2025-11-02T13:25:33.132+0000] {processor.py:840} INFO - DAG(s) 'my_dag' retrieved from /opt/airflow/dags/my_dag.py
[2025-11-02T13:25:33.314+0000] {logging_mixin.py:188} INFO - [2025-11-02T13:25:33.313+0000] {dag.py:3036} INFO - Sync 1 DAGs
[2025-11-02T13:25:33.374+0000] {logging_mixin.py:188} INFO - [2025-11-02T13:25:33.367+0000] {dag.py:3823} INFO - Setting next_dagrun for my_dag to None, run_after=None
[2025-11-02T13:25:33.701+0000] {processor.py:183} INFO - Processing /opt/airflow/dags/my_dag.py took 2.118 seconds
[2025-11-02T13:26:06.582+0000] {processor.py:161} INFO - Started process (PID=4061) to work on /opt/airflow/dags/my_dag.py
[2025-11-02T13:26:06.584+0000] {processor.py:830} INFO - Processing file /opt/airflow/dags/my_dag.py for tasks to queue
[2025-11-02T13:26:06.586+0000] {logging_mixin.py:188} INFO - [2025-11-02T13:26:06.585+0000] {dagbag.py:538} INFO - Filling up the DagBag from /opt/airflow/dags/my_dag.py
[2025-11-02T13:26:09.757+0000] {processor.py:840} INFO - DAG(s) 'my_dag' retrieved from /opt/airflow/dags/my_dag.py
[2025-11-02T13:26:09.882+0000] {logging_mixin.py:188} INFO - [2025-11-02T13:26:09.880+0000] {dag.py:3036} INFO - Sync 1 DAGs
[2025-11-02T13:26:09.938+0000] {logging_mixin.py:188} INFO - [2025-11-02T13:26:09.938+0000] {dag.py:3823} INFO - Setting next_dagrun for my_dag to None, run_after=None
[2025-11-02T13:26:09.993+0000] {processor.py:183} INFO - Processing /opt/airflow/dags/my_dag.py took 3.418 seconds
[2025-11-02T13:26:40.414+0000] {processor.py:161} INFO - Started process (PID=4073) to work on /opt/airflow/dags/my_dag.py
[2025-11-02T13:26:40.420+0000] {processor.py:830} INFO - Processing file /opt/airflow/dags/my_dag.py for tasks to queue
[2025-11-02T13:26:40.424+0000] {logging_mixin.py:188} INFO - [2025-11-02T13:26:40.423+0000] {dagbag.py:538} INFO - Filling up the DagBag from /opt/airflow/dags/my_dag.py
[2025-11-02T13:26:41.845+0000] {processor.py:840} INFO - DAG(s) 'my_dag' retrieved from /opt/airflow/dags/my_dag.py
[2025-11-02T13:26:41.895+0000] {logging_mixin.py:188} INFO - [2025-11-02T13:26:41.894+0000] {dag.py:3036} INFO - Sync 1 DAGs
[2025-11-02T13:26:41.930+0000] {logging_mixin.py:188} INFO - [2025-11-02T13:26:41.930+0000] {dag.py:3823} INFO - Setting next_dagrun for my_dag to None, run_after=None
[2025-11-02T13:26:42.305+0000] {processor.py:183} INFO - Processing /opt/airflow/dags/my_dag.py took 1.899 seconds
[2025-11-02T13:27:12.698+0000] {processor.py:161} INFO - Started process (PID=4085) to work on /opt/airflow/dags/my_dag.py
[2025-11-02T13:27:12.700+0000] {processor.py:830} INFO - Processing file /opt/airflow/dags/my_dag.py for tasks to queue
[2025-11-02T13:27:12.703+0000] {logging_mixin.py:188} INFO - [2025-11-02T13:27:12.702+0000] {dagbag.py:538} INFO - Filling up the DagBag from /opt/airflow/dags/my_dag.py
[2025-11-02T13:27:13.393+0000] {processor.py:840} INFO - DAG(s) 'my_dag' retrieved from /opt/airflow/dags/my_dag.py
[2025-11-02T13:27:13.427+0000] {logging_mixin.py:188} INFO - [2025-11-02T13:27:13.426+0000] {dag.py:3036} INFO - Sync 1 DAGs
[2025-11-02T13:27:13.443+0000] {logging_mixin.py:188} INFO - [2025-11-02T13:27:13.442+0000] {dag.py:3823} INFO - Setting next_dagrun for my_dag to None, run_after=None
[2025-11-02T13:27:13.478+0000] {processor.py:183} INFO - Processing /opt/airflow/dags/my_dag.py took 0.788 seconds
[2025-11-02T13:27:44.793+0000] {processor.py:161} INFO - Started process (PID=4097) to work on /opt/airflow/dags/my_dag.py
[2025-11-02T13:27:44.796+0000] {processor.py:830} INFO - Processing file /opt/airflow/dags/my_dag.py for tasks to queue
[2025-11-02T13:27:44.799+0000] {logging_mixin.py:188} INFO - [2025-11-02T13:27:44.798+0000] {dagbag.py:538} INFO - Filling up the DagBag from /opt/airflow/dags/my_dag.py
[2025-11-02T13:27:46.963+0000] {processor.py:840} INFO - DAG(s) 'my_dag' retrieved from /opt/airflow/dags/my_dag.py
[2025-11-02T13:27:47.095+0000] {logging_mixin.py:188} INFO - [2025-11-02T13:27:47.093+0000] {dag.py:3036} INFO - Sync 1 DAGs
[2025-11-02T13:27:47.162+0000] {logging_mixin.py:188} INFO - [2025-11-02T13:27:47.161+0000] {dag.py:3823} INFO - Setting next_dagrun for my_dag to None, run_after=None
[2025-11-02T13:27:47.311+0000] {processor.py:183} INFO - Processing /opt/airflow/dags/my_dag.py took 2.526 seconds
[2025-11-02T13:28:18.692+0000] {processor.py:161} INFO - Started process (PID=4109) to work on /opt/airflow/dags/my_dag.py
[2025-11-02T13:28:18.695+0000] {processor.py:830} INFO - Processing file /opt/airflow/dags/my_dag.py for tasks to queue
[2025-11-02T13:28:18.699+0000] {logging_mixin.py:188} INFO - [2025-11-02T13:28:18.698+0000] {dagbag.py:538} INFO - Filling up the DagBag from /opt/airflow/dags/my_dag.py
[2025-11-02T13:28:20.896+0000] {processor.py:840} INFO - DAG(s) 'my_dag' retrieved from /opt/airflow/dags/my_dag.py
[2025-11-02T13:28:20.978+0000] {logging_mixin.py:188} INFO - [2025-11-02T13:28:20.977+0000] {dag.py:3036} INFO - Sync 1 DAGs
[2025-11-02T13:28:21.026+0000] {logging_mixin.py:188} INFO - [2025-11-02T13:28:21.026+0000] {dag.py:3823} INFO - Setting next_dagrun for my_dag to None, run_after=None
[2025-11-02T13:28:21.076+0000] {processor.py:183} INFO - Processing /opt/airflow/dags/my_dag.py took 2.395 seconds
[2025-11-02T13:28:59.717+0000] {processor.py:161} INFO - Started process (PID=4121) to work on /opt/airflow/dags/my_dag.py
[2025-11-02T13:28:59.736+0000] {processor.py:830} INFO - Processing file /opt/airflow/dags/my_dag.py for tasks to queue
[2025-11-02T13:28:59.751+0000] {logging_mixin.py:188} INFO - [2025-11-02T13:28:59.751+0000] {dagbag.py:538} INFO - Filling up the DagBag from /opt/airflow/dags/my_dag.py
[2025-11-02T13:29:13.714+0000] {processor.py:840} INFO - DAG(s) 'my_dag' retrieved from /opt/airflow/dags/my_dag.py
[2025-11-02T13:29:14.115+0000] {logging_mixin.py:188} INFO - [2025-11-02T13:29:14.113+0000] {dag.py:3036} INFO - Sync 1 DAGs
[2025-11-02T13:29:14.392+0000] {logging_mixin.py:188} INFO - [2025-11-02T13:29:14.391+0000] {dag.py:3823} INFO - Setting next_dagrun for my_dag to None, run_after=None
[2025-11-02T13:29:14.583+0000] {processor.py:183} INFO - Processing /opt/airflow/dags/my_dag.py took 14.883 seconds
[2025-11-02T13:29:45.339+0000] {processor.py:161} INFO - Started process (PID=4141) to work on /opt/airflow/dags/my_dag.py
[2025-11-02T13:29:45.341+0000] {processor.py:830} INFO - Processing file /opt/airflow/dags/my_dag.py for tasks to queue
[2025-11-02T13:29:45.343+0000] {logging_mixin.py:188} INFO - [2025-11-02T13:29:45.342+0000] {dagbag.py:538} INFO - Filling up the DagBag from /opt/airflow/dags/my_dag.py
[2025-11-02T13:29:46.135+0000] {processor.py:840} INFO - DAG(s) 'my_dag' retrieved from /opt/airflow/dags/my_dag.py
[2025-11-02T13:29:46.184+0000] {logging_mixin.py:188} INFO - [2025-11-02T13:29:46.183+0000] {dag.py:3036} INFO - Sync 1 DAGs
[2025-11-02T13:29:46.208+0000] {logging_mixin.py:188} INFO - [2025-11-02T13:29:46.208+0000] {dag.py:3823} INFO - Setting next_dagrun for my_dag to None, run_after=None
[2025-11-02T13:29:46.304+0000] {processor.py:183} INFO - Processing /opt/airflow/dags/my_dag.py took 0.972 seconds
[2025-11-02T13:30:16.944+0000] {processor.py:161} INFO - Started process (PID=4153) to work on /opt/airflow/dags/my_dag.py
[2025-11-02T13:30:16.945+0000] {processor.py:830} INFO - Processing file /opt/airflow/dags/my_dag.py for tasks to queue
[2025-11-02T13:30:16.947+0000] {logging_mixin.py:188} INFO - [2025-11-02T13:30:16.947+0000] {dagbag.py:538} INFO - Filling up the DagBag from /opt/airflow/dags/my_dag.py
[2025-11-02T13:30:17.988+0000] {processor.py:840} INFO - DAG(s) 'my_dag' retrieved from /opt/airflow/dags/my_dag.py
[2025-11-02T13:30:18.028+0000] {logging_mixin.py:188} INFO - [2025-11-02T13:30:18.027+0000] {dag.py:3036} INFO - Sync 1 DAGs
[2025-11-02T13:30:18.048+0000] {logging_mixin.py:188} INFO - [2025-11-02T13:30:18.048+0000] {dag.py:3823} INFO - Setting next_dagrun for my_dag to None, run_after=None
[2025-11-02T13:30:18.192+0000] {processor.py:183} INFO - Processing /opt/airflow/dags/my_dag.py took 1.257 seconds
[2025-11-02T13:30:48.967+0000] {processor.py:161} INFO - Started process (PID=4165) to work on /opt/airflow/dags/my_dag.py
[2025-11-02T13:30:48.980+0000] {processor.py:830} INFO - Processing file /opt/airflow/dags/my_dag.py for tasks to queue
[2025-11-02T13:30:48.989+0000] {logging_mixin.py:188} INFO - [2025-11-02T13:30:48.988+0000] {dagbag.py:538} INFO - Filling up the DagBag from /opt/airflow/dags/my_dag.py
[2025-11-02T13:30:51.012+0000] {processor.py:840} INFO - DAG(s) 'my_dag' retrieved from /opt/airflow/dags/my_dag.py
[2025-11-02T13:30:51.074+0000] {logging_mixin.py:188} INFO - [2025-11-02T13:30:51.074+0000] {dag.py:3036} INFO - Sync 1 DAGs
[2025-11-02T13:30:51.096+0000] {logging_mixin.py:188} INFO - [2025-11-02T13:30:51.096+0000] {dag.py:3823} INFO - Setting next_dagrun for my_dag to None, run_after=None
[2025-11-02T13:30:51.149+0000] {processor.py:183} INFO - Processing /opt/airflow/dags/my_dag.py took 2.197 seconds
[2025-11-02T13:31:21.560+0000] {processor.py:161} INFO - Started process (PID=4177) to work on /opt/airflow/dags/my_dag.py
[2025-11-02T13:31:21.561+0000] {processor.py:830} INFO - Processing file /opt/airflow/dags/my_dag.py for tasks to queue
[2025-11-02T13:31:21.564+0000] {logging_mixin.py:188} INFO - [2025-11-02T13:31:21.563+0000] {dagbag.py:538} INFO - Filling up the DagBag from /opt/airflow/dags/my_dag.py
[2025-11-02T13:31:22.708+0000] {processor.py:840} INFO - DAG(s) 'my_dag' retrieved from /opt/airflow/dags/my_dag.py
[2025-11-02T13:31:22.763+0000] {logging_mixin.py:188} INFO - [2025-11-02T13:31:22.762+0000] {dag.py:3036} INFO - Sync 1 DAGs
[2025-11-02T13:31:22.794+0000] {logging_mixin.py:188} INFO - [2025-11-02T13:31:22.794+0000] {dag.py:3823} INFO - Setting next_dagrun for my_dag to None, run_after=None
[2025-11-02T13:31:22.879+0000] {processor.py:183} INFO - Processing /opt/airflow/dags/my_dag.py took 1.324 seconds
[2025-11-02T13:31:55.359+0000] {processor.py:161} INFO - Started process (PID=4189) to work on /opt/airflow/dags/my_dag.py
[2025-11-02T13:31:55.361+0000] {processor.py:830} INFO - Processing file /opt/airflow/dags/my_dag.py for tasks to queue
[2025-11-02T13:31:55.363+0000] {logging_mixin.py:188} INFO - [2025-11-02T13:31:55.362+0000] {dagbag.py:538} INFO - Filling up the DagBag from /opt/airflow/dags/my_dag.py
[2025-11-02T13:31:57.131+0000] {processor.py:840} INFO - DAG(s) 'my_dag' retrieved from /opt/airflow/dags/my_dag.py
[2025-11-02T13:31:57.214+0000] {logging_mixin.py:188} INFO - [2025-11-02T13:31:57.211+0000] {dag.py:3036} INFO - Sync 1 DAGs
[2025-11-02T13:31:57.237+0000] {logging_mixin.py:188} INFO - [2025-11-02T13:31:57.237+0000] {dag.py:3823} INFO - Setting next_dagrun for my_dag to None, run_after=None
[2025-11-02T13:31:57.447+0000] {processor.py:183} INFO - Processing /opt/airflow/dags/my_dag.py took 2.098 seconds
[2025-11-02T13:32:27.820+0000] {processor.py:161} INFO - Started process (PID=4200) to work on /opt/airflow/dags/my_dag.py
[2025-11-02T13:32:27.825+0000] {processor.py:830} INFO - Processing file /opt/airflow/dags/my_dag.py for tasks to queue
[2025-11-02T13:32:27.830+0000] {logging_mixin.py:188} INFO - [2025-11-02T13:32:27.829+0000] {dagbag.py:538} INFO - Filling up the DagBag from /opt/airflow/dags/my_dag.py
[2025-11-02T13:32:30.559+0000] {processor.py:840} INFO - DAG(s) 'my_dag' retrieved from /opt/airflow/dags/my_dag.py
[2025-11-02T13:32:30.714+0000] {logging_mixin.py:188} INFO - [2025-11-02T13:32:30.714+0000] {dag.py:3036} INFO - Sync 1 DAGs
[2025-11-02T13:32:30.787+0000] {logging_mixin.py:188} INFO - [2025-11-02T13:32:30.787+0000] {dag.py:3823} INFO - Setting next_dagrun for my_dag to None, run_after=None
[2025-11-02T13:32:30.891+0000] {processor.py:183} INFO - Processing /opt/airflow/dags/my_dag.py took 3.081 seconds
[2025-11-02T13:33:01.448+0000] {processor.py:161} INFO - Started process (PID=4212) to work on /opt/airflow/dags/my_dag.py
[2025-11-02T13:33:01.450+0000] {processor.py:830} INFO - Processing file /opt/airflow/dags/my_dag.py for tasks to queue
[2025-11-02T13:33:01.451+0000] {logging_mixin.py:188} INFO - [2025-11-02T13:33:01.451+0000] {dagbag.py:538} INFO - Filling up the DagBag from /opt/airflow/dags/my_dag.py
[2025-11-02T13:33:02.438+0000] {processor.py:840} INFO - DAG(s) 'my_dag' retrieved from /opt/airflow/dags/my_dag.py
[2025-11-02T13:33:02.484+0000] {logging_mixin.py:188} INFO - [2025-11-02T13:33:02.484+0000] {dag.py:3036} INFO - Sync 1 DAGs
[2025-11-02T13:33:02.500+0000] {logging_mixin.py:188} INFO - [2025-11-02T13:33:02.500+0000] {dag.py:3823} INFO - Setting next_dagrun for my_dag to None, run_after=None
[2025-11-02T13:33:02.852+0000] {processor.py:183} INFO - Processing /opt/airflow/dags/my_dag.py took 1.411 seconds
[2025-11-02T13:33:33.398+0000] {processor.py:161} INFO - Started process (PID=4218) to work on /opt/airflow/dags/my_dag.py
[2025-11-02T13:33:33.406+0000] {processor.py:830} INFO - Processing file /opt/airflow/dags/my_dag.py for tasks to queue
[2025-11-02T13:33:33.409+0000] {logging_mixin.py:188} INFO - [2025-11-02T13:33:33.407+0000] {dagbag.py:538} INFO - Filling up the DagBag from /opt/airflow/dags/my_dag.py
[2025-11-02T13:33:34.777+0000] {processor.py:840} INFO - DAG(s) 'my_dag' retrieved from /opt/airflow/dags/my_dag.py
[2025-11-02T13:33:34.845+0000] {logging_mixin.py:188} INFO - [2025-11-02T13:33:34.836+0000] {dag.py:3036} INFO - Sync 1 DAGs
[2025-11-02T13:33:34.876+0000] {logging_mixin.py:188} INFO - [2025-11-02T13:33:34.876+0000] {dag.py:3823} INFO - Setting next_dagrun for my_dag to None, run_after=None
[2025-11-02T13:33:34.930+0000] {processor.py:183} INFO - Processing /opt/airflow/dags/my_dag.py took 1.549 seconds
[2025-11-02T13:34:05.195+0000] {processor.py:161} INFO - Started process (PID=4229) to work on /opt/airflow/dags/my_dag.py
[2025-11-02T13:34:05.197+0000] {processor.py:830} INFO - Processing file /opt/airflow/dags/my_dag.py for tasks to queue
[2025-11-02T13:34:05.199+0000] {logging_mixin.py:188} INFO - [2025-11-02T13:34:05.198+0000] {dagbag.py:538} INFO - Filling up the DagBag from /opt/airflow/dags/my_dag.py
[2025-11-02T13:34:06.065+0000] {processor.py:840} INFO - DAG(s) 'my_dag' retrieved from /opt/airflow/dags/my_dag.py
[2025-11-02T13:34:06.124+0000] {logging_mixin.py:188} INFO - [2025-11-02T13:34:06.118+0000] {dag.py:3036} INFO - Sync 1 DAGs
[2025-11-02T13:34:06.159+0000] {logging_mixin.py:188} INFO - [2025-11-02T13:34:06.159+0000] {dag.py:3823} INFO - Setting next_dagrun for my_dag to None, run_after=None
[2025-11-02T13:34:06.205+0000] {processor.py:183} INFO - Processing /opt/airflow/dags/my_dag.py took 1.016 seconds
[2025-11-02T13:34:36.952+0000] {processor.py:161} INFO - Started process (PID=4241) to work on /opt/airflow/dags/my_dag.py
[2025-11-02T13:34:36.953+0000] {processor.py:830} INFO - Processing file /opt/airflow/dags/my_dag.py for tasks to queue
[2025-11-02T13:34:36.955+0000] {logging_mixin.py:188} INFO - [2025-11-02T13:34:36.955+0000] {dagbag.py:538} INFO - Filling up the DagBag from /opt/airflow/dags/my_dag.py
[2025-11-02T13:34:37.645+0000] {processor.py:840} INFO - DAG(s) 'my_dag' retrieved from /opt/airflow/dags/my_dag.py
[2025-11-02T13:34:37.683+0000] {logging_mixin.py:188} INFO - [2025-11-02T13:34:37.682+0000] {dag.py:3036} INFO - Sync 1 DAGs
[2025-11-02T13:34:37.700+0000] {logging_mixin.py:188} INFO - [2025-11-02T13:34:37.699+0000] {dag.py:3823} INFO - Setting next_dagrun for my_dag to None, run_after=None
[2025-11-02T13:34:37.735+0000] {processor.py:183} INFO - Processing /opt/airflow/dags/my_dag.py took 0.789 seconds
[2025-11-02T13:35:08.552+0000] {processor.py:161} INFO - Started process (PID=4253) to work on /opt/airflow/dags/my_dag.py
[2025-11-02T13:35:08.553+0000] {processor.py:830} INFO - Processing file /opt/airflow/dags/my_dag.py for tasks to queue
[2025-11-02T13:35:08.555+0000] {logging_mixin.py:188} INFO - [2025-11-02T13:35:08.554+0000] {dagbag.py:538} INFO - Filling up the DagBag from /opt/airflow/dags/my_dag.py
[2025-11-02T13:35:09.405+0000] {processor.py:840} INFO - DAG(s) 'my_dag' retrieved from /opt/airflow/dags/my_dag.py
[2025-11-02T13:35:09.447+0000] {logging_mixin.py:188} INFO - [2025-11-02T13:35:09.445+0000] {dag.py:3036} INFO - Sync 1 DAGs
[2025-11-02T13:35:09.469+0000] {logging_mixin.py:188} INFO - [2025-11-02T13:35:09.468+0000] {dag.py:3823} INFO - Setting next_dagrun for my_dag to None, run_after=None
[2025-11-02T13:35:09.511+0000] {processor.py:183} INFO - Processing /opt/airflow/dags/my_dag.py took 0.965 seconds
[2025-11-02T13:35:39.778+0000] {processor.py:161} INFO - Started process (PID=4265) to work on /opt/airflow/dags/my_dag.py
[2025-11-02T13:35:39.780+0000] {processor.py:830} INFO - Processing file /opt/airflow/dags/my_dag.py for tasks to queue
[2025-11-02T13:35:39.784+0000] {logging_mixin.py:188} INFO - [2025-11-02T13:35:39.782+0000] {dagbag.py:538} INFO - Filling up the DagBag from /opt/airflow/dags/my_dag.py
[2025-11-02T13:35:41.873+0000] {processor.py:840} INFO - DAG(s) 'my_dag' retrieved from /opt/airflow/dags/my_dag.py
[2025-11-02T13:35:41.968+0000] {logging_mixin.py:188} INFO - [2025-11-02T13:35:41.966+0000] {dag.py:3036} INFO - Sync 1 DAGs
[2025-11-02T13:35:42.006+0000] {logging_mixin.py:188} INFO - [2025-11-02T13:35:42.005+0000] {dag.py:3823} INFO - Setting next_dagrun for my_dag to None, run_after=None
[2025-11-02T13:35:42.079+0000] {processor.py:183} INFO - Processing /opt/airflow/dags/my_dag.py took 2.310 seconds
[2025-11-02T13:36:12.467+0000] {processor.py:161} INFO - Started process (PID=4277) to work on /opt/airflow/dags/my_dag.py
[2025-11-02T13:36:12.469+0000] {processor.py:830} INFO - Processing file /opt/airflow/dags/my_dag.py for tasks to queue
[2025-11-02T13:36:12.472+0000] {logging_mixin.py:188} INFO - [2025-11-02T13:36:12.471+0000] {dagbag.py:538} INFO - Filling up the DagBag from /opt/airflow/dags/my_dag.py
[2025-11-02T13:36:22.755+0000] {processor.py:840} INFO - DAG(s) 'my_dag' retrieved from /opt/airflow/dags/my_dag.py
[2025-11-02T13:36:22.811+0000] {logging_mixin.py:188} INFO - [2025-11-02T13:36:22.810+0000] {dag.py:3036} INFO - Sync 1 DAGs
[2025-11-02T13:36:22.829+0000] {logging_mixin.py:188} INFO - [2025-11-02T13:36:22.829+0000] {dag.py:3823} INFO - Setting next_dagrun for my_dag to None, run_after=None
[2025-11-02T13:36:22.871+0000] {processor.py:183} INFO - Processing /opt/airflow/dags/my_dag.py took 1.763 seconds
[2025-11-02T13:36:53.362+0000] {processor.py:161} INFO - Started process (PID=4290) to work on /opt/airflow/dags/my_dag.py
[2025-11-02T13:36:53.364+0000] {processor.py:830} INFO - Processing file /opt/airflow/dags/my_dag.py for tasks to queue
[2025-11-02T13:36:53.366+0000] {logging_mixin.py:188} INFO - [2025-11-02T13:36:53.365+0000] {dagbag.py:538} INFO - Filling up the DagBag from /opt/airflow/dags/my_dag.py
[2025-11-02T13:36:54.379+0000] {processor.py:840} INFO - DAG(s) 'my_dag' retrieved from /opt/airflow/dags/my_dag.py
[2025-11-02T13:36:54.426+0000] {logging_mixin.py:188} INFO - [2025-11-02T13:36:54.425+0000] {dag.py:3036} INFO - Sync 1 DAGs
[2025-11-02T13:36:54.446+0000] {logging_mixin.py:188} INFO - [2025-11-02T13:36:54.446+0000] {dag.py:3823} INFO - Setting next_dagrun for my_dag to None, run_after=None
[2025-11-02T13:36:54.502+0000] {processor.py:183} INFO - Processing /opt/airflow/dags/my_dag.py took 1.147 seconds
[2025-11-02T13:37:24.924+0000] {processor.py:161} INFO - Started process (PID=4302) to work on /opt/airflow/dags/my_dag.py
[2025-11-02T13:37:24.926+0000] {processor.py:830} INFO - Processing file /opt/airflow/dags/my_dag.py for tasks to queue
[2025-11-02T13:37:24.927+0000] {logging_mixin.py:188} INFO - [2025-11-02T13:37:24.927+0000] {dagbag.py:538} INFO - Filling up the DagBag from /opt/airflow/dags/my_dag.py
[2025-11-02T13:37:25.648+0000] {processor.py:840} INFO - DAG(s) 'my_dag' retrieved from /opt/airflow/dags/my_dag.py
[2025-11-02T13:37:25.697+0000] {logging_mixin.py:188} INFO - [2025-11-02T13:37:25.696+0000] {dag.py:3036} INFO - Sync 1 DAGs
[2025-11-02T13:37:25.714+0000] {logging_mixin.py:188} INFO - [2025-11-02T13:37:25.714+0000] {dag.py:3823} INFO - Setting next_dagrun for my_dag to None, run_after=None
[2025-11-02T13:37:25.748+0000] {processor.py:183} INFO - Processing /opt/airflow/dags/my_dag.py took 0.829 seconds
[2025-11-02T13:37:56.299+0000] {processor.py:161} INFO - Started process (PID=4314) to work on /opt/airflow/dags/my_dag.py
[2025-11-02T13:37:56.306+0000] {processor.py:830} INFO - Processing file /opt/airflow/dags/my_dag.py for tasks to queue
[2025-11-02T13:37:56.309+0000] {logging_mixin.py:188} INFO - [2025-11-02T13:37:56.308+0000] {dagbag.py:538} INFO - Filling up the DagBag from /opt/airflow/dags/my_dag.py
[2025-11-02T13:37:58.552+0000] {processor.py:840} INFO - DAG(s) 'my_dag' retrieved from /opt/airflow/dags/my_dag.py
[2025-11-02T13:37:58.680+0000] {logging_mixin.py:188} INFO - [2025-11-02T13:37:58.679+0000] {dag.py:3036} INFO - Sync 1 DAGs
[2025-11-02T13:37:58.729+0000] {logging_mixin.py:188} INFO - [2025-11-02T13:37:58.728+0000] {dag.py:3823} INFO - Setting next_dagrun for my_dag to None, run_after=None
[2025-11-02T13:37:58.845+0000] {processor.py:183} INFO - Processing /opt/airflow/dags/my_dag.py took 2.555 seconds
[2025-11-02T13:38:29.272+0000] {processor.py:161} INFO - Started process (PID=4326) to work on /opt/airflow/dags/my_dag.py
[2025-11-02T13:38:29.277+0000] {processor.py:830} INFO - Processing file /opt/airflow/dags/my_dag.py for tasks to queue
[2025-11-02T13:38:29.286+0000] {logging_mixin.py:188} INFO - [2025-11-02T13:38:29.279+0000] {dagbag.py:538} INFO - Filling up the DagBag from /opt/airflow/dags/my_dag.py
[2025-11-02T13:38:30.714+0000] {processor.py:840} INFO - DAG(s) 'my_dag' retrieved from /opt/airflow/dags/my_dag.py
[2025-11-02T13:38:30.771+0000] {logging_mixin.py:188} INFO - [2025-11-02T13:38:30.767+0000] {dag.py:3036} INFO - Sync 1 DAGs
[2025-11-02T13:38:30.809+0000] {logging_mixin.py:188} INFO - [2025-11-02T13:38:30.808+0000] {dag.py:3823} INFO - Setting next_dagrun for my_dag to None, run_after=None
[2025-11-02T13:38:30.871+0000] {processor.py:183} INFO - Processing /opt/airflow/dags/my_dag.py took 1.615 seconds
[2025-11-02T13:39:01.077+0000] {processor.py:161} INFO - Started process (PID=4338) to work on /opt/airflow/dags/my_dag.py
[2025-11-02T13:39:01.080+0000] {processor.py:830} INFO - Processing file /opt/airflow/dags/my_dag.py for tasks to queue
[2025-11-02T13:39:01.082+0000] {logging_mixin.py:188} INFO - [2025-11-02T13:39:01.081+0000] {dagbag.py:538} INFO - Filling up the DagBag from /opt/airflow/dags/my_dag.py
[2025-11-02T13:39:02.012+0000] {processor.py:840} INFO - DAG(s) 'my_dag' retrieved from /opt/airflow/dags/my_dag.py
[2025-11-02T13:39:02.088+0000] {logging_mixin.py:188} INFO - [2025-11-02T13:39:02.086+0000] {dag.py:3036} INFO - Sync 1 DAGs
[2025-11-02T13:39:02.130+0000] {logging_mixin.py:188} INFO - [2025-11-02T13:39:02.130+0000] {dag.py:3823} INFO - Setting next_dagrun for my_dag to None, run_after=None
[2025-11-02T13:39:02.180+0000] {processor.py:183} INFO - Processing /opt/airflow/dags/my_dag.py took 1.112 seconds
[2025-11-02T13:39:32.539+0000] {processor.py:161} INFO - Started process (PID=4350) to work on /opt/airflow/dags/my_dag.py
[2025-11-02T13:39:32.541+0000] {processor.py:830} INFO - Processing file /opt/airflow/dags/my_dag.py for tasks to queue
[2025-11-02T13:39:32.542+0000] {logging_mixin.py:188} INFO - [2025-11-02T13:39:32.542+0000] {dagbag.py:538} INFO - Filling up the DagBag from /opt/airflow/dags/my_dag.py
[2025-11-02T13:39:33.395+0000] {processor.py:840} INFO - DAG(s) 'my_dag' retrieved from /opt/airflow/dags/my_dag.py
[2025-11-02T13:39:33.442+0000] {logging_mixin.py:188} INFO - [2025-11-02T13:39:33.441+0000] {dag.py:3036} INFO - Sync 1 DAGs
[2025-11-02T13:39:33.463+0000] {logging_mixin.py:188} INFO - [2025-11-02T13:39:33.463+0000] {dag.py:3823} INFO - Setting next_dagrun for my_dag to None, run_after=None
[2025-11-02T13:39:33.518+0000] {processor.py:183} INFO - Processing /opt/airflow/dags/my_dag.py took 0.985 seconds
[2025-11-02T13:40:03.625+0000] {processor.py:161} INFO - Started process (PID=4362) to work on /opt/airflow/dags/my_dag.py
[2025-11-02T13:40:03.629+0000] {processor.py:830} INFO - Processing file /opt/airflow/dags/my_dag.py for tasks to queue
[2025-11-02T13:40:03.632+0000] {logging_mixin.py:188} INFO - [2025-11-02T13:40:03.631+0000] {dagbag.py:538} INFO - Filling up the DagBag from /opt/airflow/dags/my_dag.py
[2025-11-02T13:40:05.617+0000] {processor.py:840} INFO - DAG(s) 'my_dag' retrieved from /opt/airflow/dags/my_dag.py
[2025-11-02T13:40:05.810+0000] {logging_mixin.py:188} INFO - [2025-11-02T13:40:05.809+0000] {dag.py:3036} INFO - Sync 1 DAGs
[2025-11-02T13:40:05.874+0000] {logging_mixin.py:188} INFO - [2025-11-02T13:40:05.874+0000] {dag.py:3823} INFO - Setting next_dagrun for my_dag to None, run_after=None
[2025-11-02T13:40:05.964+0000] {processor.py:183} INFO - Processing /opt/airflow/dags/my_dag.py took 2.347 seconds
[2025-11-02T13:40:36.885+0000] {processor.py:161} INFO - Started process (PID=4374) to work on /opt/airflow/dags/my_dag.py
[2025-11-02T13:40:36.889+0000] {processor.py:830} INFO - Processing file /opt/airflow/dags/my_dag.py for tasks to queue
[2025-11-02T13:40:36.892+0000] {logging_mixin.py:188} INFO - [2025-11-02T13:40:36.890+0000] {dagbag.py:538} INFO - Filling up the DagBag from /opt/airflow/dags/my_dag.py
[2025-11-02T13:40:39.477+0000] {processor.py:840} INFO - DAG(s) 'my_dag' retrieved from /opt/airflow/dags/my_dag.py
[2025-11-02T13:40:39.592+0000] {logging_mixin.py:188} INFO - [2025-11-02T13:40:39.591+0000] {dag.py:3036} INFO - Sync 1 DAGs
[2025-11-02T13:40:39.681+0000] {logging_mixin.py:188} INFO - [2025-11-02T13:40:39.681+0000] {dag.py:3823} INFO - Setting next_dagrun for my_dag to None, run_after=None
[2025-11-02T13:40:39.792+0000] {processor.py:183} INFO - Processing /opt/airflow/dags/my_dag.py took 2.934 seconds
[2025-11-02T13:41:10.291+0000] {processor.py:161} INFO - Started process (PID=4385) to work on /opt/airflow/dags/my_dag.py
[2025-11-02T13:41:10.294+0000] {processor.py:830} INFO - Processing file /opt/airflow/dags/my_dag.py for tasks to queue
[2025-11-02T13:41:10.304+0000] {logging_mixin.py:188} INFO - [2025-11-02T13:41:10.295+0000] {dagbag.py:538} INFO - Filling up the DagBag from /opt/airflow/dags/my_dag.py
[2025-11-02T13:41:13.948+0000] {processor.py:840} INFO - DAG(s) 'my_dag' retrieved from /opt/airflow/dags/my_dag.py
[2025-11-02T13:41:14.189+0000] {logging_mixin.py:188} INFO - [2025-11-02T13:41:14.188+0000] {dag.py:3036} INFO - Sync 1 DAGs
[2025-11-02T13:41:14.279+0000] {logging_mixin.py:188} INFO - [2025-11-02T13:41:14.278+0000] {dag.py:3823} INFO - Setting next_dagrun for my_dag to None, run_after=None
[2025-11-02T13:41:14.421+0000] {processor.py:183} INFO - Processing /opt/airflow/dags/my_dag.py took 4.151 seconds
[2025-11-02T13:41:46.118+0000] {processor.py:161} INFO - Started process (PID=4398) to work on /opt/airflow/dags/my_dag.py
[2025-11-02T13:41:46.121+0000] {processor.py:830} INFO - Processing file /opt/airflow/dags/my_dag.py for tasks to queue
[2025-11-02T13:41:46.123+0000] {logging_mixin.py:188} INFO - [2025-11-02T13:41:46.122+0000] {dagbag.py:538} INFO - Filling up the DagBag from /opt/airflow/dags/my_dag.py
[2025-11-02T13:41:56.272+0000] {processor.py:840} INFO - DAG(s) 'my_dag' retrieved from /opt/airflow/dags/my_dag.py
[2025-11-02T13:41:56.349+0000] {logging_mixin.py:188} INFO - [2025-11-02T13:41:56.348+0000] {dag.py:3036} INFO - Sync 1 DAGs
[2025-11-02T13:41:56.392+0000] {logging_mixin.py:188} INFO - [2025-11-02T13:41:56.391+0000] {dag.py:3823} INFO - Setting next_dagrun for my_dag to None, run_after=None
[2025-11-02T13:41:56.462+0000] {processor.py:183} INFO - Processing /opt/airflow/dags/my_dag.py took 1.680 seconds
[2025-11-02T13:42:27.490+0000] {processor.py:161} INFO - Started process (PID=4411) to work on /opt/airflow/dags/my_dag.py
[2025-11-02T13:42:27.493+0000] {processor.py:830} INFO - Processing file /opt/airflow/dags/my_dag.py for tasks to queue
[2025-11-02T13:42:27.495+0000] {logging_mixin.py:188} INFO - [2025-11-02T13:42:27.495+0000] {dagbag.py:538} INFO - Filling up the DagBag from /opt/airflow/dags/my_dag.py
[2025-11-02T13:42:28.881+0000] {processor.py:840} INFO - DAG(s) 'my_dag' retrieved from /opt/airflow/dags/my_dag.py
[2025-11-02T13:42:28.980+0000] {logging_mixin.py:188} INFO - [2025-11-02T13:42:28.969+0000] {dag.py:3036} INFO - Sync 1 DAGs
[2025-11-02T13:42:29.063+0000] {logging_mixin.py:188} INFO - [2025-11-02T13:42:29.063+0000] {dag.py:3823} INFO - Setting next_dagrun for my_dag to None, run_after=None
[2025-11-02T13:42:29.196+0000] {processor.py:183} INFO - Processing /opt/airflow/dags/my_dag.py took 1.715 seconds
[2025-11-02T13:43:00.319+0000] {processor.py:161} INFO - Started process (PID=4423) to work on /opt/airflow/dags/my_dag.py
[2025-11-02T13:43:00.326+0000] {processor.py:830} INFO - Processing file /opt/airflow/dags/my_dag.py for tasks to queue
[2025-11-02T13:43:00.338+0000] {logging_mixin.py:188} INFO - [2025-11-02T13:43:00.337+0000] {dagbag.py:538} INFO - Filling up the DagBag from /opt/airflow/dags/my_dag.py
[2025-11-02T13:43:03.660+0000] {processor.py:840} INFO - DAG(s) 'my_dag' retrieved from /opt/airflow/dags/my_dag.py
[2025-11-02T13:43:03.806+0000] {logging_mixin.py:188} INFO - [2025-11-02T13:43:03.805+0000] {dag.py:3036} INFO - Sync 1 DAGs
[2025-11-02T13:43:03.922+0000] {logging_mixin.py:188} INFO - [2025-11-02T13:43:03.921+0000] {dag.py:3823} INFO - Setting next_dagrun for my_dag to None, run_after=None
[2025-11-02T13:43:04.047+0000] {processor.py:183} INFO - Processing /opt/airflow/dags/my_dag.py took 3.745 seconds
[2025-11-02T13:43:35.457+0000] {processor.py:161} INFO - Started process (PID=4435) to work on /opt/airflow/dags/my_dag.py
[2025-11-02T13:43:35.496+0000] {processor.py:830} INFO - Processing file /opt/airflow/dags/my_dag.py for tasks to queue
[2025-11-02T13:43:35.512+0000] {logging_mixin.py:188} INFO - [2025-11-02T13:43:35.511+0000] {dagbag.py:538} INFO - Filling up the DagBag from /opt/airflow/dags/my_dag.py
[2025-11-02T13:43:39.022+0000] {processor.py:840} INFO - DAG(s) 'my_dag' retrieved from /opt/airflow/dags/my_dag.py
[2025-11-02T13:43:39.144+0000] {logging_mixin.py:188} INFO - [2025-11-02T13:43:39.142+0000] {dag.py:3036} INFO - Sync 1 DAGs
[2025-11-02T13:43:39.222+0000] {logging_mixin.py:188} INFO - [2025-11-02T13:43:39.221+0000] {dag.py:3823} INFO - Setting next_dagrun for my_dag to None, run_after=None
[2025-11-02T13:43:39.438+0000] {processor.py:183} INFO - Processing /opt/airflow/dags/my_dag.py took 4.013 seconds
[2025-11-02T13:44:10.237+0000] {processor.py:161} INFO - Started process (PID=4448) to work on /opt/airflow/dags/my_dag.py
[2025-11-02T13:44:10.250+0000] {processor.py:830} INFO - Processing file /opt/airflow/dags/my_dag.py for tasks to queue
[2025-11-02T13:44:10.253+0000] {logging_mixin.py:188} INFO - [2025-11-02T13:44:10.252+0000] {dagbag.py:538} INFO - Filling up the DagBag from /opt/airflow/dags/my_dag.py
[2025-11-02T13:44:14.779+0000] {processor.py:840} INFO - DAG(s) 'my_dag' retrieved from /opt/airflow/dags/my_dag.py
[2025-11-02T13:44:14.945+0000] {logging_mixin.py:188} INFO - [2025-11-02T13:44:14.944+0000] {dag.py:3036} INFO - Sync 1 DAGs
[2025-11-02T13:44:15.064+0000] {logging_mixin.py:188} INFO - [2025-11-02T13:44:15.064+0000] {dag.py:3823} INFO - Setting next_dagrun for my_dag to None, run_after=None
[2025-11-02T13:44:15.244+0000] {processor.py:183} INFO - Processing /opt/airflow/dags/my_dag.py took 5.025 seconds
[2025-11-02T13:44:46.050+0000] {processor.py:161} INFO - Started process (PID=4466) to work on /opt/airflow/dags/my_dag.py
[2025-11-02T13:44:46.053+0000] {processor.py:830} INFO - Processing file /opt/airflow/dags/my_dag.py for tasks to queue
[2025-11-02T13:44:46.065+0000] {logging_mixin.py:188} INFO - [2025-11-02T13:44:46.064+0000] {dagbag.py:538} INFO - Filling up the DagBag from /opt/airflow/dags/my_dag.py
[2025-11-02T13:44:49.385+0000] {processor.py:840} INFO - DAG(s) 'my_dag' retrieved from /opt/airflow/dags/my_dag.py
[2025-11-02T13:44:49.521+0000] {logging_mixin.py:188} INFO - [2025-11-02T13:44:49.520+0000] {dag.py:3036} INFO - Sync 1 DAGs
[2025-11-02T13:44:49.606+0000] {logging_mixin.py:188} INFO - [2025-11-02T13:44:49.606+0000] {dag.py:3823} INFO - Setting next_dagrun for my_dag to None, run_after=None
[2025-11-02T13:44:49.798+0000] {processor.py:183} INFO - Processing /opt/airflow/dags/my_dag.py took 3.773 seconds
[2025-11-02T13:45:20.251+0000] {processor.py:161} INFO - Started process (PID=4478) to work on /opt/airflow/dags/my_dag.py
[2025-11-02T13:45:20.253+0000] {processor.py:830} INFO - Processing file /opt/airflow/dags/my_dag.py for tasks to queue
[2025-11-02T13:45:20.255+0000] {logging_mixin.py:188} INFO - [2025-11-02T13:45:20.254+0000] {dagbag.py:538} INFO - Filling up the DagBag from /opt/airflow/dags/my_dag.py
[2025-11-02T13:45:21.168+0000] {processor.py:840} INFO - DAG(s) 'my_dag' retrieved from /opt/airflow/dags/my_dag.py
[2025-11-02T13:45:21.209+0000] {logging_mixin.py:188} INFO - [2025-11-02T13:45:21.208+0000] {dag.py:3036} INFO - Sync 1 DAGs
[2025-11-02T13:45:21.223+0000] {logging_mixin.py:188} INFO - [2025-11-02T13:45:21.223+0000] {dag.py:3823} INFO - Setting next_dagrun for my_dag to None, run_after=None
[2025-11-02T13:45:21.259+0000] {processor.py:183} INFO - Processing /opt/airflow/dags/my_dag.py took 1.013 seconds
[2025-11-02T13:45:51.807+0000] {processor.py:161} INFO - Started process (PID=4484) to work on /opt/airflow/dags/my_dag.py
[2025-11-02T13:45:51.809+0000] {processor.py:830} INFO - Processing file /opt/airflow/dags/my_dag.py for tasks to queue
[2025-11-02T13:45:51.811+0000] {logging_mixin.py:188} INFO - [2025-11-02T13:45:51.810+0000] {dagbag.py:538} INFO - Filling up the DagBag from /opt/airflow/dags/my_dag.py
[2025-11-02T13:45:52.547+0000] {processor.py:840} INFO - DAG(s) 'my_dag' retrieved from /opt/airflow/dags/my_dag.py
[2025-11-02T13:45:52.580+0000] {logging_mixin.py:188} INFO - [2025-11-02T13:45:52.579+0000] {dag.py:3036} INFO - Sync 1 DAGs
[2025-11-02T13:45:52.595+0000] {logging_mixin.py:188} INFO - [2025-11-02T13:45:52.594+0000] {dag.py:3823} INFO - Setting next_dagrun for my_dag to None, run_after=None
[2025-11-02T13:45:52.656+0000] {processor.py:183} INFO - Processing /opt/airflow/dags/my_dag.py took 0.857 seconds
[2025-11-02T13:46:23.263+0000] {processor.py:161} INFO - Started process (PID=4496) to work on /opt/airflow/dags/my_dag.py
[2025-11-02T13:46:23.266+0000] {processor.py:830} INFO - Processing file /opt/airflow/dags/my_dag.py for tasks to queue
[2025-11-02T13:46:23.268+0000] {logging_mixin.py:188} INFO - [2025-11-02T13:46:23.267+0000] {dagbag.py:538} INFO - Filling up the DagBag from /opt/airflow/dags/my_dag.py
[2025-11-02T13:46:26.668+0000] {processor.py:840} INFO - DAG(s) 'my_dag' retrieved from /opt/airflow/dags/my_dag.py
[2025-11-02T13:46:26.844+0000] {logging_mixin.py:188} INFO - [2025-11-02T13:46:26.843+0000] {dag.py:3036} INFO - Sync 1 DAGs
[2025-11-02T13:46:26.918+0000] {logging_mixin.py:188} INFO - [2025-11-02T13:46:26.918+0000] {dag.py:3823} INFO - Setting next_dagrun for my_dag to None, run_after=None
[2025-11-02T13:46:26.996+0000] {processor.py:183} INFO - Processing /opt/airflow/dags/my_dag.py took 3.760 seconds
[2025-11-02T13:46:57.235+0000] {processor.py:161} INFO - Started process (PID=4507) to work on /opt/airflow/dags/my_dag.py
[2025-11-02T13:46:57.237+0000] {processor.py:830} INFO - Processing file /opt/airflow/dags/my_dag.py for tasks to queue
[2025-11-02T13:46:57.239+0000] {logging_mixin.py:188} INFO - [2025-11-02T13:46:57.239+0000] {dagbag.py:538} INFO - Filling up the DagBag from /opt/airflow/dags/my_dag.py
[2025-11-02T13:46:58.004+0000] {processor.py:840} INFO - DAG(s) 'my_dag' retrieved from /opt/airflow/dags/my_dag.py
[2025-11-02T13:46:58.043+0000] {logging_mixin.py:188} INFO - [2025-11-02T13:46:58.041+0000] {dag.py:3036} INFO - Sync 1 DAGs
[2025-11-02T13:46:58.057+0000] {logging_mixin.py:188} INFO - [2025-11-02T13:46:58.056+0000] {dag.py:3823} INFO - Setting next_dagrun for my_dag to None, run_after=None
[2025-11-02T13:46:58.087+0000] {processor.py:183} INFO - Processing /opt/airflow/dags/my_dag.py took 0.858 seconds
[2025-11-02T13:47:28.477+0000] {processor.py:161} INFO - Started process (PID=4519) to work on /opt/airflow/dags/my_dag.py
[2025-11-02T13:47:28.479+0000] {processor.py:830} INFO - Processing file /opt/airflow/dags/my_dag.py for tasks to queue
[2025-11-02T13:47:28.481+0000] {logging_mixin.py:188} INFO - [2025-11-02T13:47:28.481+0000] {dagbag.py:538} INFO - Filling up the DagBag from /opt/airflow/dags/my_dag.py
[2025-11-02T13:47:29.294+0000] {processor.py:840} INFO - DAG(s) 'my_dag' retrieved from /opt/airflow/dags/my_dag.py
[2025-11-02T13:47:29.324+0000] {logging_mixin.py:188} INFO - [2025-11-02T13:47:29.324+0000] {dag.py:3036} INFO - Sync 1 DAGs
[2025-11-02T13:47:29.338+0000] {logging_mixin.py:188} INFO - [2025-11-02T13:47:29.338+0000] {dag.py:3823} INFO - Setting next_dagrun for my_dag to None, run_after=None
[2025-11-02T13:47:29.371+0000] {processor.py:183} INFO - Processing /opt/airflow/dags/my_dag.py took 0.900 seconds
[2025-11-02T13:48:00.291+0000] {processor.py:161} INFO - Started process (PID=4531) to work on /opt/airflow/dags/my_dag.py
[2025-11-02T13:48:00.293+0000] {processor.py:830} INFO - Processing file /opt/airflow/dags/my_dag.py for tasks to queue
[2025-11-02T13:48:00.295+0000] {logging_mixin.py:188} INFO - [2025-11-02T13:48:00.294+0000] {dagbag.py:538} INFO - Filling up the DagBag from /opt/airflow/dags/my_dag.py
[2025-11-02T13:48:01.080+0000] {processor.py:840} INFO - DAG(s) 'my_dag' retrieved from /opt/airflow/dags/my_dag.py
[2025-11-02T13:48:01.121+0000] {logging_mixin.py:188} INFO - [2025-11-02T13:48:01.120+0000] {dag.py:3036} INFO - Sync 1 DAGs
[2025-11-02T13:48:01.144+0000] {logging_mixin.py:188} INFO - [2025-11-02T13:48:01.144+0000] {dag.py:3823} INFO - Setting next_dagrun for my_dag to None, run_after=None
[2025-11-02T13:48:01.179+0000] {processor.py:183} INFO - Processing /opt/airflow/dags/my_dag.py took 0.894 seconds
[2025-11-02T13:48:31.995+0000] {processor.py:161} INFO - Started process (PID=4544) to work on /opt/airflow/dags/my_dag.py
[2025-11-02T13:48:31.997+0000] {processor.py:830} INFO - Processing file /opt/airflow/dags/my_dag.py for tasks to queue
[2025-11-02T13:48:31.999+0000] {logging_mixin.py:188} INFO - [2025-11-02T13:48:31.999+0000] {dagbag.py:538} INFO - Filling up the DagBag from /opt/airflow/dags/my_dag.py
[2025-11-02T13:48:32.749+0000] {processor.py:840} INFO - DAG(s) 'my_dag' retrieved from /opt/airflow/dags/my_dag.py
[2025-11-02T13:48:32.784+0000] {logging_mixin.py:188} INFO - [2025-11-02T13:48:32.782+0000] {dag.py:3036} INFO - Sync 1 DAGs
[2025-11-02T13:48:32.798+0000] {logging_mixin.py:188} INFO - [2025-11-02T13:48:32.797+0000] {dag.py:3823} INFO - Setting next_dagrun for my_dag to None, run_after=None
[2025-11-02T13:48:32.829+0000] {processor.py:183} INFO - Processing /opt/airflow/dags/my_dag.py took 0.840 seconds
[2025-11-02T13:49:03.505+0000] {processor.py:161} INFO - Started process (PID=4556) to work on /opt/airflow/dags/my_dag.py
[2025-11-02T13:49:03.533+0000] {processor.py:830} INFO - Processing file /opt/airflow/dags/my_dag.py for tasks to queue
[2025-11-02T13:49:03.570+0000] {logging_mixin.py:188} INFO - [2025-11-02T13:49:03.569+0000] {dagbag.py:538} INFO - Filling up the DagBag from /opt/airflow/dags/my_dag.py
[2025-11-02T13:49:04.859+0000] {processor.py:840} INFO - DAG(s) 'my_dag' retrieved from /opt/airflow/dags/my_dag.py
[2025-11-02T13:49:04.902+0000] {logging_mixin.py:188} INFO - [2025-11-02T13:49:04.901+0000] {dag.py:3036} INFO - Sync 1 DAGs
[2025-11-02T13:49:04.919+0000] {logging_mixin.py:188} INFO - [2025-11-02T13:49:04.919+0000] {dag.py:3823} INFO - Setting next_dagrun for my_dag to None, run_after=None
[2025-11-02T13:49:04.969+0000] {processor.py:183} INFO - Processing /opt/airflow/dags/my_dag.py took 1.482 seconds
[2025-11-02T13:49:35.071+0000] {processor.py:161} INFO - Started process (PID=4568) to work on /opt/airflow/dags/my_dag.py
[2025-11-02T13:49:35.073+0000] {processor.py:830} INFO - Processing file /opt/airflow/dags/my_dag.py for tasks to queue
[2025-11-02T13:49:35.074+0000] {logging_mixin.py:188} INFO - [2025-11-02T13:49:35.074+0000] {dagbag.py:538} INFO - Filling up the DagBag from /opt/airflow/dags/my_dag.py
[2025-11-02T13:49:36.027+0000] {processor.py:840} INFO - DAG(s) 'my_dag' retrieved from /opt/airflow/dags/my_dag.py
[2025-11-02T13:49:36.069+0000] {logging_mixin.py:188} INFO - [2025-11-02T13:49:36.068+0000] {dag.py:3036} INFO - Sync 1 DAGs
[2025-11-02T13:49:36.084+0000] {logging_mixin.py:188} INFO - [2025-11-02T13:49:36.083+0000] {dag.py:3823} INFO - Setting next_dagrun for my_dag to None, run_after=None
[2025-11-02T13:49:36.112+0000] {processor.py:183} INFO - Processing /opt/airflow/dags/my_dag.py took 1.048 seconds
[2025-11-02T13:50:06.441+0000] {processor.py:161} INFO - Started process (PID=4580) to work on /opt/airflow/dags/my_dag.py
[2025-11-02T13:50:06.443+0000] {processor.py:830} INFO - Processing file /opt/airflow/dags/my_dag.py for tasks to queue
[2025-11-02T13:50:06.445+0000] {logging_mixin.py:188} INFO - [2025-11-02T13:50:06.444+0000] {dagbag.py:538} INFO - Filling up the DagBag from /opt/airflow/dags/my_dag.py
[2025-11-02T13:50:07.154+0000] {processor.py:840} INFO - DAG(s) 'my_dag' retrieved from /opt/airflow/dags/my_dag.py
[2025-11-02T13:50:07.183+0000] {logging_mixin.py:188} INFO - [2025-11-02T13:50:07.182+0000] {dag.py:3036} INFO - Sync 1 DAGs
[2025-11-02T13:50:07.198+0000] {logging_mixin.py:188} INFO - [2025-11-02T13:50:07.197+0000] {dag.py:3823} INFO - Setting next_dagrun for my_dag to None, run_after=None
[2025-11-02T13:50:07.232+0000] {processor.py:183} INFO - Processing /opt/airflow/dags/my_dag.py took 0.798 seconds
[2025-11-02T13:50:37.883+0000] {processor.py:161} INFO - Started process (PID=4591) to work on /opt/airflow/dags/my_dag.py
[2025-11-02T13:50:37.885+0000] {processor.py:830} INFO - Processing file /opt/airflow/dags/my_dag.py for tasks to queue
[2025-11-02T13:50:37.887+0000] {logging_mixin.py:188} INFO - [2025-11-02T13:50:37.887+0000] {dagbag.py:538} INFO - Filling up the DagBag from /opt/airflow/dags/my_dag.py
[2025-11-02T13:50:38.793+0000] {processor.py:840} INFO - DAG(s) 'my_dag' retrieved from /opt/airflow/dags/my_dag.py
[2025-11-02T13:50:38.845+0000] {logging_mixin.py:188} INFO - [2025-11-02T13:50:38.844+0000] {dag.py:3036} INFO - Sync 1 DAGs
[2025-11-02T13:50:38.873+0000] {logging_mixin.py:188} INFO - [2025-11-02T13:50:38.873+0000] {dag.py:3823} INFO - Setting next_dagrun for my_dag to None, run_after=None
[2025-11-02T13:50:38.917+0000] {processor.py:183} INFO - Processing /opt/airflow/dags/my_dag.py took 1.041 seconds
[2025-11-02T13:51:09.464+0000] {processor.py:161} INFO - Started process (PID=4603) to work on /opt/airflow/dags/my_dag.py
[2025-11-02T13:51:09.466+0000] {processor.py:830} INFO - Processing file /opt/airflow/dags/my_dag.py for tasks to queue
[2025-11-02T13:51:09.468+0000] {logging_mixin.py:188} INFO - [2025-11-02T13:51:09.467+0000] {dagbag.py:538} INFO - Filling up the DagBag from /opt/airflow/dags/my_dag.py
[2025-11-02T13:51:10.246+0000] {processor.py:840} INFO - DAG(s) 'my_dag' retrieved from /opt/airflow/dags/my_dag.py
[2025-11-02T13:51:10.277+0000] {logging_mixin.py:188} INFO - [2025-11-02T13:51:10.276+0000] {dag.py:3036} INFO - Sync 1 DAGs
[2025-11-02T13:51:10.297+0000] {logging_mixin.py:188} INFO - [2025-11-02T13:51:10.297+0000] {dag.py:3823} INFO - Setting next_dagrun for my_dag to None, run_after=None
[2025-11-02T13:51:10.410+0000] {processor.py:183} INFO - Processing /opt/airflow/dags/my_dag.py took 0.954 seconds
[2025-11-02T13:51:41.098+0000] {processor.py:161} INFO - Started process (PID=4615) to work on /opt/airflow/dags/my_dag.py
[2025-11-02T13:51:41.130+0000] {processor.py:830} INFO - Processing file /opt/airflow/dags/my_dag.py for tasks to queue
[2025-11-02T13:51:41.133+0000] {logging_mixin.py:188} INFO - [2025-11-02T13:51:41.132+0000] {dagbag.py:538} INFO - Filling up the DagBag from /opt/airflow/dags/my_dag.py
[2025-11-02T13:51:41.950+0000] {processor.py:840} INFO - DAG(s) 'my_dag' retrieved from /opt/airflow/dags/my_dag.py
[2025-11-02T13:51:41.991+0000] {logging_mixin.py:188} INFO - [2025-11-02T13:51:41.990+0000] {dag.py:3036} INFO - Sync 1 DAGs
[2025-11-02T13:51:42.007+0000] {logging_mixin.py:188} INFO - [2025-11-02T13:51:42.007+0000] {dag.py:3823} INFO - Setting next_dagrun for my_dag to None, run_after=None
[2025-11-02T13:51:42.047+0000] {processor.py:183} INFO - Processing /opt/airflow/dags/my_dag.py took 0.967 seconds
[2025-11-02T13:52:12.982+0000] {processor.py:161} INFO - Started process (PID=4625) to work on /opt/airflow/dags/my_dag.py
[2025-11-02T13:52:12.984+0000] {processor.py:830} INFO - Processing file /opt/airflow/dags/my_dag.py for tasks to queue
[2025-11-02T13:52:12.987+0000] {logging_mixin.py:188} INFO - [2025-11-02T13:52:12.986+0000] {dagbag.py:538} INFO - Filling up the DagBag from /opt/airflow/dags/my_dag.py
[2025-11-02T13:52:14.372+0000] {processor.py:840} INFO - DAG(s) 'my_dag' retrieved from /opt/airflow/dags/my_dag.py
[2025-11-02T13:52:14.430+0000] {logging_mixin.py:188} INFO - [2025-11-02T13:52:14.429+0000] {dag.py:3036} INFO - Sync 1 DAGs
[2025-11-02T13:52:14.473+0000] {logging_mixin.py:188} INFO - [2025-11-02T13:52:14.472+0000] {dag.py:3823} INFO - Setting next_dagrun for my_dag to None, run_after=None
[2025-11-02T13:52:14.521+0000] {processor.py:183} INFO - Processing /opt/airflow/dags/my_dag.py took 1.550 seconds
[2025-11-02T13:52:46.602+0000] {processor.py:161} INFO - Started process (PID=4637) to work on /opt/airflow/dags/my_dag.py
[2025-11-02T13:52:46.608+0000] {processor.py:830} INFO - Processing file /opt/airflow/dags/my_dag.py for tasks to queue
[2025-11-02T13:52:46.612+0000] {logging_mixin.py:188} INFO - [2025-11-02T13:52:46.610+0000] {dagbag.py:538} INFO - Filling up the DagBag from /opt/airflow/dags/my_dag.py
[2025-11-02T13:52:50.430+0000] {processor.py:840} INFO - DAG(s) 'my_dag' retrieved from /opt/airflow/dags/my_dag.py
[2025-11-02T13:52:50.515+0000] {logging_mixin.py:188} INFO - [2025-11-02T13:52:50.508+0000] {dag.py:3036} INFO - Sync 1 DAGs
[2025-11-02T13:52:50.577+0000] {logging_mixin.py:188} INFO - [2025-11-02T13:52:50.576+0000] {dag.py:3823} INFO - Setting next_dagrun for my_dag to None, run_after=None
[2025-11-02T13:52:50.705+0000] {processor.py:183} INFO - Processing /opt/airflow/dags/my_dag.py took 4.122 seconds
[2025-11-02T13:53:20.926+0000] {processor.py:161} INFO - Started process (PID=4650) to work on /opt/airflow/dags/my_dag.py
[2025-11-02T13:53:20.928+0000] {processor.py:830} INFO - Processing file /opt/airflow/dags/my_dag.py for tasks to queue
[2025-11-02T13:53:20.930+0000] {logging_mixin.py:188} INFO - [2025-11-02T13:53:20.929+0000] {dagbag.py:538} INFO - Filling up the DagBag from /opt/airflow/dags/my_dag.py
[2025-11-02T13:53:21.663+0000] {processor.py:840} INFO - DAG(s) 'my_dag' retrieved from /opt/airflow/dags/my_dag.py
[2025-11-02T13:53:21.703+0000] {logging_mixin.py:188} INFO - [2025-11-02T13:53:21.702+0000] {dag.py:3036} INFO - Sync 1 DAGs
[2025-11-02T13:53:21.722+0000] {logging_mixin.py:188} INFO - [2025-11-02T13:53:21.722+0000] {dag.py:3823} INFO - Setting next_dagrun for my_dag to None, run_after=None
[2025-11-02T13:53:21.757+0000] {processor.py:183} INFO - Processing /opt/airflow/dags/my_dag.py took 0.836 seconds
[2025-11-02T13:53:53.927+0000] {processor.py:161} INFO - Started process (PID=4661) to work on /opt/airflow/dags/my_dag.py
[2025-11-02T13:53:53.930+0000] {processor.py:830} INFO - Processing file /opt/airflow/dags/my_dag.py for tasks to queue
[2025-11-02T13:53:53.936+0000] {logging_mixin.py:188} INFO - [2025-11-02T13:53:53.936+0000] {dagbag.py:538} INFO - Filling up the DagBag from /opt/airflow/dags/my_dag.py
[2025-11-02T13:53:55.304+0000] {processor.py:840} INFO - DAG(s) 'my_dag' retrieved from /opt/airflow/dags/my_dag.py
[2025-11-02T13:53:55.339+0000] {logging_mixin.py:188} INFO - [2025-11-02T13:53:55.338+0000] {dag.py:3036} INFO - Sync 1 DAGs
[2025-11-02T13:53:55.355+0000] {logging_mixin.py:188} INFO - [2025-11-02T13:53:55.355+0000] {dag.py:3823} INFO - Setting next_dagrun for my_dag to None, run_after=None
[2025-11-02T13:53:55.657+0000] {processor.py:183} INFO - Processing /opt/airflow/dags/my_dag.py took 1.745 seconds
[2025-11-02T13:54:27.427+0000] {processor.py:161} INFO - Started process (PID=4674) to work on /opt/airflow/dags/my_dag.py
[2025-11-02T13:54:27.599+0000] {processor.py:830} INFO - Processing file /opt/airflow/dags/my_dag.py for tasks to queue
[2025-11-02T13:54:27.604+0000] {logging_mixin.py:188} INFO - [2025-11-02T13:54:27.603+0000] {dagbag.py:538} INFO - Filling up the DagBag from /opt/airflow/dags/my_dag.py
[2025-11-02T13:54:34.183+0000] {processor.py:840} INFO - DAG(s) 'my_dag' retrieved from /opt/airflow/dags/my_dag.py
[2025-11-02T13:54:34.371+0000] {logging_mixin.py:188} INFO - [2025-11-02T13:54:34.370+0000] {dag.py:3036} INFO - Sync 1 DAGs
[2025-11-02T13:54:34.469+0000] {logging_mixin.py:188} INFO - [2025-11-02T13:54:34.468+0000] {dag.py:3823} INFO - Setting next_dagrun for my_dag to None, run_after=None
[2025-11-02T13:54:34.641+0000] {processor.py:183} INFO - Processing /opt/airflow/dags/my_dag.py took 7.234 seconds
[2025-11-02T13:55:05.201+0000] {processor.py:161} INFO - Started process (PID=4686) to work on /opt/airflow/dags/my_dag.py
[2025-11-02T13:55:05.204+0000] {processor.py:830} INFO - Processing file /opt/airflow/dags/my_dag.py for tasks to queue
[2025-11-02T13:55:05.207+0000] {logging_mixin.py:188} INFO - [2025-11-02T13:55:05.206+0000] {dagbag.py:538} INFO - Filling up the DagBag from /opt/airflow/dags/my_dag.py
[2025-11-02T13:55:07.532+0000] {processor.py:840} INFO - DAG(s) 'my_dag' retrieved from /opt/airflow/dags/my_dag.py
[2025-11-02T13:55:07.587+0000] {logging_mixin.py:188} INFO - [2025-11-02T13:55:07.586+0000] {dag.py:3036} INFO - Sync 1 DAGs
[2025-11-02T13:55:07.674+0000] {logging_mixin.py:188} INFO - [2025-11-02T13:55:07.668+0000] {dag.py:3823} INFO - Setting next_dagrun for my_dag to None, run_after=None
[2025-11-02T13:55:07.757+0000] {processor.py:183} INFO - Processing /opt/airflow/dags/my_dag.py took 2.574 seconds
[2025-11-02T13:55:37.936+0000] {processor.py:161} INFO - Started process (PID=4698) to work on /opt/airflow/dags/my_dag.py
[2025-11-02T13:55:37.938+0000] {processor.py:830} INFO - Processing file /opt/airflow/dags/my_dag.py for tasks to queue
[2025-11-02T13:55:37.941+0000] {logging_mixin.py:188} INFO - [2025-11-02T13:55:37.940+0000] {dagbag.py:538} INFO - Filling up the DagBag from /opt/airflow/dags/my_dag.py
[2025-11-02T13:55:38.904+0000] {processor.py:840} INFO - DAG(s) 'my_dag' retrieved from /opt/airflow/dags/my_dag.py
[2025-11-02T13:55:38.961+0000] {logging_mixin.py:188} INFO - [2025-11-02T13:55:38.960+0000] {dag.py:3036} INFO - Sync 1 DAGs
[2025-11-02T13:55:38.982+0000] {logging_mixin.py:188} INFO - [2025-11-02T13:55:38.981+0000] {dag.py:3823} INFO - Setting next_dagrun for my_dag to None, run_after=None
[2025-11-02T13:55:39.039+0000] {processor.py:183} INFO - Processing /opt/airflow/dags/my_dag.py took 1.109 seconds
[2025-11-02T13:56:09.228+0000] {processor.py:161} INFO - Started process (PID=4710) to work on /opt/airflow/dags/my_dag.py
[2025-11-02T13:56:09.232+0000] {processor.py:830} INFO - Processing file /opt/airflow/dags/my_dag.py for tasks to queue
[2025-11-02T13:56:09.235+0000] {logging_mixin.py:188} INFO - [2025-11-02T13:56:09.234+0000] {dagbag.py:538} INFO - Filling up the DagBag from /opt/airflow/dags/my_dag.py
[2025-11-02T13:56:10.307+0000] {processor.py:840} INFO - DAG(s) 'my_dag' retrieved from /opt/airflow/dags/my_dag.py
[2025-11-02T13:56:10.426+0000] {logging_mixin.py:188} INFO - [2025-11-02T13:56:10.424+0000] {dag.py:3036} INFO - Sync 1 DAGs
[2025-11-02T13:56:10.458+0000] {logging_mixin.py:188} INFO - [2025-11-02T13:56:10.457+0000] {dag.py:3823} INFO - Setting next_dagrun for my_dag to None, run_after=None
[2025-11-02T13:56:10.591+0000] {processor.py:183} INFO - Processing /opt/airflow/dags/my_dag.py took 1.370 seconds
[2025-11-02T13:56:41.391+0000] {processor.py:161} INFO - Started process (PID=4722) to work on /opt/airflow/dags/my_dag.py
[2025-11-02T13:56:41.394+0000] {processor.py:830} INFO - Processing file /opt/airflow/dags/my_dag.py for tasks to queue
[2025-11-02T13:56:41.397+0000] {logging_mixin.py:188} INFO - [2025-11-02T13:56:41.396+0000] {dagbag.py:538} INFO - Filling up the DagBag from /opt/airflow/dags/my_dag.py
[2025-11-02T13:56:42.479+0000] {processor.py:840} INFO - DAG(s) 'my_dag' retrieved from /opt/airflow/dags/my_dag.py
[2025-11-02T13:56:42.596+0000] {logging_mixin.py:188} INFO - [2025-11-02T13:56:42.595+0000] {dag.py:3036} INFO - Sync 1 DAGs
[2025-11-02T13:56:42.651+0000] {logging_mixin.py:188} INFO - [2025-11-02T13:56:42.651+0000] {dag.py:3823} INFO - Setting next_dagrun for my_dag to None, run_after=None
[2025-11-02T13:56:42.731+0000] {processor.py:183} INFO - Processing /opt/airflow/dags/my_dag.py took 1.350 seconds
[2025-11-02T13:57:13.489+0000] {processor.py:161} INFO - Started process (PID=4734) to work on /opt/airflow/dags/my_dag.py
[2025-11-02T13:57:13.491+0000] {processor.py:830} INFO - Processing file /opt/airflow/dags/my_dag.py for tasks to queue
[2025-11-02T13:57:13.493+0000] {logging_mixin.py:188} INFO - [2025-11-02T13:57:13.492+0000] {dagbag.py:538} INFO - Filling up the DagBag from /opt/airflow/dags/my_dag.py
[2025-11-02T13:57:14.495+0000] {processor.py:840} INFO - DAG(s) 'my_dag' retrieved from /opt/airflow/dags/my_dag.py
[2025-11-02T13:57:14.542+0000] {logging_mixin.py:188} INFO - [2025-11-02T13:57:14.541+0000] {dag.py:3036} INFO - Sync 1 DAGs
[2025-11-02T13:57:14.566+0000] {logging_mixin.py:188} INFO - [2025-11-02T13:57:14.566+0000] {dag.py:3823} INFO - Setting next_dagrun for my_dag to None, run_after=None
[2025-11-02T13:57:14.604+0000] {processor.py:183} INFO - Processing /opt/airflow/dags/my_dag.py took 1.122 seconds
[2025-11-02T13:57:45.937+0000] {processor.py:161} INFO - Started process (PID=4745) to work on /opt/airflow/dags/my_dag.py
[2025-11-02T13:57:45.941+0000] {processor.py:830} INFO - Processing file /opt/airflow/dags/my_dag.py for tasks to queue
[2025-11-02T13:57:45.948+0000] {logging_mixin.py:188} INFO - [2025-11-02T13:57:45.947+0000] {dagbag.py:538} INFO - Filling up the DagBag from /opt/airflow/dags/my_dag.py
[2025-11-02T13:57:47.547+0000] {processor.py:840} INFO - DAG(s) 'my_dag' retrieved from /opt/airflow/dags/my_dag.py
[2025-11-02T13:57:47.666+0000] {logging_mixin.py:188} INFO - [2025-11-02T13:57:47.664+0000] {dag.py:3036} INFO - Sync 1 DAGs
[2025-11-02T13:57:47.704+0000] {logging_mixin.py:188} INFO - [2025-11-02T13:57:47.703+0000] {dag.py:3823} INFO - Setting next_dagrun for my_dag to None, run_after=None
[2025-11-02T13:57:47.796+0000] {processor.py:183} INFO - Processing /opt/airflow/dags/my_dag.py took 1.872 seconds
[2025-11-02T13:58:19.501+0000] {processor.py:161} INFO - Started process (PID=4758) to work on /opt/airflow/dags/my_dag.py
[2025-11-02T13:58:19.503+0000] {processor.py:830} INFO - Processing file /opt/airflow/dags/my_dag.py for tasks to queue
[2025-11-02T13:58:19.505+0000] {logging_mixin.py:188} INFO - [2025-11-02T13:58:19.505+0000] {dagbag.py:538} INFO - Filling up the DagBag from /opt/airflow/dags/my_dag.py
[2025-11-02T13:58:20.586+0000] {processor.py:840} INFO - DAG(s) 'my_dag' retrieved from /opt/airflow/dags/my_dag.py
[2025-11-02T13:58:20.634+0000] {logging_mixin.py:188} INFO - [2025-11-02T13:58:20.632+0000] {dag.py:3036} INFO - Sync 1 DAGs
[2025-11-02T13:58:20.655+0000] {logging_mixin.py:188} INFO - [2025-11-02T13:58:20.655+0000] {dag.py:3823} INFO - Setting next_dagrun for my_dag to None, run_after=None
[2025-11-02T13:58:20.706+0000] {processor.py:183} INFO - Processing /opt/airflow/dags/my_dag.py took 1.214 seconds
[2025-11-02T13:58:53.632+0000] {processor.py:161} INFO - Started process (PID=4770) to work on /opt/airflow/dags/my_dag.py
[2025-11-02T13:58:53.644+0000] {processor.py:830} INFO - Processing file /opt/airflow/dags/my_dag.py for tasks to queue
[2025-11-02T13:58:53.647+0000] {logging_mixin.py:188} INFO - [2025-11-02T13:58:53.646+0000] {dagbag.py:538} INFO - Filling up the DagBag from /opt/airflow/dags/my_dag.py
[2025-11-02T13:58:56.592+0000] {processor.py:840} INFO - DAG(s) 'my_dag' retrieved from /opt/airflow/dags/my_dag.py
[2025-11-02T13:58:56.645+0000] {logging_mixin.py:188} INFO - [2025-11-02T13:58:56.643+0000] {dag.py:3036} INFO - Sync 1 DAGs
[2025-11-02T13:58:56.666+0000] {logging_mixin.py:188} INFO - [2025-11-02T13:58:56.666+0000] {dag.py:3823} INFO - Setting next_dagrun for my_dag to None, run_after=None
[2025-11-02T13:58:56.732+0000] {processor.py:183} INFO - Processing /opt/airflow/dags/my_dag.py took 3.126 seconds
[2025-11-02T13:59:27.269+0000] {processor.py:161} INFO - Started process (PID=4783) to work on /opt/airflow/dags/my_dag.py
[2025-11-02T13:59:27.272+0000] {processor.py:830} INFO - Processing file /opt/airflow/dags/my_dag.py for tasks to queue
[2025-11-02T13:59:27.275+0000] {logging_mixin.py:188} INFO - [2025-11-02T13:59:27.274+0000] {dagbag.py:538} INFO - Filling up the DagBag from /opt/airflow/dags/my_dag.py
[2025-11-02T13:59:28.391+0000] {processor.py:840} INFO - DAG(s) 'my_dag' retrieved from /opt/airflow/dags/my_dag.py
[2025-11-02T13:59:28.478+0000] {logging_mixin.py:188} INFO - [2025-11-02T13:59:28.475+0000] {dag.py:3036} INFO - Sync 1 DAGs
[2025-11-02T13:59:28.531+0000] {logging_mixin.py:188} INFO - [2025-11-02T13:59:28.530+0000] {dag.py:3823} INFO - Setting next_dagrun for my_dag to None, run_after=None
[2025-11-02T13:59:28.582+0000] {processor.py:183} INFO - Processing /opt/airflow/dags/my_dag.py took 1.321 seconds
[2025-11-02T14:00:01.918+0000] {processor.py:161} INFO - Started process (PID=4794) to work on /opt/airflow/dags/my_dag.py
[2025-11-02T14:00:01.929+0000] {processor.py:830} INFO - Processing file /opt/airflow/dags/my_dag.py for tasks to queue
[2025-11-02T14:00:01.965+0000] {logging_mixin.py:188} INFO - [2025-11-02T14:00:01.964+0000] {dagbag.py:538} INFO - Filling up the DagBag from /opt/airflow/dags/my_dag.py
[2025-11-02T14:00:05.129+0000] {processor.py:840} INFO - DAG(s) 'my_dag' retrieved from /opt/airflow/dags/my_dag.py
[2025-11-02T14:00:05.170+0000] {logging_mixin.py:188} INFO - [2025-11-02T14:00:05.169+0000] {dag.py:3036} INFO - Sync 1 DAGs
[2025-11-02T14:00:05.192+0000] {logging_mixin.py:188} INFO - [2025-11-02T14:00:05.191+0000] {dag.py:3823} INFO - Setting next_dagrun for my_dag to None, run_after=None
[2025-11-02T14:00:05.255+0000] {processor.py:183} INFO - Processing /opt/airflow/dags/my_dag.py took 3.370 seconds
[2025-11-02T14:00:35.677+0000] {processor.py:161} INFO - Started process (PID=4807) to work on /opt/airflow/dags/my_dag.py
[2025-11-02T14:00:35.679+0000] {processor.py:830} INFO - Processing file /opt/airflow/dags/my_dag.py for tasks to queue
[2025-11-02T14:00:35.681+0000] {logging_mixin.py:188} INFO - [2025-11-02T14:00:35.680+0000] {dagbag.py:538} INFO - Filling up the DagBag from /opt/airflow/dags/my_dag.py
[2025-11-02T14:00:36.569+0000] {processor.py:840} INFO - DAG(s) 'my_dag' retrieved from /opt/airflow/dags/my_dag.py
[2025-11-02T14:00:36.622+0000] {logging_mixin.py:188} INFO - [2025-11-02T14:00:36.621+0000] {dag.py:3036} INFO - Sync 1 DAGs
[2025-11-02T14:00:36.657+0000] {logging_mixin.py:188} INFO - [2025-11-02T14:00:36.657+0000] {dag.py:3823} INFO - Setting next_dagrun for my_dag to None, run_after=None
[2025-11-02T14:00:36.696+0000] {processor.py:183} INFO - Processing /opt/airflow/dags/my_dag.py took 1.027 seconds
[2025-11-02T14:01:07.338+0000] {processor.py:161} INFO - Started process (PID=4819) to work on /opt/airflow/dags/my_dag.py
[2025-11-02T14:01:07.341+0000] {processor.py:830} INFO - Processing file /opt/airflow/dags/my_dag.py for tasks to queue
[2025-11-02T14:01:07.344+0000] {logging_mixin.py:188} INFO - [2025-11-02T14:01:07.343+0000] {dagbag.py:538} INFO - Filling up the DagBag from /opt/airflow/dags/my_dag.py
[2025-11-02T14:01:09.073+0000] {processor.py:840} INFO - DAG(s) 'my_dag' retrieved from /opt/airflow/dags/my_dag.py
[2025-11-02T14:01:09.148+0000] {logging_mixin.py:188} INFO - [2025-11-02T14:01:09.145+0000] {dag.py:3036} INFO - Sync 1 DAGs
[2025-11-02T14:01:09.179+0000] {logging_mixin.py:188} INFO - [2025-11-02T14:01:09.179+0000] {dag.py:3823} INFO - Setting next_dagrun for my_dag to None, run_after=None
[2025-11-02T14:01:09.239+0000] {processor.py:183} INFO - Processing /opt/airflow/dags/my_dag.py took 1.915 seconds
[2025-11-02T14:01:41.112+0000] {processor.py:161} INFO - Started process (PID=4831) to work on /opt/airflow/dags/my_dag.py
[2025-11-02T14:01:41.220+0000] {processor.py:830} INFO - Processing file /opt/airflow/dags/my_dag.py for tasks to queue
[2025-11-02T14:01:41.248+0000] {logging_mixin.py:188} INFO - [2025-11-02T14:01:41.247+0000] {dagbag.py:538} INFO - Filling up the DagBag from /opt/airflow/dags/my_dag.py
[2025-11-02T14:01:45.559+0000] {processor.py:840} INFO - DAG(s) 'my_dag' retrieved from /opt/airflow/dags/my_dag.py
[2025-11-02T14:01:45.697+0000] {logging_mixin.py:188} INFO - [2025-11-02T14:01:45.686+0000] {dag.py:3036} INFO - Sync 1 DAGs
[2025-11-02T14:01:45.789+0000] {logging_mixin.py:188} INFO - [2025-11-02T14:01:45.788+0000] {dag.py:3823} INFO - Setting next_dagrun for my_dag to None, run_after=None
[2025-11-02T14:01:45.892+0000] {processor.py:183} INFO - Processing /opt/airflow/dags/my_dag.py took 4.799 seconds
[2025-11-02T14:02:16.317+0000] {processor.py:161} INFO - Started process (PID=4843) to work on /opt/airflow/dags/my_dag.py
[2025-11-02T14:02:16.320+0000] {processor.py:830} INFO - Processing file /opt/airflow/dags/my_dag.py for tasks to queue
[2025-11-02T14:02:16.327+0000] {logging_mixin.py:188} INFO - [2025-11-02T14:02:16.322+0000] {dagbag.py:538} INFO - Filling up the DagBag from /opt/airflow/dags/my_dag.py
[2025-11-02T14:02:17.598+0000] {processor.py:840} INFO - DAG(s) 'my_dag' retrieved from /opt/airflow/dags/my_dag.py
[2025-11-02T14:02:17.686+0000] {logging_mixin.py:188} INFO - [2025-11-02T14:02:17.684+0000] {dag.py:3036} INFO - Sync 1 DAGs
[2025-11-02T14:02:17.727+0000] {logging_mixin.py:188} INFO - [2025-11-02T14:02:17.726+0000] {dag.py:3823} INFO - Setting next_dagrun for my_dag to None, run_after=None
[2025-11-02T14:02:17.955+0000] {processor.py:183} INFO - Processing /opt/airflow/dags/my_dag.py took 1.658 seconds
[2025-11-02T14:02:48.450+0000] {processor.py:161} INFO - Started process (PID=4855) to work on /opt/airflow/dags/my_dag.py
[2025-11-02T14:02:48.457+0000] {processor.py:830} INFO - Processing file /opt/airflow/dags/my_dag.py for tasks to queue
[2025-11-02T14:02:48.471+0000] {logging_mixin.py:188} INFO - [2025-11-02T14:02:48.470+0000] {dagbag.py:538} INFO - Filling up the DagBag from /opt/airflow/dags/my_dag.py
[2025-11-02T14:02:50.990+0000] {processor.py:840} INFO - DAG(s) 'my_dag' retrieved from /opt/airflow/dags/my_dag.py
[2025-11-02T14:02:51.250+0000] {logging_mixin.py:188} INFO - [2025-11-02T14:02:51.249+0000] {dag.py:3036} INFO - Sync 1 DAGs
[2025-11-02T14:02:51.342+0000] {logging_mixin.py:188} INFO - [2025-11-02T14:02:51.341+0000] {dag.py:3823} INFO - Setting next_dagrun for my_dag to None, run_after=None
[2025-11-02T14:02:51.414+0000] {processor.py:183} INFO - Processing /opt/airflow/dags/my_dag.py took 2.985 seconds
[2025-11-02T14:03:21.566+0000] {processor.py:161} INFO - Started process (PID=4866) to work on /opt/airflow/dags/my_dag.py
[2025-11-02T14:03:21.568+0000] {processor.py:830} INFO - Processing file /opt/airflow/dags/my_dag.py for tasks to queue
[2025-11-02T14:03:21.570+0000] {logging_mixin.py:188} INFO - [2025-11-02T14:03:21.569+0000] {dagbag.py:538} INFO - Filling up the DagBag from /opt/airflow/dags/my_dag.py
[2025-11-02T14:03:22.574+0000] {processor.py:840} INFO - DAG(s) 'my_dag' retrieved from /opt/airflow/dags/my_dag.py
[2025-11-02T14:03:22.666+0000] {logging_mixin.py:188} INFO - [2025-11-02T14:03:22.665+0000] {dag.py:3036} INFO - Sync 1 DAGs
[2025-11-02T14:03:22.699+0000] {logging_mixin.py:188} INFO - [2025-11-02T14:03:22.699+0000] {dag.py:3823} INFO - Setting next_dagrun for my_dag to None, run_after=None
[2025-11-02T14:03:22.739+0000] {processor.py:183} INFO - Processing /opt/airflow/dags/my_dag.py took 1.179 seconds
[2025-11-02T14:03:53.964+0000] {processor.py:161} INFO - Started process (PID=4879) to work on /opt/airflow/dags/my_dag.py
[2025-11-02T14:03:53.967+0000] {processor.py:830} INFO - Processing file /opt/airflow/dags/my_dag.py for tasks to queue
[2025-11-02T14:03:53.975+0000] {logging_mixin.py:188} INFO - [2025-11-02T14:03:53.975+0000] {dagbag.py:538} INFO - Filling up the DagBag from /opt/airflow/dags/my_dag.py
[2025-11-02T14:03:55.340+0000] {processor.py:840} INFO - DAG(s) 'my_dag' retrieved from /opt/airflow/dags/my_dag.py
[2025-11-02T14:03:55.400+0000] {logging_mixin.py:188} INFO - [2025-11-02T14:03:55.399+0000] {dag.py:3036} INFO - Sync 1 DAGs
[2025-11-02T14:03:55.432+0000] {logging_mixin.py:188} INFO - [2025-11-02T14:03:55.431+0000] {dag.py:3823} INFO - Setting next_dagrun for my_dag to None, run_after=None
[2025-11-02T14:03:55.475+0000] {processor.py:183} INFO - Processing /opt/airflow/dags/my_dag.py took 1.530 seconds
[2025-11-02T14:04:27.474+0000] {processor.py:161} INFO - Started process (PID=4890) to work on /opt/airflow/dags/my_dag.py
[2025-11-02T14:04:27.493+0000] {processor.py:830} INFO - Processing file /opt/airflow/dags/my_dag.py for tasks to queue
[2025-11-02T14:04:27.496+0000] {logging_mixin.py:188} INFO - [2025-11-02T14:04:27.495+0000] {dagbag.py:538} INFO - Filling up the DagBag from /opt/airflow/dags/my_dag.py
[2025-11-02T14:04:30.909+0000] {processor.py:840} INFO - DAG(s) 'my_dag' retrieved from /opt/airflow/dags/my_dag.py
[2025-11-02T14:04:31.149+0000] {logging_mixin.py:188} INFO - [2025-11-02T14:04:31.146+0000] {dag.py:3036} INFO - Sync 1 DAGs
[2025-11-02T14:04:31.179+0000] {logging_mixin.py:188} INFO - [2025-11-02T14:04:31.178+0000] {dag.py:3823} INFO - Setting next_dagrun for my_dag to None, run_after=None
[2025-11-02T14:04:31.407+0000] {processor.py:183} INFO - Processing /opt/airflow/dags/my_dag.py took 3.951 seconds
[2025-11-02T14:05:02.582+0000] {processor.py:161} INFO - Started process (PID=4903) to work on /opt/airflow/dags/my_dag.py
[2025-11-02T14:05:02.591+0000] {processor.py:830} INFO - Processing file /opt/airflow/dags/my_dag.py for tasks to queue
[2025-11-02T14:05:02.597+0000] {logging_mixin.py:188} INFO - [2025-11-02T14:05:02.596+0000] {dagbag.py:538} INFO - Filling up the DagBag from /opt/airflow/dags/my_dag.py
[2025-11-02T14:05:04.643+0000] {processor.py:840} INFO - DAG(s) 'my_dag' retrieved from /opt/airflow/dags/my_dag.py
[2025-11-02T14:05:04.694+0000] {logging_mixin.py:188} INFO - [2025-11-02T14:05:04.693+0000] {dag.py:3036} INFO - Sync 1 DAGs
[2025-11-02T14:05:04.713+0000] {logging_mixin.py:188} INFO - [2025-11-02T14:05:04.712+0000] {dag.py:3823} INFO - Setting next_dagrun for my_dag to None, run_after=None
[2025-11-02T14:05:04.851+0000] {processor.py:183} INFO - Processing /opt/airflow/dags/my_dag.py took 2.297 seconds
[2025-11-02T14:05:41.510+0000] {processor.py:161} INFO - Started process (PID=4915) to work on /opt/airflow/dags/my_dag.py
[2025-11-02T14:05:41.517+0000] {processor.py:830} INFO - Processing file /opt/airflow/dags/my_dag.py for tasks to queue
[2025-11-02T14:05:41.580+0000] {logging_mixin.py:188} INFO - [2025-11-02T14:05:41.569+0000] {dagbag.py:538} INFO - Filling up the DagBag from /opt/airflow/dags/my_dag.py
[2025-11-02T14:05:48.319+0000] {processor.py:840} INFO - DAG(s) 'my_dag' retrieved from /opt/airflow/dags/my_dag.py
[2025-11-02T14:05:48.813+0000] {logging_mixin.py:188} INFO - [2025-11-02T14:05:48.801+0000] {dag.py:3036} INFO - Sync 1 DAGs
[2025-11-02T14:05:48.972+0000] {logging_mixin.py:188} INFO - [2025-11-02T14:05:48.971+0000] {dag.py:3823} INFO - Setting next_dagrun for my_dag to None, run_after=None
[2025-11-02T14:05:49.213+0000] {processor.py:183} INFO - Processing /opt/airflow/dags/my_dag.py took 7.742 seconds
[2025-11-02T14:06:20.917+0000] {processor.py:161} INFO - Started process (PID=4927) to work on /opt/airflow/dags/my_dag.py
[2025-11-02T14:06:20.953+0000] {processor.py:830} INFO - Processing file /opt/airflow/dags/my_dag.py for tasks to queue
[2025-11-02T14:06:20.971+0000] {logging_mixin.py:188} INFO - [2025-11-02T14:06:20.970+0000] {dagbag.py:538} INFO - Filling up the DagBag from /opt/airflow/dags/my_dag.py
[2025-11-02T14:06:29.799+0000] {processor.py:840} INFO - DAG(s) 'my_dag' retrieved from /opt/airflow/dags/my_dag.py
[2025-11-02T14:06:29.950+0000] {logging_mixin.py:188} INFO - [2025-11-02T14:06:29.949+0000] {dag.py:3036} INFO - Sync 1 DAGs
[2025-11-02T14:06:30.020+0000] {logging_mixin.py:188} INFO - [2025-11-02T14:06:30.020+0000] {dag.py:3823} INFO - Setting next_dagrun for my_dag to None, run_after=None
[2025-11-02T14:06:30.165+0000] {processor.py:183} INFO - Processing /opt/airflow/dags/my_dag.py took 9.269 seconds
[2025-11-02T14:07:01.451+0000] {processor.py:161} INFO - Started process (PID=4940) to work on /opt/airflow/dags/my_dag.py
[2025-11-02T14:07:01.466+0000] {processor.py:830} INFO - Processing file /opt/airflow/dags/my_dag.py for tasks to queue
[2025-11-02T14:07:01.476+0000] {logging_mixin.py:188} INFO - [2025-11-02T14:07:01.474+0000] {dagbag.py:538} INFO - Filling up the DagBag from /opt/airflow/dags/my_dag.py
[2025-11-02T14:07:04.093+0000] {processor.py:840} INFO - DAG(s) 'my_dag' retrieved from /opt/airflow/dags/my_dag.py
[2025-11-02T14:07:04.219+0000] {logging_mixin.py:188} INFO - [2025-11-02T14:07:04.216+0000] {dag.py:3036} INFO - Sync 1 DAGs
[2025-11-02T14:07:04.277+0000] {logging_mixin.py:188} INFO - [2025-11-02T14:07:04.277+0000] {dag.py:3823} INFO - Setting next_dagrun for my_dag to None, run_after=None
[2025-11-02T14:07:04.436+0000] {processor.py:183} INFO - Processing /opt/airflow/dags/my_dag.py took 3.014 seconds
[2025-11-02T14:07:35.077+0000] {processor.py:161} INFO - Started process (PID=4951) to work on /opt/airflow/dags/my_dag.py
[2025-11-02T14:07:35.092+0000] {processor.py:830} INFO - Processing file /opt/airflow/dags/my_dag.py for tasks to queue
[2025-11-02T14:07:35.097+0000] {logging_mixin.py:188} INFO - [2025-11-02T14:07:35.096+0000] {dagbag.py:538} INFO - Filling up the DagBag from /opt/airflow/dags/my_dag.py
[2025-11-02T14:07:37.130+0000] {processor.py:840} INFO - DAG(s) 'my_dag' retrieved from /opt/airflow/dags/my_dag.py
[2025-11-02T14:07:37.214+0000] {logging_mixin.py:188} INFO - [2025-11-02T14:07:37.213+0000] {dag.py:3036} INFO - Sync 1 DAGs
[2025-11-02T14:07:37.270+0000] {logging_mixin.py:188} INFO - [2025-11-02T14:07:37.269+0000] {dag.py:3823} INFO - Setting next_dagrun for my_dag to None, run_after=None
[2025-11-02T14:07:37.349+0000] {processor.py:183} INFO - Processing /opt/airflow/dags/my_dag.py took 2.290 seconds
[2025-11-02T14:08:07.994+0000] {processor.py:161} INFO - Started process (PID=4963) to work on /opt/airflow/dags/my_dag.py
[2025-11-02T14:08:07.996+0000] {processor.py:830} INFO - Processing file /opt/airflow/dags/my_dag.py for tasks to queue
[2025-11-02T14:08:07.998+0000] {logging_mixin.py:188} INFO - [2025-11-02T14:08:07.997+0000] {dagbag.py:538} INFO - Filling up the DagBag from /opt/airflow/dags/my_dag.py
[2025-11-02T14:08:09.313+0000] {processor.py:840} INFO - DAG(s) 'my_dag' retrieved from /opt/airflow/dags/my_dag.py
[2025-11-02T14:08:09.366+0000] {logging_mixin.py:188} INFO - [2025-11-02T14:08:09.364+0000] {dag.py:3036} INFO - Sync 1 DAGs
[2025-11-02T14:08:09.381+0000] {logging_mixin.py:188} INFO - [2025-11-02T14:08:09.381+0000] {dag.py:3823} INFO - Setting next_dagrun for my_dag to None, run_after=None
[2025-11-02T14:08:09.459+0000] {processor.py:183} INFO - Processing /opt/airflow/dags/my_dag.py took 1.472 seconds
[2025-11-02T14:08:40.676+0000] {processor.py:161} INFO - Started process (PID=4975) to work on /opt/airflow/dags/my_dag.py
[2025-11-02T14:08:40.679+0000] {processor.py:830} INFO - Processing file /opt/airflow/dags/my_dag.py for tasks to queue
[2025-11-02T14:08:40.691+0000] {logging_mixin.py:188} INFO - [2025-11-02T14:08:40.690+0000] {dagbag.py:538} INFO - Filling up the DagBag from /opt/airflow/dags/my_dag.py
[2025-11-02T14:08:45.814+0000] {processor.py:840} INFO - DAG(s) 'my_dag' retrieved from /opt/airflow/dags/my_dag.py
[2025-11-02T14:08:46.113+0000] {logging_mixin.py:188} INFO - [2025-11-02T14:08:46.112+0000] {dag.py:3036} INFO - Sync 1 DAGs
[2025-11-02T14:08:46.332+0000] {logging_mixin.py:188} INFO - [2025-11-02T14:08:46.331+0000] {dag.py:3823} INFO - Setting next_dagrun for my_dag to None, run_after=None
[2025-11-02T14:08:46.685+0000] {processor.py:183} INFO - Processing /opt/airflow/dags/my_dag.py took 6.026 seconds
[2025-11-02T14:09:17.898+0000] {processor.py:161} INFO - Started process (PID=4987) to work on /opt/airflow/dags/my_dag.py
[2025-11-02T14:09:17.901+0000] {processor.py:830} INFO - Processing file /opt/airflow/dags/my_dag.py for tasks to queue
[2025-11-02T14:09:17.904+0000] {logging_mixin.py:188} INFO - [2025-11-02T14:09:17.903+0000] {dagbag.py:538} INFO - Filling up the DagBag from /opt/airflow/dags/my_dag.py
[2025-11-02T14:09:20.538+0000] {processor.py:840} INFO - DAG(s) 'my_dag' retrieved from /opt/airflow/dags/my_dag.py
[2025-11-02T14:09:20.737+0000] {logging_mixin.py:188} INFO - [2025-11-02T14:09:20.736+0000] {dag.py:3036} INFO - Sync 1 DAGs
[2025-11-02T14:09:20.837+0000] {logging_mixin.py:188} INFO - [2025-11-02T14:09:20.837+0000] {dag.py:3823} INFO - Setting next_dagrun for my_dag to None, run_after=None
[2025-11-02T14:09:21.048+0000] {processor.py:183} INFO - Processing /opt/airflow/dags/my_dag.py took 3.158 seconds
[2025-11-02T14:09:51.279+0000] {processor.py:161} INFO - Started process (PID=4999) to work on /opt/airflow/dags/my_dag.py
[2025-11-02T14:09:51.282+0000] {processor.py:830} INFO - Processing file /opt/airflow/dags/my_dag.py for tasks to queue
[2025-11-02T14:09:51.293+0000] {logging_mixin.py:188} INFO - [2025-11-02T14:09:51.292+0000] {dagbag.py:538} INFO - Filling up the DagBag from /opt/airflow/dags/my_dag.py
[2025-11-02T14:09:53.574+0000] {processor.py:840} INFO - DAG(s) 'my_dag' retrieved from /opt/airflow/dags/my_dag.py
[2025-11-02T14:09:53.640+0000] {logging_mixin.py:188} INFO - [2025-11-02T14:09:53.639+0000] {dag.py:3036} INFO - Sync 1 DAGs
[2025-11-02T14:09:53.690+0000] {logging_mixin.py:188} INFO - [2025-11-02T14:09:53.690+0000] {dag.py:3823} INFO - Setting next_dagrun for my_dag to None, run_after=None
[2025-11-02T14:09:53.979+0000] {processor.py:183} INFO - Processing /opt/airflow/dags/my_dag.py took 2.718 seconds
[2025-11-02T14:10:24.690+0000] {processor.py:161} INFO - Started process (PID=5011) to work on /opt/airflow/dags/my_dag.py
[2025-11-02T14:10:24.693+0000] {processor.py:830} INFO - Processing file /opt/airflow/dags/my_dag.py for tasks to queue
[2025-11-02T14:10:24.695+0000] {logging_mixin.py:188} INFO - [2025-11-02T14:10:24.695+0000] {dagbag.py:538} INFO - Filling up the DagBag from /opt/airflow/dags/my_dag.py
[2025-11-02T14:10:25.487+0000] {processor.py:840} INFO - DAG(s) 'my_dag' retrieved from /opt/airflow/dags/my_dag.py
[2025-11-02T14:10:25.536+0000] {logging_mixin.py:188} INFO - [2025-11-02T14:10:25.535+0000] {dag.py:3036} INFO - Sync 1 DAGs
[2025-11-02T14:10:25.565+0000] {logging_mixin.py:188} INFO - [2025-11-02T14:10:25.564+0000] {dag.py:3823} INFO - Setting next_dagrun for my_dag to None, run_after=None
[2025-11-02T14:10:25.602+0000] {processor.py:183} INFO - Processing /opt/airflow/dags/my_dag.py took 0.922 seconds
[2025-11-02T14:10:55.749+0000] {processor.py:161} INFO - Started process (PID=5023) to work on /opt/airflow/dags/my_dag.py
[2025-11-02T14:10:55.751+0000] {processor.py:830} INFO - Processing file /opt/airflow/dags/my_dag.py for tasks to queue
[2025-11-02T14:10:55.753+0000] {logging_mixin.py:188} INFO - [2025-11-02T14:10:55.753+0000] {dagbag.py:538} INFO - Filling up the DagBag from /opt/airflow/dags/my_dag.py
[2025-11-02T14:10:57.044+0000] {processor.py:840} INFO - DAG(s) 'my_dag' retrieved from /opt/airflow/dags/my_dag.py
[2025-11-02T14:10:57.090+0000] {logging_mixin.py:188} INFO - [2025-11-02T14:10:57.088+0000] {dag.py:3036} INFO - Sync 1 DAGs
[2025-11-02T14:10:57.115+0000] {logging_mixin.py:188} INFO - [2025-11-02T14:10:57.114+0000] {dag.py:3823} INFO - Setting next_dagrun for my_dag to None, run_after=None
[2025-11-02T14:10:57.173+0000] {processor.py:183} INFO - Processing /opt/airflow/dags/my_dag.py took 1.431 seconds
[2025-11-02T14:11:28.091+0000] {processor.py:161} INFO - Started process (PID=5035) to work on /opt/airflow/dags/my_dag.py
[2025-11-02T14:11:28.103+0000] {processor.py:830} INFO - Processing file /opt/airflow/dags/my_dag.py for tasks to queue
[2025-11-02T14:11:28.118+0000] {logging_mixin.py:188} INFO - [2025-11-02T14:11:28.117+0000] {dagbag.py:538} INFO - Filling up the DagBag from /opt/airflow/dags/my_dag.py
[2025-11-02T14:11:30.530+0000] {processor.py:840} INFO - DAG(s) 'my_dag' retrieved from /opt/airflow/dags/my_dag.py
[2025-11-02T14:11:30.661+0000] {logging_mixin.py:188} INFO - [2025-11-02T14:11:30.655+0000] {dag.py:3036} INFO - Sync 1 DAGs
[2025-11-02T14:11:30.719+0000] {logging_mixin.py:188} INFO - [2025-11-02T14:11:30.719+0000] {dag.py:3823} INFO - Setting next_dagrun for my_dag to None, run_after=None
[2025-11-02T14:11:30.815+0000] {processor.py:183} INFO - Processing /opt/airflow/dags/my_dag.py took 2.737 seconds
[2025-11-02T14:12:01.228+0000] {processor.py:161} INFO - Started process (PID=5047) to work on /opt/airflow/dags/my_dag.py
[2025-11-02T14:12:01.231+0000] {processor.py:830} INFO - Processing file /opt/airflow/dags/my_dag.py for tasks to queue
[2025-11-02T14:12:01.234+0000] {logging_mixin.py:188} INFO - [2025-11-02T14:12:01.233+0000] {dagbag.py:538} INFO - Filling up the DagBag from /opt/airflow/dags/my_dag.py
[2025-11-02T14:12:02.868+0000] {processor.py:840} INFO - DAG(s) 'my_dag' retrieved from /opt/airflow/dags/my_dag.py
[2025-11-02T14:12:02.945+0000] {logging_mixin.py:188} INFO - [2025-11-02T14:12:02.944+0000] {dag.py:3036} INFO - Sync 1 DAGs
[2025-11-02T14:12:03.030+0000] {logging_mixin.py:188} INFO - [2025-11-02T14:12:03.029+0000] {dag.py:3823} INFO - Setting next_dagrun for my_dag to None, run_after=None
[2025-11-02T14:12:03.137+0000] {processor.py:183} INFO - Processing /opt/airflow/dags/my_dag.py took 1.918 seconds
[2025-11-02T14:12:33.522+0000] {processor.py:161} INFO - Started process (PID=5060) to work on /opt/airflow/dags/my_dag.py
[2025-11-02T14:12:33.615+0000] {processor.py:830} INFO - Processing file /opt/airflow/dags/my_dag.py for tasks to queue
[2025-11-02T14:12:33.618+0000] {logging_mixin.py:188} INFO - [2025-11-02T14:12:33.617+0000] {dagbag.py:538} INFO - Filling up the DagBag from /opt/airflow/dags/my_dag.py
[2025-11-02T14:12:35.334+0000] {processor.py:840} INFO - DAG(s) 'my_dag' retrieved from /opt/airflow/dags/my_dag.py
[2025-11-02T14:12:35.371+0000] {logging_mixin.py:188} INFO - [2025-11-02T14:12:35.370+0000] {dag.py:3036} INFO - Sync 1 DAGs
[2025-11-02T14:12:35.389+0000] {logging_mixin.py:188} INFO - [2025-11-02T14:12:35.388+0000] {dag.py:3823} INFO - Setting next_dagrun for my_dag to None, run_after=None
[2025-11-02T14:12:35.517+0000] {processor.py:183} INFO - Processing /opt/airflow/dags/my_dag.py took 2.005 seconds
[2025-11-02T14:13:06.102+0000] {processor.py:161} INFO - Started process (PID=5071) to work on /opt/airflow/dags/my_dag.py
[2025-11-02T14:13:06.104+0000] {processor.py:830} INFO - Processing file /opt/airflow/dags/my_dag.py for tasks to queue
[2025-11-02T14:13:06.106+0000] {logging_mixin.py:188} INFO - [2025-11-02T14:13:06.105+0000] {dagbag.py:538} INFO - Filling up the DagBag from /opt/airflow/dags/my_dag.py
[2025-11-02T14:13:07.834+0000] {processor.py:840} INFO - DAG(s) 'my_dag' retrieved from /opt/airflow/dags/my_dag.py
[2025-11-02T14:13:08.031+0000] {logging_mixin.py:188} INFO - [2025-11-02T14:13:08.030+0000] {dag.py:3036} INFO - Sync 1 DAGs
[2025-11-02T14:13:08.071+0000] {logging_mixin.py:188} INFO - [2025-11-02T14:13:08.070+0000] {dag.py:3823} INFO - Setting next_dagrun for my_dag to None, run_after=None
[2025-11-02T14:13:08.350+0000] {processor.py:183} INFO - Processing /opt/airflow/dags/my_dag.py took 2.258 seconds
[2025-11-02T14:13:38.674+0000] {processor.py:161} INFO - Started process (PID=5083) to work on /opt/airflow/dags/my_dag.py
[2025-11-02T14:13:38.676+0000] {processor.py:830} INFO - Processing file /opt/airflow/dags/my_dag.py for tasks to queue
[2025-11-02T14:13:38.678+0000] {logging_mixin.py:188} INFO - [2025-11-02T14:13:38.677+0000] {dagbag.py:538} INFO - Filling up the DagBag from /opt/airflow/dags/my_dag.py
[2025-11-02T14:13:39.519+0000] {processor.py:840} INFO - DAG(s) 'my_dag' retrieved from /opt/airflow/dags/my_dag.py
[2025-11-02T14:13:39.573+0000] {logging_mixin.py:188} INFO - [2025-11-02T14:13:39.572+0000] {dag.py:3036} INFO - Sync 1 DAGs
[2025-11-02T14:13:39.586+0000] {logging_mixin.py:188} INFO - [2025-11-02T14:13:39.585+0000] {dag.py:3823} INFO - Setting next_dagrun for my_dag to None, run_after=None
[2025-11-02T14:13:39.700+0000] {processor.py:183} INFO - Processing /opt/airflow/dags/my_dag.py took 1.031 seconds
[2025-11-02T14:14:10.266+0000] {processor.py:161} INFO - Started process (PID=5095) to work on /opt/airflow/dags/my_dag.py
[2025-11-02T14:14:10.267+0000] {processor.py:830} INFO - Processing file /opt/airflow/dags/my_dag.py for tasks to queue
[2025-11-02T14:14:10.269+0000] {logging_mixin.py:188} INFO - [2025-11-02T14:14:10.269+0000] {dagbag.py:538} INFO - Filling up the DagBag from /opt/airflow/dags/my_dag.py
[2025-11-02T14:14:10.906+0000] {processor.py:840} INFO - DAG(s) 'my_dag' retrieved from /opt/airflow/dags/my_dag.py
[2025-11-02T14:14:10.937+0000] {logging_mixin.py:188} INFO - [2025-11-02T14:14:10.936+0000] {dag.py:3036} INFO - Sync 1 DAGs
[2025-11-02T14:14:10.952+0000] {logging_mixin.py:188} INFO - [2025-11-02T14:14:10.952+0000] {dag.py:3823} INFO - Setting next_dagrun for my_dag to None, run_after=None
[2025-11-02T14:14:10.989+0000] {processor.py:183} INFO - Processing /opt/airflow/dags/my_dag.py took 0.729 seconds
[2025-11-02T14:14:41.909+0000] {processor.py:161} INFO - Started process (PID=5107) to work on /opt/airflow/dags/my_dag.py
[2025-11-02T14:14:41.911+0000] {processor.py:830} INFO - Processing file /opt/airflow/dags/my_dag.py for tasks to queue
[2025-11-02T14:14:41.913+0000] {logging_mixin.py:188} INFO - [2025-11-02T14:14:41.912+0000] {dagbag.py:538} INFO - Filling up the DagBag from /opt/airflow/dags/my_dag.py
[2025-11-02T14:14:42.561+0000] {processor.py:840} INFO - DAG(s) 'my_dag' retrieved from /opt/airflow/dags/my_dag.py
[2025-11-02T14:14:42.593+0000] {logging_mixin.py:188} INFO - [2025-11-02T14:14:42.591+0000] {dag.py:3036} INFO - Sync 1 DAGs
[2025-11-02T14:14:42.606+0000] {logging_mixin.py:188} INFO - [2025-11-02T14:14:42.606+0000] {dag.py:3823} INFO - Setting next_dagrun for my_dag to None, run_after=None
[2025-11-02T14:14:42.637+0000] {processor.py:183} INFO - Processing /opt/airflow/dags/my_dag.py took 0.734 seconds
[2025-11-02T14:15:12.720+0000] {processor.py:161} INFO - Started process (PID=5119) to work on /opt/airflow/dags/my_dag.py
[2025-11-02T14:15:12.722+0000] {processor.py:830} INFO - Processing file /opt/airflow/dags/my_dag.py for tasks to queue
[2025-11-02T14:15:12.724+0000] {logging_mixin.py:188} INFO - [2025-11-02T14:15:12.723+0000] {dagbag.py:538} INFO - Filling up the DagBag from /opt/airflow/dags/my_dag.py
[2025-11-02T14:15:13.538+0000] {processor.py:840} INFO - DAG(s) 'my_dag' retrieved from /opt/airflow/dags/my_dag.py
[2025-11-02T14:15:13.585+0000] {logging_mixin.py:188} INFO - [2025-11-02T14:15:13.584+0000] {dag.py:3036} INFO - Sync 1 DAGs
[2025-11-02T14:15:13.602+0000] {logging_mixin.py:188} INFO - [2025-11-02T14:15:13.602+0000] {dag.py:3823} INFO - Setting next_dagrun for my_dag to None, run_after=None
[2025-11-02T14:15:13.643+0000] {processor.py:183} INFO - Processing /opt/airflow/dags/my_dag.py took 0.929 seconds
[2025-11-02T14:15:43.967+0000] {processor.py:161} INFO - Started process (PID=5131) to work on /opt/airflow/dags/my_dag.py
[2025-11-02T14:15:43.969+0000] {processor.py:830} INFO - Processing file /opt/airflow/dags/my_dag.py for tasks to queue
[2025-11-02T14:15:43.971+0000] {logging_mixin.py:188} INFO - [2025-11-02T14:15:43.970+0000] {dagbag.py:538} INFO - Filling up the DagBag from /opt/airflow/dags/my_dag.py
[2025-11-02T14:15:44.697+0000] {processor.py:840} INFO - DAG(s) 'my_dag' retrieved from /opt/airflow/dags/my_dag.py
[2025-11-02T14:15:44.727+0000] {logging_mixin.py:188} INFO - [2025-11-02T14:15:44.726+0000] {dag.py:3036} INFO - Sync 1 DAGs
[2025-11-02T14:15:44.740+0000] {logging_mixin.py:188} INFO - [2025-11-02T14:15:44.740+0000] {dag.py:3823} INFO - Setting next_dagrun for my_dag to None, run_after=None
[2025-11-02T14:15:44.771+0000] {processor.py:183} INFO - Processing /opt/airflow/dags/my_dag.py took 0.810 seconds
[2025-11-02T14:16:15.107+0000] {processor.py:161} INFO - Started process (PID=5143) to work on /opt/airflow/dags/my_dag.py
[2025-11-02T14:16:15.109+0000] {processor.py:830} INFO - Processing file /opt/airflow/dags/my_dag.py for tasks to queue
[2025-11-02T14:16:15.114+0000] {logging_mixin.py:188} INFO - [2025-11-02T14:16:15.114+0000] {dagbag.py:538} INFO - Filling up the DagBag from /opt/airflow/dags/my_dag.py
[2025-11-02T14:16:16.003+0000] {processor.py:840} INFO - DAG(s) 'my_dag' retrieved from /opt/airflow/dags/my_dag.py
[2025-11-02T14:16:16.056+0000] {logging_mixin.py:188} INFO - [2025-11-02T14:16:16.055+0000] {dag.py:3036} INFO - Sync 1 DAGs
[2025-11-02T14:16:16.084+0000] {logging_mixin.py:188} INFO - [2025-11-02T14:16:16.083+0000] {dag.py:3823} INFO - Setting next_dagrun for my_dag to None, run_after=None
[2025-11-02T14:16:16.128+0000] {processor.py:183} INFO - Processing /opt/airflow/dags/my_dag.py took 1.029 seconds
[2025-11-02T14:16:46.561+0000] {processor.py:161} INFO - Started process (PID=5155) to work on /opt/airflow/dags/my_dag.py
[2025-11-02T14:16:46.563+0000] {processor.py:830} INFO - Processing file /opt/airflow/dags/my_dag.py for tasks to queue
[2025-11-02T14:16:46.565+0000] {logging_mixin.py:188} INFO - [2025-11-02T14:16:46.564+0000] {dagbag.py:538} INFO - Filling up the DagBag from /opt/airflow/dags/my_dag.py
[2025-11-02T14:16:47.260+0000] {processor.py:840} INFO - DAG(s) 'my_dag' retrieved from /opt/airflow/dags/my_dag.py
[2025-11-02T14:16:47.291+0000] {logging_mixin.py:188} INFO - [2025-11-02T14:16:47.291+0000] {dag.py:3036} INFO - Sync 1 DAGs
[2025-11-02T14:16:47.305+0000] {logging_mixin.py:188} INFO - [2025-11-02T14:16:47.305+0000] {dag.py:3823} INFO - Setting next_dagrun for my_dag to None, run_after=None
[2025-11-02T14:16:47.337+0000] {processor.py:183} INFO - Processing /opt/airflow/dags/my_dag.py took 0.782 seconds
[2025-11-02T14:17:17.559+0000] {processor.py:161} INFO - Started process (PID=5167) to work on /opt/airflow/dags/my_dag.py
[2025-11-02T14:17:17.561+0000] {processor.py:830} INFO - Processing file /opt/airflow/dags/my_dag.py for tasks to queue
[2025-11-02T14:17:17.565+0000] {logging_mixin.py:188} INFO - [2025-11-02T14:17:17.564+0000] {dagbag.py:538} INFO - Filling up the DagBag from /opt/airflow/dags/my_dag.py
[2025-11-02T14:17:18.636+0000] {processor.py:840} INFO - DAG(s) 'my_dag' retrieved from /opt/airflow/dags/my_dag.py
[2025-11-02T14:17:18.666+0000] {logging_mixin.py:188} INFO - [2025-11-02T14:17:18.666+0000] {dag.py:3036} INFO - Sync 1 DAGs
[2025-11-02T14:17:18.681+0000] {logging_mixin.py:188} INFO - [2025-11-02T14:17:18.680+0000] {dag.py:3823} INFO - Setting next_dagrun for my_dag to None, run_after=None
[2025-11-02T14:17:18.723+0000] {processor.py:183} INFO - Processing /opt/airflow/dags/my_dag.py took 1.174 seconds
[2025-11-02T14:17:49.486+0000] {processor.py:161} INFO - Started process (PID=5179) to work on /opt/airflow/dags/my_dag.py
[2025-11-02T14:17:49.489+0000] {processor.py:830} INFO - Processing file /opt/airflow/dags/my_dag.py for tasks to queue
[2025-11-02T14:17:49.491+0000] {logging_mixin.py:188} INFO - [2025-11-02T14:17:49.490+0000] {dagbag.py:538} INFO - Filling up the DagBag from /opt/airflow/dags/my_dag.py
[2025-11-02T14:17:50.838+0000] {processor.py:840} INFO - DAG(s) 'my_dag' retrieved from /opt/airflow/dags/my_dag.py
[2025-11-02T14:17:50.873+0000] {logging_mixin.py:188} INFO - [2025-11-02T14:17:50.870+0000] {dag.py:3036} INFO - Sync 1 DAGs
[2025-11-02T14:17:50.893+0000] {logging_mixin.py:188} INFO - [2025-11-02T14:17:50.893+0000] {dag.py:3823} INFO - Setting next_dagrun for my_dag to None, run_after=None
[2025-11-02T14:17:50.942+0000] {processor.py:183} INFO - Processing /opt/airflow/dags/my_dag.py took 1.466 seconds
[2025-11-02T14:18:21.340+0000] {processor.py:161} INFO - Started process (PID=5185) to work on /opt/airflow/dags/my_dag.py
[2025-11-02T14:18:21.342+0000] {processor.py:830} INFO - Processing file /opt/airflow/dags/my_dag.py for tasks to queue
[2025-11-02T14:18:21.343+0000] {logging_mixin.py:188} INFO - [2025-11-02T14:18:21.343+0000] {dagbag.py:538} INFO - Filling up the DagBag from /opt/airflow/dags/my_dag.py
[2025-11-02T14:18:22.391+0000] {processor.py:840} INFO - DAG(s) 'my_dag' retrieved from /opt/airflow/dags/my_dag.py
[2025-11-02T14:18:22.434+0000] {logging_mixin.py:188} INFO - [2025-11-02T14:18:22.433+0000] {dag.py:3036} INFO - Sync 1 DAGs
[2025-11-02T14:18:22.448+0000] {logging_mixin.py:188} INFO - [2025-11-02T14:18:22.447+0000] {dag.py:3823} INFO - Setting next_dagrun for my_dag to None, run_after=None
[2025-11-02T14:18:22.679+0000] {processor.py:183} INFO - Processing /opt/airflow/dags/my_dag.py took 1.344 seconds
[2025-11-02T14:18:54.528+0000] {processor.py:161} INFO - Started process (PID=5196) to work on /opt/airflow/dags/my_dag.py
[2025-11-02T14:18:54.531+0000] {processor.py:830} INFO - Processing file /opt/airflow/dags/my_dag.py for tasks to queue
[2025-11-02T14:18:54.542+0000] {logging_mixin.py:188} INFO - [2025-11-02T14:18:54.541+0000] {dagbag.py:538} INFO - Filling up the DagBag from /opt/airflow/dags/my_dag.py
[2025-11-02T14:18:57.278+0000] {processor.py:840} INFO - DAG(s) 'my_dag' retrieved from /opt/airflow/dags/my_dag.py
[2025-11-02T14:18:57.561+0000] {logging_mixin.py:188} INFO - [2025-11-02T14:18:57.561+0000] {dag.py:3036} INFO - Sync 1 DAGs
[2025-11-02T14:18:57.585+0000] {logging_mixin.py:188} INFO - [2025-11-02T14:18:57.585+0000] {dag.py:3823} INFO - Setting next_dagrun for my_dag to None, run_after=None
[2025-11-02T14:18:57.698+0000] {processor.py:183} INFO - Processing /opt/airflow/dags/my_dag.py took 3.189 seconds
[2025-11-02T14:19:28.417+0000] {processor.py:161} INFO - Started process (PID=5209) to work on /opt/airflow/dags/my_dag.py
[2025-11-02T14:19:28.420+0000] {processor.py:830} INFO - Processing file /opt/airflow/dags/my_dag.py for tasks to queue
[2025-11-02T14:19:28.423+0000] {logging_mixin.py:188} INFO - [2025-11-02T14:19:28.422+0000] {dagbag.py:538} INFO - Filling up the DagBag from /opt/airflow/dags/my_dag.py
[2025-11-02T14:19:31.519+0000] {processor.py:840} INFO - DAG(s) 'my_dag' retrieved from /opt/airflow/dags/my_dag.py
[2025-11-02T14:19:31.638+0000] {logging_mixin.py:188} INFO - [2025-11-02T14:19:31.636+0000] {dag.py:3036} INFO - Sync 1 DAGs
[2025-11-02T14:19:31.690+0000] {logging_mixin.py:188} INFO - [2025-11-02T14:19:31.689+0000] {dag.py:3823} INFO - Setting next_dagrun for my_dag to None, run_after=None
[2025-11-02T14:19:31.794+0000] {processor.py:183} INFO - Processing /opt/airflow/dags/my_dag.py took 3.394 seconds
[2025-11-02T14:20:02.301+0000] {processor.py:161} INFO - Started process (PID=5220) to work on /opt/airflow/dags/my_dag.py
[2025-11-02T14:20:02.303+0000] {processor.py:830} INFO - Processing file /opt/airflow/dags/my_dag.py for tasks to queue
[2025-11-02T14:20:02.305+0000] {logging_mixin.py:188} INFO - [2025-11-02T14:20:02.304+0000] {dagbag.py:538} INFO - Filling up the DagBag from /opt/airflow/dags/my_dag.py
[2025-11-02T14:20:03.004+0000] {processor.py:840} INFO - DAG(s) 'my_dag' retrieved from /opt/airflow/dags/my_dag.py
[2025-11-02T14:20:03.035+0000] {logging_mixin.py:188} INFO - [2025-11-02T14:20:03.034+0000] {dag.py:3036} INFO - Sync 1 DAGs
[2025-11-02T14:20:03.054+0000] {logging_mixin.py:188} INFO - [2025-11-02T14:20:03.054+0000] {dag.py:3823} INFO - Setting next_dagrun for my_dag to None, run_after=None
[2025-11-02T14:20:03.137+0000] {processor.py:183} INFO - Processing /opt/airflow/dags/my_dag.py took 0.841 seconds
[2025-11-02T14:20:33.595+0000] {processor.py:161} INFO - Started process (PID=5231) to work on /opt/airflow/dags/my_dag.py
[2025-11-02T14:20:33.597+0000] {processor.py:830} INFO - Processing file /opt/airflow/dags/my_dag.py for tasks to queue
[2025-11-02T14:20:33.600+0000] {logging_mixin.py:188} INFO - [2025-11-02T14:20:33.599+0000] {dagbag.py:538} INFO - Filling up the DagBag from /opt/airflow/dags/my_dag.py
[2025-11-02T14:20:34.235+0000] {processor.py:840} INFO - DAG(s) 'my_dag' retrieved from /opt/airflow/dags/my_dag.py
[2025-11-02T14:20:34.265+0000] {logging_mixin.py:188} INFO - [2025-11-02T14:20:34.265+0000] {dag.py:3036} INFO - Sync 1 DAGs
[2025-11-02T14:20:34.282+0000] {logging_mixin.py:188} INFO - [2025-11-02T14:20:34.282+0000] {dag.py:3823} INFO - Setting next_dagrun for my_dag to None, run_after=None
[2025-11-02T14:20:34.338+0000] {processor.py:183} INFO - Processing /opt/airflow/dags/my_dag.py took 0.748 seconds
[2025-11-02T14:21:07.275+0000] {processor.py:161} INFO - Started process (PID=5241) to work on /opt/airflow/dags/my_dag.py
[2025-11-02T14:21:07.277+0000] {processor.py:830} INFO - Processing file /opt/airflow/dags/my_dag.py for tasks to queue
[2025-11-02T14:21:07.279+0000] {logging_mixin.py:188} INFO - [2025-11-02T14:21:07.278+0000] {dagbag.py:538} INFO - Filling up the DagBag from /opt/airflow/dags/my_dag.py
[2025-11-02T14:21:08.310+0000] {processor.py:840} INFO - DAG(s) 'my_dag' retrieved from /opt/airflow/dags/my_dag.py
[2025-11-02T14:21:08.350+0000] {logging_mixin.py:188} INFO - [2025-11-02T14:21:08.349+0000] {dag.py:3036} INFO - Sync 1 DAGs
[2025-11-02T14:21:08.365+0000] {logging_mixin.py:188} INFO - [2025-11-02T14:21:08.365+0000] {dag.py:3823} INFO - Setting next_dagrun for my_dag to None, run_after=None
[2025-11-02T14:21:08.418+0000] {processor.py:183} INFO - Processing /opt/airflow/dags/my_dag.py took 1.151 seconds
[2025-11-02T14:21:39.904+0000] {processor.py:161} INFO - Started process (PID=5252) to work on /opt/airflow/dags/my_dag.py
[2025-11-02T14:21:39.906+0000] {processor.py:830} INFO - Processing file /opt/airflow/dags/my_dag.py for tasks to queue
[2025-11-02T14:21:39.910+0000] {logging_mixin.py:188} INFO - [2025-11-02T14:21:39.907+0000] {dagbag.py:538} INFO - Filling up the DagBag from /opt/airflow/dags/my_dag.py
[2025-11-02T14:21:40.863+0000] {processor.py:840} INFO - DAG(s) 'my_dag' retrieved from /opt/airflow/dags/my_dag.py
[2025-11-02T14:21:40.915+0000] {logging_mixin.py:188} INFO - [2025-11-02T14:21:40.914+0000] {dag.py:3036} INFO - Sync 1 DAGs
[2025-11-02T14:21:40.932+0000] {logging_mixin.py:188} INFO - [2025-11-02T14:21:40.931+0000] {dag.py:3823} INFO - Setting next_dagrun for my_dag to None, run_after=None
[2025-11-02T14:21:40.958+0000] {processor.py:183} INFO - Processing /opt/airflow/dags/my_dag.py took 1.061 seconds
[2025-11-02T14:22:14.013+0000] {processor.py:161} INFO - Started process (PID=5263) to work on /opt/airflow/dags/my_dag.py
[2025-11-02T14:22:14.015+0000] {processor.py:830} INFO - Processing file /opt/airflow/dags/my_dag.py for tasks to queue
[2025-11-02T14:22:14.017+0000] {logging_mixin.py:188} INFO - [2025-11-02T14:22:14.016+0000] {dagbag.py:538} INFO - Filling up the DagBag from /opt/airflow/dags/my_dag.py
[2025-11-02T14:22:14.784+0000] {processor.py:840} INFO - DAG(s) 'my_dag' retrieved from /opt/airflow/dags/my_dag.py
[2025-11-02T14:22:14.855+0000] {logging_mixin.py:188} INFO - [2025-11-02T14:22:14.851+0000] {dag.py:3036} INFO - Sync 1 DAGs
[2025-11-02T14:22:14.905+0000] {logging_mixin.py:188} INFO - [2025-11-02T14:22:14.904+0000] {dag.py:3823} INFO - Setting next_dagrun for my_dag to None, run_after=None
[2025-11-02T14:22:14.959+0000] {processor.py:183} INFO - Processing /opt/airflow/dags/my_dag.py took 0.953 seconds
[2025-11-02T14:22:47.009+0000] {processor.py:161} INFO - Started process (PID=5274) to work on /opt/airflow/dags/my_dag.py
[2025-11-02T14:22:47.012+0000] {processor.py:830} INFO - Processing file /opt/airflow/dags/my_dag.py for tasks to queue
[2025-11-02T14:22:47.014+0000] {logging_mixin.py:188} INFO - [2025-11-02T14:22:47.013+0000] {dagbag.py:538} INFO - Filling up the DagBag from /opt/airflow/dags/my_dag.py
[2025-11-02T14:22:48.243+0000] {processor.py:840} INFO - DAG(s) 'my_dag' retrieved from /opt/airflow/dags/my_dag.py
[2025-11-02T14:22:48.281+0000] {logging_mixin.py:188} INFO - [2025-11-02T14:22:48.280+0000] {dag.py:3036} INFO - Sync 1 DAGs
[2025-11-02T14:22:48.294+0000] {logging_mixin.py:188} INFO - [2025-11-02T14:22:48.293+0000] {dag.py:3823} INFO - Setting next_dagrun for my_dag to None, run_after=None
[2025-11-02T14:22:48.354+0000] {processor.py:183} INFO - Processing /opt/airflow/dags/my_dag.py took 1.352 seconds
[2025-11-02T14:23:19.858+0000] {processor.py:161} INFO - Started process (PID=5285) to work on /opt/airflow/dags/my_dag.py
[2025-11-02T14:23:19.859+0000] {processor.py:830} INFO - Processing file /opt/airflow/dags/my_dag.py for tasks to queue
[2025-11-02T14:23:19.861+0000] {logging_mixin.py:188} INFO - [2025-11-02T14:23:19.860+0000] {dagbag.py:538} INFO - Filling up the DagBag from /opt/airflow/dags/my_dag.py
[2025-11-02T14:23:20.540+0000] {processor.py:840} INFO - DAG(s) 'my_dag' retrieved from /opt/airflow/dags/my_dag.py
[2025-11-02T14:23:20.571+0000] {logging_mixin.py:188} INFO - [2025-11-02T14:23:20.571+0000] {dag.py:3036} INFO - Sync 1 DAGs
[2025-11-02T14:23:20.588+0000] {logging_mixin.py:188} INFO - [2025-11-02T14:23:20.588+0000] {dag.py:3823} INFO - Setting next_dagrun for my_dag to None, run_after=None
[2025-11-02T14:23:20.632+0000] {processor.py:183} INFO - Processing /opt/airflow/dags/my_dag.py took 0.780 seconds
[2025-11-02T14:23:55.459+0000] {processor.py:161} INFO - Started process (PID=5298) to work on /opt/airflow/dags/my_dag.py
[2025-11-02T14:23:55.475+0000] {processor.py:830} INFO - Processing file /opt/airflow/dags/my_dag.py for tasks to queue
[2025-11-02T14:23:55.487+0000] {logging_mixin.py:188} INFO - [2025-11-02T14:23:55.486+0000] {dagbag.py:538} INFO - Filling up the DagBag from /opt/airflow/dags/my_dag.py
[2025-11-02T14:23:59.163+0000] {processor.py:840} INFO - DAG(s) 'my_dag' retrieved from /opt/airflow/dags/my_dag.py
[2025-11-02T14:23:59.310+0000] {logging_mixin.py:188} INFO - [2025-11-02T14:23:59.300+0000] {dag.py:3036} INFO - Sync 1 DAGs
[2025-11-02T14:23:59.396+0000] {logging_mixin.py:188} INFO - [2025-11-02T14:23:59.395+0000] {dag.py:3823} INFO - Setting next_dagrun for my_dag to None, run_after=None
[2025-11-02T14:23:59.579+0000] {processor.py:183} INFO - Processing /opt/airflow/dags/my_dag.py took 4.143 seconds
[2025-11-02T14:24:30.557+0000] {processor.py:161} INFO - Started process (PID=5311) to work on /opt/airflow/dags/my_dag.py
[2025-11-02T14:24:30.563+0000] {processor.py:830} INFO - Processing file /opt/airflow/dags/my_dag.py for tasks to queue
[2025-11-02T14:24:30.574+0000] {logging_mixin.py:188} INFO - [2025-11-02T14:24:30.573+0000] {dagbag.py:538} INFO - Filling up the DagBag from /opt/airflow/dags/my_dag.py
[2025-11-02T14:24:38.319+0000] {processor.py:840} INFO - DAG(s) 'my_dag' retrieved from /opt/airflow/dags/my_dag.py
[2025-11-02T14:24:38.440+0000] {logging_mixin.py:188} INFO - [2025-11-02T14:24:38.439+0000] {dag.py:3036} INFO - Sync 1 DAGs
[2025-11-02T14:24:38.508+0000] {logging_mixin.py:188} INFO - [2025-11-02T14:24:38.507+0000] {dag.py:3823} INFO - Setting next_dagrun for my_dag to None, run_after=None
[2025-11-02T14:24:38.604+0000] {processor.py:183} INFO - Processing /opt/airflow/dags/my_dag.py took 8.075 seconds
[2025-11-02T14:25:08.919+0000] {processor.py:161} INFO - Started process (PID=5329) to work on /opt/airflow/dags/my_dag.py
[2025-11-02T14:25:08.921+0000] {processor.py:830} INFO - Processing file /opt/airflow/dags/my_dag.py for tasks to queue
[2025-11-02T14:25:08.924+0000] {logging_mixin.py:188} INFO - [2025-11-02T14:25:08.923+0000] {dagbag.py:538} INFO - Filling up the DagBag from /opt/airflow/dags/my_dag.py
[2025-11-02T14:25:10.473+0000] {processor.py:840} INFO - DAG(s) 'my_dag' retrieved from /opt/airflow/dags/my_dag.py
[2025-11-02T14:25:10.509+0000] {logging_mixin.py:188} INFO - [2025-11-02T14:25:10.508+0000] {dag.py:3036} INFO - Sync 1 DAGs
[2025-11-02T14:25:10.527+0000] {logging_mixin.py:188} INFO - [2025-11-02T14:25:10.527+0000] {dag.py:3823} INFO - Setting next_dagrun for my_dag to None, run_after=None
[2025-11-02T14:25:10.761+0000] {processor.py:183} INFO - Processing /opt/airflow/dags/my_dag.py took 1.847 seconds
[2025-11-02T14:25:41.304+0000] {processor.py:161} INFO - Started process (PID=5341) to work on /opt/airflow/dags/my_dag.py
[2025-11-02T14:25:41.306+0000] {processor.py:830} INFO - Processing file /opt/airflow/dags/my_dag.py for tasks to queue
[2025-11-02T14:25:41.309+0000] {logging_mixin.py:188} INFO - [2025-11-02T14:25:41.308+0000] {dagbag.py:538} INFO - Filling up the DagBag from /opt/airflow/dags/my_dag.py
[2025-11-02T14:25:43.414+0000] {processor.py:840} INFO - DAG(s) 'my_dag' retrieved from /opt/airflow/dags/my_dag.py
[2025-11-02T14:25:43.557+0000] {logging_mixin.py:188} INFO - [2025-11-02T14:25:43.556+0000] {dag.py:3036} INFO - Sync 1 DAGs
[2025-11-02T14:25:43.584+0000] {logging_mixin.py:188} INFO - [2025-11-02T14:25:43.584+0000] {dag.py:3823} INFO - Setting next_dagrun for my_dag to None, run_after=None
[2025-11-02T14:25:43.642+0000] {processor.py:183} INFO - Processing /opt/airflow/dags/my_dag.py took 2.356 seconds
[2025-11-02T14:26:14.549+0000] {processor.py:161} INFO - Started process (PID=5353) to work on /opt/airflow/dags/my_dag.py
[2025-11-02T14:26:14.564+0000] {processor.py:830} INFO - Processing file /opt/airflow/dags/my_dag.py for tasks to queue
[2025-11-02T14:26:14.571+0000] {logging_mixin.py:188} INFO - [2025-11-02T14:26:14.567+0000] {dagbag.py:538} INFO - Filling up the DagBag from /opt/airflow/dags/my_dag.py
[2025-11-02T14:26:17.310+0000] {processor.py:840} INFO - DAG(s) 'my_dag' retrieved from /opt/airflow/dags/my_dag.py
[2025-11-02T14:26:17.390+0000] {logging_mixin.py:188} INFO - [2025-11-02T14:26:17.389+0000] {dag.py:3036} INFO - Sync 1 DAGs
[2025-11-02T14:26:17.429+0000] {logging_mixin.py:188} INFO - [2025-11-02T14:26:17.429+0000] {dag.py:3823} INFO - Setting next_dagrun for my_dag to None, run_after=None
[2025-11-02T14:26:17.515+0000] {processor.py:183} INFO - Processing /opt/airflow/dags/my_dag.py took 2.982 seconds
[2025-11-02T14:26:47.759+0000] {processor.py:161} INFO - Started process (PID=5365) to work on /opt/airflow/dags/my_dag.py
[2025-11-02T14:26:47.764+0000] {processor.py:830} INFO - Processing file /opt/airflow/dags/my_dag.py for tasks to queue
[2025-11-02T14:26:47.767+0000] {logging_mixin.py:188} INFO - [2025-11-02T14:26:47.766+0000] {dagbag.py:538} INFO - Filling up the DagBag from /opt/airflow/dags/my_dag.py
[2025-11-02T14:26:49.858+0000] {processor.py:840} INFO - DAG(s) 'my_dag' retrieved from /opt/airflow/dags/my_dag.py
[2025-11-02T14:26:49.915+0000] {logging_mixin.py:188} INFO - [2025-11-02T14:26:49.915+0000] {dag.py:3036} INFO - Sync 1 DAGs
[2025-11-02T14:26:49.938+0000] {logging_mixin.py:188} INFO - [2025-11-02T14:26:49.937+0000] {dag.py:3823} INFO - Setting next_dagrun for my_dag to None, run_after=None
[2025-11-02T14:26:49.987+0000] {processor.py:183} INFO - Processing /opt/airflow/dags/my_dag.py took 2.240 seconds
[2025-11-02T14:27:20.791+0000] {processor.py:161} INFO - Started process (PID=5377) to work on /opt/airflow/dags/my_dag.py
[2025-11-02T14:27:20.803+0000] {processor.py:830} INFO - Processing file /opt/airflow/dags/my_dag.py for tasks to queue
[2025-11-02T14:27:20.807+0000] {logging_mixin.py:188} INFO - [2025-11-02T14:27:20.806+0000] {dagbag.py:538} INFO - Filling up the DagBag from /opt/airflow/dags/my_dag.py
[2025-11-02T14:27:28.324+0000] {processor.py:840} INFO - DAG(s) 'my_dag' retrieved from /opt/airflow/dags/my_dag.py
[2025-11-02T14:27:29.119+0000] {logging_mixin.py:188} INFO - [2025-11-02T14:27:29.118+0000] {dag.py:3036} INFO - Sync 1 DAGs
[2025-11-02T14:27:29.542+0000] {logging_mixin.py:188} INFO - [2025-11-02T14:27:29.542+0000] {dag.py:3823} INFO - Setting next_dagrun for my_dag to None, run_after=None
[2025-11-02T14:27:29.658+0000] {processor.py:183} INFO - Processing /opt/airflow/dags/my_dag.py took 8.897 seconds
[2025-11-02T14:27:59.956+0000] {processor.py:161} INFO - Started process (PID=5389) to work on /opt/airflow/dags/my_dag.py
[2025-11-02T14:27:59.958+0000] {processor.py:830} INFO - Processing file /opt/airflow/dags/my_dag.py for tasks to queue
[2025-11-02T14:27:59.961+0000] {logging_mixin.py:188} INFO - [2025-11-02T14:27:59.960+0000] {dagbag.py:538} INFO - Filling up the DagBag from /opt/airflow/dags/my_dag.py
[2025-11-02T14:28:01.519+0000] {processor.py:840} INFO - DAG(s) 'my_dag' retrieved from /opt/airflow/dags/my_dag.py
[2025-11-02T14:28:02.487+0000] {logging_mixin.py:188} INFO - [2025-11-02T14:28:02.486+0000] {dag.py:3036} INFO - Sync 1 DAGs
[2025-11-02T14:28:02.676+0000] {logging_mixin.py:188} INFO - [2025-11-02T14:28:02.676+0000] {dag.py:3823} INFO - Setting next_dagrun for my_dag to None, run_after=None
[2025-11-02T14:28:03.402+0000] {processor.py:183} INFO - Processing /opt/airflow/dags/my_dag.py took 3.464 seconds
[2025-11-02T14:28:33.968+0000] {processor.py:161} INFO - Started process (PID=5401) to work on /opt/airflow/dags/my_dag.py
[2025-11-02T14:28:33.970+0000] {processor.py:830} INFO - Processing file /opt/airflow/dags/my_dag.py for tasks to queue
[2025-11-02T14:28:33.972+0000] {logging_mixin.py:188} INFO - [2025-11-02T14:28:33.972+0000] {dagbag.py:538} INFO - Filling up the DagBag from /opt/airflow/dags/my_dag.py
[2025-11-02T14:28:34.945+0000] {processor.py:840} INFO - DAG(s) 'my_dag' retrieved from /opt/airflow/dags/my_dag.py
[2025-11-02T14:28:34.978+0000] {logging_mixin.py:188} INFO - [2025-11-02T14:28:34.976+0000] {dag.py:3036} INFO - Sync 1 DAGs
[2025-11-02T14:28:35.036+0000] {logging_mixin.py:188} INFO - [2025-11-02T14:28:35.035+0000] {dag.py:3823} INFO - Setting next_dagrun for my_dag to None, run_after=None
[2025-11-02T14:28:35.129+0000] {processor.py:183} INFO - Processing /opt/airflow/dags/my_dag.py took 1.167 seconds
[2025-11-02T14:29:05.218+0000] {processor.py:161} INFO - Started process (PID=5413) to work on /opt/airflow/dags/my_dag.py
[2025-11-02T14:29:05.221+0000] {processor.py:830} INFO - Processing file /opt/airflow/dags/my_dag.py for tasks to queue
[2025-11-02T14:29:05.224+0000] {logging_mixin.py:188} INFO - [2025-11-02T14:29:05.223+0000] {dagbag.py:538} INFO - Filling up the DagBag from /opt/airflow/dags/my_dag.py
[2025-11-02T14:29:06.101+0000] {processor.py:840} INFO - DAG(s) 'my_dag' retrieved from /opt/airflow/dags/my_dag.py
[2025-11-02T14:29:06.155+0000] {logging_mixin.py:188} INFO - [2025-11-02T14:29:06.154+0000] {dag.py:3036} INFO - Sync 1 DAGs
[2025-11-02T14:29:06.188+0000] {logging_mixin.py:188} INFO - [2025-11-02T14:29:06.187+0000] {dag.py:3823} INFO - Setting next_dagrun for my_dag to None, run_after=None
[2025-11-02T14:29:06.232+0000] {processor.py:183} INFO - Processing /opt/airflow/dags/my_dag.py took 1.026 seconds
[2025-11-02T14:29:36.522+0000] {processor.py:161} INFO - Started process (PID=5425) to work on /opt/airflow/dags/my_dag.py
[2025-11-02T14:29:36.526+0000] {processor.py:830} INFO - Processing file /opt/airflow/dags/my_dag.py for tasks to queue
[2025-11-02T14:29:36.528+0000] {logging_mixin.py:188} INFO - [2025-11-02T14:29:36.528+0000] {dagbag.py:538} INFO - Filling up the DagBag from /opt/airflow/dags/my_dag.py
[2025-11-02T14:29:37.307+0000] {processor.py:840} INFO - DAG(s) 'my_dag' retrieved from /opt/airflow/dags/my_dag.py
[2025-11-02T14:29:37.348+0000] {logging_mixin.py:188} INFO - [2025-11-02T14:29:37.347+0000] {dag.py:3036} INFO - Sync 1 DAGs
[2025-11-02T14:29:37.374+0000] {logging_mixin.py:188} INFO - [2025-11-02T14:29:37.373+0000] {dag.py:3823} INFO - Setting next_dagrun for my_dag to None, run_after=None
[2025-11-02T14:29:37.414+0000] {processor.py:183} INFO - Processing /opt/airflow/dags/my_dag.py took 0.906 seconds
[2025-11-02T14:30:07.882+0000] {processor.py:161} INFO - Started process (PID=5437) to work on /opt/airflow/dags/my_dag.py
[2025-11-02T14:30:07.885+0000] {processor.py:830} INFO - Processing file /opt/airflow/dags/my_dag.py for tasks to queue
[2025-11-02T14:30:07.888+0000] {logging_mixin.py:188} INFO - [2025-11-02T14:30:07.887+0000] {dagbag.py:538} INFO - Filling up the DagBag from /opt/airflow/dags/my_dag.py
[2025-11-02T14:30:08.597+0000] {processor.py:840} INFO - DAG(s) 'my_dag' retrieved from /opt/airflow/dags/my_dag.py
[2025-11-02T14:30:08.645+0000] {logging_mixin.py:188} INFO - [2025-11-02T14:30:08.645+0000] {dag.py:3036} INFO - Sync 1 DAGs
[2025-11-02T14:30:08.664+0000] {logging_mixin.py:188} INFO - [2025-11-02T14:30:08.664+0000] {dag.py:3823} INFO - Setting next_dagrun for my_dag to None, run_after=None
[2025-11-02T14:30:08.693+0000] {processor.py:183} INFO - Processing /opt/airflow/dags/my_dag.py took 0.819 seconds
[2025-11-02T14:30:39.273+0000] {processor.py:161} INFO - Started process (PID=5449) to work on /opt/airflow/dags/my_dag.py
[2025-11-02T14:30:39.275+0000] {processor.py:830} INFO - Processing file /opt/airflow/dags/my_dag.py for tasks to queue
[2025-11-02T14:30:39.277+0000] {logging_mixin.py:188} INFO - [2025-11-02T14:30:39.277+0000] {dagbag.py:538} INFO - Filling up the DagBag from /opt/airflow/dags/my_dag.py
[2025-11-02T14:30:39.980+0000] {processor.py:840} INFO - DAG(s) 'my_dag' retrieved from /opt/airflow/dags/my_dag.py
[2025-11-02T14:30:40.012+0000] {logging_mixin.py:188} INFO - [2025-11-02T14:30:40.010+0000] {dag.py:3036} INFO - Sync 1 DAGs
[2025-11-02T14:30:40.027+0000] {logging_mixin.py:188} INFO - [2025-11-02T14:30:40.027+0000] {dag.py:3823} INFO - Setting next_dagrun for my_dag to None, run_after=None
[2025-11-02T14:30:40.065+0000] {processor.py:183} INFO - Processing /opt/airflow/dags/my_dag.py took 0.798 seconds
[2025-11-02T14:31:10.291+0000] {processor.py:161} INFO - Started process (PID=5455) to work on /opt/airflow/dags/my_dag.py
[2025-11-02T14:31:10.295+0000] {processor.py:830} INFO - Processing file /opt/airflow/dags/my_dag.py for tasks to queue
[2025-11-02T14:31:10.299+0000] {logging_mixin.py:188} INFO - [2025-11-02T14:31:10.298+0000] {dagbag.py:538} INFO - Filling up the DagBag from /opt/airflow/dags/my_dag.py
[2025-11-02T14:31:11.023+0000] {processor.py:840} INFO - DAG(s) 'my_dag' retrieved from /opt/airflow/dags/my_dag.py
[2025-11-02T14:31:11.064+0000] {logging_mixin.py:188} INFO - [2025-11-02T14:31:11.064+0000] {dag.py:3036} INFO - Sync 1 DAGs
[2025-11-02T14:31:11.084+0000] {logging_mixin.py:188} INFO - [2025-11-02T14:31:11.083+0000] {dag.py:3823} INFO - Setting next_dagrun for my_dag to None, run_after=None
[2025-11-02T14:31:11.127+0000] {processor.py:183} INFO - Processing /opt/airflow/dags/my_dag.py took 0.844 seconds
[2025-11-02T14:31:41.258+0000] {processor.py:161} INFO - Started process (PID=5467) to work on /opt/airflow/dags/my_dag.py
[2025-11-02T14:31:41.262+0000] {processor.py:830} INFO - Processing file /opt/airflow/dags/my_dag.py for tasks to queue
[2025-11-02T14:31:41.266+0000] {logging_mixin.py:188} INFO - [2025-11-02T14:31:41.265+0000] {dagbag.py:538} INFO - Filling up the DagBag from /opt/airflow/dags/my_dag.py
[2025-11-02T14:31:42.506+0000] {processor.py:840} INFO - DAG(s) 'my_dag' retrieved from /opt/airflow/dags/my_dag.py
[2025-11-02T14:31:42.556+0000] {logging_mixin.py:188} INFO - [2025-11-02T14:31:42.556+0000] {dag.py:3036} INFO - Sync 1 DAGs
[2025-11-02T14:31:42.573+0000] {logging_mixin.py:188} INFO - [2025-11-02T14:31:42.573+0000] {dag.py:3823} INFO - Setting next_dagrun for my_dag to None, run_after=None
[2025-11-02T14:31:42.607+0000] {processor.py:183} INFO - Processing /opt/airflow/dags/my_dag.py took 1.358 seconds
[2025-11-02T14:32:13.834+0000] {processor.py:161} INFO - Started process (PID=5479) to work on /opt/airflow/dags/my_dag.py
[2025-11-02T14:32:13.836+0000] {processor.py:830} INFO - Processing file /opt/airflow/dags/my_dag.py for tasks to queue
[2025-11-02T14:32:13.839+0000] {logging_mixin.py:188} INFO - [2025-11-02T14:32:13.838+0000] {dagbag.py:538} INFO - Filling up the DagBag from /opt/airflow/dags/my_dag.py
[2025-11-02T14:32:14.547+0000] {processor.py:840} INFO - DAG(s) 'my_dag' retrieved from /opt/airflow/dags/my_dag.py
[2025-11-02T14:32:14.578+0000] {logging_mixin.py:188} INFO - [2025-11-02T14:32:14.577+0000] {dag.py:3036} INFO - Sync 1 DAGs
[2025-11-02T14:32:14.596+0000] {logging_mixin.py:188} INFO - [2025-11-02T14:32:14.595+0000] {dag.py:3823} INFO - Setting next_dagrun for my_dag to None, run_after=None
[2025-11-02T14:32:14.627+0000] {processor.py:183} INFO - Processing /opt/airflow/dags/my_dag.py took 0.799 seconds
[2025-11-02T14:32:47.241+0000] {processor.py:161} INFO - Started process (PID=5490) to work on /opt/airflow/dags/my_dag.py
[2025-11-02T14:32:47.243+0000] {processor.py:830} INFO - Processing file /opt/airflow/dags/my_dag.py for tasks to queue
[2025-11-02T14:32:47.245+0000] {logging_mixin.py:188} INFO - [2025-11-02T14:32:47.244+0000] {dagbag.py:538} INFO - Filling up the DagBag from /opt/airflow/dags/my_dag.py
[2025-11-02T14:32:48.044+0000] {processor.py:840} INFO - DAG(s) 'my_dag' retrieved from /opt/airflow/dags/my_dag.py
[2025-11-02T14:32:48.083+0000] {logging_mixin.py:188} INFO - [2025-11-02T14:32:48.082+0000] {dag.py:3036} INFO - Sync 1 DAGs
[2025-11-02T14:32:48.107+0000] {logging_mixin.py:188} INFO - [2025-11-02T14:32:48.107+0000] {dag.py:3823} INFO - Setting next_dagrun for my_dag to None, run_after=None
[2025-11-02T14:32:48.148+0000] {processor.py:183} INFO - Processing /opt/airflow/dags/my_dag.py took 0.913 seconds
[2025-11-02T14:33:19.964+0000] {processor.py:161} INFO - Started process (PID=5502) to work on /opt/airflow/dags/my_dag.py
[2025-11-02T14:33:19.966+0000] {processor.py:830} INFO - Processing file /opt/airflow/dags/my_dag.py for tasks to queue
[2025-11-02T14:33:19.968+0000] {logging_mixin.py:188} INFO - [2025-11-02T14:33:19.968+0000] {dagbag.py:538} INFO - Filling up the DagBag from /opt/airflow/dags/my_dag.py
[2025-11-02T14:33:20.661+0000] {processor.py:840} INFO - DAG(s) 'my_dag' retrieved from /opt/airflow/dags/my_dag.py
[2025-11-02T14:33:20.708+0000] {logging_mixin.py:188} INFO - [2025-11-02T14:33:20.707+0000] {dag.py:3036} INFO - Sync 1 DAGs
[2025-11-02T14:33:20.728+0000] {logging_mixin.py:188} INFO - [2025-11-02T14:33:20.728+0000] {dag.py:3823} INFO - Setting next_dagrun for my_dag to None, run_after=None
[2025-11-02T14:33:20.771+0000] {processor.py:183} INFO - Processing /opt/airflow/dags/my_dag.py took 0.812 seconds
[2025-11-02T14:33:54.254+0000] {processor.py:161} INFO - Started process (PID=5514) to work on /opt/airflow/dags/my_dag.py
[2025-11-02T14:33:54.256+0000] {processor.py:830} INFO - Processing file /opt/airflow/dags/my_dag.py for tasks to queue
[2025-11-02T14:33:54.258+0000] {logging_mixin.py:188} INFO - [2025-11-02T14:33:54.257+0000] {dagbag.py:538} INFO - Filling up the DagBag from /opt/airflow/dags/my_dag.py
[2025-11-02T14:33:55.012+0000] {processor.py:840} INFO - DAG(s) 'my_dag' retrieved from /opt/airflow/dags/my_dag.py
[2025-11-02T14:33:55.043+0000] {logging_mixin.py:188} INFO - [2025-11-02T14:33:55.041+0000] {dag.py:3036} INFO - Sync 1 DAGs
[2025-11-02T14:33:55.057+0000] {logging_mixin.py:188} INFO - [2025-11-02T14:33:55.057+0000] {dag.py:3823} INFO - Setting next_dagrun for my_dag to None, run_after=None
[2025-11-02T14:33:55.087+0000] {processor.py:183} INFO - Processing /opt/airflow/dags/my_dag.py took 0.837 seconds
[2025-11-02T14:34:27.475+0000] {processor.py:161} INFO - Started process (PID=5526) to work on /opt/airflow/dags/my_dag.py
[2025-11-02T14:34:27.477+0000] {processor.py:830} INFO - Processing file /opt/airflow/dags/my_dag.py for tasks to queue
[2025-11-02T14:34:27.479+0000] {logging_mixin.py:188} INFO - [2025-11-02T14:34:27.479+0000] {dagbag.py:538} INFO - Filling up the DagBag from /opt/airflow/dags/my_dag.py
[2025-11-02T14:34:28.475+0000] {processor.py:840} INFO - DAG(s) 'my_dag' retrieved from /opt/airflow/dags/my_dag.py
[2025-11-02T14:34:28.516+0000] {logging_mixin.py:188} INFO - [2025-11-02T14:34:28.515+0000] {dag.py:3036} INFO - Sync 1 DAGs
[2025-11-02T14:34:28.534+0000] {logging_mixin.py:188} INFO - [2025-11-02T14:34:28.534+0000] {dag.py:3823} INFO - Setting next_dagrun for my_dag to None, run_after=None
[2025-11-02T14:34:28.570+0000] {processor.py:183} INFO - Processing /opt/airflow/dags/my_dag.py took 1.105 seconds
[2025-11-02T14:35:00.081+0000] {processor.py:161} INFO - Started process (PID=5538) to work on /opt/airflow/dags/my_dag.py
[2025-11-02T14:35:00.083+0000] {processor.py:830} INFO - Processing file /opt/airflow/dags/my_dag.py for tasks to queue
[2025-11-02T14:35:00.085+0000] {logging_mixin.py:188} INFO - [2025-11-02T14:35:00.085+0000] {dagbag.py:538} INFO - Filling up the DagBag from /opt/airflow/dags/my_dag.py
[2025-11-02T14:35:00.896+0000] {processor.py:840} INFO - DAG(s) 'my_dag' retrieved from /opt/airflow/dags/my_dag.py
[2025-11-02T14:35:00.952+0000] {logging_mixin.py:188} INFO - [2025-11-02T14:35:00.951+0000] {dag.py:3036} INFO - Sync 1 DAGs
[2025-11-02T14:35:00.975+0000] {logging_mixin.py:188} INFO - [2025-11-02T14:35:00.974+0000] {dag.py:3823} INFO - Setting next_dagrun for my_dag to None, run_after=None
[2025-11-02T14:35:01.023+0000] {processor.py:183} INFO - Processing /opt/airflow/dags/my_dag.py took 0.952 seconds
[2025-11-02T14:35:33.420+0000] {processor.py:161} INFO - Started process (PID=5550) to work on /opt/airflow/dags/my_dag.py
[2025-11-02T14:35:33.422+0000] {processor.py:830} INFO - Processing file /opt/airflow/dags/my_dag.py for tasks to queue
[2025-11-02T14:35:33.425+0000] {logging_mixin.py:188} INFO - [2025-11-02T14:35:33.423+0000] {dagbag.py:538} INFO - Filling up the DagBag from /opt/airflow/dags/my_dag.py
[2025-11-02T14:35:34.056+0000] {processor.py:840} INFO - DAG(s) 'my_dag' retrieved from /opt/airflow/dags/my_dag.py
[2025-11-02T14:35:34.084+0000] {logging_mixin.py:188} INFO - [2025-11-02T14:35:34.084+0000] {dag.py:3036} INFO - Sync 1 DAGs
[2025-11-02T14:35:34.098+0000] {logging_mixin.py:188} INFO - [2025-11-02T14:35:34.098+0000] {dag.py:3823} INFO - Setting next_dagrun for my_dag to None, run_after=None
[2025-11-02T14:35:34.127+0000] {processor.py:183} INFO - Processing /opt/airflow/dags/my_dag.py took 0.713 seconds
[2025-11-02T14:36:07.398+0000] {processor.py:161} INFO - Started process (PID=5565) to work on /opt/airflow/dags/my_dag.py
[2025-11-02T14:36:07.400+0000] {processor.py:830} INFO - Processing file /opt/airflow/dags/my_dag.py for tasks to queue
[2025-11-02T14:36:07.403+0000] {logging_mixin.py:188} INFO - [2025-11-02T14:36:07.402+0000] {dagbag.py:538} INFO - Filling up the DagBag from /opt/airflow/dags/my_dag.py
[2025-11-02T14:36:08.134+0000] {processor.py:840} INFO - DAG(s) 'my_dag' retrieved from /opt/airflow/dags/my_dag.py
[2025-11-02T14:36:08.165+0000] {logging_mixin.py:188} INFO - [2025-11-02T14:36:08.164+0000] {dag.py:3036} INFO - Sync 1 DAGs
[2025-11-02T14:36:08.184+0000] {logging_mixin.py:188} INFO - [2025-11-02T14:36:08.184+0000] {dag.py:3823} INFO - Setting next_dagrun for my_dag to None, run_after=None
[2025-11-02T14:36:08.216+0000] {processor.py:183} INFO - Processing /opt/airflow/dags/my_dag.py took 0.827 seconds
[2025-11-02T14:36:40.428+0000] {processor.py:161} INFO - Started process (PID=5577) to work on /opt/airflow/dags/my_dag.py
[2025-11-02T14:36:40.430+0000] {processor.py:830} INFO - Processing file /opt/airflow/dags/my_dag.py for tasks to queue
[2025-11-02T14:36:40.433+0000] {logging_mixin.py:188} INFO - [2025-11-02T14:36:40.432+0000] {dagbag.py:538} INFO - Filling up the DagBag from /opt/airflow/dags/my_dag.py
[2025-11-02T14:36:41.227+0000] {processor.py:840} INFO - DAG(s) 'my_dag' retrieved from /opt/airflow/dags/my_dag.py
[2025-11-02T14:36:41.270+0000] {logging_mixin.py:188} INFO - [2025-11-02T14:36:41.268+0000] {dag.py:3036} INFO - Sync 1 DAGs
[2025-11-02T14:36:41.292+0000] {logging_mixin.py:188} INFO - [2025-11-02T14:36:41.292+0000] {dag.py:3823} INFO - Setting next_dagrun for my_dag to None, run_after=None
[2025-11-02T14:36:41.330+0000] {processor.py:183} INFO - Processing /opt/airflow/dags/my_dag.py took 0.911 seconds
[2025-11-02T14:37:13.965+0000] {processor.py:161} INFO - Started process (PID=5589) to work on /opt/airflow/dags/my_dag.py
[2025-11-02T14:37:13.967+0000] {processor.py:830} INFO - Processing file /opt/airflow/dags/my_dag.py for tasks to queue
[2025-11-02T14:37:13.970+0000] {logging_mixin.py:188} INFO - [2025-11-02T14:37:13.969+0000] {dagbag.py:538} INFO - Filling up the DagBag from /opt/airflow/dags/my_dag.py
[2025-11-02T14:37:14.708+0000] {processor.py:840} INFO - DAG(s) 'my_dag' retrieved from /opt/airflow/dags/my_dag.py
[2025-11-02T14:37:14.738+0000] {logging_mixin.py:188} INFO - [2025-11-02T14:37:14.737+0000] {dag.py:3036} INFO - Sync 1 DAGs
[2025-11-02T14:37:14.754+0000] {logging_mixin.py:188} INFO - [2025-11-02T14:37:14.753+0000] {dag.py:3823} INFO - Setting next_dagrun for my_dag to None, run_after=None
[2025-11-02T14:37:14.784+0000] {processor.py:183} INFO - Processing /opt/airflow/dags/my_dag.py took 0.827 seconds
[2025-11-02T14:37:47.374+0000] {processor.py:161} INFO - Started process (PID=5601) to work on /opt/airflow/dags/my_dag.py
[2025-11-02T14:37:47.376+0000] {processor.py:830} INFO - Processing file /opt/airflow/dags/my_dag.py for tasks to queue
[2025-11-02T14:37:47.378+0000] {logging_mixin.py:188} INFO - [2025-11-02T14:37:47.377+0000] {dagbag.py:538} INFO - Filling up the DagBag from /opt/airflow/dags/my_dag.py
[2025-11-02T14:37:48.085+0000] {processor.py:840} INFO - DAG(s) 'my_dag' retrieved from /opt/airflow/dags/my_dag.py
[2025-11-02T14:37:48.120+0000] {logging_mixin.py:188} INFO - [2025-11-02T14:37:48.120+0000] {dag.py:3036} INFO - Sync 1 DAGs
[2025-11-02T14:37:48.136+0000] {logging_mixin.py:188} INFO - [2025-11-02T14:37:48.136+0000] {dag.py:3823} INFO - Setting next_dagrun for my_dag to None, run_after=None
[2025-11-02T14:37:48.166+0000] {processor.py:183} INFO - Processing /opt/airflow/dags/my_dag.py took 0.800 seconds
[2025-11-02T14:38:20.453+0000] {processor.py:161} INFO - Started process (PID=5613) to work on /opt/airflow/dags/my_dag.py
[2025-11-02T14:38:20.456+0000] {processor.py:830} INFO - Processing file /opt/airflow/dags/my_dag.py for tasks to queue
[2025-11-02T14:38:20.459+0000] {logging_mixin.py:188} INFO - [2025-11-02T14:38:20.458+0000] {dagbag.py:538} INFO - Filling up the DagBag from /opt/airflow/dags/my_dag.py
[2025-11-02T14:38:21.261+0000] {processor.py:840} INFO - DAG(s) 'my_dag' retrieved from /opt/airflow/dags/my_dag.py
[2025-11-02T14:38:21.293+0000] {logging_mixin.py:188} INFO - [2025-11-02T14:38:21.293+0000] {dag.py:3036} INFO - Sync 1 DAGs
[2025-11-02T14:38:21.309+0000] {logging_mixin.py:188} INFO - [2025-11-02T14:38:21.308+0000] {dag.py:3823} INFO - Setting next_dagrun for my_dag to None, run_after=None
[2025-11-02T14:38:21.342+0000] {processor.py:183} INFO - Processing /opt/airflow/dags/my_dag.py took 0.895 seconds
[2025-11-02T14:38:53.898+0000] {processor.py:161} INFO - Started process (PID=5625) to work on /opt/airflow/dags/my_dag.py
[2025-11-02T14:38:53.900+0000] {processor.py:830} INFO - Processing file /opt/airflow/dags/my_dag.py for tasks to queue
[2025-11-02T14:38:53.902+0000] {logging_mixin.py:188} INFO - [2025-11-02T14:38:53.901+0000] {dagbag.py:538} INFO - Filling up the DagBag from /opt/airflow/dags/my_dag.py
[2025-11-02T14:38:54.601+0000] {processor.py:840} INFO - DAG(s) 'my_dag' retrieved from /opt/airflow/dags/my_dag.py
[2025-11-02T14:38:54.630+0000] {logging_mixin.py:188} INFO - [2025-11-02T14:38:54.630+0000] {dag.py:3036} INFO - Sync 1 DAGs
[2025-11-02T14:38:54.644+0000] {logging_mixin.py:188} INFO - [2025-11-02T14:38:54.644+0000] {dag.py:3823} INFO - Setting next_dagrun for my_dag to None, run_after=None
[2025-11-02T14:38:54.674+0000] {processor.py:183} INFO - Processing /opt/airflow/dags/my_dag.py took 0.785 seconds
[2025-11-02T14:39:27.248+0000] {processor.py:161} INFO - Started process (PID=5637) to work on /opt/airflow/dags/my_dag.py
[2025-11-02T14:39:27.250+0000] {processor.py:830} INFO - Processing file /opt/airflow/dags/my_dag.py for tasks to queue
[2025-11-02T14:39:27.253+0000] {logging_mixin.py:188} INFO - [2025-11-02T14:39:27.253+0000] {dagbag.py:538} INFO - Filling up the DagBag from /opt/airflow/dags/my_dag.py
[2025-11-02T14:39:28.436+0000] {processor.py:840} INFO - DAG(s) 'my_dag' retrieved from /opt/airflow/dags/my_dag.py
[2025-11-02T14:39:28.489+0000] {logging_mixin.py:188} INFO - [2025-11-02T14:39:28.488+0000] {dag.py:3036} INFO - Sync 1 DAGs
[2025-11-02T14:39:28.519+0000] {logging_mixin.py:188} INFO - [2025-11-02T14:39:28.519+0000] {dag.py:3823} INFO - Setting next_dagrun for my_dag to None, run_after=None
[2025-11-02T14:39:28.576+0000] {processor.py:183} INFO - Processing /opt/airflow/dags/my_dag.py took 1.339 seconds
[2025-11-02T14:40:01.372+0000] {processor.py:161} INFO - Started process (PID=5649) to work on /opt/airflow/dags/my_dag.py
[2025-11-02T14:40:01.381+0000] {processor.py:830} INFO - Processing file /opt/airflow/dags/my_dag.py for tasks to queue
[2025-11-02T14:40:01.394+0000] {logging_mixin.py:188} INFO - [2025-11-02T14:40:01.393+0000] {dagbag.py:538} INFO - Filling up the DagBag from /opt/airflow/dags/my_dag.py
[2025-11-02T14:40:03.638+0000] {processor.py:840} INFO - DAG(s) 'my_dag' retrieved from /opt/airflow/dags/my_dag.py
[2025-11-02T14:40:03.716+0000] {logging_mixin.py:188} INFO - [2025-11-02T14:40:03.704+0000] {dag.py:3036} INFO - Sync 1 DAGs
[2025-11-02T14:40:03.783+0000] {logging_mixin.py:188} INFO - [2025-11-02T14:40:03.782+0000] {dag.py:3823} INFO - Setting next_dagrun for my_dag to None, run_after=None
[2025-11-02T14:40:03.881+0000] {processor.py:183} INFO - Processing /opt/airflow/dags/my_dag.py took 2.535 seconds
[2025-11-02T14:40:34.471+0000] {processor.py:161} INFO - Started process (PID=5662) to work on /opt/airflow/dags/my_dag.py
[2025-11-02T14:40:34.476+0000] {processor.py:830} INFO - Processing file /opt/airflow/dags/my_dag.py for tasks to queue
[2025-11-02T14:40:34.480+0000] {logging_mixin.py:188} INFO - [2025-11-02T14:40:34.479+0000] {dagbag.py:538} INFO - Filling up the DagBag from /opt/airflow/dags/my_dag.py
[2025-11-02T14:40:35.944+0000] {processor.py:840} INFO - DAG(s) 'my_dag' retrieved from /opt/airflow/dags/my_dag.py
[2025-11-02T14:40:36.093+0000] {logging_mixin.py:188} INFO - [2025-11-02T14:40:36.083+0000] {dag.py:3036} INFO - Sync 1 DAGs
[2025-11-02T14:40:36.187+0000] {logging_mixin.py:188} INFO - [2025-11-02T14:40:36.186+0000] {dag.py:3823} INFO - Setting next_dagrun for my_dag to None, run_after=None
[2025-11-02T14:40:36.526+0000] {processor.py:183} INFO - Processing /opt/airflow/dags/my_dag.py took 2.065 seconds
[2025-11-02T14:41:07.426+0000] {processor.py:161} INFO - Started process (PID=5674) to work on /opt/airflow/dags/my_dag.py
[2025-11-02T14:41:07.431+0000] {processor.py:830} INFO - Processing file /opt/airflow/dags/my_dag.py for tasks to queue
[2025-11-02T14:41:07.434+0000] {logging_mixin.py:188} INFO - [2025-11-02T14:41:07.433+0000] {dagbag.py:538} INFO - Filling up the DagBag from /opt/airflow/dags/my_dag.py
[2025-11-02T14:41:08.182+0000] {processor.py:840} INFO - DAG(s) 'my_dag' retrieved from /opt/airflow/dags/my_dag.py
[2025-11-02T14:41:08.220+0000] {logging_mixin.py:188} INFO - [2025-11-02T14:41:08.219+0000] {dag.py:3036} INFO - Sync 1 DAGs
[2025-11-02T14:41:08.239+0000] {logging_mixin.py:188} INFO - [2025-11-02T14:41:08.239+0000] {dag.py:3823} INFO - Setting next_dagrun for my_dag to None, run_after=None
[2025-11-02T14:41:08.276+0000] {processor.py:183} INFO - Processing /opt/airflow/dags/my_dag.py took 0.869 seconds
[2025-11-02T14:41:39.713+0000] {processor.py:161} INFO - Started process (PID=5686) to work on /opt/airflow/dags/my_dag.py
[2025-11-02T14:41:39.719+0000] {processor.py:830} INFO - Processing file /opt/airflow/dags/my_dag.py for tasks to queue
[2025-11-02T14:41:39.722+0000] {logging_mixin.py:188} INFO - [2025-11-02T14:41:39.721+0000] {dagbag.py:538} INFO - Filling up the DagBag from /opt/airflow/dags/my_dag.py
[2025-11-02T14:41:41.992+0000] {processor.py:840} INFO - DAG(s) 'my_dag' retrieved from /opt/airflow/dags/my_dag.py
[2025-11-02T14:41:42.149+0000] {logging_mixin.py:188} INFO - [2025-11-02T14:41:42.148+0000] {dag.py:3036} INFO - Sync 1 DAGs
[2025-11-02T14:41:42.236+0000] {logging_mixin.py:188} INFO - [2025-11-02T14:41:42.236+0000] {dag.py:3823} INFO - Setting next_dagrun for my_dag to None, run_after=None
[2025-11-02T14:41:42.432+0000] {processor.py:183} INFO - Processing /opt/airflow/dags/my_dag.py took 2.737 seconds
[2025-11-02T14:42:13.918+0000] {processor.py:161} INFO - Started process (PID=5698) to work on /opt/airflow/dags/my_dag.py
[2025-11-02T14:42:13.920+0000] {processor.py:830} INFO - Processing file /opt/airflow/dags/my_dag.py for tasks to queue
[2025-11-02T14:42:13.921+0000] {logging_mixin.py:188} INFO - [2025-11-02T14:42:13.921+0000] {dagbag.py:538} INFO - Filling up the DagBag from /opt/airflow/dags/my_dag.py
[2025-11-02T14:42:15.407+0000] {processor.py:840} INFO - DAG(s) 'my_dag' retrieved from /opt/airflow/dags/my_dag.py
[2025-11-02T14:42:15.517+0000] {logging_mixin.py:188} INFO - [2025-11-02T14:42:15.516+0000] {dag.py:3036} INFO - Sync 1 DAGs
[2025-11-02T14:42:15.556+0000] {logging_mixin.py:188} INFO - [2025-11-02T14:42:15.555+0000] {dag.py:3823} INFO - Setting next_dagrun for my_dag to None, run_after=None
[2025-11-02T14:42:15.711+0000] {processor.py:183} INFO - Processing /opt/airflow/dags/my_dag.py took 1.799 seconds
[2025-11-02T14:42:46.487+0000] {processor.py:161} INFO - Started process (PID=5711) to work on /opt/airflow/dags/my_dag.py
[2025-11-02T14:42:46.575+0000] {processor.py:830} INFO - Processing file /opt/airflow/dags/my_dag.py for tasks to queue
[2025-11-02T14:42:46.579+0000] {logging_mixin.py:188} INFO - [2025-11-02T14:42:46.578+0000] {dagbag.py:538} INFO - Filling up the DagBag from /opt/airflow/dags/my_dag.py
[2025-11-02T14:42:48.172+0000] {processor.py:840} INFO - DAG(s) 'my_dag' retrieved from /opt/airflow/dags/my_dag.py
[2025-11-02T14:42:48.268+0000] {logging_mixin.py:188} INFO - [2025-11-02T14:42:48.266+0000] {dag.py:3036} INFO - Sync 1 DAGs
[2025-11-02T14:42:48.300+0000] {logging_mixin.py:188} INFO - [2025-11-02T14:42:48.300+0000] {dag.py:3823} INFO - Setting next_dagrun for my_dag to None, run_after=None
[2025-11-02T14:42:48.361+0000] {processor.py:183} INFO - Processing /opt/airflow/dags/my_dag.py took 1.891 seconds
[2025-11-02T14:43:19.227+0000] {processor.py:161} INFO - Started process (PID=5722) to work on /opt/airflow/dags/my_dag.py
[2025-11-02T14:43:19.230+0000] {processor.py:830} INFO - Processing file /opt/airflow/dags/my_dag.py for tasks to queue
[2025-11-02T14:43:19.232+0000] {logging_mixin.py:188} INFO - [2025-11-02T14:43:19.231+0000] {dagbag.py:538} INFO - Filling up the DagBag from /opt/airflow/dags/my_dag.py
[2025-11-02T14:43:20.343+0000] {processor.py:840} INFO - DAG(s) 'my_dag' retrieved from /opt/airflow/dags/my_dag.py
[2025-11-02T14:43:20.384+0000] {logging_mixin.py:188} INFO - [2025-11-02T14:43:20.381+0000] {dag.py:3036} INFO - Sync 1 DAGs
[2025-11-02T14:43:20.399+0000] {logging_mixin.py:188} INFO - [2025-11-02T14:43:20.399+0000] {dag.py:3823} INFO - Setting next_dagrun for my_dag to None, run_after=None
[2025-11-02T14:43:20.475+0000] {processor.py:183} INFO - Processing /opt/airflow/dags/my_dag.py took 1.255 seconds
[2025-11-02T14:43:51.069+0000] {processor.py:161} INFO - Started process (PID=5734) to work on /opt/airflow/dags/my_dag.py
[2025-11-02T14:43:51.071+0000] {processor.py:830} INFO - Processing file /opt/airflow/dags/my_dag.py for tasks to queue
[2025-11-02T14:43:51.073+0000] {logging_mixin.py:188} INFO - [2025-11-02T14:43:51.072+0000] {dagbag.py:538} INFO - Filling up the DagBag from /opt/airflow/dags/my_dag.py
[2025-11-02T14:43:52.176+0000] {processor.py:840} INFO - DAG(s) 'my_dag' retrieved from /opt/airflow/dags/my_dag.py
[2025-11-02T14:43:52.296+0000] {logging_mixin.py:188} INFO - [2025-11-02T14:43:52.293+0000] {dag.py:3036} INFO - Sync 1 DAGs
[2025-11-02T14:43:52.329+0000] {logging_mixin.py:188} INFO - [2025-11-02T14:43:52.328+0000] {dag.py:3823} INFO - Setting next_dagrun for my_dag to None, run_after=None
[2025-11-02T14:43:52.564+0000] {processor.py:183} INFO - Processing /opt/airflow/dags/my_dag.py took 1.504 seconds
[2025-11-02T14:44:23.162+0000] {processor.py:161} INFO - Started process (PID=5746) to work on /opt/airflow/dags/my_dag.py
[2025-11-02T14:44:23.164+0000] {processor.py:830} INFO - Processing file /opt/airflow/dags/my_dag.py for tasks to queue
[2025-11-02T14:44:23.167+0000] {logging_mixin.py:188} INFO - [2025-11-02T14:44:23.166+0000] {dagbag.py:538} INFO - Filling up the DagBag from /opt/airflow/dags/my_dag.py
[2025-11-02T14:44:24.379+0000] {processor.py:840} INFO - DAG(s) 'my_dag' retrieved from /opt/airflow/dags/my_dag.py
[2025-11-02T14:44:24.438+0000] {logging_mixin.py:188} INFO - [2025-11-02T14:44:24.437+0000] {dag.py:3036} INFO - Sync 1 DAGs
[2025-11-02T14:44:24.491+0000] {logging_mixin.py:188} INFO - [2025-11-02T14:44:24.491+0000] {dag.py:3823} INFO - Setting next_dagrun for my_dag to None, run_after=None
[2025-11-02T14:44:24.555+0000] {processor.py:183} INFO - Processing /opt/airflow/dags/my_dag.py took 1.403 seconds
[2025-11-02T14:44:54.705+0000] {processor.py:161} INFO - Started process (PID=5758) to work on /opt/airflow/dags/my_dag.py
[2025-11-02T14:44:54.707+0000] {processor.py:830} INFO - Processing file /opt/airflow/dags/my_dag.py for tasks to queue
[2025-11-02T14:44:54.709+0000] {logging_mixin.py:188} INFO - [2025-11-02T14:44:54.709+0000] {dagbag.py:538} INFO - Filling up the DagBag from /opt/airflow/dags/my_dag.py
[2025-11-02T14:44:55.818+0000] {processor.py:840} INFO - DAG(s) 'my_dag' retrieved from /opt/airflow/dags/my_dag.py
[2025-11-02T14:44:56.045+0000] {logging_mixin.py:188} INFO - [2025-11-02T14:44:56.044+0000] {dag.py:3036} INFO - Sync 1 DAGs
[2025-11-02T14:44:56.161+0000] {logging_mixin.py:188} INFO - [2025-11-02T14:44:56.161+0000] {dag.py:3823} INFO - Setting next_dagrun for my_dag to None, run_after=None
[2025-11-02T14:44:56.297+0000] {processor.py:183} INFO - Processing /opt/airflow/dags/my_dag.py took 1.598 seconds
[2025-11-02T14:45:27.010+0000] {processor.py:161} INFO - Started process (PID=5770) to work on /opt/airflow/dags/my_dag.py
[2025-11-02T14:45:27.023+0000] {processor.py:830} INFO - Processing file /opt/airflow/dags/my_dag.py for tasks to queue
[2025-11-02T14:45:27.031+0000] {logging_mixin.py:188} INFO - [2025-11-02T14:45:27.030+0000] {dagbag.py:538} INFO - Filling up the DagBag from /opt/airflow/dags/my_dag.py
[2025-11-02T14:45:29.093+0000] {processor.py:840} INFO - DAG(s) 'my_dag' retrieved from /opt/airflow/dags/my_dag.py
[2025-11-02T14:45:29.273+0000] {logging_mixin.py:188} INFO - [2025-11-02T14:45:29.263+0000] {dag.py:3036} INFO - Sync 1 DAGs
[2025-11-02T14:45:29.335+0000] {logging_mixin.py:188} INFO - [2025-11-02T14:45:29.335+0000] {dag.py:3823} INFO - Setting next_dagrun for my_dag to None, run_after=None
[2025-11-02T14:45:29.438+0000] {processor.py:183} INFO - Processing /opt/airflow/dags/my_dag.py took 2.448 seconds
[2025-11-02T14:45:59.657+0000] {processor.py:161} INFO - Started process (PID=5781) to work on /opt/airflow/dags/my_dag.py
[2025-11-02T14:45:59.660+0000] {processor.py:830} INFO - Processing file /opt/airflow/dags/my_dag.py for tasks to queue
[2025-11-02T14:45:59.664+0000] {logging_mixin.py:188} INFO - [2025-11-02T14:45:59.662+0000] {dagbag.py:538} INFO - Filling up the DagBag from /opt/airflow/dags/my_dag.py
[2025-11-02T14:46:01.942+0000] {processor.py:840} INFO - DAG(s) 'my_dag' retrieved from /opt/airflow/dags/my_dag.py
[2025-11-02T14:46:01.995+0000] {logging_mixin.py:188} INFO - [2025-11-02T14:46:01.994+0000] {dag.py:3036} INFO - Sync 1 DAGs
[2025-11-02T14:46:02.021+0000] {logging_mixin.py:188} INFO - [2025-11-02T14:46:02.020+0000] {dag.py:3823} INFO - Setting next_dagrun for my_dag to None, run_after=None
[2025-11-02T14:46:02.100+0000] {processor.py:183} INFO - Processing /opt/airflow/dags/my_dag.py took 2.463 seconds
[2025-11-02T14:46:32.677+0000] {processor.py:161} INFO - Started process (PID=5799) to work on /opt/airflow/dags/my_dag.py
[2025-11-02T14:46:32.680+0000] {processor.py:830} INFO - Processing file /opt/airflow/dags/my_dag.py for tasks to queue
[2025-11-02T14:46:32.682+0000] {logging_mixin.py:188} INFO - [2025-11-02T14:46:32.682+0000] {dagbag.py:538} INFO - Filling up the DagBag from /opt/airflow/dags/my_dag.py
[2025-11-02T14:46:33.972+0000] {processor.py:840} INFO - DAG(s) 'my_dag' retrieved from /opt/airflow/dags/my_dag.py
[2025-11-02T14:46:34.009+0000] {logging_mixin.py:188} INFO - [2025-11-02T14:46:34.008+0000] {dag.py:3036} INFO - Sync 1 DAGs
[2025-11-02T14:46:34.025+0000] {logging_mixin.py:188} INFO - [2025-11-02T14:46:34.025+0000] {dag.py:3823} INFO - Setting next_dagrun for my_dag to None, run_after=None
[2025-11-02T14:46:34.066+0000] {processor.py:183} INFO - Processing /opt/airflow/dags/my_dag.py took 1.398 seconds
[2025-11-02T14:47:04.526+0000] {processor.py:161} INFO - Started process (PID=5811) to work on /opt/airflow/dags/my_dag.py
[2025-11-02T14:47:04.528+0000] {processor.py:830} INFO - Processing file /opt/airflow/dags/my_dag.py for tasks to queue
[2025-11-02T14:47:04.530+0000] {logging_mixin.py:188} INFO - [2025-11-02T14:47:04.530+0000] {dagbag.py:538} INFO - Filling up the DagBag from /opt/airflow/dags/my_dag.py
[2025-11-02T14:47:05.593+0000] {processor.py:840} INFO - DAG(s) 'my_dag' retrieved from /opt/airflow/dags/my_dag.py
[2025-11-02T14:47:05.628+0000] {logging_mixin.py:188} INFO - [2025-11-02T14:47:05.627+0000] {dag.py:3036} INFO - Sync 1 DAGs
[2025-11-02T14:47:05.645+0000] {logging_mixin.py:188} INFO - [2025-11-02T14:47:05.644+0000] {dag.py:3823} INFO - Setting next_dagrun for my_dag to None, run_after=None
[2025-11-02T14:47:05.679+0000] {processor.py:183} INFO - Processing /opt/airflow/dags/my_dag.py took 1.163 seconds
[2025-11-02T14:47:36.314+0000] {processor.py:161} INFO - Started process (PID=5823) to work on /opt/airflow/dags/my_dag.py
[2025-11-02T14:47:36.318+0000] {processor.py:830} INFO - Processing file /opt/airflow/dags/my_dag.py for tasks to queue
[2025-11-02T14:47:36.321+0000] {logging_mixin.py:188} INFO - [2025-11-02T14:47:36.320+0000] {dagbag.py:538} INFO - Filling up the DagBag from /opt/airflow/dags/my_dag.py
[2025-11-02T14:47:38.924+0000] {processor.py:840} INFO - DAG(s) 'my_dag' retrieved from /opt/airflow/dags/my_dag.py
[2025-11-02T14:47:38.974+0000] {logging_mixin.py:188} INFO - [2025-11-02T14:47:38.973+0000] {dag.py:3036} INFO - Sync 1 DAGs
[2025-11-02T14:47:39.011+0000] {logging_mixin.py:188} INFO - [2025-11-02T14:47:39.011+0000] {dag.py:3823} INFO - Setting next_dagrun for my_dag to None, run_after=None
[2025-11-02T14:47:39.072+0000] {processor.py:183} INFO - Processing /opt/airflow/dags/my_dag.py took 2.773 seconds
[2025-11-02T14:48:09.810+0000] {processor.py:161} INFO - Started process (PID=5835) to work on /opt/airflow/dags/my_dag.py
[2025-11-02T14:48:09.813+0000] {processor.py:830} INFO - Processing file /opt/airflow/dags/my_dag.py for tasks to queue
[2025-11-02T14:48:09.815+0000] {logging_mixin.py:188} INFO - [2025-11-02T14:48:09.815+0000] {dagbag.py:538} INFO - Filling up the DagBag from /opt/airflow/dags/my_dag.py
[2025-11-02T14:48:11.128+0000] {processor.py:840} INFO - DAG(s) 'my_dag' retrieved from /opt/airflow/dags/my_dag.py
[2025-11-02T14:48:11.174+0000] {logging_mixin.py:188} INFO - [2025-11-02T14:48:11.173+0000] {dag.py:3036} INFO - Sync 1 DAGs
[2025-11-02T14:48:11.199+0000] {logging_mixin.py:188} INFO - [2025-11-02T14:48:11.198+0000] {dag.py:3823} INFO - Setting next_dagrun for my_dag to None, run_after=None
[2025-11-02T14:48:11.245+0000] {processor.py:183} INFO - Processing /opt/airflow/dags/my_dag.py took 1.446 seconds
[2025-11-02T14:48:41.801+0000] {processor.py:161} INFO - Started process (PID=5847) to work on /opt/airflow/dags/my_dag.py
[2025-11-02T14:48:41.804+0000] {processor.py:830} INFO - Processing file /opt/airflow/dags/my_dag.py for tasks to queue
[2025-11-02T14:48:41.806+0000] {logging_mixin.py:188} INFO - [2025-11-02T14:48:41.806+0000] {dagbag.py:538} INFO - Filling up the DagBag from /opt/airflow/dags/my_dag.py
[2025-11-02T14:48:44.225+0000] {processor.py:840} INFO - DAG(s) 'my_dag' retrieved from /opt/airflow/dags/my_dag.py
[2025-11-02T14:48:44.543+0000] {logging_mixin.py:188} INFO - [2025-11-02T14:48:44.536+0000] {dag.py:3036} INFO - Sync 1 DAGs
[2025-11-02T14:48:44.747+0000] {logging_mixin.py:188} INFO - [2025-11-02T14:48:44.747+0000] {dag.py:3823} INFO - Setting next_dagrun for my_dag to None, run_after=None
[2025-11-02T14:48:44.862+0000] {processor.py:183} INFO - Processing /opt/airflow/dags/my_dag.py took 3.074 seconds
[2025-11-02T14:49:15.538+0000] {processor.py:161} INFO - Started process (PID=5859) to work on /opt/airflow/dags/my_dag.py
[2025-11-02T14:49:15.541+0000] {processor.py:830} INFO - Processing file /opt/airflow/dags/my_dag.py for tasks to queue
[2025-11-02T14:49:15.543+0000] {logging_mixin.py:188} INFO - [2025-11-02T14:49:15.542+0000] {dagbag.py:538} INFO - Filling up the DagBag from /opt/airflow/dags/my_dag.py
[2025-11-02T14:49:16.898+0000] {processor.py:840} INFO - DAG(s) 'my_dag' retrieved from /opt/airflow/dags/my_dag.py
[2025-11-02T14:49:16.990+0000] {logging_mixin.py:188} INFO - [2025-11-02T14:49:16.978+0000] {dag.py:3036} INFO - Sync 1 DAGs
[2025-11-02T14:49:17.060+0000] {logging_mixin.py:188} INFO - [2025-11-02T14:49:17.060+0000] {dag.py:3823} INFO - Setting next_dagrun for my_dag to None, run_after=None
[2025-11-02T14:49:17.184+0000] {processor.py:183} INFO - Processing /opt/airflow/dags/my_dag.py took 1.666 seconds
[2025-11-02T14:49:47.391+0000] {processor.py:161} INFO - Started process (PID=5871) to work on /opt/airflow/dags/my_dag.py
[2025-11-02T14:49:47.393+0000] {processor.py:830} INFO - Processing file /opt/airflow/dags/my_dag.py for tasks to queue
[2025-11-02T14:49:47.395+0000] {logging_mixin.py:188} INFO - [2025-11-02T14:49:47.394+0000] {dagbag.py:538} INFO - Filling up the DagBag from /opt/airflow/dags/my_dag.py
[2025-11-02T14:49:48.258+0000] {processor.py:840} INFO - DAG(s) 'my_dag' retrieved from /opt/airflow/dags/my_dag.py
[2025-11-02T14:49:48.290+0000] {logging_mixin.py:188} INFO - [2025-11-02T14:49:48.290+0000] {dag.py:3036} INFO - Sync 1 DAGs
[2025-11-02T14:49:48.310+0000] {logging_mixin.py:188} INFO - [2025-11-02T14:49:48.310+0000] {dag.py:3823} INFO - Setting next_dagrun for my_dag to None, run_after=None
[2025-11-02T14:49:48.409+0000] {processor.py:183} INFO - Processing /opt/airflow/dags/my_dag.py took 1.024 seconds
[2025-11-02T14:50:18.506+0000] {processor.py:161} INFO - Started process (PID=5883) to work on /opt/airflow/dags/my_dag.py
[2025-11-02T14:50:18.509+0000] {processor.py:830} INFO - Processing file /opt/airflow/dags/my_dag.py for tasks to queue
[2025-11-02T14:50:18.510+0000] {logging_mixin.py:188} INFO - [2025-11-02T14:50:18.510+0000] {dagbag.py:538} INFO - Filling up the DagBag from /opt/airflow/dags/my_dag.py
[2025-11-02T14:50:19.415+0000] {processor.py:840} INFO - DAG(s) 'my_dag' retrieved from /opt/airflow/dags/my_dag.py
[2025-11-02T14:50:19.466+0000] {logging_mixin.py:188} INFO - [2025-11-02T14:50:19.465+0000] {dag.py:3036} INFO - Sync 1 DAGs
[2025-11-02T14:50:19.482+0000] {logging_mixin.py:188} INFO - [2025-11-02T14:50:19.481+0000] {dag.py:3823} INFO - Setting next_dagrun for my_dag to None, run_after=None
[2025-11-02T14:50:19.516+0000] {processor.py:183} INFO - Processing /opt/airflow/dags/my_dag.py took 1.016 seconds
[2025-11-02T14:50:50.618+0000] {processor.py:161} INFO - Started process (PID=5895) to work on /opt/airflow/dags/my_dag.py
[2025-11-02T14:50:50.621+0000] {processor.py:830} INFO - Processing file /opt/airflow/dags/my_dag.py for tasks to queue
[2025-11-02T14:50:50.624+0000] {logging_mixin.py:188} INFO - [2025-11-02T14:50:50.623+0000] {dagbag.py:538} INFO - Filling up the DagBag from /opt/airflow/dags/my_dag.py
[2025-11-02T14:50:51.848+0000] {processor.py:840} INFO - DAG(s) 'my_dag' retrieved from /opt/airflow/dags/my_dag.py
[2025-11-02T14:50:52.007+0000] {logging_mixin.py:188} INFO - [2025-11-02T14:50:52.006+0000] {dag.py:3036} INFO - Sync 1 DAGs
[2025-11-02T14:50:52.085+0000] {logging_mixin.py:188} INFO - [2025-11-02T14:50:52.085+0000] {dag.py:3823} INFO - Setting next_dagrun for my_dag to None, run_after=None
[2025-11-02T14:50:52.323+0000] {processor.py:183} INFO - Processing /opt/airflow/dags/my_dag.py took 1.717 seconds
[2025-11-02T14:51:23.312+0000] {processor.py:161} INFO - Started process (PID=5906) to work on /opt/airflow/dags/my_dag.py
[2025-11-02T14:51:23.316+0000] {processor.py:830} INFO - Processing file /opt/airflow/dags/my_dag.py for tasks to queue
[2025-11-02T14:51:23.320+0000] {logging_mixin.py:188} INFO - [2025-11-02T14:51:23.319+0000] {dagbag.py:538} INFO - Filling up the DagBag from /opt/airflow/dags/my_dag.py
[2025-11-02T14:51:24.580+0000] {processor.py:840} INFO - DAG(s) 'my_dag' retrieved from /opt/airflow/dags/my_dag.py
[2025-11-02T14:51:24.639+0000] {logging_mixin.py:188} INFO - [2025-11-02T14:51:24.639+0000] {dag.py:3036} INFO - Sync 1 DAGs
[2025-11-02T14:51:24.666+0000] {logging_mixin.py:188} INFO - [2025-11-02T14:51:24.665+0000] {dag.py:3823} INFO - Setting next_dagrun for my_dag to None, run_after=None
[2025-11-02T14:51:24.944+0000] {processor.py:183} INFO - Processing /opt/airflow/dags/my_dag.py took 1.639 seconds
[2025-11-02T14:51:55.206+0000] {processor.py:161} INFO - Started process (PID=5918) to work on /opt/airflow/dags/my_dag.py
[2025-11-02T14:51:55.208+0000] {processor.py:830} INFO - Processing file /opt/airflow/dags/my_dag.py for tasks to queue
[2025-11-02T14:51:55.212+0000] {logging_mixin.py:188} INFO - [2025-11-02T14:51:55.211+0000] {dagbag.py:538} INFO - Filling up the DagBag from /opt/airflow/dags/my_dag.py
[2025-11-02T14:51:56.617+0000] {processor.py:840} INFO - DAG(s) 'my_dag' retrieved from /opt/airflow/dags/my_dag.py
[2025-11-02T14:51:56.662+0000] {logging_mixin.py:188} INFO - [2025-11-02T14:51:56.661+0000] {dag.py:3036} INFO - Sync 1 DAGs
[2025-11-02T14:51:56.691+0000] {logging_mixin.py:188} INFO - [2025-11-02T14:51:56.691+0000] {dag.py:3823} INFO - Setting next_dagrun for my_dag to None, run_after=None
[2025-11-02T14:51:56.742+0000] {processor.py:183} INFO - Processing /opt/airflow/dags/my_dag.py took 1.557 seconds
[2025-11-02T14:52:27.175+0000] {processor.py:161} INFO - Started process (PID=5930) to work on /opt/airflow/dags/my_dag.py
[2025-11-02T14:52:27.178+0000] {processor.py:830} INFO - Processing file /opt/airflow/dags/my_dag.py for tasks to queue
[2025-11-02T14:52:27.191+0000] {logging_mixin.py:188} INFO - [2025-11-02T14:52:27.180+0000] {dagbag.py:538} INFO - Filling up the DagBag from /opt/airflow/dags/my_dag.py
[2025-11-02T14:52:29.424+0000] {processor.py:840} INFO - DAG(s) 'my_dag' retrieved from /opt/airflow/dags/my_dag.py
[2025-11-02T14:52:29.500+0000] {logging_mixin.py:188} INFO - [2025-11-02T14:52:29.499+0000] {dag.py:3036} INFO - Sync 1 DAGs
[2025-11-02T14:52:29.535+0000] {logging_mixin.py:188} INFO - [2025-11-02T14:52:29.535+0000] {dag.py:3823} INFO - Setting next_dagrun for my_dag to None, run_after=None
[2025-11-02T14:52:29.606+0000] {processor.py:183} INFO - Processing /opt/airflow/dags/my_dag.py took 1.497 seconds
[2025-11-02T14:53:00.889+0000] {processor.py:161} INFO - Started process (PID=5943) to work on /opt/airflow/dags/my_dag.py
[2025-11-02T14:53:00.894+0000] {processor.py:830} INFO - Processing file /opt/airflow/dags/my_dag.py for tasks to queue
[2025-11-02T14:53:00.895+0000] {logging_mixin.py:188} INFO - [2025-11-02T14:53:00.895+0000] {dagbag.py:538} INFO - Filling up the DagBag from /opt/airflow/dags/my_dag.py
[2025-11-02T14:53:03.122+0000] {processor.py:840} INFO - DAG(s) 'my_dag' retrieved from /opt/airflow/dags/my_dag.py
[2025-11-02T14:53:03.240+0000] {logging_mixin.py:188} INFO - [2025-11-02T14:53:03.239+0000] {dag.py:3036} INFO - Sync 1 DAGs
[2025-11-02T14:53:03.300+0000] {logging_mixin.py:188} INFO - [2025-11-02T14:53:03.300+0000] {dag.py:3823} INFO - Setting next_dagrun for my_dag to None, run_after=None
[2025-11-02T14:53:03.398+0000] {processor.py:183} INFO - Processing /opt/airflow/dags/my_dag.py took 2.523 seconds
[2025-11-02T14:53:33.847+0000] {processor.py:161} INFO - Started process (PID=5958) to work on /opt/airflow/dags/my_dag.py
[2025-11-02T14:53:33.849+0000] {processor.py:830} INFO - Processing file /opt/airflow/dags/my_dag.py for tasks to queue
[2025-11-02T14:53:33.851+0000] {logging_mixin.py:188} INFO - [2025-11-02T14:53:33.851+0000] {dagbag.py:538} INFO - Filling up the DagBag from /opt/airflow/dags/my_dag.py
[2025-11-02T14:53:35.107+0000] {processor.py:840} INFO - DAG(s) 'my_dag' retrieved from /opt/airflow/dags/my_dag.py
[2025-11-02T14:53:35.147+0000] {logging_mixin.py:188} INFO - [2025-11-02T14:53:35.146+0000] {dag.py:3036} INFO - Sync 1 DAGs
[2025-11-02T14:53:35.162+0000] {logging_mixin.py:188} INFO - [2025-11-02T14:53:35.162+0000] {dag.py:3823} INFO - Setting next_dagrun for my_dag to None, run_after=None
[2025-11-02T14:53:35.196+0000] {processor.py:183} INFO - Processing /opt/airflow/dags/my_dag.py took 1.359 seconds
[2025-11-02T14:54:05.420+0000] {processor.py:161} INFO - Started process (PID=5970) to work on /opt/airflow/dags/my_dag.py
[2025-11-02T14:54:05.423+0000] {processor.py:830} INFO - Processing file /opt/airflow/dags/my_dag.py for tasks to queue
[2025-11-02T14:54:05.426+0000] {logging_mixin.py:188} INFO - [2025-11-02T14:54:05.425+0000] {dagbag.py:538} INFO - Filling up the DagBag from /opt/airflow/dags/my_dag.py
[2025-11-02T14:54:06.695+0000] {processor.py:840} INFO - DAG(s) 'my_dag' retrieved from /opt/airflow/dags/my_dag.py
[2025-11-02T14:54:06.756+0000] {logging_mixin.py:188} INFO - [2025-11-02T14:54:06.755+0000] {dag.py:3036} INFO - Sync 1 DAGs
[2025-11-02T14:54:06.774+0000] {logging_mixin.py:188} INFO - [2025-11-02T14:54:06.773+0000] {dag.py:3823} INFO - Setting next_dagrun for my_dag to None, run_after=None
[2025-11-02T14:54:06.828+0000] {processor.py:183} INFO - Processing /opt/airflow/dags/my_dag.py took 1.419 seconds
[2025-11-02T14:54:37.321+0000] {processor.py:161} INFO - Started process (PID=5982) to work on /opt/airflow/dags/my_dag.py
[2025-11-02T14:54:37.323+0000] {processor.py:830} INFO - Processing file /opt/airflow/dags/my_dag.py for tasks to queue
[2025-11-02T14:54:37.325+0000] {logging_mixin.py:188} INFO - [2025-11-02T14:54:37.324+0000] {dagbag.py:538} INFO - Filling up the DagBag from /opt/airflow/dags/my_dag.py
[2025-11-02T14:54:38.494+0000] {processor.py:840} INFO - DAG(s) 'my_dag' retrieved from /opt/airflow/dags/my_dag.py
[2025-11-02T14:54:38.535+0000] {logging_mixin.py:188} INFO - [2025-11-02T14:54:38.535+0000] {dag.py:3036} INFO - Sync 1 DAGs
[2025-11-02T14:54:38.554+0000] {logging_mixin.py:188} INFO - [2025-11-02T14:54:38.554+0000] {dag.py:3823} INFO - Setting next_dagrun for my_dag to None, run_after=None
[2025-11-02T14:54:38.589+0000] {processor.py:183} INFO - Processing /opt/airflow/dags/my_dag.py took 1.279 seconds
[2025-11-02T14:55:09.267+0000] {processor.py:161} INFO - Started process (PID=5994) to work on /opt/airflow/dags/my_dag.py
[2025-11-02T14:55:09.269+0000] {processor.py:830} INFO - Processing file /opt/airflow/dags/my_dag.py for tasks to queue
[2025-11-02T14:55:09.271+0000] {logging_mixin.py:188} INFO - [2025-11-02T14:55:09.270+0000] {dagbag.py:538} INFO - Filling up the DagBag from /opt/airflow/dags/my_dag.py
[2025-11-02T14:55:10.033+0000] {processor.py:840} INFO - DAG(s) 'my_dag' retrieved from /opt/airflow/dags/my_dag.py
[2025-11-02T14:55:10.069+0000] {logging_mixin.py:188} INFO - [2025-11-02T14:55:10.068+0000] {dag.py:3036} INFO - Sync 1 DAGs
[2025-11-02T14:55:10.085+0000] {logging_mixin.py:188} INFO - [2025-11-02T14:55:10.085+0000] {dag.py:3823} INFO - Setting next_dagrun for my_dag to None, run_after=None
[2025-11-02T14:55:10.153+0000] {processor.py:183} INFO - Processing /opt/airflow/dags/my_dag.py took 0.892 seconds
[2025-11-02T14:55:40.392+0000] {processor.py:161} INFO - Started process (PID=6006) to work on /opt/airflow/dags/my_dag.py
[2025-11-02T14:55:40.404+0000] {processor.py:830} INFO - Processing file /opt/airflow/dags/my_dag.py for tasks to queue
[2025-11-02T14:55:40.407+0000] {logging_mixin.py:188} INFO - [2025-11-02T14:55:40.406+0000] {dagbag.py:538} INFO - Filling up the DagBag from /opt/airflow/dags/my_dag.py
[2025-11-02T14:55:43.635+0000] {processor.py:840} INFO - DAG(s) 'my_dag' retrieved from /opt/airflow/dags/my_dag.py
[2025-11-02T14:55:43.770+0000] {logging_mixin.py:188} INFO - [2025-11-02T14:55:43.769+0000] {dag.py:3036} INFO - Sync 1 DAGs
[2025-11-02T14:55:43.800+0000] {logging_mixin.py:188} INFO - [2025-11-02T14:55:43.800+0000] {dag.py:3823} INFO - Setting next_dagrun for my_dag to None, run_after=None
[2025-11-02T14:55:43.937+0000] {processor.py:183} INFO - Processing /opt/airflow/dags/my_dag.py took 3.579 seconds
[2025-11-02T14:56:14.265+0000] {processor.py:161} INFO - Started process (PID=6018) to work on /opt/airflow/dags/my_dag.py
[2025-11-02T14:56:14.268+0000] {processor.py:830} INFO - Processing file /opt/airflow/dags/my_dag.py for tasks to queue
[2025-11-02T14:56:14.271+0000] {logging_mixin.py:188} INFO - [2025-11-02T14:56:14.270+0000] {dagbag.py:538} INFO - Filling up the DagBag from /opt/airflow/dags/my_dag.py
[2025-11-02T14:56:15.166+0000] {processor.py:840} INFO - DAG(s) 'my_dag' retrieved from /opt/airflow/dags/my_dag.py
[2025-11-02T14:56:15.201+0000] {logging_mixin.py:188} INFO - [2025-11-02T14:56:15.200+0000] {dag.py:3036} INFO - Sync 1 DAGs
[2025-11-02T14:56:15.220+0000] {logging_mixin.py:188} INFO - [2025-11-02T14:56:15.220+0000] {dag.py:3823} INFO - Setting next_dagrun for my_dag to None, run_after=None
[2025-11-02T14:56:15.254+0000] {processor.py:183} INFO - Processing /opt/airflow/dags/my_dag.py took 0.996 seconds
[2025-11-02T14:56:45.588+0000] {processor.py:161} INFO - Started process (PID=6030) to work on /opt/airflow/dags/my_dag.py
[2025-11-02T14:56:45.590+0000] {processor.py:830} INFO - Processing file /opt/airflow/dags/my_dag.py for tasks to queue
[2025-11-02T14:56:45.594+0000] {logging_mixin.py:188} INFO - [2025-11-02T14:56:45.593+0000] {dagbag.py:538} INFO - Filling up the DagBag from /opt/airflow/dags/my_dag.py
[2025-11-02T14:56:46.396+0000] {processor.py:840} INFO - DAG(s) 'my_dag' retrieved from /opt/airflow/dags/my_dag.py
[2025-11-02T14:56:46.430+0000] {logging_mixin.py:188} INFO - [2025-11-02T14:56:46.429+0000] {dag.py:3036} INFO - Sync 1 DAGs
[2025-11-02T14:56:46.451+0000] {logging_mixin.py:188} INFO - [2025-11-02T14:56:46.451+0000] {dag.py:3823} INFO - Setting next_dagrun for my_dag to None, run_after=None
[2025-11-02T14:56:46.521+0000] {processor.py:183} INFO - Processing /opt/airflow/dags/my_dag.py took 0.940 seconds
[2025-11-02T14:57:16.909+0000] {processor.py:161} INFO - Started process (PID=6042) to work on /opt/airflow/dags/my_dag.py
[2025-11-02T14:57:16.912+0000] {processor.py:830} INFO - Processing file /opt/airflow/dags/my_dag.py for tasks to queue
[2025-11-02T14:57:16.916+0000] {logging_mixin.py:188} INFO - [2025-11-02T14:57:16.915+0000] {dagbag.py:538} INFO - Filling up the DagBag from /opt/airflow/dags/my_dag.py
[2025-11-02T14:57:17.708+0000] {processor.py:840} INFO - DAG(s) 'my_dag' retrieved from /opt/airflow/dags/my_dag.py
[2025-11-02T14:57:17.742+0000] {logging_mixin.py:188} INFO - [2025-11-02T14:57:17.741+0000] {dag.py:3036} INFO - Sync 1 DAGs
[2025-11-02T14:57:17.765+0000] {logging_mixin.py:188} INFO - [2025-11-02T14:57:17.764+0000] {dag.py:3823} INFO - Setting next_dagrun for my_dag to None, run_after=None
[2025-11-02T14:57:17.813+0000] {processor.py:183} INFO - Processing /opt/airflow/dags/my_dag.py took 0.916 seconds
[2025-11-02T14:57:48.518+0000] {processor.py:161} INFO - Started process (PID=6054) to work on /opt/airflow/dags/my_dag.py
[2025-11-02T14:57:48.521+0000] {processor.py:830} INFO - Processing file /opt/airflow/dags/my_dag.py for tasks to queue
[2025-11-02T14:57:48.523+0000] {logging_mixin.py:188} INFO - [2025-11-02T14:57:48.522+0000] {dagbag.py:538} INFO - Filling up the DagBag from /opt/airflow/dags/my_dag.py
[2025-11-02T14:57:49.242+0000] {processor.py:840} INFO - DAG(s) 'my_dag' retrieved from /opt/airflow/dags/my_dag.py
[2025-11-02T14:57:49.275+0000] {logging_mixin.py:188} INFO - [2025-11-02T14:57:49.274+0000] {dag.py:3036} INFO - Sync 1 DAGs
[2025-11-02T14:57:49.297+0000] {logging_mixin.py:188} INFO - [2025-11-02T14:57:49.297+0000] {dag.py:3823} INFO - Setting next_dagrun for my_dag to None, run_after=None
[2025-11-02T14:57:49.342+0000] {processor.py:183} INFO - Processing /opt/airflow/dags/my_dag.py took 0.831 seconds
[2025-11-02T14:58:19.687+0000] {processor.py:161} INFO - Started process (PID=6066) to work on /opt/airflow/dags/my_dag.py
[2025-11-02T14:58:19.689+0000] {processor.py:830} INFO - Processing file /opt/airflow/dags/my_dag.py for tasks to queue
[2025-11-02T14:58:19.691+0000] {logging_mixin.py:188} INFO - [2025-11-02T14:58:19.690+0000] {dagbag.py:538} INFO - Filling up the DagBag from /opt/airflow/dags/my_dag.py
[2025-11-02T14:58:20.462+0000] {processor.py:840} INFO - DAG(s) 'my_dag' retrieved from /opt/airflow/dags/my_dag.py
[2025-11-02T14:58:20.509+0000] {logging_mixin.py:188} INFO - [2025-11-02T14:58:20.508+0000] {dag.py:3036} INFO - Sync 1 DAGs
[2025-11-02T14:58:20.528+0000] {logging_mixin.py:188} INFO - [2025-11-02T14:58:20.527+0000] {dag.py:3823} INFO - Setting next_dagrun for my_dag to None, run_after=None
[2025-11-02T14:58:20.579+0000] {processor.py:183} INFO - Processing /opt/airflow/dags/my_dag.py took 0.900 seconds
[2025-11-02T14:58:51.065+0000] {processor.py:161} INFO - Started process (PID=6078) to work on /opt/airflow/dags/my_dag.py
[2025-11-02T14:58:51.069+0000] {processor.py:830} INFO - Processing file /opt/airflow/dags/my_dag.py for tasks to queue
[2025-11-02T14:58:51.071+0000] {logging_mixin.py:188} INFO - [2025-11-02T14:58:51.070+0000] {dagbag.py:538} INFO - Filling up the DagBag from /opt/airflow/dags/my_dag.py
[2025-11-02T14:58:51.929+0000] {processor.py:840} INFO - DAG(s) 'my_dag' retrieved from /opt/airflow/dags/my_dag.py
[2025-11-02T14:58:51.989+0000] {logging_mixin.py:188} INFO - [2025-11-02T14:58:51.988+0000] {dag.py:3036} INFO - Sync 1 DAGs
[2025-11-02T14:58:52.025+0000] {logging_mixin.py:188} INFO - [2025-11-02T14:58:52.024+0000] {dag.py:3823} INFO - Setting next_dagrun for my_dag to None, run_after=None
[2025-11-02T14:58:52.066+0000] {processor.py:183} INFO - Processing /opt/airflow/dags/my_dag.py took 1.011 seconds
[2025-11-02T14:59:22.366+0000] {processor.py:161} INFO - Started process (PID=6090) to work on /opt/airflow/dags/my_dag.py
[2025-11-02T14:59:22.369+0000] {processor.py:830} INFO - Processing file /opt/airflow/dags/my_dag.py for tasks to queue
[2025-11-02T14:59:22.372+0000] {logging_mixin.py:188} INFO - [2025-11-02T14:59:22.371+0000] {dagbag.py:538} INFO - Filling up the DagBag from /opt/airflow/dags/my_dag.py
[2025-11-02T14:59:23.255+0000] {processor.py:840} INFO - DAG(s) 'my_dag' retrieved from /opt/airflow/dags/my_dag.py
[2025-11-02T14:59:23.288+0000] {logging_mixin.py:188} INFO - [2025-11-02T14:59:23.287+0000] {dag.py:3036} INFO - Sync 1 DAGs
[2025-11-02T14:59:23.303+0000] {logging_mixin.py:188} INFO - [2025-11-02T14:59:23.303+0000] {dag.py:3823} INFO - Setting next_dagrun for my_dag to None, run_after=None
[2025-11-02T14:59:23.344+0000] {processor.py:183} INFO - Processing /opt/airflow/dags/my_dag.py took 0.986 seconds
[2025-11-02T14:59:53.852+0000] {processor.py:161} INFO - Started process (PID=6102) to work on /opt/airflow/dags/my_dag.py
[2025-11-02T14:59:53.855+0000] {processor.py:830} INFO - Processing file /opt/airflow/dags/my_dag.py for tasks to queue
[2025-11-02T14:59:53.857+0000] {logging_mixin.py:188} INFO - [2025-11-02T14:59:53.857+0000] {dagbag.py:538} INFO - Filling up the DagBag from /opt/airflow/dags/my_dag.py
[2025-11-02T14:59:54.664+0000] {processor.py:840} INFO - DAG(s) 'my_dag' retrieved from /opt/airflow/dags/my_dag.py
[2025-11-02T14:59:54.700+0000] {logging_mixin.py:188} INFO - [2025-11-02T14:59:54.699+0000] {dag.py:3036} INFO - Sync 1 DAGs
[2025-11-02T14:59:54.716+0000] {logging_mixin.py:188} INFO - [2025-11-02T14:59:54.715+0000] {dag.py:3823} INFO - Setting next_dagrun for my_dag to None, run_after=None
[2025-11-02T14:59:55.057+0000] {processor.py:183} INFO - Processing /opt/airflow/dags/my_dag.py took 1.221 seconds
[2025-11-02T15:00:25.524+0000] {processor.py:161} INFO - Started process (PID=6114) to work on /opt/airflow/dags/my_dag.py
[2025-11-02T15:00:25.526+0000] {processor.py:830} INFO - Processing file /opt/airflow/dags/my_dag.py for tasks to queue
[2025-11-02T15:00:25.528+0000] {logging_mixin.py:188} INFO - [2025-11-02T15:00:25.527+0000] {dagbag.py:538} INFO - Filling up the DagBag from /opt/airflow/dags/my_dag.py
[2025-11-02T15:00:26.634+0000] {processor.py:840} INFO - DAG(s) 'my_dag' retrieved from /opt/airflow/dags/my_dag.py
[2025-11-02T15:00:26.697+0000] {logging_mixin.py:188} INFO - [2025-11-02T15:00:26.696+0000] {dag.py:3036} INFO - Sync 1 DAGs
[2025-11-02T15:00:26.905+0000] {logging_mixin.py:188} INFO - [2025-11-02T15:00:26.904+0000] {dag.py:3823} INFO - Setting next_dagrun for my_dag to None, run_after=None
[2025-11-02T15:00:27.137+0000] {processor.py:183} INFO - Processing /opt/airflow/dags/my_dag.py took 1.619 seconds
[2025-11-02T15:00:57.320+0000] {processor.py:161} INFO - Started process (PID=6127) to work on /opt/airflow/dags/my_dag.py
[2025-11-02T15:00:57.322+0000] {processor.py:830} INFO - Processing file /opt/airflow/dags/my_dag.py for tasks to queue
[2025-11-02T15:00:57.324+0000] {logging_mixin.py:188} INFO - [2025-11-02T15:00:57.323+0000] {dagbag.py:538} INFO - Filling up the DagBag from /opt/airflow/dags/my_dag.py
[2025-11-02T15:00:58.291+0000] {processor.py:840} INFO - DAG(s) 'my_dag' retrieved from /opt/airflow/dags/my_dag.py
[2025-11-02T15:00:58.336+0000] {logging_mixin.py:188} INFO - [2025-11-02T15:00:58.334+0000] {dag.py:3036} INFO - Sync 1 DAGs
[2025-11-02T15:00:58.352+0000] {logging_mixin.py:188} INFO - [2025-11-02T15:00:58.352+0000] {dag.py:3823} INFO - Setting next_dagrun for my_dag to None, run_after=None
[2025-11-02T15:00:58.389+0000] {processor.py:183} INFO - Processing /opt/airflow/dags/my_dag.py took 1.076 seconds
[2025-11-02T15:01:28.690+0000] {processor.py:161} INFO - Started process (PID=6139) to work on /opt/airflow/dags/my_dag.py
[2025-11-02T15:01:28.693+0000] {processor.py:830} INFO - Processing file /opt/airflow/dags/my_dag.py for tasks to queue
[2025-11-02T15:01:28.694+0000] {logging_mixin.py:188} INFO - [2025-11-02T15:01:28.694+0000] {dagbag.py:538} INFO - Filling up the DagBag from /opt/airflow/dags/my_dag.py
[2025-11-02T15:01:29.428+0000] {processor.py:840} INFO - DAG(s) 'my_dag' retrieved from /opt/airflow/dags/my_dag.py
[2025-11-02T15:01:29.463+0000] {logging_mixin.py:188} INFO - [2025-11-02T15:01:29.462+0000] {dag.py:3036} INFO - Sync 1 DAGs
[2025-11-02T15:01:29.477+0000] {logging_mixin.py:188} INFO - [2025-11-02T15:01:29.477+0000] {dag.py:3823} INFO - Setting next_dagrun for my_dag to None, run_after=None
[2025-11-02T15:01:29.509+0000] {processor.py:183} INFO - Processing /opt/airflow/dags/my_dag.py took 0.825 seconds
[2025-11-02T15:01:59.739+0000] {processor.py:161} INFO - Started process (PID=6150) to work on /opt/airflow/dags/my_dag.py
[2025-11-02T15:01:59.742+0000] {processor.py:830} INFO - Processing file /opt/airflow/dags/my_dag.py for tasks to queue
[2025-11-02T15:01:59.745+0000] {logging_mixin.py:188} INFO - [2025-11-02T15:01:59.744+0000] {dagbag.py:538} INFO - Filling up the DagBag from /opt/airflow/dags/my_dag.py
[2025-11-02T15:02:00.724+0000] {processor.py:840} INFO - DAG(s) 'my_dag' retrieved from /opt/airflow/dags/my_dag.py
[2025-11-02T15:02:00.781+0000] {logging_mixin.py:188} INFO - [2025-11-02T15:02:00.780+0000] {dag.py:3036} INFO - Sync 1 DAGs
[2025-11-02T15:02:00.802+0000] {logging_mixin.py:188} INFO - [2025-11-02T15:02:00.801+0000] {dag.py:3823} INFO - Setting next_dagrun for my_dag to None, run_after=None
[2025-11-02T15:02:00.839+0000] {processor.py:183} INFO - Processing /opt/airflow/dags/my_dag.py took 1.109 seconds
[2025-11-02T15:02:31.144+0000] {processor.py:161} INFO - Started process (PID=6162) to work on /opt/airflow/dags/my_dag.py
[2025-11-02T15:02:31.146+0000] {processor.py:830} INFO - Processing file /opt/airflow/dags/my_dag.py for tasks to queue
[2025-11-02T15:02:31.148+0000] {logging_mixin.py:188} INFO - [2025-11-02T15:02:31.147+0000] {dagbag.py:538} INFO - Filling up the DagBag from /opt/airflow/dags/my_dag.py
[2025-11-02T15:02:32.535+0000] {processor.py:840} INFO - DAG(s) 'my_dag' retrieved from /opt/airflow/dags/my_dag.py
[2025-11-02T15:02:32.592+0000] {logging_mixin.py:188} INFO - [2025-11-02T15:02:32.591+0000] {dag.py:3036} INFO - Sync 1 DAGs
[2025-11-02T15:02:32.627+0000] {logging_mixin.py:188} INFO - [2025-11-02T15:02:32.626+0000] {dag.py:3823} INFO - Setting next_dagrun for my_dag to None, run_after=None
[2025-11-02T15:02:32.696+0000] {processor.py:183} INFO - Processing /opt/airflow/dags/my_dag.py took 1.558 seconds
[2025-11-02T15:03:03.299+0000] {processor.py:161} INFO - Started process (PID=6174) to work on /opt/airflow/dags/my_dag.py
[2025-11-02T15:03:03.304+0000] {processor.py:830} INFO - Processing file /opt/airflow/dags/my_dag.py for tasks to queue
[2025-11-02T15:03:03.306+0000] {logging_mixin.py:188} INFO - [2025-11-02T15:03:03.306+0000] {dagbag.py:538} INFO - Filling up the DagBag from /opt/airflow/dags/my_dag.py
[2025-11-02T15:03:04.421+0000] {processor.py:840} INFO - DAG(s) 'my_dag' retrieved from /opt/airflow/dags/my_dag.py
[2025-11-02T15:03:04.487+0000] {logging_mixin.py:188} INFO - [2025-11-02T15:03:04.484+0000] {dag.py:3036} INFO - Sync 1 DAGs
[2025-11-02T15:03:04.507+0000] {logging_mixin.py:188} INFO - [2025-11-02T15:03:04.506+0000] {dag.py:3823} INFO - Setting next_dagrun for my_dag to None, run_after=None
[2025-11-02T15:03:04.542+0000] {processor.py:183} INFO - Processing /opt/airflow/dags/my_dag.py took 1.253 seconds
[2025-11-02T15:03:34.657+0000] {processor.py:161} INFO - Started process (PID=6186) to work on /opt/airflow/dags/my_dag.py
[2025-11-02T15:03:34.659+0000] {processor.py:830} INFO - Processing file /opt/airflow/dags/my_dag.py for tasks to queue
[2025-11-02T15:03:34.662+0000] {logging_mixin.py:188} INFO - [2025-11-02T15:03:34.661+0000] {dagbag.py:538} INFO - Filling up the DagBag from /opt/airflow/dags/my_dag.py
[2025-11-02T15:03:35.443+0000] {processor.py:840} INFO - DAG(s) 'my_dag' retrieved from /opt/airflow/dags/my_dag.py
[2025-11-02T15:03:35.478+0000] {logging_mixin.py:188} INFO - [2025-11-02T15:03:35.477+0000] {dag.py:3036} INFO - Sync 1 DAGs
[2025-11-02T15:03:35.494+0000] {logging_mixin.py:188} INFO - [2025-11-02T15:03:35.494+0000] {dag.py:3823} INFO - Setting next_dagrun for my_dag to None, run_after=None
[2025-11-02T15:03:35.528+0000] {processor.py:183} INFO - Processing /opt/airflow/dags/my_dag.py took 0.880 seconds
[2025-11-02T15:04:05.750+0000] {processor.py:161} INFO - Started process (PID=6198) to work on /opt/airflow/dags/my_dag.py
[2025-11-02T15:04:05.753+0000] {processor.py:830} INFO - Processing file /opt/airflow/dags/my_dag.py for tasks to queue
[2025-11-02T15:04:05.755+0000] {logging_mixin.py:188} INFO - [2025-11-02T15:04:05.754+0000] {dagbag.py:538} INFO - Filling up the DagBag from /opt/airflow/dags/my_dag.py
[2025-11-02T15:04:06.586+0000] {processor.py:840} INFO - DAG(s) 'my_dag' retrieved from /opt/airflow/dags/my_dag.py
[2025-11-02T15:04:06.636+0000] {logging_mixin.py:188} INFO - [2025-11-02T15:04:06.634+0000] {dag.py:3036} INFO - Sync 1 DAGs
[2025-11-02T15:04:06.659+0000] {logging_mixin.py:188} INFO - [2025-11-02T15:04:06.659+0000] {dag.py:3823} INFO - Setting next_dagrun for my_dag to None, run_after=None
[2025-11-02T15:04:06.705+0000] {processor.py:183} INFO - Processing /opt/airflow/dags/my_dag.py took 0.967 seconds
[2025-11-02T15:04:37.474+0000] {processor.py:161} INFO - Started process (PID=6211) to work on /opt/airflow/dags/my_dag.py
[2025-11-02T15:04:37.477+0000] {processor.py:830} INFO - Processing file /opt/airflow/dags/my_dag.py for tasks to queue
[2025-11-02T15:04:37.480+0000] {logging_mixin.py:188} INFO - [2025-11-02T15:04:37.479+0000] {dagbag.py:538} INFO - Filling up the DagBag from /opt/airflow/dags/my_dag.py
[2025-11-02T15:04:38.556+0000] {processor.py:840} INFO - DAG(s) 'my_dag' retrieved from /opt/airflow/dags/my_dag.py
[2025-11-02T15:04:38.592+0000] {logging_mixin.py:188} INFO - [2025-11-02T15:04:38.591+0000] {dag.py:3036} INFO - Sync 1 DAGs
[2025-11-02T15:04:38.609+0000] {logging_mixin.py:188} INFO - [2025-11-02T15:04:38.609+0000] {dag.py:3823} INFO - Setting next_dagrun for my_dag to None, run_after=None
[2025-11-02T15:04:38.648+0000] {processor.py:183} INFO - Processing /opt/airflow/dags/my_dag.py took 1.182 seconds
[2025-11-02T15:05:09.430+0000] {processor.py:161} INFO - Started process (PID=6223) to work on /opt/airflow/dags/my_dag.py
[2025-11-02T15:05:09.432+0000] {processor.py:830} INFO - Processing file /opt/airflow/dags/my_dag.py for tasks to queue
[2025-11-02T15:05:09.434+0000] {logging_mixin.py:188} INFO - [2025-11-02T15:05:09.434+0000] {dagbag.py:538} INFO - Filling up the DagBag from /opt/airflow/dags/my_dag.py
[2025-11-02T15:05:10.431+0000] {processor.py:840} INFO - DAG(s) 'my_dag' retrieved from /opt/airflow/dags/my_dag.py
[2025-11-02T15:05:10.470+0000] {logging_mixin.py:188} INFO - [2025-11-02T15:05:10.469+0000] {dag.py:3036} INFO - Sync 1 DAGs
[2025-11-02T15:05:10.487+0000] {logging_mixin.py:188} INFO - [2025-11-02T15:05:10.486+0000] {dag.py:3823} INFO - Setting next_dagrun for my_dag to None, run_after=None
[2025-11-02T15:05:10.584+0000] {processor.py:183} INFO - Processing /opt/airflow/dags/my_dag.py took 1.161 seconds
[2025-11-02T15:05:40.745+0000] {processor.py:161} INFO - Started process (PID=6240) to work on /opt/airflow/dags/my_dag.py
[2025-11-02T15:05:40.748+0000] {processor.py:830} INFO - Processing file /opt/airflow/dags/my_dag.py for tasks to queue
[2025-11-02T15:05:40.750+0000] {logging_mixin.py:188} INFO - [2025-11-02T15:05:40.750+0000] {dagbag.py:538} INFO - Filling up the DagBag from /opt/airflow/dags/my_dag.py
[2025-11-02T15:05:41.547+0000] {processor.py:840} INFO - DAG(s) 'my_dag' retrieved from /opt/airflow/dags/my_dag.py
[2025-11-02T15:05:41.598+0000] {logging_mixin.py:188} INFO - [2025-11-02T15:05:41.597+0000] {dag.py:3036} INFO - Sync 1 DAGs
[2025-11-02T15:05:41.622+0000] {logging_mixin.py:188} INFO - [2025-11-02T15:05:41.621+0000] {dag.py:3823} INFO - Setting next_dagrun for my_dag to None, run_after=None
[2025-11-02T15:05:41.667+0000] {processor.py:183} INFO - Processing /opt/airflow/dags/my_dag.py took 0.931 seconds
[2025-11-02T15:06:12.010+0000] {processor.py:161} INFO - Started process (PID=6252) to work on /opt/airflow/dags/my_dag.py
[2025-11-02T15:06:12.013+0000] {processor.py:830} INFO - Processing file /opt/airflow/dags/my_dag.py for tasks to queue
[2025-11-02T15:06:12.016+0000] {logging_mixin.py:188} INFO - [2025-11-02T15:06:12.015+0000] {dagbag.py:538} INFO - Filling up the DagBag from /opt/airflow/dags/my_dag.py
[2025-11-02T15:06:12.828+0000] {processor.py:840} INFO - DAG(s) 'my_dag' retrieved from /opt/airflow/dags/my_dag.py
[2025-11-02T15:06:12.859+0000] {logging_mixin.py:188} INFO - [2025-11-02T15:06:12.858+0000] {dag.py:3036} INFO - Sync 1 DAGs
[2025-11-02T15:06:12.876+0000] {logging_mixin.py:188} INFO - [2025-11-02T15:06:12.875+0000] {dag.py:3823} INFO - Setting next_dagrun for my_dag to None, run_after=None
[2025-11-02T15:06:12.907+0000] {processor.py:183} INFO - Processing /opt/airflow/dags/my_dag.py took 0.911 seconds
[2025-11-02T15:10:29.257+0000] {processor.py:161} INFO - Started process (PID=6257) to work on /opt/airflow/dags/my_dag.py
[2025-11-02T15:10:29.271+0000] {processor.py:830} INFO - Processing file /opt/airflow/dags/my_dag.py for tasks to queue
[2025-11-02T15:10:29.275+0000] {logging_mixin.py:188} INFO - [2025-11-02T15:10:29.274+0000] {dagbag.py:538} INFO - Filling up the DagBag from /opt/airflow/dags/my_dag.py
[2025-11-02T15:10:32.702+0000] {processor.py:840} INFO - DAG(s) 'my_dag' retrieved from /opt/airflow/dags/my_dag.py
[2025-11-02T15:10:32.812+0000] {logging_mixin.py:188} INFO - [2025-11-02T15:10:32.810+0000] {dag.py:3036} INFO - Sync 1 DAGs
[2025-11-02T15:10:32.858+0000] {logging_mixin.py:188} INFO - [2025-11-02T15:10:32.857+0000] {dag.py:3823} INFO - Setting next_dagrun for my_dag to None, run_after=None
[2025-11-02T15:10:33.019+0000] {processor.py:183} INFO - Processing /opt/airflow/dags/my_dag.py took 3.768 seconds
[2025-11-02T15:11:04.299+0000] {processor.py:161} INFO - Started process (PID=6276) to work on /opt/airflow/dags/my_dag.py
[2025-11-02T15:11:04.302+0000] {processor.py:830} INFO - Processing file /opt/airflow/dags/my_dag.py for tasks to queue
[2025-11-02T15:11:04.304+0000] {logging_mixin.py:188} INFO - [2025-11-02T15:11:04.304+0000] {dagbag.py:538} INFO - Filling up the DagBag from /opt/airflow/dags/my_dag.py
[2025-11-02T15:11:06.452+0000] {processor.py:840} INFO - DAG(s) 'my_dag' retrieved from /opt/airflow/dags/my_dag.py
[2025-11-02T15:11:06.493+0000] {logging_mixin.py:188} INFO - [2025-11-02T15:11:06.493+0000] {dag.py:3036} INFO - Sync 1 DAGs
[2025-11-02T15:11:06.510+0000] {logging_mixin.py:188} INFO - [2025-11-02T15:11:06.509+0000] {dag.py:3823} INFO - Setting next_dagrun for my_dag to None, run_after=None
[2025-11-02T15:11:06.551+0000] {processor.py:183} INFO - Processing /opt/airflow/dags/my_dag.py took 2.263 seconds
