[2025-11-02T10:18:35.421+0000] {processor.py:161} INFO - Started process (PID=43) to work on /opt/airflow/dags/pg_dbt.py
[2025-11-02T10:18:35.431+0000] {processor.py:830} INFO - Processing file /opt/airflow/dags/pg_dbt.py for tasks to queue
[2025-11-02T10:18:35.443+0000] {logging_mixin.py:188} INFO - [2025-11-02T10:18:35.442+0000] {dagbag.py:538} INFO - Filling up the DagBag from /opt/airflow/dags/pg_dbt.py
[2025-11-02T10:18:35.773+0000] {processor.py:840} INFO - DAG(s) 'scheduled_dbt_pg_daily' retrieved from /opt/airflow/dags/pg_dbt.py
[2025-11-02T10:18:36.217+0000] {logging_mixin.py:188} INFO - [2025-11-02T10:18:36.217+0000] {dag.py:3036} INFO - Sync 1 DAGs
[2025-11-02T10:18:36.405+0000] {logging_mixin.py:188} INFO - [2025-11-02T10:18:36.405+0000] {dag.py:3823} INFO - Setting next_dagrun for scheduled_dbt_pg_daily to None, run_after=None
[2025-11-02T10:18:36.732+0000] {processor.py:183} INFO - Processing /opt/airflow/dags/pg_dbt.py took 1.346 seconds
[2025-11-02T10:19:08.466+0000] {processor.py:161} INFO - Started process (PID=55) to work on /opt/airflow/dags/pg_dbt.py
[2025-11-02T10:19:08.869+0000] {processor.py:830} INFO - Processing file /opt/airflow/dags/pg_dbt.py for tasks to queue
[2025-11-02T10:19:09.209+0000] {logging_mixin.py:188} INFO - [2025-11-02T10:19:09.207+0000] {dagbag.py:538} INFO - Filling up the DagBag from /opt/airflow/dags/pg_dbt.py
[2025-11-02T10:19:09.697+0000] {processor.py:840} INFO - DAG(s) 'scheduled_dbt_pg_daily' retrieved from /opt/airflow/dags/pg_dbt.py
[2025-11-02T10:19:09.966+0000] {logging_mixin.py:188} INFO - [2025-11-02T10:19:09.966+0000] {dag.py:3036} INFO - Sync 1 DAGs
[2025-11-02T10:19:10.120+0000] {logging_mixin.py:188} INFO - [2025-11-02T10:19:10.120+0000] {dag.py:3823} INFO - Setting next_dagrun for scheduled_dbt_pg_daily to None, run_after=None
[2025-11-02T10:19:10.432+0000] {processor.py:183} INFO - Processing /opt/airflow/dags/pg_dbt.py took 2.355 seconds
[2025-11-02T10:20:01.268+0000] {processor.py:161} INFO - Started process (PID=73) to work on /opt/airflow/dags/pg_dbt.py
[2025-11-02T10:20:01.345+0000] {processor.py:830} INFO - Processing file /opt/airflow/dags/pg_dbt.py for tasks to queue
[2025-11-02T10:20:01.465+0000] {logging_mixin.py:188} INFO - [2025-11-02T10:20:01.428+0000] {dagbag.py:538} INFO - Filling up the DagBag from /opt/airflow/dags/pg_dbt.py
[2025-11-02T10:20:02.913+0000] {processor.py:840} INFO - DAG(s) 'scheduled_dbt_pg_daily' retrieved from /opt/airflow/dags/pg_dbt.py
[2025-11-02T10:20:05.677+0000] {logging_mixin.py:188} INFO - [2025-11-02T10:20:05.677+0000] {dag.py:3036} INFO - Sync 1 DAGs
[2025-11-02T10:20:06.716+0000] {logging_mixin.py:188} INFO - [2025-11-02T10:20:06.716+0000] {dag.py:3823} INFO - Setting next_dagrun for scheduled_dbt_pg_daily to None, run_after=None
[2025-11-02T10:20:07.382+0000] {processor.py:183} INFO - Processing /opt/airflow/dags/pg_dbt.py took 6.645 seconds
[2025-11-02T10:20:44.210+0000] {processor.py:161} INFO - Started process (PID=78) to work on /opt/airflow/dags/pg_dbt.py
[2025-11-02T10:20:44.403+0000] {processor.py:830} INFO - Processing file /opt/airflow/dags/pg_dbt.py for tasks to queue
[2025-11-02T10:20:44.897+0000] {logging_mixin.py:188} INFO - [2025-11-02T10:20:44.894+0000] {dagbag.py:538} INFO - Filling up the DagBag from /opt/airflow/dags/pg_dbt.py
[2025-11-02T10:20:47.620+0000] {processor.py:840} INFO - DAG(s) 'scheduled_dbt_pg_daily' retrieved from /opt/airflow/dags/pg_dbt.py
[2025-11-02T10:20:48.363+0000] {logging_mixin.py:188} INFO - [2025-11-02T10:20:48.362+0000] {dag.py:3036} INFO - Sync 1 DAGs
[2025-11-02T10:20:48.634+0000] {logging_mixin.py:188} INFO - [2025-11-02T10:20:48.633+0000] {dag.py:3823} INFO - Setting next_dagrun for scheduled_dbt_pg_daily to None, run_after=None
[2025-11-02T10:20:49.007+0000] {processor.py:183} INFO - Processing /opt/airflow/dags/pg_dbt.py took 4.972 seconds
[2025-11-02T10:21:41.478+0000] {processor.py:161} INFO - Started process (PID=94) to work on /opt/airflow/dags/pg_dbt.py
[2025-11-02T10:21:41.494+0000] {processor.py:830} INFO - Processing file /opt/airflow/dags/pg_dbt.py for tasks to queue
[2025-11-02T10:21:41.520+0000] {logging_mixin.py:188} INFO - [2025-11-02T10:21:41.519+0000] {dagbag.py:538} INFO - Filling up the DagBag from /opt/airflow/dags/pg_dbt.py
[2025-11-02T10:21:41.671+0000] {processor.py:840} INFO - DAG(s) 'scheduled_dbt_pg_daily' retrieved from /opt/airflow/dags/pg_dbt.py
[2025-11-02T10:21:41.917+0000] {logging_mixin.py:188} INFO - [2025-11-02T10:21:41.917+0000] {dag.py:3036} INFO - Sync 1 DAGs
[2025-11-02T10:21:42.212+0000] {logging_mixin.py:188} INFO - [2025-11-02T10:21:42.211+0000] {dag.py:3823} INFO - Setting next_dagrun for scheduled_dbt_pg_daily to None, run_after=None
[2025-11-02T10:21:43.999+0000] {processor.py:183} INFO - Processing /opt/airflow/dags/pg_dbt.py took 2.517 seconds
[2025-11-02T10:22:24.077+0000] {processor.py:161} INFO - Started process (PID=104) to work on /opt/airflow/dags/pg_dbt.py
[2025-11-02T10:22:24.096+0000] {processor.py:830} INFO - Processing file /opt/airflow/dags/pg_dbt.py for tasks to queue
[2025-11-02T10:22:24.112+0000] {logging_mixin.py:188} INFO - [2025-11-02T10:22:24.100+0000] {dagbag.py:538} INFO - Filling up the DagBag from /opt/airflow/dags/pg_dbt.py
[2025-11-02T10:22:24.182+0000] {processor.py:840} INFO - DAG(s) 'scheduled_dbt_pg_daily' retrieved from /opt/airflow/dags/pg_dbt.py
[2025-11-02T10:22:25.157+0000] {logging_mixin.py:188} INFO - [2025-11-02T10:22:25.156+0000] {dag.py:3036} INFO - Sync 1 DAGs
[2025-11-02T10:22:27.050+0000] {logging_mixin.py:188} INFO - [2025-11-02T10:22:27.050+0000] {dag.py:3823} INFO - Setting next_dagrun for scheduled_dbt_pg_daily to None, run_after=None
[2025-11-02T10:22:27.314+0000] {processor.py:183} INFO - Processing /opt/airflow/dags/pg_dbt.py took 3.274 seconds
[2025-11-02T10:23:00.822+0000] {processor.py:161} INFO - Started process (PID=115) to work on /opt/airflow/dags/pg_dbt.py
[2025-11-02T10:23:00.825+0000] {processor.py:830} INFO - Processing file /opt/airflow/dags/pg_dbt.py for tasks to queue
[2025-11-02T10:23:00.827+0000] {logging_mixin.py:188} INFO - [2025-11-02T10:23:00.827+0000] {dagbag.py:538} INFO - Filling up the DagBag from /opt/airflow/dags/pg_dbt.py
[2025-11-02T10:23:00.912+0000] {processor.py:840} INFO - DAG(s) 'scheduled_dbt_pg_daily' retrieved from /opt/airflow/dags/pg_dbt.py
[2025-11-02T10:23:00.992+0000] {logging_mixin.py:188} INFO - [2025-11-02T10:23:00.992+0000] {dag.py:3036} INFO - Sync 1 DAGs
[2025-11-02T10:23:01.037+0000] {logging_mixin.py:188} INFO - [2025-11-02T10:23:01.037+0000] {dag.py:3823} INFO - Setting next_dagrun for scheduled_dbt_pg_daily to None, run_after=None
[2025-11-02T10:23:04.214+0000] {processor.py:183} INFO - Processing /opt/airflow/dags/pg_dbt.py took 3.400 seconds
[2025-11-02T10:23:38.555+0000] {processor.py:161} INFO - Started process (PID=126) to work on /opt/airflow/dags/pg_dbt.py
[2025-11-02T10:23:38.617+0000] {processor.py:830} INFO - Processing file /opt/airflow/dags/pg_dbt.py for tasks to queue
[2025-11-02T10:23:38.661+0000] {logging_mixin.py:188} INFO - [2025-11-02T10:23:38.659+0000] {dagbag.py:538} INFO - Filling up the DagBag from /opt/airflow/dags/pg_dbt.py
[2025-11-02T10:23:38.951+0000] {processor.py:840} INFO - DAG(s) 'scheduled_dbt_pg_daily' retrieved from /opt/airflow/dags/pg_dbt.py
[2025-11-02T10:23:40.925+0000] {logging_mixin.py:188} INFO - [2025-11-02T10:23:40.924+0000] {dag.py:3036} INFO - Sync 1 DAGs
[2025-11-02T10:23:41.676+0000] {logging_mixin.py:188} INFO - [2025-11-02T10:23:41.676+0000] {dag.py:3823} INFO - Setting next_dagrun for scheduled_dbt_pg_daily to None, run_after=None
[2025-11-02T10:23:41.897+0000] {processor.py:183} INFO - Processing /opt/airflow/dags/pg_dbt.py took 3.380 seconds
[2025-11-02T10:24:12.214+0000] {processor.py:161} INFO - Started process (PID=136) to work on /opt/airflow/dags/pg_dbt.py
[2025-11-02T10:24:12.217+0000] {processor.py:830} INFO - Processing file /opt/airflow/dags/pg_dbt.py for tasks to queue
[2025-11-02T10:24:12.219+0000] {logging_mixin.py:188} INFO - [2025-11-02T10:24:12.218+0000] {dagbag.py:538} INFO - Filling up the DagBag from /opt/airflow/dags/pg_dbt.py
[2025-11-02T10:24:12.259+0000] {processor.py:840} INFO - DAG(s) 'scheduled_dbt_pg_daily' retrieved from /opt/airflow/dags/pg_dbt.py
[2025-11-02T10:24:12.481+0000] {logging_mixin.py:188} INFO - [2025-11-02T10:24:12.480+0000] {dag.py:3036} INFO - Sync 1 DAGs
[2025-11-02T10:24:12.648+0000] {logging_mixin.py:188} INFO - [2025-11-02T10:24:12.647+0000] {dag.py:3823} INFO - Setting next_dagrun for scheduled_dbt_pg_daily to None, run_after=None
[2025-11-02T10:24:12.796+0000] {processor.py:183} INFO - Processing /opt/airflow/dags/pg_dbt.py took 0.597 seconds
[2025-11-02T10:24:43.240+0000] {processor.py:161} INFO - Started process (PID=148) to work on /opt/airflow/dags/pg_dbt.py
[2025-11-02T10:24:43.243+0000] {processor.py:830} INFO - Processing file /opt/airflow/dags/pg_dbt.py for tasks to queue
[2025-11-02T10:24:43.249+0000] {logging_mixin.py:188} INFO - [2025-11-02T10:24:43.247+0000] {dagbag.py:538} INFO - Filling up the DagBag from /opt/airflow/dags/pg_dbt.py
[2025-11-02T10:24:43.372+0000] {processor.py:840} INFO - DAG(s) 'scheduled_dbt_pg_daily' retrieved from /opt/airflow/dags/pg_dbt.py
[2025-11-02T10:24:43.703+0000] {logging_mixin.py:188} INFO - [2025-11-02T10:24:43.702+0000] {dag.py:3036} INFO - Sync 1 DAGs
[2025-11-02T10:24:43.864+0000] {logging_mixin.py:188} INFO - [2025-11-02T10:24:43.852+0000] {dag.py:3823} INFO - Setting next_dagrun for scheduled_dbt_pg_daily to None, run_after=None
[2025-11-02T10:24:44.096+0000] {processor.py:183} INFO - Processing /opt/airflow/dags/pg_dbt.py took 0.889 seconds
[2025-11-02T10:25:14.509+0000] {processor.py:161} INFO - Started process (PID=160) to work on /opt/airflow/dags/pg_dbt.py
[2025-11-02T10:25:14.513+0000] {processor.py:830} INFO - Processing file /opt/airflow/dags/pg_dbt.py for tasks to queue
[2025-11-02T10:25:14.518+0000] {logging_mixin.py:188} INFO - [2025-11-02T10:25:14.517+0000] {dagbag.py:538} INFO - Filling up the DagBag from /opt/airflow/dags/pg_dbt.py
[2025-11-02T10:25:14.570+0000] {processor.py:840} INFO - DAG(s) 'scheduled_dbt_pg_daily' retrieved from /opt/airflow/dags/pg_dbt.py
[2025-11-02T10:25:14.692+0000] {logging_mixin.py:188} INFO - [2025-11-02T10:25:14.692+0000] {dag.py:3036} INFO - Sync 1 DAGs
[2025-11-02T10:25:14.775+0000] {logging_mixin.py:188} INFO - [2025-11-02T10:25:14.775+0000] {dag.py:3823} INFO - Setting next_dagrun for scheduled_dbt_pg_daily to None, run_after=None
[2025-11-02T10:25:14.859+0000] {processor.py:183} INFO - Processing /opt/airflow/dags/pg_dbt.py took 0.362 seconds
[2025-11-02T10:25:45.435+0000] {processor.py:161} INFO - Started process (PID=172) to work on /opt/airflow/dags/pg_dbt.py
[2025-11-02T10:25:45.438+0000] {processor.py:830} INFO - Processing file /opt/airflow/dags/pg_dbt.py for tasks to queue
[2025-11-02T10:25:45.441+0000] {logging_mixin.py:188} INFO - [2025-11-02T10:25:45.440+0000] {dagbag.py:538} INFO - Filling up the DagBag from /opt/airflow/dags/pg_dbt.py
[2025-11-02T10:25:45.483+0000] {processor.py:840} INFO - DAG(s) 'scheduled_dbt_pg_daily' retrieved from /opt/airflow/dags/pg_dbt.py
[2025-11-02T10:25:45.532+0000] {logging_mixin.py:188} INFO - [2025-11-02T10:25:45.531+0000] {dag.py:3036} INFO - Sync 1 DAGs
[2025-11-02T10:25:45.592+0000] {logging_mixin.py:188} INFO - [2025-11-02T10:25:45.592+0000] {dag.py:3823} INFO - Setting next_dagrun for scheduled_dbt_pg_daily to None, run_after=None
[2025-11-02T10:25:45.772+0000] {processor.py:183} INFO - Processing /opt/airflow/dags/pg_dbt.py took 0.346 seconds
[2025-11-02T10:26:16.288+0000] {processor.py:161} INFO - Started process (PID=184) to work on /opt/airflow/dags/pg_dbt.py
[2025-11-02T10:26:16.290+0000] {processor.py:830} INFO - Processing file /opt/airflow/dags/pg_dbt.py for tasks to queue
[2025-11-02T10:26:16.292+0000] {logging_mixin.py:188} INFO - [2025-11-02T10:26:16.292+0000] {dagbag.py:538} INFO - Filling up the DagBag from /opt/airflow/dags/pg_dbt.py
[2025-11-02T10:26:16.324+0000] {processor.py:840} INFO - DAG(s) 'scheduled_dbt_pg_daily' retrieved from /opt/airflow/dags/pg_dbt.py
[2025-11-02T10:26:16.398+0000] {logging_mixin.py:188} INFO - [2025-11-02T10:26:16.396+0000] {dag.py:3036} INFO - Sync 1 DAGs
[2025-11-02T10:26:16.463+0000] {logging_mixin.py:188} INFO - [2025-11-02T10:26:16.462+0000] {dag.py:3823} INFO - Setting next_dagrun for scheduled_dbt_pg_daily to None, run_after=None
[2025-11-02T10:26:16.543+0000] {processor.py:183} INFO - Processing /opt/airflow/dags/pg_dbt.py took 0.261 seconds
[2025-11-02T10:26:47.255+0000] {processor.py:161} INFO - Started process (PID=196) to work on /opt/airflow/dags/pg_dbt.py
[2025-11-02T10:26:47.265+0000] {processor.py:830} INFO - Processing file /opt/airflow/dags/pg_dbt.py for tasks to queue
[2025-11-02T10:26:47.268+0000] {logging_mixin.py:188} INFO - [2025-11-02T10:26:47.267+0000] {dagbag.py:538} INFO - Filling up the DagBag from /opt/airflow/dags/pg_dbt.py
[2025-11-02T10:26:47.318+0000] {processor.py:840} INFO - DAG(s) 'scheduled_dbt_pg_daily' retrieved from /opt/airflow/dags/pg_dbt.py
[2025-11-02T10:26:47.357+0000] {logging_mixin.py:188} INFO - [2025-11-02T10:26:47.357+0000] {dag.py:3036} INFO - Sync 1 DAGs
[2025-11-02T10:26:47.388+0000] {logging_mixin.py:188} INFO - [2025-11-02T10:26:47.387+0000] {dag.py:3823} INFO - Setting next_dagrun for scheduled_dbt_pg_daily to None, run_after=None
[2025-11-02T10:26:47.476+0000] {processor.py:183} INFO - Processing /opt/airflow/dags/pg_dbt.py took 0.232 seconds
[2025-11-02T10:27:18.116+0000] {processor.py:161} INFO - Started process (PID=208) to work on /opt/airflow/dags/pg_dbt.py
[2025-11-02T10:27:18.119+0000] {processor.py:830} INFO - Processing file /opt/airflow/dags/pg_dbt.py for tasks to queue
[2025-11-02T10:27:18.120+0000] {logging_mixin.py:188} INFO - [2025-11-02T10:27:18.120+0000] {dagbag.py:538} INFO - Filling up the DagBag from /opt/airflow/dags/pg_dbt.py
[2025-11-02T10:27:18.151+0000] {processor.py:840} INFO - DAG(s) 'scheduled_dbt_pg_daily' retrieved from /opt/airflow/dags/pg_dbt.py
[2025-11-02T10:27:18.193+0000] {logging_mixin.py:188} INFO - [2025-11-02T10:27:18.192+0000] {dag.py:3036} INFO - Sync 1 DAGs
[2025-11-02T10:27:18.227+0000] {logging_mixin.py:188} INFO - [2025-11-02T10:27:18.226+0000] {dag.py:3823} INFO - Setting next_dagrun for scheduled_dbt_pg_daily to None, run_after=None
[2025-11-02T10:27:18.655+0000] {processor.py:183} INFO - Processing /opt/airflow/dags/pg_dbt.py took 0.545 seconds
[2025-11-02T10:27:49.338+0000] {processor.py:161} INFO - Started process (PID=220) to work on /opt/airflow/dags/pg_dbt.py
[2025-11-02T10:27:49.341+0000] {processor.py:830} INFO - Processing file /opt/airflow/dags/pg_dbt.py for tasks to queue
[2025-11-02T10:27:49.344+0000] {logging_mixin.py:188} INFO - [2025-11-02T10:27:49.343+0000] {dagbag.py:538} INFO - Filling up the DagBag from /opt/airflow/dags/pg_dbt.py
[2025-11-02T10:27:49.427+0000] {processor.py:840} INFO - DAG(s) 'scheduled_dbt_pg_daily' retrieved from /opt/airflow/dags/pg_dbt.py
[2025-11-02T10:27:49.484+0000] {logging_mixin.py:188} INFO - [2025-11-02T10:27:49.483+0000] {dag.py:3036} INFO - Sync 1 DAGs
[2025-11-02T10:27:49.524+0000] {logging_mixin.py:188} INFO - [2025-11-02T10:27:49.524+0000] {dag.py:3823} INFO - Setting next_dagrun for scheduled_dbt_pg_daily to None, run_after=None
[2025-11-02T10:27:49.814+0000] {processor.py:183} INFO - Processing /opt/airflow/dags/pg_dbt.py took 0.483 seconds
[2025-11-02T10:28:20.611+0000] {processor.py:161} INFO - Started process (PID=232) to work on /opt/airflow/dags/pg_dbt.py
[2025-11-02T10:28:20.614+0000] {processor.py:830} INFO - Processing file /opt/airflow/dags/pg_dbt.py for tasks to queue
[2025-11-02T10:28:20.619+0000] {logging_mixin.py:188} INFO - [2025-11-02T10:28:20.618+0000] {dagbag.py:538} INFO - Filling up the DagBag from /opt/airflow/dags/pg_dbt.py
[2025-11-02T10:28:20.682+0000] {processor.py:840} INFO - DAG(s) 'scheduled_dbt_pg_daily' retrieved from /opt/airflow/dags/pg_dbt.py
[2025-11-02T10:28:20.743+0000] {logging_mixin.py:188} INFO - [2025-11-02T10:28:20.743+0000] {dag.py:3036} INFO - Sync 1 DAGs
[2025-11-02T10:28:20.774+0000] {logging_mixin.py:188} INFO - [2025-11-02T10:28:20.774+0000] {dag.py:3823} INFO - Setting next_dagrun for scheduled_dbt_pg_daily to None, run_after=None
[2025-11-02T10:28:20.826+0000] {processor.py:183} INFO - Processing /opt/airflow/dags/pg_dbt.py took 0.224 seconds
[2025-11-02T10:28:51.109+0000] {processor.py:161} INFO - Started process (PID=244) to work on /opt/airflow/dags/pg_dbt.py
[2025-11-02T10:28:51.111+0000] {processor.py:830} INFO - Processing file /opt/airflow/dags/pg_dbt.py for tasks to queue
[2025-11-02T10:28:51.113+0000] {logging_mixin.py:188} INFO - [2025-11-02T10:28:51.112+0000] {dagbag.py:538} INFO - Filling up the DagBag from /opt/airflow/dags/pg_dbt.py
[2025-11-02T10:28:51.150+0000] {processor.py:840} INFO - DAG(s) 'scheduled_dbt_pg_daily' retrieved from /opt/airflow/dags/pg_dbt.py
[2025-11-02T10:28:51.195+0000] {logging_mixin.py:188} INFO - [2025-11-02T10:28:51.194+0000] {dag.py:3036} INFO - Sync 1 DAGs
[2025-11-02T10:28:51.227+0000] {logging_mixin.py:188} INFO - [2025-11-02T10:28:51.227+0000] {dag.py:3823} INFO - Setting next_dagrun for scheduled_dbt_pg_daily to None, run_after=None
[2025-11-02T10:28:51.342+0000] {processor.py:183} INFO - Processing /opt/airflow/dags/pg_dbt.py took 0.238 seconds
[2025-11-02T10:29:21.776+0000] {processor.py:161} INFO - Started process (PID=256) to work on /opt/airflow/dags/pg_dbt.py
[2025-11-02T10:29:21.778+0000] {processor.py:830} INFO - Processing file /opt/airflow/dags/pg_dbt.py for tasks to queue
[2025-11-02T10:29:21.780+0000] {logging_mixin.py:188} INFO - [2025-11-02T10:29:21.779+0000] {dagbag.py:538} INFO - Filling up the DagBag from /opt/airflow/dags/pg_dbt.py
[2025-11-02T10:29:21.807+0000] {processor.py:840} INFO - DAG(s) 'scheduled_dbt_pg_daily' retrieved from /opt/airflow/dags/pg_dbt.py
[2025-11-02T10:29:21.850+0000] {logging_mixin.py:188} INFO - [2025-11-02T10:29:21.849+0000] {dag.py:3036} INFO - Sync 1 DAGs
[2025-11-02T10:29:21.879+0000] {logging_mixin.py:188} INFO - [2025-11-02T10:29:21.878+0000] {dag.py:3823} INFO - Setting next_dagrun for scheduled_dbt_pg_daily to None, run_after=None
[2025-11-02T10:29:21.915+0000] {processor.py:183} INFO - Processing /opt/airflow/dags/pg_dbt.py took 0.144 seconds
[2025-11-02T10:29:52.526+0000] {processor.py:161} INFO - Started process (PID=268) to work on /opt/airflow/dags/pg_dbt.py
[2025-11-02T10:29:52.529+0000] {processor.py:830} INFO - Processing file /opt/airflow/dags/pg_dbt.py for tasks to queue
[2025-11-02T10:29:52.531+0000] {logging_mixin.py:188} INFO - [2025-11-02T10:29:52.531+0000] {dagbag.py:538} INFO - Filling up the DagBag from /opt/airflow/dags/pg_dbt.py
[2025-11-02T10:29:52.564+0000] {processor.py:840} INFO - DAG(s) 'scheduled_dbt_pg_daily' retrieved from /opt/airflow/dags/pg_dbt.py
[2025-11-02T10:29:52.618+0000] {logging_mixin.py:188} INFO - [2025-11-02T10:29:52.617+0000] {dag.py:3036} INFO - Sync 1 DAGs
[2025-11-02T10:29:52.743+0000] {logging_mixin.py:188} INFO - [2025-11-02T10:29:52.743+0000] {dag.py:3823} INFO - Setting next_dagrun for scheduled_dbt_pg_daily to None, run_after=None
[2025-11-02T10:29:52.865+0000] {processor.py:183} INFO - Processing /opt/airflow/dags/pg_dbt.py took 0.348 seconds
[2025-11-02T10:30:24.982+0000] {processor.py:161} INFO - Started process (PID=271) to work on /opt/airflow/dags/pg_dbt.py
[2025-11-02T10:30:24.984+0000] {processor.py:830} INFO - Processing file /opt/airflow/dags/pg_dbt.py for tasks to queue
[2025-11-02T10:30:24.987+0000] {logging_mixin.py:188} INFO - [2025-11-02T10:30:24.986+0000] {dagbag.py:538} INFO - Filling up the DagBag from /opt/airflow/dags/pg_dbt.py
[2025-11-02T10:30:25.022+0000] {processor.py:840} INFO - DAG(s) 'scheduled_dbt_pg_daily' retrieved from /opt/airflow/dags/pg_dbt.py
[2025-11-02T10:30:25.067+0000] {logging_mixin.py:188} INFO - [2025-11-02T10:30:25.067+0000] {dag.py:3036} INFO - Sync 1 DAGs
[2025-11-02T10:30:25.106+0000] {logging_mixin.py:188} INFO - [2025-11-02T10:30:25.106+0000] {dag.py:3823} INFO - Setting next_dagrun for scheduled_dbt_pg_daily to None, run_after=None
[2025-11-02T10:30:25.171+0000] {processor.py:183} INFO - Processing /opt/airflow/dags/pg_dbt.py took 0.195 seconds
[2025-11-02T10:30:57.839+0000] {processor.py:161} INFO - Started process (PID=283) to work on /opt/airflow/dags/pg_dbt.py
[2025-11-02T10:30:57.842+0000] {processor.py:830} INFO - Processing file /opt/airflow/dags/pg_dbt.py for tasks to queue
[2025-11-02T10:30:57.845+0000] {logging_mixin.py:188} INFO - [2025-11-02T10:30:57.844+0000] {dagbag.py:538} INFO - Filling up the DagBag from /opt/airflow/dags/pg_dbt.py
[2025-11-02T10:30:57.878+0000] {processor.py:840} INFO - DAG(s) 'scheduled_dbt_pg_daily' retrieved from /opt/airflow/dags/pg_dbt.py
[2025-11-02T10:30:57.924+0000] {logging_mixin.py:188} INFO - [2025-11-02T10:30:57.923+0000] {dag.py:3036} INFO - Sync 1 DAGs
[2025-11-02T10:30:57.962+0000] {logging_mixin.py:188} INFO - [2025-11-02T10:30:57.961+0000] {dag.py:3823} INFO - Setting next_dagrun for scheduled_dbt_pg_daily to None, run_after=None
[2025-11-02T10:30:58.034+0000] {processor.py:183} INFO - Processing /opt/airflow/dags/pg_dbt.py took 0.206 seconds
[2025-11-02T10:31:31.382+0000] {processor.py:161} INFO - Started process (PID=295) to work on /opt/airflow/dags/pg_dbt.py
[2025-11-02T10:31:31.385+0000] {processor.py:830} INFO - Processing file /opt/airflow/dags/pg_dbt.py for tasks to queue
[2025-11-02T10:31:31.387+0000] {logging_mixin.py:188} INFO - [2025-11-02T10:31:31.386+0000] {dagbag.py:538} INFO - Filling up the DagBag from /opt/airflow/dags/pg_dbt.py
[2025-11-02T10:31:31.454+0000] {processor.py:840} INFO - DAG(s) 'scheduled_dbt_pg_daily' retrieved from /opt/airflow/dags/pg_dbt.py
[2025-11-02T10:31:31.597+0000] {logging_mixin.py:188} INFO - [2025-11-02T10:31:31.597+0000] {dag.py:3036} INFO - Sync 1 DAGs
[2025-11-02T10:31:31.632+0000] {logging_mixin.py:188} INFO - [2025-11-02T10:31:31.632+0000] {dag.py:3823} INFO - Setting next_dagrun for scheduled_dbt_pg_daily to None, run_after=None
[2025-11-02T10:31:31.735+0000] {processor.py:183} INFO - Processing /opt/airflow/dags/pg_dbt.py took 0.359 seconds
[2025-11-02T10:32:04.436+0000] {processor.py:161} INFO - Started process (PID=307) to work on /opt/airflow/dags/pg_dbt.py
[2025-11-02T10:32:04.439+0000] {processor.py:830} INFO - Processing file /opt/airflow/dags/pg_dbt.py for tasks to queue
[2025-11-02T10:32:04.442+0000] {logging_mixin.py:188} INFO - [2025-11-02T10:32:04.441+0000] {dagbag.py:538} INFO - Filling up the DagBag from /opt/airflow/dags/pg_dbt.py
[2025-11-02T10:32:04.488+0000] {processor.py:840} INFO - DAG(s) 'scheduled_dbt_pg_daily' retrieved from /opt/airflow/dags/pg_dbt.py
[2025-11-02T10:32:04.582+0000] {logging_mixin.py:188} INFO - [2025-11-02T10:32:04.581+0000] {dag.py:3036} INFO - Sync 1 DAGs
[2025-11-02T10:32:04.646+0000] {logging_mixin.py:188} INFO - [2025-11-02T10:32:04.645+0000] {dag.py:3823} INFO - Setting next_dagrun for scheduled_dbt_pg_daily to None, run_after=None
[2025-11-02T10:32:04.767+0000] {processor.py:183} INFO - Processing /opt/airflow/dags/pg_dbt.py took 0.339 seconds
[2025-11-02T10:32:37.811+0000] {processor.py:161} INFO - Started process (PID=319) to work on /opt/airflow/dags/pg_dbt.py
[2025-11-02T10:32:37.813+0000] {processor.py:830} INFO - Processing file /opt/airflow/dags/pg_dbt.py for tasks to queue
[2025-11-02T10:32:37.817+0000] {logging_mixin.py:188} INFO - [2025-11-02T10:32:37.816+0000] {dagbag.py:538} INFO - Filling up the DagBag from /opt/airflow/dags/pg_dbt.py
[2025-11-02T10:32:37.850+0000] {processor.py:840} INFO - DAG(s) 'scheduled_dbt_pg_daily' retrieved from /opt/airflow/dags/pg_dbt.py
[2025-11-02T10:32:37.934+0000] {logging_mixin.py:188} INFO - [2025-11-02T10:32:37.933+0000] {dag.py:3036} INFO - Sync 1 DAGs
[2025-11-02T10:32:38.055+0000] {logging_mixin.py:188} INFO - [2025-11-02T10:32:38.054+0000] {dag.py:3823} INFO - Setting next_dagrun for scheduled_dbt_pg_daily to None, run_after=None
[2025-11-02T10:32:38.114+0000] {processor.py:183} INFO - Processing /opt/airflow/dags/pg_dbt.py took 0.310 seconds
[2025-11-02T10:33:11.542+0000] {processor.py:161} INFO - Started process (PID=331) to work on /opt/airflow/dags/pg_dbt.py
[2025-11-02T10:33:11.544+0000] {processor.py:830} INFO - Processing file /opt/airflow/dags/pg_dbt.py for tasks to queue
[2025-11-02T10:33:11.546+0000] {logging_mixin.py:188} INFO - [2025-11-02T10:33:11.545+0000] {dagbag.py:538} INFO - Filling up the DagBag from /opt/airflow/dags/pg_dbt.py
[2025-11-02T10:33:11.776+0000] {processor.py:840} INFO - DAG(s) 'scheduled_dbt_pg_daily' retrieved from /opt/airflow/dags/pg_dbt.py
[2025-11-02T10:33:11.913+0000] {logging_mixin.py:188} INFO - [2025-11-02T10:33:11.913+0000] {dag.py:3036} INFO - Sync 1 DAGs
[2025-11-02T10:33:11.956+0000] {logging_mixin.py:188} INFO - [2025-11-02T10:33:11.956+0000] {dag.py:3823} INFO - Setting next_dagrun for scheduled_dbt_pg_daily to None, run_after=None
[2025-11-02T10:33:12.211+0000] {processor.py:183} INFO - Processing /opt/airflow/dags/pg_dbt.py took 0.683 seconds
[2025-11-02T10:33:44.238+0000] {processor.py:161} INFO - Started process (PID=343) to work on /opt/airflow/dags/pg_dbt.py
[2025-11-02T10:33:44.242+0000] {processor.py:830} INFO - Processing file /opt/airflow/dags/pg_dbt.py for tasks to queue
[2025-11-02T10:33:44.249+0000] {logging_mixin.py:188} INFO - [2025-11-02T10:33:44.246+0000] {dagbag.py:538} INFO - Filling up the DagBag from /opt/airflow/dags/pg_dbt.py
[2025-11-02T10:33:44.330+0000] {processor.py:840} INFO - DAG(s) 'scheduled_dbt_pg_daily' retrieved from /opt/airflow/dags/pg_dbt.py
[2025-11-02T10:33:44.491+0000] {logging_mixin.py:188} INFO - [2025-11-02T10:33:44.490+0000] {dag.py:3036} INFO - Sync 1 DAGs
[2025-11-02T10:33:44.587+0000] {logging_mixin.py:188} INFO - [2025-11-02T10:33:44.586+0000] {dag.py:3823} INFO - Setting next_dagrun for scheduled_dbt_pg_daily to None, run_after=None
[2025-11-02T10:33:44.895+0000] {processor.py:183} INFO - Processing /opt/airflow/dags/pg_dbt.py took 0.670 seconds
[2025-11-02T10:34:18.617+0000] {processor.py:161} INFO - Started process (PID=356) to work on /opt/airflow/dags/pg_dbt.py
[2025-11-02T10:34:18.620+0000] {processor.py:830} INFO - Processing file /opt/airflow/dags/pg_dbt.py for tasks to queue
[2025-11-02T10:34:18.631+0000] {logging_mixin.py:188} INFO - [2025-11-02T10:34:18.630+0000] {dagbag.py:538} INFO - Filling up the DagBag from /opt/airflow/dags/pg_dbt.py
[2025-11-02T10:34:18.966+0000] {processor.py:840} INFO - DAG(s) 'scheduled_dbt_pg_daily' retrieved from /opt/airflow/dags/pg_dbt.py
[2025-11-02T10:34:19.167+0000] {logging_mixin.py:188} INFO - [2025-11-02T10:34:19.167+0000] {dag.py:3036} INFO - Sync 1 DAGs
[2025-11-02T10:34:19.324+0000] {logging_mixin.py:188} INFO - [2025-11-02T10:34:19.324+0000] {dag.py:3823} INFO - Setting next_dagrun for scheduled_dbt_pg_daily to None, run_after=None
[2025-11-02T10:34:19.564+0000] {processor.py:183} INFO - Processing /opt/airflow/dags/pg_dbt.py took 0.963 seconds
[2025-11-02T10:34:52.093+0000] {processor.py:161} INFO - Started process (PID=368) to work on /opt/airflow/dags/pg_dbt.py
[2025-11-02T10:34:52.097+0000] {processor.py:830} INFO - Processing file /opt/airflow/dags/pg_dbt.py for tasks to queue
[2025-11-02T10:34:52.105+0000] {logging_mixin.py:188} INFO - [2025-11-02T10:34:52.102+0000] {dagbag.py:538} INFO - Filling up the DagBag from /opt/airflow/dags/pg_dbt.py
[2025-11-02T10:34:52.173+0000] {processor.py:840} INFO - DAG(s) 'scheduled_dbt_pg_daily' retrieved from /opt/airflow/dags/pg_dbt.py
[2025-11-02T10:34:52.342+0000] {logging_mixin.py:188} INFO - [2025-11-02T10:34:52.341+0000] {dag.py:3036} INFO - Sync 1 DAGs
[2025-11-02T10:34:52.499+0000] {logging_mixin.py:188} INFO - [2025-11-02T10:34:52.498+0000] {dag.py:3823} INFO - Setting next_dagrun for scheduled_dbt_pg_daily to None, run_after=None
[2025-11-02T10:34:52.714+0000] {processor.py:183} INFO - Processing /opt/airflow/dags/pg_dbt.py took 0.642 seconds
[2025-11-02T10:35:26.060+0000] {processor.py:161} INFO - Started process (PID=380) to work on /opt/airflow/dags/pg_dbt.py
[2025-11-02T10:35:26.062+0000] {processor.py:830} INFO - Processing file /opt/airflow/dags/pg_dbt.py for tasks to queue
[2025-11-02T10:35:26.073+0000] {logging_mixin.py:188} INFO - [2025-11-02T10:35:26.072+0000] {dagbag.py:538} INFO - Filling up the DagBag from /opt/airflow/dags/pg_dbt.py
[2025-11-02T10:35:26.285+0000] {processor.py:840} INFO - DAG(s) 'scheduled_dbt_pg_daily' retrieved from /opt/airflow/dags/pg_dbt.py
[2025-11-02T10:35:26.616+0000] {logging_mixin.py:188} INFO - [2025-11-02T10:35:26.616+0000] {dag.py:3036} INFO - Sync 1 DAGs
[2025-11-02T10:35:26.825+0000] {logging_mixin.py:188} INFO - [2025-11-02T10:35:26.824+0000] {dag.py:3823} INFO - Setting next_dagrun for scheduled_dbt_pg_daily to None, run_after=None
[2025-11-02T10:35:27.031+0000] {processor.py:183} INFO - Processing /opt/airflow/dags/pg_dbt.py took 0.985 seconds
[2025-11-02T10:36:00.455+0000] {processor.py:161} INFO - Started process (PID=392) to work on /opt/airflow/dags/pg_dbt.py
[2025-11-02T10:36:00.465+0000] {processor.py:830} INFO - Processing file /opt/airflow/dags/pg_dbt.py for tasks to queue
[2025-11-02T10:36:00.468+0000] {logging_mixin.py:188} INFO - [2025-11-02T10:36:00.468+0000] {dagbag.py:538} INFO - Filling up the DagBag from /opt/airflow/dags/pg_dbt.py
[2025-11-02T10:36:01.147+0000] {processor.py:840} INFO - DAG(s) 'scheduled_dbt_pg_daily' retrieved from /opt/airflow/dags/pg_dbt.py
[2025-11-02T10:36:01.336+0000] {logging_mixin.py:188} INFO - [2025-11-02T10:36:01.336+0000] {dag.py:3036} INFO - Sync 1 DAGs
[2025-11-02T10:36:01.517+0000] {logging_mixin.py:188} INFO - [2025-11-02T10:36:01.516+0000] {dag.py:3823} INFO - Setting next_dagrun for scheduled_dbt_pg_daily to None, run_after=None
[2025-11-02T10:36:01.833+0000] {processor.py:183} INFO - Processing /opt/airflow/dags/pg_dbt.py took 1.385 seconds
[2025-11-02T10:36:37.075+0000] {processor.py:161} INFO - Started process (PID=404) to work on /opt/airflow/dags/pg_dbt.py
[2025-11-02T10:36:37.083+0000] {processor.py:830} INFO - Processing file /opt/airflow/dags/pg_dbt.py for tasks to queue
[2025-11-02T10:36:37.116+0000] {logging_mixin.py:188} INFO - [2025-11-02T10:36:37.115+0000] {dagbag.py:538} INFO - Filling up the DagBag from /opt/airflow/dags/pg_dbt.py
[2025-11-02T10:36:37.551+0000] {processor.py:840} INFO - DAG(s) 'scheduled_dbt_pg_daily' retrieved from /opt/airflow/dags/pg_dbt.py
[2025-11-02T10:36:38.923+0000] {logging_mixin.py:188} INFO - [2025-11-02T10:36:38.923+0000] {dag.py:3036} INFO - Sync 1 DAGs
[2025-11-02T10:36:39.662+0000] {logging_mixin.py:188} INFO - [2025-11-02T10:36:39.662+0000] {dag.py:3823} INFO - Setting next_dagrun for scheduled_dbt_pg_daily to None, run_after=None
[2025-11-02T10:36:40.533+0000] {processor.py:183} INFO - Processing /opt/airflow/dags/pg_dbt.py took 3.465 seconds
[2025-11-02T10:37:11.971+0000] {processor.py:161} INFO - Started process (PID=414) to work on /opt/airflow/dags/pg_dbt.py
[2025-11-02T10:37:11.995+0000] {processor.py:830} INFO - Processing file /opt/airflow/dags/pg_dbt.py for tasks to queue
[2025-11-02T10:37:11.997+0000] {logging_mixin.py:188} INFO - [2025-11-02T10:37:11.996+0000] {dagbag.py:538} INFO - Filling up the DagBag from /opt/airflow/dags/pg_dbt.py
[2025-11-02T10:37:12.219+0000] {processor.py:840} INFO - DAG(s) 'scheduled_dbt_pg_daily' retrieved from /opt/airflow/dags/pg_dbt.py
[2025-11-02T10:37:12.439+0000] {logging_mixin.py:188} INFO - [2025-11-02T10:37:12.438+0000] {dag.py:3036} INFO - Sync 1 DAGs
[2025-11-02T10:37:12.647+0000] {logging_mixin.py:188} INFO - [2025-11-02T10:37:12.646+0000] {dag.py:3823} INFO - Setting next_dagrun for scheduled_dbt_pg_daily to None, run_after=None
[2025-11-02T10:37:12.903+0000] {processor.py:183} INFO - Processing /opt/airflow/dags/pg_dbt.py took 0.944 seconds
[2025-11-02T10:38:04.183+0000] {processor.py:161} INFO - Started process (PID=425) to work on /opt/airflow/dags/pg_dbt.py
[2025-11-02T10:38:04.185+0000] {processor.py:830} INFO - Processing file /opt/airflow/dags/pg_dbt.py for tasks to queue
[2025-11-02T10:38:04.199+0000] {logging_mixin.py:188} INFO - [2025-11-02T10:38:04.199+0000] {dagbag.py:538} INFO - Filling up the DagBag from /opt/airflow/dags/pg_dbt.py
[2025-11-02T10:38:05.142+0000] {processor.py:840} INFO - DAG(s) 'scheduled_dbt_pg_daily' retrieved from /opt/airflow/dags/pg_dbt.py
[2025-11-02T10:38:05.259+0000] {logging_mixin.py:188} INFO - [2025-11-02T10:38:05.258+0000] {dag.py:3036} INFO - Sync 1 DAGs
[2025-11-02T10:38:05.590+0000] {logging_mixin.py:188} INFO - [2025-11-02T10:38:05.590+0000] {dag.py:3823} INFO - Setting next_dagrun for scheduled_dbt_pg_daily to None, run_after=None
[2025-11-02T10:38:05.768+0000] {processor.py:183} INFO - Processing /opt/airflow/dags/pg_dbt.py took 1.602 seconds
[2025-11-02T10:38:37.017+0000] {processor.py:161} INFO - Started process (PID=436) to work on /opt/airflow/dags/pg_dbt.py
[2025-11-02T10:38:37.019+0000] {processor.py:830} INFO - Processing file /opt/airflow/dags/pg_dbt.py for tasks to queue
[2025-11-02T10:38:37.023+0000] {logging_mixin.py:188} INFO - [2025-11-02T10:38:37.022+0000] {dagbag.py:538} INFO - Filling up the DagBag from /opt/airflow/dags/pg_dbt.py
[2025-11-02T10:38:40.503+0000] {processor.py:840} INFO - DAG(s) 'scheduled_dbt_pg_daily' retrieved from /opt/airflow/dags/pg_dbt.py
[2025-11-02T10:38:50.827+0000] {logging_mixin.py:188} INFO - [2025-11-02T10:38:50.827+0000] {dag.py:3036} INFO - Sync 1 DAGs
[2025-11-02T10:38:51.782+0000] {logging_mixin.py:188} INFO - [2025-11-02T10:38:51.781+0000] {dag.py:3823} INFO - Setting next_dagrun for scheduled_dbt_pg_daily to None, run_after=None
[2025-11-02T10:38:53.530+0000] {processor.py:183} INFO - Processing /opt/airflow/dags/pg_dbt.py took 13.196 seconds
[2025-11-02T10:39:23.954+0000] {processor.py:161} INFO - Started process (PID=445) to work on /opt/airflow/dags/pg_dbt.py
[2025-11-02T10:39:23.957+0000] {processor.py:830} INFO - Processing file /opt/airflow/dags/pg_dbt.py for tasks to queue
[2025-11-02T10:39:23.958+0000] {logging_mixin.py:188} INFO - [2025-11-02T10:39:23.958+0000] {dagbag.py:538} INFO - Filling up the DagBag from /opt/airflow/dags/pg_dbt.py
[2025-11-02T10:39:23.991+0000] {processor.py:840} INFO - DAG(s) 'scheduled_dbt_pg_daily' retrieved from /opt/airflow/dags/pg_dbt.py
[2025-11-02T10:39:24.105+0000] {logging_mixin.py:188} INFO - [2025-11-02T10:39:24.104+0000] {dag.py:3036} INFO - Sync 1 DAGs
[2025-11-02T10:39:24.216+0000] {logging_mixin.py:188} INFO - [2025-11-02T10:39:24.215+0000] {dag.py:3823} INFO - Setting next_dagrun for scheduled_dbt_pg_daily to None, run_after=None
[2025-11-02T10:39:24.306+0000] {processor.py:183} INFO - Processing /opt/airflow/dags/pg_dbt.py took 0.383 seconds
[2025-11-02T10:39:55.554+0000] {processor.py:161} INFO - Started process (PID=457) to work on /opt/airflow/dags/pg_dbt.py
[2025-11-02T10:39:55.557+0000] {processor.py:830} INFO - Processing file /opt/airflow/dags/pg_dbt.py for tasks to queue
[2025-11-02T10:39:55.583+0000] {logging_mixin.py:188} INFO - [2025-11-02T10:39:55.582+0000] {dagbag.py:538} INFO - Filling up the DagBag from /opt/airflow/dags/pg_dbt.py
[2025-11-02T10:39:55.682+0000] {processor.py:840} INFO - DAG(s) 'scheduled_dbt_pg_daily' retrieved from /opt/airflow/dags/pg_dbt.py
[2025-11-02T10:39:55.777+0000] {logging_mixin.py:188} INFO - [2025-11-02T10:39:55.776+0000] {dag.py:3036} INFO - Sync 1 DAGs
[2025-11-02T10:39:55.831+0000] {logging_mixin.py:188} INFO - [2025-11-02T10:39:55.830+0000] {dag.py:3823} INFO - Setting next_dagrun for scheduled_dbt_pg_daily to None, run_after=None
[2025-11-02T10:39:55.992+0000] {processor.py:183} INFO - Processing /opt/airflow/dags/pg_dbt.py took 0.458 seconds
[2025-11-02T10:40:26.693+0000] {processor.py:161} INFO - Started process (PID=467) to work on /opt/airflow/dags/pg_dbt.py
[2025-11-02T10:40:26.704+0000] {processor.py:830} INFO - Processing file /opt/airflow/dags/pg_dbt.py for tasks to queue
[2025-11-02T10:40:26.709+0000] {logging_mixin.py:188} INFO - [2025-11-02T10:40:26.708+0000] {dagbag.py:538} INFO - Filling up the DagBag from /opt/airflow/dags/pg_dbt.py
[2025-11-02T10:40:27.103+0000] {processor.py:840} INFO - DAG(s) 'scheduled_dbt_pg_daily' retrieved from /opt/airflow/dags/pg_dbt.py
[2025-11-02T10:40:27.233+0000] {logging_mixin.py:188} INFO - [2025-11-02T10:40:27.233+0000] {dag.py:3036} INFO - Sync 1 DAGs
[2025-11-02T10:40:27.298+0000] {logging_mixin.py:188} INFO - [2025-11-02T10:40:27.298+0000] {dag.py:3823} INFO - Setting next_dagrun for scheduled_dbt_pg_daily to None, run_after=None
[2025-11-02T10:40:27.667+0000] {processor.py:183} INFO - Processing /opt/airflow/dags/pg_dbt.py took 0.993 seconds
[2025-11-02T10:40:59.550+0000] {processor.py:161} INFO - Started process (PID=479) to work on /opt/airflow/dags/pg_dbt.py
[2025-11-02T10:40:59.553+0000] {processor.py:830} INFO - Processing file /opt/airflow/dags/pg_dbt.py for tasks to queue
[2025-11-02T10:40:59.556+0000] {logging_mixin.py:188} INFO - [2025-11-02T10:40:59.555+0000] {dagbag.py:538} INFO - Filling up the DagBag from /opt/airflow/dags/pg_dbt.py
[2025-11-02T10:40:59.605+0000] {processor.py:840} INFO - DAG(s) 'scheduled_dbt_pg_daily' retrieved from /opt/airflow/dags/pg_dbt.py
[2025-11-02T10:41:00.045+0000] {logging_mixin.py:188} INFO - [2025-11-02T10:41:00.044+0000] {dag.py:3036} INFO - Sync 1 DAGs
[2025-11-02T10:41:00.167+0000] {logging_mixin.py:188} INFO - [2025-11-02T10:41:00.155+0000] {dag.py:3823} INFO - Setting next_dagrun for scheduled_dbt_pg_daily to None, run_after=None
[2025-11-02T10:41:00.360+0000] {processor.py:183} INFO - Processing /opt/airflow/dags/pg_dbt.py took 0.820 seconds
[2025-11-02T10:41:33.604+0000] {processor.py:161} INFO - Started process (PID=491) to work on /opt/airflow/dags/pg_dbt.py
[2025-11-02T10:41:33.607+0000] {processor.py:830} INFO - Processing file /opt/airflow/dags/pg_dbt.py for tasks to queue
[2025-11-02T10:41:33.609+0000] {logging_mixin.py:188} INFO - [2025-11-02T10:41:33.608+0000] {dagbag.py:538} INFO - Filling up the DagBag from /opt/airflow/dags/pg_dbt.py
[2025-11-02T10:41:33.706+0000] {processor.py:840} INFO - DAG(s) 'scheduled_dbt_pg_daily' retrieved from /opt/airflow/dags/pg_dbt.py
[2025-11-02T10:41:33.803+0000] {logging_mixin.py:188} INFO - [2025-11-02T10:41:33.802+0000] {dag.py:3036} INFO - Sync 1 DAGs
[2025-11-02T10:41:33.937+0000] {logging_mixin.py:188} INFO - [2025-11-02T10:41:33.936+0000] {dag.py:3823} INFO - Setting next_dagrun for scheduled_dbt_pg_daily to None, run_after=None
[2025-11-02T10:41:34.297+0000] {processor.py:183} INFO - Processing /opt/airflow/dags/pg_dbt.py took 0.711 seconds
[2025-11-02T10:42:06.279+0000] {processor.py:161} INFO - Started process (PID=502) to work on /opt/airflow/dags/pg_dbt.py
[2025-11-02T10:42:06.282+0000] {processor.py:830} INFO - Processing file /opt/airflow/dags/pg_dbt.py for tasks to queue
[2025-11-02T10:42:06.293+0000] {logging_mixin.py:188} INFO - [2025-11-02T10:42:06.285+0000] {dagbag.py:538} INFO - Filling up the DagBag from /opt/airflow/dags/pg_dbt.py
[2025-11-02T10:42:06.377+0000] {processor.py:840} INFO - DAG(s) 'scheduled_dbt_pg_daily' retrieved from /opt/airflow/dags/pg_dbt.py
[2025-11-02T10:42:06.553+0000] {logging_mixin.py:188} INFO - [2025-11-02T10:42:06.553+0000] {dag.py:3036} INFO - Sync 1 DAGs
[2025-11-02T10:42:06.707+0000] {logging_mixin.py:188} INFO - [2025-11-02T10:42:06.698+0000] {dag.py:3823} INFO - Setting next_dagrun for scheduled_dbt_pg_daily to None, run_after=None
[2025-11-02T10:42:06.949+0000] {processor.py:183} INFO - Processing /opt/airflow/dags/pg_dbt.py took 0.691 seconds
[2025-11-02T10:42:39.653+0000] {processor.py:161} INFO - Started process (PID=513) to work on /opt/airflow/dags/pg_dbt.py
[2025-11-02T10:42:39.655+0000] {processor.py:830} INFO - Processing file /opt/airflow/dags/pg_dbt.py for tasks to queue
[2025-11-02T10:42:39.680+0000] {logging_mixin.py:188} INFO - [2025-11-02T10:42:39.680+0000] {dagbag.py:538} INFO - Filling up the DagBag from /opt/airflow/dags/pg_dbt.py
[2025-11-02T10:42:39.924+0000] {processor.py:840} INFO - DAG(s) 'scheduled_dbt_pg_daily' retrieved from /opt/airflow/dags/pg_dbt.py
[2025-11-02T10:42:40.299+0000] {logging_mixin.py:188} INFO - [2025-11-02T10:42:40.288+0000] {dag.py:3036} INFO - Sync 1 DAGs
[2025-11-02T10:42:40.459+0000] {logging_mixin.py:188} INFO - [2025-11-02T10:42:40.459+0000] {dag.py:3823} INFO - Setting next_dagrun for scheduled_dbt_pg_daily to None, run_after=None
[2025-11-02T10:42:40.731+0000] {processor.py:183} INFO - Processing /opt/airflow/dags/pg_dbt.py took 1.106 seconds
[2025-11-02T10:43:12.850+0000] {processor.py:161} INFO - Started process (PID=525) to work on /opt/airflow/dags/pg_dbt.py
[2025-11-02T10:43:12.856+0000] {processor.py:830} INFO - Processing file /opt/airflow/dags/pg_dbt.py for tasks to queue
[2025-11-02T10:43:12.864+0000] {logging_mixin.py:188} INFO - [2025-11-02T10:43:12.858+0000] {dagbag.py:538} INFO - Filling up the DagBag from /opt/airflow/dags/pg_dbt.py
[2025-11-02T10:43:13.120+0000] {processor.py:840} INFO - DAG(s) 'scheduled_dbt_pg_daily' retrieved from /opt/airflow/dags/pg_dbt.py
[2025-11-02T10:43:13.358+0000] {logging_mixin.py:188} INFO - [2025-11-02T10:43:13.358+0000] {dag.py:3036} INFO - Sync 1 DAGs
[2025-11-02T10:43:13.529+0000] {logging_mixin.py:188} INFO - [2025-11-02T10:43:13.529+0000] {dag.py:3823} INFO - Setting next_dagrun for scheduled_dbt_pg_daily to None, run_after=None
[2025-11-02T10:43:13.766+0000] {processor.py:183} INFO - Processing /opt/airflow/dags/pg_dbt.py took 0.931 seconds
[2025-11-02T10:43:46.021+0000] {processor.py:161} INFO - Started process (PID=536) to work on /opt/airflow/dags/pg_dbt.py
[2025-11-02T10:43:46.028+0000] {processor.py:830} INFO - Processing file /opt/airflow/dags/pg_dbt.py for tasks to queue
[2025-11-02T10:43:46.031+0000] {logging_mixin.py:188} INFO - [2025-11-02T10:43:46.030+0000] {dagbag.py:538} INFO - Filling up the DagBag from /opt/airflow/dags/pg_dbt.py
[2025-11-02T10:43:46.116+0000] {processor.py:840} INFO - DAG(s) 'scheduled_dbt_pg_daily' retrieved from /opt/airflow/dags/pg_dbt.py
[2025-11-02T10:43:46.304+0000] {logging_mixin.py:188} INFO - [2025-11-02T10:43:46.303+0000] {dag.py:3036} INFO - Sync 1 DAGs
[2025-11-02T10:43:46.447+0000] {logging_mixin.py:188} INFO - [2025-11-02T10:43:46.447+0000] {dag.py:3823} INFO - Setting next_dagrun for scheduled_dbt_pg_daily to None, run_after=None
[2025-11-02T10:43:46.586+0000] {processor.py:183} INFO - Processing /opt/airflow/dags/pg_dbt.py took 0.578 seconds
[2025-11-02T10:44:19.656+0000] {processor.py:161} INFO - Started process (PID=548) to work on /opt/airflow/dags/pg_dbt.py
[2025-11-02T10:44:19.659+0000] {processor.py:830} INFO - Processing file /opt/airflow/dags/pg_dbt.py for tasks to queue
[2025-11-02T10:44:19.663+0000] {logging_mixin.py:188} INFO - [2025-11-02T10:44:19.661+0000] {dagbag.py:538} INFO - Filling up the DagBag from /opt/airflow/dags/pg_dbt.py
[2025-11-02T10:44:19.714+0000] {processor.py:840} INFO - DAG(s) 'scheduled_dbt_pg_daily' retrieved from /opt/airflow/dags/pg_dbt.py
[2025-11-02T10:44:19.807+0000] {logging_mixin.py:188} INFO - [2025-11-02T10:44:19.806+0000] {dag.py:3036} INFO - Sync 1 DAGs
[2025-11-02T10:44:19.890+0000] {logging_mixin.py:188} INFO - [2025-11-02T10:44:19.889+0000] {dag.py:3823} INFO - Setting next_dagrun for scheduled_dbt_pg_daily to None, run_after=None
[2025-11-02T10:44:19.991+0000] {processor.py:183} INFO - Processing /opt/airflow/dags/pg_dbt.py took 0.366 seconds
[2025-11-02T10:44:52.813+0000] {processor.py:161} INFO - Started process (PID=560) to work on /opt/airflow/dags/pg_dbt.py
[2025-11-02T10:44:52.816+0000] {processor.py:830} INFO - Processing file /opt/airflow/dags/pg_dbt.py for tasks to queue
[2025-11-02T10:44:52.820+0000] {logging_mixin.py:188} INFO - [2025-11-02T10:44:52.818+0000] {dagbag.py:538} INFO - Filling up the DagBag from /opt/airflow/dags/pg_dbt.py
[2025-11-02T10:44:52.908+0000] {processor.py:840} INFO - DAG(s) 'scheduled_dbt_pg_daily' retrieved from /opt/airflow/dags/pg_dbt.py
[2025-11-02T10:44:52.949+0000] {logging_mixin.py:188} INFO - [2025-11-02T10:44:52.949+0000] {dag.py:3036} INFO - Sync 1 DAGs
[2025-11-02T10:44:52.979+0000] {logging_mixin.py:188} INFO - [2025-11-02T10:44:52.979+0000] {dag.py:3823} INFO - Setting next_dagrun for scheduled_dbt_pg_daily to None, run_after=None
[2025-11-02T10:44:53.025+0000] {processor.py:183} INFO - Processing /opt/airflow/dags/pg_dbt.py took 0.218 seconds
[2025-11-02T10:45:26.111+0000] {processor.py:161} INFO - Started process (PID=571) to work on /opt/airflow/dags/pg_dbt.py
[2025-11-02T10:45:26.114+0000] {processor.py:830} INFO - Processing file /opt/airflow/dags/pg_dbt.py for tasks to queue
[2025-11-02T10:45:26.117+0000] {logging_mixin.py:188} INFO - [2025-11-02T10:45:26.116+0000] {dagbag.py:538} INFO - Filling up the DagBag from /opt/airflow/dags/pg_dbt.py
[2025-11-02T10:45:26.345+0000] {processor.py:840} INFO - DAG(s) 'scheduled_dbt_pg_daily' retrieved from /opt/airflow/dags/pg_dbt.py
[2025-11-02T10:45:26.551+0000] {logging_mixin.py:188} INFO - [2025-11-02T10:45:26.550+0000] {dag.py:3036} INFO - Sync 1 DAGs
[2025-11-02T10:45:26.697+0000] {logging_mixin.py:188} INFO - [2025-11-02T10:45:26.696+0000] {dag.py:3823} INFO - Setting next_dagrun for scheduled_dbt_pg_daily to None, run_after=None
[2025-11-02T10:45:26.877+0000] {processor.py:183} INFO - Processing /opt/airflow/dags/pg_dbt.py took 0.784 seconds
[2025-11-02T10:46:00.218+0000] {processor.py:161} INFO - Started process (PID=584) to work on /opt/airflow/dags/pg_dbt.py
[2025-11-02T10:46:00.223+0000] {processor.py:830} INFO - Processing file /opt/airflow/dags/pg_dbt.py for tasks to queue
[2025-11-02T10:46:00.226+0000] {logging_mixin.py:188} INFO - [2025-11-02T10:46:00.225+0000] {dagbag.py:538} INFO - Filling up the DagBag from /opt/airflow/dags/pg_dbt.py
[2025-11-02T10:46:00.371+0000] {processor.py:840} INFO - DAG(s) 'scheduled_dbt_pg_daily' retrieved from /opt/airflow/dags/pg_dbt.py
[2025-11-02T10:46:00.616+0000] {logging_mixin.py:188} INFO - [2025-11-02T10:46:00.606+0000] {dag.py:3036} INFO - Sync 1 DAGs
[2025-11-02T10:46:00.919+0000] {logging_mixin.py:188} INFO - [2025-11-02T10:46:00.919+0000] {dag.py:3823} INFO - Setting next_dagrun for scheduled_dbt_pg_daily to None, run_after=None
[2025-11-02T10:46:01.100+0000] {processor.py:183} INFO - Processing /opt/airflow/dags/pg_dbt.py took 0.905 seconds
[2025-11-02T10:46:33.897+0000] {processor.py:161} INFO - Started process (PID=596) to work on /opt/airflow/dags/pg_dbt.py
[2025-11-02T10:46:34.018+0000] {processor.py:830} INFO - Processing file /opt/airflow/dags/pg_dbt.py for tasks to queue
[2025-11-02T10:46:34.021+0000] {logging_mixin.py:188} INFO - [2025-11-02T10:46:34.020+0000] {dagbag.py:538} INFO - Filling up the DagBag from /opt/airflow/dags/pg_dbt.py
[2025-11-02T10:46:34.085+0000] {processor.py:840} INFO - DAG(s) 'scheduled_dbt_pg_daily' retrieved from /opt/airflow/dags/pg_dbt.py
[2025-11-02T10:46:34.207+0000] {logging_mixin.py:188} INFO - [2025-11-02T10:46:34.206+0000] {dag.py:3036} INFO - Sync 1 DAGs
[2025-11-02T10:46:34.243+0000] {logging_mixin.py:188} INFO - [2025-11-02T10:46:34.242+0000] {dag.py:3823} INFO - Setting next_dagrun for scheduled_dbt_pg_daily to None, run_after=None
[2025-11-02T10:46:34.495+0000] {processor.py:183} INFO - Processing /opt/airflow/dags/pg_dbt.py took 0.605 seconds
[2025-11-02T10:47:06.134+0000] {processor.py:161} INFO - Started process (PID=609) to work on /opt/airflow/dags/pg_dbt.py
[2025-11-02T10:47:06.147+0000] {processor.py:830} INFO - Processing file /opt/airflow/dags/pg_dbt.py for tasks to queue
[2025-11-02T10:47:06.151+0000] {logging_mixin.py:188} INFO - [2025-11-02T10:47:06.150+0000] {dagbag.py:538} INFO - Filling up the DagBag from /opt/airflow/dags/pg_dbt.py
[2025-11-02T10:47:06.325+0000] {processor.py:840} INFO - DAG(s) 'scheduled_dbt_pg_daily' retrieved from /opt/airflow/dags/pg_dbt.py
[2025-11-02T10:47:06.385+0000] {logging_mixin.py:188} INFO - [2025-11-02T10:47:06.385+0000] {dag.py:3036} INFO - Sync 1 DAGs
[2025-11-02T10:47:06.506+0000] {logging_mixin.py:188} INFO - [2025-11-02T10:47:06.503+0000] {dag.py:3823} INFO - Setting next_dagrun for scheduled_dbt_pg_daily to None, run_after=None
[2025-11-02T10:47:06.782+0000] {processor.py:183} INFO - Processing /opt/airflow/dags/pg_dbt.py took 0.683 seconds
[2025-11-02T10:47:39.509+0000] {processor.py:161} INFO - Started process (PID=621) to work on /opt/airflow/dags/pg_dbt.py
[2025-11-02T10:47:39.521+0000] {processor.py:830} INFO - Processing file /opt/airflow/dags/pg_dbt.py for tasks to queue
[2025-11-02T10:47:39.526+0000] {logging_mixin.py:188} INFO - [2025-11-02T10:47:39.525+0000] {dagbag.py:538} INFO - Filling up the DagBag from /opt/airflow/dags/pg_dbt.py
[2025-11-02T10:47:39.692+0000] {processor.py:840} INFO - DAG(s) 'scheduled_dbt_pg_daily' retrieved from /opt/airflow/dags/pg_dbt.py
[2025-11-02T10:47:39.881+0000] {logging_mixin.py:188} INFO - [2025-11-02T10:47:39.870+0000] {dag.py:3036} INFO - Sync 1 DAGs
[2025-11-02T10:47:39.988+0000] {logging_mixin.py:188} INFO - [2025-11-02T10:47:39.987+0000] {dag.py:3823} INFO - Setting next_dagrun for scheduled_dbt_pg_daily to None, run_after=None
[2025-11-02T10:47:40.751+0000] {processor.py:183} INFO - Processing /opt/airflow/dags/pg_dbt.py took 1.265 seconds
[2025-11-02T10:48:13.706+0000] {processor.py:161} INFO - Started process (PID=633) to work on /opt/airflow/dags/pg_dbt.py
[2025-11-02T10:48:13.709+0000] {processor.py:830} INFO - Processing file /opt/airflow/dags/pg_dbt.py for tasks to queue
[2025-11-02T10:48:13.713+0000] {logging_mixin.py:188} INFO - [2025-11-02T10:48:13.711+0000] {dagbag.py:538} INFO - Filling up the DagBag from /opt/airflow/dags/pg_dbt.py
[2025-11-02T10:48:13.771+0000] {processor.py:840} INFO - DAG(s) 'scheduled_dbt_pg_daily' retrieved from /opt/airflow/dags/pg_dbt.py
[2025-11-02T10:48:13.954+0000] {logging_mixin.py:188} INFO - [2025-11-02T10:48:13.954+0000] {dag.py:3036} INFO - Sync 1 DAGs
[2025-11-02T10:48:14.002+0000] {logging_mixin.py:188} INFO - [2025-11-02T10:48:14.002+0000] {dag.py:3823} INFO - Setting next_dagrun for scheduled_dbt_pg_daily to None, run_after=None
[2025-11-02T10:48:14.475+0000] {processor.py:183} INFO - Processing /opt/airflow/dags/pg_dbt.py took 0.788 seconds
[2025-11-02T10:48:46.944+0000] {processor.py:161} INFO - Started process (PID=645) to work on /opt/airflow/dags/pg_dbt.py
[2025-11-02T10:48:46.959+0000] {processor.py:830} INFO - Processing file /opt/airflow/dags/pg_dbt.py for tasks to queue
[2025-11-02T10:48:46.970+0000] {logging_mixin.py:188} INFO - [2025-11-02T10:48:46.970+0000] {dagbag.py:538} INFO - Filling up the DagBag from /opt/airflow/dags/pg_dbt.py
[2025-11-02T10:48:47.106+0000] {processor.py:840} INFO - DAG(s) 'scheduled_dbt_pg_daily' retrieved from /opt/airflow/dags/pg_dbt.py
[2025-11-02T10:48:47.235+0000] {logging_mixin.py:188} INFO - [2025-11-02T10:48:47.233+0000] {dag.py:3036} INFO - Sync 1 DAGs
[2025-11-02T10:48:47.310+0000] {logging_mixin.py:188} INFO - [2025-11-02T10:48:47.309+0000] {dag.py:3823} INFO - Setting next_dagrun for scheduled_dbt_pg_daily to None, run_after=None
[2025-11-02T10:48:47.411+0000] {processor.py:183} INFO - Processing /opt/airflow/dags/pg_dbt.py took 0.543 seconds
[2025-11-02T10:49:19.433+0000] {processor.py:161} INFO - Started process (PID=657) to work on /opt/airflow/dags/pg_dbt.py
[2025-11-02T10:49:19.439+0000] {processor.py:830} INFO - Processing file /opt/airflow/dags/pg_dbt.py for tasks to queue
[2025-11-02T10:49:19.443+0000] {logging_mixin.py:188} INFO - [2025-11-02T10:49:19.442+0000] {dagbag.py:538} INFO - Filling up the DagBag from /opt/airflow/dags/pg_dbt.py
[2025-11-02T10:49:19.487+0000] {processor.py:840} INFO - DAG(s) 'scheduled_dbt_pg_daily' retrieved from /opt/airflow/dags/pg_dbt.py
[2025-11-02T10:49:19.541+0000] {logging_mixin.py:188} INFO - [2025-11-02T10:49:19.541+0000] {dag.py:3036} INFO - Sync 1 DAGs
[2025-11-02T10:49:19.598+0000] {logging_mixin.py:188} INFO - [2025-11-02T10:49:19.597+0000] {dag.py:3823} INFO - Setting next_dagrun for scheduled_dbt_pg_daily to None, run_after=None
[2025-11-02T10:49:19.690+0000] {processor.py:183} INFO - Processing /opt/airflow/dags/pg_dbt.py took 0.267 seconds
[2025-11-02T10:49:52.796+0000] {processor.py:161} INFO - Started process (PID=669) to work on /opt/airflow/dags/pg_dbt.py
[2025-11-02T10:49:52.798+0000] {processor.py:830} INFO - Processing file /opt/airflow/dags/pg_dbt.py for tasks to queue
[2025-11-02T10:49:52.801+0000] {logging_mixin.py:188} INFO - [2025-11-02T10:49:52.800+0000] {dagbag.py:538} INFO - Filling up the DagBag from /opt/airflow/dags/pg_dbt.py
[2025-11-02T10:49:52.838+0000] {processor.py:840} INFO - DAG(s) 'scheduled_dbt_pg_daily' retrieved from /opt/airflow/dags/pg_dbt.py
[2025-11-02T10:49:53.163+0000] {logging_mixin.py:188} INFO - [2025-11-02T10:49:53.162+0000] {dag.py:3036} INFO - Sync 1 DAGs
[2025-11-02T10:49:53.204+0000] {logging_mixin.py:188} INFO - [2025-11-02T10:49:53.204+0000] {dag.py:3823} INFO - Setting next_dagrun for scheduled_dbt_pg_daily to None, run_after=None
[2025-11-02T10:49:53.521+0000] {processor.py:183} INFO - Processing /opt/airflow/dags/pg_dbt.py took 0.736 seconds
[2025-11-02T10:50:26.363+0000] {processor.py:161} INFO - Started process (PID=681) to work on /opt/airflow/dags/pg_dbt.py
[2025-11-02T10:50:26.366+0000] {processor.py:830} INFO - Processing file /opt/airflow/dags/pg_dbt.py for tasks to queue
[2025-11-02T10:50:26.369+0000] {logging_mixin.py:188} INFO - [2025-11-02T10:50:26.367+0000] {dagbag.py:538} INFO - Filling up the DagBag from /opt/airflow/dags/pg_dbt.py
[2025-11-02T10:50:26.405+0000] {processor.py:840} INFO - DAG(s) 'scheduled_dbt_pg_daily' retrieved from /opt/airflow/dags/pg_dbt.py
[2025-11-02T10:50:26.463+0000] {logging_mixin.py:188} INFO - [2025-11-02T10:50:26.462+0000] {dag.py:3036} INFO - Sync 1 DAGs
[2025-11-02T10:50:26.501+0000] {logging_mixin.py:188} INFO - [2025-11-02T10:50:26.501+0000] {dag.py:3823} INFO - Setting next_dagrun for scheduled_dbt_pg_daily to None, run_after=None
[2025-11-02T10:50:26.654+0000] {processor.py:183} INFO - Processing /opt/airflow/dags/pg_dbt.py took 0.299 seconds
[2025-11-02T10:51:00.652+0000] {processor.py:161} INFO - Started process (PID=693) to work on /opt/airflow/dags/pg_dbt.py
[2025-11-02T10:51:00.662+0000] {processor.py:830} INFO - Processing file /opt/airflow/dags/pg_dbt.py for tasks to queue
[2025-11-02T10:51:00.665+0000] {logging_mixin.py:188} INFO - [2025-11-02T10:51:00.664+0000] {dagbag.py:538} INFO - Filling up the DagBag from /opt/airflow/dags/pg_dbt.py
[2025-11-02T10:51:00.779+0000] {processor.py:840} INFO - DAG(s) 'scheduled_dbt_pg_daily' retrieved from /opt/airflow/dags/pg_dbt.py
[2025-11-02T10:51:02.145+0000] {logging_mixin.py:188} INFO - [2025-11-02T10:51:02.135+0000] {dag.py:3036} INFO - Sync 1 DAGs
[2025-11-02T10:51:02.381+0000] {logging_mixin.py:188} INFO - [2025-11-02T10:51:02.380+0000] {dag.py:3823} INFO - Setting next_dagrun for scheduled_dbt_pg_daily to None, run_after=None
[2025-11-02T10:51:02.609+0000] {processor.py:183} INFO - Processing /opt/airflow/dags/pg_dbt.py took 1.975 seconds
[2025-11-02T10:51:32.845+0000] {processor.py:161} INFO - Started process (PID=705) to work on /opt/airflow/dags/pg_dbt.py
[2025-11-02T10:51:32.848+0000] {processor.py:830} INFO - Processing file /opt/airflow/dags/pg_dbt.py for tasks to queue
[2025-11-02T10:51:32.850+0000] {logging_mixin.py:188} INFO - [2025-11-02T10:51:32.849+0000] {dagbag.py:538} INFO - Filling up the DagBag from /opt/airflow/dags/pg_dbt.py
[2025-11-02T10:51:32.890+0000] {processor.py:840} INFO - DAG(s) 'scheduled_dbt_pg_daily' retrieved from /opt/airflow/dags/pg_dbt.py
[2025-11-02T10:51:32.985+0000] {logging_mixin.py:188} INFO - [2025-11-02T10:51:32.985+0000] {dag.py:3036} INFO - Sync 1 DAGs
[2025-11-02T10:51:33.159+0000] {logging_mixin.py:188} INFO - [2025-11-02T10:51:33.159+0000] {dag.py:3823} INFO - Setting next_dagrun for scheduled_dbt_pg_daily to None, run_after=None
[2025-11-02T10:51:33.461+0000] {processor.py:183} INFO - Processing /opt/airflow/dags/pg_dbt.py took 0.623 seconds
[2025-11-02T10:52:06.444+0000] {processor.py:161} INFO - Started process (PID=716) to work on /opt/airflow/dags/pg_dbt.py
[2025-11-02T10:52:06.446+0000] {processor.py:830} INFO - Processing file /opt/airflow/dags/pg_dbt.py for tasks to queue
[2025-11-02T10:52:06.448+0000] {logging_mixin.py:188} INFO - [2025-11-02T10:52:06.447+0000] {dagbag.py:538} INFO - Filling up the DagBag from /opt/airflow/dags/pg_dbt.py
[2025-11-02T10:52:06.478+0000] {processor.py:840} INFO - DAG(s) 'scheduled_dbt_pg_daily' retrieved from /opt/airflow/dags/pg_dbt.py
[2025-11-02T10:52:06.625+0000] {logging_mixin.py:188} INFO - [2025-11-02T10:52:06.617+0000] {dag.py:3036} INFO - Sync 1 DAGs
[2025-11-02T10:52:06.673+0000] {logging_mixin.py:188} INFO - [2025-11-02T10:52:06.672+0000] {dag.py:3823} INFO - Setting next_dagrun for scheduled_dbt_pg_daily to None, run_after=None
[2025-11-02T10:52:06.736+0000] {processor.py:183} INFO - Processing /opt/airflow/dags/pg_dbt.py took 0.300 seconds
[2025-11-02T10:52:39.890+0000] {processor.py:161} INFO - Started process (PID=728) to work on /opt/airflow/dags/pg_dbt.py
[2025-11-02T10:52:39.903+0000] {processor.py:830} INFO - Processing file /opt/airflow/dags/pg_dbt.py for tasks to queue
[2025-11-02T10:52:39.907+0000] {logging_mixin.py:188} INFO - [2025-11-02T10:52:39.906+0000] {dagbag.py:538} INFO - Filling up the DagBag from /opt/airflow/dags/pg_dbt.py
[2025-11-02T10:52:40.008+0000] {processor.py:840} INFO - DAG(s) 'scheduled_dbt_pg_daily' retrieved from /opt/airflow/dags/pg_dbt.py
[2025-11-02T10:52:40.185+0000] {logging_mixin.py:188} INFO - [2025-11-02T10:52:40.185+0000] {dag.py:3036} INFO - Sync 1 DAGs
[2025-11-02T10:52:40.289+0000] {logging_mixin.py:188} INFO - [2025-11-02T10:52:40.288+0000] {dag.py:3823} INFO - Setting next_dagrun for scheduled_dbt_pg_daily to None, run_after=None
[2025-11-02T10:52:40.452+0000] {processor.py:183} INFO - Processing /opt/airflow/dags/pg_dbt.py took 0.581 seconds
[2025-11-02T10:53:13.683+0000] {processor.py:161} INFO - Started process (PID=740) to work on /opt/airflow/dags/pg_dbt.py
[2025-11-02T10:53:13.686+0000] {processor.py:830} INFO - Processing file /opt/airflow/dags/pg_dbt.py for tasks to queue
[2025-11-02T10:53:13.688+0000] {logging_mixin.py:188} INFO - [2025-11-02T10:53:13.687+0000] {dagbag.py:538} INFO - Filling up the DagBag from /opt/airflow/dags/pg_dbt.py
[2025-11-02T10:53:13.720+0000] {processor.py:840} INFO - DAG(s) 'scheduled_dbt_pg_daily' retrieved from /opt/airflow/dags/pg_dbt.py
[2025-11-02T10:53:14.083+0000] {logging_mixin.py:188} INFO - [2025-11-02T10:53:14.082+0000] {dag.py:3036} INFO - Sync 1 DAGs
[2025-11-02T10:53:14.124+0000] {logging_mixin.py:188} INFO - [2025-11-02T10:53:14.124+0000] {dag.py:3823} INFO - Setting next_dagrun for scheduled_dbt_pg_daily to None, run_after=None
[2025-11-02T10:53:14.413+0000] {processor.py:183} INFO - Processing /opt/airflow/dags/pg_dbt.py took 0.738 seconds
[2025-11-02T10:53:47.066+0000] {processor.py:161} INFO - Started process (PID=752) to work on /opt/airflow/dags/pg_dbt.py
[2025-11-02T10:53:47.069+0000] {processor.py:830} INFO - Processing file /opt/airflow/dags/pg_dbt.py for tasks to queue
[2025-11-02T10:53:47.072+0000] {logging_mixin.py:188} INFO - [2025-11-02T10:53:47.071+0000] {dagbag.py:538} INFO - Filling up the DagBag from /opt/airflow/dags/pg_dbt.py
[2025-11-02T10:53:47.163+0000] {processor.py:840} INFO - DAG(s) 'scheduled_dbt_pg_daily' retrieved from /opt/airflow/dags/pg_dbt.py
[2025-11-02T10:53:47.311+0000] {logging_mixin.py:188} INFO - [2025-11-02T10:53:47.311+0000] {dag.py:3036} INFO - Sync 1 DAGs
[2025-11-02T10:53:47.373+0000] {logging_mixin.py:188} INFO - [2025-11-02T10:53:47.373+0000] {dag.py:3823} INFO - Setting next_dagrun for scheduled_dbt_pg_daily to None, run_after=None
[2025-11-02T10:53:47.518+0000] {processor.py:183} INFO - Processing /opt/airflow/dags/pg_dbt.py took 0.465 seconds
[2025-11-02T10:54:19.524+0000] {processor.py:161} INFO - Started process (PID=764) to work on /opt/airflow/dags/pg_dbt.py
[2025-11-02T10:54:19.527+0000] {processor.py:830} INFO - Processing file /opt/airflow/dags/pg_dbt.py for tasks to queue
[2025-11-02T10:54:19.532+0000] {logging_mixin.py:188} INFO - [2025-11-02T10:54:19.530+0000] {dagbag.py:538} INFO - Filling up the DagBag from /opt/airflow/dags/pg_dbt.py
[2025-11-02T10:54:19.582+0000] {processor.py:840} INFO - DAG(s) 'scheduled_dbt_pg_daily' retrieved from /opt/airflow/dags/pg_dbt.py
[2025-11-02T10:54:19.797+0000] {logging_mixin.py:188} INFO - [2025-11-02T10:54:19.797+0000] {dag.py:3036} INFO - Sync 1 DAGs
[2025-11-02T10:54:19.845+0000] {logging_mixin.py:188} INFO - [2025-11-02T10:54:19.844+0000] {dag.py:3823} INFO - Setting next_dagrun for scheduled_dbt_pg_daily to None, run_after=None
[2025-11-02T10:54:19.930+0000] {processor.py:183} INFO - Processing /opt/airflow/dags/pg_dbt.py took 0.419 seconds
[2025-11-02T10:54:53.258+0000] {processor.py:161} INFO - Started process (PID=776) to work on /opt/airflow/dags/pg_dbt.py
[2025-11-02T10:54:53.307+0000] {processor.py:830} INFO - Processing file /opt/airflow/dags/pg_dbt.py for tasks to queue
[2025-11-02T10:54:53.310+0000] {logging_mixin.py:188} INFO - [2025-11-02T10:54:53.309+0000] {dagbag.py:538} INFO - Filling up the DagBag from /opt/airflow/dags/pg_dbt.py
[2025-11-02T10:54:53.403+0000] {processor.py:840} INFO - DAG(s) 'scheduled_dbt_pg_daily' retrieved from /opt/airflow/dags/pg_dbt.py
[2025-11-02T10:54:53.529+0000] {logging_mixin.py:188} INFO - [2025-11-02T10:54:53.529+0000] {dag.py:3036} INFO - Sync 1 DAGs
[2025-11-02T10:54:53.602+0000] {logging_mixin.py:188} INFO - [2025-11-02T10:54:53.599+0000] {dag.py:3823} INFO - Setting next_dagrun for scheduled_dbt_pg_daily to None, run_after=None
[2025-11-02T10:54:53.751+0000] {processor.py:183} INFO - Processing /opt/airflow/dags/pg_dbt.py took 0.503 seconds
[2025-11-02T10:55:27.067+0000] {processor.py:161} INFO - Started process (PID=787) to work on /opt/airflow/dags/pg_dbt.py
[2025-11-02T10:55:27.070+0000] {processor.py:830} INFO - Processing file /opt/airflow/dags/pg_dbt.py for tasks to queue
[2025-11-02T10:55:27.072+0000] {logging_mixin.py:188} INFO - [2025-11-02T10:55:27.071+0000] {dagbag.py:538} INFO - Filling up the DagBag from /opt/airflow/dags/pg_dbt.py
[2025-11-02T10:55:27.107+0000] {processor.py:840} INFO - DAG(s) 'scheduled_dbt_pg_daily' retrieved from /opt/airflow/dags/pg_dbt.py
[2025-11-02T10:55:27.158+0000] {logging_mixin.py:188} INFO - [2025-11-02T10:55:27.158+0000] {dag.py:3036} INFO - Sync 1 DAGs
[2025-11-02T10:55:27.221+0000] {logging_mixin.py:188} INFO - [2025-11-02T10:55:27.221+0000] {dag.py:3823} INFO - Setting next_dagrun for scheduled_dbt_pg_daily to None, run_after=None
[2025-11-02T10:55:27.277+0000] {processor.py:183} INFO - Processing /opt/airflow/dags/pg_dbt.py took 0.217 seconds
[2025-11-02T10:55:59.853+0000] {processor.py:161} INFO - Started process (PID=799) to work on /opt/airflow/dags/pg_dbt.py
[2025-11-02T10:55:59.855+0000] {processor.py:830} INFO - Processing file /opt/airflow/dags/pg_dbt.py for tasks to queue
[2025-11-02T10:55:59.857+0000] {logging_mixin.py:188} INFO - [2025-11-02T10:55:59.856+0000] {dagbag.py:538} INFO - Filling up the DagBag from /opt/airflow/dags/pg_dbt.py
[2025-11-02T10:55:59.894+0000] {processor.py:840} INFO - DAG(s) 'scheduled_dbt_pg_daily' retrieved from /opt/airflow/dags/pg_dbt.py
[2025-11-02T10:56:00.125+0000] {logging_mixin.py:188} INFO - [2025-11-02T10:56:00.124+0000] {dag.py:3036} INFO - Sync 1 DAGs
[2025-11-02T10:56:00.366+0000] {logging_mixin.py:188} INFO - [2025-11-02T10:56:00.365+0000] {dag.py:3823} INFO - Setting next_dagrun for scheduled_dbt_pg_daily to None, run_after=None
[2025-11-02T10:56:00.457+0000] {processor.py:183} INFO - Processing /opt/airflow/dags/pg_dbt.py took 0.610 seconds
[2025-11-02T10:56:34.095+0000] {processor.py:161} INFO - Started process (PID=811) to work on /opt/airflow/dags/pg_dbt.py
[2025-11-02T10:56:34.098+0000] {processor.py:830} INFO - Processing file /opt/airflow/dags/pg_dbt.py for tasks to queue
[2025-11-02T10:56:34.100+0000] {logging_mixin.py:188} INFO - [2025-11-02T10:56:34.099+0000] {dagbag.py:538} INFO - Filling up the DagBag from /opt/airflow/dags/pg_dbt.py
[2025-11-02T10:56:34.138+0000] {processor.py:840} INFO - DAG(s) 'scheduled_dbt_pg_daily' retrieved from /opt/airflow/dags/pg_dbt.py
[2025-11-02T10:56:34.201+0000] {logging_mixin.py:188} INFO - [2025-11-02T10:56:34.201+0000] {dag.py:3036} INFO - Sync 1 DAGs
[2025-11-02T10:56:34.248+0000] {logging_mixin.py:188} INFO - [2025-11-02T10:56:34.247+0000] {dag.py:3823} INFO - Setting next_dagrun for scheduled_dbt_pg_daily to None, run_after=None
[2025-11-02T10:56:34.295+0000] {processor.py:183} INFO - Processing /opt/airflow/dags/pg_dbt.py took 0.208 seconds
[2025-11-02T10:57:07.268+0000] {processor.py:161} INFO - Started process (PID=823) to work on /opt/airflow/dags/pg_dbt.py
[2025-11-02T10:57:07.272+0000] {processor.py:830} INFO - Processing file /opt/airflow/dags/pg_dbt.py for tasks to queue
[2025-11-02T10:57:07.274+0000] {logging_mixin.py:188} INFO - [2025-11-02T10:57:07.274+0000] {dagbag.py:538} INFO - Filling up the DagBag from /opt/airflow/dags/pg_dbt.py
[2025-11-02T10:57:07.344+0000] {processor.py:840} INFO - DAG(s) 'scheduled_dbt_pg_daily' retrieved from /opt/airflow/dags/pg_dbt.py
[2025-11-02T10:57:07.420+0000] {logging_mixin.py:188} INFO - [2025-11-02T10:57:07.419+0000] {dag.py:3036} INFO - Sync 1 DAGs
[2025-11-02T10:57:07.472+0000] {logging_mixin.py:188} INFO - [2025-11-02T10:57:07.469+0000] {dag.py:3823} INFO - Setting next_dagrun for scheduled_dbt_pg_daily to None, run_after=None
[2025-11-02T10:57:07.531+0000] {processor.py:183} INFO - Processing /opt/airflow/dags/pg_dbt.py took 0.277 seconds
[2025-11-02T10:57:41.463+0000] {processor.py:161} INFO - Started process (PID=835) to work on /opt/airflow/dags/pg_dbt.py
[2025-11-02T10:57:41.506+0000] {processor.py:830} INFO - Processing file /opt/airflow/dags/pg_dbt.py for tasks to queue
[2025-11-02T10:57:41.544+0000] {logging_mixin.py:188} INFO - [2025-11-02T10:57:41.543+0000] {dagbag.py:538} INFO - Filling up the DagBag from /opt/airflow/dags/pg_dbt.py
[2025-11-02T10:57:41.979+0000] {processor.py:840} INFO - DAG(s) 'scheduled_dbt_pg_daily' retrieved from /opt/airflow/dags/pg_dbt.py
[2025-11-02T10:57:42.319+0000] {logging_mixin.py:188} INFO - [2025-11-02T10:57:42.319+0000] {dag.py:3036} INFO - Sync 1 DAGs
[2025-11-02T10:57:42.482+0000] {logging_mixin.py:188} INFO - [2025-11-02T10:57:42.482+0000] {dag.py:3823} INFO - Setting next_dagrun for scheduled_dbt_pg_daily to None, run_after=None
[2025-11-02T10:57:42.698+0000] {processor.py:183} INFO - Processing /opt/airflow/dags/pg_dbt.py took 1.254 seconds
[2025-11-02T10:58:15.870+0000] {processor.py:161} INFO - Started process (PID=847) to work on /opt/airflow/dags/pg_dbt.py
[2025-11-02T10:58:15.906+0000] {processor.py:830} INFO - Processing file /opt/airflow/dags/pg_dbt.py for tasks to queue
[2025-11-02T10:58:15.939+0000] {logging_mixin.py:188} INFO - [2025-11-02T10:58:15.938+0000] {dagbag.py:538} INFO - Filling up the DagBag from /opt/airflow/dags/pg_dbt.py
[2025-11-02T10:58:16.594+0000] {processor.py:840} INFO - DAG(s) 'scheduled_dbt_pg_daily' retrieved from /opt/airflow/dags/pg_dbt.py
[2025-11-02T10:58:16.832+0000] {logging_mixin.py:188} INFO - [2025-11-02T10:58:16.832+0000] {dag.py:3036} INFO - Sync 1 DAGs
[2025-11-02T10:58:17.050+0000] {logging_mixin.py:188} INFO - [2025-11-02T10:58:17.049+0000] {dag.py:3823} INFO - Setting next_dagrun for scheduled_dbt_pg_daily to None, run_after=None
[2025-11-02T10:58:17.383+0000] {processor.py:183} INFO - Processing /opt/airflow/dags/pg_dbt.py took 1.531 seconds
[2025-11-02T10:58:48.754+0000] {processor.py:161} INFO - Started process (PID=859) to work on /opt/airflow/dags/pg_dbt.py
[2025-11-02T10:58:48.766+0000] {processor.py:830} INFO - Processing file /opt/airflow/dags/pg_dbt.py for tasks to queue
[2025-11-02T10:58:48.772+0000] {logging_mixin.py:188} INFO - [2025-11-02T10:58:48.771+0000] {dagbag.py:538} INFO - Filling up the DagBag from /opt/airflow/dags/pg_dbt.py
[2025-11-02T10:58:48.886+0000] {processor.py:840} INFO - DAG(s) 'scheduled_dbt_pg_daily' retrieved from /opt/airflow/dags/pg_dbt.py
[2025-11-02T10:58:49.111+0000] {logging_mixin.py:188} INFO - [2025-11-02T10:58:49.111+0000] {dag.py:3036} INFO - Sync 1 DAGs
[2025-11-02T10:58:49.324+0000] {logging_mixin.py:188} INFO - [2025-11-02T10:58:49.324+0000] {dag.py:3823} INFO - Setting next_dagrun for scheduled_dbt_pg_daily to None, run_after=None
[2025-11-02T10:58:49.704+0000] {processor.py:183} INFO - Processing /opt/airflow/dags/pg_dbt.py took 0.959 seconds
[2025-11-02T10:59:21.388+0000] {processor.py:161} INFO - Started process (PID=871) to work on /opt/airflow/dags/pg_dbt.py
[2025-11-02T10:59:21.393+0000] {processor.py:830} INFO - Processing file /opt/airflow/dags/pg_dbt.py for tasks to queue
[2025-11-02T10:59:21.402+0000] {logging_mixin.py:188} INFO - [2025-11-02T10:59:21.401+0000] {dagbag.py:538} INFO - Filling up the DagBag from /opt/airflow/dags/pg_dbt.py
[2025-11-02T10:59:21.449+0000] {processor.py:840} INFO - DAG(s) 'scheduled_dbt_pg_daily' retrieved from /opt/airflow/dags/pg_dbt.py
[2025-11-02T10:59:21.657+0000] {logging_mixin.py:188} INFO - [2025-11-02T10:59:21.657+0000] {dag.py:3036} INFO - Sync 1 DAGs
[2025-11-02T10:59:21.858+0000] {logging_mixin.py:188} INFO - [2025-11-02T10:59:21.857+0000] {dag.py:3823} INFO - Setting next_dagrun for scheduled_dbt_pg_daily to None, run_after=None
[2025-11-02T10:59:22.004+0000] {processor.py:183} INFO - Processing /opt/airflow/dags/pg_dbt.py took 0.646 seconds
[2025-11-02T10:59:53.865+0000] {processor.py:161} INFO - Started process (PID=883) to work on /opt/airflow/dags/pg_dbt.py
[2025-11-02T10:59:53.871+0000] {processor.py:830} INFO - Processing file /opt/airflow/dags/pg_dbt.py for tasks to queue
[2025-11-02T10:59:53.875+0000] {logging_mixin.py:188} INFO - [2025-11-02T10:59:53.874+0000] {dagbag.py:538} INFO - Filling up the DagBag from /opt/airflow/dags/pg_dbt.py
[2025-11-02T10:59:53.931+0000] {processor.py:840} INFO - DAG(s) 'scheduled_dbt_pg_daily' retrieved from /opt/airflow/dags/pg_dbt.py
[2025-11-02T10:59:54.090+0000] {logging_mixin.py:188} INFO - [2025-11-02T10:59:54.089+0000] {dag.py:3036} INFO - Sync 1 DAGs
[2025-11-02T10:59:54.151+0000] {logging_mixin.py:188} INFO - [2025-11-02T10:59:54.151+0000] {dag.py:3823} INFO - Setting next_dagrun for scheduled_dbt_pg_daily to None, run_after=None
[2025-11-02T10:59:54.257+0000] {processor.py:183} INFO - Processing /opt/airflow/dags/pg_dbt.py took 0.408 seconds
[2025-11-02T11:00:26.948+0000] {processor.py:161} INFO - Started process (PID=896) to work on /opt/airflow/dags/pg_dbt.py
[2025-11-02T11:00:26.951+0000] {processor.py:830} INFO - Processing file /opt/airflow/dags/pg_dbt.py for tasks to queue
[2025-11-02T11:00:26.954+0000] {logging_mixin.py:188} INFO - [2025-11-02T11:00:26.953+0000] {dagbag.py:538} INFO - Filling up the DagBag from /opt/airflow/dags/pg_dbt.py
[2025-11-02T11:00:26.994+0000] {processor.py:840} INFO - DAG(s) 'scheduled_dbt_pg_daily' retrieved from /opt/airflow/dags/pg_dbt.py
[2025-11-02T11:00:27.063+0000] {logging_mixin.py:188} INFO - [2025-11-02T11:00:27.062+0000] {dag.py:3036} INFO - Sync 1 DAGs
[2025-11-02T11:00:27.107+0000] {logging_mixin.py:188} INFO - [2025-11-02T11:00:27.107+0000] {dag.py:3823} INFO - Setting next_dagrun for scheduled_dbt_pg_daily to None, run_after=None
[2025-11-02T11:00:27.311+0000] {processor.py:183} INFO - Processing /opt/airflow/dags/pg_dbt.py took 0.372 seconds
[2025-11-02T11:00:59.928+0000] {processor.py:161} INFO - Started process (PID=908) to work on /opt/airflow/dags/pg_dbt.py
[2025-11-02T11:00:59.930+0000] {processor.py:830} INFO - Processing file /opt/airflow/dags/pg_dbt.py for tasks to queue
[2025-11-02T11:00:59.932+0000] {logging_mixin.py:188} INFO - [2025-11-02T11:00:59.931+0000] {dagbag.py:538} INFO - Filling up the DagBag from /opt/airflow/dags/pg_dbt.py
[2025-11-02T11:00:59.967+0000] {processor.py:840} INFO - DAG(s) 'scheduled_dbt_pg_daily' retrieved from /opt/airflow/dags/pg_dbt.py
[2025-11-02T11:01:00.017+0000] {logging_mixin.py:188} INFO - [2025-11-02T11:01:00.016+0000] {dag.py:3036} INFO - Sync 1 DAGs
[2025-11-02T11:01:00.055+0000] {logging_mixin.py:188} INFO - [2025-11-02T11:01:00.054+0000] {dag.py:3823} INFO - Setting next_dagrun for scheduled_dbt_pg_daily to None, run_after=None
[2025-11-02T11:01:00.358+0000] {processor.py:183} INFO - Processing /opt/airflow/dags/pg_dbt.py took 0.437 seconds
[2025-11-02T11:01:33.873+0000] {processor.py:161} INFO - Started process (PID=920) to work on /opt/airflow/dags/pg_dbt.py
[2025-11-02T11:01:33.875+0000] {processor.py:830} INFO - Processing file /opt/airflow/dags/pg_dbt.py for tasks to queue
[2025-11-02T11:01:33.877+0000] {logging_mixin.py:188} INFO - [2025-11-02T11:01:33.876+0000] {dagbag.py:538} INFO - Filling up the DagBag from /opt/airflow/dags/pg_dbt.py
[2025-11-02T11:01:33.908+0000] {processor.py:840} INFO - DAG(s) 'scheduled_dbt_pg_daily' retrieved from /opt/airflow/dags/pg_dbt.py
[2025-11-02T11:01:33.952+0000] {logging_mixin.py:188} INFO - [2025-11-02T11:01:33.951+0000] {dag.py:3036} INFO - Sync 1 DAGs
[2025-11-02T11:01:33.990+0000] {logging_mixin.py:188} INFO - [2025-11-02T11:01:33.990+0000] {dag.py:3823} INFO - Setting next_dagrun for scheduled_dbt_pg_daily to None, run_after=None
[2025-11-02T11:01:34.129+0000] {processor.py:183} INFO - Processing /opt/airflow/dags/pg_dbt.py took 0.262 seconds
[2025-11-02T11:02:07.410+0000] {processor.py:161} INFO - Started process (PID=932) to work on /opt/airflow/dags/pg_dbt.py
[2025-11-02T11:02:07.414+0000] {processor.py:830} INFO - Processing file /opt/airflow/dags/pg_dbt.py for tasks to queue
[2025-11-02T11:02:07.416+0000] {logging_mixin.py:188} INFO - [2025-11-02T11:02:07.415+0000] {dagbag.py:538} INFO - Filling up the DagBag from /opt/airflow/dags/pg_dbt.py
[2025-11-02T11:02:07.451+0000] {processor.py:840} INFO - DAG(s) 'scheduled_dbt_pg_daily' retrieved from /opt/airflow/dags/pg_dbt.py
[2025-11-02T11:02:07.500+0000] {logging_mixin.py:188} INFO - [2025-11-02T11:02:07.500+0000] {dag.py:3036} INFO - Sync 1 DAGs
[2025-11-02T11:02:07.535+0000] {logging_mixin.py:188} INFO - [2025-11-02T11:02:07.535+0000] {dag.py:3823} INFO - Setting next_dagrun for scheduled_dbt_pg_daily to None, run_after=None
[2025-11-02T11:02:07.579+0000] {processor.py:183} INFO - Processing /opt/airflow/dags/pg_dbt.py took 0.181 seconds
[2025-11-02T11:02:40.013+0000] {processor.py:161} INFO - Started process (PID=944) to work on /opt/airflow/dags/pg_dbt.py
[2025-11-02T11:02:40.017+0000] {processor.py:830} INFO - Processing file /opt/airflow/dags/pg_dbt.py for tasks to queue
[2025-11-02T11:02:40.028+0000] {logging_mixin.py:188} INFO - [2025-11-02T11:02:40.024+0000] {dagbag.py:538} INFO - Filling up the DagBag from /opt/airflow/dags/pg_dbt.py
[2025-11-02T11:02:40.081+0000] {processor.py:840} INFO - DAG(s) 'scheduled_dbt_pg_daily' retrieved from /opt/airflow/dags/pg_dbt.py
[2025-11-02T11:02:40.184+0000] {logging_mixin.py:188} INFO - [2025-11-02T11:02:40.183+0000] {dag.py:3036} INFO - Sync 1 DAGs
[2025-11-02T11:02:40.268+0000] {logging_mixin.py:188} INFO - [2025-11-02T11:02:40.268+0000] {dag.py:3823} INFO - Setting next_dagrun for scheduled_dbt_pg_daily to None, run_after=None
[2025-11-02T11:02:40.345+0000] {processor.py:183} INFO - Processing /opt/airflow/dags/pg_dbt.py took 0.353 seconds
[2025-11-02T11:03:13.483+0000] {processor.py:161} INFO - Started process (PID=956) to work on /opt/airflow/dags/pg_dbt.py
[2025-11-02T11:03:13.488+0000] {processor.py:830} INFO - Processing file /opt/airflow/dags/pg_dbt.py for tasks to queue
[2025-11-02T11:03:13.491+0000] {logging_mixin.py:188} INFO - [2025-11-02T11:03:13.490+0000] {dagbag.py:538} INFO - Filling up the DagBag from /opt/airflow/dags/pg_dbt.py
[2025-11-02T11:03:13.541+0000] {processor.py:840} INFO - DAG(s) 'scheduled_dbt_pg_daily' retrieved from /opt/airflow/dags/pg_dbt.py
[2025-11-02T11:03:13.656+0000] {logging_mixin.py:188} INFO - [2025-11-02T11:03:13.655+0000] {dag.py:3036} INFO - Sync 1 DAGs
[2025-11-02T11:03:13.756+0000] {logging_mixin.py:188} INFO - [2025-11-02T11:03:13.756+0000] {dag.py:3823} INFO - Setting next_dagrun for scheduled_dbt_pg_daily to None, run_after=None
[2025-11-02T11:03:13.811+0000] {processor.py:183} INFO - Processing /opt/airflow/dags/pg_dbt.py took 0.349 seconds
[2025-11-02T11:03:47.283+0000] {processor.py:161} INFO - Started process (PID=968) to work on /opt/airflow/dags/pg_dbt.py
[2025-11-02T11:03:47.285+0000] {processor.py:830} INFO - Processing file /opt/airflow/dags/pg_dbt.py for tasks to queue
[2025-11-02T11:03:47.288+0000] {logging_mixin.py:188} INFO - [2025-11-02T11:03:47.287+0000] {dagbag.py:538} INFO - Filling up the DagBag from /opt/airflow/dags/pg_dbt.py
[2025-11-02T11:03:47.321+0000] {processor.py:840} INFO - DAG(s) 'scheduled_dbt_pg_daily' retrieved from /opt/airflow/dags/pg_dbt.py
[2025-11-02T11:03:47.386+0000] {logging_mixin.py:188} INFO - [2025-11-02T11:03:47.385+0000] {dag.py:3036} INFO - Sync 1 DAGs
[2025-11-02T11:03:47.419+0000] {logging_mixin.py:188} INFO - [2025-11-02T11:03:47.419+0000] {dag.py:3823} INFO - Setting next_dagrun for scheduled_dbt_pg_daily to None, run_after=None
[2025-11-02T11:03:47.466+0000] {processor.py:183} INFO - Processing /opt/airflow/dags/pg_dbt.py took 0.193 seconds
[2025-11-02T11:04:20.546+0000] {processor.py:161} INFO - Started process (PID=980) to work on /opt/airflow/dags/pg_dbt.py
[2025-11-02T11:04:20.549+0000] {processor.py:830} INFO - Processing file /opt/airflow/dags/pg_dbt.py for tasks to queue
[2025-11-02T11:04:20.551+0000] {logging_mixin.py:188} INFO - [2025-11-02T11:04:20.550+0000] {dagbag.py:538} INFO - Filling up the DagBag from /opt/airflow/dags/pg_dbt.py
[2025-11-02T11:04:20.582+0000] {processor.py:840} INFO - DAG(s) 'scheduled_dbt_pg_daily' retrieved from /opt/airflow/dags/pg_dbt.py
[2025-11-02T11:04:20.628+0000] {logging_mixin.py:188} INFO - [2025-11-02T11:04:20.627+0000] {dag.py:3036} INFO - Sync 1 DAGs
[2025-11-02T11:04:20.662+0000] {logging_mixin.py:188} INFO - [2025-11-02T11:04:20.661+0000] {dag.py:3823} INFO - Setting next_dagrun for scheduled_dbt_pg_daily to None, run_after=None
[2025-11-02T11:04:20.715+0000] {processor.py:183} INFO - Processing /opt/airflow/dags/pg_dbt.py took 0.177 seconds
[2025-11-02T11:04:53.479+0000] {processor.py:161} INFO - Started process (PID=993) to work on /opt/airflow/dags/pg_dbt.py
[2025-11-02T11:04:53.481+0000] {processor.py:830} INFO - Processing file /opt/airflow/dags/pg_dbt.py for tasks to queue
[2025-11-02T11:04:53.484+0000] {logging_mixin.py:188} INFO - [2025-11-02T11:04:53.483+0000] {dagbag.py:538} INFO - Filling up the DagBag from /opt/airflow/dags/pg_dbt.py
[2025-11-02T11:04:53.526+0000] {processor.py:840} INFO - DAG(s) 'scheduled_dbt_pg_daily' retrieved from /opt/airflow/dags/pg_dbt.py
[2025-11-02T11:04:53.579+0000] {logging_mixin.py:188} INFO - [2025-11-02T11:04:53.579+0000] {dag.py:3036} INFO - Sync 1 DAGs
[2025-11-02T11:04:53.622+0000] {logging_mixin.py:188} INFO - [2025-11-02T11:04:53.621+0000] {dag.py:3823} INFO - Setting next_dagrun for scheduled_dbt_pg_daily to None, run_after=None
[2025-11-02T11:04:53.675+0000] {processor.py:183} INFO - Processing /opt/airflow/dags/pg_dbt.py took 0.208 seconds
[2025-11-02T11:05:27.990+0000] {processor.py:161} INFO - Started process (PID=1005) to work on /opt/airflow/dags/pg_dbt.py
[2025-11-02T11:05:27.997+0000] {processor.py:830} INFO - Processing file /opt/airflow/dags/pg_dbt.py for tasks to queue
[2025-11-02T11:05:28.000+0000] {logging_mixin.py:188} INFO - [2025-11-02T11:05:27.999+0000] {dagbag.py:538} INFO - Filling up the DagBag from /opt/airflow/dags/pg_dbt.py
[2025-11-02T11:05:28.066+0000] {processor.py:840} INFO - DAG(s) 'scheduled_dbt_pg_daily' retrieved from /opt/airflow/dags/pg_dbt.py
[2025-11-02T11:05:28.159+0000] {logging_mixin.py:188} INFO - [2025-11-02T11:05:28.159+0000] {dag.py:3036} INFO - Sync 1 DAGs
[2025-11-02T11:05:28.222+0000] {logging_mixin.py:188} INFO - [2025-11-02T11:05:28.222+0000] {dag.py:3823} INFO - Setting next_dagrun for scheduled_dbt_pg_daily to None, run_after=None
[2025-11-02T11:05:28.293+0000] {processor.py:183} INFO - Processing /opt/airflow/dags/pg_dbt.py took 0.320 seconds
[2025-11-02T11:06:00.450+0000] {processor.py:161} INFO - Started process (PID=1017) to work on /opt/airflow/dags/pg_dbt.py
[2025-11-02T11:06:00.452+0000] {processor.py:830} INFO - Processing file /opt/airflow/dags/pg_dbt.py for tasks to queue
[2025-11-02T11:06:00.454+0000] {logging_mixin.py:188} INFO - [2025-11-02T11:06:00.454+0000] {dagbag.py:538} INFO - Filling up the DagBag from /opt/airflow/dags/pg_dbt.py
[2025-11-02T11:06:00.484+0000] {processor.py:840} INFO - DAG(s) 'scheduled_dbt_pg_daily' retrieved from /opt/airflow/dags/pg_dbt.py
[2025-11-02T11:06:00.534+0000] {logging_mixin.py:188} INFO - [2025-11-02T11:06:00.534+0000] {dag.py:3036} INFO - Sync 1 DAGs
[2025-11-02T11:06:00.574+0000] {logging_mixin.py:188} INFO - [2025-11-02T11:06:00.574+0000] {dag.py:3823} INFO - Setting next_dagrun for scheduled_dbt_pg_daily to None, run_after=None
[2025-11-02T11:06:00.635+0000] {processor.py:183} INFO - Processing /opt/airflow/dags/pg_dbt.py took 0.194 seconds
[2025-11-02T11:06:33.402+0000] {processor.py:161} INFO - Started process (PID=1029) to work on /opt/airflow/dags/pg_dbt.py
[2025-11-02T11:06:33.406+0000] {processor.py:830} INFO - Processing file /opt/airflow/dags/pg_dbt.py for tasks to queue
[2025-11-02T11:06:33.409+0000] {logging_mixin.py:188} INFO - [2025-11-02T11:06:33.408+0000] {dagbag.py:538} INFO - Filling up the DagBag from /opt/airflow/dags/pg_dbt.py
[2025-11-02T11:06:33.449+0000] {processor.py:840} INFO - DAG(s) 'scheduled_dbt_pg_daily' retrieved from /opt/airflow/dags/pg_dbt.py
[2025-11-02T11:06:33.517+0000] {logging_mixin.py:188} INFO - [2025-11-02T11:06:33.517+0000] {dag.py:3036} INFO - Sync 1 DAGs
[2025-11-02T11:06:33.582+0000] {logging_mixin.py:188} INFO - [2025-11-02T11:06:33.581+0000] {dag.py:3823} INFO - Setting next_dagrun for scheduled_dbt_pg_daily to None, run_after=None
[2025-11-02T11:06:33.670+0000] {processor.py:183} INFO - Processing /opt/airflow/dags/pg_dbt.py took 0.276 seconds
[2025-11-02T11:07:06.822+0000] {processor.py:161} INFO - Started process (PID=1041) to work on /opt/airflow/dags/pg_dbt.py
[2025-11-02T11:07:06.827+0000] {processor.py:830} INFO - Processing file /opt/airflow/dags/pg_dbt.py for tasks to queue
[2025-11-02T11:07:06.833+0000] {logging_mixin.py:188} INFO - [2025-11-02T11:07:06.832+0000] {dagbag.py:538} INFO - Filling up the DagBag from /opt/airflow/dags/pg_dbt.py
[2025-11-02T11:07:06.890+0000] {processor.py:840} INFO - DAG(s) 'scheduled_dbt_pg_daily' retrieved from /opt/airflow/dags/pg_dbt.py
[2025-11-02T11:07:06.994+0000] {logging_mixin.py:188} INFO - [2025-11-02T11:07:06.994+0000] {dag.py:3036} INFO - Sync 1 DAGs
[2025-11-02T11:07:07.135+0000] {logging_mixin.py:188} INFO - [2025-11-02T11:07:07.134+0000] {dag.py:3823} INFO - Setting next_dagrun for scheduled_dbt_pg_daily to None, run_after=None
[2025-11-02T11:07:07.335+0000] {processor.py:183} INFO - Processing /opt/airflow/dags/pg_dbt.py took 0.521 seconds
[2025-11-02T11:07:40.360+0000] {processor.py:161} INFO - Started process (PID=1053) to work on /opt/airflow/dags/pg_dbt.py
[2025-11-02T11:07:40.364+0000] {processor.py:830} INFO - Processing file /opt/airflow/dags/pg_dbt.py for tasks to queue
[2025-11-02T11:07:40.374+0000] {logging_mixin.py:188} INFO - [2025-11-02T11:07:40.366+0000] {dagbag.py:538} INFO - Filling up the DagBag from /opt/airflow/dags/pg_dbt.py
[2025-11-02T11:07:40.438+0000] {processor.py:840} INFO - DAG(s) 'scheduled_dbt_pg_daily' retrieved from /opt/airflow/dags/pg_dbt.py
[2025-11-02T11:07:40.614+0000] {logging_mixin.py:188} INFO - [2025-11-02T11:07:40.614+0000] {dag.py:3036} INFO - Sync 1 DAGs
[2025-11-02T11:07:40.784+0000] {logging_mixin.py:188} INFO - [2025-11-02T11:07:40.784+0000] {dag.py:3823} INFO - Setting next_dagrun for scheduled_dbt_pg_daily to None, run_after=None
[2025-11-02T11:07:40.915+0000] {processor.py:183} INFO - Processing /opt/airflow/dags/pg_dbt.py took 0.583 seconds
[2025-11-02T11:08:13.511+0000] {processor.py:161} INFO - Started process (PID=1065) to work on /opt/airflow/dags/pg_dbt.py
[2025-11-02T11:08:13.543+0000] {processor.py:830} INFO - Processing file /opt/airflow/dags/pg_dbt.py for tasks to queue
[2025-11-02T11:08:13.547+0000] {logging_mixin.py:188} INFO - [2025-11-02T11:08:13.546+0000] {dagbag.py:538} INFO - Filling up the DagBag from /opt/airflow/dags/pg_dbt.py
[2025-11-02T11:08:13.666+0000] {processor.py:840} INFO - DAG(s) 'scheduled_dbt_pg_daily' retrieved from /opt/airflow/dags/pg_dbt.py
[2025-11-02T11:08:13.852+0000] {logging_mixin.py:188} INFO - [2025-11-02T11:08:13.851+0000] {dag.py:3036} INFO - Sync 1 DAGs
[2025-11-02T11:08:13.965+0000] {logging_mixin.py:188} INFO - [2025-11-02T11:08:13.964+0000] {dag.py:3823} INFO - Setting next_dagrun for scheduled_dbt_pg_daily to None, run_after=None
[2025-11-02T11:08:14.202+0000] {processor.py:183} INFO - Processing /opt/airflow/dags/pg_dbt.py took 0.697 seconds
[2025-11-02T11:08:47.136+0000] {processor.py:161} INFO - Started process (PID=1077) to work on /opt/airflow/dags/pg_dbt.py
[2025-11-02T11:08:47.140+0000] {processor.py:830} INFO - Processing file /opt/airflow/dags/pg_dbt.py for tasks to queue
[2025-11-02T11:08:47.146+0000] {logging_mixin.py:188} INFO - [2025-11-02T11:08:47.145+0000] {dagbag.py:538} INFO - Filling up the DagBag from /opt/airflow/dags/pg_dbt.py
[2025-11-02T11:08:47.200+0000] {processor.py:840} INFO - DAG(s) 'scheduled_dbt_pg_daily' retrieved from /opt/airflow/dags/pg_dbt.py
[2025-11-02T11:08:47.350+0000] {logging_mixin.py:188} INFO - [2025-11-02T11:08:47.350+0000] {dag.py:3036} INFO - Sync 1 DAGs
[2025-11-02T11:08:47.427+0000] {logging_mixin.py:188} INFO - [2025-11-02T11:08:47.426+0000] {dag.py:3823} INFO - Setting next_dagrun for scheduled_dbt_pg_daily to None, run_after=None
[2025-11-02T11:08:47.558+0000] {processor.py:183} INFO - Processing /opt/airflow/dags/pg_dbt.py took 0.443 seconds
[2025-11-02T11:09:20.352+0000] {processor.py:161} INFO - Started process (PID=1089) to work on /opt/airflow/dags/pg_dbt.py
[2025-11-02T11:09:20.355+0000] {processor.py:830} INFO - Processing file /opt/airflow/dags/pg_dbt.py for tasks to queue
[2025-11-02T11:09:20.360+0000] {logging_mixin.py:188} INFO - [2025-11-02T11:09:20.360+0000] {dagbag.py:538} INFO - Filling up the DagBag from /opt/airflow/dags/pg_dbt.py
[2025-11-02T11:09:20.443+0000] {processor.py:840} INFO - DAG(s) 'scheduled_dbt_pg_daily' retrieved from /opt/airflow/dags/pg_dbt.py
[2025-11-02T11:09:20.660+0000] {logging_mixin.py:188} INFO - [2025-11-02T11:09:20.660+0000] {dag.py:3036} INFO - Sync 1 DAGs
[2025-11-02T11:09:20.880+0000] {logging_mixin.py:188} INFO - [2025-11-02T11:09:20.880+0000] {dag.py:3823} INFO - Setting next_dagrun for scheduled_dbt_pg_daily to None, run_after=None
[2025-11-02T11:09:21.165+0000] {processor.py:183} INFO - Processing /opt/airflow/dags/pg_dbt.py took 0.824 seconds
[2025-11-02T11:09:53.933+0000] {processor.py:161} INFO - Started process (PID=1101) to work on /opt/airflow/dags/pg_dbt.py
[2025-11-02T11:09:53.936+0000] {processor.py:830} INFO - Processing file /opt/airflow/dags/pg_dbt.py for tasks to queue
[2025-11-02T11:09:53.938+0000] {logging_mixin.py:188} INFO - [2025-11-02T11:09:53.937+0000] {dagbag.py:538} INFO - Filling up the DagBag from /opt/airflow/dags/pg_dbt.py
[2025-11-02T11:09:53.981+0000] {processor.py:840} INFO - DAG(s) 'scheduled_dbt_pg_daily' retrieved from /opt/airflow/dags/pg_dbt.py
[2025-11-02T11:09:54.027+0000] {logging_mixin.py:188} INFO - [2025-11-02T11:09:54.027+0000] {dag.py:3036} INFO - Sync 1 DAGs
[2025-11-02T11:09:54.067+0000] {logging_mixin.py:188} INFO - [2025-11-02T11:09:54.067+0000] {dag.py:3823} INFO - Setting next_dagrun for scheduled_dbt_pg_daily to None, run_after=None
[2025-11-02T11:09:54.465+0000] {processor.py:183} INFO - Processing /opt/airflow/dags/pg_dbt.py took 0.541 seconds
[2025-11-02T11:10:27.673+0000] {processor.py:161} INFO - Started process (PID=1113) to work on /opt/airflow/dags/pg_dbt.py
[2025-11-02T11:10:27.675+0000] {processor.py:830} INFO - Processing file /opt/airflow/dags/pg_dbt.py for tasks to queue
[2025-11-02T11:10:27.678+0000] {logging_mixin.py:188} INFO - [2025-11-02T11:10:27.677+0000] {dagbag.py:538} INFO - Filling up the DagBag from /opt/airflow/dags/pg_dbt.py
[2025-11-02T11:10:27.709+0000] {processor.py:840} INFO - DAG(s) 'scheduled_dbt_pg_daily' retrieved from /opt/airflow/dags/pg_dbt.py
[2025-11-02T11:10:27.758+0000] {logging_mixin.py:188} INFO - [2025-11-02T11:10:27.757+0000] {dag.py:3036} INFO - Sync 1 DAGs
[2025-11-02T11:10:27.800+0000] {logging_mixin.py:188} INFO - [2025-11-02T11:10:27.799+0000] {dag.py:3823} INFO - Setting next_dagrun for scheduled_dbt_pg_daily to None, run_after=None
[2025-11-02T11:10:27.957+0000] {processor.py:183} INFO - Processing /opt/airflow/dags/pg_dbt.py took 0.293 seconds
[2025-11-02T11:11:00.915+0000] {processor.py:161} INFO - Started process (PID=1125) to work on /opt/airflow/dags/pg_dbt.py
[2025-11-02T11:11:00.917+0000] {processor.py:830} INFO - Processing file /opt/airflow/dags/pg_dbt.py for tasks to queue
[2025-11-02T11:11:00.919+0000] {logging_mixin.py:188} INFO - [2025-11-02T11:11:00.919+0000] {dagbag.py:538} INFO - Filling up the DagBag from /opt/airflow/dags/pg_dbt.py
[2025-11-02T11:11:00.949+0000] {processor.py:840} INFO - DAG(s) 'scheduled_dbt_pg_daily' retrieved from /opt/airflow/dags/pg_dbt.py
[2025-11-02T11:11:01.033+0000] {logging_mixin.py:188} INFO - [2025-11-02T11:11:01.033+0000] {dag.py:3036} INFO - Sync 1 DAGs
[2025-11-02T11:11:01.072+0000] {logging_mixin.py:188} INFO - [2025-11-02T11:11:01.072+0000] {dag.py:3823} INFO - Setting next_dagrun for scheduled_dbt_pg_daily to None, run_after=None
[2025-11-02T11:11:01.118+0000] {processor.py:183} INFO - Processing /opt/airflow/dags/pg_dbt.py took 0.210 seconds
[2025-11-02T11:11:33.396+0000] {processor.py:161} INFO - Started process (PID=1137) to work on /opt/airflow/dags/pg_dbt.py
[2025-11-02T11:11:33.399+0000] {processor.py:830} INFO - Processing file /opt/airflow/dags/pg_dbt.py for tasks to queue
[2025-11-02T11:11:33.400+0000] {logging_mixin.py:188} INFO - [2025-11-02T11:11:33.400+0000] {dagbag.py:538} INFO - Filling up the DagBag from /opt/airflow/dags/pg_dbt.py
[2025-11-02T11:11:33.433+0000] {processor.py:840} INFO - DAG(s) 'scheduled_dbt_pg_daily' retrieved from /opt/airflow/dags/pg_dbt.py
[2025-11-02T11:11:33.482+0000] {logging_mixin.py:188} INFO - [2025-11-02T11:11:33.482+0000] {dag.py:3036} INFO - Sync 1 DAGs
[2025-11-02T11:11:33.519+0000] {logging_mixin.py:188} INFO - [2025-11-02T11:11:33.518+0000] {dag.py:3823} INFO - Setting next_dagrun for scheduled_dbt_pg_daily to None, run_after=None
[2025-11-02T11:11:33.566+0000] {processor.py:183} INFO - Processing /opt/airflow/dags/pg_dbt.py took 0.176 seconds
[2025-11-02T11:12:06.797+0000] {processor.py:161} INFO - Started process (PID=1149) to work on /opt/airflow/dags/pg_dbt.py
[2025-11-02T11:12:06.799+0000] {processor.py:830} INFO - Processing file /opt/airflow/dags/pg_dbt.py for tasks to queue
[2025-11-02T11:12:06.801+0000] {logging_mixin.py:188} INFO - [2025-11-02T11:12:06.800+0000] {dagbag.py:538} INFO - Filling up the DagBag from /opt/airflow/dags/pg_dbt.py
[2025-11-02T11:12:06.833+0000] {processor.py:840} INFO - DAG(s) 'scheduled_dbt_pg_daily' retrieved from /opt/airflow/dags/pg_dbt.py
[2025-11-02T11:12:06.884+0000] {logging_mixin.py:188} INFO - [2025-11-02T11:12:06.884+0000] {dag.py:3036} INFO - Sync 1 DAGs
[2025-11-02T11:12:06.917+0000] {logging_mixin.py:188} INFO - [2025-11-02T11:12:06.917+0000] {dag.py:3823} INFO - Setting next_dagrun for scheduled_dbt_pg_daily to None, run_after=None
[2025-11-02T11:12:07.014+0000] {processor.py:183} INFO - Processing /opt/airflow/dags/pg_dbt.py took 0.226 seconds
[2025-11-02T11:12:40.165+0000] {processor.py:161} INFO - Started process (PID=1161) to work on /opt/airflow/dags/pg_dbt.py
[2025-11-02T11:12:40.167+0000] {processor.py:830} INFO - Processing file /opt/airflow/dags/pg_dbt.py for tasks to queue
[2025-11-02T11:12:40.169+0000] {logging_mixin.py:188} INFO - [2025-11-02T11:12:40.169+0000] {dagbag.py:538} INFO - Filling up the DagBag from /opt/airflow/dags/pg_dbt.py
[2025-11-02T11:12:40.203+0000] {processor.py:840} INFO - DAG(s) 'scheduled_dbt_pg_daily' retrieved from /opt/airflow/dags/pg_dbt.py
[2025-11-02T11:12:40.261+0000] {logging_mixin.py:188} INFO - [2025-11-02T11:12:40.260+0000] {dag.py:3036} INFO - Sync 1 DAGs
[2025-11-02T11:12:40.313+0000] {logging_mixin.py:188} INFO - [2025-11-02T11:12:40.312+0000] {dag.py:3823} INFO - Setting next_dagrun for scheduled_dbt_pg_daily to None, run_after=None
[2025-11-02T11:12:40.365+0000] {processor.py:183} INFO - Processing /opt/airflow/dags/pg_dbt.py took 0.210 seconds
[2025-11-02T11:13:13.540+0000] {processor.py:161} INFO - Started process (PID=1173) to work on /opt/airflow/dags/pg_dbt.py
[2025-11-02T11:13:13.542+0000] {processor.py:830} INFO - Processing file /opt/airflow/dags/pg_dbt.py for tasks to queue
[2025-11-02T11:13:13.545+0000] {logging_mixin.py:188} INFO - [2025-11-02T11:13:13.544+0000] {dagbag.py:538} INFO - Filling up the DagBag from /opt/airflow/dags/pg_dbt.py
[2025-11-02T11:13:13.578+0000] {processor.py:840} INFO - DAG(s) 'scheduled_dbt_pg_daily' retrieved from /opt/airflow/dags/pg_dbt.py
[2025-11-02T11:13:13.624+0000] {logging_mixin.py:188} INFO - [2025-11-02T11:13:13.624+0000] {dag.py:3036} INFO - Sync 1 DAGs
[2025-11-02T11:13:13.661+0000] {logging_mixin.py:188} INFO - [2025-11-02T11:13:13.661+0000] {dag.py:3823} INFO - Setting next_dagrun for scheduled_dbt_pg_daily to None, run_after=None
[2025-11-02T11:13:13.707+0000] {processor.py:183} INFO - Processing /opt/airflow/dags/pg_dbt.py took 0.174 seconds
[2025-11-02T11:13:47.093+0000] {processor.py:161} INFO - Started process (PID=1185) to work on /opt/airflow/dags/pg_dbt.py
[2025-11-02T11:13:47.096+0000] {processor.py:830} INFO - Processing file /opt/airflow/dags/pg_dbt.py for tasks to queue
[2025-11-02T11:13:47.098+0000] {logging_mixin.py:188} INFO - [2025-11-02T11:13:47.097+0000] {dagbag.py:538} INFO - Filling up the DagBag from /opt/airflow/dags/pg_dbt.py
[2025-11-02T11:13:47.142+0000] {processor.py:840} INFO - DAG(s) 'scheduled_dbt_pg_daily' retrieved from /opt/airflow/dags/pg_dbt.py
[2025-11-02T11:13:47.197+0000] {logging_mixin.py:188} INFO - [2025-11-02T11:13:47.196+0000] {dag.py:3036} INFO - Sync 1 DAGs
[2025-11-02T11:13:47.241+0000] {logging_mixin.py:188} INFO - [2025-11-02T11:13:47.241+0000] {dag.py:3823} INFO - Setting next_dagrun for scheduled_dbt_pg_daily to None, run_after=None
[2025-11-02T11:13:47.318+0000] {processor.py:183} INFO - Processing /opt/airflow/dags/pg_dbt.py took 0.235 seconds
[2025-11-02T11:14:20.093+0000] {processor.py:161} INFO - Started process (PID=1197) to work on /opt/airflow/dags/pg_dbt.py
[2025-11-02T11:14:20.098+0000] {processor.py:830} INFO - Processing file /opt/airflow/dags/pg_dbt.py for tasks to queue
[2025-11-02T11:14:20.102+0000] {logging_mixin.py:188} INFO - [2025-11-02T11:14:20.101+0000] {dagbag.py:538} INFO - Filling up the DagBag from /opt/airflow/dags/pg_dbt.py
[2025-11-02T11:14:20.142+0000] {processor.py:840} INFO - DAG(s) 'scheduled_dbt_pg_daily' retrieved from /opt/airflow/dags/pg_dbt.py
[2025-11-02T11:14:20.195+0000] {logging_mixin.py:188} INFO - [2025-11-02T11:14:20.195+0000] {dag.py:3036} INFO - Sync 1 DAGs
[2025-11-02T11:14:20.242+0000] {logging_mixin.py:188} INFO - [2025-11-02T11:14:20.242+0000] {dag.py:3823} INFO - Setting next_dagrun for scheduled_dbt_pg_daily to None, run_after=None
[2025-11-02T11:14:20.289+0000] {processor.py:183} INFO - Processing /opt/airflow/dags/pg_dbt.py took 0.206 seconds
[2025-11-02T11:14:53.812+0000] {processor.py:161} INFO - Started process (PID=1209) to work on /opt/airflow/dags/pg_dbt.py
[2025-11-02T11:14:53.816+0000] {processor.py:830} INFO - Processing file /opt/airflow/dags/pg_dbt.py for tasks to queue
[2025-11-02T11:14:53.819+0000] {logging_mixin.py:188} INFO - [2025-11-02T11:14:53.818+0000] {dagbag.py:538} INFO - Filling up the DagBag from /opt/airflow/dags/pg_dbt.py
[2025-11-02T11:14:53.858+0000] {processor.py:840} INFO - DAG(s) 'scheduled_dbt_pg_daily' retrieved from /opt/airflow/dags/pg_dbt.py
[2025-11-02T11:14:53.935+0000] {logging_mixin.py:188} INFO - [2025-11-02T11:14:53.934+0000] {dag.py:3036} INFO - Sync 1 DAGs
[2025-11-02T11:14:53.973+0000] {logging_mixin.py:188} INFO - [2025-11-02T11:14:53.973+0000] {dag.py:3823} INFO - Setting next_dagrun for scheduled_dbt_pg_daily to None, run_after=None
[2025-11-02T11:14:54.022+0000] {processor.py:183} INFO - Processing /opt/airflow/dags/pg_dbt.py took 0.219 seconds
[2025-11-02T11:15:26.819+0000] {processor.py:161} INFO - Started process (PID=1221) to work on /opt/airflow/dags/pg_dbt.py
[2025-11-02T11:15:26.824+0000] {processor.py:830} INFO - Processing file /opt/airflow/dags/pg_dbt.py for tasks to queue
[2025-11-02T11:15:26.827+0000] {logging_mixin.py:188} INFO - [2025-11-02T11:15:26.826+0000] {dagbag.py:538} INFO - Filling up the DagBag from /opt/airflow/dags/pg_dbt.py
[2025-11-02T11:15:26.863+0000] {processor.py:840} INFO - DAG(s) 'scheduled_dbt_pg_daily' retrieved from /opt/airflow/dags/pg_dbt.py
[2025-11-02T11:15:26.947+0000] {logging_mixin.py:188} INFO - [2025-11-02T11:15:26.947+0000] {dag.py:3036} INFO - Sync 1 DAGs
[2025-11-02T11:15:26.984+0000] {logging_mixin.py:188} INFO - [2025-11-02T11:15:26.984+0000] {dag.py:3823} INFO - Setting next_dagrun for scheduled_dbt_pg_daily to None, run_after=None
[2025-11-02T11:15:27.035+0000] {processor.py:183} INFO - Processing /opt/airflow/dags/pg_dbt.py took 0.228 seconds
[2025-11-02T11:16:00.848+0000] {processor.py:161} INFO - Started process (PID=1233) to work on /opt/airflow/dags/pg_dbt.py
[2025-11-02T11:16:00.875+0000] {processor.py:830} INFO - Processing file /opt/airflow/dags/pg_dbt.py for tasks to queue
[2025-11-02T11:16:00.887+0000] {logging_mixin.py:188} INFO - [2025-11-02T11:16:00.878+0000] {dagbag.py:538} INFO - Filling up the DagBag from /opt/airflow/dags/pg_dbt.py
[2025-11-02T11:16:01.010+0000] {processor.py:840} INFO - DAG(s) 'scheduled_dbt_pg_daily' retrieved from /opt/airflow/dags/pg_dbt.py
[2025-11-02T11:16:01.135+0000] {logging_mixin.py:188} INFO - [2025-11-02T11:16:01.134+0000] {dag.py:3036} INFO - Sync 1 DAGs
[2025-11-02T11:16:01.286+0000] {logging_mixin.py:188} INFO - [2025-11-02T11:16:01.285+0000] {dag.py:3823} INFO - Setting next_dagrun for scheduled_dbt_pg_daily to None, run_after=None
[2025-11-02T11:16:01.388+0000] {processor.py:183} INFO - Processing /opt/airflow/dags/pg_dbt.py took 0.559 seconds
[2025-11-02T11:16:34.116+0000] {processor.py:161} INFO - Started process (PID=1244) to work on /opt/airflow/dags/pg_dbt.py
[2025-11-02T11:16:34.124+0000] {processor.py:830} INFO - Processing file /opt/airflow/dags/pg_dbt.py for tasks to queue
[2025-11-02T11:16:34.129+0000] {logging_mixin.py:188} INFO - [2025-11-02T11:16:34.127+0000] {dagbag.py:538} INFO - Filling up the DagBag from /opt/airflow/dags/pg_dbt.py
[2025-11-02T11:16:34.189+0000] {processor.py:840} INFO - DAG(s) 'scheduled_dbt_pg_daily' retrieved from /opt/airflow/dags/pg_dbt.py
[2025-11-02T11:16:34.267+0000] {logging_mixin.py:188} INFO - [2025-11-02T11:16:34.267+0000] {dag.py:3036} INFO - Sync 1 DAGs
[2025-11-02T11:16:34.409+0000] {logging_mixin.py:188} INFO - [2025-11-02T11:16:34.409+0000] {dag.py:3823} INFO - Setting next_dagrun for scheduled_dbt_pg_daily to None, run_after=None
[2025-11-02T11:16:34.539+0000] {processor.py:183} INFO - Processing /opt/airflow/dags/pg_dbt.py took 0.439 seconds
[2025-11-02T11:17:07.076+0000] {processor.py:161} INFO - Started process (PID=1256) to work on /opt/airflow/dags/pg_dbt.py
[2025-11-02T11:17:07.081+0000] {processor.py:830} INFO - Processing file /opt/airflow/dags/pg_dbt.py for tasks to queue
[2025-11-02T11:17:07.084+0000] {logging_mixin.py:188} INFO - [2025-11-02T11:17:07.083+0000] {dagbag.py:538} INFO - Filling up the DagBag from /opt/airflow/dags/pg_dbt.py
[2025-11-02T11:17:07.121+0000] {processor.py:840} INFO - DAG(s) 'scheduled_dbt_pg_daily' retrieved from /opt/airflow/dags/pg_dbt.py
[2025-11-02T11:17:07.185+0000] {logging_mixin.py:188} INFO - [2025-11-02T11:17:07.185+0000] {dag.py:3036} INFO - Sync 1 DAGs
[2025-11-02T11:17:07.229+0000] {logging_mixin.py:188} INFO - [2025-11-02T11:17:07.227+0000] {dag.py:3823} INFO - Setting next_dagrun for scheduled_dbt_pg_daily to None, run_after=None
[2025-11-02T11:17:07.346+0000] {processor.py:183} INFO - Processing /opt/airflow/dags/pg_dbt.py took 0.281 seconds
[2025-11-02T11:17:40.402+0000] {processor.py:161} INFO - Started process (PID=1268) to work on /opt/airflow/dags/pg_dbt.py
[2025-11-02T11:17:40.416+0000] {processor.py:830} INFO - Processing file /opt/airflow/dags/pg_dbt.py for tasks to queue
[2025-11-02T11:17:40.423+0000] {logging_mixin.py:188} INFO - [2025-11-02T11:17:40.422+0000] {dagbag.py:538} INFO - Filling up the DagBag from /opt/airflow/dags/pg_dbt.py
[2025-11-02T11:17:40.594+0000] {processor.py:840} INFO - DAG(s) 'scheduled_dbt_pg_daily' retrieved from /opt/airflow/dags/pg_dbt.py
[2025-11-02T11:17:40.767+0000] {logging_mixin.py:188} INFO - [2025-11-02T11:17:40.767+0000] {dag.py:3036} INFO - Sync 1 DAGs
[2025-11-02T11:17:40.846+0000] {logging_mixin.py:188} INFO - [2025-11-02T11:17:40.846+0000] {dag.py:3823} INFO - Setting next_dagrun for scheduled_dbt_pg_daily to None, run_after=None
[2025-11-02T11:17:41.039+0000] {processor.py:183} INFO - Processing /opt/airflow/dags/pg_dbt.py took 0.661 seconds
[2025-11-02T11:18:13.425+0000] {processor.py:161} INFO - Started process (PID=1280) to work on /opt/airflow/dags/pg_dbt.py
[2025-11-02T11:18:13.432+0000] {processor.py:830} INFO - Processing file /opt/airflow/dags/pg_dbt.py for tasks to queue
[2025-11-02T11:18:13.435+0000] {logging_mixin.py:188} INFO - [2025-11-02T11:18:13.434+0000] {dagbag.py:538} INFO - Filling up the DagBag from /opt/airflow/dags/pg_dbt.py
[2025-11-02T11:18:13.488+0000] {processor.py:840} INFO - DAG(s) 'scheduled_dbt_pg_daily' retrieved from /opt/airflow/dags/pg_dbt.py
[2025-11-02T11:18:13.586+0000] {logging_mixin.py:188} INFO - [2025-11-02T11:18:13.586+0000] {dag.py:3036} INFO - Sync 1 DAGs
[2025-11-02T11:18:13.657+0000] {logging_mixin.py:188} INFO - [2025-11-02T11:18:13.656+0000] {dag.py:3823} INFO - Setting next_dagrun for scheduled_dbt_pg_daily to None, run_after=None
[2025-11-02T11:18:13.735+0000] {processor.py:183} INFO - Processing /opt/airflow/dags/pg_dbt.py took 0.319 seconds
[2025-11-02T11:18:47.701+0000] {processor.py:161} INFO - Started process (PID=1292) to work on /opt/airflow/dags/pg_dbt.py
[2025-11-02T11:18:47.704+0000] {processor.py:830} INFO - Processing file /opt/airflow/dags/pg_dbt.py for tasks to queue
[2025-11-02T11:18:47.707+0000] {logging_mixin.py:188} INFO - [2025-11-02T11:18:47.706+0000] {dagbag.py:538} INFO - Filling up the DagBag from /opt/airflow/dags/pg_dbt.py
[2025-11-02T11:18:47.743+0000] {processor.py:840} INFO - DAG(s) 'scheduled_dbt_pg_daily' retrieved from /opt/airflow/dags/pg_dbt.py
[2025-11-02T11:18:47.808+0000] {logging_mixin.py:188} INFO - [2025-11-02T11:18:47.808+0000] {dag.py:3036} INFO - Sync 1 DAGs
[2025-11-02T11:18:47.863+0000] {logging_mixin.py:188} INFO - [2025-11-02T11:18:47.863+0000] {dag.py:3823} INFO - Setting next_dagrun for scheduled_dbt_pg_daily to None, run_after=None
[2025-11-02T11:18:48.016+0000] {processor.py:183} INFO - Processing /opt/airflow/dags/pg_dbt.py took 0.329 seconds
[2025-11-02T11:19:21.477+0000] {processor.py:161} INFO - Started process (PID=1304) to work on /opt/airflow/dags/pg_dbt.py
[2025-11-02T11:19:21.480+0000] {processor.py:830} INFO - Processing file /opt/airflow/dags/pg_dbt.py for tasks to queue
[2025-11-02T11:19:21.493+0000] {logging_mixin.py:188} INFO - [2025-11-02T11:19:21.492+0000] {dagbag.py:538} INFO - Filling up the DagBag from /opt/airflow/dags/pg_dbt.py
[2025-11-02T11:19:21.576+0000] {processor.py:840} INFO - DAG(s) 'scheduled_dbt_pg_daily' retrieved from /opt/airflow/dags/pg_dbt.py
[2025-11-02T11:19:21.666+0000] {logging_mixin.py:188} INFO - [2025-11-02T11:19:21.666+0000] {dag.py:3036} INFO - Sync 1 DAGs
[2025-11-02T11:19:21.730+0000] {logging_mixin.py:188} INFO - [2025-11-02T11:19:21.729+0000] {dag.py:3823} INFO - Setting next_dagrun for scheduled_dbt_pg_daily to None, run_after=None
[2025-11-02T11:19:21.922+0000] {processor.py:183} INFO - Processing /opt/airflow/dags/pg_dbt.py took 0.466 seconds
[2025-11-02T11:19:53.810+0000] {processor.py:161} INFO - Started process (PID=1310) to work on /opt/airflow/dags/pg_dbt.py
[2025-11-02T11:19:53.812+0000] {processor.py:830} INFO - Processing file /opt/airflow/dags/pg_dbt.py for tasks to queue
[2025-11-02T11:19:53.814+0000] {logging_mixin.py:188} INFO - [2025-11-02T11:19:53.813+0000] {dagbag.py:538} INFO - Filling up the DagBag from /opt/airflow/dags/pg_dbt.py
[2025-11-02T11:19:53.848+0000] {processor.py:840} INFO - DAG(s) 'scheduled_dbt_pg_daily' retrieved from /opt/airflow/dags/pg_dbt.py
[2025-11-02T11:19:53.924+0000] {logging_mixin.py:188} INFO - [2025-11-02T11:19:53.923+0000] {dag.py:3036} INFO - Sync 1 DAGs
[2025-11-02T11:19:53.999+0000] {logging_mixin.py:188} INFO - [2025-11-02T11:19:53.998+0000] {dag.py:3823} INFO - Setting next_dagrun for scheduled_dbt_pg_daily to None, run_after=None
[2025-11-02T11:19:54.186+0000] {processor.py:183} INFO - Processing /opt/airflow/dags/pg_dbt.py took 0.384 seconds
[2025-11-02T11:20:27.830+0000] {processor.py:161} INFO - Started process (PID=1328) to work on /opt/airflow/dags/pg_dbt.py
[2025-11-02T11:20:27.832+0000] {processor.py:830} INFO - Processing file /opt/airflow/dags/pg_dbt.py for tasks to queue
[2025-11-02T11:20:27.835+0000] {logging_mixin.py:188} INFO - [2025-11-02T11:20:27.834+0000] {dagbag.py:538} INFO - Filling up the DagBag from /opt/airflow/dags/pg_dbt.py
[2025-11-02T11:20:27.874+0000] {processor.py:840} INFO - DAG(s) 'scheduled_dbt_pg_daily' retrieved from /opt/airflow/dags/pg_dbt.py
[2025-11-02T11:20:27.937+0000] {logging_mixin.py:188} INFO - [2025-11-02T11:20:27.937+0000] {dag.py:3036} INFO - Sync 1 DAGs
[2025-11-02T11:20:27.984+0000] {logging_mixin.py:188} INFO - [2025-11-02T11:20:27.984+0000] {dag.py:3823} INFO - Setting next_dagrun for scheduled_dbt_pg_daily to None, run_after=None
[2025-11-02T11:20:28.247+0000] {processor.py:183} INFO - Processing /opt/airflow/dags/pg_dbt.py took 0.429 seconds
[2025-11-02T11:21:00.504+0000] {processor.py:161} INFO - Started process (PID=1334) to work on /opt/airflow/dags/pg_dbt.py
[2025-11-02T11:21:00.507+0000] {processor.py:830} INFO - Processing file /opt/airflow/dags/pg_dbt.py for tasks to queue
[2025-11-02T11:21:00.512+0000] {logging_mixin.py:188} INFO - [2025-11-02T11:21:00.510+0000] {dagbag.py:538} INFO - Filling up the DagBag from /opt/airflow/dags/pg_dbt.py
[2025-11-02T11:21:00.556+0000] {processor.py:840} INFO - DAG(s) 'scheduled_dbt_pg_daily' retrieved from /opt/airflow/dags/pg_dbt.py
[2025-11-02T11:21:00.689+0000] {logging_mixin.py:188} INFO - [2025-11-02T11:21:00.688+0000] {dag.py:3036} INFO - Sync 1 DAGs
[2025-11-02T11:21:00.737+0000] {logging_mixin.py:188} INFO - [2025-11-02T11:21:00.736+0000] {dag.py:3823} INFO - Setting next_dagrun for scheduled_dbt_pg_daily to None, run_after=None
[2025-11-02T11:21:00.894+0000] {processor.py:183} INFO - Processing /opt/airflow/dags/pg_dbt.py took 0.405 seconds
[2025-11-02T11:21:34.070+0000] {processor.py:161} INFO - Started process (PID=1346) to work on /opt/airflow/dags/pg_dbt.py
[2025-11-02T11:21:34.072+0000] {processor.py:830} INFO - Processing file /opt/airflow/dags/pg_dbt.py for tasks to queue
[2025-11-02T11:21:34.074+0000] {logging_mixin.py:188} INFO - [2025-11-02T11:21:34.074+0000] {dagbag.py:538} INFO - Filling up the DagBag from /opt/airflow/dags/pg_dbt.py
[2025-11-02T11:21:34.288+0000] {processor.py:840} INFO - DAG(s) 'scheduled_dbt_pg_daily' retrieved from /opt/airflow/dags/pg_dbt.py
[2025-11-02T11:21:34.366+0000] {logging_mixin.py:188} INFO - [2025-11-02T11:21:34.365+0000] {dag.py:3036} INFO - Sync 1 DAGs
[2025-11-02T11:21:34.419+0000] {logging_mixin.py:188} INFO - [2025-11-02T11:21:34.418+0000] {dag.py:3823} INFO - Setting next_dagrun for scheduled_dbt_pg_daily to None, run_after=None
[2025-11-02T11:21:34.547+0000] {processor.py:183} INFO - Processing /opt/airflow/dags/pg_dbt.py took 0.488 seconds
[2025-11-02T11:22:07.070+0000] {processor.py:161} INFO - Started process (PID=1358) to work on /opt/airflow/dags/pg_dbt.py
[2025-11-02T11:22:07.072+0000] {processor.py:830} INFO - Processing file /opt/airflow/dags/pg_dbt.py for tasks to queue
[2025-11-02T11:22:07.074+0000] {logging_mixin.py:188} INFO - [2025-11-02T11:22:07.074+0000] {dagbag.py:538} INFO - Filling up the DagBag from /opt/airflow/dags/pg_dbt.py
[2025-11-02T11:22:07.103+0000] {processor.py:840} INFO - DAG(s) 'scheduled_dbt_pg_daily' retrieved from /opt/airflow/dags/pg_dbt.py
[2025-11-02T11:22:07.153+0000] {logging_mixin.py:188} INFO - [2025-11-02T11:22:07.153+0000] {dag.py:3036} INFO - Sync 1 DAGs
[2025-11-02T11:22:07.192+0000] {logging_mixin.py:188} INFO - [2025-11-02T11:22:07.192+0000] {dag.py:3823} INFO - Setting next_dagrun for scheduled_dbt_pg_daily to None, run_after=None
[2025-11-02T11:22:07.243+0000] {processor.py:183} INFO - Processing /opt/airflow/dags/pg_dbt.py took 0.179 seconds
[2025-11-02T11:22:41.159+0000] {processor.py:161} INFO - Started process (PID=1370) to work on /opt/airflow/dags/pg_dbt.py
[2025-11-02T11:22:41.174+0000] {processor.py:830} INFO - Processing file /opt/airflow/dags/pg_dbt.py for tasks to queue
[2025-11-02T11:22:41.187+0000] {logging_mixin.py:188} INFO - [2025-11-02T11:22:41.185+0000] {dagbag.py:538} INFO - Filling up the DagBag from /opt/airflow/dags/pg_dbt.py
[2025-11-02T11:22:41.739+0000] {processor.py:840} INFO - DAG(s) 'scheduled_dbt_pg_daily' retrieved from /opt/airflow/dags/pg_dbt.py
[2025-11-02T11:22:42.219+0000] {logging_mixin.py:188} INFO - [2025-11-02T11:22:42.208+0000] {dag.py:3036} INFO - Sync 1 DAGs
[2025-11-02T11:22:42.488+0000] {logging_mixin.py:188} INFO - [2025-11-02T11:22:42.487+0000] {dag.py:3823} INFO - Setting next_dagrun for scheduled_dbt_pg_daily to None, run_after=None
[2025-11-02T11:22:42.792+0000] {processor.py:183} INFO - Processing /opt/airflow/dags/pg_dbt.py took 1.665 seconds
[2025-11-02T11:23:13.654+0000] {processor.py:161} INFO - Started process (PID=1382) to work on /opt/airflow/dags/pg_dbt.py
[2025-11-02T11:23:13.657+0000] {processor.py:830} INFO - Processing file /opt/airflow/dags/pg_dbt.py for tasks to queue
[2025-11-02T11:23:13.660+0000] {logging_mixin.py:188} INFO - [2025-11-02T11:23:13.659+0000] {dagbag.py:538} INFO - Filling up the DagBag from /opt/airflow/dags/pg_dbt.py
[2025-11-02T11:23:13.726+0000] {processor.py:840} INFO - DAG(s) 'scheduled_dbt_pg_daily' retrieved from /opt/airflow/dags/pg_dbt.py
[2025-11-02T11:23:13.889+0000] {logging_mixin.py:188} INFO - [2025-11-02T11:23:13.889+0000] {dag.py:3036} INFO - Sync 1 DAGs
[2025-11-02T11:23:14.004+0000] {logging_mixin.py:188} INFO - [2025-11-02T11:23:14.003+0000] {dag.py:3823} INFO - Setting next_dagrun for scheduled_dbt_pg_daily to None, run_after=None
[2025-11-02T11:23:14.106+0000] {processor.py:183} INFO - Processing /opt/airflow/dags/pg_dbt.py took 0.473 seconds
[2025-11-02T11:23:47.944+0000] {processor.py:161} INFO - Started process (PID=1394) to work on /opt/airflow/dags/pg_dbt.py
[2025-11-02T11:23:47.947+0000] {processor.py:830} INFO - Processing file /opt/airflow/dags/pg_dbt.py for tasks to queue
[2025-11-02T11:23:47.953+0000] {logging_mixin.py:188} INFO - [2025-11-02T11:23:47.951+0000] {dagbag.py:538} INFO - Filling up the DagBag from /opt/airflow/dags/pg_dbt.py
[2025-11-02T11:23:48.003+0000] {processor.py:840} INFO - DAG(s) 'scheduled_dbt_pg_daily' retrieved from /opt/airflow/dags/pg_dbt.py
[2025-11-02T11:23:48.096+0000] {logging_mixin.py:188} INFO - [2025-11-02T11:23:48.096+0000] {dag.py:3036} INFO - Sync 1 DAGs
[2025-11-02T11:23:48.167+0000] {logging_mixin.py:188} INFO - [2025-11-02T11:23:48.167+0000] {dag.py:3823} INFO - Setting next_dagrun for scheduled_dbt_pg_daily to None, run_after=None
[2025-11-02T11:23:48.258+0000] {processor.py:183} INFO - Processing /opt/airflow/dags/pg_dbt.py took 0.324 seconds
[2025-11-02T11:24:20.551+0000] {processor.py:161} INFO - Started process (PID=1405) to work on /opt/airflow/dags/pg_dbt.py
[2025-11-02T11:24:20.554+0000] {processor.py:830} INFO - Processing file /opt/airflow/dags/pg_dbt.py for tasks to queue
[2025-11-02T11:24:20.558+0000] {logging_mixin.py:188} INFO - [2025-11-02T11:24:20.557+0000] {dagbag.py:538} INFO - Filling up the DagBag from /opt/airflow/dags/pg_dbt.py
[2025-11-02T11:24:20.606+0000] {processor.py:840} INFO - DAG(s) 'scheduled_dbt_pg_daily' retrieved from /opt/airflow/dags/pg_dbt.py
[2025-11-02T11:24:20.689+0000] {logging_mixin.py:188} INFO - [2025-11-02T11:24:20.689+0000] {dag.py:3036} INFO - Sync 1 DAGs
[2025-11-02T11:24:20.762+0000] {logging_mixin.py:188} INFO - [2025-11-02T11:24:20.762+0000] {dag.py:3823} INFO - Setting next_dagrun for scheduled_dbt_pg_daily to None, run_after=None
[2025-11-02T11:24:20.898+0000] {processor.py:183} INFO - Processing /opt/airflow/dags/pg_dbt.py took 0.361 seconds
[2025-11-02T11:24:54.471+0000] {processor.py:161} INFO - Started process (PID=1417) to work on /opt/airflow/dags/pg_dbt.py
[2025-11-02T11:24:54.474+0000] {processor.py:830} INFO - Processing file /opt/airflow/dags/pg_dbt.py for tasks to queue
[2025-11-02T11:24:54.481+0000] {logging_mixin.py:188} INFO - [2025-11-02T11:24:54.479+0000] {dagbag.py:538} INFO - Filling up the DagBag from /opt/airflow/dags/pg_dbt.py
[2025-11-02T11:24:54.538+0000] {processor.py:840} INFO - DAG(s) 'scheduled_dbt_pg_daily' retrieved from /opt/airflow/dags/pg_dbt.py
[2025-11-02T11:24:54.682+0000] {logging_mixin.py:188} INFO - [2025-11-02T11:24:54.682+0000] {dag.py:3036} INFO - Sync 1 DAGs
[2025-11-02T11:24:54.777+0000] {logging_mixin.py:188} INFO - [2025-11-02T11:24:54.776+0000] {dag.py:3823} INFO - Setting next_dagrun for scheduled_dbt_pg_daily to None, run_after=None
[2025-11-02T11:24:54.903+0000] {processor.py:183} INFO - Processing /opt/airflow/dags/pg_dbt.py took 0.447 seconds
[2025-11-02T11:25:27.195+0000] {processor.py:161} INFO - Started process (PID=1429) to work on /opt/airflow/dags/pg_dbt.py
[2025-11-02T11:25:27.198+0000] {processor.py:830} INFO - Processing file /opt/airflow/dags/pg_dbt.py for tasks to queue
[2025-11-02T11:25:27.208+0000] {logging_mixin.py:188} INFO - [2025-11-02T11:25:27.200+0000] {dagbag.py:538} INFO - Filling up the DagBag from /opt/airflow/dags/pg_dbt.py
[2025-11-02T11:25:27.288+0000] {processor.py:840} INFO - DAG(s) 'scheduled_dbt_pg_daily' retrieved from /opt/airflow/dags/pg_dbt.py
[2025-11-02T11:25:27.463+0000] {logging_mixin.py:188} INFO - [2025-11-02T11:25:27.458+0000] {dag.py:3036} INFO - Sync 1 DAGs
[2025-11-02T11:25:27.606+0000] {logging_mixin.py:188} INFO - [2025-11-02T11:25:27.605+0000] {dag.py:3823} INFO - Setting next_dagrun for scheduled_dbt_pg_daily to None, run_after=None
[2025-11-02T11:25:27.777+0000] {processor.py:183} INFO - Processing /opt/airflow/dags/pg_dbt.py took 0.619 seconds
[2025-11-02T11:26:00.558+0000] {processor.py:161} INFO - Started process (PID=1441) to work on /opt/airflow/dags/pg_dbt.py
[2025-11-02T11:26:00.561+0000] {processor.py:830} INFO - Processing file /opt/airflow/dags/pg_dbt.py for tasks to queue
[2025-11-02T11:26:00.564+0000] {logging_mixin.py:188} INFO - [2025-11-02T11:26:00.563+0000] {dagbag.py:538} INFO - Filling up the DagBag from /opt/airflow/dags/pg_dbt.py
[2025-11-02T11:26:00.599+0000] {processor.py:840} INFO - DAG(s) 'scheduled_dbt_pg_daily' retrieved from /opt/airflow/dags/pg_dbt.py
[2025-11-02T11:26:00.669+0000] {logging_mixin.py:188} INFO - [2025-11-02T11:26:00.668+0000] {dag.py:3036} INFO - Sync 1 DAGs
[2025-11-02T11:26:00.719+0000] {logging_mixin.py:188} INFO - [2025-11-02T11:26:00.719+0000] {dag.py:3823} INFO - Setting next_dagrun for scheduled_dbt_pg_daily to None, run_after=None
[2025-11-02T11:26:00.774+0000] {processor.py:183} INFO - Processing /opt/airflow/dags/pg_dbt.py took 0.230 seconds
[2025-11-02T11:26:33.865+0000] {processor.py:161} INFO - Started process (PID=1453) to work on /opt/airflow/dags/pg_dbt.py
[2025-11-02T11:26:33.871+0000] {processor.py:830} INFO - Processing file /opt/airflow/dags/pg_dbt.py for tasks to queue
[2025-11-02T11:26:33.873+0000] {logging_mixin.py:188} INFO - [2025-11-02T11:26:33.872+0000] {dagbag.py:538} INFO - Filling up the DagBag from /opt/airflow/dags/pg_dbt.py
[2025-11-02T11:26:33.936+0000] {processor.py:840} INFO - DAG(s) 'scheduled_dbt_pg_daily' retrieved from /opt/airflow/dags/pg_dbt.py
[2025-11-02T11:26:34.027+0000] {logging_mixin.py:188} INFO - [2025-11-02T11:26:34.027+0000] {dag.py:3036} INFO - Sync 1 DAGs
[2025-11-02T11:26:34.074+0000] {logging_mixin.py:188} INFO - [2025-11-02T11:26:34.074+0000] {dag.py:3823} INFO - Setting next_dagrun for scheduled_dbt_pg_daily to None, run_after=None
[2025-11-02T11:26:34.208+0000] {processor.py:183} INFO - Processing /opt/airflow/dags/pg_dbt.py took 0.350 seconds
[2025-11-02T11:27:07.930+0000] {processor.py:161} INFO - Started process (PID=1465) to work on /opt/airflow/dags/pg_dbt.py
[2025-11-02T11:27:07.933+0000] {processor.py:830} INFO - Processing file /opt/airflow/dags/pg_dbt.py for tasks to queue
[2025-11-02T11:27:07.935+0000] {logging_mixin.py:188} INFO - [2025-11-02T11:27:07.934+0000] {dagbag.py:538} INFO - Filling up the DagBag from /opt/airflow/dags/pg_dbt.py
[2025-11-02T11:27:07.980+0000] {processor.py:840} INFO - DAG(s) 'scheduled_dbt_pg_daily' retrieved from /opt/airflow/dags/pg_dbt.py
[2025-11-02T11:27:08.055+0000] {logging_mixin.py:188} INFO - [2025-11-02T11:27:08.054+0000] {dag.py:3036} INFO - Sync 1 DAGs
[2025-11-02T11:27:08.104+0000] {logging_mixin.py:188} INFO - [2025-11-02T11:27:08.104+0000] {dag.py:3823} INFO - Setting next_dagrun for scheduled_dbt_pg_daily to None, run_after=None
[2025-11-02T11:27:08.173+0000] {processor.py:183} INFO - Processing /opt/airflow/dags/pg_dbt.py took 0.265 seconds
[2025-11-02T11:27:40.497+0000] {processor.py:161} INFO - Started process (PID=1476) to work on /opt/airflow/dags/pg_dbt.py
[2025-11-02T11:27:40.500+0000] {processor.py:830} INFO - Processing file /opt/airflow/dags/pg_dbt.py for tasks to queue
[2025-11-02T11:27:40.505+0000] {logging_mixin.py:188} INFO - [2025-11-02T11:27:40.502+0000] {dagbag.py:538} INFO - Filling up the DagBag from /opt/airflow/dags/pg_dbt.py
[2025-11-02T11:27:40.566+0000] {processor.py:840} INFO - DAG(s) 'scheduled_dbt_pg_daily' retrieved from /opt/airflow/dags/pg_dbt.py
[2025-11-02T11:27:40.652+0000] {logging_mixin.py:188} INFO - [2025-11-02T11:27:40.652+0000] {dag.py:3036} INFO - Sync 1 DAGs
[2025-11-02T11:27:40.728+0000] {logging_mixin.py:188} INFO - [2025-11-02T11:27:40.727+0000] {dag.py:3823} INFO - Setting next_dagrun for scheduled_dbt_pg_daily to None, run_after=None
[2025-11-02T11:27:40.815+0000] {processor.py:183} INFO - Processing /opt/airflow/dags/pg_dbt.py took 0.333 seconds
[2025-11-02T11:28:14.194+0000] {processor.py:161} INFO - Started process (PID=1488) to work on /opt/airflow/dags/pg_dbt.py
[2025-11-02T11:28:14.197+0000] {processor.py:830} INFO - Processing file /opt/airflow/dags/pg_dbt.py for tasks to queue
[2025-11-02T11:28:14.200+0000] {logging_mixin.py:188} INFO - [2025-11-02T11:28:14.199+0000] {dagbag.py:538} INFO - Filling up the DagBag from /opt/airflow/dags/pg_dbt.py
[2025-11-02T11:28:14.246+0000] {processor.py:840} INFO - DAG(s) 'scheduled_dbt_pg_daily' retrieved from /opt/airflow/dags/pg_dbt.py
[2025-11-02T11:28:14.327+0000] {logging_mixin.py:188} INFO - [2025-11-02T11:28:14.327+0000] {dag.py:3036} INFO - Sync 1 DAGs
[2025-11-02T11:28:14.376+0000] {logging_mixin.py:188} INFO - [2025-11-02T11:28:14.375+0000] {dag.py:3823} INFO - Setting next_dagrun for scheduled_dbt_pg_daily to None, run_after=None
[2025-11-02T11:28:14.442+0000] {processor.py:183} INFO - Processing /opt/airflow/dags/pg_dbt.py took 0.265 seconds
[2025-11-02T11:28:47.117+0000] {processor.py:161} INFO - Started process (PID=1500) to work on /opt/airflow/dags/pg_dbt.py
[2025-11-02T11:28:47.121+0000] {processor.py:830} INFO - Processing file /opt/airflow/dags/pg_dbt.py for tasks to queue
[2025-11-02T11:28:47.123+0000] {logging_mixin.py:188} INFO - [2025-11-02T11:28:47.123+0000] {dagbag.py:538} INFO - Filling up the DagBag from /opt/airflow/dags/pg_dbt.py
[2025-11-02T11:28:47.165+0000] {processor.py:840} INFO - DAG(s) 'scheduled_dbt_pg_daily' retrieved from /opt/airflow/dags/pg_dbt.py
[2025-11-02T11:28:47.225+0000] {logging_mixin.py:188} INFO - [2025-11-02T11:28:47.225+0000] {dag.py:3036} INFO - Sync 1 DAGs
[2025-11-02T11:28:47.279+0000] {logging_mixin.py:188} INFO - [2025-11-02T11:28:47.278+0000] {dag.py:3823} INFO - Setting next_dagrun for scheduled_dbt_pg_daily to None, run_after=None
[2025-11-02T11:28:47.336+0000] {processor.py:183} INFO - Processing /opt/airflow/dags/pg_dbt.py took 0.226 seconds
[2025-11-02T11:29:21.133+0000] {processor.py:161} INFO - Started process (PID=1512) to work on /opt/airflow/dags/pg_dbt.py
[2025-11-02T11:29:21.136+0000] {processor.py:830} INFO - Processing file /opt/airflow/dags/pg_dbt.py for tasks to queue
[2025-11-02T11:29:21.139+0000] {logging_mixin.py:188} INFO - [2025-11-02T11:29:21.138+0000] {dagbag.py:538} INFO - Filling up the DagBag from /opt/airflow/dags/pg_dbt.py
[2025-11-02T11:29:21.191+0000] {processor.py:840} INFO - DAG(s) 'scheduled_dbt_pg_daily' retrieved from /opt/airflow/dags/pg_dbt.py
[2025-11-02T11:29:21.266+0000] {logging_mixin.py:188} INFO - [2025-11-02T11:29:21.266+0000] {dag.py:3036} INFO - Sync 1 DAGs
[2025-11-02T11:29:21.323+0000] {logging_mixin.py:188} INFO - [2025-11-02T11:29:21.323+0000] {dag.py:3823} INFO - Setting next_dagrun for scheduled_dbt_pg_daily to None, run_after=None
[2025-11-02T11:29:21.385+0000] {processor.py:183} INFO - Processing /opt/airflow/dags/pg_dbt.py took 0.270 seconds
[2025-11-02T11:29:54.548+0000] {processor.py:161} INFO - Started process (PID=1524) to work on /opt/airflow/dags/pg_dbt.py
[2025-11-02T11:29:54.554+0000] {processor.py:830} INFO - Processing file /opt/airflow/dags/pg_dbt.py for tasks to queue
[2025-11-02T11:29:54.557+0000] {logging_mixin.py:188} INFO - [2025-11-02T11:29:54.556+0000] {dagbag.py:538} INFO - Filling up the DagBag from /opt/airflow/dags/pg_dbt.py
[2025-11-02T11:29:54.596+0000] {processor.py:840} INFO - DAG(s) 'scheduled_dbt_pg_daily' retrieved from /opt/airflow/dags/pg_dbt.py
[2025-11-02T11:29:54.652+0000] {logging_mixin.py:188} INFO - [2025-11-02T11:29:54.651+0000] {dag.py:3036} INFO - Sync 1 DAGs
[2025-11-02T11:29:54.693+0000] {logging_mixin.py:188} INFO - [2025-11-02T11:29:54.692+0000] {dag.py:3823} INFO - Setting next_dagrun for scheduled_dbt_pg_daily to None, run_after=None
[2025-11-02T11:29:54.746+0000] {processor.py:183} INFO - Processing /opt/airflow/dags/pg_dbt.py took 0.207 seconds
[2025-11-02T11:30:27.318+0000] {processor.py:161} INFO - Started process (PID=1536) to work on /opt/airflow/dags/pg_dbt.py
[2025-11-02T11:30:27.320+0000] {processor.py:830} INFO - Processing file /opt/airflow/dags/pg_dbt.py for tasks to queue
[2025-11-02T11:30:27.322+0000] {logging_mixin.py:188} INFO - [2025-11-02T11:30:27.322+0000] {dagbag.py:538} INFO - Filling up the DagBag from /opt/airflow/dags/pg_dbt.py
[2025-11-02T11:30:27.364+0000] {processor.py:840} INFO - DAG(s) 'scheduled_dbt_pg_daily' retrieved from /opt/airflow/dags/pg_dbt.py
[2025-11-02T11:30:27.427+0000] {logging_mixin.py:188} INFO - [2025-11-02T11:30:27.427+0000] {dag.py:3036} INFO - Sync 1 DAGs
[2025-11-02T11:30:27.469+0000] {logging_mixin.py:188} INFO - [2025-11-02T11:30:27.469+0000] {dag.py:3823} INFO - Setting next_dagrun for scheduled_dbt_pg_daily to None, run_after=None
[2025-11-02T11:30:27.525+0000] {processor.py:183} INFO - Processing /opt/airflow/dags/pg_dbt.py took 0.213 seconds
[2025-11-02T11:31:01.478+0000] {processor.py:161} INFO - Started process (PID=1548) to work on /opt/airflow/dags/pg_dbt.py
[2025-11-02T11:31:01.489+0000] {processor.py:830} INFO - Processing file /opt/airflow/dags/pg_dbt.py for tasks to queue
[2025-11-02T11:31:01.503+0000] {logging_mixin.py:188} INFO - [2025-11-02T11:31:01.494+0000] {dagbag.py:538} INFO - Filling up the DagBag from /opt/airflow/dags/pg_dbt.py
[2025-11-02T11:31:01.754+0000] {processor.py:840} INFO - DAG(s) 'scheduled_dbt_pg_daily' retrieved from /opt/airflow/dags/pg_dbt.py
[2025-11-02T11:31:01.952+0000] {logging_mixin.py:188} INFO - [2025-11-02T11:31:01.951+0000] {dag.py:3036} INFO - Sync 1 DAGs
[2025-11-02T11:31:02.154+0000] {logging_mixin.py:188} INFO - [2025-11-02T11:31:02.153+0000] {dag.py:3823} INFO - Setting next_dagrun for scheduled_dbt_pg_daily to None, run_after=None
[2025-11-02T11:31:02.500+0000] {processor.py:183} INFO - Processing /opt/airflow/dags/pg_dbt.py took 1.039 seconds
[2025-11-02T11:31:34.231+0000] {processor.py:161} INFO - Started process (PID=1560) to work on /opt/airflow/dags/pg_dbt.py
[2025-11-02T11:31:34.244+0000] {processor.py:830} INFO - Processing file /opt/airflow/dags/pg_dbt.py for tasks to queue
[2025-11-02T11:31:34.248+0000] {logging_mixin.py:188} INFO - [2025-11-02T11:31:34.247+0000] {dagbag.py:538} INFO - Filling up the DagBag from /opt/airflow/dags/pg_dbt.py
[2025-11-02T11:31:34.883+0000] {processor.py:840} INFO - DAG(s) 'scheduled_dbt_pg_daily' retrieved from /opt/airflow/dags/pg_dbt.py
[2025-11-02T11:31:35.182+0000] {logging_mixin.py:188} INFO - [2025-11-02T11:31:35.181+0000] {dag.py:3036} INFO - Sync 1 DAGs
[2025-11-02T11:31:35.427+0000] {logging_mixin.py:188} INFO - [2025-11-02T11:31:35.427+0000] {dag.py:3823} INFO - Setting next_dagrun for scheduled_dbt_pg_daily to None, run_after=None
[2025-11-02T11:31:35.704+0000] {processor.py:183} INFO - Processing /opt/airflow/dags/pg_dbt.py took 1.504 seconds
[2025-11-02T11:32:07.689+0000] {processor.py:161} INFO - Started process (PID=1572) to work on /opt/airflow/dags/pg_dbt.py
[2025-11-02T11:32:07.694+0000] {processor.py:830} INFO - Processing file /opt/airflow/dags/pg_dbt.py for tasks to queue
[2025-11-02T11:32:07.697+0000] {logging_mixin.py:188} INFO - [2025-11-02T11:32:07.696+0000] {dagbag.py:538} INFO - Filling up the DagBag from /opt/airflow/dags/pg_dbt.py
[2025-11-02T11:32:07.775+0000] {processor.py:840} INFO - DAG(s) 'scheduled_dbt_pg_daily' retrieved from /opt/airflow/dags/pg_dbt.py
[2025-11-02T11:32:07.897+0000] {logging_mixin.py:188} INFO - [2025-11-02T11:32:07.897+0000] {dag.py:3036} INFO - Sync 1 DAGs
[2025-11-02T11:32:07.996+0000] {logging_mixin.py:188} INFO - [2025-11-02T11:32:07.996+0000] {dag.py:3823} INFO - Setting next_dagrun for scheduled_dbt_pg_daily to None, run_after=None
[2025-11-02T11:32:08.139+0000] {processor.py:183} INFO - Processing /opt/airflow/dags/pg_dbt.py took 0.458 seconds
[2025-11-02T11:32:40.796+0000] {processor.py:161} INFO - Started process (PID=1584) to work on /opt/airflow/dags/pg_dbt.py
[2025-11-02T11:32:40.800+0000] {processor.py:830} INFO - Processing file /opt/airflow/dags/pg_dbt.py for tasks to queue
[2025-11-02T11:32:40.812+0000] {logging_mixin.py:188} INFO - [2025-11-02T11:32:40.811+0000] {dagbag.py:538} INFO - Filling up the DagBag from /opt/airflow/dags/pg_dbt.py
[2025-11-02T11:32:40.900+0000] {processor.py:840} INFO - DAG(s) 'scheduled_dbt_pg_daily' retrieved from /opt/airflow/dags/pg_dbt.py
[2025-11-02T11:32:41.086+0000] {logging_mixin.py:188} INFO - [2025-11-02T11:32:41.086+0000] {dag.py:3036} INFO - Sync 1 DAGs
[2025-11-02T11:32:41.295+0000] {logging_mixin.py:188} INFO - [2025-11-02T11:32:41.295+0000] {dag.py:3823} INFO - Setting next_dagrun for scheduled_dbt_pg_daily to None, run_after=None
[2025-11-02T11:32:42.013+0000] {processor.py:183} INFO - Processing /opt/airflow/dags/pg_dbt.py took 1.259 seconds
[2025-11-02T11:33:14.344+0000] {processor.py:161} INFO - Started process (PID=1596) to work on /opt/airflow/dags/pg_dbt.py
[2025-11-02T11:33:14.347+0000] {processor.py:830} INFO - Processing file /opt/airflow/dags/pg_dbt.py for tasks to queue
[2025-11-02T11:33:14.349+0000] {logging_mixin.py:188} INFO - [2025-11-02T11:33:14.349+0000] {dagbag.py:538} INFO - Filling up the DagBag from /opt/airflow/dags/pg_dbt.py
[2025-11-02T11:33:14.421+0000] {processor.py:840} INFO - DAG(s) 'scheduled_dbt_pg_daily' retrieved from /opt/airflow/dags/pg_dbt.py
[2025-11-02T11:33:14.531+0000] {logging_mixin.py:188} INFO - [2025-11-02T11:33:14.531+0000] {dag.py:3036} INFO - Sync 1 DAGs
[2025-11-02T11:33:14.586+0000] {logging_mixin.py:188} INFO - [2025-11-02T11:33:14.586+0000] {dag.py:3823} INFO - Setting next_dagrun for scheduled_dbt_pg_daily to None, run_after=None
[2025-11-02T11:33:14.699+0000] {processor.py:183} INFO - Processing /opt/airflow/dags/pg_dbt.py took 0.365 seconds
[2025-11-02T11:33:48.238+0000] {processor.py:161} INFO - Started process (PID=1608) to work on /opt/airflow/dags/pg_dbt.py
[2025-11-02T11:33:48.258+0000] {processor.py:830} INFO - Processing file /opt/airflow/dags/pg_dbt.py for tasks to queue
[2025-11-02T11:33:48.264+0000] {logging_mixin.py:188} INFO - [2025-11-02T11:33:48.262+0000] {dagbag.py:538} INFO - Filling up the DagBag from /opt/airflow/dags/pg_dbt.py
[2025-11-02T11:33:48.588+0000] {processor.py:840} INFO - DAG(s) 'scheduled_dbt_pg_daily' retrieved from /opt/airflow/dags/pg_dbt.py
[2025-11-02T11:33:48.877+0000] {logging_mixin.py:188} INFO - [2025-11-02T11:33:48.864+0000] {dag.py:3036} INFO - Sync 1 DAGs
[2025-11-02T11:33:49.094+0000] {logging_mixin.py:188} INFO - [2025-11-02T11:33:49.093+0000] {dag.py:3823} INFO - Setting next_dagrun for scheduled_dbt_pg_daily to None, run_after=None
[2025-11-02T11:33:49.319+0000] {processor.py:183} INFO - Processing /opt/airflow/dags/pg_dbt.py took 1.100 seconds
[2025-11-02T11:34:20.874+0000] {processor.py:161} INFO - Started process (PID=1620) to work on /opt/airflow/dags/pg_dbt.py
[2025-11-02T11:34:20.877+0000] {processor.py:830} INFO - Processing file /opt/airflow/dags/pg_dbt.py for tasks to queue
[2025-11-02T11:34:20.882+0000] {logging_mixin.py:188} INFO - [2025-11-02T11:34:20.880+0000] {dagbag.py:538} INFO - Filling up the DagBag from /opt/airflow/dags/pg_dbt.py
[2025-11-02T11:34:20.928+0000] {processor.py:840} INFO - DAG(s) 'scheduled_dbt_pg_daily' retrieved from /opt/airflow/dags/pg_dbt.py
[2025-11-02T11:34:21.006+0000] {logging_mixin.py:188} INFO - [2025-11-02T11:34:21.006+0000] {dag.py:3036} INFO - Sync 1 DAGs
[2025-11-02T11:34:21.062+0000] {logging_mixin.py:188} INFO - [2025-11-02T11:34:21.061+0000] {dag.py:3823} INFO - Setting next_dagrun for scheduled_dbt_pg_daily to None, run_after=None
[2025-11-02T11:34:21.205+0000] {processor.py:183} INFO - Processing /opt/airflow/dags/pg_dbt.py took 0.336 seconds
[2025-11-02T11:34:54.716+0000] {processor.py:161} INFO - Started process (PID=1632) to work on /opt/airflow/dags/pg_dbt.py
[2025-11-02T11:34:54.719+0000] {processor.py:830} INFO - Processing file /opt/airflow/dags/pg_dbt.py for tasks to queue
[2025-11-02T11:34:54.722+0000] {logging_mixin.py:188} INFO - [2025-11-02T11:34:54.721+0000] {dagbag.py:538} INFO - Filling up the DagBag from /opt/airflow/dags/pg_dbt.py
[2025-11-02T11:34:55.891+0000] {processor.py:840} INFO - DAG(s) 'scheduled_dbt_pg_daily' retrieved from /opt/airflow/dags/pg_dbt.py
[2025-11-02T11:34:56.134+0000] {logging_mixin.py:188} INFO - [2025-11-02T11:34:56.133+0000] {dag.py:3036} INFO - Sync 1 DAGs
[2025-11-02T11:34:56.281+0000] {logging_mixin.py:188} INFO - [2025-11-02T11:34:56.280+0000] {dag.py:3823} INFO - Setting next_dagrun for scheduled_dbt_pg_daily to None, run_after=None
[2025-11-02T11:34:56.829+0000] {processor.py:183} INFO - Processing /opt/airflow/dags/pg_dbt.py took 2.133 seconds
[2025-11-02T11:35:28.922+0000] {processor.py:161} INFO - Started process (PID=1644) to work on /opt/airflow/dags/pg_dbt.py
[2025-11-02T11:35:28.934+0000] {processor.py:830} INFO - Processing file /opt/airflow/dags/pg_dbt.py for tasks to queue
[2025-11-02T11:35:28.961+0000] {logging_mixin.py:188} INFO - [2025-11-02T11:35:28.946+0000] {dagbag.py:538} INFO - Filling up the DagBag from /opt/airflow/dags/pg_dbt.py
[2025-11-02T11:35:29.270+0000] {processor.py:840} INFO - DAG(s) 'scheduled_dbt_pg_daily' retrieved from /opt/airflow/dags/pg_dbt.py
[2025-11-02T11:35:29.496+0000] {logging_mixin.py:188} INFO - [2025-11-02T11:35:29.496+0000] {dag.py:3036} INFO - Sync 1 DAGs
[2025-11-02T11:35:29.668+0000] {logging_mixin.py:188} INFO - [2025-11-02T11:35:29.667+0000] {dag.py:3823} INFO - Setting next_dagrun for scheduled_dbt_pg_daily to None, run_after=None
[2025-11-02T11:35:29.887+0000] {processor.py:183} INFO - Processing /opt/airflow/dags/pg_dbt.py took 1.007 seconds
[2025-11-02T11:36:01.931+0000] {processor.py:161} INFO - Started process (PID=1656) to work on /opt/airflow/dags/pg_dbt.py
[2025-11-02T11:36:01.942+0000] {processor.py:830} INFO - Processing file /opt/airflow/dags/pg_dbt.py for tasks to queue
[2025-11-02T11:36:01.945+0000] {logging_mixin.py:188} INFO - [2025-11-02T11:36:01.944+0000] {dagbag.py:538} INFO - Filling up the DagBag from /opt/airflow/dags/pg_dbt.py
[2025-11-02T11:36:02.259+0000] {processor.py:840} INFO - DAG(s) 'scheduled_dbt_pg_daily' retrieved from /opt/airflow/dags/pg_dbt.py
[2025-11-02T11:36:02.404+0000] {logging_mixin.py:188} INFO - [2025-11-02T11:36:02.404+0000] {dag.py:3036} INFO - Sync 1 DAGs
[2025-11-02T11:36:02.561+0000] {logging_mixin.py:188} INFO - [2025-11-02T11:36:02.553+0000] {dag.py:3823} INFO - Setting next_dagrun for scheduled_dbt_pg_daily to None, run_after=None
[2025-11-02T11:36:03.058+0000] {processor.py:183} INFO - Processing /opt/airflow/dags/pg_dbt.py took 1.146 seconds
[2025-11-02T11:36:34.687+0000] {processor.py:161} INFO - Started process (PID=1668) to work on /opt/airflow/dags/pg_dbt.py
[2025-11-02T11:36:34.692+0000] {processor.py:830} INFO - Processing file /opt/airflow/dags/pg_dbt.py for tasks to queue
[2025-11-02T11:36:34.703+0000] {logging_mixin.py:188} INFO - [2025-11-02T11:36:34.694+0000] {dagbag.py:538} INFO - Filling up the DagBag from /opt/airflow/dags/pg_dbt.py
[2025-11-02T11:36:34.788+0000] {processor.py:840} INFO - DAG(s) 'scheduled_dbt_pg_daily' retrieved from /opt/airflow/dags/pg_dbt.py
[2025-11-02T11:36:34.942+0000] {logging_mixin.py:188} INFO - [2025-11-02T11:36:34.942+0000] {dag.py:3036} INFO - Sync 1 DAGs
[2025-11-02T11:36:35.027+0000] {logging_mixin.py:188} INFO - [2025-11-02T11:36:35.026+0000] {dag.py:3823} INFO - Setting next_dagrun for scheduled_dbt_pg_daily to None, run_after=None
[2025-11-02T11:36:35.320+0000] {processor.py:183} INFO - Processing /opt/airflow/dags/pg_dbt.py took 0.658 seconds
[2025-11-02T11:37:09.953+0000] {processor.py:161} INFO - Started process (PID=1680) to work on /opt/airflow/dags/pg_dbt.py
[2025-11-02T11:37:09.991+0000] {processor.py:830} INFO - Processing file /opt/airflow/dags/pg_dbt.py for tasks to queue
[2025-11-02T11:37:10.022+0000] {logging_mixin.py:188} INFO - [2025-11-02T11:37:10.021+0000] {dagbag.py:538} INFO - Filling up the DagBag from /opt/airflow/dags/pg_dbt.py
[2025-11-02T11:37:10.699+0000] {processor.py:840} INFO - DAG(s) 'scheduled_dbt_pg_daily' retrieved from /opt/airflow/dags/pg_dbt.py
[2025-11-02T11:37:10.973+0000] {logging_mixin.py:188} INFO - [2025-11-02T11:37:10.962+0000] {dag.py:3036} INFO - Sync 1 DAGs
[2025-11-02T11:37:11.219+0000] {logging_mixin.py:188} INFO - [2025-11-02T11:37:11.218+0000] {dag.py:3823} INFO - Setting next_dagrun for scheduled_dbt_pg_daily to None, run_after=None
[2025-11-02T11:37:11.536+0000] {processor.py:183} INFO - Processing /opt/airflow/dags/pg_dbt.py took 1.593 seconds
[2025-11-02T11:37:42.488+0000] {processor.py:161} INFO - Started process (PID=1693) to work on /opt/airflow/dags/pg_dbt.py
[2025-11-02T11:37:42.490+0000] {processor.py:830} INFO - Processing file /opt/airflow/dags/pg_dbt.py for tasks to queue
[2025-11-02T11:37:42.494+0000] {logging_mixin.py:188} INFO - [2025-11-02T11:37:42.493+0000] {dagbag.py:538} INFO - Filling up the DagBag from /opt/airflow/dags/pg_dbt.py
[2025-11-02T11:37:42.572+0000] {processor.py:840} INFO - DAG(s) 'scheduled_dbt_pg_daily' retrieved from /opt/airflow/dags/pg_dbt.py
[2025-11-02T11:37:42.701+0000] {logging_mixin.py:188} INFO - [2025-11-02T11:37:42.700+0000] {dag.py:3036} INFO - Sync 1 DAGs
[2025-11-02T11:37:42.894+0000] {logging_mixin.py:188} INFO - [2025-11-02T11:37:42.893+0000] {dag.py:3823} INFO - Setting next_dagrun for scheduled_dbt_pg_daily to None, run_after=None
[2025-11-02T11:37:43.173+0000] {processor.py:183} INFO - Processing /opt/airflow/dags/pg_dbt.py took 0.696 seconds
[2025-11-02T11:38:15.367+0000] {processor.py:161} INFO - Started process (PID=1705) to work on /opt/airflow/dags/pg_dbt.py
[2025-11-02T11:38:15.370+0000] {processor.py:830} INFO - Processing file /opt/airflow/dags/pg_dbt.py for tasks to queue
[2025-11-02T11:38:15.372+0000] {logging_mixin.py:188} INFO - [2025-11-02T11:38:15.372+0000] {dagbag.py:538} INFO - Filling up the DagBag from /opt/airflow/dags/pg_dbt.py
[2025-11-02T11:38:15.466+0000] {processor.py:840} INFO - DAG(s) 'scheduled_dbt_pg_daily' retrieved from /opt/airflow/dags/pg_dbt.py
[2025-11-02T11:38:15.610+0000] {logging_mixin.py:188} INFO - [2025-11-02T11:38:15.609+0000] {dag.py:3036} INFO - Sync 1 DAGs
[2025-11-02T11:38:15.704+0000] {logging_mixin.py:188} INFO - [2025-11-02T11:38:15.701+0000] {dag.py:3823} INFO - Setting next_dagrun for scheduled_dbt_pg_daily to None, run_after=None
[2025-11-02T11:38:15.838+0000] {processor.py:183} INFO - Processing /opt/airflow/dags/pg_dbt.py took 0.486 seconds
[2025-11-02T11:38:48.301+0000] {processor.py:161} INFO - Started process (PID=1717) to work on /opt/airflow/dags/pg_dbt.py
[2025-11-02T11:38:48.318+0000] {processor.py:830} INFO - Processing file /opt/airflow/dags/pg_dbt.py for tasks to queue
[2025-11-02T11:38:48.323+0000] {logging_mixin.py:188} INFO - [2025-11-02T11:38:48.322+0000] {dagbag.py:538} INFO - Filling up the DagBag from /opt/airflow/dags/pg_dbt.py
[2025-11-02T11:38:48.459+0000] {processor.py:840} INFO - DAG(s) 'scheduled_dbt_pg_daily' retrieved from /opt/airflow/dags/pg_dbt.py
[2025-11-02T11:38:48.605+0000] {logging_mixin.py:188} INFO - [2025-11-02T11:38:48.604+0000] {dag.py:3036} INFO - Sync 1 DAGs
[2025-11-02T11:38:48.819+0000] {logging_mixin.py:188} INFO - [2025-11-02T11:38:48.819+0000] {dag.py:3823} INFO - Setting next_dagrun for scheduled_dbt_pg_daily to None, run_after=None
[2025-11-02T11:38:48.998+0000] {processor.py:183} INFO - Processing /opt/airflow/dags/pg_dbt.py took 0.714 seconds
[2025-11-02T11:39:22.162+0000] {processor.py:161} INFO - Started process (PID=1729) to work on /opt/airflow/dags/pg_dbt.py
[2025-11-02T11:39:22.165+0000] {processor.py:830} INFO - Processing file /opt/airflow/dags/pg_dbt.py for tasks to queue
[2025-11-02T11:39:22.168+0000] {logging_mixin.py:188} INFO - [2025-11-02T11:39:22.167+0000] {dagbag.py:538} INFO - Filling up the DagBag from /opt/airflow/dags/pg_dbt.py
[2025-11-02T11:39:22.200+0000] {processor.py:840} INFO - DAG(s) 'scheduled_dbt_pg_daily' retrieved from /opt/airflow/dags/pg_dbt.py
[2025-11-02T11:39:22.245+0000] {logging_mixin.py:188} INFO - [2025-11-02T11:39:22.245+0000] {dag.py:3036} INFO - Sync 1 DAGs
[2025-11-02T11:39:22.293+0000] {logging_mixin.py:188} INFO - [2025-11-02T11:39:22.293+0000] {dag.py:3823} INFO - Setting next_dagrun for scheduled_dbt_pg_daily to None, run_after=None
[2025-11-02T11:39:22.428+0000] {processor.py:183} INFO - Processing /opt/airflow/dags/pg_dbt.py took 0.275 seconds
[2025-11-02T11:39:56.665+0000] {processor.py:161} INFO - Started process (PID=1742) to work on /opt/airflow/dags/pg_dbt.py
[2025-11-02T11:39:56.697+0000] {processor.py:830} INFO - Processing file /opt/airflow/dags/pg_dbt.py for tasks to queue
[2025-11-02T11:39:56.711+0000] {logging_mixin.py:188} INFO - [2025-11-02T11:39:56.710+0000] {dagbag.py:538} INFO - Filling up the DagBag from /opt/airflow/dags/pg_dbt.py
[2025-11-02T11:39:56.770+0000] {processor.py:840} INFO - DAG(s) 'scheduled_dbt_pg_daily' retrieved from /opt/airflow/dags/pg_dbt.py
[2025-11-02T11:39:56.846+0000] {logging_mixin.py:188} INFO - [2025-11-02T11:39:56.845+0000] {dag.py:3036} INFO - Sync 1 DAGs
[2025-11-02T11:39:56.930+0000] {logging_mixin.py:188} INFO - [2025-11-02T11:39:56.929+0000] {dag.py:3823} INFO - Setting next_dagrun for scheduled_dbt_pg_daily to None, run_after=None
[2025-11-02T11:39:57.113+0000] {processor.py:183} INFO - Processing /opt/airflow/dags/pg_dbt.py took 0.461 seconds
[2025-11-02T11:40:30.112+0000] {processor.py:161} INFO - Started process (PID=1754) to work on /opt/airflow/dags/pg_dbt.py
[2025-11-02T11:40:30.115+0000] {processor.py:830} INFO - Processing file /opt/airflow/dags/pg_dbt.py for tasks to queue
[2025-11-02T11:40:30.118+0000] {logging_mixin.py:188} INFO - [2025-11-02T11:40:30.117+0000] {dagbag.py:538} INFO - Filling up the DagBag from /opt/airflow/dags/pg_dbt.py
[2025-11-02T11:40:30.160+0000] {processor.py:840} INFO - DAG(s) 'scheduled_dbt_pg_daily' retrieved from /opt/airflow/dags/pg_dbt.py
[2025-11-02T11:40:30.227+0000] {logging_mixin.py:188} INFO - [2025-11-02T11:40:30.227+0000] {dag.py:3036} INFO - Sync 1 DAGs
[2025-11-02T11:40:30.338+0000] {logging_mixin.py:188} INFO - [2025-11-02T11:40:30.337+0000] {dag.py:3823} INFO - Setting next_dagrun for scheduled_dbt_pg_daily to None, run_after=None
[2025-11-02T11:40:30.465+0000] {processor.py:183} INFO - Processing /opt/airflow/dags/pg_dbt.py took 0.361 seconds
[2025-11-02T11:41:02.741+0000] {processor.py:161} INFO - Started process (PID=1765) to work on /opt/airflow/dags/pg_dbt.py
[2025-11-02T11:41:02.752+0000] {processor.py:830} INFO - Processing file /opt/airflow/dags/pg_dbt.py for tasks to queue
[2025-11-02T11:41:02.758+0000] {logging_mixin.py:188} INFO - [2025-11-02T11:41:02.757+0000] {dagbag.py:538} INFO - Filling up the DagBag from /opt/airflow/dags/pg_dbt.py
[2025-11-02T11:41:02.820+0000] {processor.py:840} INFO - DAG(s) 'scheduled_dbt_pg_daily' retrieved from /opt/airflow/dags/pg_dbt.py
[2025-11-02T11:41:02.973+0000] {logging_mixin.py:188} INFO - [2025-11-02T11:41:02.972+0000] {dag.py:3036} INFO - Sync 1 DAGs
[2025-11-02T11:41:03.123+0000] {logging_mixin.py:188} INFO - [2025-11-02T11:41:03.123+0000] {dag.py:3823} INFO - Setting next_dagrun for scheduled_dbt_pg_daily to None, run_after=None
[2025-11-02T11:41:03.312+0000] {processor.py:183} INFO - Processing /opt/airflow/dags/pg_dbt.py took 0.588 seconds
[2025-11-02T11:41:33.936+0000] {processor.py:161} INFO - Started process (PID=1777) to work on /opt/airflow/dags/pg_dbt.py
[2025-11-02T11:41:33.939+0000] {processor.py:830} INFO - Processing file /opt/airflow/dags/pg_dbt.py for tasks to queue
[2025-11-02T11:41:33.947+0000] {logging_mixin.py:188} INFO - [2025-11-02T11:41:33.946+0000] {dagbag.py:538} INFO - Filling up the DagBag from /opt/airflow/dags/pg_dbt.py
[2025-11-02T11:41:34.060+0000] {processor.py:840} INFO - DAG(s) 'scheduled_dbt_pg_daily' retrieved from /opt/airflow/dags/pg_dbt.py
[2025-11-02T11:41:34.238+0000] {logging_mixin.py:188} INFO - [2025-11-02T11:41:34.238+0000] {dag.py:3036} INFO - Sync 1 DAGs
[2025-11-02T11:41:34.309+0000] {logging_mixin.py:188} INFO - [2025-11-02T11:41:34.308+0000] {dag.py:3823} INFO - Setting next_dagrun for scheduled_dbt_pg_daily to None, run_after=None
[2025-11-02T11:41:34.470+0000] {processor.py:183} INFO - Processing /opt/airflow/dags/pg_dbt.py took 0.553 seconds
[2025-11-02T11:42:10.200+0000] {processor.py:161} INFO - Started process (PID=1789) to work on /opt/airflow/dags/pg_dbt.py
[2025-11-02T11:42:10.219+0000] {processor.py:830} INFO - Processing file /opt/airflow/dags/pg_dbt.py for tasks to queue
[2025-11-02T11:42:10.227+0000] {logging_mixin.py:188} INFO - [2025-11-02T11:42:10.226+0000] {dagbag.py:538} INFO - Filling up the DagBag from /opt/airflow/dags/pg_dbt.py
[2025-11-02T11:42:10.429+0000] {processor.py:840} INFO - DAG(s) 'scheduled_dbt_pg_daily' retrieved from /opt/airflow/dags/pg_dbt.py
[2025-11-02T11:42:10.767+0000] {logging_mixin.py:188} INFO - [2025-11-02T11:42:10.767+0000] {dag.py:3036} INFO - Sync 1 DAGs
[2025-11-02T11:42:11.269+0000] {logging_mixin.py:188} INFO - [2025-11-02T11:42:11.258+0000] {dag.py:3823} INFO - Setting next_dagrun for scheduled_dbt_pg_daily to None, run_after=None
[2025-11-02T11:42:11.552+0000] {processor.py:183} INFO - Processing /opt/airflow/dags/pg_dbt.py took 1.370 seconds
[2025-11-02T11:42:43.089+0000] {processor.py:161} INFO - Started process (PID=1802) to work on /opt/airflow/dags/pg_dbt.py
[2025-11-02T11:42:43.098+0000] {processor.py:830} INFO - Processing file /opt/airflow/dags/pg_dbt.py for tasks to queue
[2025-11-02T11:42:43.113+0000] {logging_mixin.py:188} INFO - [2025-11-02T11:42:43.112+0000] {dagbag.py:538} INFO - Filling up the DagBag from /opt/airflow/dags/pg_dbt.py
[2025-11-02T11:42:43.522+0000] {processor.py:840} INFO - DAG(s) 'scheduled_dbt_pg_daily' retrieved from /opt/airflow/dags/pg_dbt.py
[2025-11-02T11:42:43.698+0000] {logging_mixin.py:188} INFO - [2025-11-02T11:42:43.697+0000] {dag.py:3036} INFO - Sync 1 DAGs
[2025-11-02T11:42:43.833+0000] {logging_mixin.py:188} INFO - [2025-11-02T11:42:43.833+0000] {dag.py:3823} INFO - Setting next_dagrun for scheduled_dbt_pg_daily to None, run_after=None
[2025-11-02T11:42:43.975+0000] {processor.py:183} INFO - Processing /opt/airflow/dags/pg_dbt.py took 0.903 seconds
[2025-11-02T11:43:16.160+0000] {processor.py:161} INFO - Started process (PID=1814) to work on /opt/airflow/dags/pg_dbt.py
[2025-11-02T11:43:16.174+0000] {processor.py:830} INFO - Processing file /opt/airflow/dags/pg_dbt.py for tasks to queue
[2025-11-02T11:43:16.178+0000] {logging_mixin.py:188} INFO - [2025-11-02T11:43:16.177+0000] {dagbag.py:538} INFO - Filling up the DagBag from /opt/airflow/dags/pg_dbt.py
[2025-11-02T11:43:16.220+0000] {processor.py:840} INFO - DAG(s) 'scheduled_dbt_pg_daily' retrieved from /opt/airflow/dags/pg_dbt.py
[2025-11-02T11:43:16.348+0000] {logging_mixin.py:188} INFO - [2025-11-02T11:43:16.337+0000] {dag.py:3036} INFO - Sync 1 DAGs
[2025-11-02T11:43:16.447+0000] {logging_mixin.py:188} INFO - [2025-11-02T11:43:16.446+0000] {dag.py:3823} INFO - Setting next_dagrun for scheduled_dbt_pg_daily to None, run_after=None
[2025-11-02T11:43:16.633+0000] {processor.py:183} INFO - Processing /opt/airflow/dags/pg_dbt.py took 0.503 seconds
[2025-11-02T11:43:50.111+0000] {processor.py:161} INFO - Started process (PID=1826) to work on /opt/airflow/dags/pg_dbt.py
[2025-11-02T11:43:50.114+0000] {processor.py:830} INFO - Processing file /opt/airflow/dags/pg_dbt.py for tasks to queue
[2025-11-02T11:43:50.121+0000] {logging_mixin.py:188} INFO - [2025-11-02T11:43:50.116+0000] {dagbag.py:538} INFO - Filling up the DagBag from /opt/airflow/dags/pg_dbt.py
[2025-11-02T11:43:50.165+0000] {processor.py:840} INFO - DAG(s) 'scheduled_dbt_pg_daily' retrieved from /opt/airflow/dags/pg_dbt.py
[2025-11-02T11:43:50.264+0000] {logging_mixin.py:188} INFO - [2025-11-02T11:43:50.264+0000] {dag.py:3036} INFO - Sync 1 DAGs
[2025-11-02T11:43:50.328+0000] {logging_mixin.py:188} INFO - [2025-11-02T11:43:50.327+0000] {dag.py:3823} INFO - Setting next_dagrun for scheduled_dbt_pg_daily to None, run_after=None
[2025-11-02T11:43:50.499+0000] {processor.py:183} INFO - Processing /opt/airflow/dags/pg_dbt.py took 0.396 seconds
[2025-11-02T11:44:22.631+0000] {processor.py:161} INFO - Started process (PID=1838) to work on /opt/airflow/dags/pg_dbt.py
[2025-11-02T11:44:22.636+0000] {processor.py:830} INFO - Processing file /opt/airflow/dags/pg_dbt.py for tasks to queue
[2025-11-02T11:44:22.639+0000] {logging_mixin.py:188} INFO - [2025-11-02T11:44:22.638+0000] {dagbag.py:538} INFO - Filling up the DagBag from /opt/airflow/dags/pg_dbt.py
[2025-11-02T11:44:22.686+0000] {processor.py:840} INFO - DAG(s) 'scheduled_dbt_pg_daily' retrieved from /opt/airflow/dags/pg_dbt.py
[2025-11-02T11:44:22.793+0000] {logging_mixin.py:188} INFO - [2025-11-02T11:44:22.793+0000] {dag.py:3036} INFO - Sync 1 DAGs
[2025-11-02T11:44:22.854+0000] {logging_mixin.py:188} INFO - [2025-11-02T11:44:22.854+0000] {dag.py:3823} INFO - Setting next_dagrun for scheduled_dbt_pg_daily to None, run_after=None
[2025-11-02T11:44:22.948+0000] {processor.py:183} INFO - Processing /opt/airflow/dags/pg_dbt.py took 0.329 seconds
[2025-11-02T11:44:56.065+0000] {processor.py:161} INFO - Started process (PID=1850) to work on /opt/airflow/dags/pg_dbt.py
[2025-11-02T11:44:56.067+0000] {processor.py:830} INFO - Processing file /opt/airflow/dags/pg_dbt.py for tasks to queue
[2025-11-02T11:44:56.069+0000] {logging_mixin.py:188} INFO - [2025-11-02T11:44:56.068+0000] {dagbag.py:538} INFO - Filling up the DagBag from /opt/airflow/dags/pg_dbt.py
[2025-11-02T11:44:56.111+0000] {processor.py:840} INFO - DAG(s) 'scheduled_dbt_pg_daily' retrieved from /opt/airflow/dags/pg_dbt.py
[2025-11-02T11:44:56.168+0000] {logging_mixin.py:188} INFO - [2025-11-02T11:44:56.168+0000] {dag.py:3036} INFO - Sync 1 DAGs
[2025-11-02T11:44:56.213+0000] {logging_mixin.py:188} INFO - [2025-11-02T11:44:56.213+0000] {dag.py:3823} INFO - Setting next_dagrun for scheduled_dbt_pg_daily to None, run_after=None
[2025-11-02T11:44:56.267+0000] {processor.py:183} INFO - Processing /opt/airflow/dags/pg_dbt.py took 0.213 seconds
[2025-11-02T11:45:29.681+0000] {processor.py:161} INFO - Started process (PID=1862) to work on /opt/airflow/dags/pg_dbt.py
[2025-11-02T11:45:29.683+0000] {processor.py:830} INFO - Processing file /opt/airflow/dags/pg_dbt.py for tasks to queue
[2025-11-02T11:45:29.686+0000] {logging_mixin.py:188} INFO - [2025-11-02T11:45:29.685+0000] {dagbag.py:538} INFO - Filling up the DagBag from /opt/airflow/dags/pg_dbt.py
[2025-11-02T11:45:29.722+0000] {processor.py:840} INFO - DAG(s) 'scheduled_dbt_pg_daily' retrieved from /opt/airflow/dags/pg_dbt.py
[2025-11-02T11:45:29.783+0000] {logging_mixin.py:188} INFO - [2025-11-02T11:45:29.782+0000] {dag.py:3036} INFO - Sync 1 DAGs
[2025-11-02T11:45:29.833+0000] {logging_mixin.py:188} INFO - [2025-11-02T11:45:29.832+0000] {dag.py:3823} INFO - Setting next_dagrun for scheduled_dbt_pg_daily to None, run_after=None
[2025-11-02T11:45:29.886+0000] {processor.py:183} INFO - Processing /opt/airflow/dags/pg_dbt.py took 0.213 seconds
[2025-11-02T11:46:02.948+0000] {processor.py:161} INFO - Started process (PID=1874) to work on /opt/airflow/dags/pg_dbt.py
[2025-11-02T11:46:02.960+0000] {processor.py:830} INFO - Processing file /opt/airflow/dags/pg_dbt.py for tasks to queue
[2025-11-02T11:46:02.974+0000] {logging_mixin.py:188} INFO - [2025-11-02T11:46:02.973+0000] {dagbag.py:538} INFO - Filling up the DagBag from /opt/airflow/dags/pg_dbt.py
[2025-11-02T11:46:03.059+0000] {processor.py:840} INFO - DAG(s) 'scheduled_dbt_pg_daily' retrieved from /opt/airflow/dags/pg_dbt.py
[2025-11-02T11:46:03.191+0000] {logging_mixin.py:188} INFO - [2025-11-02T11:46:03.190+0000] {dag.py:3036} INFO - Sync 1 DAGs
[2025-11-02T11:46:03.412+0000] {logging_mixin.py:188} INFO - [2025-11-02T11:46:03.411+0000] {dag.py:3823} INFO - Setting next_dagrun for scheduled_dbt_pg_daily to None, run_after=None
[2025-11-02T11:46:03.554+0000] {processor.py:183} INFO - Processing /opt/airflow/dags/pg_dbt.py took 0.623 seconds
[2025-11-02T11:46:36.585+0000] {processor.py:161} INFO - Started process (PID=1886) to work on /opt/airflow/dags/pg_dbt.py
[2025-11-02T11:46:36.588+0000] {processor.py:830} INFO - Processing file /opt/airflow/dags/pg_dbt.py for tasks to queue
[2025-11-02T11:46:36.590+0000] {logging_mixin.py:188} INFO - [2025-11-02T11:46:36.589+0000] {dagbag.py:538} INFO - Filling up the DagBag from /opt/airflow/dags/pg_dbt.py
[2025-11-02T11:46:36.626+0000] {processor.py:840} INFO - DAG(s) 'scheduled_dbt_pg_daily' retrieved from /opt/airflow/dags/pg_dbt.py
[2025-11-02T11:46:36.676+0000] {logging_mixin.py:188} INFO - [2025-11-02T11:46:36.675+0000] {dag.py:3036} INFO - Sync 1 DAGs
[2025-11-02T11:46:36.719+0000] {logging_mixin.py:188} INFO - [2025-11-02T11:46:36.719+0000] {dag.py:3823} INFO - Setting next_dagrun for scheduled_dbt_pg_daily to None, run_after=None
[2025-11-02T11:46:36.771+0000] {processor.py:183} INFO - Processing /opt/airflow/dags/pg_dbt.py took 0.195 seconds
[2025-11-02T11:47:09.560+0000] {processor.py:161} INFO - Started process (PID=1898) to work on /opt/airflow/dags/pg_dbt.py
[2025-11-02T11:47:09.563+0000] {processor.py:830} INFO - Processing file /opt/airflow/dags/pg_dbt.py for tasks to queue
[2025-11-02T11:47:09.565+0000] {logging_mixin.py:188} INFO - [2025-11-02T11:47:09.564+0000] {dagbag.py:538} INFO - Filling up the DagBag from /opt/airflow/dags/pg_dbt.py
[2025-11-02T11:47:09.599+0000] {processor.py:840} INFO - DAG(s) 'scheduled_dbt_pg_daily' retrieved from /opt/airflow/dags/pg_dbt.py
[2025-11-02T11:47:09.670+0000] {logging_mixin.py:188} INFO - [2025-11-02T11:47:09.669+0000] {dag.py:3036} INFO - Sync 1 DAGs
[2025-11-02T11:47:09.712+0000] {logging_mixin.py:188} INFO - [2025-11-02T11:47:09.712+0000] {dag.py:3823} INFO - Setting next_dagrun for scheduled_dbt_pg_daily to None, run_after=None
[2025-11-02T11:47:09.775+0000] {processor.py:183} INFO - Processing /opt/airflow/dags/pg_dbt.py took 0.223 seconds
[2025-11-02T11:47:43.123+0000] {processor.py:161} INFO - Started process (PID=1910) to work on /opt/airflow/dags/pg_dbt.py
[2025-11-02T11:47:43.125+0000] {processor.py:830} INFO - Processing file /opt/airflow/dags/pg_dbt.py for tasks to queue
[2025-11-02T11:47:43.128+0000] {logging_mixin.py:188} INFO - [2025-11-02T11:47:43.127+0000] {dagbag.py:538} INFO - Filling up the DagBag from /opt/airflow/dags/pg_dbt.py
[2025-11-02T11:47:43.179+0000] {processor.py:840} INFO - DAG(s) 'scheduled_dbt_pg_daily' retrieved from /opt/airflow/dags/pg_dbt.py
[2025-11-02T11:47:43.255+0000] {logging_mixin.py:188} INFO - [2025-11-02T11:47:43.255+0000] {dag.py:3036} INFO - Sync 1 DAGs
[2025-11-02T11:47:43.318+0000] {logging_mixin.py:188} INFO - [2025-11-02T11:47:43.318+0000] {dag.py:3823} INFO - Setting next_dagrun for scheduled_dbt_pg_daily to None, run_after=None
[2025-11-02T11:47:43.434+0000] {processor.py:183} INFO - Processing /opt/airflow/dags/pg_dbt.py took 0.327 seconds
[2025-11-02T11:48:16.600+0000] {processor.py:161} INFO - Started process (PID=1922) to work on /opt/airflow/dags/pg_dbt.py
[2025-11-02T11:48:16.602+0000] {processor.py:830} INFO - Processing file /opt/airflow/dags/pg_dbt.py for tasks to queue
[2025-11-02T11:48:16.605+0000] {logging_mixin.py:188} INFO - [2025-11-02T11:48:16.604+0000] {dagbag.py:538} INFO - Filling up the DagBag from /opt/airflow/dags/pg_dbt.py
[2025-11-02T11:48:16.643+0000] {processor.py:840} INFO - DAG(s) 'scheduled_dbt_pg_daily' retrieved from /opt/airflow/dags/pg_dbt.py
[2025-11-02T11:48:16.715+0000] {logging_mixin.py:188} INFO - [2025-11-02T11:48:16.714+0000] {dag.py:3036} INFO - Sync 1 DAGs
[2025-11-02T11:48:16.768+0000] {logging_mixin.py:188} INFO - [2025-11-02T11:48:16.764+0000] {dag.py:3823} INFO - Setting next_dagrun for scheduled_dbt_pg_daily to None, run_after=None
[2025-11-02T11:48:16.968+0000] {processor.py:183} INFO - Processing /opt/airflow/dags/pg_dbt.py took 0.382 seconds
[2025-11-02T11:48:49.867+0000] {processor.py:161} INFO - Started process (PID=1934) to work on /opt/airflow/dags/pg_dbt.py
[2025-11-02T11:48:49.870+0000] {processor.py:830} INFO - Processing file /opt/airflow/dags/pg_dbt.py for tasks to queue
[2025-11-02T11:48:49.881+0000] {logging_mixin.py:188} INFO - [2025-11-02T11:48:49.879+0000] {dagbag.py:538} INFO - Filling up the DagBag from /opt/airflow/dags/pg_dbt.py
[2025-11-02T11:48:49.967+0000] {processor.py:840} INFO - DAG(s) 'scheduled_dbt_pg_daily' retrieved from /opt/airflow/dags/pg_dbt.py
[2025-11-02T11:48:50.068+0000] {logging_mixin.py:188} INFO - [2025-11-02T11:48:50.067+0000] {dag.py:3036} INFO - Sync 1 DAGs
[2025-11-02T11:48:50.130+0000] {logging_mixin.py:188} INFO - [2025-11-02T11:48:50.130+0000] {dag.py:3823} INFO - Setting next_dagrun for scheduled_dbt_pg_daily to None, run_after=None
[2025-11-02T11:48:50.212+0000] {processor.py:183} INFO - Processing /opt/airflow/dags/pg_dbt.py took 0.356 seconds
[2025-11-02T11:49:23.086+0000] {processor.py:161} INFO - Started process (PID=1946) to work on /opt/airflow/dags/pg_dbt.py
[2025-11-02T11:49:23.088+0000] {processor.py:830} INFO - Processing file /opt/airflow/dags/pg_dbt.py for tasks to queue
[2025-11-02T11:49:23.090+0000] {logging_mixin.py:188} INFO - [2025-11-02T11:49:23.089+0000] {dagbag.py:538} INFO - Filling up the DagBag from /opt/airflow/dags/pg_dbt.py
[2025-11-02T11:49:23.125+0000] {processor.py:840} INFO - DAG(s) 'scheduled_dbt_pg_daily' retrieved from /opt/airflow/dags/pg_dbt.py
[2025-11-02T11:49:23.177+0000] {logging_mixin.py:188} INFO - [2025-11-02T11:49:23.177+0000] {dag.py:3036} INFO - Sync 1 DAGs
[2025-11-02T11:49:23.219+0000] {logging_mixin.py:188} INFO - [2025-11-02T11:49:23.218+0000] {dag.py:3823} INFO - Setting next_dagrun for scheduled_dbt_pg_daily to None, run_after=None
[2025-11-02T11:49:23.270+0000] {processor.py:183} INFO - Processing /opt/airflow/dags/pg_dbt.py took 0.191 seconds
[2025-11-02T11:49:56.642+0000] {processor.py:161} INFO - Started process (PID=1958) to work on /opt/airflow/dags/pg_dbt.py
[2025-11-02T11:49:56.646+0000] {processor.py:830} INFO - Processing file /opt/airflow/dags/pg_dbt.py for tasks to queue
[2025-11-02T11:49:56.649+0000] {logging_mixin.py:188} INFO - [2025-11-02T11:49:56.647+0000] {dagbag.py:538} INFO - Filling up the DagBag from /opt/airflow/dags/pg_dbt.py
[2025-11-02T11:49:56.689+0000] {processor.py:840} INFO - DAG(s) 'scheduled_dbt_pg_daily' retrieved from /opt/airflow/dags/pg_dbt.py
[2025-11-02T11:49:56.767+0000] {logging_mixin.py:188} INFO - [2025-11-02T11:49:56.767+0000] {dag.py:3036} INFO - Sync 1 DAGs
[2025-11-02T11:49:56.838+0000] {logging_mixin.py:188} INFO - [2025-11-02T11:49:56.835+0000] {dag.py:3823} INFO - Setting next_dagrun for scheduled_dbt_pg_daily to None, run_after=None
[2025-11-02T11:49:56.945+0000] {processor.py:183} INFO - Processing /opt/airflow/dags/pg_dbt.py took 0.311 seconds
[2025-11-02T11:50:29.274+0000] {processor.py:161} INFO - Started process (PID=1970) to work on /opt/airflow/dags/pg_dbt.py
[2025-11-02T11:50:29.277+0000] {processor.py:830} INFO - Processing file /opt/airflow/dags/pg_dbt.py for tasks to queue
[2025-11-02T11:50:29.279+0000] {logging_mixin.py:188} INFO - [2025-11-02T11:50:29.278+0000] {dagbag.py:538} INFO - Filling up the DagBag from /opt/airflow/dags/pg_dbt.py
[2025-11-02T11:50:29.325+0000] {processor.py:840} INFO - DAG(s) 'scheduled_dbt_pg_daily' retrieved from /opt/airflow/dags/pg_dbt.py
[2025-11-02T11:50:29.395+0000] {logging_mixin.py:188} INFO - [2025-11-02T11:50:29.395+0000] {dag.py:3036} INFO - Sync 1 DAGs
[2025-11-02T11:50:29.468+0000] {logging_mixin.py:188} INFO - [2025-11-02T11:50:29.468+0000] {dag.py:3823} INFO - Setting next_dagrun for scheduled_dbt_pg_daily to None, run_after=None
[2025-11-02T11:50:29.549+0000] {processor.py:183} INFO - Processing /opt/airflow/dags/pg_dbt.py took 0.289 seconds
[2025-11-02T11:51:03.100+0000] {processor.py:161} INFO - Started process (PID=1982) to work on /opt/airflow/dags/pg_dbt.py
[2025-11-02T11:51:03.107+0000] {processor.py:830} INFO - Processing file /opt/airflow/dags/pg_dbt.py for tasks to queue
[2025-11-02T11:51:03.109+0000] {logging_mixin.py:188} INFO - [2025-11-02T11:51:03.109+0000] {dagbag.py:538} INFO - Filling up the DagBag from /opt/airflow/dags/pg_dbt.py
[2025-11-02T11:51:03.154+0000] {processor.py:840} INFO - DAG(s) 'scheduled_dbt_pg_daily' retrieved from /opt/airflow/dags/pg_dbt.py
[2025-11-02T11:51:03.228+0000] {logging_mixin.py:188} INFO - [2025-11-02T11:51:03.227+0000] {dag.py:3036} INFO - Sync 1 DAGs
[2025-11-02T11:51:03.282+0000] {logging_mixin.py:188} INFO - [2025-11-02T11:51:03.282+0000] {dag.py:3823} INFO - Setting next_dagrun for scheduled_dbt_pg_daily to None, run_after=None
[2025-11-02T11:51:03.352+0000] {processor.py:183} INFO - Processing /opt/airflow/dags/pg_dbt.py took 0.263 seconds
[2025-11-02T11:51:35.925+0000] {processor.py:161} INFO - Started process (PID=1994) to work on /opt/airflow/dags/pg_dbt.py
[2025-11-02T11:51:35.928+0000] {processor.py:830} INFO - Processing file /opt/airflow/dags/pg_dbt.py for tasks to queue
[2025-11-02T11:51:35.936+0000] {logging_mixin.py:188} INFO - [2025-11-02T11:51:35.934+0000] {dagbag.py:538} INFO - Filling up the DagBag from /opt/airflow/dags/pg_dbt.py
[2025-11-02T11:51:35.992+0000] {processor.py:840} INFO - DAG(s) 'scheduled_dbt_pg_daily' retrieved from /opt/airflow/dags/pg_dbt.py
[2025-11-02T11:51:36.062+0000] {logging_mixin.py:188} INFO - [2025-11-02T11:51:36.059+0000] {dag.py:3036} INFO - Sync 1 DAGs
[2025-11-02T11:51:36.114+0000] {logging_mixin.py:188} INFO - [2025-11-02T11:51:36.114+0000] {dag.py:3823} INFO - Setting next_dagrun for scheduled_dbt_pg_daily to None, run_after=None
[2025-11-02T11:51:36.187+0000] {processor.py:183} INFO - Processing /opt/airflow/dags/pg_dbt.py took 0.269 seconds
[2025-11-02T11:52:09.891+0000] {processor.py:161} INFO - Started process (PID=2006) to work on /opt/airflow/dags/pg_dbt.py
[2025-11-02T11:52:09.894+0000] {processor.py:830} INFO - Processing file /opt/airflow/dags/pg_dbt.py for tasks to queue
[2025-11-02T11:52:09.897+0000] {logging_mixin.py:188} INFO - [2025-11-02T11:52:09.896+0000] {dagbag.py:538} INFO - Filling up the DagBag from /opt/airflow/dags/pg_dbt.py
[2025-11-02T11:52:09.948+0000] {processor.py:840} INFO - DAG(s) 'scheduled_dbt_pg_daily' retrieved from /opt/airflow/dags/pg_dbt.py
[2025-11-02T11:52:10.023+0000] {logging_mixin.py:188} INFO - [2025-11-02T11:52:10.023+0000] {dag.py:3036} INFO - Sync 1 DAGs
[2025-11-02T11:52:10.099+0000] {logging_mixin.py:188} INFO - [2025-11-02T11:52:10.098+0000] {dag.py:3823} INFO - Setting next_dagrun for scheduled_dbt_pg_daily to None, run_after=None
[2025-11-02T11:52:10.175+0000] {processor.py:183} INFO - Processing /opt/airflow/dags/pg_dbt.py took 0.300 seconds
[2025-11-02T11:52:43.240+0000] {processor.py:161} INFO - Started process (PID=2018) to work on /opt/airflow/dags/pg_dbt.py
[2025-11-02T11:52:43.242+0000] {processor.py:830} INFO - Processing file /opt/airflow/dags/pg_dbt.py for tasks to queue
[2025-11-02T11:52:43.245+0000] {logging_mixin.py:188} INFO - [2025-11-02T11:52:43.244+0000] {dagbag.py:538} INFO - Filling up the DagBag from /opt/airflow/dags/pg_dbt.py
[2025-11-02T11:52:43.288+0000] {processor.py:840} INFO - DAG(s) 'scheduled_dbt_pg_daily' retrieved from /opt/airflow/dags/pg_dbt.py
[2025-11-02T11:52:43.361+0000] {logging_mixin.py:188} INFO - [2025-11-02T11:52:43.361+0000] {dag.py:3036} INFO - Sync 1 DAGs
[2025-11-02T11:52:43.429+0000] {logging_mixin.py:188} INFO - [2025-11-02T11:52:43.428+0000] {dag.py:3823} INFO - Setting next_dagrun for scheduled_dbt_pg_daily to None, run_after=None
[2025-11-02T11:52:43.508+0000] {processor.py:183} INFO - Processing /opt/airflow/dags/pg_dbt.py took 0.275 seconds
[2025-11-02T11:53:16.220+0000] {processor.py:161} INFO - Started process (PID=2030) to work on /opt/airflow/dags/pg_dbt.py
[2025-11-02T11:53:16.223+0000] {processor.py:830} INFO - Processing file /opt/airflow/dags/pg_dbt.py for tasks to queue
[2025-11-02T11:53:16.226+0000] {logging_mixin.py:188} INFO - [2025-11-02T11:53:16.225+0000] {dagbag.py:538} INFO - Filling up the DagBag from /opt/airflow/dags/pg_dbt.py
[2025-11-02T11:53:16.265+0000] {processor.py:840} INFO - DAG(s) 'scheduled_dbt_pg_daily' retrieved from /opt/airflow/dags/pg_dbt.py
[2025-11-02T11:53:16.339+0000] {logging_mixin.py:188} INFO - [2025-11-02T11:53:16.339+0000] {dag.py:3036} INFO - Sync 1 DAGs
[2025-11-02T11:53:16.384+0000] {logging_mixin.py:188} INFO - [2025-11-02T11:53:16.384+0000] {dag.py:3823} INFO - Setting next_dagrun for scheduled_dbt_pg_daily to None, run_after=None
[2025-11-02T11:53:16.450+0000] {processor.py:183} INFO - Processing /opt/airflow/dags/pg_dbt.py took 0.238 seconds
[2025-11-02T11:53:49.411+0000] {processor.py:161} INFO - Started process (PID=2042) to work on /opt/airflow/dags/pg_dbt.py
[2025-11-02T11:53:49.413+0000] {processor.py:830} INFO - Processing file /opt/airflow/dags/pg_dbt.py for tasks to queue
[2025-11-02T11:53:49.416+0000] {logging_mixin.py:188} INFO - [2025-11-02T11:53:49.414+0000] {dagbag.py:538} INFO - Filling up the DagBag from /opt/airflow/dags/pg_dbt.py
[2025-11-02T11:53:49.448+0000] {processor.py:840} INFO - DAG(s) 'scheduled_dbt_pg_daily' retrieved from /opt/airflow/dags/pg_dbt.py
[2025-11-02T11:53:49.500+0000] {logging_mixin.py:188} INFO - [2025-11-02T11:53:49.500+0000] {dag.py:3036} INFO - Sync 1 DAGs
[2025-11-02T11:53:49.540+0000] {logging_mixin.py:188} INFO - [2025-11-02T11:53:49.540+0000] {dag.py:3823} INFO - Setting next_dagrun for scheduled_dbt_pg_daily to None, run_after=None
[2025-11-02T11:53:49.591+0000] {processor.py:183} INFO - Processing /opt/airflow/dags/pg_dbt.py took 0.187 seconds
[2025-11-02T11:54:23.126+0000] {processor.py:161} INFO - Started process (PID=2054) to work on /opt/airflow/dags/pg_dbt.py
[2025-11-02T11:54:23.129+0000] {processor.py:830} INFO - Processing file /opt/airflow/dags/pg_dbt.py for tasks to queue
[2025-11-02T11:54:23.132+0000] {logging_mixin.py:188} INFO - [2025-11-02T11:54:23.131+0000] {dagbag.py:538} INFO - Filling up the DagBag from /opt/airflow/dags/pg_dbt.py
[2025-11-02T11:54:23.173+0000] {processor.py:840} INFO - DAG(s) 'scheduled_dbt_pg_daily' retrieved from /opt/airflow/dags/pg_dbt.py
[2025-11-02T11:54:23.252+0000] {logging_mixin.py:188} INFO - [2025-11-02T11:54:23.252+0000] {dag.py:3036} INFO - Sync 1 DAGs
[2025-11-02T11:54:23.319+0000] {logging_mixin.py:188} INFO - [2025-11-02T11:54:23.318+0000] {dag.py:3823} INFO - Setting next_dagrun for scheduled_dbt_pg_daily to None, run_after=None
[2025-11-02T11:54:23.421+0000] {processor.py:183} INFO - Processing /opt/airflow/dags/pg_dbt.py took 0.311 seconds
[2025-11-02T11:54:56.043+0000] {processor.py:161} INFO - Started process (PID=2066) to work on /opt/airflow/dags/pg_dbt.py
[2025-11-02T11:54:56.046+0000] {processor.py:830} INFO - Processing file /opt/airflow/dags/pg_dbt.py for tasks to queue
[2025-11-02T11:54:56.053+0000] {logging_mixin.py:188} INFO - [2025-11-02T11:54:56.051+0000] {dagbag.py:538} INFO - Filling up the DagBag from /opt/airflow/dags/pg_dbt.py
[2025-11-02T11:54:56.114+0000] {processor.py:840} INFO - DAG(s) 'scheduled_dbt_pg_daily' retrieved from /opt/airflow/dags/pg_dbt.py
[2025-11-02T11:54:56.189+0000] {logging_mixin.py:188} INFO - [2025-11-02T11:54:56.189+0000] {dag.py:3036} INFO - Sync 1 DAGs
[2025-11-02T11:54:56.271+0000] {logging_mixin.py:188} INFO - [2025-11-02T11:54:56.270+0000] {dag.py:3823} INFO - Setting next_dagrun for scheduled_dbt_pg_daily to None, run_after=None
[2025-11-02T11:54:56.456+0000] {processor.py:183} INFO - Processing /opt/airflow/dags/pg_dbt.py took 0.420 seconds
[2025-11-02T11:55:29.634+0000] {processor.py:161} INFO - Started process (PID=2078) to work on /opt/airflow/dags/pg_dbt.py
[2025-11-02T11:55:29.637+0000] {processor.py:830} INFO - Processing file /opt/airflow/dags/pg_dbt.py for tasks to queue
[2025-11-02T11:55:29.640+0000] {logging_mixin.py:188} INFO - [2025-11-02T11:55:29.639+0000] {dagbag.py:538} INFO - Filling up the DagBag from /opt/airflow/dags/pg_dbt.py
[2025-11-02T11:55:29.692+0000] {processor.py:840} INFO - DAG(s) 'scheduled_dbt_pg_daily' retrieved from /opt/airflow/dags/pg_dbt.py
[2025-11-02T11:55:29.821+0000] {logging_mixin.py:188} INFO - [2025-11-02T11:55:29.820+0000] {dag.py:3036} INFO - Sync 1 DAGs
[2025-11-02T11:55:29.892+0000] {logging_mixin.py:188} INFO - [2025-11-02T11:55:29.892+0000] {dag.py:3823} INFO - Setting next_dagrun for scheduled_dbt_pg_daily to None, run_after=None
[2025-11-02T11:55:29.981+0000] {processor.py:183} INFO - Processing /opt/airflow/dags/pg_dbt.py took 0.360 seconds
[2025-11-02T11:56:02.766+0000] {processor.py:161} INFO - Started process (PID=2090) to work on /opt/airflow/dags/pg_dbt.py
[2025-11-02T11:56:02.769+0000] {processor.py:830} INFO - Processing file /opt/airflow/dags/pg_dbt.py for tasks to queue
[2025-11-02T11:56:02.772+0000] {logging_mixin.py:188} INFO - [2025-11-02T11:56:02.771+0000] {dagbag.py:538} INFO - Filling up the DagBag from /opt/airflow/dags/pg_dbt.py
[2025-11-02T11:56:02.805+0000] {processor.py:840} INFO - DAG(s) 'scheduled_dbt_pg_daily' retrieved from /opt/airflow/dags/pg_dbt.py
[2025-11-02T11:56:02.858+0000] {logging_mixin.py:188} INFO - [2025-11-02T11:56:02.857+0000] {dag.py:3036} INFO - Sync 1 DAGs
[2025-11-02T11:56:02.898+0000] {logging_mixin.py:188} INFO - [2025-11-02T11:56:02.898+0000] {dag.py:3823} INFO - Setting next_dagrun for scheduled_dbt_pg_daily to None, run_after=None
[2025-11-02T11:56:02.948+0000] {processor.py:183} INFO - Processing /opt/airflow/dags/pg_dbt.py took 0.192 seconds
[2025-11-02T11:56:36.674+0000] {processor.py:161} INFO - Started process (PID=2102) to work on /opt/airflow/dags/pg_dbt.py
[2025-11-02T11:56:36.676+0000] {processor.py:830} INFO - Processing file /opt/airflow/dags/pg_dbt.py for tasks to queue
[2025-11-02T11:56:36.680+0000] {logging_mixin.py:188} INFO - [2025-11-02T11:56:36.679+0000] {dagbag.py:538} INFO - Filling up the DagBag from /opt/airflow/dags/pg_dbt.py
[2025-11-02T11:56:36.707+0000] {processor.py:840} INFO - DAG(s) 'scheduled_dbt_pg_daily' retrieved from /opt/airflow/dags/pg_dbt.py
[2025-11-02T11:56:36.758+0000] {logging_mixin.py:188} INFO - [2025-11-02T11:56:36.757+0000] {dag.py:3036} INFO - Sync 1 DAGs
[2025-11-02T11:56:36.796+0000] {logging_mixin.py:188} INFO - [2025-11-02T11:56:36.796+0000] {dag.py:3823} INFO - Setting next_dagrun for scheduled_dbt_pg_daily to None, run_after=None
[2025-11-02T11:56:36.844+0000] {processor.py:183} INFO - Processing /opt/airflow/dags/pg_dbt.py took 0.178 seconds
[2025-11-02T11:57:09.304+0000] {processor.py:161} INFO - Started process (PID=2114) to work on /opt/airflow/dags/pg_dbt.py
[2025-11-02T11:57:09.308+0000] {processor.py:830} INFO - Processing file /opt/airflow/dags/pg_dbt.py for tasks to queue
[2025-11-02T11:57:09.310+0000] {logging_mixin.py:188} INFO - [2025-11-02T11:57:09.310+0000] {dagbag.py:538} INFO - Filling up the DagBag from /opt/airflow/dags/pg_dbt.py
[2025-11-02T11:57:09.364+0000] {processor.py:840} INFO - DAG(s) 'scheduled_dbt_pg_daily' retrieved from /opt/airflow/dags/pg_dbt.py
[2025-11-02T11:57:09.413+0000] {logging_mixin.py:188} INFO - [2025-11-02T11:57:09.413+0000] {dag.py:3036} INFO - Sync 1 DAGs
[2025-11-02T11:57:09.460+0000] {logging_mixin.py:188} INFO - [2025-11-02T11:57:09.460+0000] {dag.py:3823} INFO - Setting next_dagrun for scheduled_dbt_pg_daily to None, run_after=None
[2025-11-02T11:57:09.704+0000] {processor.py:183} INFO - Processing /opt/airflow/dags/pg_dbt.py took 0.413 seconds
[2025-11-02T11:57:42.778+0000] {processor.py:161} INFO - Started process (PID=2126) to work on /opt/airflow/dags/pg_dbt.py
[2025-11-02T11:57:42.782+0000] {processor.py:830} INFO - Processing file /opt/airflow/dags/pg_dbt.py for tasks to queue
[2025-11-02T11:57:42.786+0000] {logging_mixin.py:188} INFO - [2025-11-02T11:57:42.785+0000] {dagbag.py:538} INFO - Filling up the DagBag from /opt/airflow/dags/pg_dbt.py
[2025-11-02T11:57:42.829+0000] {processor.py:840} INFO - DAG(s) 'scheduled_dbt_pg_daily' retrieved from /opt/airflow/dags/pg_dbt.py
[2025-11-02T11:57:42.894+0000] {logging_mixin.py:188} INFO - [2025-11-02T11:57:42.893+0000] {dag.py:3036} INFO - Sync 1 DAGs
[2025-11-02T11:57:42.951+0000] {logging_mixin.py:188} INFO - [2025-11-02T11:57:42.951+0000] {dag.py:3823} INFO - Setting next_dagrun for scheduled_dbt_pg_daily to None, run_after=None
[2025-11-02T11:57:43.013+0000] {processor.py:183} INFO - Processing /opt/airflow/dags/pg_dbt.py took 0.243 seconds
[2025-11-02T11:58:16.674+0000] {processor.py:161} INFO - Started process (PID=2138) to work on /opt/airflow/dags/pg_dbt.py
[2025-11-02T11:58:16.680+0000] {processor.py:830} INFO - Processing file /opt/airflow/dags/pg_dbt.py for tasks to queue
[2025-11-02T11:58:16.683+0000] {logging_mixin.py:188} INFO - [2025-11-02T11:58:16.682+0000] {dagbag.py:538} INFO - Filling up the DagBag from /opt/airflow/dags/pg_dbt.py
[2025-11-02T11:58:16.716+0000] {processor.py:840} INFO - DAG(s) 'scheduled_dbt_pg_daily' retrieved from /opt/airflow/dags/pg_dbt.py
[2025-11-02T11:58:16.776+0000] {logging_mixin.py:188} INFO - [2025-11-02T11:58:16.776+0000] {dag.py:3036} INFO - Sync 1 DAGs
[2025-11-02T11:58:16.813+0000] {logging_mixin.py:188} INFO - [2025-11-02T11:58:16.813+0000] {dag.py:3823} INFO - Setting next_dagrun for scheduled_dbt_pg_daily to None, run_after=None
[2025-11-02T11:58:16.885+0000] {processor.py:183} INFO - Processing /opt/airflow/dags/pg_dbt.py took 0.220 seconds
[2025-11-02T11:58:49.536+0000] {processor.py:161} INFO - Started process (PID=2150) to work on /opt/airflow/dags/pg_dbt.py
[2025-11-02T11:58:49.538+0000] {processor.py:830} INFO - Processing file /opt/airflow/dags/pg_dbt.py for tasks to queue
[2025-11-02T11:58:49.541+0000] {logging_mixin.py:188} INFO - [2025-11-02T11:58:49.540+0000] {dagbag.py:538} INFO - Filling up the DagBag from /opt/airflow/dags/pg_dbt.py
[2025-11-02T11:58:49.577+0000] {processor.py:840} INFO - DAG(s) 'scheduled_dbt_pg_daily' retrieved from /opt/airflow/dags/pg_dbt.py
[2025-11-02T11:58:49.656+0000] {logging_mixin.py:188} INFO - [2025-11-02T11:58:49.656+0000] {dag.py:3036} INFO - Sync 1 DAGs
[2025-11-02T11:58:49.716+0000] {logging_mixin.py:188} INFO - [2025-11-02T11:58:49.716+0000] {dag.py:3823} INFO - Setting next_dagrun for scheduled_dbt_pg_daily to None, run_after=None
[2025-11-02T11:58:49.779+0000] {processor.py:183} INFO - Processing /opt/airflow/dags/pg_dbt.py took 0.252 seconds
[2025-11-02T11:59:22.799+0000] {processor.py:161} INFO - Started process (PID=2163) to work on /opt/airflow/dags/pg_dbt.py
[2025-11-02T11:59:22.802+0000] {processor.py:830} INFO - Processing file /opt/airflow/dags/pg_dbt.py for tasks to queue
[2025-11-02T11:59:22.804+0000] {logging_mixin.py:188} INFO - [2025-11-02T11:59:22.803+0000] {dagbag.py:538} INFO - Filling up the DagBag from /opt/airflow/dags/pg_dbt.py
[2025-11-02T11:59:22.845+0000] {processor.py:840} INFO - DAG(s) 'scheduled_dbt_pg_daily' retrieved from /opt/airflow/dags/pg_dbt.py
[2025-11-02T11:59:22.930+0000] {logging_mixin.py:188} INFO - [2025-11-02T11:59:22.930+0000] {dag.py:3036} INFO - Sync 1 DAGs
[2025-11-02T11:59:23.006+0000] {logging_mixin.py:188} INFO - [2025-11-02T11:59:23.006+0000] {dag.py:3823} INFO - Setting next_dagrun for scheduled_dbt_pg_daily to None, run_after=None
[2025-11-02T11:59:23.067+0000] {processor.py:183} INFO - Processing /opt/airflow/dags/pg_dbt.py took 0.286 seconds
[2025-11-02T11:59:56.898+0000] {processor.py:161} INFO - Started process (PID=2175) to work on /opt/airflow/dags/pg_dbt.py
[2025-11-02T11:59:56.900+0000] {processor.py:830} INFO - Processing file /opt/airflow/dags/pg_dbt.py for tasks to queue
[2025-11-02T11:59:56.902+0000] {logging_mixin.py:188} INFO - [2025-11-02T11:59:56.901+0000] {dagbag.py:538} INFO - Filling up the DagBag from /opt/airflow/dags/pg_dbt.py
[2025-11-02T11:59:56.945+0000] {processor.py:840} INFO - DAG(s) 'scheduled_dbt_pg_daily' retrieved from /opt/airflow/dags/pg_dbt.py
[2025-11-02T11:59:57.000+0000] {logging_mixin.py:188} INFO - [2025-11-02T11:59:57.000+0000] {dag.py:3036} INFO - Sync 1 DAGs
[2025-11-02T11:59:57.053+0000] {logging_mixin.py:188} INFO - [2025-11-02T11:59:57.053+0000] {dag.py:3823} INFO - Setting next_dagrun for scheduled_dbt_pg_daily to None, run_after=None
[2025-11-02T11:59:57.125+0000] {processor.py:183} INFO - Processing /opt/airflow/dags/pg_dbt.py took 0.236 seconds
[2025-11-02T12:00:29.680+0000] {processor.py:161} INFO - Started process (PID=2187) to work on /opt/airflow/dags/pg_dbt.py
[2025-11-02T12:00:29.688+0000] {processor.py:830} INFO - Processing file /opt/airflow/dags/pg_dbt.py for tasks to queue
[2025-11-02T12:00:29.690+0000] {logging_mixin.py:188} INFO - [2025-11-02T12:00:29.689+0000] {dagbag.py:538} INFO - Filling up the DagBag from /opt/airflow/dags/pg_dbt.py
[2025-11-02T12:00:29.724+0000] {processor.py:840} INFO - DAG(s) 'scheduled_dbt_pg_daily' retrieved from /opt/airflow/dags/pg_dbt.py
[2025-11-02T12:00:29.776+0000] {logging_mixin.py:188} INFO - [2025-11-02T12:00:29.776+0000] {dag.py:3036} INFO - Sync 1 DAGs
[2025-11-02T12:00:29.827+0000] {logging_mixin.py:188} INFO - [2025-11-02T12:00:29.827+0000] {dag.py:3823} INFO - Setting next_dagrun for scheduled_dbt_pg_daily to None, run_after=None
[2025-11-02T12:00:29.901+0000] {processor.py:183} INFO - Processing /opt/airflow/dags/pg_dbt.py took 0.228 seconds
[2025-11-02T12:01:00.744+0000] {processor.py:161} INFO - Started process (PID=2199) to work on /opt/airflow/dags/pg_dbt.py
[2025-11-02T12:01:00.747+0000] {processor.py:830} INFO - Processing file /opt/airflow/dags/pg_dbt.py for tasks to queue
[2025-11-02T12:01:00.750+0000] {logging_mixin.py:188} INFO - [2025-11-02T12:01:00.749+0000] {dagbag.py:538} INFO - Filling up the DagBag from /opt/airflow/dags/pg_dbt.py
[2025-11-02T12:01:00.811+0000] {processor.py:840} INFO - DAG(s) 'scheduled_dbt_pg_daily' retrieved from /opt/airflow/dags/pg_dbt.py
[2025-11-02T12:01:00.884+0000] {logging_mixin.py:188} INFO - [2025-11-02T12:01:00.884+0000] {dag.py:3036} INFO - Sync 1 DAGs
[2025-11-02T12:01:00.924+0000] {logging_mixin.py:188} INFO - [2025-11-02T12:01:00.923+0000] {dag.py:3823} INFO - Setting next_dagrun for scheduled_dbt_pg_daily to None, run_after=None
[2025-11-02T12:01:00.986+0000] {processor.py:183} INFO - Processing /opt/airflow/dags/pg_dbt.py took 0.253 seconds
[2025-11-02T12:01:31.797+0000] {processor.py:161} INFO - Started process (PID=2211) to work on /opt/airflow/dags/pg_dbt.py
[2025-11-02T12:01:31.801+0000] {processor.py:830} INFO - Processing file /opt/airflow/dags/pg_dbt.py for tasks to queue
[2025-11-02T12:01:31.804+0000] {logging_mixin.py:188} INFO - [2025-11-02T12:01:31.803+0000] {dagbag.py:538} INFO - Filling up the DagBag from /opt/airflow/dags/pg_dbt.py
[2025-11-02T12:01:31.840+0000] {processor.py:840} INFO - DAG(s) 'scheduled_dbt_pg_daily' retrieved from /opt/airflow/dags/pg_dbt.py
[2025-11-02T12:01:31.920+0000] {logging_mixin.py:188} INFO - [2025-11-02T12:01:31.920+0000] {dag.py:3036} INFO - Sync 1 DAGs
[2025-11-02T12:01:31.972+0000] {logging_mixin.py:188} INFO - [2025-11-02T12:01:31.972+0000] {dag.py:3823} INFO - Setting next_dagrun for scheduled_dbt_pg_daily to None, run_after=None
[2025-11-02T12:01:32.046+0000] {processor.py:183} INFO - Processing /opt/airflow/dags/pg_dbt.py took 0.266 seconds
[2025-11-02T12:02:02.127+0000] {processor.py:161} INFO - Started process (PID=2222) to work on /opt/airflow/dags/pg_dbt.py
[2025-11-02T12:02:02.129+0000] {processor.py:830} INFO - Processing file /opt/airflow/dags/pg_dbt.py for tasks to queue
[2025-11-02T12:02:02.131+0000] {logging_mixin.py:188} INFO - [2025-11-02T12:02:02.131+0000] {dagbag.py:538} INFO - Filling up the DagBag from /opt/airflow/dags/pg_dbt.py
[2025-11-02T12:02:02.191+0000] {processor.py:840} INFO - DAG(s) 'scheduled_dbt_pg_daily' retrieved from /opt/airflow/dags/pg_dbt.py
[2025-11-02T12:02:02.280+0000] {logging_mixin.py:188} INFO - [2025-11-02T12:02:02.279+0000] {dag.py:3036} INFO - Sync 1 DAGs
[2025-11-02T12:02:02.348+0000] {logging_mixin.py:188} INFO - [2025-11-02T12:02:02.348+0000] {dag.py:3823} INFO - Setting next_dagrun for scheduled_dbt_pg_daily to None, run_after=None
[2025-11-02T12:02:02.412+0000] {processor.py:183} INFO - Processing /opt/airflow/dags/pg_dbt.py took 0.298 seconds
[2025-11-02T12:02:33.071+0000] {processor.py:161} INFO - Started process (PID=2235) to work on /opt/airflow/dags/pg_dbt.py
[2025-11-02T12:02:33.073+0000] {processor.py:830} INFO - Processing file /opt/airflow/dags/pg_dbt.py for tasks to queue
[2025-11-02T12:02:33.075+0000] {logging_mixin.py:188} INFO - [2025-11-02T12:02:33.075+0000] {dagbag.py:538} INFO - Filling up the DagBag from /opt/airflow/dags/pg_dbt.py
[2025-11-02T12:02:33.119+0000] {processor.py:840} INFO - DAG(s) 'scheduled_dbt_pg_daily' retrieved from /opt/airflow/dags/pg_dbt.py
[2025-11-02T12:02:33.198+0000] {logging_mixin.py:188} INFO - [2025-11-02T12:02:33.196+0000] {dag.py:3036} INFO - Sync 1 DAGs
[2025-11-02T12:02:33.246+0000] {logging_mixin.py:188} INFO - [2025-11-02T12:02:33.245+0000] {dag.py:3823} INFO - Setting next_dagrun for scheduled_dbt_pg_daily to None, run_after=None
[2025-11-02T12:02:33.326+0000] {processor.py:183} INFO - Processing /opt/airflow/dags/pg_dbt.py took 0.267 seconds
[2025-11-02T12:03:03.767+0000] {processor.py:161} INFO - Started process (PID=2247) to work on /opt/airflow/dags/pg_dbt.py
[2025-11-02T12:03:03.769+0000] {processor.py:830} INFO - Processing file /opt/airflow/dags/pg_dbt.py for tasks to queue
[2025-11-02T12:03:03.771+0000] {logging_mixin.py:188} INFO - [2025-11-02T12:03:03.771+0000] {dagbag.py:538} INFO - Filling up the DagBag from /opt/airflow/dags/pg_dbt.py
[2025-11-02T12:03:03.846+0000] {processor.py:840} INFO - DAG(s) 'scheduled_dbt_pg_daily' retrieved from /opt/airflow/dags/pg_dbt.py
[2025-11-02T12:03:03.922+0000] {logging_mixin.py:188} INFO - [2025-11-02T12:03:03.921+0000] {dag.py:3036} INFO - Sync 1 DAGs
[2025-11-02T12:03:03.974+0000] {logging_mixin.py:188} INFO - [2025-11-02T12:03:03.973+0000] {dag.py:3823} INFO - Setting next_dagrun for scheduled_dbt_pg_daily to None, run_after=None
[2025-11-02T12:03:04.045+0000] {processor.py:183} INFO - Processing /opt/airflow/dags/pg_dbt.py took 0.290 seconds
[2025-11-02T12:03:34.672+0000] {processor.py:161} INFO - Started process (PID=2260) to work on /opt/airflow/dags/pg_dbt.py
[2025-11-02T12:03:34.675+0000] {processor.py:830} INFO - Processing file /opt/airflow/dags/pg_dbt.py for tasks to queue
[2025-11-02T12:03:34.677+0000] {logging_mixin.py:188} INFO - [2025-11-02T12:03:34.676+0000] {dagbag.py:538} INFO - Filling up the DagBag from /opt/airflow/dags/pg_dbt.py
[2025-11-02T12:03:34.713+0000] {processor.py:840} INFO - DAG(s) 'scheduled_dbt_pg_daily' retrieved from /opt/airflow/dags/pg_dbt.py
[2025-11-02T12:03:34.791+0000] {logging_mixin.py:188} INFO - [2025-11-02T12:03:34.791+0000] {dag.py:3036} INFO - Sync 1 DAGs
[2025-11-02T12:03:34.847+0000] {logging_mixin.py:188} INFO - [2025-11-02T12:03:34.846+0000] {dag.py:3823} INFO - Setting next_dagrun for scheduled_dbt_pg_daily to None, run_after=None
[2025-11-02T12:03:34.925+0000] {processor.py:183} INFO - Processing /opt/airflow/dags/pg_dbt.py took 0.262 seconds
[2025-11-02T12:04:05.556+0000] {processor.py:161} INFO - Started process (PID=2272) to work on /opt/airflow/dags/pg_dbt.py
[2025-11-02T12:04:05.559+0000] {processor.py:830} INFO - Processing file /opt/airflow/dags/pg_dbt.py for tasks to queue
[2025-11-02T12:04:05.563+0000] {logging_mixin.py:188} INFO - [2025-11-02T12:04:05.560+0000] {dagbag.py:538} INFO - Filling up the DagBag from /opt/airflow/dags/pg_dbt.py
[2025-11-02T12:04:05.607+0000] {processor.py:840} INFO - DAG(s) 'scheduled_dbt_pg_daily' retrieved from /opt/airflow/dags/pg_dbt.py
[2025-11-02T12:04:05.719+0000] {logging_mixin.py:188} INFO - [2025-11-02T12:04:05.717+0000] {dag.py:3036} INFO - Sync 1 DAGs
[2025-11-02T12:04:05.798+0000] {logging_mixin.py:188} INFO - [2025-11-02T12:04:05.797+0000] {dag.py:3823} INFO - Setting next_dagrun for scheduled_dbt_pg_daily to None, run_after=None
[2025-11-02T12:04:05.895+0000] {processor.py:183} INFO - Processing /opt/airflow/dags/pg_dbt.py took 0.353 seconds
[2025-11-02T12:04:36.666+0000] {processor.py:161} INFO - Started process (PID=2278) to work on /opt/airflow/dags/pg_dbt.py
[2025-11-02T12:04:36.669+0000] {processor.py:830} INFO - Processing file /opt/airflow/dags/pg_dbt.py for tasks to queue
[2025-11-02T12:04:36.671+0000] {logging_mixin.py:188} INFO - [2025-11-02T12:04:36.670+0000] {dagbag.py:538} INFO - Filling up the DagBag from /opt/airflow/dags/pg_dbt.py
[2025-11-02T12:04:36.721+0000] {processor.py:840} INFO - DAG(s) 'scheduled_dbt_pg_daily' retrieved from /opt/airflow/dags/pg_dbt.py
[2025-11-02T12:04:36.785+0000] {logging_mixin.py:188} INFO - [2025-11-02T12:04:36.785+0000] {dag.py:3036} INFO - Sync 1 DAGs
[2025-11-02T12:04:36.858+0000] {logging_mixin.py:188} INFO - [2025-11-02T12:04:36.858+0000] {dag.py:3823} INFO - Setting next_dagrun for scheduled_dbt_pg_daily to None, run_after=None
[2025-11-02T12:04:36.944+0000] {processor.py:183} INFO - Processing /opt/airflow/dags/pg_dbt.py took 0.290 seconds
[2025-11-02T12:05:07.203+0000] {processor.py:161} INFO - Started process (PID=2290) to work on /opt/airflow/dags/pg_dbt.py
[2025-11-02T12:05:07.205+0000] {processor.py:830} INFO - Processing file /opt/airflow/dags/pg_dbt.py for tasks to queue
[2025-11-02T12:05:07.207+0000] {logging_mixin.py:188} INFO - [2025-11-02T12:05:07.207+0000] {dagbag.py:538} INFO - Filling up the DagBag from /opt/airflow/dags/pg_dbt.py
[2025-11-02T12:05:07.248+0000] {processor.py:840} INFO - DAG(s) 'scheduled_dbt_pg_daily' retrieved from /opt/airflow/dags/pg_dbt.py
[2025-11-02T12:05:07.314+0000] {logging_mixin.py:188} INFO - [2025-11-02T12:05:07.314+0000] {dag.py:3036} INFO - Sync 1 DAGs
[2025-11-02T12:05:07.373+0000] {logging_mixin.py:188} INFO - [2025-11-02T12:05:07.372+0000] {dag.py:3823} INFO - Setting next_dagrun for scheduled_dbt_pg_daily to None, run_after=None
[2025-11-02T12:05:07.463+0000] {processor.py:183} INFO - Processing /opt/airflow/dags/pg_dbt.py took 0.271 seconds
[2025-11-02T12:05:37.806+0000] {processor.py:161} INFO - Started process (PID=2302) to work on /opt/airflow/dags/pg_dbt.py
[2025-11-02T12:05:37.812+0000] {processor.py:830} INFO - Processing file /opt/airflow/dags/pg_dbt.py for tasks to queue
[2025-11-02T12:05:37.817+0000] {logging_mixin.py:188} INFO - [2025-11-02T12:05:37.816+0000] {dagbag.py:538} INFO - Filling up the DagBag from /opt/airflow/dags/pg_dbt.py
[2025-11-02T12:05:37.857+0000] {processor.py:840} INFO - DAG(s) 'scheduled_dbt_pg_daily' retrieved from /opt/airflow/dags/pg_dbt.py
[2025-11-02T12:05:37.947+0000] {logging_mixin.py:188} INFO - [2025-11-02T12:05:37.947+0000] {dag.py:3036} INFO - Sync 1 DAGs
[2025-11-02T12:05:38.011+0000] {logging_mixin.py:188} INFO - [2025-11-02T12:05:38.011+0000] {dag.py:3823} INFO - Setting next_dagrun for scheduled_dbt_pg_daily to None, run_after=None
[2025-11-02T12:05:38.192+0000] {processor.py:183} INFO - Processing /opt/airflow/dags/pg_dbt.py took 0.404 seconds
[2025-11-02T12:06:08.494+0000] {processor.py:161} INFO - Started process (PID=2313) to work on /opt/airflow/dags/pg_dbt.py
[2025-11-02T12:06:08.496+0000] {processor.py:830} INFO - Processing file /opt/airflow/dags/pg_dbt.py for tasks to queue
[2025-11-02T12:06:08.499+0000] {logging_mixin.py:188} INFO - [2025-11-02T12:06:08.498+0000] {dagbag.py:538} INFO - Filling up the DagBag from /opt/airflow/dags/pg_dbt.py
[2025-11-02T12:06:08.568+0000] {processor.py:840} INFO - DAG(s) 'scheduled_dbt_pg_daily' retrieved from /opt/airflow/dags/pg_dbt.py
[2025-11-02T12:06:08.671+0000] {logging_mixin.py:188} INFO - [2025-11-02T12:06:08.670+0000] {dag.py:3036} INFO - Sync 1 DAGs
[2025-11-02T12:06:08.865+0000] {logging_mixin.py:188} INFO - [2025-11-02T12:06:08.865+0000] {dag.py:3823} INFO - Setting next_dagrun for scheduled_dbt_pg_daily to None, run_after=None
[2025-11-02T12:06:09.114+0000] {processor.py:183} INFO - Processing /opt/airflow/dags/pg_dbt.py took 0.635 seconds
[2025-11-02T12:06:39.374+0000] {processor.py:161} INFO - Started process (PID=2325) to work on /opt/airflow/dags/pg_dbt.py
[2025-11-02T12:06:39.376+0000] {processor.py:830} INFO - Processing file /opt/airflow/dags/pg_dbt.py for tasks to queue
[2025-11-02T12:06:39.378+0000] {logging_mixin.py:188} INFO - [2025-11-02T12:06:39.377+0000] {dagbag.py:538} INFO - Filling up the DagBag from /opt/airflow/dags/pg_dbt.py
[2025-11-02T12:06:39.425+0000] {processor.py:840} INFO - DAG(s) 'scheduled_dbt_pg_daily' retrieved from /opt/airflow/dags/pg_dbt.py
[2025-11-02T12:06:39.496+0000] {logging_mixin.py:188} INFO - [2025-11-02T12:06:39.495+0000] {dag.py:3036} INFO - Sync 1 DAGs
[2025-11-02T12:06:39.547+0000] {logging_mixin.py:188} INFO - [2025-11-02T12:06:39.546+0000] {dag.py:3823} INFO - Setting next_dagrun for scheduled_dbt_pg_daily to None, run_after=None
[2025-11-02T12:06:39.760+0000] {processor.py:183} INFO - Processing /opt/airflow/dags/pg_dbt.py took 0.400 seconds
[2025-11-02T12:07:10.767+0000] {processor.py:161} INFO - Started process (PID=2337) to work on /opt/airflow/dags/pg_dbt.py
[2025-11-02T12:07:10.769+0000] {processor.py:830} INFO - Processing file /opt/airflow/dags/pg_dbt.py for tasks to queue
[2025-11-02T12:07:10.771+0000] {logging_mixin.py:188} INFO - [2025-11-02T12:07:10.771+0000] {dagbag.py:538} INFO - Filling up the DagBag from /opt/airflow/dags/pg_dbt.py
[2025-11-02T12:07:10.811+0000] {processor.py:840} INFO - DAG(s) 'scheduled_dbt_pg_daily' retrieved from /opt/airflow/dags/pg_dbt.py
[2025-11-02T12:07:10.884+0000] {logging_mixin.py:188} INFO - [2025-11-02T12:07:10.883+0000] {dag.py:3036} INFO - Sync 1 DAGs
[2025-11-02T12:07:10.937+0000] {logging_mixin.py:188} INFO - [2025-11-02T12:07:10.936+0000] {dag.py:3823} INFO - Setting next_dagrun for scheduled_dbt_pg_daily to None, run_after=None
[2025-11-02T12:07:11.020+0000] {processor.py:183} INFO - Processing /opt/airflow/dags/pg_dbt.py took 0.262 seconds
[2025-11-02T12:07:42.885+0000] {processor.py:161} INFO - Started process (PID=2346) to work on /opt/airflow/dags/pg_dbt.py
[2025-11-02T12:07:42.887+0000] {processor.py:830} INFO - Processing file /opt/airflow/dags/pg_dbt.py for tasks to queue
[2025-11-02T12:07:42.889+0000] {logging_mixin.py:188} INFO - [2025-11-02T12:07:42.888+0000] {dagbag.py:538} INFO - Filling up the DagBag from /opt/airflow/dags/pg_dbt.py
[2025-11-02T12:07:42.941+0000] {processor.py:840} INFO - DAG(s) 'scheduled_dbt_pg_daily' retrieved from /opt/airflow/dags/pg_dbt.py
[2025-11-02T12:07:43.022+0000] {logging_mixin.py:188} INFO - [2025-11-02T12:07:43.021+0000] {dag.py:3036} INFO - Sync 1 DAGs
[2025-11-02T12:07:43.230+0000] {logging_mixin.py:188} INFO - [2025-11-02T12:07:43.229+0000] {dag.py:3823} INFO - Setting next_dagrun for scheduled_dbt_pg_daily to None, run_after=None
[2025-11-02T12:07:43.372+0000] {processor.py:183} INFO - Processing /opt/airflow/dags/pg_dbt.py took 0.500 seconds
[2025-11-02T12:08:17.014+0000] {processor.py:161} INFO - Started process (PID=2358) to work on /opt/airflow/dags/pg_dbt.py
[2025-11-02T12:08:17.021+0000] {processor.py:830} INFO - Processing file /opt/airflow/dags/pg_dbt.py for tasks to queue
[2025-11-02T12:08:17.025+0000] {logging_mixin.py:188} INFO - [2025-11-02T12:08:17.024+0000] {dagbag.py:538} INFO - Filling up the DagBag from /opt/airflow/dags/pg_dbt.py
[2025-11-02T12:08:17.080+0000] {processor.py:840} INFO - DAG(s) 'scheduled_dbt_pg_daily' retrieved from /opt/airflow/dags/pg_dbt.py
[2025-11-02T12:08:17.177+0000] {logging_mixin.py:188} INFO - [2025-11-02T12:08:17.176+0000] {dag.py:3036} INFO - Sync 1 DAGs
[2025-11-02T12:08:17.234+0000] {logging_mixin.py:188} INFO - [2025-11-02T12:08:17.234+0000] {dag.py:3823} INFO - Setting next_dagrun for scheduled_dbt_pg_daily to None, run_after=None
[2025-11-02T12:08:17.298+0000] {processor.py:183} INFO - Processing /opt/airflow/dags/pg_dbt.py took 0.295 seconds
[2025-11-02T12:08:50.277+0000] {processor.py:161} INFO - Started process (PID=2370) to work on /opt/airflow/dags/pg_dbt.py
[2025-11-02T12:08:50.279+0000] {processor.py:830} INFO - Processing file /opt/airflow/dags/pg_dbt.py for tasks to queue
[2025-11-02T12:08:50.281+0000] {logging_mixin.py:188} INFO - [2025-11-02T12:08:50.281+0000] {dagbag.py:538} INFO - Filling up the DagBag from /opt/airflow/dags/pg_dbt.py
[2025-11-02T12:08:50.336+0000] {processor.py:840} INFO - DAG(s) 'scheduled_dbt_pg_daily' retrieved from /opt/airflow/dags/pg_dbt.py
[2025-11-02T12:08:50.466+0000] {logging_mixin.py:188} INFO - [2025-11-02T12:08:50.466+0000] {dag.py:3036} INFO - Sync 1 DAGs
[2025-11-02T12:08:50.649+0000] {logging_mixin.py:188} INFO - [2025-11-02T12:08:50.649+0000] {dag.py:3823} INFO - Setting next_dagrun for scheduled_dbt_pg_daily to None, run_after=None
[2025-11-02T12:08:50.847+0000] {processor.py:183} INFO - Processing /opt/airflow/dags/pg_dbt.py took 0.585 seconds
[2025-11-02T12:09:24.037+0000] {processor.py:161} INFO - Started process (PID=2382) to work on /opt/airflow/dags/pg_dbt.py
[2025-11-02T12:09:24.039+0000] {processor.py:830} INFO - Processing file /opt/airflow/dags/pg_dbt.py for tasks to queue
[2025-11-02T12:09:24.043+0000] {logging_mixin.py:188} INFO - [2025-11-02T12:09:24.042+0000] {dagbag.py:538} INFO - Filling up the DagBag from /opt/airflow/dags/pg_dbt.py
[2025-11-02T12:09:24.088+0000] {processor.py:840} INFO - DAG(s) 'scheduled_dbt_pg_daily' retrieved from /opt/airflow/dags/pg_dbt.py
[2025-11-02T12:09:24.168+0000] {logging_mixin.py:188} INFO - [2025-11-02T12:09:24.168+0000] {dag.py:3036} INFO - Sync 1 DAGs
[2025-11-02T12:09:24.227+0000] {logging_mixin.py:188} INFO - [2025-11-02T12:09:24.227+0000] {dag.py:3823} INFO - Setting next_dagrun for scheduled_dbt_pg_daily to None, run_after=None
[2025-11-02T12:09:24.447+0000] {processor.py:183} INFO - Processing /opt/airflow/dags/pg_dbt.py took 0.419 seconds
[2025-11-02T12:09:56.578+0000] {processor.py:161} INFO - Started process (PID=2393) to work on /opt/airflow/dags/pg_dbt.py
[2025-11-02T12:09:56.582+0000] {processor.py:830} INFO - Processing file /opt/airflow/dags/pg_dbt.py for tasks to queue
[2025-11-02T12:09:56.585+0000] {logging_mixin.py:188} INFO - [2025-11-02T12:09:56.584+0000] {dagbag.py:538} INFO - Filling up the DagBag from /opt/airflow/dags/pg_dbt.py
[2025-11-02T12:09:56.620+0000] {processor.py:840} INFO - DAG(s) 'scheduled_dbt_pg_daily' retrieved from /opt/airflow/dags/pg_dbt.py
[2025-11-02T12:09:56.669+0000] {logging_mixin.py:188} INFO - [2025-11-02T12:09:56.669+0000] {dag.py:3036} INFO - Sync 1 DAGs
[2025-11-02T12:09:56.720+0000] {logging_mixin.py:188} INFO - [2025-11-02T12:09:56.720+0000] {dag.py:3823} INFO - Setting next_dagrun for scheduled_dbt_pg_daily to None, run_after=None
[2025-11-02T12:09:56.970+0000] {processor.py:183} INFO - Processing /opt/airflow/dags/pg_dbt.py took 0.400 seconds
[2025-11-02T12:10:29.735+0000] {processor.py:161} INFO - Started process (PID=2406) to work on /opt/airflow/dags/pg_dbt.py
[2025-11-02T12:10:29.737+0000] {processor.py:830} INFO - Processing file /opt/airflow/dags/pg_dbt.py for tasks to queue
[2025-11-02T12:10:29.740+0000] {logging_mixin.py:188} INFO - [2025-11-02T12:10:29.739+0000] {dagbag.py:538} INFO - Filling up the DagBag from /opt/airflow/dags/pg_dbt.py
[2025-11-02T12:10:29.783+0000] {processor.py:840} INFO - DAG(s) 'scheduled_dbt_pg_daily' retrieved from /opt/airflow/dags/pg_dbt.py
[2025-11-02T12:10:29.878+0000] {logging_mixin.py:188} INFO - [2025-11-02T12:10:29.877+0000] {dag.py:3036} INFO - Sync 1 DAGs
[2025-11-02T12:10:29.964+0000] {logging_mixin.py:188} INFO - [2025-11-02T12:10:29.963+0000] {dag.py:3823} INFO - Setting next_dagrun for scheduled_dbt_pg_daily to None, run_after=None
[2025-11-02T12:10:30.044+0000] {processor.py:183} INFO - Processing /opt/airflow/dags/pg_dbt.py took 0.324 seconds
[2025-11-02T12:11:03.532+0000] {processor.py:161} INFO - Started process (PID=2418) to work on /opt/airflow/dags/pg_dbt.py
[2025-11-02T12:11:03.535+0000] {processor.py:830} INFO - Processing file /opt/airflow/dags/pg_dbt.py for tasks to queue
[2025-11-02T12:11:03.537+0000] {logging_mixin.py:188} INFO - [2025-11-02T12:11:03.537+0000] {dagbag.py:538} INFO - Filling up the DagBag from /opt/airflow/dags/pg_dbt.py
[2025-11-02T12:11:03.586+0000] {processor.py:840} INFO - DAG(s) 'scheduled_dbt_pg_daily' retrieved from /opt/airflow/dags/pg_dbt.py
[2025-11-02T12:11:03.656+0000] {logging_mixin.py:188} INFO - [2025-11-02T12:11:03.655+0000] {dag.py:3036} INFO - Sync 1 DAGs
[2025-11-02T12:11:03.705+0000] {logging_mixin.py:188} INFO - [2025-11-02T12:11:03.705+0000] {dag.py:3823} INFO - Setting next_dagrun for scheduled_dbt_pg_daily to None, run_after=None
[2025-11-02T12:11:03.776+0000] {processor.py:183} INFO - Processing /opt/airflow/dags/pg_dbt.py took 0.257 seconds
[2025-11-02T12:11:36.311+0000] {processor.py:161} INFO - Started process (PID=2430) to work on /opt/airflow/dags/pg_dbt.py
[2025-11-02T12:11:36.313+0000] {processor.py:830} INFO - Processing file /opt/airflow/dags/pg_dbt.py for tasks to queue
[2025-11-02T12:11:36.315+0000] {logging_mixin.py:188} INFO - [2025-11-02T12:11:36.315+0000] {dagbag.py:538} INFO - Filling up the DagBag from /opt/airflow/dags/pg_dbt.py
[2025-11-02T12:11:36.351+0000] {processor.py:840} INFO - DAG(s) 'scheduled_dbt_pg_daily' retrieved from /opt/airflow/dags/pg_dbt.py
[2025-11-02T12:11:36.402+0000] {logging_mixin.py:188} INFO - [2025-11-02T12:11:36.402+0000] {dag.py:3036} INFO - Sync 1 DAGs
[2025-11-02T12:11:36.444+0000] {logging_mixin.py:188} INFO - [2025-11-02T12:11:36.444+0000] {dag.py:3823} INFO - Setting next_dagrun for scheduled_dbt_pg_daily to None, run_after=None
[2025-11-02T12:11:36.496+0000] {processor.py:183} INFO - Processing /opt/airflow/dags/pg_dbt.py took 0.195 seconds
[2025-11-02T12:12:07.041+0000] {processor.py:161} INFO - Started process (PID=2442) to work on /opt/airflow/dags/pg_dbt.py
[2025-11-02T12:12:07.045+0000] {processor.py:830} INFO - Processing file /opt/airflow/dags/pg_dbt.py for tasks to queue
[2025-11-02T12:12:07.049+0000] {logging_mixin.py:188} INFO - [2025-11-02T12:12:07.047+0000] {dagbag.py:538} INFO - Filling up the DagBag from /opt/airflow/dags/pg_dbt.py
[2025-11-02T12:12:07.088+0000] {processor.py:840} INFO - DAG(s) 'scheduled_dbt_pg_daily' retrieved from /opt/airflow/dags/pg_dbt.py
[2025-11-02T12:12:07.214+0000] {logging_mixin.py:188} INFO - [2025-11-02T12:12:07.213+0000] {dag.py:3036} INFO - Sync 1 DAGs
[2025-11-02T12:12:07.284+0000] {logging_mixin.py:188} INFO - [2025-11-02T12:12:07.283+0000] {dag.py:3823} INFO - Setting next_dagrun for scheduled_dbt_pg_daily to None, run_after=None
[2025-11-02T12:12:07.372+0000] {processor.py:183} INFO - Processing /opt/airflow/dags/pg_dbt.py took 0.349 seconds
[2025-11-02T12:12:37.518+0000] {processor.py:161} INFO - Started process (PID=2455) to work on /opt/airflow/dags/pg_dbt.py
[2025-11-02T12:12:37.521+0000] {processor.py:830} INFO - Processing file /opt/airflow/dags/pg_dbt.py for tasks to queue
[2025-11-02T12:12:37.523+0000] {logging_mixin.py:188} INFO - [2025-11-02T12:12:37.522+0000] {dagbag.py:538} INFO - Filling up the DagBag from /opt/airflow/dags/pg_dbt.py
[2025-11-02T12:12:37.570+0000] {processor.py:840} INFO - DAG(s) 'scheduled_dbt_pg_daily' retrieved from /opt/airflow/dags/pg_dbt.py
[2025-11-02T12:12:37.623+0000] {logging_mixin.py:188} INFO - [2025-11-02T12:12:37.623+0000] {dag.py:3036} INFO - Sync 1 DAGs
[2025-11-02T12:12:37.673+0000] {logging_mixin.py:188} INFO - [2025-11-02T12:12:37.673+0000] {dag.py:3823} INFO - Setting next_dagrun for scheduled_dbt_pg_daily to None, run_after=None
[2025-11-02T12:12:37.739+0000] {processor.py:183} INFO - Processing /opt/airflow/dags/pg_dbt.py took 0.228 seconds
[2025-11-02T12:13:07.970+0000] {processor.py:161} INFO - Started process (PID=2467) to work on /opt/airflow/dags/pg_dbt.py
[2025-11-02T12:13:07.973+0000] {processor.py:830} INFO - Processing file /opt/airflow/dags/pg_dbt.py for tasks to queue
[2025-11-02T12:13:07.977+0000] {logging_mixin.py:188} INFO - [2025-11-02T12:13:07.976+0000] {dagbag.py:538} INFO - Filling up the DagBag from /opt/airflow/dags/pg_dbt.py
[2025-11-02T12:13:08.033+0000] {processor.py:840} INFO - DAG(s) 'scheduled_dbt_pg_daily' retrieved from /opt/airflow/dags/pg_dbt.py
[2025-11-02T12:13:08.209+0000] {logging_mixin.py:188} INFO - [2025-11-02T12:13:08.209+0000] {dag.py:3036} INFO - Sync 1 DAGs
[2025-11-02T12:13:08.323+0000] {logging_mixin.py:188} INFO - [2025-11-02T12:13:08.322+0000] {dag.py:3823} INFO - Setting next_dagrun for scheduled_dbt_pg_daily to None, run_after=None
[2025-11-02T12:13:08.444+0000] {processor.py:183} INFO - Processing /opt/airflow/dags/pg_dbt.py took 0.487 seconds
[2025-11-02T12:13:39.227+0000] {processor.py:161} INFO - Started process (PID=2479) to work on /opt/airflow/dags/pg_dbt.py
[2025-11-02T12:13:39.229+0000] {processor.py:830} INFO - Processing file /opt/airflow/dags/pg_dbt.py for tasks to queue
[2025-11-02T12:13:39.232+0000] {logging_mixin.py:188} INFO - [2025-11-02T12:13:39.231+0000] {dagbag.py:538} INFO - Filling up the DagBag from /opt/airflow/dags/pg_dbt.py
[2025-11-02T12:13:39.262+0000] {processor.py:840} INFO - DAG(s) 'scheduled_dbt_pg_daily' retrieved from /opt/airflow/dags/pg_dbt.py
[2025-11-02T12:13:39.319+0000] {logging_mixin.py:188} INFO - [2025-11-02T12:13:39.318+0000] {dag.py:3036} INFO - Sync 1 DAGs
[2025-11-02T12:13:39.359+0000] {logging_mixin.py:188} INFO - [2025-11-02T12:13:39.358+0000] {dag.py:3823} INFO - Setting next_dagrun for scheduled_dbt_pg_daily to None, run_after=None
[2025-11-02T12:13:39.412+0000] {processor.py:183} INFO - Processing /opt/airflow/dags/pg_dbt.py took 0.195 seconds
[2025-11-02T12:14:09.566+0000] {processor.py:161} INFO - Started process (PID=2491) to work on /opt/airflow/dags/pg_dbt.py
[2025-11-02T12:14:09.568+0000] {processor.py:830} INFO - Processing file /opt/airflow/dags/pg_dbt.py for tasks to queue
[2025-11-02T12:14:09.572+0000] {logging_mixin.py:188} INFO - [2025-11-02T12:14:09.570+0000] {dagbag.py:538} INFO - Filling up the DagBag from /opt/airflow/dags/pg_dbt.py
[2025-11-02T12:14:09.620+0000] {processor.py:840} INFO - DAG(s) 'scheduled_dbt_pg_daily' retrieved from /opt/airflow/dags/pg_dbt.py
[2025-11-02T12:14:09.692+0000] {logging_mixin.py:188} INFO - [2025-11-02T12:14:09.692+0000] {dag.py:3036} INFO - Sync 1 DAGs
[2025-11-02T12:14:09.754+0000] {logging_mixin.py:188} INFO - [2025-11-02T12:14:09.754+0000] {dag.py:3823} INFO - Setting next_dagrun for scheduled_dbt_pg_daily to None, run_after=None
[2025-11-02T12:14:09.819+0000] {processor.py:183} INFO - Processing /opt/airflow/dags/pg_dbt.py took 0.262 seconds
[2025-11-02T12:14:40.697+0000] {processor.py:161} INFO - Started process (PID=2497) to work on /opt/airflow/dags/pg_dbt.py
[2025-11-02T12:14:40.700+0000] {processor.py:830} INFO - Processing file /opt/airflow/dags/pg_dbt.py for tasks to queue
[2025-11-02T12:14:40.703+0000] {logging_mixin.py:188} INFO - [2025-11-02T12:14:40.702+0000] {dagbag.py:538} INFO - Filling up the DagBag from /opt/airflow/dags/pg_dbt.py
[2025-11-02T12:14:40.754+0000] {processor.py:840} INFO - DAG(s) 'scheduled_dbt_pg_daily' retrieved from /opt/airflow/dags/pg_dbt.py
[2025-11-02T12:14:40.817+0000] {logging_mixin.py:188} INFO - [2025-11-02T12:14:40.816+0000] {dag.py:3036} INFO - Sync 1 DAGs
[2025-11-02T12:14:40.871+0000] {logging_mixin.py:188} INFO - [2025-11-02T12:14:40.871+0000] {dag.py:3823} INFO - Setting next_dagrun for scheduled_dbt_pg_daily to None, run_after=None
[2025-11-02T12:14:40.984+0000] {processor.py:183} INFO - Processing /opt/airflow/dags/pg_dbt.py took 0.296 seconds
[2025-11-02T12:15:11.967+0000] {processor.py:161} INFO - Started process (PID=2509) to work on /opt/airflow/dags/pg_dbt.py
[2025-11-02T12:15:11.983+0000] {processor.py:830} INFO - Processing file /opt/airflow/dags/pg_dbt.py for tasks to queue
[2025-11-02T12:15:11.989+0000] {logging_mixin.py:188} INFO - [2025-11-02T12:15:11.988+0000] {dagbag.py:538} INFO - Filling up the DagBag from /opt/airflow/dags/pg_dbt.py
[2025-11-02T12:15:12.056+0000] {processor.py:840} INFO - DAG(s) 'scheduled_dbt_pg_daily' retrieved from /opt/airflow/dags/pg_dbt.py
[2025-11-02T12:15:12.203+0000] {logging_mixin.py:188} INFO - [2025-11-02T12:15:12.202+0000] {dag.py:3036} INFO - Sync 1 DAGs
[2025-11-02T12:15:12.614+0000] {logging_mixin.py:188} INFO - [2025-11-02T12:15:12.614+0000] {dag.py:3823} INFO - Setting next_dagrun for scheduled_dbt_pg_daily to None, run_after=None
[2025-11-02T12:15:12.734+0000] {processor.py:183} INFO - Processing /opt/airflow/dags/pg_dbt.py took 1.313 seconds
[2025-11-02T12:15:43.570+0000] {processor.py:161} INFO - Started process (PID=2521) to work on /opt/airflow/dags/pg_dbt.py
[2025-11-02T12:15:43.576+0000] {processor.py:830} INFO - Processing file /opt/airflow/dags/pg_dbt.py for tasks to queue
[2025-11-02T12:15:43.580+0000] {logging_mixin.py:188} INFO - [2025-11-02T12:15:43.578+0000] {dagbag.py:538} INFO - Filling up the DagBag from /opt/airflow/dags/pg_dbt.py
[2025-11-02T12:15:43.687+0000] {processor.py:840} INFO - DAG(s) 'scheduled_dbt_pg_daily' retrieved from /opt/airflow/dags/pg_dbt.py
[2025-11-02T12:15:43.770+0000] {logging_mixin.py:188} INFO - [2025-11-02T12:15:43.769+0000] {dag.py:3036} INFO - Sync 1 DAGs
[2025-11-02T12:15:43.851+0000] {logging_mixin.py:188} INFO - [2025-11-02T12:15:43.851+0000] {dag.py:3823} INFO - Setting next_dagrun for scheduled_dbt_pg_daily to None, run_after=None
[2025-11-02T12:15:44.018+0000] {processor.py:183} INFO - Processing /opt/airflow/dags/pg_dbt.py took 0.464 seconds
[2025-11-02T12:16:14.854+0000] {processor.py:161} INFO - Started process (PID=2533) to work on /opt/airflow/dags/pg_dbt.py
[2025-11-02T12:16:14.866+0000] {processor.py:830} INFO - Processing file /opt/airflow/dags/pg_dbt.py for tasks to queue
[2025-11-02T12:16:14.878+0000] {logging_mixin.py:188} INFO - [2025-11-02T12:16:14.868+0000] {dagbag.py:538} INFO - Filling up the DagBag from /opt/airflow/dags/pg_dbt.py
[2025-11-02T12:16:15.086+0000] {processor.py:840} INFO - DAG(s) 'scheduled_dbt_pg_daily' retrieved from /opt/airflow/dags/pg_dbt.py
[2025-11-02T12:16:15.383+0000] {logging_mixin.py:188} INFO - [2025-11-02T12:16:15.382+0000] {dag.py:3036} INFO - Sync 1 DAGs
[2025-11-02T12:16:15.633+0000] {logging_mixin.py:188} INFO - [2025-11-02T12:16:15.633+0000] {dag.py:3823} INFO - Setting next_dagrun for scheduled_dbt_pg_daily to None, run_after=None
[2025-11-02T12:16:15.995+0000] {processor.py:183} INFO - Processing /opt/airflow/dags/pg_dbt.py took 1.221 seconds
[2025-11-02T12:16:46.597+0000] {processor.py:161} INFO - Started process (PID=2545) to work on /opt/airflow/dags/pg_dbt.py
[2025-11-02T12:16:46.600+0000] {processor.py:830} INFO - Processing file /opt/airflow/dags/pg_dbt.py for tasks to queue
[2025-11-02T12:16:46.604+0000] {logging_mixin.py:188} INFO - [2025-11-02T12:16:46.603+0000] {dagbag.py:538} INFO - Filling up the DagBag from /opt/airflow/dags/pg_dbt.py
[2025-11-02T12:16:46.707+0000] {processor.py:840} INFO - DAG(s) 'scheduled_dbt_pg_daily' retrieved from /opt/airflow/dags/pg_dbt.py
[2025-11-02T12:16:46.814+0000] {logging_mixin.py:188} INFO - [2025-11-02T12:16:46.811+0000] {dag.py:3036} INFO - Sync 1 DAGs
[2025-11-02T12:16:46.892+0000] {logging_mixin.py:188} INFO - [2025-11-02T12:16:46.891+0000] {dag.py:3823} INFO - Setting next_dagrun for scheduled_dbt_pg_daily to None, run_after=None
[2025-11-02T12:16:47.094+0000] {processor.py:183} INFO - Processing /opt/airflow/dags/pg_dbt.py took 0.512 seconds
[2025-11-02T12:17:17.634+0000] {processor.py:161} INFO - Started process (PID=2557) to work on /opt/airflow/dags/pg_dbt.py
[2025-11-02T12:17:17.645+0000] {processor.py:830} INFO - Processing file /opt/airflow/dags/pg_dbt.py for tasks to queue
[2025-11-02T12:17:17.649+0000] {logging_mixin.py:188} INFO - [2025-11-02T12:17:17.648+0000] {dagbag.py:538} INFO - Filling up the DagBag from /opt/airflow/dags/pg_dbt.py
[2025-11-02T12:17:17.779+0000] {processor.py:840} INFO - DAG(s) 'scheduled_dbt_pg_daily' retrieved from /opt/airflow/dags/pg_dbt.py
[2025-11-02T12:17:17.943+0000] {logging_mixin.py:188} INFO - [2025-11-02T12:17:17.942+0000] {dag.py:3036} INFO - Sync 1 DAGs
[2025-11-02T12:17:18.026+0000] {logging_mixin.py:188} INFO - [2025-11-02T12:17:18.026+0000] {dag.py:3823} INFO - Setting next_dagrun for scheduled_dbt_pg_daily to None, run_after=None
[2025-11-02T12:17:18.165+0000] {processor.py:183} INFO - Processing /opt/airflow/dags/pg_dbt.py took 0.555 seconds
[2025-11-02T12:17:48.596+0000] {processor.py:161} INFO - Started process (PID=2569) to work on /opt/airflow/dags/pg_dbt.py
[2025-11-02T12:17:48.600+0000] {processor.py:830} INFO - Processing file /opt/airflow/dags/pg_dbt.py for tasks to queue
[2025-11-02T12:17:48.605+0000] {logging_mixin.py:188} INFO - [2025-11-02T12:17:48.603+0000] {dagbag.py:538} INFO - Filling up the DagBag from /opt/airflow/dags/pg_dbt.py
[2025-11-02T12:17:48.687+0000] {processor.py:840} INFO - DAG(s) 'scheduled_dbt_pg_daily' retrieved from /opt/airflow/dags/pg_dbt.py
[2025-11-02T12:17:48.794+0000] {logging_mixin.py:188} INFO - [2025-11-02T12:17:48.793+0000] {dag.py:3036} INFO - Sync 1 DAGs
[2025-11-02T12:17:48.887+0000] {logging_mixin.py:188} INFO - [2025-11-02T12:17:48.886+0000] {dag.py:3823} INFO - Setting next_dagrun for scheduled_dbt_pg_daily to None, run_after=None
[2025-11-02T12:17:48.968+0000] {processor.py:183} INFO - Processing /opt/airflow/dags/pg_dbt.py took 0.386 seconds
[2025-11-02T12:18:19.489+0000] {processor.py:161} INFO - Started process (PID=2581) to work on /opt/airflow/dags/pg_dbt.py
[2025-11-02T12:18:19.499+0000] {processor.py:830} INFO - Processing file /opt/airflow/dags/pg_dbt.py for tasks to queue
[2025-11-02T12:18:19.511+0000] {logging_mixin.py:188} INFO - [2025-11-02T12:18:19.510+0000] {dagbag.py:538} INFO - Filling up the DagBag from /opt/airflow/dags/pg_dbt.py
[2025-11-02T12:18:19.733+0000] {processor.py:840} INFO - DAG(s) 'scheduled_dbt_pg_daily' retrieved from /opt/airflow/dags/pg_dbt.py
[2025-11-02T12:18:19.882+0000] {logging_mixin.py:188} INFO - [2025-11-02T12:18:19.882+0000] {dag.py:3036} INFO - Sync 1 DAGs
[2025-11-02T12:18:19.955+0000] {logging_mixin.py:188} INFO - [2025-11-02T12:18:19.954+0000] {dag.py:3823} INFO - Setting next_dagrun for scheduled_dbt_pg_daily to None, run_after=None
[2025-11-02T12:18:20.092+0000] {processor.py:183} INFO - Processing /opt/airflow/dags/pg_dbt.py took 0.651 seconds
[2025-11-02T12:18:50.688+0000] {processor.py:161} INFO - Started process (PID=2593) to work on /opt/airflow/dags/pg_dbt.py
[2025-11-02T12:18:50.693+0000] {processor.py:830} INFO - Processing file /opt/airflow/dags/pg_dbt.py for tasks to queue
[2025-11-02T12:18:50.696+0000] {logging_mixin.py:188} INFO - [2025-11-02T12:18:50.695+0000] {dagbag.py:538} INFO - Filling up the DagBag from /opt/airflow/dags/pg_dbt.py
[2025-11-02T12:18:51.012+0000] {processor.py:840} INFO - DAG(s) 'scheduled_dbt_pg_daily' retrieved from /opt/airflow/dags/pg_dbt.py
[2025-11-02T12:18:51.155+0000] {logging_mixin.py:188} INFO - [2025-11-02T12:18:51.154+0000] {dag.py:3036} INFO - Sync 1 DAGs
[2025-11-02T12:18:51.305+0000] {logging_mixin.py:188} INFO - [2025-11-02T12:18:51.304+0000] {dag.py:3823} INFO - Setting next_dagrun for scheduled_dbt_pg_daily to None, run_after=None
[2025-11-02T12:18:51.440+0000] {processor.py:183} INFO - Processing /opt/airflow/dags/pg_dbt.py took 0.771 seconds
[2025-11-02T12:19:23.443+0000] {processor.py:161} INFO - Started process (PID=2605) to work on /opt/airflow/dags/pg_dbt.py
[2025-11-02T12:19:23.450+0000] {processor.py:830} INFO - Processing file /opt/airflow/dags/pg_dbt.py for tasks to queue
[2025-11-02T12:19:23.460+0000] {logging_mixin.py:188} INFO - [2025-11-02T12:19:23.457+0000] {dagbag.py:538} INFO - Filling up the DagBag from /opt/airflow/dags/pg_dbt.py
[2025-11-02T12:19:23.634+0000] {processor.py:840} INFO - DAG(s) 'scheduled_dbt_pg_daily' retrieved from /opt/airflow/dags/pg_dbt.py
[2025-11-02T12:19:23.771+0000] {logging_mixin.py:188} INFO - [2025-11-02T12:19:23.771+0000] {dag.py:3036} INFO - Sync 1 DAGs
[2025-11-02T12:19:23.933+0000] {logging_mixin.py:188} INFO - [2025-11-02T12:19:23.932+0000] {dag.py:3823} INFO - Setting next_dagrun for scheduled_dbt_pg_daily to None, run_after=None
[2025-11-02T12:19:24.029+0000] {processor.py:183} INFO - Processing /opt/airflow/dags/pg_dbt.py took 0.615 seconds
[2025-11-02T12:19:56.651+0000] {processor.py:161} INFO - Started process (PID=2618) to work on /opt/airflow/dags/pg_dbt.py
[2025-11-02T12:19:56.656+0000] {processor.py:830} INFO - Processing file /opt/airflow/dags/pg_dbt.py for tasks to queue
[2025-11-02T12:19:56.659+0000] {logging_mixin.py:188} INFO - [2025-11-02T12:19:56.658+0000] {dagbag.py:538} INFO - Filling up the DagBag from /opt/airflow/dags/pg_dbt.py
[2025-11-02T12:19:56.797+0000] {processor.py:840} INFO - DAG(s) 'scheduled_dbt_pg_daily' retrieved from /opt/airflow/dags/pg_dbt.py
[2025-11-02T12:19:56.936+0000] {logging_mixin.py:188} INFO - [2025-11-02T12:19:56.935+0000] {dag.py:3036} INFO - Sync 1 DAGs
[2025-11-02T12:19:57.052+0000] {logging_mixin.py:188} INFO - [2025-11-02T12:19:57.051+0000] {dag.py:3823} INFO - Setting next_dagrun for scheduled_dbt_pg_daily to None, run_after=None
[2025-11-02T12:19:57.170+0000] {processor.py:183} INFO - Processing /opt/airflow/dags/pg_dbt.py took 0.536 seconds
[2025-11-02T12:20:30.096+0000] {processor.py:161} INFO - Started process (PID=2630) to work on /opt/airflow/dags/pg_dbt.py
[2025-11-02T12:20:30.099+0000] {processor.py:830} INFO - Processing file /opt/airflow/dags/pg_dbt.py for tasks to queue
[2025-11-02T12:20:30.104+0000] {logging_mixin.py:188} INFO - [2025-11-02T12:20:30.102+0000] {dagbag.py:538} INFO - Filling up the DagBag from /opt/airflow/dags/pg_dbt.py
[2025-11-02T12:20:30.170+0000] {processor.py:840} INFO - DAG(s) 'scheduled_dbt_pg_daily' retrieved from /opt/airflow/dags/pg_dbt.py
[2025-11-02T12:20:30.266+0000] {logging_mixin.py:188} INFO - [2025-11-02T12:20:30.266+0000] {dag.py:3036} INFO - Sync 1 DAGs
[2025-11-02T12:20:30.348+0000] {logging_mixin.py:188} INFO - [2025-11-02T12:20:30.345+0000] {dag.py:3823} INFO - Setting next_dagrun for scheduled_dbt_pg_daily to None, run_after=None
[2025-11-02T12:20:30.438+0000] {processor.py:183} INFO - Processing /opt/airflow/dags/pg_dbt.py took 0.357 seconds
[2025-11-02T12:21:03.509+0000] {processor.py:161} INFO - Started process (PID=2642) to work on /opt/airflow/dags/pg_dbt.py
[2025-11-02T12:21:03.514+0000] {processor.py:830} INFO - Processing file /opt/airflow/dags/pg_dbt.py for tasks to queue
[2025-11-02T12:21:03.522+0000] {logging_mixin.py:188} INFO - [2025-11-02T12:21:03.521+0000] {dagbag.py:538} INFO - Filling up the DagBag from /opt/airflow/dags/pg_dbt.py
[2025-11-02T12:21:03.621+0000] {processor.py:840} INFO - DAG(s) 'scheduled_dbt_pg_daily' retrieved from /opt/airflow/dags/pg_dbt.py
[2025-11-02T12:21:03.793+0000] {logging_mixin.py:188} INFO - [2025-11-02T12:21:03.792+0000] {dag.py:3036} INFO - Sync 1 DAGs
[2025-11-02T12:21:03.938+0000] {logging_mixin.py:188} INFO - [2025-11-02T12:21:03.937+0000] {dag.py:3823} INFO - Setting next_dagrun for scheduled_dbt_pg_daily to None, run_after=None
[2025-11-02T12:21:04.030+0000] {processor.py:183} INFO - Processing /opt/airflow/dags/pg_dbt.py took 0.539 seconds
[2025-11-02T12:21:37.367+0000] {processor.py:161} INFO - Started process (PID=2654) to work on /opt/airflow/dags/pg_dbt.py
[2025-11-02T12:21:37.370+0000] {processor.py:830} INFO - Processing file /opt/airflow/dags/pg_dbt.py for tasks to queue
[2025-11-02T12:21:37.380+0000] {logging_mixin.py:188} INFO - [2025-11-02T12:21:37.378+0000] {dagbag.py:538} INFO - Filling up the DagBag from /opt/airflow/dags/pg_dbt.py
[2025-11-02T12:21:37.484+0000] {processor.py:840} INFO - DAG(s) 'scheduled_dbt_pg_daily' retrieved from /opt/airflow/dags/pg_dbt.py
[2025-11-02T12:21:37.607+0000] {logging_mixin.py:188} INFO - [2025-11-02T12:21:37.606+0000] {dag.py:3036} INFO - Sync 1 DAGs
[2025-11-02T12:21:37.703+0000] {logging_mixin.py:188} INFO - [2025-11-02T12:21:37.703+0000] {dag.py:3823} INFO - Setting next_dagrun for scheduled_dbt_pg_daily to None, run_after=None
[2025-11-02T12:21:37.817+0000] {processor.py:183} INFO - Processing /opt/airflow/dags/pg_dbt.py took 0.472 seconds
[2025-11-02T12:22:10.295+0000] {processor.py:161} INFO - Started process (PID=2666) to work on /opt/airflow/dags/pg_dbt.py
[2025-11-02T12:22:10.304+0000] {processor.py:830} INFO - Processing file /opt/airflow/dags/pg_dbt.py for tasks to queue
[2025-11-02T12:22:10.309+0000] {logging_mixin.py:188} INFO - [2025-11-02T12:22:10.308+0000] {dagbag.py:538} INFO - Filling up the DagBag from /opt/airflow/dags/pg_dbt.py
[2025-11-02T12:22:10.362+0000] {processor.py:840} INFO - DAG(s) 'scheduled_dbt_pg_daily' retrieved from /opt/airflow/dags/pg_dbt.py
[2025-11-02T12:22:10.459+0000] {logging_mixin.py:188} INFO - [2025-11-02T12:22:10.459+0000] {dag.py:3036} INFO - Sync 1 DAGs
[2025-11-02T12:22:10.540+0000] {logging_mixin.py:188} INFO - [2025-11-02T12:22:10.540+0000] {dag.py:3823} INFO - Setting next_dagrun for scheduled_dbt_pg_daily to None, run_after=None
[2025-11-02T12:22:10.621+0000] {processor.py:183} INFO - Processing /opt/airflow/dags/pg_dbt.py took 0.345 seconds
[2025-11-02T12:22:43.923+0000] {processor.py:161} INFO - Started process (PID=2678) to work on /opt/airflow/dags/pg_dbt.py
[2025-11-02T12:22:43.995+0000] {processor.py:830} INFO - Processing file /opt/airflow/dags/pg_dbt.py for tasks to queue
[2025-11-02T12:22:44.010+0000] {logging_mixin.py:188} INFO - [2025-11-02T12:22:44.009+0000] {dagbag.py:538} INFO - Filling up the DagBag from /opt/airflow/dags/pg_dbt.py
[2025-11-02T12:22:44.287+0000] {processor.py:840} INFO - DAG(s) 'scheduled_dbt_pg_daily' retrieved from /opt/airflow/dags/pg_dbt.py
[2025-11-02T12:22:44.517+0000] {logging_mixin.py:188} INFO - [2025-11-02T12:22:44.517+0000] {dag.py:3036} INFO - Sync 1 DAGs
[2025-11-02T12:22:44.659+0000] {logging_mixin.py:188} INFO - [2025-11-02T12:22:44.658+0000] {dag.py:3823} INFO - Setting next_dagrun for scheduled_dbt_pg_daily to None, run_after=None
[2025-11-02T12:22:44.885+0000] {processor.py:183} INFO - Processing /opt/airflow/dags/pg_dbt.py took 1.027 seconds
[2025-11-02T12:23:16.946+0000] {processor.py:161} INFO - Started process (PID=2690) to work on /opt/airflow/dags/pg_dbt.py
[2025-11-02T12:23:16.950+0000] {processor.py:830} INFO - Processing file /opt/airflow/dags/pg_dbt.py for tasks to queue
[2025-11-02T12:23:16.955+0000] {logging_mixin.py:188} INFO - [2025-11-02T12:23:16.954+0000] {dagbag.py:538} INFO - Filling up the DagBag from /opt/airflow/dags/pg_dbt.py
[2025-11-02T12:23:17.058+0000] {processor.py:840} INFO - DAG(s) 'scheduled_dbt_pg_daily' retrieved from /opt/airflow/dags/pg_dbt.py
[2025-11-02T12:23:17.225+0000] {logging_mixin.py:188} INFO - [2025-11-02T12:23:17.225+0000] {dag.py:3036} INFO - Sync 1 DAGs
[2025-11-02T12:23:17.469+0000] {logging_mixin.py:188} INFO - [2025-11-02T12:23:17.468+0000] {dag.py:3823} INFO - Setting next_dagrun for scheduled_dbt_pg_daily to None, run_after=None
[2025-11-02T12:23:17.594+0000] {processor.py:183} INFO - Processing /opt/airflow/dags/pg_dbt.py took 0.666 seconds
[2025-11-02T12:23:48.127+0000] {processor.py:161} INFO - Started process (PID=2701) to work on /opt/airflow/dags/pg_dbt.py
[2025-11-02T12:23:48.142+0000] {processor.py:830} INFO - Processing file /opt/airflow/dags/pg_dbt.py for tasks to queue
[2025-11-02T12:23:48.148+0000] {logging_mixin.py:188} INFO - [2025-11-02T12:23:48.144+0000] {dagbag.py:538} INFO - Filling up the DagBag from /opt/airflow/dags/pg_dbt.py
[2025-11-02T12:23:48.340+0000] {processor.py:840} INFO - DAG(s) 'scheduled_dbt_pg_daily' retrieved from /opt/airflow/dags/pg_dbt.py
[2025-11-02T12:23:48.587+0000] {logging_mixin.py:188} INFO - [2025-11-02T12:23:48.586+0000] {dag.py:3036} INFO - Sync 1 DAGs
[2025-11-02T12:23:48.744+0000] {logging_mixin.py:188} INFO - [2025-11-02T12:23:48.743+0000] {dag.py:3823} INFO - Setting next_dagrun for scheduled_dbt_pg_daily to None, run_after=None
[2025-11-02T12:23:48.969+0000] {processor.py:183} INFO - Processing /opt/airflow/dags/pg_dbt.py took 0.886 seconds
[2025-11-02T12:24:23.908+0000] {processor.py:161} INFO - Started process (PID=2713) to work on /opt/airflow/dags/pg_dbt.py
[2025-11-02T12:24:23.911+0000] {processor.py:830} INFO - Processing file /opt/airflow/dags/pg_dbt.py for tasks to queue
[2025-11-02T12:24:23.914+0000] {logging_mixin.py:188} INFO - [2025-11-02T12:24:23.913+0000] {dagbag.py:538} INFO - Filling up the DagBag from /opt/airflow/dags/pg_dbt.py
[2025-11-02T12:24:24.008+0000] {processor.py:840} INFO - DAG(s) 'scheduled_dbt_pg_daily' retrieved from /opt/airflow/dags/pg_dbt.py
[2025-11-02T12:24:24.108+0000] {logging_mixin.py:188} INFO - [2025-11-02T12:24:24.108+0000] {dag.py:3036} INFO - Sync 1 DAGs
[2025-11-02T12:24:24.190+0000] {logging_mixin.py:188} INFO - [2025-11-02T12:24:24.188+0000] {dag.py:3823} INFO - Setting next_dagrun for scheduled_dbt_pg_daily to None, run_after=None
[2025-11-02T12:24:24.288+0000] {processor.py:183} INFO - Processing /opt/airflow/dags/pg_dbt.py took 0.394 seconds
[2025-11-02T12:24:57.046+0000] {processor.py:161} INFO - Started process (PID=2725) to work on /opt/airflow/dags/pg_dbt.py
[2025-11-02T12:24:57.063+0000] {processor.py:830} INFO - Processing file /opt/airflow/dags/pg_dbt.py for tasks to queue
[2025-11-02T12:24:57.067+0000] {logging_mixin.py:188} INFO - [2025-11-02T12:24:57.066+0000] {dagbag.py:538} INFO - Filling up the DagBag from /opt/airflow/dags/pg_dbt.py
[2025-11-02T12:24:57.219+0000] {processor.py:840} INFO - DAG(s) 'scheduled_dbt_pg_daily' retrieved from /opt/airflow/dags/pg_dbt.py
[2025-11-02T12:24:57.439+0000] {logging_mixin.py:188} INFO - [2025-11-02T12:24:57.438+0000] {dag.py:3036} INFO - Sync 1 DAGs
[2025-11-02T12:24:57.549+0000] {logging_mixin.py:188} INFO - [2025-11-02T12:24:57.549+0000] {dag.py:3823} INFO - Setting next_dagrun for scheduled_dbt_pg_daily to None, run_after=None
[2025-11-02T12:24:57.658+0000] {processor.py:183} INFO - Processing /opt/airflow/dags/pg_dbt.py took 0.643 seconds
[2025-11-02T12:25:30.165+0000] {processor.py:161} INFO - Started process (PID=2737) to work on /opt/airflow/dags/pg_dbt.py
[2025-11-02T12:25:30.174+0000] {processor.py:830} INFO - Processing file /opt/airflow/dags/pg_dbt.py for tasks to queue
[2025-11-02T12:25:30.179+0000] {logging_mixin.py:188} INFO - [2025-11-02T12:25:30.177+0000] {dagbag.py:538} INFO - Filling up the DagBag from /opt/airflow/dags/pg_dbt.py
[2025-11-02T12:25:30.255+0000] {processor.py:840} INFO - DAG(s) 'scheduled_dbt_pg_daily' retrieved from /opt/airflow/dags/pg_dbt.py
[2025-11-02T12:25:30.373+0000] {logging_mixin.py:188} INFO - [2025-11-02T12:25:30.371+0000] {dag.py:3036} INFO - Sync 1 DAGs
[2025-11-02T12:25:30.451+0000] {logging_mixin.py:188} INFO - [2025-11-02T12:25:30.451+0000] {dag.py:3823} INFO - Setting next_dagrun for scheduled_dbt_pg_daily to None, run_after=None
[2025-11-02T12:25:30.537+0000] {processor.py:183} INFO - Processing /opt/airflow/dags/pg_dbt.py took 0.411 seconds
[2025-11-02T12:26:03.776+0000] {processor.py:161} INFO - Started process (PID=2749) to work on /opt/airflow/dags/pg_dbt.py
[2025-11-02T12:26:03.784+0000] {processor.py:830} INFO - Processing file /opt/airflow/dags/pg_dbt.py for tasks to queue
[2025-11-02T12:26:03.798+0000] {logging_mixin.py:188} INFO - [2025-11-02T12:26:03.795+0000] {dagbag.py:538} INFO - Filling up the DagBag from /opt/airflow/dags/pg_dbt.py
[2025-11-02T12:26:04.194+0000] {processor.py:840} INFO - DAG(s) 'scheduled_dbt_pg_daily' retrieved from /opt/airflow/dags/pg_dbt.py
[2025-11-02T12:26:04.363+0000] {logging_mixin.py:188} INFO - [2025-11-02T12:26:04.362+0000] {dag.py:3036} INFO - Sync 1 DAGs
[2025-11-02T12:26:04.543+0000] {logging_mixin.py:188} INFO - [2025-11-02T12:26:04.542+0000] {dag.py:3823} INFO - Setting next_dagrun for scheduled_dbt_pg_daily to None, run_after=None
[2025-11-02T12:26:05.385+0000] {processor.py:183} INFO - Processing /opt/airflow/dags/pg_dbt.py took 1.626 seconds
[2025-11-02T12:26:36.853+0000] {processor.py:161} INFO - Started process (PID=2761) to work on /opt/airflow/dags/pg_dbt.py
[2025-11-02T12:26:36.861+0000] {processor.py:830} INFO - Processing file /opt/airflow/dags/pg_dbt.py for tasks to queue
[2025-11-02T12:26:36.866+0000] {logging_mixin.py:188} INFO - [2025-11-02T12:26:36.864+0000] {dagbag.py:538} INFO - Filling up the DagBag from /opt/airflow/dags/pg_dbt.py
[2025-11-02T12:26:36.952+0000] {processor.py:840} INFO - DAG(s) 'scheduled_dbt_pg_daily' retrieved from /opt/airflow/dags/pg_dbt.py
[2025-11-02T12:26:37.075+0000] {logging_mixin.py:188} INFO - [2025-11-02T12:26:37.075+0000] {dag.py:3036} INFO - Sync 1 DAGs
[2025-11-02T12:26:37.175+0000] {logging_mixin.py:188} INFO - [2025-11-02T12:26:37.174+0000] {dag.py:3823} INFO - Setting next_dagrun for scheduled_dbt_pg_daily to None, run_after=None
[2025-11-02T12:26:37.296+0000] {processor.py:183} INFO - Processing /opt/airflow/dags/pg_dbt.py took 0.452 seconds
[2025-11-02T12:27:10.315+0000] {processor.py:161} INFO - Started process (PID=2773) to work on /opt/airflow/dags/pg_dbt.py
[2025-11-02T12:27:10.318+0000] {processor.py:830} INFO - Processing file /opt/airflow/dags/pg_dbt.py for tasks to queue
[2025-11-02T12:27:10.337+0000] {logging_mixin.py:188} INFO - [2025-11-02T12:27:10.335+0000] {dagbag.py:538} INFO - Filling up the DagBag from /opt/airflow/dags/pg_dbt.py
[2025-11-02T12:27:10.494+0000] {processor.py:840} INFO - DAG(s) 'scheduled_dbt_pg_daily' retrieved from /opt/airflow/dags/pg_dbt.py
[2025-11-02T12:27:10.706+0000] {logging_mixin.py:188} INFO - [2025-11-02T12:27:10.705+0000] {dag.py:3036} INFO - Sync 1 DAGs
[2025-11-02T12:27:10.896+0000] {logging_mixin.py:188} INFO - [2025-11-02T12:27:10.895+0000] {dag.py:3823} INFO - Setting next_dagrun for scheduled_dbt_pg_daily to None, run_after=None
[2025-11-02T12:27:11.119+0000] {processor.py:183} INFO - Processing /opt/airflow/dags/pg_dbt.py took 0.817 seconds
[2025-11-02T12:27:45.024+0000] {processor.py:161} INFO - Started process (PID=2785) to work on /opt/airflow/dags/pg_dbt.py
[2025-11-02T12:27:45.047+0000] {processor.py:830} INFO - Processing file /opt/airflow/dags/pg_dbt.py for tasks to queue
[2025-11-02T12:27:45.057+0000] {logging_mixin.py:188} INFO - [2025-11-02T12:27:45.056+0000] {dagbag.py:538} INFO - Filling up the DagBag from /opt/airflow/dags/pg_dbt.py
[2025-11-02T12:27:45.416+0000] {processor.py:840} INFO - DAG(s) 'scheduled_dbt_pg_daily' retrieved from /opt/airflow/dags/pg_dbt.py
[2025-11-02T12:27:45.719+0000] {logging_mixin.py:188} INFO - [2025-11-02T12:27:45.718+0000] {dag.py:3036} INFO - Sync 1 DAGs
[2025-11-02T12:27:45.967+0000] {logging_mixin.py:188} INFO - [2025-11-02T12:27:45.967+0000] {dag.py:3823} INFO - Setting next_dagrun for scheduled_dbt_pg_daily to None, run_after=None
[2025-11-02T12:27:46.335+0000] {processor.py:183} INFO - Processing /opt/airflow/dags/pg_dbt.py took 1.757 seconds
[2025-11-02T12:28:16.837+0000] {processor.py:161} INFO - Started process (PID=2797) to work on /opt/airflow/dags/pg_dbt.py
[2025-11-02T12:28:16.842+0000] {processor.py:830} INFO - Processing file /opt/airflow/dags/pg_dbt.py for tasks to queue
[2025-11-02T12:28:16.854+0000] {logging_mixin.py:188} INFO - [2025-11-02T12:28:16.853+0000] {dagbag.py:538} INFO - Filling up the DagBag from /opt/airflow/dags/pg_dbt.py
[2025-11-02T12:28:17.105+0000] {processor.py:840} INFO - DAG(s) 'scheduled_dbt_pg_daily' retrieved from /opt/airflow/dags/pg_dbt.py
[2025-11-02T12:28:17.390+0000] {logging_mixin.py:188} INFO - [2025-11-02T12:28:17.379+0000] {dag.py:3036} INFO - Sync 1 DAGs
[2025-11-02T12:28:17.556+0000] {logging_mixin.py:188} INFO - [2025-11-02T12:28:17.555+0000] {dag.py:3823} INFO - Setting next_dagrun for scheduled_dbt_pg_daily to None, run_after=None
[2025-11-02T12:28:17.708+0000] {processor.py:183} INFO - Processing /opt/airflow/dags/pg_dbt.py took 0.902 seconds
[2025-11-02T12:28:50.778+0000] {processor.py:161} INFO - Started process (PID=2809) to work on /opt/airflow/dags/pg_dbt.py
[2025-11-02T12:28:50.795+0000] {processor.py:830} INFO - Processing file /opt/airflow/dags/pg_dbt.py for tasks to queue
[2025-11-02T12:28:50.811+0000] {logging_mixin.py:188} INFO - [2025-11-02T12:28:50.810+0000] {dagbag.py:538} INFO - Filling up the DagBag from /opt/airflow/dags/pg_dbt.py
[2025-11-02T12:28:51.127+0000] {processor.py:840} INFO - DAG(s) 'scheduled_dbt_pg_daily' retrieved from /opt/airflow/dags/pg_dbt.py
[2025-11-02T12:28:51.378+0000] {logging_mixin.py:188} INFO - [2025-11-02T12:28:51.377+0000] {dag.py:3036} INFO - Sync 1 DAGs
[2025-11-02T12:28:51.517+0000] {logging_mixin.py:188} INFO - [2025-11-02T12:28:51.516+0000] {dag.py:3823} INFO - Setting next_dagrun for scheduled_dbt_pg_daily to None, run_after=None
[2025-11-02T12:28:51.645+0000] {processor.py:183} INFO - Processing /opt/airflow/dags/pg_dbt.py took 0.899 seconds
[2025-11-02T12:29:23.590+0000] {processor.py:161} INFO - Started process (PID=2821) to work on /opt/airflow/dags/pg_dbt.py
[2025-11-02T12:29:23.594+0000] {processor.py:830} INFO - Processing file /opt/airflow/dags/pg_dbt.py for tasks to queue
[2025-11-02T12:29:23.598+0000] {logging_mixin.py:188} INFO - [2025-11-02T12:29:23.597+0000] {dagbag.py:538} INFO - Filling up the DagBag from /opt/airflow/dags/pg_dbt.py
[2025-11-02T12:29:23.810+0000] {processor.py:840} INFO - DAG(s) 'scheduled_dbt_pg_daily' retrieved from /opt/airflow/dags/pg_dbt.py
[2025-11-02T12:29:24.072+0000] {logging_mixin.py:188} INFO - [2025-11-02T12:29:24.072+0000] {dag.py:3036} INFO - Sync 1 DAGs
[2025-11-02T12:29:24.238+0000] {logging_mixin.py:188} INFO - [2025-11-02T12:29:24.237+0000] {dag.py:3823} INFO - Setting next_dagrun for scheduled_dbt_pg_daily to None, run_after=None
[2025-11-02T12:29:24.497+0000] {processor.py:183} INFO - Processing /opt/airflow/dags/pg_dbt.py took 0.941 seconds
[2025-11-02T12:29:57.366+0000] {processor.py:161} INFO - Started process (PID=2833) to work on /opt/airflow/dags/pg_dbt.py
[2025-11-02T12:29:57.374+0000] {processor.py:830} INFO - Processing file /opt/airflow/dags/pg_dbt.py for tasks to queue
[2025-11-02T12:29:57.378+0000] {logging_mixin.py:188} INFO - [2025-11-02T12:29:57.376+0000] {dagbag.py:538} INFO - Filling up the DagBag from /opt/airflow/dags/pg_dbt.py
[2025-11-02T12:29:57.447+0000] {processor.py:840} INFO - DAG(s) 'scheduled_dbt_pg_daily' retrieved from /opt/airflow/dags/pg_dbt.py
[2025-11-02T12:29:57.547+0000] {logging_mixin.py:188} INFO - [2025-11-02T12:29:57.547+0000] {dag.py:3036} INFO - Sync 1 DAGs
[2025-11-02T12:29:57.624+0000] {logging_mixin.py:188} INFO - [2025-11-02T12:29:57.624+0000] {dag.py:3823} INFO - Setting next_dagrun for scheduled_dbt_pg_daily to None, run_after=None
[2025-11-02T12:29:58.069+0000] {processor.py:183} INFO - Processing /opt/airflow/dags/pg_dbt.py took 0.716 seconds
[2025-11-02T12:30:30.458+0000] {processor.py:161} INFO - Started process (PID=2845) to work on /opt/airflow/dags/pg_dbt.py
[2025-11-02T12:30:30.462+0000] {processor.py:830} INFO - Processing file /opt/airflow/dags/pg_dbt.py for tasks to queue
[2025-11-02T12:30:30.476+0000] {logging_mixin.py:188} INFO - [2025-11-02T12:30:30.475+0000] {dagbag.py:538} INFO - Filling up the DagBag from /opt/airflow/dags/pg_dbt.py
[2025-11-02T12:30:30.578+0000] {processor.py:840} INFO - DAG(s) 'scheduled_dbt_pg_daily' retrieved from /opt/airflow/dags/pg_dbt.py
[2025-11-02T12:30:30.830+0000] {logging_mixin.py:188} INFO - [2025-11-02T12:30:30.829+0000] {dag.py:3036} INFO - Sync 1 DAGs
[2025-11-02T12:30:31.148+0000] {logging_mixin.py:188} INFO - [2025-11-02T12:30:31.148+0000] {dag.py:3823} INFO - Setting next_dagrun for scheduled_dbt_pg_daily to None, run_after=None
[2025-11-02T12:30:31.507+0000] {processor.py:183} INFO - Processing /opt/airflow/dags/pg_dbt.py took 1.092 seconds
[2025-11-02T12:31:04.423+0000] {processor.py:161} INFO - Started process (PID=2857) to work on /opt/airflow/dags/pg_dbt.py
[2025-11-02T12:31:04.426+0000] {processor.py:830} INFO - Processing file /opt/airflow/dags/pg_dbt.py for tasks to queue
[2025-11-02T12:31:04.429+0000] {logging_mixin.py:188} INFO - [2025-11-02T12:31:04.428+0000] {dagbag.py:538} INFO - Filling up the DagBag from /opt/airflow/dags/pg_dbt.py
[2025-11-02T12:31:04.480+0000] {processor.py:840} INFO - DAG(s) 'scheduled_dbt_pg_daily' retrieved from /opt/airflow/dags/pg_dbt.py
[2025-11-02T12:31:04.570+0000] {logging_mixin.py:188} INFO - [2025-11-02T12:31:04.570+0000] {dag.py:3036} INFO - Sync 1 DAGs
[2025-11-02T12:31:04.655+0000] {logging_mixin.py:188} INFO - [2025-11-02T12:31:04.654+0000] {dag.py:3823} INFO - Setting next_dagrun for scheduled_dbt_pg_daily to None, run_after=None
[2025-11-02T12:31:04.740+0000] {processor.py:183} INFO - Processing /opt/airflow/dags/pg_dbt.py took 0.332 seconds
[2025-11-02T12:31:35.817+0000] {processor.py:161} INFO - Started process (PID=2869) to work on /opt/airflow/dags/pg_dbt.py
[2025-11-02T12:31:35.821+0000] {processor.py:830} INFO - Processing file /opt/airflow/dags/pg_dbt.py for tasks to queue
[2025-11-02T12:31:35.826+0000] {logging_mixin.py:188} INFO - [2025-11-02T12:31:35.824+0000] {dagbag.py:538} INFO - Filling up the DagBag from /opt/airflow/dags/pg_dbt.py
[2025-11-02T12:31:35.918+0000] {processor.py:840} INFO - DAG(s) 'scheduled_dbt_pg_daily' retrieved from /opt/airflow/dags/pg_dbt.py
[2025-11-02T12:31:36.038+0000] {logging_mixin.py:188} INFO - [2025-11-02T12:31:36.037+0000] {dag.py:3036} INFO - Sync 1 DAGs
[2025-11-02T12:31:36.123+0000] {logging_mixin.py:188} INFO - [2025-11-02T12:31:36.123+0000] {dag.py:3823} INFO - Setting next_dagrun for scheduled_dbt_pg_daily to None, run_after=None
[2025-11-02T12:31:36.247+0000] {processor.py:183} INFO - Processing /opt/airflow/dags/pg_dbt.py took 0.447 seconds
[2025-11-02T12:32:06.783+0000] {processor.py:161} INFO - Started process (PID=2881) to work on /opt/airflow/dags/pg_dbt.py
[2025-11-02T12:32:06.787+0000] {processor.py:830} INFO - Processing file /opt/airflow/dags/pg_dbt.py for tasks to queue
[2025-11-02T12:32:06.790+0000] {logging_mixin.py:188} INFO - [2025-11-02T12:32:06.789+0000] {dagbag.py:538} INFO - Filling up the DagBag from /opt/airflow/dags/pg_dbt.py
[2025-11-02T12:32:06.853+0000] {processor.py:840} INFO - DAG(s) 'scheduled_dbt_pg_daily' retrieved from /opt/airflow/dags/pg_dbt.py
[2025-11-02T12:32:06.945+0000] {logging_mixin.py:188} INFO - [2025-11-02T12:32:06.944+0000] {dag.py:3036} INFO - Sync 1 DAGs
[2025-11-02T12:32:07.016+0000] {logging_mixin.py:188} INFO - [2025-11-02T12:32:07.015+0000] {dag.py:3823} INFO - Setting next_dagrun for scheduled_dbt_pg_daily to None, run_after=None
[2025-11-02T12:32:07.171+0000] {processor.py:183} INFO - Processing /opt/airflow/dags/pg_dbt.py took 0.402 seconds
[2025-11-02T12:32:38.120+0000] {processor.py:161} INFO - Started process (PID=2893) to work on /opt/airflow/dags/pg_dbt.py
[2025-11-02T12:32:38.133+0000] {processor.py:830} INFO - Processing file /opt/airflow/dags/pg_dbt.py for tasks to queue
[2025-11-02T12:32:38.147+0000] {logging_mixin.py:188} INFO - [2025-11-02T12:32:38.146+0000] {dagbag.py:538} INFO - Filling up the DagBag from /opt/airflow/dags/pg_dbt.py
[2025-11-02T12:32:38.329+0000] {processor.py:840} INFO - DAG(s) 'scheduled_dbt_pg_daily' retrieved from /opt/airflow/dags/pg_dbt.py
[2025-11-02T12:32:38.512+0000] {logging_mixin.py:188} INFO - [2025-11-02T12:32:38.512+0000] {dag.py:3036} INFO - Sync 1 DAGs
[2025-11-02T12:32:38.666+0000] {logging_mixin.py:188} INFO - [2025-11-02T12:32:38.665+0000] {dag.py:3823} INFO - Setting next_dagrun for scheduled_dbt_pg_daily to None, run_after=None
[2025-11-02T12:32:38.798+0000] {processor.py:183} INFO - Processing /opt/airflow/dags/pg_dbt.py took 0.708 seconds
[2025-11-02T12:33:09.134+0000] {processor.py:161} INFO - Started process (PID=2899) to work on /opt/airflow/dags/pg_dbt.py
[2025-11-02T12:33:09.138+0000] {processor.py:830} INFO - Processing file /opt/airflow/dags/pg_dbt.py for tasks to queue
[2025-11-02T12:33:09.145+0000] {logging_mixin.py:188} INFO - [2025-11-02T12:33:09.142+0000] {dagbag.py:538} INFO - Filling up the DagBag from /opt/airflow/dags/pg_dbt.py
[2025-11-02T12:33:09.231+0000] {processor.py:840} INFO - DAG(s) 'scheduled_dbt_pg_daily' retrieved from /opt/airflow/dags/pg_dbt.py
[2025-11-02T12:33:09.385+0000] {logging_mixin.py:188} INFO - [2025-11-02T12:33:09.383+0000] {dag.py:3036} INFO - Sync 1 DAGs
[2025-11-02T12:33:09.605+0000] {logging_mixin.py:188} INFO - [2025-11-02T12:33:09.604+0000] {dag.py:3823} INFO - Setting next_dagrun for scheduled_dbt_pg_daily to None, run_after=None
[2025-11-02T12:33:09.710+0000] {processor.py:183} INFO - Processing /opt/airflow/dags/pg_dbt.py took 0.594 seconds
[2025-11-02T12:33:39.925+0000] {processor.py:161} INFO - Started process (PID=2911) to work on /opt/airflow/dags/pg_dbt.py
[2025-11-02T12:33:39.927+0000] {processor.py:830} INFO - Processing file /opt/airflow/dags/pg_dbt.py for tasks to queue
[2025-11-02T12:33:39.930+0000] {logging_mixin.py:188} INFO - [2025-11-02T12:33:39.929+0000] {dagbag.py:538} INFO - Filling up the DagBag from /opt/airflow/dags/pg_dbt.py
[2025-11-02T12:33:39.994+0000] {processor.py:840} INFO - DAG(s) 'scheduled_dbt_pg_daily' retrieved from /opt/airflow/dags/pg_dbt.py
[2025-11-02T12:33:40.055+0000] {logging_mixin.py:188} INFO - [2025-11-02T12:33:40.055+0000] {dag.py:3036} INFO - Sync 1 DAGs
[2025-11-02T12:33:40.101+0000] {logging_mixin.py:188} INFO - [2025-11-02T12:33:40.101+0000] {dag.py:3823} INFO - Setting next_dagrun for scheduled_dbt_pg_daily to None, run_after=None
[2025-11-02T12:33:40.257+0000] {processor.py:183} INFO - Processing /opt/airflow/dags/pg_dbt.py took 0.344 seconds
[2025-11-02T12:34:11.026+0000] {processor.py:161} INFO - Started process (PID=2923) to work on /opt/airflow/dags/pg_dbt.py
[2025-11-02T12:34:11.029+0000] {processor.py:830} INFO - Processing file /opt/airflow/dags/pg_dbt.py for tasks to queue
[2025-11-02T12:34:11.031+0000] {logging_mixin.py:188} INFO - [2025-11-02T12:34:11.030+0000] {dagbag.py:538} INFO - Filling up the DagBag from /opt/airflow/dags/pg_dbt.py
[2025-11-02T12:34:11.068+0000] {processor.py:840} INFO - DAG(s) 'scheduled_dbt_pg_daily' retrieved from /opt/airflow/dags/pg_dbt.py
[2025-11-02T12:34:11.129+0000] {logging_mixin.py:188} INFO - [2025-11-02T12:34:11.128+0000] {dag.py:3036} INFO - Sync 1 DAGs
[2025-11-02T12:34:11.183+0000] {logging_mixin.py:188} INFO - [2025-11-02T12:34:11.183+0000] {dag.py:3823} INFO - Setting next_dagrun for scheduled_dbt_pg_daily to None, run_after=None
[2025-11-02T12:34:11.255+0000] {processor.py:183} INFO - Processing /opt/airflow/dags/pg_dbt.py took 0.237 seconds
[2025-11-02T12:34:41.528+0000] {processor.py:161} INFO - Started process (PID=2935) to work on /opt/airflow/dags/pg_dbt.py
[2025-11-02T12:34:41.530+0000] {processor.py:830} INFO - Processing file /opt/airflow/dags/pg_dbt.py for tasks to queue
[2025-11-02T12:34:41.533+0000] {logging_mixin.py:188} INFO - [2025-11-02T12:34:41.532+0000] {dagbag.py:538} INFO - Filling up the DagBag from /opt/airflow/dags/pg_dbt.py
[2025-11-02T12:34:41.574+0000] {processor.py:840} INFO - DAG(s) 'scheduled_dbt_pg_daily' retrieved from /opt/airflow/dags/pg_dbt.py
[2025-11-02T12:34:41.626+0000] {logging_mixin.py:188} INFO - [2025-11-02T12:34:41.624+0000] {dag.py:3036} INFO - Sync 1 DAGs
[2025-11-02T12:34:41.665+0000] {logging_mixin.py:188} INFO - [2025-11-02T12:34:41.665+0000] {dag.py:3823} INFO - Setting next_dagrun for scheduled_dbt_pg_daily to None, run_after=None
[2025-11-02T12:34:41.717+0000] {processor.py:183} INFO - Processing /opt/airflow/dags/pg_dbt.py took 0.200 seconds
[2025-11-02T12:35:11.875+0000] {processor.py:161} INFO - Started process (PID=2947) to work on /opt/airflow/dags/pg_dbt.py
[2025-11-02T12:35:11.877+0000] {processor.py:830} INFO - Processing file /opt/airflow/dags/pg_dbt.py for tasks to queue
[2025-11-02T12:35:11.879+0000] {logging_mixin.py:188} INFO - [2025-11-02T12:35:11.879+0000] {dagbag.py:538} INFO - Filling up the DagBag from /opt/airflow/dags/pg_dbt.py
[2025-11-02T12:35:11.944+0000] {processor.py:840} INFO - DAG(s) 'scheduled_dbt_pg_daily' retrieved from /opt/airflow/dags/pg_dbt.py
[2025-11-02T12:35:12.003+0000] {logging_mixin.py:188} INFO - [2025-11-02T12:35:12.003+0000] {dag.py:3036} INFO - Sync 1 DAGs
[2025-11-02T12:35:12.037+0000] {logging_mixin.py:188} INFO - [2025-11-02T12:35:12.037+0000] {dag.py:3823} INFO - Setting next_dagrun for scheduled_dbt_pg_daily to None, run_after=None
[2025-11-02T12:35:12.092+0000] {processor.py:183} INFO - Processing /opt/airflow/dags/pg_dbt.py took 0.225 seconds
[2025-11-02T12:35:42.231+0000] {processor.py:161} INFO - Started process (PID=2959) to work on /opt/airflow/dags/pg_dbt.py
[2025-11-02T12:35:42.233+0000] {processor.py:830} INFO - Processing file /opt/airflow/dags/pg_dbt.py for tasks to queue
[2025-11-02T12:35:42.237+0000] {logging_mixin.py:188} INFO - [2025-11-02T12:35:42.236+0000] {dagbag.py:538} INFO - Filling up the DagBag from /opt/airflow/dags/pg_dbt.py
[2025-11-02T12:35:42.273+0000] {processor.py:840} INFO - DAG(s) 'scheduled_dbt_pg_daily' retrieved from /opt/airflow/dags/pg_dbt.py
[2025-11-02T12:35:42.318+0000] {logging_mixin.py:188} INFO - [2025-11-02T12:35:42.318+0000] {dag.py:3036} INFO - Sync 1 DAGs
[2025-11-02T12:35:42.354+0000] {logging_mixin.py:188} INFO - [2025-11-02T12:35:42.354+0000] {dag.py:3823} INFO - Setting next_dagrun for scheduled_dbt_pg_daily to None, run_after=None
[2025-11-02T12:35:42.406+0000] {processor.py:183} INFO - Processing /opt/airflow/dags/pg_dbt.py took 0.185 seconds
[2025-11-02T12:36:12.582+0000] {processor.py:161} INFO - Started process (PID=2971) to work on /opt/airflow/dags/pg_dbt.py
[2025-11-02T12:36:12.586+0000] {processor.py:830} INFO - Processing file /opt/airflow/dags/pg_dbt.py for tasks to queue
[2025-11-02T12:36:12.591+0000] {logging_mixin.py:188} INFO - [2025-11-02T12:36:12.590+0000] {dagbag.py:538} INFO - Filling up the DagBag from /opt/airflow/dags/pg_dbt.py
[2025-11-02T12:36:12.627+0000] {processor.py:840} INFO - DAG(s) 'scheduled_dbt_pg_daily' retrieved from /opt/airflow/dags/pg_dbt.py
[2025-11-02T12:36:12.682+0000] {logging_mixin.py:188} INFO - [2025-11-02T12:36:12.682+0000] {dag.py:3036} INFO - Sync 1 DAGs
[2025-11-02T12:36:12.724+0000] {logging_mixin.py:188} INFO - [2025-11-02T12:36:12.724+0000] {dag.py:3823} INFO - Setting next_dagrun for scheduled_dbt_pg_daily to None, run_after=None
[2025-11-02T12:36:12.773+0000] {processor.py:183} INFO - Processing /opt/airflow/dags/pg_dbt.py took 0.201 seconds
[2025-11-02T12:36:42.957+0000] {processor.py:161} INFO - Started process (PID=2984) to work on /opt/airflow/dags/pg_dbt.py
[2025-11-02T12:36:42.960+0000] {processor.py:830} INFO - Processing file /opt/airflow/dags/pg_dbt.py for tasks to queue
[2025-11-02T12:36:42.967+0000] {logging_mixin.py:188} INFO - [2025-11-02T12:36:42.966+0000] {dagbag.py:538} INFO - Filling up the DagBag from /opt/airflow/dags/pg_dbt.py
[2025-11-02T12:36:43.010+0000] {processor.py:840} INFO - DAG(s) 'scheduled_dbt_pg_daily' retrieved from /opt/airflow/dags/pg_dbt.py
[2025-11-02T12:36:43.082+0000] {logging_mixin.py:188} INFO - [2025-11-02T12:36:43.081+0000] {dag.py:3036} INFO - Sync 1 DAGs
[2025-11-02T12:36:43.137+0000] {logging_mixin.py:188} INFO - [2025-11-02T12:36:43.136+0000] {dag.py:3823} INFO - Setting next_dagrun for scheduled_dbt_pg_daily to None, run_after=None
[2025-11-02T12:36:43.200+0000] {processor.py:183} INFO - Processing /opt/airflow/dags/pg_dbt.py took 0.255 seconds
[2025-11-02T12:37:13.536+0000] {processor.py:161} INFO - Started process (PID=2996) to work on /opt/airflow/dags/pg_dbt.py
[2025-11-02T12:37:13.539+0000] {processor.py:830} INFO - Processing file /opt/airflow/dags/pg_dbt.py for tasks to queue
[2025-11-02T12:37:13.542+0000] {logging_mixin.py:188} INFO - [2025-11-02T12:37:13.541+0000] {dagbag.py:538} INFO - Filling up the DagBag from /opt/airflow/dags/pg_dbt.py
[2025-11-02T12:37:13.582+0000] {processor.py:840} INFO - DAG(s) 'scheduled_dbt_pg_daily' retrieved from /opt/airflow/dags/pg_dbt.py
[2025-11-02T12:37:13.641+0000] {logging_mixin.py:188} INFO - [2025-11-02T12:37:13.640+0000] {dag.py:3036} INFO - Sync 1 DAGs
[2025-11-02T12:37:13.694+0000] {logging_mixin.py:188} INFO - [2025-11-02T12:37:13.694+0000] {dag.py:3823} INFO - Setting next_dagrun for scheduled_dbt_pg_daily to None, run_after=None
[2025-11-02T12:37:13.735+0000] {processor.py:183} INFO - Processing /opt/airflow/dags/pg_dbt.py took 0.207 seconds
[2025-11-02T12:37:44.002+0000] {processor.py:161} INFO - Started process (PID=3007) to work on /opt/airflow/dags/pg_dbt.py
[2025-11-02T12:37:44.007+0000] {processor.py:830} INFO - Processing file /opt/airflow/dags/pg_dbt.py for tasks to queue
[2025-11-02T12:37:44.009+0000] {logging_mixin.py:188} INFO - [2025-11-02T12:37:44.009+0000] {dagbag.py:538} INFO - Filling up the DagBag from /opt/airflow/dags/pg_dbt.py
[2025-11-02T12:37:44.089+0000] {processor.py:840} INFO - DAG(s) 'scheduled_dbt_pg_daily' retrieved from /opt/airflow/dags/pg_dbt.py
[2025-11-02T12:37:44.181+0000] {logging_mixin.py:188} INFO - [2025-11-02T12:37:44.180+0000] {dag.py:3036} INFO - Sync 1 DAGs
[2025-11-02T12:37:44.225+0000] {logging_mixin.py:188} INFO - [2025-11-02T12:37:44.225+0000] {dag.py:3823} INFO - Setting next_dagrun for scheduled_dbt_pg_daily to None, run_after=None
[2025-11-02T12:37:44.274+0000] {processor.py:183} INFO - Processing /opt/airflow/dags/pg_dbt.py took 0.291 seconds
[2025-11-02T12:38:17.746+0000] {processor.py:161} INFO - Started process (PID=3019) to work on /opt/airflow/dags/pg_dbt.py
[2025-11-02T12:38:17.748+0000] {processor.py:830} INFO - Processing file /opt/airflow/dags/pg_dbt.py for tasks to queue
[2025-11-02T12:38:17.750+0000] {logging_mixin.py:188} INFO - [2025-11-02T12:38:17.750+0000] {dagbag.py:538} INFO - Filling up the DagBag from /opt/airflow/dags/pg_dbt.py
[2025-11-02T12:38:17.786+0000] {processor.py:840} INFO - DAG(s) 'scheduled_dbt_pg_daily' retrieved from /opt/airflow/dags/pg_dbt.py
[2025-11-02T12:38:17.843+0000] {logging_mixin.py:188} INFO - [2025-11-02T12:38:17.843+0000] {dag.py:3036} INFO - Sync 1 DAGs
[2025-11-02T12:38:17.889+0000] {logging_mixin.py:188} INFO - [2025-11-02T12:38:17.889+0000] {dag.py:3823} INFO - Setting next_dagrun for scheduled_dbt_pg_daily to None, run_after=None
[2025-11-02T12:38:18.014+0000] {processor.py:183} INFO - Processing /opt/airflow/dags/pg_dbt.py took 0.275 seconds
[2025-11-02T12:38:51.021+0000] {processor.py:161} INFO - Started process (PID=3031) to work on /opt/airflow/dags/pg_dbt.py
[2025-11-02T12:38:51.023+0000] {processor.py:830} INFO - Processing file /opt/airflow/dags/pg_dbt.py for tasks to queue
[2025-11-02T12:38:51.026+0000] {logging_mixin.py:188} INFO - [2025-11-02T12:38:51.025+0000] {dagbag.py:538} INFO - Filling up the DagBag from /opt/airflow/dags/pg_dbt.py
[2025-11-02T12:38:51.289+0000] {processor.py:840} INFO - DAG(s) 'scheduled_dbt_pg_daily' retrieved from /opt/airflow/dags/pg_dbt.py
[2025-11-02T12:38:51.366+0000] {logging_mixin.py:188} INFO - [2025-11-02T12:38:51.366+0000] {dag.py:3036} INFO - Sync 1 DAGs
[2025-11-02T12:38:51.405+0000] {logging_mixin.py:188} INFO - [2025-11-02T12:38:51.404+0000] {dag.py:3823} INFO - Setting next_dagrun for scheduled_dbt_pg_daily to None, run_after=None
[2025-11-02T12:38:51.482+0000] {processor.py:183} INFO - Processing /opt/airflow/dags/pg_dbt.py took 0.468 seconds
[2025-11-02T12:39:23.736+0000] {processor.py:161} INFO - Started process (PID=3043) to work on /opt/airflow/dags/pg_dbt.py
[2025-11-02T12:39:23.737+0000] {processor.py:830} INFO - Processing file /opt/airflow/dags/pg_dbt.py for tasks to queue
[2025-11-02T12:39:23.740+0000] {logging_mixin.py:188} INFO - [2025-11-02T12:39:23.739+0000] {dagbag.py:538} INFO - Filling up the DagBag from /opt/airflow/dags/pg_dbt.py
[2025-11-02T12:39:23.777+0000] {processor.py:840} INFO - DAG(s) 'scheduled_dbt_pg_daily' retrieved from /opt/airflow/dags/pg_dbt.py
[2025-11-02T12:39:23.836+0000] {logging_mixin.py:188} INFO - [2025-11-02T12:39:23.836+0000] {dag.py:3036} INFO - Sync 1 DAGs
[2025-11-02T12:39:23.884+0000] {logging_mixin.py:188} INFO - [2025-11-02T12:39:23.883+0000] {dag.py:3823} INFO - Setting next_dagrun for scheduled_dbt_pg_daily to None, run_after=None
[2025-11-02T12:39:23.936+0000] {processor.py:183} INFO - Processing /opt/airflow/dags/pg_dbt.py took 0.212 seconds
[2025-11-02T12:39:56.999+0000] {processor.py:161} INFO - Started process (PID=3055) to work on /opt/airflow/dags/pg_dbt.py
[2025-11-02T12:39:57.002+0000] {processor.py:830} INFO - Processing file /opt/airflow/dags/pg_dbt.py for tasks to queue
[2025-11-02T12:39:57.010+0000] {logging_mixin.py:188} INFO - [2025-11-02T12:39:57.009+0000] {dagbag.py:538} INFO - Filling up the DagBag from /opt/airflow/dags/pg_dbt.py
[2025-11-02T12:39:57.044+0000] {processor.py:840} INFO - DAG(s) 'scheduled_dbt_pg_daily' retrieved from /opt/airflow/dags/pg_dbt.py
[2025-11-02T12:39:57.120+0000] {logging_mixin.py:188} INFO - [2025-11-02T12:39:57.119+0000] {dag.py:3036} INFO - Sync 1 DAGs
[2025-11-02T12:39:57.163+0000] {logging_mixin.py:188} INFO - [2025-11-02T12:39:57.163+0000] {dag.py:3823} INFO - Setting next_dagrun for scheduled_dbt_pg_daily to None, run_after=None
[2025-11-02T12:39:57.229+0000] {processor.py:183} INFO - Processing /opt/airflow/dags/pg_dbt.py took 0.239 seconds
[2025-11-02T12:40:30.298+0000] {processor.py:161} INFO - Started process (PID=3067) to work on /opt/airflow/dags/pg_dbt.py
[2025-11-02T12:40:30.303+0000] {processor.py:830} INFO - Processing file /opt/airflow/dags/pg_dbt.py for tasks to queue
[2025-11-02T12:40:30.305+0000] {logging_mixin.py:188} INFO - [2025-11-02T12:40:30.305+0000] {dagbag.py:538} INFO - Filling up the DagBag from /opt/airflow/dags/pg_dbt.py
[2025-11-02T12:40:30.338+0000] {processor.py:840} INFO - DAG(s) 'scheduled_dbt_pg_daily' retrieved from /opt/airflow/dags/pg_dbt.py
[2025-11-02T12:40:30.394+0000] {logging_mixin.py:188} INFO - [2025-11-02T12:40:30.394+0000] {dag.py:3036} INFO - Sync 1 DAGs
[2025-11-02T12:40:30.435+0000] {logging_mixin.py:188} INFO - [2025-11-02T12:40:30.435+0000] {dag.py:3823} INFO - Setting next_dagrun for scheduled_dbt_pg_daily to None, run_after=None
[2025-11-02T12:40:30.488+0000] {processor.py:183} INFO - Processing /opt/airflow/dags/pg_dbt.py took 0.199 seconds
[2025-11-02T12:41:04.051+0000] {processor.py:161} INFO - Started process (PID=3079) to work on /opt/airflow/dags/pg_dbt.py
[2025-11-02T12:41:04.053+0000] {processor.py:830} INFO - Processing file /opt/airflow/dags/pg_dbt.py for tasks to queue
[2025-11-02T12:41:04.056+0000] {logging_mixin.py:188} INFO - [2025-11-02T12:41:04.055+0000] {dagbag.py:538} INFO - Filling up the DagBag from /opt/airflow/dags/pg_dbt.py
[2025-11-02T12:41:04.089+0000] {processor.py:840} INFO - DAG(s) 'scheduled_dbt_pg_daily' retrieved from /opt/airflow/dags/pg_dbt.py
[2025-11-02T12:41:04.139+0000] {logging_mixin.py:188} INFO - [2025-11-02T12:41:04.139+0000] {dag.py:3036} INFO - Sync 1 DAGs
[2025-11-02T12:41:04.177+0000] {logging_mixin.py:188} INFO - [2025-11-02T12:41:04.176+0000] {dag.py:3823} INFO - Setting next_dagrun for scheduled_dbt_pg_daily to None, run_after=None
[2025-11-02T12:41:04.231+0000] {processor.py:183} INFO - Processing /opt/airflow/dags/pg_dbt.py took 0.187 seconds
[2025-11-02T12:41:37.429+0000] {processor.py:161} INFO - Started process (PID=3091) to work on /opt/airflow/dags/pg_dbt.py
[2025-11-02T12:41:37.432+0000] {processor.py:830} INFO - Processing file /opt/airflow/dags/pg_dbt.py for tasks to queue
[2025-11-02T12:41:37.435+0000] {logging_mixin.py:188} INFO - [2025-11-02T12:41:37.434+0000] {dagbag.py:538} INFO - Filling up the DagBag from /opt/airflow/dags/pg_dbt.py
[2025-11-02T12:41:37.467+0000] {processor.py:840} INFO - DAG(s) 'scheduled_dbt_pg_daily' retrieved from /opt/airflow/dags/pg_dbt.py
[2025-11-02T12:41:37.525+0000] {logging_mixin.py:188} INFO - [2025-11-02T12:41:37.525+0000] {dag.py:3036} INFO - Sync 1 DAGs
[2025-11-02T12:41:37.568+0000] {logging_mixin.py:188} INFO - [2025-11-02T12:41:37.568+0000] {dag.py:3823} INFO - Setting next_dagrun for scheduled_dbt_pg_daily to None, run_after=None
[2025-11-02T12:41:37.721+0000] {processor.py:183} INFO - Processing /opt/airflow/dags/pg_dbt.py took 0.298 seconds
[2025-11-02T12:42:10.990+0000] {processor.py:161} INFO - Started process (PID=3103) to work on /opt/airflow/dags/pg_dbt.py
[2025-11-02T12:42:10.992+0000] {processor.py:830} INFO - Processing file /opt/airflow/dags/pg_dbt.py for tasks to queue
[2025-11-02T12:42:10.995+0000] {logging_mixin.py:188} INFO - [2025-11-02T12:42:10.994+0000] {dagbag.py:538} INFO - Filling up the DagBag from /opt/airflow/dags/pg_dbt.py
[2025-11-02T12:42:11.032+0000] {processor.py:840} INFO - DAG(s) 'scheduled_dbt_pg_daily' retrieved from /opt/airflow/dags/pg_dbt.py
[2025-11-02T12:42:11.094+0000] {logging_mixin.py:188} INFO - [2025-11-02T12:42:11.093+0000] {dag.py:3036} INFO - Sync 1 DAGs
[2025-11-02T12:42:11.150+0000] {logging_mixin.py:188} INFO - [2025-11-02T12:42:11.150+0000] {dag.py:3823} INFO - Setting next_dagrun for scheduled_dbt_pg_daily to None, run_after=None
[2025-11-02T12:42:11.205+0000] {processor.py:183} INFO - Processing /opt/airflow/dags/pg_dbt.py took 0.228 seconds
[2025-11-02T12:42:44.227+0000] {processor.py:161} INFO - Started process (PID=3115) to work on /opt/airflow/dags/pg_dbt.py
[2025-11-02T12:42:44.229+0000] {processor.py:830} INFO - Processing file /opt/airflow/dags/pg_dbt.py for tasks to queue
[2025-11-02T12:42:44.232+0000] {logging_mixin.py:188} INFO - [2025-11-02T12:42:44.231+0000] {dagbag.py:538} INFO - Filling up the DagBag from /opt/airflow/dags/pg_dbt.py
[2025-11-02T12:42:44.272+0000] {processor.py:840} INFO - DAG(s) 'scheduled_dbt_pg_daily' retrieved from /opt/airflow/dags/pg_dbt.py
[2025-11-02T12:42:44.328+0000] {logging_mixin.py:188} INFO - [2025-11-02T12:42:44.328+0000] {dag.py:3036} INFO - Sync 1 DAGs
[2025-11-02T12:42:44.364+0000] {logging_mixin.py:188} INFO - [2025-11-02T12:42:44.364+0000] {dag.py:3823} INFO - Setting next_dagrun for scheduled_dbt_pg_daily to None, run_after=None
[2025-11-02T12:42:44.415+0000] {processor.py:183} INFO - Processing /opt/airflow/dags/pg_dbt.py took 0.197 seconds
[2025-11-02T12:43:17.049+0000] {processor.py:161} INFO - Started process (PID=3127) to work on /opt/airflow/dags/pg_dbt.py
[2025-11-02T12:43:17.051+0000] {processor.py:830} INFO - Processing file /opt/airflow/dags/pg_dbt.py for tasks to queue
[2025-11-02T12:43:17.053+0000] {logging_mixin.py:188} INFO - [2025-11-02T12:43:17.053+0000] {dagbag.py:538} INFO - Filling up the DagBag from /opt/airflow/dags/pg_dbt.py
[2025-11-02T12:43:17.094+0000] {processor.py:840} INFO - DAG(s) 'scheduled_dbt_pg_daily' retrieved from /opt/airflow/dags/pg_dbt.py
[2025-11-02T12:43:17.161+0000] {logging_mixin.py:188} INFO - [2025-11-02T12:43:17.160+0000] {dag.py:3036} INFO - Sync 1 DAGs
[2025-11-02T12:43:17.227+0000] {logging_mixin.py:188} INFO - [2025-11-02T12:43:17.227+0000] {dag.py:3823} INFO - Setting next_dagrun for scheduled_dbt_pg_daily to None, run_after=None
[2025-11-02T12:43:17.294+0000] {processor.py:183} INFO - Processing /opt/airflow/dags/pg_dbt.py took 0.255 seconds
[2025-11-02T12:43:50.394+0000] {processor.py:161} INFO - Started process (PID=3139) to work on /opt/airflow/dags/pg_dbt.py
[2025-11-02T12:43:50.397+0000] {processor.py:830} INFO - Processing file /opt/airflow/dags/pg_dbt.py for tasks to queue
[2025-11-02T12:43:50.399+0000] {logging_mixin.py:188} INFO - [2025-11-02T12:43:50.398+0000] {dagbag.py:538} INFO - Filling up the DagBag from /opt/airflow/dags/pg_dbt.py
[2025-11-02T12:43:50.436+0000] {processor.py:840} INFO - DAG(s) 'scheduled_dbt_pg_daily' retrieved from /opt/airflow/dags/pg_dbt.py
[2025-11-02T12:43:50.498+0000] {logging_mixin.py:188} INFO - [2025-11-02T12:43:50.498+0000] {dag.py:3036} INFO - Sync 1 DAGs
[2025-11-02T12:43:50.546+0000] {logging_mixin.py:188} INFO - [2025-11-02T12:43:50.545+0000] {dag.py:3823} INFO - Setting next_dagrun for scheduled_dbt_pg_daily to None, run_after=None
[2025-11-02T12:43:50.603+0000] {processor.py:183} INFO - Processing /opt/airflow/dags/pg_dbt.py took 0.215 seconds
[2025-11-02T12:44:23.821+0000] {processor.py:161} INFO - Started process (PID=3151) to work on /opt/airflow/dags/pg_dbt.py
[2025-11-02T12:44:23.824+0000] {processor.py:830} INFO - Processing file /opt/airflow/dags/pg_dbt.py for tasks to queue
[2025-11-02T12:44:23.827+0000] {logging_mixin.py:188} INFO - [2025-11-02T12:44:23.826+0000] {dagbag.py:538} INFO - Filling up the DagBag from /opt/airflow/dags/pg_dbt.py
[2025-11-02T12:44:23.866+0000] {processor.py:840} INFO - DAG(s) 'scheduled_dbt_pg_daily' retrieved from /opt/airflow/dags/pg_dbt.py
[2025-11-02T12:44:23.925+0000] {logging_mixin.py:188} INFO - [2025-11-02T12:44:23.924+0000] {dag.py:3036} INFO - Sync 1 DAGs
[2025-11-02T12:44:23.988+0000] {logging_mixin.py:188} INFO - [2025-11-02T12:44:23.987+0000] {dag.py:3823} INFO - Setting next_dagrun for scheduled_dbt_pg_daily to None, run_after=None
[2025-11-02T12:44:24.066+0000] {processor.py:183} INFO - Processing /opt/airflow/dags/pg_dbt.py took 0.254 seconds
[2025-11-02T12:44:57.513+0000] {processor.py:161} INFO - Started process (PID=3163) to work on /opt/airflow/dags/pg_dbt.py
[2025-11-02T12:44:57.516+0000] {processor.py:830} INFO - Processing file /opt/airflow/dags/pg_dbt.py for tasks to queue
[2025-11-02T12:44:57.518+0000] {logging_mixin.py:188} INFO - [2025-11-02T12:44:57.518+0000] {dagbag.py:538} INFO - Filling up the DagBag from /opt/airflow/dags/pg_dbt.py
[2025-11-02T12:44:57.581+0000] {processor.py:840} INFO - DAG(s) 'scheduled_dbt_pg_daily' retrieved from /opt/airflow/dags/pg_dbt.py
[2025-11-02T12:44:57.638+0000] {logging_mixin.py:188} INFO - [2025-11-02T12:44:57.638+0000] {dag.py:3036} INFO - Sync 1 DAGs
[2025-11-02T12:44:57.679+0000] {logging_mixin.py:188} INFO - [2025-11-02T12:44:57.679+0000] {dag.py:3823} INFO - Setting next_dagrun for scheduled_dbt_pg_daily to None, run_after=None
[2025-11-02T12:44:57.763+0000] {processor.py:183} INFO - Processing /opt/airflow/dags/pg_dbt.py took 0.261 seconds
[2025-11-02T12:45:31.274+0000] {processor.py:161} INFO - Started process (PID=3175) to work on /opt/airflow/dags/pg_dbt.py
[2025-11-02T12:45:31.277+0000] {processor.py:830} INFO - Processing file /opt/airflow/dags/pg_dbt.py for tasks to queue
[2025-11-02T12:45:31.279+0000] {logging_mixin.py:188} INFO - [2025-11-02T12:45:31.279+0000] {dagbag.py:538} INFO - Filling up the DagBag from /opt/airflow/dags/pg_dbt.py
[2025-11-02T12:45:31.423+0000] {processor.py:840} INFO - DAG(s) 'scheduled_dbt_pg_daily' retrieved from /opt/airflow/dags/pg_dbt.py
[2025-11-02T12:45:31.477+0000] {logging_mixin.py:188} INFO - [2025-11-02T12:45:31.477+0000] {dag.py:3036} INFO - Sync 1 DAGs
[2025-11-02T12:45:31.513+0000] {logging_mixin.py:188} INFO - [2025-11-02T12:45:31.511+0000] {dag.py:3823} INFO - Setting next_dagrun for scheduled_dbt_pg_daily to None, run_after=None
[2025-11-02T12:45:31.677+0000] {processor.py:183} INFO - Processing /opt/airflow/dags/pg_dbt.py took 0.414 seconds
[2025-11-02T12:46:04.067+0000] {processor.py:161} INFO - Started process (PID=3187) to work on /opt/airflow/dags/pg_dbt.py
[2025-11-02T12:46:04.071+0000] {processor.py:830} INFO - Processing file /opt/airflow/dags/pg_dbt.py for tasks to queue
[2025-11-02T12:46:04.074+0000] {logging_mixin.py:188} INFO - [2025-11-02T12:46:04.073+0000] {dagbag.py:538} INFO - Filling up the DagBag from /opt/airflow/dags/pg_dbt.py
[2025-11-02T12:46:04.279+0000] {processor.py:840} INFO - DAG(s) 'scheduled_dbt_pg_daily' retrieved from /opt/airflow/dags/pg_dbt.py
[2025-11-02T12:46:04.404+0000] {logging_mixin.py:188} INFO - [2025-11-02T12:46:04.403+0000] {dag.py:3036} INFO - Sync 1 DAGs
[2025-11-02T12:46:04.548+0000] {logging_mixin.py:188} INFO - [2025-11-02T12:46:04.547+0000] {dag.py:3823} INFO - Setting next_dagrun for scheduled_dbt_pg_daily to None, run_after=None
[2025-11-02T12:46:04.711+0000] {processor.py:183} INFO - Processing /opt/airflow/dags/pg_dbt.py took 0.655 seconds
[2025-11-02T12:46:37.373+0000] {processor.py:161} INFO - Started process (PID=3199) to work on /opt/airflow/dags/pg_dbt.py
[2025-11-02T12:46:37.377+0000] {processor.py:830} INFO - Processing file /opt/airflow/dags/pg_dbt.py for tasks to queue
[2025-11-02T12:46:37.386+0000] {logging_mixin.py:188} INFO - [2025-11-02T12:46:37.385+0000] {dagbag.py:538} INFO - Filling up the DagBag from /opt/airflow/dags/pg_dbt.py
[2025-11-02T12:46:37.461+0000] {processor.py:840} INFO - DAG(s) 'scheduled_dbt_pg_daily' retrieved from /opt/airflow/dags/pg_dbt.py
[2025-11-02T12:46:37.551+0000] {logging_mixin.py:188} INFO - [2025-11-02T12:46:37.551+0000] {dag.py:3036} INFO - Sync 1 DAGs
[2025-11-02T12:46:37.669+0000] {logging_mixin.py:188} INFO - [2025-11-02T12:46:37.668+0000] {dag.py:3823} INFO - Setting next_dagrun for scheduled_dbt_pg_daily to None, run_after=None
[2025-11-02T12:46:37.846+0000] {processor.py:183} INFO - Processing /opt/airflow/dags/pg_dbt.py took 0.480 seconds
[2025-11-02T12:47:10.794+0000] {processor.py:161} INFO - Started process (PID=3211) to work on /opt/airflow/dags/pg_dbt.py
[2025-11-02T12:47:10.797+0000] {processor.py:830} INFO - Processing file /opt/airflow/dags/pg_dbt.py for tasks to queue
[2025-11-02T12:47:10.799+0000] {logging_mixin.py:188} INFO - [2025-11-02T12:47:10.798+0000] {dagbag.py:538} INFO - Filling up the DagBag from /opt/airflow/dags/pg_dbt.py
[2025-11-02T12:47:10.844+0000] {processor.py:840} INFO - DAG(s) 'scheduled_dbt_pg_daily' retrieved from /opt/airflow/dags/pg_dbt.py
[2025-11-02T12:47:10.977+0000] {logging_mixin.py:188} INFO - [2025-11-02T12:47:10.977+0000] {dag.py:3036} INFO - Sync 1 DAGs
[2025-11-02T12:47:11.035+0000] {logging_mixin.py:188} INFO - [2025-11-02T12:47:11.034+0000] {dag.py:3823} INFO - Setting next_dagrun for scheduled_dbt_pg_daily to None, run_after=None
[2025-11-02T12:47:11.089+0000] {processor.py:183} INFO - Processing /opt/airflow/dags/pg_dbt.py took 0.309 seconds
[2025-11-02T12:47:41.433+0000] {processor.py:161} INFO - Started process (PID=3223) to work on /opt/airflow/dags/pg_dbt.py
[2025-11-02T12:47:41.436+0000] {processor.py:830} INFO - Processing file /opt/airflow/dags/pg_dbt.py for tasks to queue
[2025-11-02T12:47:41.438+0000] {logging_mixin.py:188} INFO - [2025-11-02T12:47:41.437+0000] {dagbag.py:538} INFO - Filling up the DagBag from /opt/airflow/dags/pg_dbt.py
[2025-11-02T12:47:41.469+0000] {processor.py:840} INFO - DAG(s) 'scheduled_dbt_pg_daily' retrieved from /opt/airflow/dags/pg_dbt.py
[2025-11-02T12:47:41.512+0000] {logging_mixin.py:188} INFO - [2025-11-02T12:47:41.512+0000] {dag.py:3036} INFO - Sync 1 DAGs
[2025-11-02T12:47:41.550+0000] {logging_mixin.py:188} INFO - [2025-11-02T12:47:41.550+0000] {dag.py:3823} INFO - Setting next_dagrun for scheduled_dbt_pg_daily to None, run_after=None
[2025-11-02T12:47:41.635+0000] {processor.py:183} INFO - Processing /opt/airflow/dags/pg_dbt.py took 0.208 seconds
[2025-11-02T12:48:11.886+0000] {processor.py:161} INFO - Started process (PID=3229) to work on /opt/airflow/dags/pg_dbt.py
[2025-11-02T12:48:11.895+0000] {processor.py:830} INFO - Processing file /opt/airflow/dags/pg_dbt.py for tasks to queue
[2025-11-02T12:48:11.903+0000] {logging_mixin.py:188} INFO - [2025-11-02T12:48:11.897+0000] {dagbag.py:538} INFO - Filling up the DagBag from /opt/airflow/dags/pg_dbt.py
[2025-11-02T12:48:11.961+0000] {processor.py:840} INFO - DAG(s) 'scheduled_dbt_pg_daily' retrieved from /opt/airflow/dags/pg_dbt.py
[2025-11-02T12:48:12.088+0000] {logging_mixin.py:188} INFO - [2025-11-02T12:48:12.087+0000] {dag.py:3036} INFO - Sync 1 DAGs
[2025-11-02T12:48:12.169+0000] {logging_mixin.py:188} INFO - [2025-11-02T12:48:12.168+0000] {dag.py:3823} INFO - Setting next_dagrun for scheduled_dbt_pg_daily to None, run_after=None
[2025-11-02T12:48:12.279+0000] {processor.py:183} INFO - Processing /opt/airflow/dags/pg_dbt.py took 0.403 seconds
[2025-11-02T12:48:42.876+0000] {processor.py:161} INFO - Started process (PID=3241) to work on /opt/airflow/dags/pg_dbt.py
[2025-11-02T12:48:42.883+0000] {processor.py:830} INFO - Processing file /opt/airflow/dags/pg_dbt.py for tasks to queue
[2025-11-02T12:48:42.888+0000] {logging_mixin.py:188} INFO - [2025-11-02T12:48:42.886+0000] {dagbag.py:538} INFO - Filling up the DagBag from /opt/airflow/dags/pg_dbt.py
[2025-11-02T12:48:42.923+0000] {processor.py:840} INFO - DAG(s) 'scheduled_dbt_pg_daily' retrieved from /opt/airflow/dags/pg_dbt.py
[2025-11-02T12:48:43.004+0000] {logging_mixin.py:188} INFO - [2025-11-02T12:48:43.001+0000] {dag.py:3036} INFO - Sync 1 DAGs
[2025-11-02T12:48:43.180+0000] {logging_mixin.py:188} INFO - [2025-11-02T12:48:43.180+0000] {dag.py:3823} INFO - Setting next_dagrun for scheduled_dbt_pg_daily to None, run_after=None
[2025-11-02T12:48:43.407+0000] {processor.py:183} INFO - Processing /opt/airflow/dags/pg_dbt.py took 0.540 seconds
[2025-11-02T12:49:14.565+0000] {processor.py:161} INFO - Started process (PID=3253) to work on /opt/airflow/dags/pg_dbt.py
[2025-11-02T12:49:14.568+0000] {processor.py:830} INFO - Processing file /opt/airflow/dags/pg_dbt.py for tasks to queue
[2025-11-02T12:49:14.577+0000] {logging_mixin.py:188} INFO - [2025-11-02T12:49:14.576+0000] {dagbag.py:538} INFO - Filling up the DagBag from /opt/airflow/dags/pg_dbt.py
[2025-11-02T12:49:14.649+0000] {processor.py:840} INFO - DAG(s) 'scheduled_dbt_pg_daily' retrieved from /opt/airflow/dags/pg_dbt.py
[2025-11-02T12:49:14.726+0000] {logging_mixin.py:188} INFO - [2025-11-02T12:49:14.725+0000] {dag.py:3036} INFO - Sync 1 DAGs
[2025-11-02T12:49:14.836+0000] {logging_mixin.py:188} INFO - [2025-11-02T12:49:14.835+0000] {dag.py:3823} INFO - Setting next_dagrun for scheduled_dbt_pg_daily to None, run_after=None
[2025-11-02T12:49:14.916+0000] {processor.py:183} INFO - Processing /opt/airflow/dags/pg_dbt.py took 0.365 seconds
[2025-11-02T12:49:45.310+0000] {processor.py:161} INFO - Started process (PID=3265) to work on /opt/airflow/dags/pg_dbt.py
[2025-11-02T12:49:45.312+0000] {processor.py:830} INFO - Processing file /opt/airflow/dags/pg_dbt.py for tasks to queue
[2025-11-02T12:49:45.315+0000] {logging_mixin.py:188} INFO - [2025-11-02T12:49:45.314+0000] {dagbag.py:538} INFO - Filling up the DagBag from /opt/airflow/dags/pg_dbt.py
[2025-11-02T12:49:45.355+0000] {processor.py:840} INFO - DAG(s) 'scheduled_dbt_pg_daily' retrieved from /opt/airflow/dags/pg_dbt.py
[2025-11-02T12:49:45.426+0000] {logging_mixin.py:188} INFO - [2025-11-02T12:49:45.425+0000] {dag.py:3036} INFO - Sync 1 DAGs
[2025-11-02T12:49:45.474+0000] {logging_mixin.py:188} INFO - [2025-11-02T12:49:45.472+0000] {dag.py:3823} INFO - Setting next_dagrun for scheduled_dbt_pg_daily to None, run_after=None
[2025-11-02T12:49:45.568+0000] {processor.py:183} INFO - Processing /opt/airflow/dags/pg_dbt.py took 0.267 seconds
[2025-11-02T12:50:15.868+0000] {processor.py:161} INFO - Started process (PID=3277) to work on /opt/airflow/dags/pg_dbt.py
[2025-11-02T12:50:15.871+0000] {processor.py:830} INFO - Processing file /opt/airflow/dags/pg_dbt.py for tasks to queue
[2025-11-02T12:50:15.874+0000] {logging_mixin.py:188} INFO - [2025-11-02T12:50:15.873+0000] {dagbag.py:538} INFO - Filling up the DagBag from /opt/airflow/dags/pg_dbt.py
[2025-11-02T12:50:15.964+0000] {processor.py:840} INFO - DAG(s) 'scheduled_dbt_pg_daily' retrieved from /opt/airflow/dags/pg_dbt.py
[2025-11-02T12:50:16.063+0000] {logging_mixin.py:188} INFO - [2025-11-02T12:50:16.062+0000] {dag.py:3036} INFO - Sync 1 DAGs
[2025-11-02T12:50:16.141+0000] {logging_mixin.py:188} INFO - [2025-11-02T12:50:16.141+0000] {dag.py:3823} INFO - Setting next_dagrun for scheduled_dbt_pg_daily to None, run_after=None
[2025-11-02T12:50:16.198+0000] {processor.py:183} INFO - Processing /opt/airflow/dags/pg_dbt.py took 0.343 seconds
[2025-11-02T12:50:47.159+0000] {processor.py:161} INFO - Started process (PID=3290) to work on /opt/airflow/dags/pg_dbt.py
[2025-11-02T12:50:47.163+0000] {processor.py:830} INFO - Processing file /opt/airflow/dags/pg_dbt.py for tasks to queue
[2025-11-02T12:50:47.166+0000] {logging_mixin.py:188} INFO - [2025-11-02T12:50:47.166+0000] {dagbag.py:538} INFO - Filling up the DagBag from /opt/airflow/dags/pg_dbt.py
[2025-11-02T12:50:47.220+0000] {processor.py:840} INFO - DAG(s) 'scheduled_dbt_pg_daily' retrieved from /opt/airflow/dags/pg_dbt.py
[2025-11-02T12:50:47.427+0000] {logging_mixin.py:188} INFO - [2025-11-02T12:50:47.426+0000] {dag.py:3036} INFO - Sync 1 DAGs
[2025-11-02T12:50:47.549+0000] {logging_mixin.py:188} INFO - [2025-11-02T12:50:47.549+0000] {dag.py:3823} INFO - Setting next_dagrun for scheduled_dbt_pg_daily to None, run_after=None
[2025-11-02T12:50:47.703+0000] {processor.py:183} INFO - Processing /opt/airflow/dags/pg_dbt.py took 0.563 seconds
[2025-11-02T12:51:18.911+0000] {processor.py:161} INFO - Started process (PID=3302) to work on /opt/airflow/dags/pg_dbt.py
[2025-11-02T12:51:19.075+0000] {processor.py:830} INFO - Processing file /opt/airflow/dags/pg_dbt.py for tasks to queue
[2025-11-02T12:51:19.093+0000] {logging_mixin.py:188} INFO - [2025-11-02T12:51:19.092+0000] {dagbag.py:538} INFO - Filling up the DagBag from /opt/airflow/dags/pg_dbt.py
[2025-11-02T12:51:19.368+0000] {processor.py:840} INFO - DAG(s) 'scheduled_dbt_pg_daily' retrieved from /opt/airflow/dags/pg_dbt.py
[2025-11-02T12:51:19.557+0000] {logging_mixin.py:188} INFO - [2025-11-02T12:51:19.557+0000] {dag.py:3036} INFO - Sync 1 DAGs
[2025-11-02T12:51:19.676+0000] {logging_mixin.py:188} INFO - [2025-11-02T12:51:19.676+0000] {dag.py:3823} INFO - Setting next_dagrun for scheduled_dbt_pg_daily to None, run_after=None
[2025-11-02T12:51:19.918+0000] {processor.py:183} INFO - Processing /opt/airflow/dags/pg_dbt.py took 1.016 seconds
[2025-11-02T12:51:50.432+0000] {processor.py:161} INFO - Started process (PID=3314) to work on /opt/airflow/dags/pg_dbt.py
[2025-11-02T12:51:50.439+0000] {processor.py:830} INFO - Processing file /opt/airflow/dags/pg_dbt.py for tasks to queue
[2025-11-02T12:51:50.442+0000] {logging_mixin.py:188} INFO - [2025-11-02T12:51:50.442+0000] {dagbag.py:538} INFO - Filling up the DagBag from /opt/airflow/dags/pg_dbt.py
[2025-11-02T12:51:50.483+0000] {processor.py:840} INFO - DAG(s) 'scheduled_dbt_pg_daily' retrieved from /opt/airflow/dags/pg_dbt.py
[2025-11-02T12:51:50.528+0000] {logging_mixin.py:188} INFO - [2025-11-02T12:51:50.528+0000] {dag.py:3036} INFO - Sync 1 DAGs
[2025-11-02T12:51:50.567+0000] {logging_mixin.py:188} INFO - [2025-11-02T12:51:50.566+0000] {dag.py:3823} INFO - Setting next_dagrun for scheduled_dbt_pg_daily to None, run_after=None
[2025-11-02T12:51:50.725+0000] {processor.py:183} INFO - Processing /opt/airflow/dags/pg_dbt.py took 0.304 seconds
[2025-11-02T12:52:21.026+0000] {processor.py:161} INFO - Started process (PID=3326) to work on /opt/airflow/dags/pg_dbt.py
[2025-11-02T12:52:21.028+0000] {processor.py:830} INFO - Processing file /opt/airflow/dags/pg_dbt.py for tasks to queue
[2025-11-02T12:52:21.030+0000] {logging_mixin.py:188} INFO - [2025-11-02T12:52:21.030+0000] {dagbag.py:538} INFO - Filling up the DagBag from /opt/airflow/dags/pg_dbt.py
[2025-11-02T12:52:21.066+0000] {processor.py:840} INFO - DAG(s) 'scheduled_dbt_pg_daily' retrieved from /opt/airflow/dags/pg_dbt.py
[2025-11-02T12:52:21.122+0000] {logging_mixin.py:188} INFO - [2025-11-02T12:52:21.122+0000] {dag.py:3036} INFO - Sync 1 DAGs
[2025-11-02T12:52:21.229+0000] {logging_mixin.py:188} INFO - [2025-11-02T12:52:21.219+0000] {dag.py:3823} INFO - Setting next_dagrun for scheduled_dbt_pg_daily to None, run_after=None
[2025-11-02T12:52:21.415+0000] {processor.py:183} INFO - Processing /opt/airflow/dags/pg_dbt.py took 0.397 seconds
[2025-11-02T12:52:51.844+0000] {processor.py:161} INFO - Started process (PID=3338) to work on /opt/airflow/dags/pg_dbt.py
[2025-11-02T12:52:51.847+0000] {processor.py:830} INFO - Processing file /opt/airflow/dags/pg_dbt.py for tasks to queue
[2025-11-02T12:52:51.850+0000] {logging_mixin.py:188} INFO - [2025-11-02T12:52:51.848+0000] {dagbag.py:538} INFO - Filling up the DagBag from /opt/airflow/dags/pg_dbt.py
[2025-11-02T12:52:51.882+0000] {processor.py:840} INFO - DAG(s) 'scheduled_dbt_pg_daily' retrieved from /opt/airflow/dags/pg_dbt.py
[2025-11-02T12:52:51.962+0000] {logging_mixin.py:188} INFO - [2025-11-02T12:52:51.962+0000] {dag.py:3036} INFO - Sync 1 DAGs
[2025-11-02T12:52:52.048+0000] {logging_mixin.py:188} INFO - [2025-11-02T12:52:52.048+0000] {dag.py:3823} INFO - Setting next_dagrun for scheduled_dbt_pg_daily to None, run_after=None
[2025-11-02T12:52:52.197+0000] {processor.py:183} INFO - Processing /opt/airflow/dags/pg_dbt.py took 0.363 seconds
[2025-11-02T12:53:22.594+0000] {processor.py:161} INFO - Started process (PID=3350) to work on /opt/airflow/dags/pg_dbt.py
[2025-11-02T12:53:22.597+0000] {processor.py:830} INFO - Processing file /opt/airflow/dags/pg_dbt.py for tasks to queue
[2025-11-02T12:53:22.608+0000] {logging_mixin.py:188} INFO - [2025-11-02T12:53:22.607+0000] {dagbag.py:538} INFO - Filling up the DagBag from /opt/airflow/dags/pg_dbt.py
[2025-11-02T12:53:22.703+0000] {processor.py:840} INFO - DAG(s) 'scheduled_dbt_pg_daily' retrieved from /opt/airflow/dags/pg_dbt.py
[2025-11-02T12:53:22.873+0000] {logging_mixin.py:188} INFO - [2025-11-02T12:53:22.872+0000] {dag.py:3036} INFO - Sync 1 DAGs
[2025-11-02T12:53:22.985+0000] {logging_mixin.py:188} INFO - [2025-11-02T12:53:22.984+0000] {dag.py:3823} INFO - Setting next_dagrun for scheduled_dbt_pg_daily to None, run_after=None
[2025-11-02T12:53:23.148+0000] {processor.py:183} INFO - Processing /opt/airflow/dags/pg_dbt.py took 0.570 seconds
[2025-11-02T12:53:53.448+0000] {processor.py:161} INFO - Started process (PID=3362) to work on /opt/airflow/dags/pg_dbt.py
[2025-11-02T12:53:53.452+0000] {processor.py:830} INFO - Processing file /opt/airflow/dags/pg_dbt.py for tasks to queue
[2025-11-02T12:53:53.455+0000] {logging_mixin.py:188} INFO - [2025-11-02T12:53:53.454+0000] {dagbag.py:538} INFO - Filling up the DagBag from /opt/airflow/dags/pg_dbt.py
[2025-11-02T12:53:53.550+0000] {processor.py:840} INFO - DAG(s) 'scheduled_dbt_pg_daily' retrieved from /opt/airflow/dags/pg_dbt.py
[2025-11-02T12:53:53.636+0000] {logging_mixin.py:188} INFO - [2025-11-02T12:53:53.635+0000] {dag.py:3036} INFO - Sync 1 DAGs
[2025-11-02T12:53:53.678+0000] {logging_mixin.py:188} INFO - [2025-11-02T12:53:53.678+0000] {dag.py:3823} INFO - Setting next_dagrun for scheduled_dbt_pg_daily to None, run_after=None
[2025-11-02T12:53:53.755+0000] {processor.py:183} INFO - Processing /opt/airflow/dags/pg_dbt.py took 0.323 seconds
[2025-11-02T12:54:23.948+0000] {processor.py:161} INFO - Started process (PID=3366) to work on /opt/airflow/dags/pg_dbt.py
[2025-11-02T12:54:23.951+0000] {processor.py:830} INFO - Processing file /opt/airflow/dags/pg_dbt.py for tasks to queue
[2025-11-02T12:54:23.953+0000] {logging_mixin.py:188} INFO - [2025-11-02T12:54:23.952+0000] {dagbag.py:538} INFO - Filling up the DagBag from /opt/airflow/dags/pg_dbt.py
[2025-11-02T12:54:23.988+0000] {processor.py:840} INFO - DAG(s) 'scheduled_dbt_pg_daily' retrieved from /opt/airflow/dags/pg_dbt.py
[2025-11-02T12:54:24.033+0000] {logging_mixin.py:188} INFO - [2025-11-02T12:54:24.032+0000] {dag.py:3036} INFO - Sync 1 DAGs
[2025-11-02T12:54:24.067+0000] {logging_mixin.py:188} INFO - [2025-11-02T12:54:24.067+0000] {dag.py:3823} INFO - Setting next_dagrun for scheduled_dbt_pg_daily to None, run_after=None
[2025-11-02T12:54:24.112+0000] {processor.py:183} INFO - Processing /opt/airflow/dags/pg_dbt.py took 0.171 seconds
[2025-11-02T12:54:57.203+0000] {processor.py:161} INFO - Started process (PID=3378) to work on /opt/airflow/dags/pg_dbt.py
[2025-11-02T12:54:57.206+0000] {processor.py:830} INFO - Processing file /opt/airflow/dags/pg_dbt.py for tasks to queue
[2025-11-02T12:54:57.208+0000] {logging_mixin.py:188} INFO - [2025-11-02T12:54:57.207+0000] {dagbag.py:538} INFO - Filling up the DagBag from /opt/airflow/dags/pg_dbt.py
[2025-11-02T12:54:57.239+0000] {processor.py:840} INFO - DAG(s) 'scheduled_dbt_pg_daily' retrieved from /opt/airflow/dags/pg_dbt.py
[2025-11-02T12:54:57.292+0000] {logging_mixin.py:188} INFO - [2025-11-02T12:54:57.292+0000] {dag.py:3036} INFO - Sync 1 DAGs
[2025-11-02T12:54:57.324+0000] {logging_mixin.py:188} INFO - [2025-11-02T12:54:57.324+0000] {dag.py:3823} INFO - Setting next_dagrun for scheduled_dbt_pg_daily to None, run_after=None
[2025-11-02T12:54:57.377+0000] {processor.py:183} INFO - Processing /opt/airflow/dags/pg_dbt.py took 0.183 seconds
[2025-11-02T12:55:27.659+0000] {processor.py:161} INFO - Started process (PID=3396) to work on /opt/airflow/dags/pg_dbt.py
[2025-11-02T12:55:27.661+0000] {processor.py:830} INFO - Processing file /opt/airflow/dags/pg_dbt.py for tasks to queue
[2025-11-02T12:55:27.664+0000] {logging_mixin.py:188} INFO - [2025-11-02T12:55:27.663+0000] {dagbag.py:538} INFO - Filling up the DagBag from /opt/airflow/dags/pg_dbt.py
[2025-11-02T12:55:27.701+0000] {processor.py:840} INFO - DAG(s) 'scheduled_dbt_pg_daily' retrieved from /opt/airflow/dags/pg_dbt.py
[2025-11-02T12:55:27.751+0000] {logging_mixin.py:188} INFO - [2025-11-02T12:55:27.750+0000] {dag.py:3036} INFO - Sync 1 DAGs
[2025-11-02T12:55:27.790+0000] {logging_mixin.py:188} INFO - [2025-11-02T12:55:27.789+0000] {dag.py:3823} INFO - Setting next_dagrun for scheduled_dbt_pg_daily to None, run_after=None
[2025-11-02T12:55:27.836+0000] {processor.py:183} INFO - Processing /opt/airflow/dags/pg_dbt.py took 0.188 seconds
[2025-11-02T12:55:57.963+0000] {processor.py:161} INFO - Started process (PID=3402) to work on /opt/airflow/dags/pg_dbt.py
[2025-11-02T12:55:57.965+0000] {processor.py:830} INFO - Processing file /opt/airflow/dags/pg_dbt.py for tasks to queue
[2025-11-02T12:55:57.968+0000] {logging_mixin.py:188} INFO - [2025-11-02T12:55:57.967+0000] {dagbag.py:538} INFO - Filling up the DagBag from /opt/airflow/dags/pg_dbt.py
[2025-11-02T12:55:58.004+0000] {processor.py:840} INFO - DAG(s) 'scheduled_dbt_pg_daily' retrieved from /opt/airflow/dags/pg_dbt.py
[2025-11-02T12:55:58.060+0000] {logging_mixin.py:188} INFO - [2025-11-02T12:55:58.059+0000] {dag.py:3036} INFO - Sync 1 DAGs
[2025-11-02T12:55:58.101+0000] {logging_mixin.py:188} INFO - [2025-11-02T12:55:58.100+0000] {dag.py:3823} INFO - Setting next_dagrun for scheduled_dbt_pg_daily to None, run_after=None
[2025-11-02T12:55:58.160+0000] {processor.py:183} INFO - Processing /opt/airflow/dags/pg_dbt.py took 0.206 seconds
[2025-11-02T12:56:28.405+0000] {processor.py:161} INFO - Started process (PID=3414) to work on /opt/airflow/dags/pg_dbt.py
[2025-11-02T12:56:28.407+0000] {processor.py:830} INFO - Processing file /opt/airflow/dags/pg_dbt.py for tasks to queue
[2025-11-02T12:56:28.410+0000] {logging_mixin.py:188} INFO - [2025-11-02T12:56:28.409+0000] {dagbag.py:538} INFO - Filling up the DagBag from /opt/airflow/dags/pg_dbt.py
[2025-11-02T12:56:28.442+0000] {processor.py:840} INFO - DAG(s) 'scheduled_dbt_pg_daily' retrieved from /opt/airflow/dags/pg_dbt.py
[2025-11-02T12:56:28.494+0000] {logging_mixin.py:188} INFO - [2025-11-02T12:56:28.493+0000] {dag.py:3036} INFO - Sync 1 DAGs
[2025-11-02T12:56:28.533+0000] {logging_mixin.py:188} INFO - [2025-11-02T12:56:28.533+0000] {dag.py:3823} INFO - Setting next_dagrun for scheduled_dbt_pg_daily to None, run_after=None
[2025-11-02T12:56:28.586+0000] {processor.py:183} INFO - Processing /opt/airflow/dags/pg_dbt.py took 0.189 seconds
[2025-11-02T12:56:58.842+0000] {processor.py:161} INFO - Started process (PID=3426) to work on /opt/airflow/dags/pg_dbt.py
[2025-11-02T12:56:58.863+0000] {processor.py:830} INFO - Processing file /opt/airflow/dags/pg_dbt.py for tasks to queue
[2025-11-02T12:56:58.887+0000] {logging_mixin.py:188} INFO - [2025-11-02T12:56:58.886+0000] {dagbag.py:538} INFO - Filling up the DagBag from /opt/airflow/dags/pg_dbt.py
[2025-11-02T12:56:58.929+0000] {processor.py:840} INFO - DAG(s) 'scheduled_dbt_pg_daily' retrieved from /opt/airflow/dags/pg_dbt.py
[2025-11-02T12:56:58.988+0000] {logging_mixin.py:188} INFO - [2025-11-02T12:56:58.988+0000] {dag.py:3036} INFO - Sync 1 DAGs
[2025-11-02T12:56:59.027+0000] {logging_mixin.py:188} INFO - [2025-11-02T12:56:59.027+0000] {dag.py:3823} INFO - Setting next_dagrun for scheduled_dbt_pg_daily to None, run_after=None
[2025-11-02T12:56:59.087+0000] {processor.py:183} INFO - Processing /opt/airflow/dags/pg_dbt.py took 0.260 seconds
[2025-11-02T12:57:30.069+0000] {processor.py:161} INFO - Started process (PID=3438) to work on /opt/airflow/dags/pg_dbt.py
[2025-11-02T12:57:30.071+0000] {processor.py:830} INFO - Processing file /opt/airflow/dags/pg_dbt.py for tasks to queue
[2025-11-02T12:57:30.074+0000] {logging_mixin.py:188} INFO - [2025-11-02T12:57:30.073+0000] {dagbag.py:538} INFO - Filling up the DagBag from /opt/airflow/dags/pg_dbt.py
[2025-11-02T12:57:30.112+0000] {processor.py:840} INFO - DAG(s) 'scheduled_dbt_pg_daily' retrieved from /opt/airflow/dags/pg_dbt.py
[2025-11-02T12:57:30.157+0000] {logging_mixin.py:188} INFO - [2025-11-02T12:57:30.157+0000] {dag.py:3036} INFO - Sync 1 DAGs
[2025-11-02T12:57:30.192+0000] {logging_mixin.py:188} INFO - [2025-11-02T12:57:30.192+0000] {dag.py:3823} INFO - Setting next_dagrun for scheduled_dbt_pg_daily to None, run_after=None
[2025-11-02T12:57:30.238+0000] {processor.py:183} INFO - Processing /opt/airflow/dags/pg_dbt.py took 0.178 seconds
[2025-11-02T12:58:00.418+0000] {processor.py:161} INFO - Started process (PID=3450) to work on /opt/airflow/dags/pg_dbt.py
[2025-11-02T12:58:00.420+0000] {processor.py:830} INFO - Processing file /opt/airflow/dags/pg_dbt.py for tasks to queue
[2025-11-02T12:58:00.422+0000] {logging_mixin.py:188} INFO - [2025-11-02T12:58:00.421+0000] {dagbag.py:538} INFO - Filling up the DagBag from /opt/airflow/dags/pg_dbt.py
[2025-11-02T12:58:00.458+0000] {processor.py:840} INFO - DAG(s) 'scheduled_dbt_pg_daily' retrieved from /opt/airflow/dags/pg_dbt.py
[2025-11-02T12:58:00.511+0000] {logging_mixin.py:188} INFO - [2025-11-02T12:58:00.511+0000] {dag.py:3036} INFO - Sync 1 DAGs
[2025-11-02T12:58:00.553+0000] {logging_mixin.py:188} INFO - [2025-11-02T12:58:00.552+0000] {dag.py:3823} INFO - Setting next_dagrun for scheduled_dbt_pg_daily to None, run_after=None
[2025-11-02T12:58:00.598+0000] {processor.py:183} INFO - Processing /opt/airflow/dags/pg_dbt.py took 0.188 seconds
[2025-11-02T12:58:31.131+0000] {processor.py:161} INFO - Started process (PID=3462) to work on /opt/airflow/dags/pg_dbt.py
[2025-11-02T12:58:31.141+0000] {processor.py:830} INFO - Processing file /opt/airflow/dags/pg_dbt.py for tasks to queue
[2025-11-02T12:58:31.150+0000] {logging_mixin.py:188} INFO - [2025-11-02T12:58:31.149+0000] {dagbag.py:538} INFO - Filling up the DagBag from /opt/airflow/dags/pg_dbt.py
[2025-11-02T12:58:31.291+0000] {processor.py:840} INFO - DAG(s) 'scheduled_dbt_pg_daily' retrieved from /opt/airflow/dags/pg_dbt.py
[2025-11-02T12:58:31.407+0000] {logging_mixin.py:188} INFO - [2025-11-02T12:58:31.407+0000] {dag.py:3036} INFO - Sync 1 DAGs
[2025-11-02T12:58:31.640+0000] {logging_mixin.py:188} INFO - [2025-11-02T12:58:31.632+0000] {dag.py:3823} INFO - Setting next_dagrun for scheduled_dbt_pg_daily to None, run_after=None
[2025-11-02T12:58:31.919+0000] {processor.py:183} INFO - Processing /opt/airflow/dags/pg_dbt.py took 0.804 seconds
[2025-11-02T12:59:03.390+0000] {processor.py:161} INFO - Started process (PID=3474) to work on /opt/airflow/dags/pg_dbt.py
[2025-11-02T12:59:03.403+0000] {processor.py:830} INFO - Processing file /opt/airflow/dags/pg_dbt.py for tasks to queue
[2025-11-02T12:59:03.407+0000] {logging_mixin.py:188} INFO - [2025-11-02T12:59:03.407+0000] {dagbag.py:538} INFO - Filling up the DagBag from /opt/airflow/dags/pg_dbt.py
[2025-11-02T12:59:03.627+0000] {processor.py:840} INFO - DAG(s) 'scheduled_dbt_pg_daily' retrieved from /opt/airflow/dags/pg_dbt.py
[2025-11-02T12:59:03.758+0000] {logging_mixin.py:188} INFO - [2025-11-02T12:59:03.758+0000] {dag.py:3036} INFO - Sync 1 DAGs
[2025-11-02T12:59:03.865+0000] {logging_mixin.py:188} INFO - [2025-11-02T12:59:03.865+0000] {dag.py:3823} INFO - Setting next_dagrun for scheduled_dbt_pg_daily to None, run_after=None
[2025-11-02T12:59:04.145+0000] {processor.py:183} INFO - Processing /opt/airflow/dags/pg_dbt.py took 0.761 seconds
[2025-11-02T12:59:34.787+0000] {processor.py:161} INFO - Started process (PID=3486) to work on /opt/airflow/dags/pg_dbt.py
[2025-11-02T12:59:34.792+0000] {processor.py:830} INFO - Processing file /opt/airflow/dags/pg_dbt.py for tasks to queue
[2025-11-02T12:59:34.801+0000] {logging_mixin.py:188} INFO - [2025-11-02T12:59:34.800+0000] {dagbag.py:538} INFO - Filling up the DagBag from /opt/airflow/dags/pg_dbt.py
[2025-11-02T12:59:34.901+0000] {processor.py:840} INFO - DAG(s) 'scheduled_dbt_pg_daily' retrieved from /opt/airflow/dags/pg_dbt.py
[2025-11-02T12:59:35.033+0000] {logging_mixin.py:188} INFO - [2025-11-02T12:59:35.032+0000] {dag.py:3036} INFO - Sync 1 DAGs
[2025-11-02T12:59:35.301+0000] {logging_mixin.py:188} INFO - [2025-11-02T12:59:35.300+0000] {dag.py:3823} INFO - Setting next_dagrun for scheduled_dbt_pg_daily to None, run_after=None
[2025-11-02T12:59:35.588+0000] {processor.py:183} INFO - Processing /opt/airflow/dags/pg_dbt.py took 0.823 seconds
[2025-11-02T13:00:06.077+0000] {processor.py:161} INFO - Started process (PID=3498) to work on /opt/airflow/dags/pg_dbt.py
[2025-11-02T13:00:06.081+0000] {processor.py:830} INFO - Processing file /opt/airflow/dags/pg_dbt.py for tasks to queue
[2025-11-02T13:00:06.086+0000] {logging_mixin.py:188} INFO - [2025-11-02T13:00:06.085+0000] {dagbag.py:538} INFO - Filling up the DagBag from /opt/airflow/dags/pg_dbt.py
[2025-11-02T13:00:06.160+0000] {processor.py:840} INFO - DAG(s) 'scheduled_dbt_pg_daily' retrieved from /opt/airflow/dags/pg_dbt.py
[2025-11-02T13:00:06.318+0000] {logging_mixin.py:188} INFO - [2025-11-02T13:00:06.318+0000] {dag.py:3036} INFO - Sync 1 DAGs
[2025-11-02T13:00:06.449+0000] {logging_mixin.py:188} INFO - [2025-11-02T13:00:06.448+0000] {dag.py:3823} INFO - Setting next_dagrun for scheduled_dbt_pg_daily to None, run_after=None
[2025-11-02T13:00:06.530+0000] {processor.py:183} INFO - Processing /opt/airflow/dags/pg_dbt.py took 0.460 seconds
[2025-11-02T13:00:36.912+0000] {processor.py:161} INFO - Started process (PID=3511) to work on /opt/airflow/dags/pg_dbt.py
[2025-11-02T13:00:36.915+0000] {processor.py:830} INFO - Processing file /opt/airflow/dags/pg_dbt.py for tasks to queue
[2025-11-02T13:00:36.916+0000] {logging_mixin.py:188} INFO - [2025-11-02T13:00:36.916+0000] {dagbag.py:538} INFO - Filling up the DagBag from /opt/airflow/dags/pg_dbt.py
[2025-11-02T13:00:37.267+0000] {processor.py:840} INFO - DAG(s) 'scheduled_dbt_pg_daily' retrieved from /opt/airflow/dags/pg_dbt.py
[2025-11-02T13:00:37.396+0000] {logging_mixin.py:188} INFO - [2025-11-02T13:00:37.395+0000] {dag.py:3036} INFO - Sync 1 DAGs
[2025-11-02T13:00:37.472+0000] {logging_mixin.py:188} INFO - [2025-11-02T13:00:37.472+0000] {dag.py:3823} INFO - Setting next_dagrun for scheduled_dbt_pg_daily to None, run_after=None
[2025-11-02T13:00:37.566+0000] {processor.py:183} INFO - Processing /opt/airflow/dags/pg_dbt.py took 0.661 seconds
[2025-11-02T13:01:07.892+0000] {processor.py:161} INFO - Started process (PID=3522) to work on /opt/airflow/dags/pg_dbt.py
[2025-11-02T13:01:07.894+0000] {processor.py:830} INFO - Processing file /opt/airflow/dags/pg_dbt.py for tasks to queue
[2025-11-02T13:01:07.898+0000] {logging_mixin.py:188} INFO - [2025-11-02T13:01:07.897+0000] {dagbag.py:538} INFO - Filling up the DagBag from /opt/airflow/dags/pg_dbt.py
[2025-11-02T13:01:07.945+0000] {processor.py:840} INFO - DAG(s) 'scheduled_dbt_pg_daily' retrieved from /opt/airflow/dags/pg_dbt.py
[2025-11-02T13:01:08.001+0000] {logging_mixin.py:188} INFO - [2025-11-02T13:01:08.001+0000] {dag.py:3036} INFO - Sync 1 DAGs
[2025-11-02T13:01:08.057+0000] {logging_mixin.py:188} INFO - [2025-11-02T13:01:08.057+0000] {dag.py:3823} INFO - Setting next_dagrun for scheduled_dbt_pg_daily to None, run_after=None
[2025-11-02T13:01:08.122+0000] {processor.py:183} INFO - Processing /opt/airflow/dags/pg_dbt.py took 0.241 seconds
[2025-11-02T13:01:38.221+0000] {processor.py:161} INFO - Started process (PID=3528) to work on /opt/airflow/dags/pg_dbt.py
[2025-11-02T13:01:38.224+0000] {processor.py:830} INFO - Processing file /opt/airflow/dags/pg_dbt.py for tasks to queue
[2025-11-02T13:01:38.227+0000] {logging_mixin.py:188} INFO - [2025-11-02T13:01:38.226+0000] {dagbag.py:538} INFO - Filling up the DagBag from /opt/airflow/dags/pg_dbt.py
[2025-11-02T13:01:38.269+0000] {processor.py:840} INFO - DAG(s) 'scheduled_dbt_pg_daily' retrieved from /opt/airflow/dags/pg_dbt.py
[2025-11-02T13:01:38.322+0000] {logging_mixin.py:188} INFO - [2025-11-02T13:01:38.322+0000] {dag.py:3036} INFO - Sync 1 DAGs
[2025-11-02T13:01:38.359+0000] {logging_mixin.py:188} INFO - [2025-11-02T13:01:38.359+0000] {dag.py:3823} INFO - Setting next_dagrun for scheduled_dbt_pg_daily to None, run_after=None
[2025-11-02T13:01:38.412+0000] {processor.py:183} INFO - Processing /opt/airflow/dags/pg_dbt.py took 0.205 seconds
[2025-11-02T13:02:10.604+0000] {processor.py:161} INFO - Started process (PID=3540) to work on /opt/airflow/dags/pg_dbt.py
[2025-11-02T13:02:10.607+0000] {processor.py:830} INFO - Processing file /opt/airflow/dags/pg_dbt.py for tasks to queue
[2025-11-02T13:02:10.610+0000] {logging_mixin.py:188} INFO - [2025-11-02T13:02:10.609+0000] {dagbag.py:538} INFO - Filling up the DagBag from /opt/airflow/dags/pg_dbt.py
[2025-11-02T13:02:10.645+0000] {processor.py:840} INFO - DAG(s) 'scheduled_dbt_pg_daily' retrieved from /opt/airflow/dags/pg_dbt.py
[2025-11-02T13:02:10.701+0000] {logging_mixin.py:188} INFO - [2025-11-02T13:02:10.701+0000] {dag.py:3036} INFO - Sync 1 DAGs
[2025-11-02T13:02:10.739+0000] {logging_mixin.py:188} INFO - [2025-11-02T13:02:10.739+0000] {dag.py:3823} INFO - Setting next_dagrun for scheduled_dbt_pg_daily to None, run_after=None
[2025-11-02T13:02:10.792+0000] {processor.py:183} INFO - Processing /opt/airflow/dags/pg_dbt.py took 0.198 seconds
[2025-11-02T13:02:44.512+0000] {processor.py:161} INFO - Started process (PID=3552) to work on /opt/airflow/dags/pg_dbt.py
[2025-11-02T13:02:44.517+0000] {processor.py:830} INFO - Processing file /opt/airflow/dags/pg_dbt.py for tasks to queue
[2025-11-02T13:02:44.522+0000] {logging_mixin.py:188} INFO - [2025-11-02T13:02:44.521+0000] {dagbag.py:538} INFO - Filling up the DagBag from /opt/airflow/dags/pg_dbt.py
[2025-11-02T13:02:44.568+0000] {processor.py:840} INFO - DAG(s) 'scheduled_dbt_pg_daily' retrieved from /opt/airflow/dags/pg_dbt.py
[2025-11-02T13:02:44.627+0000] {logging_mixin.py:188} INFO - [2025-11-02T13:02:44.627+0000] {dag.py:3036} INFO - Sync 1 DAGs
[2025-11-02T13:02:44.676+0000] {logging_mixin.py:188} INFO - [2025-11-02T13:02:44.676+0000] {dag.py:3823} INFO - Setting next_dagrun for scheduled_dbt_pg_daily to None, run_after=None
[2025-11-02T13:02:44.728+0000] {processor.py:183} INFO - Processing /opt/airflow/dags/pg_dbt.py took 0.232 seconds
[2025-11-02T13:03:17.788+0000] {processor.py:161} INFO - Started process (PID=3564) to work on /opt/airflow/dags/pg_dbt.py
[2025-11-02T13:03:17.790+0000] {processor.py:830} INFO - Processing file /opt/airflow/dags/pg_dbt.py for tasks to queue
[2025-11-02T13:03:17.793+0000] {logging_mixin.py:188} INFO - [2025-11-02T13:03:17.792+0000] {dagbag.py:538} INFO - Filling up the DagBag from /opt/airflow/dags/pg_dbt.py
[2025-11-02T13:03:17.827+0000] {processor.py:840} INFO - DAG(s) 'scheduled_dbt_pg_daily' retrieved from /opt/airflow/dags/pg_dbt.py
[2025-11-02T13:03:17.886+0000] {logging_mixin.py:188} INFO - [2025-11-02T13:03:17.886+0000] {dag.py:3036} INFO - Sync 1 DAGs
[2025-11-02T13:03:17.933+0000] {logging_mixin.py:188} INFO - [2025-11-02T13:03:17.933+0000] {dag.py:3823} INFO - Setting next_dagrun for scheduled_dbt_pg_daily to None, run_after=None
[2025-11-02T13:03:17.994+0000] {processor.py:183} INFO - Processing /opt/airflow/dags/pg_dbt.py took 0.214 seconds
[2025-11-02T13:03:51.214+0000] {processor.py:161} INFO - Started process (PID=3576) to work on /opt/airflow/dags/pg_dbt.py
[2025-11-02T13:03:51.216+0000] {processor.py:830} INFO - Processing file /opt/airflow/dags/pg_dbt.py for tasks to queue
[2025-11-02T13:03:51.219+0000] {logging_mixin.py:188} INFO - [2025-11-02T13:03:51.218+0000] {dagbag.py:538} INFO - Filling up the DagBag from /opt/airflow/dags/pg_dbt.py
[2025-11-02T13:03:51.250+0000] {processor.py:840} INFO - DAG(s) 'scheduled_dbt_pg_daily' retrieved from /opt/airflow/dags/pg_dbt.py
[2025-11-02T13:03:51.293+0000] {logging_mixin.py:188} INFO - [2025-11-02T13:03:51.293+0000] {dag.py:3036} INFO - Sync 1 DAGs
[2025-11-02T13:03:51.331+0000] {logging_mixin.py:188} INFO - [2025-11-02T13:03:51.331+0000] {dag.py:3823} INFO - Setting next_dagrun for scheduled_dbt_pg_daily to None, run_after=None
[2025-11-02T13:03:51.380+0000] {processor.py:183} INFO - Processing /opt/airflow/dags/pg_dbt.py took 0.171 seconds
[2025-11-02T13:04:24.367+0000] {processor.py:161} INFO - Started process (PID=3588) to work on /opt/airflow/dags/pg_dbt.py
[2025-11-02T13:04:24.383+0000] {processor.py:830} INFO - Processing file /opt/airflow/dags/pg_dbt.py for tasks to queue
[2025-11-02T13:04:24.390+0000] {logging_mixin.py:188} INFO - [2025-11-02T13:04:24.389+0000] {dagbag.py:538} INFO - Filling up the DagBag from /opt/airflow/dags/pg_dbt.py
[2025-11-02T13:04:24.440+0000] {processor.py:840} INFO - DAG(s) 'scheduled_dbt_pg_daily' retrieved from /opt/airflow/dags/pg_dbt.py
[2025-11-02T13:04:24.504+0000] {logging_mixin.py:188} INFO - [2025-11-02T13:04:24.503+0000] {dag.py:3036} INFO - Sync 1 DAGs
[2025-11-02T13:04:24.539+0000] {logging_mixin.py:188} INFO - [2025-11-02T13:04:24.538+0000] {dag.py:3823} INFO - Setting next_dagrun for scheduled_dbt_pg_daily to None, run_after=None
[2025-11-02T13:04:24.588+0000] {processor.py:183} INFO - Processing /opt/airflow/dags/pg_dbt.py took 0.236 seconds
[2025-11-02T13:04:57.921+0000] {processor.py:161} INFO - Started process (PID=3600) to work on /opt/airflow/dags/pg_dbt.py
[2025-11-02T13:04:57.927+0000] {processor.py:830} INFO - Processing file /opt/airflow/dags/pg_dbt.py for tasks to queue
[2025-11-02T13:04:57.929+0000] {logging_mixin.py:188} INFO - [2025-11-02T13:04:57.929+0000] {dagbag.py:538} INFO - Filling up the DagBag from /opt/airflow/dags/pg_dbt.py
[2025-11-02T13:04:57.967+0000] {processor.py:840} INFO - DAG(s) 'scheduled_dbt_pg_daily' retrieved from /opt/airflow/dags/pg_dbt.py
[2025-11-02T13:04:58.039+0000] {logging_mixin.py:188} INFO - [2025-11-02T13:04:58.039+0000] {dag.py:3036} INFO - Sync 1 DAGs
[2025-11-02T13:04:58.081+0000] {logging_mixin.py:188} INFO - [2025-11-02T13:04:58.080+0000] {dag.py:3823} INFO - Setting next_dagrun for scheduled_dbt_pg_daily to None, run_after=None
[2025-11-02T13:04:58.154+0000] {processor.py:183} INFO - Processing /opt/airflow/dags/pg_dbt.py took 0.241 seconds
[2025-11-02T13:05:30.594+0000] {processor.py:161} INFO - Started process (PID=3612) to work on /opt/airflow/dags/pg_dbt.py
[2025-11-02T13:05:30.596+0000] {processor.py:830} INFO - Processing file /opt/airflow/dags/pg_dbt.py for tasks to queue
[2025-11-02T13:05:30.598+0000] {logging_mixin.py:188} INFO - [2025-11-02T13:05:30.597+0000] {dagbag.py:538} INFO - Filling up the DagBag from /opt/airflow/dags/pg_dbt.py
[2025-11-02T13:05:30.629+0000] {processor.py:840} INFO - DAG(s) 'scheduled_dbt_pg_daily' retrieved from /opt/airflow/dags/pg_dbt.py
[2025-11-02T13:05:30.676+0000] {logging_mixin.py:188} INFO - [2025-11-02T13:05:30.675+0000] {dag.py:3036} INFO - Sync 1 DAGs
[2025-11-02T13:05:30.711+0000] {logging_mixin.py:188} INFO - [2025-11-02T13:05:30.711+0000] {dag.py:3823} INFO - Setting next_dagrun for scheduled_dbt_pg_daily to None, run_after=None
[2025-11-02T13:05:30.752+0000] {processor.py:183} INFO - Processing /opt/airflow/dags/pg_dbt.py took 0.168 seconds
[2025-11-02T13:06:03.811+0000] {processor.py:161} INFO - Started process (PID=3624) to work on /opt/airflow/dags/pg_dbt.py
[2025-11-02T13:06:03.814+0000] {processor.py:830} INFO - Processing file /opt/airflow/dags/pg_dbt.py for tasks to queue
[2025-11-02T13:06:03.816+0000] {logging_mixin.py:188} INFO - [2025-11-02T13:06:03.815+0000] {dagbag.py:538} INFO - Filling up the DagBag from /opt/airflow/dags/pg_dbt.py
[2025-11-02T13:06:03.848+0000] {processor.py:840} INFO - DAG(s) 'scheduled_dbt_pg_daily' retrieved from /opt/airflow/dags/pg_dbt.py
[2025-11-02T13:06:03.893+0000] {logging_mixin.py:188} INFO - [2025-11-02T13:06:03.892+0000] {dag.py:3036} INFO - Sync 1 DAGs
[2025-11-02T13:06:03.928+0000] {logging_mixin.py:188} INFO - [2025-11-02T13:06:03.927+0000] {dag.py:3823} INFO - Setting next_dagrun for scheduled_dbt_pg_daily to None, run_after=None
[2025-11-02T13:06:03.973+0000] {processor.py:183} INFO - Processing /opt/airflow/dags/pg_dbt.py took 0.169 seconds
[2025-11-02T13:06:37.332+0000] {processor.py:161} INFO - Started process (PID=3636) to work on /opt/airflow/dags/pg_dbt.py
[2025-11-02T13:06:37.334+0000] {processor.py:830} INFO - Processing file /opt/airflow/dags/pg_dbt.py for tasks to queue
[2025-11-02T13:06:37.337+0000] {logging_mixin.py:188} INFO - [2025-11-02T13:06:37.336+0000] {dagbag.py:538} INFO - Filling up the DagBag from /opt/airflow/dags/pg_dbt.py
[2025-11-02T13:06:37.369+0000] {processor.py:840} INFO - DAG(s) 'scheduled_dbt_pg_daily' retrieved from /opt/airflow/dags/pg_dbt.py
[2025-11-02T13:06:37.455+0000] {logging_mixin.py:188} INFO - [2025-11-02T13:06:37.454+0000] {dag.py:3036} INFO - Sync 1 DAGs
[2025-11-02T13:06:37.519+0000] {logging_mixin.py:188} INFO - [2025-11-02T13:06:37.518+0000] {dag.py:3823} INFO - Setting next_dagrun for scheduled_dbt_pg_daily to None, run_after=None
[2025-11-02T13:06:37.621+0000] {processor.py:183} INFO - Processing /opt/airflow/dags/pg_dbt.py took 0.301 seconds
[2025-11-02T13:07:10.844+0000] {processor.py:161} INFO - Started process (PID=3648) to work on /opt/airflow/dags/pg_dbt.py
[2025-11-02T13:07:10.851+0000] {processor.py:830} INFO - Processing file /opt/airflow/dags/pg_dbt.py for tasks to queue
[2025-11-02T13:07:10.855+0000] {logging_mixin.py:188} INFO - [2025-11-02T13:07:10.854+0000] {dagbag.py:538} INFO - Filling up the DagBag from /opt/airflow/dags/pg_dbt.py
[2025-11-02T13:07:10.999+0000] {processor.py:840} INFO - DAG(s) 'scheduled_dbt_pg_daily' retrieved from /opt/airflow/dags/pg_dbt.py
[2025-11-02T13:07:11.144+0000] {logging_mixin.py:188} INFO - [2025-11-02T13:07:11.144+0000] {dag.py:3036} INFO - Sync 1 DAGs
[2025-11-02T13:07:11.281+0000] {logging_mixin.py:188} INFO - [2025-11-02T13:07:11.280+0000] {dag.py:3823} INFO - Setting next_dagrun for scheduled_dbt_pg_daily to None, run_after=None
[2025-11-02T13:07:11.415+0000] {processor.py:183} INFO - Processing /opt/airflow/dags/pg_dbt.py took 0.588 seconds
[2025-11-02T13:07:45.028+0000] {processor.py:161} INFO - Started process (PID=3660) to work on /opt/airflow/dags/pg_dbt.py
[2025-11-02T13:07:45.054+0000] {processor.py:830} INFO - Processing file /opt/airflow/dags/pg_dbt.py for tasks to queue
[2025-11-02T13:07:45.073+0000] {logging_mixin.py:188} INFO - [2025-11-02T13:07:45.072+0000] {dagbag.py:538} INFO - Filling up the DagBag from /opt/airflow/dags/pg_dbt.py
[2025-11-02T13:07:46.048+0000] {processor.py:840} INFO - DAG(s) 'scheduled_dbt_pg_daily' retrieved from /opt/airflow/dags/pg_dbt.py
[2025-11-02T13:07:46.209+0000] {logging_mixin.py:188} INFO - [2025-11-02T13:07:46.208+0000] {dag.py:3036} INFO - Sync 1 DAGs
[2025-11-02T13:07:46.350+0000] {logging_mixin.py:188} INFO - [2025-11-02T13:07:46.349+0000] {dag.py:3823} INFO - Setting next_dagrun for scheduled_dbt_pg_daily to None, run_after=None
[2025-11-02T13:07:46.503+0000] {processor.py:183} INFO - Processing /opt/airflow/dags/pg_dbt.py took 1.491 seconds
[2025-11-02T13:08:18.931+0000] {processor.py:161} INFO - Started process (PID=3672) to work on /opt/airflow/dags/pg_dbt.py
[2025-11-02T13:08:18.943+0000] {processor.py:830} INFO - Processing file /opt/airflow/dags/pg_dbt.py for tasks to queue
[2025-11-02T13:08:18.954+0000] {logging_mixin.py:188} INFO - [2025-11-02T13:08:18.953+0000] {dagbag.py:538} INFO - Filling up the DagBag from /opt/airflow/dags/pg_dbt.py
[2025-11-02T13:08:20.314+0000] {processor.py:840} INFO - DAG(s) 'scheduled_dbt_pg_daily' retrieved from /opt/airflow/dags/pg_dbt.py
[2025-11-02T13:08:20.472+0000] {logging_mixin.py:188} INFO - [2025-11-02T13:08:20.472+0000] {dag.py:3036} INFO - Sync 1 DAGs
[2025-11-02T13:08:20.649+0000] {logging_mixin.py:188} INFO - [2025-11-02T13:08:20.649+0000] {dag.py:3823} INFO - Setting next_dagrun for scheduled_dbt_pg_daily to None, run_after=None
[2025-11-02T13:08:20.951+0000] {processor.py:183} INFO - Processing /opt/airflow/dags/pg_dbt.py took 2.029 seconds
[2025-11-02T13:08:51.959+0000] {processor.py:161} INFO - Started process (PID=3684) to work on /opt/airflow/dags/pg_dbt.py
[2025-11-02T13:08:51.990+0000] {processor.py:830} INFO - Processing file /opt/airflow/dags/pg_dbt.py for tasks to queue
[2025-11-02T13:08:52.000+0000] {logging_mixin.py:188} INFO - [2025-11-02T13:08:51.999+0000] {dagbag.py:538} INFO - Filling up the DagBag from /opt/airflow/dags/pg_dbt.py
[2025-11-02T13:08:52.247+0000] {processor.py:840} INFO - DAG(s) 'scheduled_dbt_pg_daily' retrieved from /opt/airflow/dags/pg_dbt.py
[2025-11-02T13:08:52.444+0000] {logging_mixin.py:188} INFO - [2025-11-02T13:08:52.444+0000] {dag.py:3036} INFO - Sync 1 DAGs
[2025-11-02T13:08:52.600+0000] {logging_mixin.py:188} INFO - [2025-11-02T13:08:52.599+0000] {dag.py:3823} INFO - Setting next_dagrun for scheduled_dbt_pg_daily to None, run_after=None
[2025-11-02T13:08:52.761+0000] {processor.py:183} INFO - Processing /opt/airflow/dags/pg_dbt.py took 0.834 seconds
[2025-11-02T13:09:24.646+0000] {processor.py:161} INFO - Started process (PID=3696) to work on /opt/airflow/dags/pg_dbt.py
[2025-11-02T13:09:24.650+0000] {processor.py:830} INFO - Processing file /opt/airflow/dags/pg_dbt.py for tasks to queue
[2025-11-02T13:09:24.663+0000] {logging_mixin.py:188} INFO - [2025-11-02T13:09:24.662+0000] {dagbag.py:538} INFO - Filling up the DagBag from /opt/airflow/dags/pg_dbt.py
[2025-11-02T13:09:24.853+0000] {processor.py:840} INFO - DAG(s) 'scheduled_dbt_pg_daily' retrieved from /opt/airflow/dags/pg_dbt.py
[2025-11-02T13:09:24.976+0000] {logging_mixin.py:188} INFO - [2025-11-02T13:09:24.976+0000] {dag.py:3036} INFO - Sync 1 DAGs
[2025-11-02T13:09:25.149+0000] {logging_mixin.py:188} INFO - [2025-11-02T13:09:25.148+0000] {dag.py:3823} INFO - Setting next_dagrun for scheduled_dbt_pg_daily to None, run_after=None
[2025-11-02T13:09:25.494+0000] {processor.py:183} INFO - Processing /opt/airflow/dags/pg_dbt.py took 0.880 seconds
[2025-11-02T13:09:58.240+0000] {processor.py:161} INFO - Started process (PID=3708) to work on /opt/airflow/dags/pg_dbt.py
[2025-11-02T13:09:58.243+0000] {processor.py:830} INFO - Processing file /opt/airflow/dags/pg_dbt.py for tasks to queue
[2025-11-02T13:09:58.255+0000] {logging_mixin.py:188} INFO - [2025-11-02T13:09:58.254+0000] {dagbag.py:538} INFO - Filling up the DagBag from /opt/airflow/dags/pg_dbt.py
[2025-11-02T13:09:58.321+0000] {processor.py:840} INFO - DAG(s) 'scheduled_dbt_pg_daily' retrieved from /opt/airflow/dags/pg_dbt.py
[2025-11-02T13:09:58.415+0000] {logging_mixin.py:188} INFO - [2025-11-02T13:09:58.415+0000] {dag.py:3036} INFO - Sync 1 DAGs
[2025-11-02T13:09:58.472+0000] {logging_mixin.py:188} INFO - [2025-11-02T13:09:58.472+0000] {dag.py:3823} INFO - Setting next_dagrun for scheduled_dbt_pg_daily to None, run_after=None
[2025-11-02T13:09:58.604+0000] {processor.py:183} INFO - Processing /opt/airflow/dags/pg_dbt.py took 0.380 seconds
[2025-11-02T13:10:30.975+0000] {processor.py:161} INFO - Started process (PID=3720) to work on /opt/airflow/dags/pg_dbt.py
[2025-11-02T13:10:30.985+0000] {processor.py:830} INFO - Processing file /opt/airflow/dags/pg_dbt.py for tasks to queue
[2025-11-02T13:10:30.991+0000] {logging_mixin.py:188} INFO - [2025-11-02T13:10:30.990+0000] {dagbag.py:538} INFO - Filling up the DagBag from /opt/airflow/dags/pg_dbt.py
[2025-11-02T13:10:31.056+0000] {processor.py:840} INFO - DAG(s) 'scheduled_dbt_pg_daily' retrieved from /opt/airflow/dags/pg_dbt.py
[2025-11-02T13:10:31.237+0000] {logging_mixin.py:188} INFO - [2025-11-02T13:10:31.236+0000] {dag.py:3036} INFO - Sync 1 DAGs
[2025-11-02T13:10:31.335+0000] {logging_mixin.py:188} INFO - [2025-11-02T13:10:31.335+0000] {dag.py:3823} INFO - Setting next_dagrun for scheduled_dbt_pg_daily to None, run_after=None
[2025-11-02T13:10:31.499+0000] {processor.py:183} INFO - Processing /opt/airflow/dags/pg_dbt.py took 0.541 seconds
[2025-11-02T13:11:04.270+0000] {processor.py:161} INFO - Started process (PID=3732) to work on /opt/airflow/dags/pg_dbt.py
[2025-11-02T13:11:04.273+0000] {processor.py:830} INFO - Processing file /opt/airflow/dags/pg_dbt.py for tasks to queue
[2025-11-02T13:11:04.275+0000] {logging_mixin.py:188} INFO - [2025-11-02T13:11:04.274+0000] {dagbag.py:538} INFO - Filling up the DagBag from /opt/airflow/dags/pg_dbt.py
[2025-11-02T13:11:04.309+0000] {processor.py:840} INFO - DAG(s) 'scheduled_dbt_pg_daily' retrieved from /opt/airflow/dags/pg_dbt.py
[2025-11-02T13:11:04.378+0000] {logging_mixin.py:188} INFO - [2025-11-02T13:11:04.377+0000] {dag.py:3036} INFO - Sync 1 DAGs
[2025-11-02T13:11:04.436+0000] {logging_mixin.py:188} INFO - [2025-11-02T13:11:04.434+0000] {dag.py:3823} INFO - Setting next_dagrun for scheduled_dbt_pg_daily to None, run_after=None
[2025-11-02T13:11:04.587+0000] {processor.py:183} INFO - Processing /opt/airflow/dags/pg_dbt.py took 0.334 seconds
[2025-11-02T13:11:37.604+0000] {processor.py:161} INFO - Started process (PID=3744) to work on /opt/airflow/dags/pg_dbt.py
[2025-11-02T13:11:37.608+0000] {processor.py:830} INFO - Processing file /opt/airflow/dags/pg_dbt.py for tasks to queue
[2025-11-02T13:11:37.615+0000] {logging_mixin.py:188} INFO - [2025-11-02T13:11:37.613+0000] {dagbag.py:538} INFO - Filling up the DagBag from /opt/airflow/dags/pg_dbt.py
[2025-11-02T13:11:37.903+0000] {processor.py:840} INFO - DAG(s) 'scheduled_dbt_pg_daily' retrieved from /opt/airflow/dags/pg_dbt.py
[2025-11-02T13:11:37.987+0000] {logging_mixin.py:188} INFO - [2025-11-02T13:11:37.986+0000] {dag.py:3036} INFO - Sync 1 DAGs
[2025-11-02T13:11:38.065+0000] {logging_mixin.py:188} INFO - [2025-11-02T13:11:38.064+0000] {dag.py:3823} INFO - Setting next_dagrun for scheduled_dbt_pg_daily to None, run_after=None
[2025-11-02T13:11:38.178+0000] {processor.py:183} INFO - Processing /opt/airflow/dags/pg_dbt.py took 0.584 seconds
[2025-11-02T13:12:11.458+0000] {processor.py:161} INFO - Started process (PID=3756) to work on /opt/airflow/dags/pg_dbt.py
[2025-11-02T13:12:11.461+0000] {processor.py:830} INFO - Processing file /opt/airflow/dags/pg_dbt.py for tasks to queue
[2025-11-02T13:12:11.464+0000] {logging_mixin.py:188} INFO - [2025-11-02T13:12:11.463+0000] {dagbag.py:538} INFO - Filling up the DagBag from /opt/airflow/dags/pg_dbt.py
[2025-11-02T13:12:11.558+0000] {processor.py:840} INFO - DAG(s) 'scheduled_dbt_pg_daily' retrieved from /opt/airflow/dags/pg_dbt.py
[2025-11-02T13:12:11.600+0000] {logging_mixin.py:188} INFO - [2025-11-02T13:12:11.599+0000] {dag.py:3036} INFO - Sync 1 DAGs
[2025-11-02T13:12:11.634+0000] {logging_mixin.py:188} INFO - [2025-11-02T13:12:11.634+0000] {dag.py:3823} INFO - Setting next_dagrun for scheduled_dbt_pg_daily to None, run_after=None
[2025-11-02T13:12:11.790+0000] {processor.py:183} INFO - Processing /opt/airflow/dags/pg_dbt.py took 0.347 seconds
[2025-11-02T13:12:45.448+0000] {processor.py:161} INFO - Started process (PID=3768) to work on /opt/airflow/dags/pg_dbt.py
[2025-11-02T13:12:45.451+0000] {processor.py:830} INFO - Processing file /opt/airflow/dags/pg_dbt.py for tasks to queue
[2025-11-02T13:12:45.455+0000] {logging_mixin.py:188} INFO - [2025-11-02T13:12:45.453+0000] {dagbag.py:538} INFO - Filling up the DagBag from /opt/airflow/dags/pg_dbt.py
[2025-11-02T13:12:45.499+0000] {processor.py:840} INFO - DAG(s) 'scheduled_dbt_pg_daily' retrieved from /opt/airflow/dags/pg_dbt.py
[2025-11-02T13:12:45.544+0000] {logging_mixin.py:188} INFO - [2025-11-02T13:12:45.543+0000] {dag.py:3036} INFO - Sync 1 DAGs
[2025-11-02T13:12:45.574+0000] {logging_mixin.py:188} INFO - [2025-11-02T13:12:45.574+0000] {dag.py:3823} INFO - Setting next_dagrun for scheduled_dbt_pg_daily to None, run_after=None
[2025-11-02T13:12:45.811+0000] {processor.py:183} INFO - Processing /opt/airflow/dags/pg_dbt.py took 0.372 seconds
[2025-11-02T13:13:18.347+0000] {processor.py:161} INFO - Started process (PID=3781) to work on /opt/airflow/dags/pg_dbt.py
[2025-11-02T13:13:18.349+0000] {processor.py:830} INFO - Processing file /opt/airflow/dags/pg_dbt.py for tasks to queue
[2025-11-02T13:13:18.351+0000] {logging_mixin.py:188} INFO - [2025-11-02T13:13:18.351+0000] {dagbag.py:538} INFO - Filling up the DagBag from /opt/airflow/dags/pg_dbt.py
[2025-11-02T13:13:18.382+0000] {processor.py:840} INFO - DAG(s) 'scheduled_dbt_pg_daily' retrieved from /opt/airflow/dags/pg_dbt.py
[2025-11-02T13:13:18.461+0000] {logging_mixin.py:188} INFO - [2025-11-02T13:13:18.461+0000] {dag.py:3036} INFO - Sync 1 DAGs
[2025-11-02T13:13:18.495+0000] {logging_mixin.py:188} INFO - [2025-11-02T13:13:18.495+0000] {dag.py:3823} INFO - Setting next_dagrun for scheduled_dbt_pg_daily to None, run_after=None
[2025-11-02T13:13:19.030+0000] {processor.py:183} INFO - Processing /opt/airflow/dags/pg_dbt.py took 0.690 seconds
[2025-11-02T13:13:51.787+0000] {processor.py:161} INFO - Started process (PID=3793) to work on /opt/airflow/dags/pg_dbt.py
[2025-11-02T13:13:51.789+0000] {processor.py:830} INFO - Processing file /opt/airflow/dags/pg_dbt.py for tasks to queue
[2025-11-02T13:13:51.793+0000] {logging_mixin.py:188} INFO - [2025-11-02T13:13:51.792+0000] {dagbag.py:538} INFO - Filling up the DagBag from /opt/airflow/dags/pg_dbt.py
[2025-11-02T13:13:51.831+0000] {processor.py:840} INFO - DAG(s) 'scheduled_dbt_pg_daily' retrieved from /opt/airflow/dags/pg_dbt.py
[2025-11-02T13:13:51.892+0000] {logging_mixin.py:188} INFO - [2025-11-02T13:13:51.891+0000] {dag.py:3036} INFO - Sync 1 DAGs
[2025-11-02T13:13:51.957+0000] {logging_mixin.py:188} INFO - [2025-11-02T13:13:51.956+0000] {dag.py:3823} INFO - Setting next_dagrun for scheduled_dbt_pg_daily to None, run_after=None
[2025-11-02T13:13:52.046+0000] {processor.py:183} INFO - Processing /opt/airflow/dags/pg_dbt.py took 0.266 seconds
[2025-11-02T13:14:24.874+0000] {processor.py:161} INFO - Started process (PID=3805) to work on /opt/airflow/dags/pg_dbt.py
[2025-11-02T13:14:24.876+0000] {processor.py:830} INFO - Processing file /opt/airflow/dags/pg_dbt.py for tasks to queue
[2025-11-02T13:14:24.879+0000] {logging_mixin.py:188} INFO - [2025-11-02T13:14:24.878+0000] {dagbag.py:538} INFO - Filling up the DagBag from /opt/airflow/dags/pg_dbt.py
[2025-11-02T13:14:24.916+0000] {processor.py:840} INFO - DAG(s) 'scheduled_dbt_pg_daily' retrieved from /opt/airflow/dags/pg_dbt.py
[2025-11-02T13:14:24.973+0000] {logging_mixin.py:188} INFO - [2025-11-02T13:14:24.973+0000] {dag.py:3036} INFO - Sync 1 DAGs
[2025-11-02T13:14:25.007+0000] {logging_mixin.py:188} INFO - [2025-11-02T13:14:25.007+0000] {dag.py:3823} INFO - Setting next_dagrun for scheduled_dbt_pg_daily to None, run_after=None
[2025-11-02T13:14:25.100+0000] {processor.py:183} INFO - Processing /opt/airflow/dags/pg_dbt.py took 0.235 seconds
[2025-11-02T13:14:58.327+0000] {processor.py:161} INFO - Started process (PID=3817) to work on /opt/airflow/dags/pg_dbt.py
[2025-11-02T13:14:58.329+0000] {processor.py:830} INFO - Processing file /opt/airflow/dags/pg_dbt.py for tasks to queue
[2025-11-02T13:14:58.332+0000] {logging_mixin.py:188} INFO - [2025-11-02T13:14:58.331+0000] {dagbag.py:538} INFO - Filling up the DagBag from /opt/airflow/dags/pg_dbt.py
[2025-11-02T13:14:58.367+0000] {processor.py:840} INFO - DAG(s) 'scheduled_dbt_pg_daily' retrieved from /opt/airflow/dags/pg_dbt.py
[2025-11-02T13:14:58.418+0000] {logging_mixin.py:188} INFO - [2025-11-02T13:14:58.418+0000] {dag.py:3036} INFO - Sync 1 DAGs
[2025-11-02T13:14:58.461+0000] {logging_mixin.py:188} INFO - [2025-11-02T13:14:58.461+0000] {dag.py:3823} INFO - Setting next_dagrun for scheduled_dbt_pg_daily to None, run_after=None
[2025-11-02T13:14:58.501+0000] {processor.py:183} INFO - Processing /opt/airflow/dags/pg_dbt.py took 0.183 seconds
[2025-11-02T13:15:31.052+0000] {processor.py:161} INFO - Started process (PID=3830) to work on /opt/airflow/dags/pg_dbt.py
[2025-11-02T13:15:31.055+0000] {processor.py:830} INFO - Processing file /opt/airflow/dags/pg_dbt.py for tasks to queue
[2025-11-02T13:15:31.057+0000] {logging_mixin.py:188} INFO - [2025-11-02T13:15:31.056+0000] {dagbag.py:538} INFO - Filling up the DagBag from /opt/airflow/dags/pg_dbt.py
[2025-11-02T13:15:31.092+0000] {processor.py:840} INFO - DAG(s) 'scheduled_dbt_pg_daily' retrieved from /opt/airflow/dags/pg_dbt.py
[2025-11-02T13:15:31.138+0000] {logging_mixin.py:188} INFO - [2025-11-02T13:15:31.138+0000] {dag.py:3036} INFO - Sync 1 DAGs
[2025-11-02T13:15:31.182+0000] {logging_mixin.py:188} INFO - [2025-11-02T13:15:31.181+0000] {dag.py:3823} INFO - Setting next_dagrun for scheduled_dbt_pg_daily to None, run_after=None
[2025-11-02T13:15:31.269+0000] {processor.py:183} INFO - Processing /opt/airflow/dags/pg_dbt.py took 0.225 seconds
[2025-11-02T13:16:04.677+0000] {processor.py:161} INFO - Started process (PID=3842) to work on /opt/airflow/dags/pg_dbt.py
[2025-11-02T13:16:04.679+0000] {processor.py:830} INFO - Processing file /opt/airflow/dags/pg_dbt.py for tasks to queue
[2025-11-02T13:16:04.682+0000] {logging_mixin.py:188} INFO - [2025-11-02T13:16:04.681+0000] {dagbag.py:538} INFO - Filling up the DagBag from /opt/airflow/dags/pg_dbt.py
[2025-11-02T13:16:04.717+0000] {processor.py:840} INFO - DAG(s) 'scheduled_dbt_pg_daily' retrieved from /opt/airflow/dags/pg_dbt.py
[2025-11-02T13:16:04.762+0000] {logging_mixin.py:188} INFO - [2025-11-02T13:16:04.762+0000] {dag.py:3036} INFO - Sync 1 DAGs
[2025-11-02T13:16:04.797+0000] {logging_mixin.py:188} INFO - [2025-11-02T13:16:04.797+0000] {dag.py:3823} INFO - Setting next_dagrun for scheduled_dbt_pg_daily to None, run_after=None
[2025-11-02T13:16:04.842+0000] {processor.py:183} INFO - Processing /opt/airflow/dags/pg_dbt.py took 0.174 seconds
[2025-11-02T13:16:37.809+0000] {processor.py:161} INFO - Started process (PID=3854) to work on /opt/airflow/dags/pg_dbt.py
[2025-11-02T13:16:37.811+0000] {processor.py:830} INFO - Processing file /opt/airflow/dags/pg_dbt.py for tasks to queue
[2025-11-02T13:16:37.819+0000] {logging_mixin.py:188} INFO - [2025-11-02T13:16:37.818+0000] {dagbag.py:538} INFO - Filling up the DagBag from /opt/airflow/dags/pg_dbt.py
[2025-11-02T13:16:37.860+0000] {processor.py:840} INFO - DAG(s) 'scheduled_dbt_pg_daily' retrieved from /opt/airflow/dags/pg_dbt.py
[2025-11-02T13:16:38.011+0000] {logging_mixin.py:188} INFO - [2025-11-02T13:16:38.010+0000] {dag.py:3036} INFO - Sync 1 DAGs
[2025-11-02T13:16:38.153+0000] {logging_mixin.py:188} INFO - [2025-11-02T13:16:38.153+0000] {dag.py:3823} INFO - Setting next_dagrun for scheduled_dbt_pg_daily to None, run_after=None
[2025-11-02T13:16:38.338+0000] {processor.py:183} INFO - Processing /opt/airflow/dags/pg_dbt.py took 0.541 seconds
[2025-11-02T13:17:11.582+0000] {processor.py:161} INFO - Started process (PID=3866) to work on /opt/airflow/dags/pg_dbt.py
[2025-11-02T13:17:11.585+0000] {processor.py:830} INFO - Processing file /opt/airflow/dags/pg_dbt.py for tasks to queue
[2025-11-02T13:17:11.588+0000] {logging_mixin.py:188} INFO - [2025-11-02T13:17:11.587+0000] {dagbag.py:538} INFO - Filling up the DagBag from /opt/airflow/dags/pg_dbt.py
[2025-11-02T13:17:11.644+0000] {processor.py:840} INFO - DAG(s) 'scheduled_dbt_pg_daily' retrieved from /opt/airflow/dags/pg_dbt.py
[2025-11-02T13:17:11.707+0000] {logging_mixin.py:188} INFO - [2025-11-02T13:17:11.707+0000] {dag.py:3036} INFO - Sync 1 DAGs
[2025-11-02T13:17:11.743+0000] {logging_mixin.py:188} INFO - [2025-11-02T13:17:11.742+0000] {dag.py:3823} INFO - Setting next_dagrun for scheduled_dbt_pg_daily to None, run_after=None
[2025-11-02T13:17:11.799+0000] {processor.py:183} INFO - Processing /opt/airflow/dags/pg_dbt.py took 0.232 seconds
[2025-11-02T13:17:45.053+0000] {processor.py:161} INFO - Started process (PID=3878) to work on /opt/airflow/dags/pg_dbt.py
[2025-11-02T13:17:45.056+0000] {processor.py:830} INFO - Processing file /opt/airflow/dags/pg_dbt.py for tasks to queue
[2025-11-02T13:17:45.059+0000] {logging_mixin.py:188} INFO - [2025-11-02T13:17:45.058+0000] {dagbag.py:538} INFO - Filling up the DagBag from /opt/airflow/dags/pg_dbt.py
[2025-11-02T13:17:45.104+0000] {processor.py:840} INFO - DAG(s) 'scheduled_dbt_pg_daily' retrieved from /opt/airflow/dags/pg_dbt.py
[2025-11-02T13:17:45.220+0000] {logging_mixin.py:188} INFO - [2025-11-02T13:17:45.219+0000] {dag.py:3036} INFO - Sync 1 DAGs
[2025-11-02T13:17:45.310+0000] {logging_mixin.py:188} INFO - [2025-11-02T13:17:45.305+0000] {dag.py:3823} INFO - Setting next_dagrun for scheduled_dbt_pg_daily to None, run_after=None
[2025-11-02T13:17:45.387+0000] {processor.py:183} INFO - Processing /opt/airflow/dags/pg_dbt.py took 0.345 seconds
[2025-11-02T13:18:17.807+0000] {processor.py:161} INFO - Started process (PID=3890) to work on /opt/airflow/dags/pg_dbt.py
[2025-11-02T13:18:17.809+0000] {processor.py:830} INFO - Processing file /opt/airflow/dags/pg_dbt.py for tasks to queue
[2025-11-02T13:18:17.812+0000] {logging_mixin.py:188} INFO - [2025-11-02T13:18:17.811+0000] {dagbag.py:538} INFO - Filling up the DagBag from /opt/airflow/dags/pg_dbt.py
[2025-11-02T13:18:17.845+0000] {processor.py:840} INFO - DAG(s) 'scheduled_dbt_pg_daily' retrieved from /opt/airflow/dags/pg_dbt.py
[2025-11-02T13:18:17.913+0000] {logging_mixin.py:188} INFO - [2025-11-02T13:18:17.912+0000] {dag.py:3036} INFO - Sync 1 DAGs
[2025-11-02T13:18:18.031+0000] {logging_mixin.py:188} INFO - [2025-11-02T13:18:18.030+0000] {dag.py:3823} INFO - Setting next_dagrun for scheduled_dbt_pg_daily to None, run_after=None
[2025-11-02T13:18:18.092+0000] {processor.py:183} INFO - Processing /opt/airflow/dags/pg_dbt.py took 0.296 seconds
[2025-11-02T13:18:51.592+0000] {processor.py:161} INFO - Started process (PID=3902) to work on /opt/airflow/dags/pg_dbt.py
[2025-11-02T13:18:51.596+0000] {processor.py:830} INFO - Processing file /opt/airflow/dags/pg_dbt.py for tasks to queue
[2025-11-02T13:18:51.601+0000] {logging_mixin.py:188} INFO - [2025-11-02T13:18:51.600+0000] {dagbag.py:538} INFO - Filling up the DagBag from /opt/airflow/dags/pg_dbt.py
[2025-11-02T13:18:51.653+0000] {processor.py:840} INFO - DAG(s) 'scheduled_dbt_pg_daily' retrieved from /opt/airflow/dags/pg_dbt.py
[2025-11-02T13:18:51.723+0000] {logging_mixin.py:188} INFO - [2025-11-02T13:18:51.722+0000] {dag.py:3036} INFO - Sync 1 DAGs
[2025-11-02T13:18:51.832+0000] {logging_mixin.py:188} INFO - [2025-11-02T13:18:51.832+0000] {dag.py:3823} INFO - Setting next_dagrun for scheduled_dbt_pg_daily to None, run_after=None
[2025-11-02T13:18:51.925+0000] {processor.py:183} INFO - Processing /opt/airflow/dags/pg_dbt.py took 0.349 seconds
[2025-11-02T13:19:24.979+0000] {processor.py:161} INFO - Started process (PID=3914) to work on /opt/airflow/dags/pg_dbt.py
[2025-11-02T13:19:25.026+0000] {processor.py:830} INFO - Processing file /opt/airflow/dags/pg_dbt.py for tasks to queue
[2025-11-02T13:19:25.044+0000] {logging_mixin.py:188} INFO - [2025-11-02T13:19:25.036+0000] {dagbag.py:538} INFO - Filling up the DagBag from /opt/airflow/dags/pg_dbt.py
[2025-11-02T13:19:25.244+0000] {processor.py:840} INFO - DAG(s) 'scheduled_dbt_pg_daily' retrieved from /opt/airflow/dags/pg_dbt.py
[2025-11-02T13:19:26.062+0000] {logging_mixin.py:188} INFO - [2025-11-02T13:19:26.062+0000] {dag.py:3036} INFO - Sync 1 DAGs
[2025-11-02T13:19:26.185+0000] {logging_mixin.py:188} INFO - [2025-11-02T13:19:26.184+0000] {dag.py:3823} INFO - Setting next_dagrun for scheduled_dbt_pg_daily to None, run_after=None
[2025-11-02T13:19:26.246+0000] {processor.py:183} INFO - Processing /opt/airflow/dags/pg_dbt.py took 1.359 seconds
[2025-11-02T13:19:57.831+0000] {processor.py:161} INFO - Started process (PID=3926) to work on /opt/airflow/dags/pg_dbt.py
[2025-11-02T13:19:57.834+0000] {processor.py:830} INFO - Processing file /opt/airflow/dags/pg_dbt.py for tasks to queue
[2025-11-02T13:19:57.836+0000] {logging_mixin.py:188} INFO - [2025-11-02T13:19:57.835+0000] {dagbag.py:538} INFO - Filling up the DagBag from /opt/airflow/dags/pg_dbt.py
[2025-11-02T13:19:57.872+0000] {processor.py:840} INFO - DAG(s) 'scheduled_dbt_pg_daily' retrieved from /opt/airflow/dags/pg_dbt.py
[2025-11-02T13:19:57.923+0000] {logging_mixin.py:188} INFO - [2025-11-02T13:19:57.923+0000] {dag.py:3036} INFO - Sync 1 DAGs
[2025-11-02T13:19:57.968+0000] {logging_mixin.py:188} INFO - [2025-11-02T13:19:57.968+0000] {dag.py:3823} INFO - Setting next_dagrun for scheduled_dbt_pg_daily to None, run_after=None
[2025-11-02T13:19:58.019+0000] {processor.py:183} INFO - Processing /opt/airflow/dags/pg_dbt.py took 0.198 seconds
[2025-11-02T13:20:31.421+0000] {processor.py:161} INFO - Started process (PID=3938) to work on /opt/airflow/dags/pg_dbt.py
[2025-11-02T13:20:31.425+0000] {processor.py:830} INFO - Processing file /opt/airflow/dags/pg_dbt.py for tasks to queue
[2025-11-02T13:20:31.428+0000] {logging_mixin.py:188} INFO - [2025-11-02T13:20:31.427+0000] {dagbag.py:538} INFO - Filling up the DagBag from /opt/airflow/dags/pg_dbt.py
[2025-11-02T13:20:31.481+0000] {processor.py:840} INFO - DAG(s) 'scheduled_dbt_pg_daily' retrieved from /opt/airflow/dags/pg_dbt.py
[2025-11-02T13:20:31.525+0000] {logging_mixin.py:188} INFO - [2025-11-02T13:20:31.524+0000] {dag.py:3036} INFO - Sync 1 DAGs
[2025-11-02T13:20:31.571+0000] {logging_mixin.py:188} INFO - [2025-11-02T13:20:31.571+0000] {dag.py:3823} INFO - Setting next_dagrun for scheduled_dbt_pg_daily to None, run_after=None
[2025-11-02T13:20:31.617+0000] {processor.py:183} INFO - Processing /opt/airflow/dags/pg_dbt.py took 0.205 seconds
[2025-11-02T13:21:04.428+0000] {processor.py:161} INFO - Started process (PID=3950) to work on /opt/airflow/dags/pg_dbt.py
[2025-11-02T13:21:04.432+0000] {processor.py:830} INFO - Processing file /opt/airflow/dags/pg_dbt.py for tasks to queue
[2025-11-02T13:21:04.435+0000] {logging_mixin.py:188} INFO - [2025-11-02T13:21:04.435+0000] {dagbag.py:538} INFO - Filling up the DagBag from /opt/airflow/dags/pg_dbt.py
[2025-11-02T13:21:04.476+0000] {processor.py:840} INFO - DAG(s) 'scheduled_dbt_pg_daily' retrieved from /opt/airflow/dags/pg_dbt.py
[2025-11-02T13:21:04.549+0000] {logging_mixin.py:188} INFO - [2025-11-02T13:21:04.549+0000] {dag.py:3036} INFO - Sync 1 DAGs
[2025-11-02T13:21:04.598+0000] {logging_mixin.py:188} INFO - [2025-11-02T13:21:04.597+0000] {dag.py:3823} INFO - Setting next_dagrun for scheduled_dbt_pg_daily to None, run_after=None
[2025-11-02T13:21:04.669+0000] {processor.py:183} INFO - Processing /opt/airflow/dags/pg_dbt.py took 0.249 seconds
[2025-11-02T13:21:38.222+0000] {processor.py:161} INFO - Started process (PID=3962) to work on /opt/airflow/dags/pg_dbt.py
[2025-11-02T13:21:38.224+0000] {processor.py:830} INFO - Processing file /opt/airflow/dags/pg_dbt.py for tasks to queue
[2025-11-02T13:21:38.227+0000] {logging_mixin.py:188} INFO - [2025-11-02T13:21:38.226+0000] {dagbag.py:538} INFO - Filling up the DagBag from /opt/airflow/dags/pg_dbt.py
[2025-11-02T13:21:38.261+0000] {processor.py:840} INFO - DAG(s) 'scheduled_dbt_pg_daily' retrieved from /opt/airflow/dags/pg_dbt.py
[2025-11-02T13:21:38.304+0000] {logging_mixin.py:188} INFO - [2025-11-02T13:21:38.304+0000] {dag.py:3036} INFO - Sync 1 DAGs
[2025-11-02T13:21:38.338+0000] {logging_mixin.py:188} INFO - [2025-11-02T13:21:38.337+0000] {dag.py:3823} INFO - Setting next_dagrun for scheduled_dbt_pg_daily to None, run_after=None
[2025-11-02T13:21:38.382+0000] {processor.py:183} INFO - Processing /opt/airflow/dags/pg_dbt.py took 0.167 seconds
[2025-11-02T13:22:11.722+0000] {processor.py:161} INFO - Started process (PID=3974) to work on /opt/airflow/dags/pg_dbt.py
[2025-11-02T13:22:11.735+0000] {processor.py:830} INFO - Processing file /opt/airflow/dags/pg_dbt.py for tasks to queue
[2025-11-02T13:22:11.748+0000] {logging_mixin.py:188} INFO - [2025-11-02T13:22:11.747+0000] {dagbag.py:538} INFO - Filling up the DagBag from /opt/airflow/dags/pg_dbt.py
[2025-11-02T13:22:11.967+0000] {processor.py:840} INFO - DAG(s) 'scheduled_dbt_pg_daily' retrieved from /opt/airflow/dags/pg_dbt.py
[2025-11-02T13:22:12.115+0000] {logging_mixin.py:188} INFO - [2025-11-02T13:22:12.112+0000] {dag.py:3036} INFO - Sync 1 DAGs
[2025-11-02T13:22:12.247+0000] {logging_mixin.py:188} INFO - [2025-11-02T13:22:12.246+0000] {dag.py:3823} INFO - Setting next_dagrun for scheduled_dbt_pg_daily to None, run_after=None
[2025-11-02T13:22:12.425+0000] {processor.py:183} INFO - Processing /opt/airflow/dags/pg_dbt.py took 0.723 seconds
[2025-11-02T13:22:44.577+0000] {processor.py:161} INFO - Started process (PID=3986) to work on /opt/airflow/dags/pg_dbt.py
[2025-11-02T13:22:44.581+0000] {processor.py:830} INFO - Processing file /opt/airflow/dags/pg_dbt.py for tasks to queue
[2025-11-02T13:22:44.585+0000] {logging_mixin.py:188} INFO - [2025-11-02T13:22:44.585+0000] {dagbag.py:538} INFO - Filling up the DagBag from /opt/airflow/dags/pg_dbt.py
[2025-11-02T13:22:44.623+0000] {processor.py:840} INFO - DAG(s) 'scheduled_dbt_pg_daily' retrieved from /opt/airflow/dags/pg_dbt.py
[2025-11-02T13:22:44.681+0000] {logging_mixin.py:188} INFO - [2025-11-02T13:22:44.681+0000] {dag.py:3036} INFO - Sync 1 DAGs
[2025-11-02T13:22:44.720+0000] {logging_mixin.py:188} INFO - [2025-11-02T13:22:44.720+0000] {dag.py:3823} INFO - Setting next_dagrun for scheduled_dbt_pg_daily to None, run_after=None
[2025-11-02T13:22:44.769+0000] {processor.py:183} INFO - Processing /opt/airflow/dags/pg_dbt.py took 0.200 seconds
[2025-11-02T13:23:18.241+0000] {processor.py:161} INFO - Started process (PID=3998) to work on /opt/airflow/dags/pg_dbt.py
[2025-11-02T13:23:18.278+0000] {processor.py:830} INFO - Processing file /opt/airflow/dags/pg_dbt.py for tasks to queue
[2025-11-02T13:23:18.284+0000] {logging_mixin.py:188} INFO - [2025-11-02T13:23:18.283+0000] {dagbag.py:538} INFO - Filling up the DagBag from /opt/airflow/dags/pg_dbt.py
[2025-11-02T13:23:18.441+0000] {processor.py:840} INFO - DAG(s) 'scheduled_dbt_pg_daily' retrieved from /opt/airflow/dags/pg_dbt.py
[2025-11-02T13:23:18.612+0000] {logging_mixin.py:188} INFO - [2025-11-02T13:23:18.611+0000] {dag.py:3036} INFO - Sync 1 DAGs
[2025-11-02T13:23:18.707+0000] {logging_mixin.py:188} INFO - [2025-11-02T13:23:18.706+0000] {dag.py:3823} INFO - Setting next_dagrun for scheduled_dbt_pg_daily to None, run_after=None
[2025-11-02T13:23:18.901+0000] {processor.py:183} INFO - Processing /opt/airflow/dags/pg_dbt.py took 0.679 seconds
[2025-11-02T13:23:51.597+0000] {processor.py:161} INFO - Started process (PID=4010) to work on /opt/airflow/dags/pg_dbt.py
[2025-11-02T13:23:51.600+0000] {processor.py:830} INFO - Processing file /opt/airflow/dags/pg_dbt.py for tasks to queue
[2025-11-02T13:23:51.603+0000] {logging_mixin.py:188} INFO - [2025-11-02T13:23:51.602+0000] {dagbag.py:538} INFO - Filling up the DagBag from /opt/airflow/dags/pg_dbt.py
[2025-11-02T13:23:51.640+0000] {processor.py:840} INFO - DAG(s) 'scheduled_dbt_pg_daily' retrieved from /opt/airflow/dags/pg_dbt.py
[2025-11-02T13:23:51.710+0000] {logging_mixin.py:188} INFO - [2025-11-02T13:23:51.709+0000] {dag.py:3036} INFO - Sync 1 DAGs
[2025-11-02T13:23:51.795+0000] {logging_mixin.py:188} INFO - [2025-11-02T13:23:51.795+0000] {dag.py:3823} INFO - Setting next_dagrun for scheduled_dbt_pg_daily to None, run_after=None
[2025-11-02T13:23:51.996+0000] {processor.py:183} INFO - Processing /opt/airflow/dags/pg_dbt.py took 0.411 seconds
[2025-11-02T13:24:22.424+0000] {processor.py:161} INFO - Started process (PID=4022) to work on /opt/airflow/dags/pg_dbt.py
[2025-11-02T13:24:22.427+0000] {processor.py:830} INFO - Processing file /opt/airflow/dags/pg_dbt.py for tasks to queue
[2025-11-02T13:24:22.430+0000] {logging_mixin.py:188} INFO - [2025-11-02T13:24:22.430+0000] {dagbag.py:538} INFO - Filling up the DagBag from /opt/airflow/dags/pg_dbt.py
[2025-11-02T13:24:22.464+0000] {processor.py:840} INFO - DAG(s) 'scheduled_dbt_pg_daily' retrieved from /opt/airflow/dags/pg_dbt.py
[2025-11-02T13:24:22.517+0000] {logging_mixin.py:188} INFO - [2025-11-02T13:24:22.516+0000] {dag.py:3036} INFO - Sync 1 DAGs
[2025-11-02T13:24:22.560+0000] {logging_mixin.py:188} INFO - [2025-11-02T13:24:22.560+0000] {dag.py:3823} INFO - Setting next_dagrun for scheduled_dbt_pg_daily to None, run_after=None
[2025-11-02T13:24:22.612+0000] {processor.py:183} INFO - Processing /opt/airflow/dags/pg_dbt.py took 0.196 seconds
[2025-11-02T13:24:53.353+0000] {processor.py:161} INFO - Started process (PID=4034) to work on /opt/airflow/dags/pg_dbt.py
[2025-11-02T13:24:53.355+0000] {processor.py:830} INFO - Processing file /opt/airflow/dags/pg_dbt.py for tasks to queue
[2025-11-02T13:24:53.367+0000] {logging_mixin.py:188} INFO - [2025-11-02T13:24:53.366+0000] {dagbag.py:538} INFO - Filling up the DagBag from /opt/airflow/dags/pg_dbt.py
[2025-11-02T13:24:53.577+0000] {processor.py:840} INFO - DAG(s) 'scheduled_dbt_pg_daily' retrieved from /opt/airflow/dags/pg_dbt.py
[2025-11-02T13:24:53.735+0000] {logging_mixin.py:188} INFO - [2025-11-02T13:24:53.734+0000] {dag.py:3036} INFO - Sync 1 DAGs
[2025-11-02T13:24:53.865+0000] {logging_mixin.py:188} INFO - [2025-11-02T13:24:53.865+0000] {dag.py:3823} INFO - Setting next_dagrun for scheduled_dbt_pg_daily to None, run_after=None
[2025-11-02T13:24:54.058+0000] {processor.py:183} INFO - Processing /opt/airflow/dags/pg_dbt.py took 0.723 seconds
[2025-11-02T13:25:24.632+0000] {processor.py:161} INFO - Started process (PID=4046) to work on /opt/airflow/dags/pg_dbt.py
[2025-11-02T13:25:24.641+0000] {processor.py:830} INFO - Processing file /opt/airflow/dags/pg_dbt.py for tasks to queue
[2025-11-02T13:25:24.644+0000] {logging_mixin.py:188} INFO - [2025-11-02T13:25:24.643+0000] {dagbag.py:538} INFO - Filling up the DagBag from /opt/airflow/dags/pg_dbt.py
[2025-11-02T13:25:24.694+0000] {processor.py:840} INFO - DAG(s) 'scheduled_dbt_pg_daily' retrieved from /opt/airflow/dags/pg_dbt.py
[2025-11-02T13:25:24.903+0000] {logging_mixin.py:188} INFO - [2025-11-02T13:25:24.903+0000] {dag.py:3036} INFO - Sync 1 DAGs
[2025-11-02T13:25:25.118+0000] {logging_mixin.py:188} INFO - [2025-11-02T13:25:25.117+0000] {dag.py:3823} INFO - Setting next_dagrun for scheduled_dbt_pg_daily to None, run_after=None
[2025-11-02T13:25:25.564+0000] {processor.py:183} INFO - Processing /opt/airflow/dags/pg_dbt.py took 0.955 seconds
[2025-11-02T13:25:56.359+0000] {processor.py:161} INFO - Started process (PID=4058) to work on /opt/airflow/dags/pg_dbt.py
[2025-11-02T13:25:56.393+0000] {processor.py:830} INFO - Processing file /opt/airflow/dags/pg_dbt.py for tasks to queue
[2025-11-02T13:25:56.425+0000] {logging_mixin.py:188} INFO - [2025-11-02T13:25:56.424+0000] {dagbag.py:538} INFO - Filling up the DagBag from /opt/airflow/dags/pg_dbt.py
[2025-11-02T13:25:56.664+0000] {processor.py:840} INFO - DAG(s) 'scheduled_dbt_pg_daily' retrieved from /opt/airflow/dags/pg_dbt.py
[2025-11-02T13:25:56.784+0000] {logging_mixin.py:188} INFO - [2025-11-02T13:25:56.784+0000] {dag.py:3036} INFO - Sync 1 DAGs
[2025-11-02T13:25:56.897+0000] {logging_mixin.py:188} INFO - [2025-11-02T13:25:56.897+0000] {dag.py:3823} INFO - Setting next_dagrun for scheduled_dbt_pg_daily to None, run_after=None
[2025-11-02T13:25:57.042+0000] {processor.py:183} INFO - Processing /opt/airflow/dags/pg_dbt.py took 0.691 seconds
[2025-11-02T13:26:27.218+0000] {processor.py:161} INFO - Started process (PID=4070) to work on /opt/airflow/dags/pg_dbt.py
[2025-11-02T13:26:27.221+0000] {processor.py:830} INFO - Processing file /opt/airflow/dags/pg_dbt.py for tasks to queue
[2025-11-02T13:26:27.223+0000] {logging_mixin.py:188} INFO - [2025-11-02T13:26:27.223+0000] {dagbag.py:538} INFO - Filling up the DagBag from /opt/airflow/dags/pg_dbt.py
[2025-11-02T13:26:27.261+0000] {processor.py:840} INFO - DAG(s) 'scheduled_dbt_pg_daily' retrieved from /opt/airflow/dags/pg_dbt.py
[2025-11-02T13:26:27.311+0000] {logging_mixin.py:188} INFO - [2025-11-02T13:26:27.311+0000] {dag.py:3036} INFO - Sync 1 DAGs
[2025-11-02T13:26:27.342+0000] {logging_mixin.py:188} INFO - [2025-11-02T13:26:27.342+0000] {dag.py:3823} INFO - Setting next_dagrun for scheduled_dbt_pg_daily to None, run_after=None
[2025-11-02T13:26:27.753+0000] {processor.py:183} INFO - Processing /opt/airflow/dags/pg_dbt.py took 0.544 seconds
[2025-11-02T13:26:57.859+0000] {processor.py:161} INFO - Started process (PID=4082) to work on /opt/airflow/dags/pg_dbt.py
[2025-11-02T13:26:57.861+0000] {processor.py:830} INFO - Processing file /opt/airflow/dags/pg_dbt.py for tasks to queue
[2025-11-02T13:26:57.863+0000] {logging_mixin.py:188} INFO - [2025-11-02T13:26:57.862+0000] {dagbag.py:538} INFO - Filling up the DagBag from /opt/airflow/dags/pg_dbt.py
[2025-11-02T13:26:57.898+0000] {processor.py:840} INFO - DAG(s) 'scheduled_dbt_pg_daily' retrieved from /opt/airflow/dags/pg_dbt.py
[2025-11-02T13:26:57.953+0000] {logging_mixin.py:188} INFO - [2025-11-02T13:26:57.953+0000] {dag.py:3036} INFO - Sync 1 DAGs
[2025-11-02T13:26:57.989+0000] {logging_mixin.py:188} INFO - [2025-11-02T13:26:57.989+0000] {dag.py:3823} INFO - Setting next_dagrun for scheduled_dbt_pg_daily to None, run_after=None
[2025-11-02T13:26:58.036+0000] {processor.py:183} INFO - Processing /opt/airflow/dags/pg_dbt.py took 0.185 seconds
[2025-11-02T13:27:28.308+0000] {processor.py:161} INFO - Started process (PID=4094) to work on /opt/airflow/dags/pg_dbt.py
[2025-11-02T13:27:28.311+0000] {processor.py:830} INFO - Processing file /opt/airflow/dags/pg_dbt.py for tasks to queue
[2025-11-02T13:27:28.318+0000] {logging_mixin.py:188} INFO - [2025-11-02T13:27:28.317+0000] {dagbag.py:538} INFO - Filling up the DagBag from /opt/airflow/dags/pg_dbt.py
[2025-11-02T13:27:28.386+0000] {processor.py:840} INFO - DAG(s) 'scheduled_dbt_pg_daily' retrieved from /opt/airflow/dags/pg_dbt.py
[2025-11-02T13:27:28.476+0000] {logging_mixin.py:188} INFO - [2025-11-02T13:27:28.475+0000] {dag.py:3036} INFO - Sync 1 DAGs
[2025-11-02T13:27:28.543+0000] {logging_mixin.py:188} INFO - [2025-11-02T13:27:28.542+0000] {dag.py:3823} INFO - Setting next_dagrun for scheduled_dbt_pg_daily to None, run_after=None
[2025-11-02T13:27:28.649+0000] {processor.py:183} INFO - Processing /opt/airflow/dags/pg_dbt.py took 0.351 seconds
[2025-11-02T13:27:59.251+0000] {processor.py:161} INFO - Started process (PID=4106) to work on /opt/airflow/dags/pg_dbt.py
[2025-11-02T13:27:59.257+0000] {processor.py:830} INFO - Processing file /opt/airflow/dags/pg_dbt.py for tasks to queue
[2025-11-02T13:27:59.260+0000] {logging_mixin.py:188} INFO - [2025-11-02T13:27:59.259+0000] {dagbag.py:538} INFO - Filling up the DagBag from /opt/airflow/dags/pg_dbt.py
[2025-11-02T13:27:59.338+0000] {processor.py:840} INFO - DAG(s) 'scheduled_dbt_pg_daily' retrieved from /opt/airflow/dags/pg_dbt.py
[2025-11-02T13:27:59.415+0000] {logging_mixin.py:188} INFO - [2025-11-02T13:27:59.414+0000] {dag.py:3036} INFO - Sync 1 DAGs
[2025-11-02T13:27:59.495+0000] {logging_mixin.py:188} INFO - [2025-11-02T13:27:59.495+0000] {dag.py:3823} INFO - Setting next_dagrun for scheduled_dbt_pg_daily to None, run_after=None
[2025-11-02T13:27:59.562+0000] {processor.py:183} INFO - Processing /opt/airflow/dags/pg_dbt.py took 0.320 seconds
[2025-11-02T13:28:30.474+0000] {processor.py:161} INFO - Started process (PID=4118) to work on /opt/airflow/dags/pg_dbt.py
[2025-11-02T13:28:30.497+0000] {processor.py:830} INFO - Processing file /opt/airflow/dags/pg_dbt.py for tasks to queue
[2025-11-02T13:28:30.526+0000] {logging_mixin.py:188} INFO - [2025-11-02T13:28:30.525+0000] {dagbag.py:538} INFO - Filling up the DagBag from /opt/airflow/dags/pg_dbt.py
[2025-11-02T13:28:30.722+0000] {processor.py:840} INFO - DAG(s) 'scheduled_dbt_pg_daily' retrieved from /opt/airflow/dags/pg_dbt.py
[2025-11-02T13:28:30.917+0000] {logging_mixin.py:188} INFO - [2025-11-02T13:28:30.917+0000] {dag.py:3036} INFO - Sync 1 DAGs
[2025-11-02T13:28:31.069+0000] {logging_mixin.py:188} INFO - [2025-11-02T13:28:31.069+0000] {dag.py:3823} INFO - Setting next_dagrun for scheduled_dbt_pg_daily to None, run_after=None
[2025-11-02T13:28:31.230+0000] {processor.py:183} INFO - Processing /opt/airflow/dags/pg_dbt.py took 0.774 seconds
[2025-11-02T13:29:02.435+0000] {processor.py:161} INFO - Started process (PID=4124) to work on /opt/airflow/dags/pg_dbt.py
[2025-11-02T13:29:02.454+0000] {processor.py:830} INFO - Processing file /opt/airflow/dags/pg_dbt.py for tasks to queue
[2025-11-02T13:29:02.458+0000] {logging_mixin.py:188} INFO - [2025-11-02T13:29:02.457+0000] {dagbag.py:538} INFO - Filling up the DagBag from /opt/airflow/dags/pg_dbt.py
[2025-11-02T13:29:03.034+0000] {processor.py:840} INFO - DAG(s) 'scheduled_dbt_pg_daily' retrieved from /opt/airflow/dags/pg_dbt.py
[2025-11-02T13:29:04.149+0000] {logging_mixin.py:188} INFO - [2025-11-02T13:29:04.149+0000] {dag.py:3036} INFO - Sync 1 DAGs
[2025-11-02T13:29:04.853+0000] {logging_mixin.py:188} INFO - [2025-11-02T13:29:04.853+0000] {dag.py:3823} INFO - Setting next_dagrun for scheduled_dbt_pg_daily to None, run_after=None
[2025-11-02T13:29:05.397+0000] {processor.py:183} INFO - Processing /opt/airflow/dags/pg_dbt.py took 2.985 seconds
[2025-11-02T13:29:36.119+0000] {processor.py:161} INFO - Started process (PID=4133) to work on /opt/airflow/dags/pg_dbt.py
[2025-11-02T13:29:36.121+0000] {processor.py:830} INFO - Processing file /opt/airflow/dags/pg_dbt.py for tasks to queue
[2025-11-02T13:29:36.124+0000] {logging_mixin.py:188} INFO - [2025-11-02T13:29:36.123+0000] {dagbag.py:538} INFO - Filling up the DagBag from /opt/airflow/dags/pg_dbt.py
[2025-11-02T13:29:36.163+0000] {processor.py:840} INFO - DAG(s) 'scheduled_dbt_pg_daily' retrieved from /opt/airflow/dags/pg_dbt.py
[2025-11-02T13:29:36.320+0000] {logging_mixin.py:188} INFO - [2025-11-02T13:29:36.320+0000] {dag.py:3036} INFO - Sync 1 DAGs
[2025-11-02T13:29:36.403+0000] {logging_mixin.py:188} INFO - [2025-11-02T13:29:36.403+0000] {dag.py:3823} INFO - Setting next_dagrun for scheduled_dbt_pg_daily to None, run_after=None
[2025-11-02T13:29:36.525+0000] {processor.py:183} INFO - Processing /opt/airflow/dags/pg_dbt.py took 0.415 seconds
[2025-11-02T13:30:06.963+0000] {processor.py:161} INFO - Started process (PID=4144) to work on /opt/airflow/dags/pg_dbt.py
[2025-11-02T13:30:06.967+0000] {processor.py:830} INFO - Processing file /opt/airflow/dags/pg_dbt.py for tasks to queue
[2025-11-02T13:30:06.976+0000] {logging_mixin.py:188} INFO - [2025-11-02T13:30:06.968+0000] {dagbag.py:538} INFO - Filling up the DagBag from /opt/airflow/dags/pg_dbt.py
[2025-11-02T13:30:07.065+0000] {processor.py:840} INFO - DAG(s) 'scheduled_dbt_pg_daily' retrieved from /opt/airflow/dags/pg_dbt.py
[2025-11-02T13:30:07.301+0000] {logging_mixin.py:188} INFO - [2025-11-02T13:30:07.300+0000] {dag.py:3036} INFO - Sync 1 DAGs
[2025-11-02T13:30:07.393+0000] {logging_mixin.py:188} INFO - [2025-11-02T13:30:07.392+0000] {dag.py:3823} INFO - Setting next_dagrun for scheduled_dbt_pg_daily to None, run_after=None
[2025-11-02T13:30:07.625+0000] {processor.py:183} INFO - Processing /opt/airflow/dags/pg_dbt.py took 0.681 seconds
[2025-11-02T13:30:38.732+0000] {processor.py:161} INFO - Started process (PID=4156) to work on /opt/airflow/dags/pg_dbt.py
[2025-11-02T13:30:38.735+0000] {processor.py:830} INFO - Processing file /opt/airflow/dags/pg_dbt.py for tasks to queue
[2025-11-02T13:30:38.737+0000] {logging_mixin.py:188} INFO - [2025-11-02T13:30:38.736+0000] {dagbag.py:538} INFO - Filling up the DagBag from /opt/airflow/dags/pg_dbt.py
[2025-11-02T13:30:38.877+0000] {processor.py:840} INFO - DAG(s) 'scheduled_dbt_pg_daily' retrieved from /opt/airflow/dags/pg_dbt.py
[2025-11-02T13:30:38.982+0000] {logging_mixin.py:188} INFO - [2025-11-02T13:30:38.981+0000] {dag.py:3036} INFO - Sync 1 DAGs
[2025-11-02T13:30:39.052+0000] {logging_mixin.py:188} INFO - [2025-11-02T13:30:39.051+0000] {dag.py:3823} INFO - Setting next_dagrun for scheduled_dbt_pg_daily to None, run_after=None
[2025-11-02T13:30:39.249+0000] {processor.py:183} INFO - Processing /opt/airflow/dags/pg_dbt.py took 0.527 seconds
[2025-11-02T13:31:10.321+0000] {processor.py:161} INFO - Started process (PID=4168) to work on /opt/airflow/dags/pg_dbt.py
[2025-11-02T13:31:10.322+0000] {processor.py:830} INFO - Processing file /opt/airflow/dags/pg_dbt.py for tasks to queue
[2025-11-02T13:31:10.325+0000] {logging_mixin.py:188} INFO - [2025-11-02T13:31:10.324+0000] {dagbag.py:538} INFO - Filling up the DagBag from /opt/airflow/dags/pg_dbt.py
[2025-11-02T13:31:10.371+0000] {processor.py:840} INFO - DAG(s) 'scheduled_dbt_pg_daily' retrieved from /opt/airflow/dags/pg_dbt.py
[2025-11-02T13:31:10.461+0000] {logging_mixin.py:188} INFO - [2025-11-02T13:31:10.460+0000] {dag.py:3036} INFO - Sync 1 DAGs
[2025-11-02T13:31:10.594+0000] {logging_mixin.py:188} INFO - [2025-11-02T13:31:10.594+0000] {dag.py:3823} INFO - Setting next_dagrun for scheduled_dbt_pg_daily to None, run_after=None
[2025-11-02T13:31:10.775+0000] {processor.py:183} INFO - Processing /opt/airflow/dags/pg_dbt.py took 0.462 seconds
[2025-11-02T13:31:41.312+0000] {processor.py:161} INFO - Started process (PID=4180) to work on /opt/airflow/dags/pg_dbt.py
[2025-11-02T13:31:41.314+0000] {processor.py:830} INFO - Processing file /opt/airflow/dags/pg_dbt.py for tasks to queue
[2025-11-02T13:31:41.315+0000] {logging_mixin.py:188} INFO - [2025-11-02T13:31:41.315+0000] {dagbag.py:538} INFO - Filling up the DagBag from /opt/airflow/dags/pg_dbt.py
[2025-11-02T13:31:41.349+0000] {processor.py:840} INFO - DAG(s) 'scheduled_dbt_pg_daily' retrieved from /opt/airflow/dags/pg_dbt.py
[2025-11-02T13:31:41.402+0000] {logging_mixin.py:188} INFO - [2025-11-02T13:31:41.401+0000] {dag.py:3036} INFO - Sync 1 DAGs
[2025-11-02T13:31:41.496+0000] {logging_mixin.py:188} INFO - [2025-11-02T13:31:41.496+0000] {dag.py:3823} INFO - Setting next_dagrun for scheduled_dbt_pg_daily to None, run_after=None
[2025-11-02T13:31:41.579+0000] {processor.py:183} INFO - Processing /opt/airflow/dags/pg_dbt.py took 0.278 seconds
[2025-11-02T13:32:11.899+0000] {processor.py:161} INFO - Started process (PID=4192) to work on /opt/airflow/dags/pg_dbt.py
[2025-11-02T13:32:11.902+0000] {processor.py:830} INFO - Processing file /opt/airflow/dags/pg_dbt.py for tasks to queue
[2025-11-02T13:32:11.905+0000] {logging_mixin.py:188} INFO - [2025-11-02T13:32:11.904+0000] {dagbag.py:538} INFO - Filling up the DagBag from /opt/airflow/dags/pg_dbt.py
[2025-11-02T13:32:11.950+0000] {processor.py:840} INFO - DAG(s) 'scheduled_dbt_pg_daily' retrieved from /opt/airflow/dags/pg_dbt.py
[2025-11-02T13:32:12.061+0000] {logging_mixin.py:188} INFO - [2025-11-02T13:32:12.061+0000] {dag.py:3036} INFO - Sync 1 DAGs
[2025-11-02T13:32:12.100+0000] {logging_mixin.py:188} INFO - [2025-11-02T13:32:12.100+0000] {dag.py:3823} INFO - Setting next_dagrun for scheduled_dbt_pg_daily to None, run_after=None
[2025-11-02T13:32:12.349+0000] {processor.py:183} INFO - Processing /opt/airflow/dags/pg_dbt.py took 0.462 seconds
[2025-11-02T13:32:45.187+0000] {processor.py:161} INFO - Started process (PID=4203) to work on /opt/airflow/dags/pg_dbt.py
[2025-11-02T13:32:45.193+0000] {processor.py:830} INFO - Processing file /opt/airflow/dags/pg_dbt.py for tasks to queue
[2025-11-02T13:32:45.198+0000] {logging_mixin.py:188} INFO - [2025-11-02T13:32:45.198+0000] {dagbag.py:538} INFO - Filling up the DagBag from /opt/airflow/dags/pg_dbt.py
[2025-11-02T13:32:45.280+0000] {processor.py:840} INFO - DAG(s) 'scheduled_dbt_pg_daily' retrieved from /opt/airflow/dags/pg_dbt.py
[2025-11-02T13:32:45.345+0000] {logging_mixin.py:188} INFO - [2025-11-02T13:32:45.345+0000] {dag.py:3036} INFO - Sync 1 DAGs
[2025-11-02T13:32:45.402+0000] {logging_mixin.py:188} INFO - [2025-11-02T13:32:45.402+0000] {dag.py:3823} INFO - Setting next_dagrun for scheduled_dbt_pg_daily to None, run_after=None
[2025-11-02T13:32:45.940+0000] {processor.py:183} INFO - Processing /opt/airflow/dags/pg_dbt.py took 0.766 seconds
[2025-11-02T13:33:18.645+0000] {processor.py:161} INFO - Started process (PID=4215) to work on /opt/airflow/dags/pg_dbt.py
[2025-11-02T13:33:18.647+0000] {processor.py:830} INFO - Processing file /opt/airflow/dags/pg_dbt.py for tasks to queue
[2025-11-02T13:33:18.650+0000] {logging_mixin.py:188} INFO - [2025-11-02T13:33:18.649+0000] {dagbag.py:538} INFO - Filling up the DagBag from /opt/airflow/dags/pg_dbt.py
[2025-11-02T13:33:18.694+0000] {processor.py:840} INFO - DAG(s) 'scheduled_dbt_pg_daily' retrieved from /opt/airflow/dags/pg_dbt.py
[2025-11-02T13:33:18.817+0000] {logging_mixin.py:188} INFO - [2025-11-02T13:33:18.816+0000] {dag.py:3036} INFO - Sync 1 DAGs
[2025-11-02T13:33:18.899+0000] {logging_mixin.py:188} INFO - [2025-11-02T13:33:18.898+0000] {dag.py:3823} INFO - Setting next_dagrun for scheduled_dbt_pg_daily to None, run_after=None
[2025-11-02T13:33:18.959+0000] {processor.py:183} INFO - Processing /opt/airflow/dags/pg_dbt.py took 0.325 seconds
[2025-11-02T13:33:52.415+0000] {processor.py:161} INFO - Started process (PID=4226) to work on /opt/airflow/dags/pg_dbt.py
[2025-11-02T13:33:52.417+0000] {processor.py:830} INFO - Processing file /opt/airflow/dags/pg_dbt.py for tasks to queue
[2025-11-02T13:33:52.419+0000] {logging_mixin.py:188} INFO - [2025-11-02T13:33:52.418+0000] {dagbag.py:538} INFO - Filling up the DagBag from /opt/airflow/dags/pg_dbt.py
[2025-11-02T13:33:52.456+0000] {processor.py:840} INFO - DAG(s) 'scheduled_dbt_pg_daily' retrieved from /opt/airflow/dags/pg_dbt.py
[2025-11-02T13:33:52.519+0000] {logging_mixin.py:188} INFO - [2025-11-02T13:33:52.518+0000] {dag.py:3036} INFO - Sync 1 DAGs
[2025-11-02T13:33:52.567+0000] {logging_mixin.py:188} INFO - [2025-11-02T13:33:52.567+0000] {dag.py:3823} INFO - Setting next_dagrun for scheduled_dbt_pg_daily to None, run_after=None
[2025-11-02T13:33:52.651+0000] {processor.py:183} INFO - Processing /opt/airflow/dags/pg_dbt.py took 0.245 seconds
[2025-11-02T13:34:25.401+0000] {processor.py:161} INFO - Started process (PID=4238) to work on /opt/airflow/dags/pg_dbt.py
[2025-11-02T13:34:25.403+0000] {processor.py:830} INFO - Processing file /opt/airflow/dags/pg_dbt.py for tasks to queue
[2025-11-02T13:34:25.405+0000] {logging_mixin.py:188} INFO - [2025-11-02T13:34:25.405+0000] {dagbag.py:538} INFO - Filling up the DagBag from /opt/airflow/dags/pg_dbt.py
[2025-11-02T13:34:25.444+0000] {processor.py:840} INFO - DAG(s) 'scheduled_dbt_pg_daily' retrieved from /opt/airflow/dags/pg_dbt.py
[2025-11-02T13:34:25.499+0000] {logging_mixin.py:188} INFO - [2025-11-02T13:34:25.498+0000] {dag.py:3036} INFO - Sync 1 DAGs
[2025-11-02T13:34:25.550+0000] {logging_mixin.py:188} INFO - [2025-11-02T13:34:25.549+0000] {dag.py:3823} INFO - Setting next_dagrun for scheduled_dbt_pg_daily to None, run_after=None
[2025-11-02T13:34:25.604+0000] {processor.py:183} INFO - Processing /opt/airflow/dags/pg_dbt.py took 0.211 seconds
[2025-11-02T13:34:58.985+0000] {processor.py:161} INFO - Started process (PID=4250) to work on /opt/airflow/dags/pg_dbt.py
[2025-11-02T13:34:58.989+0000] {processor.py:830} INFO - Processing file /opt/airflow/dags/pg_dbt.py for tasks to queue
[2025-11-02T13:34:58.996+0000] {logging_mixin.py:188} INFO - [2025-11-02T13:34:58.995+0000] {dagbag.py:538} INFO - Filling up the DagBag from /opt/airflow/dags/pg_dbt.py
[2025-11-02T13:34:59.042+0000] {processor.py:840} INFO - DAG(s) 'scheduled_dbt_pg_daily' retrieved from /opt/airflow/dags/pg_dbt.py
[2025-11-02T13:34:59.122+0000] {logging_mixin.py:188} INFO - [2025-11-02T13:34:59.121+0000] {dag.py:3036} INFO - Sync 1 DAGs
[2025-11-02T13:34:59.168+0000] {logging_mixin.py:188} INFO - [2025-11-02T13:34:59.168+0000] {dag.py:3823} INFO - Setting next_dagrun for scheduled_dbt_pg_daily to None, run_after=None
[2025-11-02T13:34:59.222+0000] {processor.py:183} INFO - Processing /opt/airflow/dags/pg_dbt.py took 0.247 seconds
[2025-11-02T13:35:31.833+0000] {processor.py:161} INFO - Started process (PID=4262) to work on /opt/airflow/dags/pg_dbt.py
[2025-11-02T13:35:31.836+0000] {processor.py:830} INFO - Processing file /opt/airflow/dags/pg_dbt.py for tasks to queue
[2025-11-02T13:35:31.840+0000] {logging_mixin.py:188} INFO - [2025-11-02T13:35:31.838+0000] {dagbag.py:538} INFO - Filling up the DagBag from /opt/airflow/dags/pg_dbt.py
[2025-11-02T13:35:31.906+0000] {processor.py:840} INFO - DAG(s) 'scheduled_dbt_pg_daily' retrieved from /opt/airflow/dags/pg_dbt.py
[2025-11-02T13:35:32.061+0000] {logging_mixin.py:188} INFO - [2025-11-02T13:35:32.061+0000] {dag.py:3036} INFO - Sync 1 DAGs
[2025-11-02T13:35:32.138+0000] {logging_mixin.py:188} INFO - [2025-11-02T13:35:32.137+0000] {dag.py:3823} INFO - Setting next_dagrun for scheduled_dbt_pg_daily to None, run_after=None
[2025-11-02T13:35:32.211+0000] {processor.py:183} INFO - Processing /opt/airflow/dags/pg_dbt.py took 0.388 seconds
[2025-11-02T13:36:02.888+0000] {processor.py:161} INFO - Started process (PID=4274) to work on /opt/airflow/dags/pg_dbt.py
[2025-11-02T13:36:02.900+0000] {processor.py:830} INFO - Processing file /opt/airflow/dags/pg_dbt.py for tasks to queue
[2025-11-02T13:36:02.905+0000] {logging_mixin.py:188} INFO - [2025-11-02T13:36:02.904+0000] {dagbag.py:538} INFO - Filling up the DagBag from /opt/airflow/dags/pg_dbt.py
[2025-11-02T13:36:02.973+0000] {processor.py:840} INFO - DAG(s) 'scheduled_dbt_pg_daily' retrieved from /opt/airflow/dags/pg_dbt.py
[2025-11-02T13:36:03.174+0000] {logging_mixin.py:188} INFO - [2025-11-02T13:36:03.174+0000] {dag.py:3036} INFO - Sync 1 DAGs
[2025-11-02T13:36:03.329+0000] {logging_mixin.py:188} INFO - [2025-11-02T13:36:03.328+0000] {dag.py:3823} INFO - Setting next_dagrun for scheduled_dbt_pg_daily to None, run_after=None
[2025-11-02T13:36:03.635+0000] {processor.py:183} INFO - Processing /opt/airflow/dags/pg_dbt.py took 0.773 seconds
[2025-11-02T13:36:34.027+0000] {processor.py:161} INFO - Started process (PID=4286) to work on /opt/airflow/dags/pg_dbt.py
[2025-11-02T13:36:34.041+0000] {processor.py:830} INFO - Processing file /opt/airflow/dags/pg_dbt.py for tasks to queue
[2025-11-02T13:36:34.053+0000] {logging_mixin.py:188} INFO - [2025-11-02T13:36:34.043+0000] {dagbag.py:538} INFO - Filling up the DagBag from /opt/airflow/dags/pg_dbt.py
[2025-11-02T13:36:34.155+0000] {processor.py:840} INFO - DAG(s) 'scheduled_dbt_pg_daily' retrieved from /opt/airflow/dags/pg_dbt.py
[2025-11-02T13:36:34.339+0000] {logging_mixin.py:188} INFO - [2025-11-02T13:36:34.338+0000] {dag.py:3036} INFO - Sync 1 DAGs
[2025-11-02T13:36:34.592+0000] {logging_mixin.py:188} INFO - [2025-11-02T13:36:34.592+0000] {dag.py:3823} INFO - Setting next_dagrun for scheduled_dbt_pg_daily to None, run_after=None
[2025-11-02T13:36:34.822+0000] {processor.py:183} INFO - Processing /opt/airflow/dags/pg_dbt.py took 0.809 seconds
[2025-11-02T13:37:05.630+0000] {processor.py:161} INFO - Started process (PID=4298) to work on /opt/airflow/dags/pg_dbt.py
[2025-11-02T13:37:05.632+0000] {processor.py:830} INFO - Processing file /opt/airflow/dags/pg_dbt.py for tasks to queue
[2025-11-02T13:37:05.635+0000] {logging_mixin.py:188} INFO - [2025-11-02T13:37:05.634+0000] {dagbag.py:538} INFO - Filling up the DagBag from /opt/airflow/dags/pg_dbt.py
[2025-11-02T13:37:05.684+0000] {processor.py:840} INFO - DAG(s) 'scheduled_dbt_pg_daily' retrieved from /opt/airflow/dags/pg_dbt.py
[2025-11-02T13:37:05.749+0000] {logging_mixin.py:188} INFO - [2025-11-02T13:37:05.749+0000] {dag.py:3036} INFO - Sync 1 DAGs
[2025-11-02T13:37:05.823+0000] {logging_mixin.py:188} INFO - [2025-11-02T13:37:05.822+0000] {dag.py:3823} INFO - Setting next_dagrun for scheduled_dbt_pg_daily to None, run_after=None
[2025-11-02T13:37:06.002+0000] {processor.py:183} INFO - Processing /opt/airflow/dags/pg_dbt.py took 0.384 seconds
[2025-11-02T13:37:36.235+0000] {processor.py:161} INFO - Started process (PID=4311) to work on /opt/airflow/dags/pg_dbt.py
[2025-11-02T13:37:36.236+0000] {processor.py:830} INFO - Processing file /opt/airflow/dags/pg_dbt.py for tasks to queue
[2025-11-02T13:37:36.238+0000] {logging_mixin.py:188} INFO - [2025-11-02T13:37:36.238+0000] {dagbag.py:538} INFO - Filling up the DagBag from /opt/airflow/dags/pg_dbt.py
[2025-11-02T13:37:36.285+0000] {processor.py:840} INFO - DAG(s) 'scheduled_dbt_pg_daily' retrieved from /opt/airflow/dags/pg_dbt.py
[2025-11-02T13:37:36.357+0000] {logging_mixin.py:188} INFO - [2025-11-02T13:37:36.357+0000] {dag.py:3036} INFO - Sync 1 DAGs
[2025-11-02T13:37:36.408+0000] {logging_mixin.py:188} INFO - [2025-11-02T13:37:36.408+0000] {dag.py:3823} INFO - Setting next_dagrun for scheduled_dbt_pg_daily to None, run_after=None
[2025-11-02T13:37:36.459+0000] {processor.py:183} INFO - Processing /opt/airflow/dags/pg_dbt.py took 0.232 seconds
[2025-11-02T13:38:06.857+0000] {processor.py:161} INFO - Started process (PID=4322) to work on /opt/airflow/dags/pg_dbt.py
[2025-11-02T13:38:06.860+0000] {processor.py:830} INFO - Processing file /opt/airflow/dags/pg_dbt.py for tasks to queue
[2025-11-02T13:38:06.863+0000] {logging_mixin.py:188} INFO - [2025-11-02T13:38:06.862+0000] {dagbag.py:538} INFO - Filling up the DagBag from /opt/airflow/dags/pg_dbt.py
[2025-11-02T13:38:06.973+0000] {processor.py:840} INFO - DAG(s) 'scheduled_dbt_pg_daily' retrieved from /opt/airflow/dags/pg_dbt.py
[2025-11-02T13:38:07.095+0000] {logging_mixin.py:188} INFO - [2025-11-02T13:38:07.094+0000] {dag.py:3036} INFO - Sync 1 DAGs
[2025-11-02T13:38:07.180+0000] {logging_mixin.py:188} INFO - [2025-11-02T13:38:07.180+0000] {dag.py:3823} INFO - Setting next_dagrun for scheduled_dbt_pg_daily to None, run_after=None
[2025-11-02T13:38:07.291+0000] {processor.py:183} INFO - Processing /opt/airflow/dags/pg_dbt.py took 0.449 seconds
[2025-11-02T13:38:37.674+0000] {processor.py:161} INFO - Started process (PID=4334) to work on /opt/airflow/dags/pg_dbt.py
[2025-11-02T13:38:37.678+0000] {processor.py:830} INFO - Processing file /opt/airflow/dags/pg_dbt.py for tasks to queue
[2025-11-02T13:38:37.680+0000] {logging_mixin.py:188} INFO - [2025-11-02T13:38:37.680+0000] {dagbag.py:538} INFO - Filling up the DagBag from /opt/airflow/dags/pg_dbt.py
[2025-11-02T13:38:37.721+0000] {processor.py:840} INFO - DAG(s) 'scheduled_dbt_pg_daily' retrieved from /opt/airflow/dags/pg_dbt.py
[2025-11-02T13:38:37.889+0000] {logging_mixin.py:188} INFO - [2025-11-02T13:38:37.889+0000] {dag.py:3036} INFO - Sync 1 DAGs
[2025-11-02T13:38:37.947+0000] {logging_mixin.py:188} INFO - [2025-11-02T13:38:37.946+0000] {dag.py:3823} INFO - Setting next_dagrun for scheduled_dbt_pg_daily to None, run_after=None
[2025-11-02T13:38:38.004+0000] {processor.py:183} INFO - Processing /opt/airflow/dags/pg_dbt.py took 0.341 seconds
[2025-11-02T13:39:08.409+0000] {processor.py:161} INFO - Started process (PID=4340) to work on /opt/airflow/dags/pg_dbt.py
[2025-11-02T13:39:08.412+0000] {processor.py:830} INFO - Processing file /opt/airflow/dags/pg_dbt.py for tasks to queue
[2025-11-02T13:39:08.415+0000] {logging_mixin.py:188} INFO - [2025-11-02T13:39:08.414+0000] {dagbag.py:538} INFO - Filling up the DagBag from /opt/airflow/dags/pg_dbt.py
[2025-11-02T13:39:08.450+0000] {processor.py:840} INFO - DAG(s) 'scheduled_dbt_pg_daily' retrieved from /opt/airflow/dags/pg_dbt.py
[2025-11-02T13:39:08.503+0000] {logging_mixin.py:188} INFO - [2025-11-02T13:39:08.502+0000] {dag.py:3036} INFO - Sync 1 DAGs
[2025-11-02T13:39:08.538+0000] {logging_mixin.py:188} INFO - [2025-11-02T13:39:08.538+0000] {dag.py:3823} INFO - Setting next_dagrun for scheduled_dbt_pg_daily to None, run_after=None
[2025-11-02T13:39:08.599+0000] {processor.py:183} INFO - Processing /opt/airflow/dags/pg_dbt.py took 0.199 seconds
[2025-11-02T13:39:38.784+0000] {processor.py:161} INFO - Started process (PID=4352) to work on /opt/airflow/dags/pg_dbt.py
[2025-11-02T13:39:38.797+0000] {processor.py:830} INFO - Processing file /opt/airflow/dags/pg_dbt.py for tasks to queue
[2025-11-02T13:39:38.809+0000] {logging_mixin.py:188} INFO - [2025-11-02T13:39:38.799+0000] {dagbag.py:538} INFO - Filling up the DagBag from /opt/airflow/dags/pg_dbt.py
[2025-11-02T13:39:38.937+0000] {processor.py:840} INFO - DAG(s) 'scheduled_dbt_pg_daily' retrieved from /opt/airflow/dags/pg_dbt.py
[2025-11-02T13:39:39.071+0000] {logging_mixin.py:188} INFO - [2025-11-02T13:39:39.071+0000] {dag.py:3036} INFO - Sync 1 DAGs
[2025-11-02T13:39:39.204+0000] {logging_mixin.py:188} INFO - [2025-11-02T13:39:39.204+0000] {dag.py:3823} INFO - Setting next_dagrun for scheduled_dbt_pg_daily to None, run_after=None
[2025-11-02T13:39:39.273+0000] {processor.py:183} INFO - Processing /opt/airflow/dags/pg_dbt.py took 0.507 seconds
[2025-11-02T13:40:10.177+0000] {processor.py:161} INFO - Started process (PID=4364) to work on /opt/airflow/dags/pg_dbt.py
[2025-11-02T13:40:10.181+0000] {processor.py:830} INFO - Processing file /opt/airflow/dags/pg_dbt.py for tasks to queue
[2025-11-02T13:40:10.193+0000] {logging_mixin.py:188} INFO - [2025-11-02T13:40:10.192+0000] {dagbag.py:538} INFO - Filling up the DagBag from /opt/airflow/dags/pg_dbt.py
[2025-11-02T13:40:10.344+0000] {processor.py:840} INFO - DAG(s) 'scheduled_dbt_pg_daily' retrieved from /opt/airflow/dags/pg_dbt.py
[2025-11-02T13:40:10.608+0000] {logging_mixin.py:188} INFO - [2025-11-02T13:40:10.608+0000] {dag.py:3036} INFO - Sync 1 DAGs
[2025-11-02T13:40:10.760+0000] {logging_mixin.py:188} INFO - [2025-11-02T13:40:10.760+0000] {dag.py:3823} INFO - Setting next_dagrun for scheduled_dbt_pg_daily to None, run_after=None
[2025-11-02T13:40:10.946+0000] {processor.py:183} INFO - Processing /opt/airflow/dags/pg_dbt.py took 0.800 seconds
[2025-11-02T13:40:41.381+0000] {processor.py:161} INFO - Started process (PID=4377) to work on /opt/airflow/dags/pg_dbt.py
[2025-11-02T13:40:41.389+0000] {processor.py:830} INFO - Processing file /opt/airflow/dags/pg_dbt.py for tasks to queue
[2025-11-02T13:40:41.394+0000] {logging_mixin.py:188} INFO - [2025-11-02T13:40:41.394+0000] {dagbag.py:538} INFO - Filling up the DagBag from /opt/airflow/dags/pg_dbt.py
[2025-11-02T13:40:41.578+0000] {processor.py:840} INFO - DAG(s) 'scheduled_dbt_pg_daily' retrieved from /opt/airflow/dags/pg_dbt.py
[2025-11-02T13:40:41.740+0000] {logging_mixin.py:188} INFO - [2025-11-02T13:40:41.739+0000] {dag.py:3036} INFO - Sync 1 DAGs
[2025-11-02T13:40:41.889+0000] {logging_mixin.py:188} INFO - [2025-11-02T13:40:41.888+0000] {dag.py:3823} INFO - Setting next_dagrun for scheduled_dbt_pg_daily to None, run_after=None
[2025-11-02T13:40:41.993+0000] {processor.py:183} INFO - Processing /opt/airflow/dags/pg_dbt.py took 0.628 seconds
[2025-11-02T13:41:12.925+0000] {processor.py:161} INFO - Started process (PID=4387) to work on /opt/airflow/dags/pg_dbt.py
[2025-11-02T13:41:13.096+0000] {processor.py:830} INFO - Processing file /opt/airflow/dags/pg_dbt.py for tasks to queue
[2025-11-02T13:41:13.125+0000] {logging_mixin.py:188} INFO - [2025-11-02T13:41:13.115+0000] {dagbag.py:538} INFO - Filling up the DagBag from /opt/airflow/dags/pg_dbt.py
[2025-11-02T13:41:13.856+0000] {processor.py:840} INFO - DAG(s) 'scheduled_dbt_pg_daily' retrieved from /opt/airflow/dags/pg_dbt.py
[2025-11-02T13:41:13.984+0000] {logging_mixin.py:188} INFO - [2025-11-02T13:41:13.984+0000] {dag.py:3036} INFO - Sync 1 DAGs
[2025-11-02T13:41:14.296+0000] {logging_mixin.py:188} INFO - [2025-11-02T13:41:14.295+0000] {dag.py:3823} INFO - Setting next_dagrun for scheduled_dbt_pg_daily to None, run_after=None
[2025-11-02T13:41:14.503+0000] {processor.py:183} INFO - Processing /opt/airflow/dags/pg_dbt.py took 1.593 seconds
[2025-11-02T13:41:45.439+0000] {processor.py:161} INFO - Started process (PID=4396) to work on /opt/airflow/dags/pg_dbt.py
[2025-11-02T13:41:45.442+0000] {processor.py:830} INFO - Processing file /opt/airflow/dags/pg_dbt.py for tasks to queue
[2025-11-02T13:41:45.445+0000] {logging_mixin.py:188} INFO - [2025-11-02T13:41:45.444+0000] {dagbag.py:538} INFO - Filling up the DagBag from /opt/airflow/dags/pg_dbt.py
[2025-11-02T13:41:45.502+0000] {processor.py:840} INFO - DAG(s) 'scheduled_dbt_pg_daily' retrieved from /opt/airflow/dags/pg_dbt.py
[2025-11-02T13:41:45.650+0000] {logging_mixin.py:188} INFO - [2025-11-02T13:41:45.640+0000] {dag.py:3036} INFO - Sync 1 DAGs
[2025-11-02T13:41:45.832+0000] {logging_mixin.py:188} INFO - [2025-11-02T13:41:45.831+0000] {dag.py:3823} INFO - Setting next_dagrun for scheduled_dbt_pg_daily to None, run_after=None
[2025-11-02T13:41:46.016+0000] {processor.py:183} INFO - Processing /opt/airflow/dags/pg_dbt.py took 0.591 seconds
[2025-11-02T13:42:16.893+0000] {processor.py:161} INFO - Started process (PID=4408) to work on /opt/airflow/dags/pg_dbt.py
[2025-11-02T13:42:16.896+0000] {processor.py:830} INFO - Processing file /opt/airflow/dags/pg_dbt.py for tasks to queue
[2025-11-02T13:42:16.901+0000] {logging_mixin.py:188} INFO - [2025-11-02T13:42:16.899+0000] {dagbag.py:538} INFO - Filling up the DagBag from /opt/airflow/dags/pg_dbt.py
[2025-11-02T13:42:16.948+0000] {processor.py:840} INFO - DAG(s) 'scheduled_dbt_pg_daily' retrieved from /opt/airflow/dags/pg_dbt.py
[2025-11-02T13:42:17.024+0000] {logging_mixin.py:188} INFO - [2025-11-02T13:42:17.024+0000] {dag.py:3036} INFO - Sync 1 DAGs
[2025-11-02T13:42:17.144+0000] {logging_mixin.py:188} INFO - [2025-11-02T13:42:17.143+0000] {dag.py:3823} INFO - Setting next_dagrun for scheduled_dbt_pg_daily to None, run_after=None
[2025-11-02T13:42:17.222+0000] {processor.py:183} INFO - Processing /opt/airflow/dags/pg_dbt.py took 0.338 seconds
[2025-11-02T13:42:47.956+0000] {processor.py:161} INFO - Started process (PID=4420) to work on /opt/airflow/dags/pg_dbt.py
[2025-11-02T13:42:47.973+0000] {processor.py:830} INFO - Processing file /opt/airflow/dags/pg_dbt.py for tasks to queue
[2025-11-02T13:42:47.980+0000] {logging_mixin.py:188} INFO - [2025-11-02T13:42:47.979+0000] {dagbag.py:538} INFO - Filling up the DagBag from /opt/airflow/dags/pg_dbt.py
[2025-11-02T13:42:48.166+0000] {processor.py:840} INFO - DAG(s) 'scheduled_dbt_pg_daily' retrieved from /opt/airflow/dags/pg_dbt.py
[2025-11-02T13:42:48.351+0000] {logging_mixin.py:188} INFO - [2025-11-02T13:42:48.351+0000] {dag.py:3036} INFO - Sync 1 DAGs
[2025-11-02T13:42:48.495+0000] {logging_mixin.py:188} INFO - [2025-11-02T13:42:48.495+0000] {dag.py:3823} INFO - Setting next_dagrun for scheduled_dbt_pg_daily to None, run_after=None
[2025-11-02T13:42:48.761+0000] {processor.py:183} INFO - Processing /opt/airflow/dags/pg_dbt.py took 0.819 seconds
[2025-11-02T13:43:19.132+0000] {processor.py:161} INFO - Started process (PID=4432) to work on /opt/airflow/dags/pg_dbt.py
[2025-11-02T13:43:19.144+0000] {processor.py:830} INFO - Processing file /opt/airflow/dags/pg_dbt.py for tasks to queue
[2025-11-02T13:43:19.153+0000] {logging_mixin.py:188} INFO - [2025-11-02T13:43:19.152+0000] {dagbag.py:538} INFO - Filling up the DagBag from /opt/airflow/dags/pg_dbt.py
[2025-11-02T13:43:19.234+0000] {processor.py:840} INFO - DAG(s) 'scheduled_dbt_pg_daily' retrieved from /opt/airflow/dags/pg_dbt.py
[2025-11-02T13:43:19.418+0000] {logging_mixin.py:188} INFO - [2025-11-02T13:43:19.417+0000] {dag.py:3036} INFO - Sync 1 DAGs
[2025-11-02T13:43:19.637+0000] {logging_mixin.py:188} INFO - [2025-11-02T13:43:19.636+0000] {dag.py:3823} INFO - Setting next_dagrun for scheduled_dbt_pg_daily to None, run_after=None
[2025-11-02T13:43:19.757+0000] {processor.py:183} INFO - Processing /opt/airflow/dags/pg_dbt.py took 0.644 seconds
[2025-11-02T13:43:51.266+0000] {processor.py:161} INFO - Started process (PID=4444) to work on /opt/airflow/dags/pg_dbt.py
[2025-11-02T13:43:51.274+0000] {processor.py:830} INFO - Processing file /opt/airflow/dags/pg_dbt.py for tasks to queue
[2025-11-02T13:43:51.283+0000] {logging_mixin.py:188} INFO - [2025-11-02T13:43:51.282+0000] {dagbag.py:538} INFO - Filling up the DagBag from /opt/airflow/dags/pg_dbt.py
[2025-11-02T13:43:52.617+0000] {processor.py:840} INFO - DAG(s) 'scheduled_dbt_pg_daily' retrieved from /opt/airflow/dags/pg_dbt.py
[2025-11-02T13:43:52.836+0000] {logging_mixin.py:188} INFO - [2025-11-02T13:43:52.835+0000] {dag.py:3036} INFO - Sync 1 DAGs
[2025-11-02T13:43:53.015+0000] {logging_mixin.py:188} INFO - [2025-11-02T13:43:53.014+0000] {dag.py:3823} INFO - Setting next_dagrun for scheduled_dbt_pg_daily to None, run_after=None
[2025-11-02T13:43:53.342+0000] {processor.py:183} INFO - Processing /opt/airflow/dags/pg_dbt.py took 2.098 seconds
[2025-11-02T13:44:25.943+0000] {processor.py:161} INFO - Started process (PID=4456) to work on /opt/airflow/dags/pg_dbt.py
[2025-11-02T13:44:25.956+0000] {processor.py:830} INFO - Processing file /opt/airflow/dags/pg_dbt.py for tasks to queue
[2025-11-02T13:44:25.970+0000] {logging_mixin.py:188} INFO - [2025-11-02T13:44:25.969+0000] {dagbag.py:538} INFO - Filling up the DagBag from /opt/airflow/dags/pg_dbt.py
[2025-11-02T13:44:26.490+0000] {processor.py:840} INFO - DAG(s) 'scheduled_dbt_pg_daily' retrieved from /opt/airflow/dags/pg_dbt.py
[2025-11-02T13:44:28.549+0000] {logging_mixin.py:188} INFO - [2025-11-02T13:44:28.548+0000] {dag.py:3036} INFO - Sync 1 DAGs
[2025-11-02T13:44:30.426+0000] {logging_mixin.py:188} INFO - [2025-11-02T13:44:30.426+0000] {dag.py:3823} INFO - Setting next_dagrun for scheduled_dbt_pg_daily to None, run_after=None
[2025-11-02T13:44:31.873+0000] {processor.py:183} INFO - Processing /opt/airflow/dags/pg_dbt.py took 5.962 seconds
[2025-11-02T13:45:03.549+0000] {processor.py:161} INFO - Started process (PID=4468) to work on /opt/airflow/dags/pg_dbt.py
[2025-11-02T13:45:03.554+0000] {processor.py:830} INFO - Processing file /opt/airflow/dags/pg_dbt.py for tasks to queue
[2025-11-02T13:45:03.564+0000] {logging_mixin.py:188} INFO - [2025-11-02T13:45:03.563+0000] {dagbag.py:538} INFO - Filling up the DagBag from /opt/airflow/dags/pg_dbt.py
[2025-11-02T13:45:03.732+0000] {processor.py:840} INFO - DAG(s) 'scheduled_dbt_pg_daily' retrieved from /opt/airflow/dags/pg_dbt.py
[2025-11-02T13:45:04.033+0000] {logging_mixin.py:188} INFO - [2025-11-02T13:45:04.032+0000] {dag.py:3036} INFO - Sync 1 DAGs
[2025-11-02T13:45:04.294+0000] {logging_mixin.py:188} INFO - [2025-11-02T13:45:04.293+0000] {dag.py:3823} INFO - Setting next_dagrun for scheduled_dbt_pg_daily to None, run_after=None
[2025-11-02T13:45:04.492+0000] {processor.py:183} INFO - Processing /opt/airflow/dags/pg_dbt.py took 0.962 seconds
[2025-11-02T13:45:35.153+0000] {processor.py:161} INFO - Started process (PID=4480) to work on /opt/airflow/dags/pg_dbt.py
[2025-11-02T13:45:35.156+0000] {processor.py:830} INFO - Processing file /opt/airflow/dags/pg_dbt.py for tasks to queue
[2025-11-02T13:45:35.159+0000] {logging_mixin.py:188} INFO - [2025-11-02T13:45:35.158+0000] {dagbag.py:538} INFO - Filling up the DagBag from /opt/airflow/dags/pg_dbt.py
[2025-11-02T13:45:35.195+0000] {processor.py:840} INFO - DAG(s) 'scheduled_dbt_pg_daily' retrieved from /opt/airflow/dags/pg_dbt.py
[2025-11-02T13:45:35.251+0000] {logging_mixin.py:188} INFO - [2025-11-02T13:45:35.250+0000] {dag.py:3036} INFO - Sync 1 DAGs
[2025-11-02T13:45:35.309+0000] {logging_mixin.py:188} INFO - [2025-11-02T13:45:35.308+0000] {dag.py:3823} INFO - Setting next_dagrun for scheduled_dbt_pg_daily to None, run_after=None
[2025-11-02T13:45:35.509+0000] {processor.py:183} INFO - Processing /opt/airflow/dags/pg_dbt.py took 0.366 seconds
[2025-11-02T13:46:06.154+0000] {processor.py:161} INFO - Started process (PID=4493) to work on /opt/airflow/dags/pg_dbt.py
[2025-11-02T13:46:06.159+0000] {processor.py:830} INFO - Processing file /opt/airflow/dags/pg_dbt.py for tasks to queue
[2025-11-02T13:46:06.164+0000] {logging_mixin.py:188} INFO - [2025-11-02T13:46:06.161+0000] {dagbag.py:538} INFO - Filling up the DagBag from /opt/airflow/dags/pg_dbt.py
[2025-11-02T13:46:06.283+0000] {processor.py:840} INFO - DAG(s) 'scheduled_dbt_pg_daily' retrieved from /opt/airflow/dags/pg_dbt.py
[2025-11-02T13:46:06.341+0000] {logging_mixin.py:188} INFO - [2025-11-02T13:46:06.340+0000] {dag.py:3036} INFO - Sync 1 DAGs
[2025-11-02T13:46:06.405+0000] {logging_mixin.py:188} INFO - [2025-11-02T13:46:06.405+0000] {dag.py:3823} INFO - Setting next_dagrun for scheduled_dbt_pg_daily to None, run_after=None
[2025-11-02T13:46:06.535+0000] {processor.py:183} INFO - Processing /opt/airflow/dags/pg_dbt.py took 0.386 seconds
[2025-11-02T13:46:38.534+0000] {processor.py:161} INFO - Started process (PID=4503) to work on /opt/airflow/dags/pg_dbt.py
[2025-11-02T13:46:38.536+0000] {processor.py:830} INFO - Processing file /opt/airflow/dags/pg_dbt.py for tasks to queue
[2025-11-02T13:46:38.539+0000] {logging_mixin.py:188} INFO - [2025-11-02T13:46:38.538+0000] {dagbag.py:538} INFO - Filling up the DagBag from /opt/airflow/dags/pg_dbt.py
[2025-11-02T13:46:38.582+0000] {processor.py:840} INFO - DAG(s) 'scheduled_dbt_pg_daily' retrieved from /opt/airflow/dags/pg_dbt.py
[2025-11-02T13:46:38.647+0000] {logging_mixin.py:188} INFO - [2025-11-02T13:46:38.647+0000] {dag.py:3036} INFO - Sync 1 DAGs
[2025-11-02T13:46:38.708+0000] {logging_mixin.py:188} INFO - [2025-11-02T13:46:38.707+0000] {dag.py:3823} INFO - Setting next_dagrun for scheduled_dbt_pg_daily to None, run_after=None
[2025-11-02T13:46:38.770+0000] {processor.py:183} INFO - Processing /opt/airflow/dags/pg_dbt.py took 0.248 seconds
[2025-11-02T13:47:12.629+0000] {processor.py:161} INFO - Started process (PID=4515) to work on /opt/airflow/dags/pg_dbt.py
[2025-11-02T13:47:12.632+0000] {processor.py:830} INFO - Processing file /opt/airflow/dags/pg_dbt.py for tasks to queue
[2025-11-02T13:47:12.635+0000] {logging_mixin.py:188} INFO - [2025-11-02T13:47:12.634+0000] {dagbag.py:538} INFO - Filling up the DagBag from /opt/airflow/dags/pg_dbt.py
[2025-11-02T13:47:12.687+0000] {processor.py:840} INFO - DAG(s) 'scheduled_dbt_pg_daily' retrieved from /opt/airflow/dags/pg_dbt.py
[2025-11-02T13:47:12.755+0000] {logging_mixin.py:188} INFO - [2025-11-02T13:47:12.755+0000] {dag.py:3036} INFO - Sync 1 DAGs
[2025-11-02T13:47:12.810+0000] {logging_mixin.py:188} INFO - [2025-11-02T13:47:12.809+0000] {dag.py:3823} INFO - Setting next_dagrun for scheduled_dbt_pg_daily to None, run_after=None
[2025-11-02T13:47:12.858+0000] {processor.py:183} INFO - Processing /opt/airflow/dags/pg_dbt.py took 0.241 seconds
[2025-11-02T13:47:45.374+0000] {processor.py:161} INFO - Started process (PID=4527) to work on /opt/airflow/dags/pg_dbt.py
[2025-11-02T13:47:45.377+0000] {processor.py:830} INFO - Processing file /opt/airflow/dags/pg_dbt.py for tasks to queue
[2025-11-02T13:47:45.379+0000] {logging_mixin.py:188} INFO - [2025-11-02T13:47:45.378+0000] {dagbag.py:538} INFO - Filling up the DagBag from /opt/airflow/dags/pg_dbt.py
[2025-11-02T13:47:45.452+0000] {processor.py:840} INFO - DAG(s) 'scheduled_dbt_pg_daily' retrieved from /opt/airflow/dags/pg_dbt.py
[2025-11-02T13:47:45.544+0000] {logging_mixin.py:188} INFO - [2025-11-02T13:47:45.544+0000] {dag.py:3036} INFO - Sync 1 DAGs
[2025-11-02T13:47:45.581+0000] {logging_mixin.py:188} INFO - [2025-11-02T13:47:45.581+0000] {dag.py:3823} INFO - Setting next_dagrun for scheduled_dbt_pg_daily to None, run_after=None
[2025-11-02T13:47:45.641+0000] {processor.py:183} INFO - Processing /opt/airflow/dags/pg_dbt.py took 0.276 seconds
[2025-11-02T13:48:19.005+0000] {processor.py:161} INFO - Started process (PID=4541) to work on /opt/airflow/dags/pg_dbt.py
[2025-11-02T13:48:19.007+0000] {processor.py:830} INFO - Processing file /opt/airflow/dags/pg_dbt.py for tasks to queue
[2025-11-02T13:48:19.009+0000] {logging_mixin.py:188} INFO - [2025-11-02T13:48:19.008+0000] {dagbag.py:538} INFO - Filling up the DagBag from /opt/airflow/dags/pg_dbt.py
[2025-11-02T13:48:19.046+0000] {processor.py:840} INFO - DAG(s) 'scheduled_dbt_pg_daily' retrieved from /opt/airflow/dags/pg_dbt.py
[2025-11-02T13:48:19.141+0000] {logging_mixin.py:188} INFO - [2025-11-02T13:48:19.140+0000] {dag.py:3036} INFO - Sync 1 DAGs
[2025-11-02T13:48:19.186+0000] {logging_mixin.py:188} INFO - [2025-11-02T13:48:19.186+0000] {dag.py:3823} INFO - Setting next_dagrun for scheduled_dbt_pg_daily to None, run_after=None
[2025-11-02T13:48:19.244+0000] {processor.py:183} INFO - Processing /opt/airflow/dags/pg_dbt.py took 0.252 seconds
[2025-11-02T13:48:52.237+0000] {processor.py:161} INFO - Started process (PID=4553) to work on /opt/airflow/dags/pg_dbt.py
[2025-11-02T13:48:52.239+0000] {processor.py:830} INFO - Processing file /opt/airflow/dags/pg_dbt.py for tasks to queue
[2025-11-02T13:48:52.242+0000] {logging_mixin.py:188} INFO - [2025-11-02T13:48:52.241+0000] {dagbag.py:538} INFO - Filling up the DagBag from /opt/airflow/dags/pg_dbt.py
[2025-11-02T13:48:52.288+0000] {processor.py:840} INFO - DAG(s) 'scheduled_dbt_pg_daily' retrieved from /opt/airflow/dags/pg_dbt.py
[2025-11-02T13:48:52.412+0000] {logging_mixin.py:188} INFO - [2025-11-02T13:48:52.412+0000] {dag.py:3036} INFO - Sync 1 DAGs
[2025-11-02T13:48:52.518+0000] {logging_mixin.py:188} INFO - [2025-11-02T13:48:52.517+0000] {dag.py:3823} INFO - Setting next_dagrun for scheduled_dbt_pg_daily to None, run_after=None
[2025-11-02T13:48:52.670+0000] {processor.py:183} INFO - Processing /opt/airflow/dags/pg_dbt.py took 0.448 seconds
[2025-11-02T13:49:25.350+0000] {processor.py:161} INFO - Started process (PID=4565) to work on /opt/airflow/dags/pg_dbt.py
[2025-11-02T13:49:25.353+0000] {processor.py:830} INFO - Processing file /opt/airflow/dags/pg_dbt.py for tasks to queue
[2025-11-02T13:49:25.356+0000] {logging_mixin.py:188} INFO - [2025-11-02T13:49:25.355+0000] {dagbag.py:538} INFO - Filling up the DagBag from /opt/airflow/dags/pg_dbt.py
[2025-11-02T13:49:25.392+0000] {processor.py:840} INFO - DAG(s) 'scheduled_dbt_pg_daily' retrieved from /opt/airflow/dags/pg_dbt.py
[2025-11-02T13:49:25.447+0000] {logging_mixin.py:188} INFO - [2025-11-02T13:49:25.447+0000] {dag.py:3036} INFO - Sync 1 DAGs
[2025-11-02T13:49:25.488+0000] {logging_mixin.py:188} INFO - [2025-11-02T13:49:25.487+0000] {dag.py:3823} INFO - Setting next_dagrun for scheduled_dbt_pg_daily to None, run_after=None
[2025-11-02T13:49:25.541+0000] {processor.py:183} INFO - Processing /opt/airflow/dags/pg_dbt.py took 0.199 seconds
[2025-11-02T13:49:58.790+0000] {processor.py:161} INFO - Started process (PID=4577) to work on /opt/airflow/dags/pg_dbt.py
[2025-11-02T13:49:58.793+0000] {processor.py:830} INFO - Processing file /opt/airflow/dags/pg_dbt.py for tasks to queue
[2025-11-02T13:49:58.795+0000] {logging_mixin.py:188} INFO - [2025-11-02T13:49:58.794+0000] {dagbag.py:538} INFO - Filling up the DagBag from /opt/airflow/dags/pg_dbt.py
[2025-11-02T13:49:58.828+0000] {processor.py:840} INFO - DAG(s) 'scheduled_dbt_pg_daily' retrieved from /opt/airflow/dags/pg_dbt.py
[2025-11-02T13:49:58.877+0000] {logging_mixin.py:188} INFO - [2025-11-02T13:49:58.876+0000] {dag.py:3036} INFO - Sync 1 DAGs
[2025-11-02T13:49:58.917+0000] {logging_mixin.py:188} INFO - [2025-11-02T13:49:58.916+0000] {dag.py:3823} INFO - Setting next_dagrun for scheduled_dbt_pg_daily to None, run_after=None
[2025-11-02T13:49:58.980+0000] {processor.py:183} INFO - Processing /opt/airflow/dags/pg_dbt.py took 0.199 seconds
[2025-11-02T13:50:32.162+0000] {processor.py:161} INFO - Started process (PID=4588) to work on /opt/airflow/dags/pg_dbt.py
[2025-11-02T13:50:32.165+0000] {processor.py:830} INFO - Processing file /opt/airflow/dags/pg_dbt.py for tasks to queue
[2025-11-02T13:50:32.168+0000] {logging_mixin.py:188} INFO - [2025-11-02T13:50:32.168+0000] {dagbag.py:538} INFO - Filling up the DagBag from /opt/airflow/dags/pg_dbt.py
[2025-11-02T13:50:32.204+0000] {processor.py:840} INFO - DAG(s) 'scheduled_dbt_pg_daily' retrieved from /opt/airflow/dags/pg_dbt.py
[2025-11-02T13:50:32.257+0000] {logging_mixin.py:188} INFO - [2025-11-02T13:50:32.257+0000] {dag.py:3036} INFO - Sync 1 DAGs
[2025-11-02T13:50:32.298+0000] {logging_mixin.py:188} INFO - [2025-11-02T13:50:32.297+0000] {dag.py:3823} INFO - Setting next_dagrun for scheduled_dbt_pg_daily to None, run_after=None
[2025-11-02T13:50:32.372+0000] {processor.py:183} INFO - Processing /opt/airflow/dags/pg_dbt.py took 0.220 seconds
[2025-11-02T13:51:06.115+0000] {processor.py:161} INFO - Started process (PID=4600) to work on /opt/airflow/dags/pg_dbt.py
[2025-11-02T13:51:06.118+0000] {processor.py:830} INFO - Processing file /opt/airflow/dags/pg_dbt.py for tasks to queue
[2025-11-02T13:51:06.120+0000] {logging_mixin.py:188} INFO - [2025-11-02T13:51:06.119+0000] {dagbag.py:538} INFO - Filling up the DagBag from /opt/airflow/dags/pg_dbt.py
[2025-11-02T13:51:06.150+0000] {processor.py:840} INFO - DAG(s) 'scheduled_dbt_pg_daily' retrieved from /opt/airflow/dags/pg_dbt.py
[2025-11-02T13:51:06.205+0000] {logging_mixin.py:188} INFO - [2025-11-02T13:51:06.205+0000] {dag.py:3036} INFO - Sync 1 DAGs
[2025-11-02T13:51:06.259+0000] {logging_mixin.py:188} INFO - [2025-11-02T13:51:06.259+0000] {dag.py:3823} INFO - Setting next_dagrun for scheduled_dbt_pg_daily to None, run_after=None
[2025-11-02T13:51:06.332+0000] {processor.py:183} INFO - Processing /opt/airflow/dags/pg_dbt.py took 0.224 seconds
[2025-11-02T13:51:39.474+0000] {processor.py:161} INFO - Started process (PID=4612) to work on /opt/airflow/dags/pg_dbt.py
[2025-11-02T13:51:39.476+0000] {processor.py:830} INFO - Processing file /opt/airflow/dags/pg_dbt.py for tasks to queue
[2025-11-02T13:51:39.480+0000] {logging_mixin.py:188} INFO - [2025-11-02T13:51:39.479+0000] {dagbag.py:538} INFO - Filling up the DagBag from /opt/airflow/dags/pg_dbt.py
[2025-11-02T13:51:39.513+0000] {processor.py:840} INFO - DAG(s) 'scheduled_dbt_pg_daily' retrieved from /opt/airflow/dags/pg_dbt.py
[2025-11-02T13:51:39.559+0000] {logging_mixin.py:188} INFO - [2025-11-02T13:51:39.559+0000] {dag.py:3036} INFO - Sync 1 DAGs
[2025-11-02T13:51:39.603+0000] {logging_mixin.py:188} INFO - [2025-11-02T13:51:39.602+0000] {dag.py:3823} INFO - Setting next_dagrun for scheduled_dbt_pg_daily to None, run_after=None
[2025-11-02T13:51:39.659+0000] {processor.py:183} INFO - Processing /opt/airflow/dags/pg_dbt.py took 0.193 seconds
[2025-11-02T13:52:12.206+0000] {processor.py:161} INFO - Started process (PID=4623) to work on /opt/airflow/dags/pg_dbt.py
[2025-11-02T13:52:12.208+0000] {processor.py:830} INFO - Processing file /opt/airflow/dags/pg_dbt.py for tasks to queue
[2025-11-02T13:52:12.212+0000] {logging_mixin.py:188} INFO - [2025-11-02T13:52:12.211+0000] {dagbag.py:538} INFO - Filling up the DagBag from /opt/airflow/dags/pg_dbt.py
[2025-11-02T13:52:12.247+0000] {processor.py:840} INFO - DAG(s) 'scheduled_dbt_pg_daily' retrieved from /opt/airflow/dags/pg_dbt.py
[2025-11-02T13:52:12.296+0000] {logging_mixin.py:188} INFO - [2025-11-02T13:52:12.296+0000] {dag.py:3036} INFO - Sync 1 DAGs
[2025-11-02T13:52:12.340+0000] {logging_mixin.py:188} INFO - [2025-11-02T13:52:12.339+0000] {dag.py:3823} INFO - Setting next_dagrun for scheduled_dbt_pg_daily to None, run_after=None
[2025-11-02T13:52:12.398+0000] {processor.py:183} INFO - Processing /opt/airflow/dags/pg_dbt.py took 0.198 seconds
[2025-11-02T13:52:45.360+0000] {processor.py:161} INFO - Started process (PID=4635) to work on /opt/airflow/dags/pg_dbt.py
[2025-11-02T13:52:45.363+0000] {processor.py:830} INFO - Processing file /opt/airflow/dags/pg_dbt.py for tasks to queue
[2025-11-02T13:52:45.368+0000] {logging_mixin.py:188} INFO - [2025-11-02T13:52:45.367+0000] {dagbag.py:538} INFO - Filling up the DagBag from /opt/airflow/dags/pg_dbt.py
[2025-11-02T13:52:45.560+0000] {processor.py:840} INFO - DAG(s) 'scheduled_dbt_pg_daily' retrieved from /opt/airflow/dags/pg_dbt.py
[2025-11-02T13:52:45.738+0000] {logging_mixin.py:188} INFO - [2025-11-02T13:52:45.738+0000] {dag.py:3036} INFO - Sync 1 DAGs
[2025-11-02T13:52:45.899+0000] {logging_mixin.py:188} INFO - [2025-11-02T13:52:45.898+0000] {dag.py:3823} INFO - Setting next_dagrun for scheduled_dbt_pg_daily to None, run_after=None
[2025-11-02T13:52:46.106+0000] {processor.py:183} INFO - Processing /opt/airflow/dags/pg_dbt.py took 0.769 seconds
[2025-11-02T13:53:18.732+0000] {processor.py:161} INFO - Started process (PID=4647) to work on /opt/airflow/dags/pg_dbt.py
[2025-11-02T13:53:18.734+0000] {processor.py:830} INFO - Processing file /opt/airflow/dags/pg_dbt.py for tasks to queue
[2025-11-02T13:53:18.736+0000] {logging_mixin.py:188} INFO - [2025-11-02T13:53:18.735+0000] {dagbag.py:538} INFO - Filling up the DagBag from /opt/airflow/dags/pg_dbt.py
[2025-11-02T13:53:18.791+0000] {processor.py:840} INFO - DAG(s) 'scheduled_dbt_pg_daily' retrieved from /opt/airflow/dags/pg_dbt.py
[2025-11-02T13:53:18.978+0000] {logging_mixin.py:188} INFO - [2025-11-02T13:53:18.977+0000] {dag.py:3036} INFO - Sync 1 DAGs
[2025-11-02T13:53:19.089+0000] {logging_mixin.py:188} INFO - [2025-11-02T13:53:19.088+0000] {dag.py:3823} INFO - Setting next_dagrun for scheduled_dbt_pg_daily to None, run_after=None
[2025-11-02T13:53:19.175+0000] {processor.py:183} INFO - Processing /opt/airflow/dags/pg_dbt.py took 0.452 seconds
[2025-11-02T13:53:52.802+0000] {processor.py:161} INFO - Started process (PID=4659) to work on /opt/airflow/dags/pg_dbt.py
[2025-11-02T13:53:52.804+0000] {processor.py:830} INFO - Processing file /opt/airflow/dags/pg_dbt.py for tasks to queue
[2025-11-02T13:53:52.807+0000] {logging_mixin.py:188} INFO - [2025-11-02T13:53:52.806+0000] {dagbag.py:538} INFO - Filling up the DagBag from /opt/airflow/dags/pg_dbt.py
[2025-11-02T13:53:52.872+0000] {processor.py:840} INFO - DAG(s) 'scheduled_dbt_pg_daily' retrieved from /opt/airflow/dags/pg_dbt.py
[2025-11-02T13:53:52.966+0000] {logging_mixin.py:188} INFO - [2025-11-02T13:53:52.966+0000] {dag.py:3036} INFO - Sync 1 DAGs
[2025-11-02T13:53:53.106+0000] {logging_mixin.py:188} INFO - [2025-11-02T13:53:53.105+0000] {dag.py:3823} INFO - Setting next_dagrun for scheduled_dbt_pg_daily to None, run_after=None
[2025-11-02T13:53:53.444+0000] {processor.py:183} INFO - Processing /opt/airflow/dags/pg_dbt.py took 0.655 seconds
[2025-11-02T13:54:25.644+0000] {processor.py:161} INFO - Started process (PID=4671) to work on /opt/airflow/dags/pg_dbt.py
[2025-11-02T13:54:25.654+0000] {processor.py:830} INFO - Processing file /opt/airflow/dags/pg_dbt.py for tasks to queue
[2025-11-02T13:54:25.662+0000] {logging_mixin.py:188} INFO - [2025-11-02T13:54:25.661+0000] {dagbag.py:538} INFO - Filling up the DagBag from /opt/airflow/dags/pg_dbt.py
[2025-11-02T13:54:25.744+0000] {processor.py:840} INFO - DAG(s) 'scheduled_dbt_pg_daily' retrieved from /opt/airflow/dags/pg_dbt.py
[2025-11-02T13:54:25.859+0000] {logging_mixin.py:188} INFO - [2025-11-02T13:54:25.859+0000] {dag.py:3036} INFO - Sync 1 DAGs
[2025-11-02T13:54:25.931+0000] {logging_mixin.py:188} INFO - [2025-11-02T13:54:25.931+0000] {dag.py:3823} INFO - Setting next_dagrun for scheduled_dbt_pg_daily to None, run_after=None
[2025-11-02T13:54:26.037+0000] {processor.py:183} INFO - Processing /opt/airflow/dags/pg_dbt.py took 0.401 seconds
[2025-11-02T13:54:59.389+0000] {processor.py:161} INFO - Started process (PID=4683) to work on /opt/airflow/dags/pg_dbt.py
[2025-11-02T13:54:59.392+0000] {processor.py:830} INFO - Processing file /opt/airflow/dags/pg_dbt.py for tasks to queue
[2025-11-02T13:54:59.404+0000] {logging_mixin.py:188} INFO - [2025-11-02T13:54:59.403+0000] {dagbag.py:538} INFO - Filling up the DagBag from /opt/airflow/dags/pg_dbt.py
[2025-11-02T13:54:59.982+0000] {processor.py:840} INFO - DAG(s) 'scheduled_dbt_pg_daily' retrieved from /opt/airflow/dags/pg_dbt.py
[2025-11-02T13:55:00.064+0000] {logging_mixin.py:188} INFO - [2025-11-02T13:55:00.063+0000] {dag.py:3036} INFO - Sync 1 DAGs
[2025-11-02T13:55:00.120+0000] {logging_mixin.py:188} INFO - [2025-11-02T13:55:00.120+0000] {dag.py:3823} INFO - Setting next_dagrun for scheduled_dbt_pg_daily to None, run_after=None
[2025-11-02T13:55:00.381+0000] {processor.py:183} INFO - Processing /opt/airflow/dags/pg_dbt.py took 1.009 seconds
[2025-11-02T13:55:33.592+0000] {processor.py:161} INFO - Started process (PID=4695) to work on /opt/airflow/dags/pg_dbt.py
[2025-11-02T13:55:33.610+0000] {processor.py:830} INFO - Processing file /opt/airflow/dags/pg_dbt.py for tasks to queue
[2025-11-02T13:55:33.624+0000] {logging_mixin.py:188} INFO - [2025-11-02T13:55:33.623+0000] {dagbag.py:538} INFO - Filling up the DagBag from /opt/airflow/dags/pg_dbt.py
[2025-11-02T13:55:33.790+0000] {processor.py:840} INFO - DAG(s) 'scheduled_dbt_pg_daily' retrieved from /opt/airflow/dags/pg_dbt.py
[2025-11-02T13:55:33.879+0000] {logging_mixin.py:188} INFO - [2025-11-02T13:55:33.878+0000] {dag.py:3036} INFO - Sync 1 DAGs
[2025-11-02T13:55:33.966+0000] {logging_mixin.py:188} INFO - [2025-11-02T13:55:33.965+0000] {dag.py:3823} INFO - Setting next_dagrun for scheduled_dbt_pg_daily to None, run_after=None
[2025-11-02T13:55:34.112+0000] {processor.py:183} INFO - Processing /opt/airflow/dags/pg_dbt.py took 0.530 seconds
[2025-11-02T13:56:05.674+0000] {processor.py:161} INFO - Started process (PID=4707) to work on /opt/airflow/dags/pg_dbt.py
[2025-11-02T13:56:05.679+0000] {processor.py:830} INFO - Processing file /opt/airflow/dags/pg_dbt.py for tasks to queue
[2025-11-02T13:56:05.681+0000] {logging_mixin.py:188} INFO - [2025-11-02T13:56:05.680+0000] {dagbag.py:538} INFO - Filling up the DagBag from /opt/airflow/dags/pg_dbt.py
[2025-11-02T13:56:05.719+0000] {processor.py:840} INFO - DAG(s) 'scheduled_dbt_pg_daily' retrieved from /opt/airflow/dags/pg_dbt.py
[2025-11-02T13:56:05.815+0000] {logging_mixin.py:188} INFO - [2025-11-02T13:56:05.814+0000] {dag.py:3036} INFO - Sync 1 DAGs
[2025-11-02T13:56:05.865+0000] {logging_mixin.py:188} INFO - [2025-11-02T13:56:05.865+0000] {dag.py:3823} INFO - Setting next_dagrun for scheduled_dbt_pg_daily to None, run_after=None
[2025-11-02T13:56:06.033+0000] {processor.py:183} INFO - Processing /opt/airflow/dags/pg_dbt.py took 0.377 seconds
[2025-11-02T13:56:38.818+0000] {processor.py:161} INFO - Started process (PID=4719) to work on /opt/airflow/dags/pg_dbt.py
[2025-11-02T13:56:38.827+0000] {processor.py:830} INFO - Processing file /opt/airflow/dags/pg_dbt.py for tasks to queue
[2025-11-02T13:56:38.833+0000] {logging_mixin.py:188} INFO - [2025-11-02T13:56:38.832+0000] {dagbag.py:538} INFO - Filling up the DagBag from /opt/airflow/dags/pg_dbt.py
[2025-11-02T13:56:38.896+0000] {processor.py:840} INFO - DAG(s) 'scheduled_dbt_pg_daily' retrieved from /opt/airflow/dags/pg_dbt.py
[2025-11-02T13:56:39.088+0000] {logging_mixin.py:188} INFO - [2025-11-02T13:56:39.088+0000] {dag.py:3036} INFO - Sync 1 DAGs
[2025-11-02T13:56:39.231+0000] {logging_mixin.py:188} INFO - [2025-11-02T13:56:39.231+0000] {dag.py:3823} INFO - Setting next_dagrun for scheduled_dbt_pg_daily to None, run_after=None
[2025-11-02T13:56:39.375+0000] {processor.py:183} INFO - Processing /opt/airflow/dags/pg_dbt.py took 0.564 seconds
[2025-11-02T13:57:11.955+0000] {processor.py:161} INFO - Started process (PID=4731) to work on /opt/airflow/dags/pg_dbt.py
[2025-11-02T13:57:11.959+0000] {processor.py:830} INFO - Processing file /opt/airflow/dags/pg_dbt.py for tasks to queue
[2025-11-02T13:57:11.961+0000] {logging_mixin.py:188} INFO - [2025-11-02T13:57:11.960+0000] {dagbag.py:538} INFO - Filling up the DagBag from /opt/airflow/dags/pg_dbt.py
[2025-11-02T13:57:12.000+0000] {processor.py:840} INFO - DAG(s) 'scheduled_dbt_pg_daily' retrieved from /opt/airflow/dags/pg_dbt.py
[2025-11-02T13:57:12.062+0000] {logging_mixin.py:188} INFO - [2025-11-02T13:57:12.061+0000] {dag.py:3036} INFO - Sync 1 DAGs
[2025-11-02T13:57:12.110+0000] {logging_mixin.py:188} INFO - [2025-11-02T13:57:12.109+0000] {dag.py:3823} INFO - Setting next_dagrun for scheduled_dbt_pg_daily to None, run_after=None
[2025-11-02T13:57:12.165+0000] {processor.py:183} INFO - Processing /opt/airflow/dags/pg_dbt.py took 0.221 seconds
[2025-11-02T13:57:45.413+0000] {processor.py:161} INFO - Started process (PID=4743) to work on /opt/airflow/dags/pg_dbt.py
[2025-11-02T13:57:45.416+0000] {processor.py:830} INFO - Processing file /opt/airflow/dags/pg_dbt.py for tasks to queue
[2025-11-02T13:57:45.418+0000] {logging_mixin.py:188} INFO - [2025-11-02T13:57:45.417+0000] {dagbag.py:538} INFO - Filling up the DagBag from /opt/airflow/dags/pg_dbt.py
[2025-11-02T13:57:45.451+0000] {processor.py:840} INFO - DAG(s) 'scheduled_dbt_pg_daily' retrieved from /opt/airflow/dags/pg_dbt.py
[2025-11-02T13:57:45.502+0000] {logging_mixin.py:188} INFO - [2025-11-02T13:57:45.502+0000] {dag.py:3036} INFO - Sync 1 DAGs
[2025-11-02T13:57:45.560+0000] {logging_mixin.py:188} INFO - [2025-11-02T13:57:45.559+0000] {dag.py:3823} INFO - Setting next_dagrun for scheduled_dbt_pg_daily to None, run_after=None
[2025-11-02T13:57:45.615+0000] {processor.py:183} INFO - Processing /opt/airflow/dags/pg_dbt.py took 0.209 seconds
[2025-11-02T13:58:18.863+0000] {processor.py:161} INFO - Started process (PID=4756) to work on /opt/airflow/dags/pg_dbt.py
[2025-11-02T13:58:18.867+0000] {processor.py:830} INFO - Processing file /opt/airflow/dags/pg_dbt.py for tasks to queue
[2025-11-02T13:58:18.870+0000] {logging_mixin.py:188} INFO - [2025-11-02T13:58:18.869+0000] {dagbag.py:538} INFO - Filling up the DagBag from /opt/airflow/dags/pg_dbt.py
[2025-11-02T13:58:18.921+0000] {processor.py:840} INFO - DAG(s) 'scheduled_dbt_pg_daily' retrieved from /opt/airflow/dags/pg_dbt.py
[2025-11-02T13:58:19.009+0000] {logging_mixin.py:188} INFO - [2025-11-02T13:58:19.008+0000] {dag.py:3036} INFO - Sync 1 DAGs
[2025-11-02T13:58:19.072+0000] {logging_mixin.py:188} INFO - [2025-11-02T13:58:19.072+0000] {dag.py:3823} INFO - Setting next_dagrun for scheduled_dbt_pg_daily to None, run_after=None
[2025-11-02T13:58:19.144+0000] {processor.py:183} INFO - Processing /opt/airflow/dags/pg_dbt.py took 0.295 seconds
[2025-11-02T13:58:52.239+0000] {processor.py:161} INFO - Started process (PID=4768) to work on /opt/airflow/dags/pg_dbt.py
[2025-11-02T13:58:52.242+0000] {processor.py:830} INFO - Processing file /opt/airflow/dags/pg_dbt.py for tasks to queue
[2025-11-02T13:58:52.252+0000] {logging_mixin.py:188} INFO - [2025-11-02T13:58:52.244+0000] {dagbag.py:538} INFO - Filling up the DagBag from /opt/airflow/dags/pg_dbt.py
[2025-11-02T13:58:52.313+0000] {processor.py:840} INFO - DAG(s) 'scheduled_dbt_pg_daily' retrieved from /opt/airflow/dags/pg_dbt.py
[2025-11-02T13:58:52.526+0000] {logging_mixin.py:188} INFO - [2025-11-02T13:58:52.525+0000] {dag.py:3036} INFO - Sync 1 DAGs
[2025-11-02T13:58:52.711+0000] {logging_mixin.py:188} INFO - [2025-11-02T13:58:52.710+0000] {dag.py:3823} INFO - Setting next_dagrun for scheduled_dbt_pg_daily to None, run_after=None
[2025-11-02T13:58:52.924+0000] {processor.py:183} INFO - Processing /opt/airflow/dags/pg_dbt.py took 0.704 seconds
[2025-11-02T13:59:25.746+0000] {processor.py:161} INFO - Started process (PID=4780) to work on /opt/airflow/dags/pg_dbt.py
[2025-11-02T13:59:25.750+0000] {processor.py:830} INFO - Processing file /opt/airflow/dags/pg_dbt.py for tasks to queue
[2025-11-02T13:59:25.754+0000] {logging_mixin.py:188} INFO - [2025-11-02T13:59:25.754+0000] {dagbag.py:538} INFO - Filling up the DagBag from /opt/airflow/dags/pg_dbt.py
[2025-11-02T13:59:25.790+0000] {processor.py:840} INFO - DAG(s) 'scheduled_dbt_pg_daily' retrieved from /opt/airflow/dags/pg_dbt.py
[2025-11-02T13:59:25.835+0000] {logging_mixin.py:188} INFO - [2025-11-02T13:59:25.835+0000] {dag.py:3036} INFO - Sync 1 DAGs
[2025-11-02T13:59:25.886+0000] {logging_mixin.py:188} INFO - [2025-11-02T13:59:25.886+0000] {dag.py:3823} INFO - Setting next_dagrun for scheduled_dbt_pg_daily to None, run_after=None
[2025-11-02T13:59:25.996+0000] {processor.py:183} INFO - Processing /opt/airflow/dags/pg_dbt.py took 0.260 seconds
[2025-11-02T13:59:59.954+0000] {processor.py:161} INFO - Started process (PID=4792) to work on /opt/airflow/dags/pg_dbt.py
[2025-11-02T13:59:59.986+0000] {processor.py:830} INFO - Processing file /opt/airflow/dags/pg_dbt.py for tasks to queue
[2025-11-02T13:59:59.993+0000] {logging_mixin.py:188} INFO - [2025-11-02T13:59:59.992+0000] {dagbag.py:538} INFO - Filling up the DagBag from /opt/airflow/dags/pg_dbt.py
[2025-11-02T14:00:00.181+0000] {processor.py:840} INFO - DAG(s) 'scheduled_dbt_pg_daily' retrieved from /opt/airflow/dags/pg_dbt.py
[2025-11-02T14:00:00.400+0000] {logging_mixin.py:188} INFO - [2025-11-02T14:00:00.388+0000] {dag.py:3036} INFO - Sync 1 DAGs
[2025-11-02T14:00:00.712+0000] {logging_mixin.py:188} INFO - [2025-11-02T14:00:00.711+0000] {dag.py:3823} INFO - Setting next_dagrun for scheduled_dbt_pg_daily to None, run_after=None
[2025-11-02T14:00:00.968+0000] {processor.py:183} INFO - Processing /opt/airflow/dags/pg_dbt.py took 1.031 seconds
[2025-11-02T14:00:32.405+0000] {processor.py:161} INFO - Started process (PID=4804) to work on /opt/airflow/dags/pg_dbt.py
[2025-11-02T14:00:32.410+0000] {processor.py:830} INFO - Processing file /opt/airflow/dags/pg_dbt.py for tasks to queue
[2025-11-02T14:00:32.425+0000] {logging_mixin.py:188} INFO - [2025-11-02T14:00:32.424+0000] {dagbag.py:538} INFO - Filling up the DagBag from /opt/airflow/dags/pg_dbt.py
[2025-11-02T14:00:32.543+0000] {processor.py:840} INFO - DAG(s) 'scheduled_dbt_pg_daily' retrieved from /opt/airflow/dags/pg_dbt.py
[2025-11-02T14:00:32.750+0000] {logging_mixin.py:188} INFO - [2025-11-02T14:00:32.749+0000] {dag.py:3036} INFO - Sync 1 DAGs
[2025-11-02T14:00:32.899+0000] {logging_mixin.py:188} INFO - [2025-11-02T14:00:32.899+0000] {dag.py:3823} INFO - Setting next_dagrun for scheduled_dbt_pg_daily to None, run_after=None
[2025-11-02T14:00:33.130+0000] {processor.py:183} INFO - Processing /opt/airflow/dags/pg_dbt.py took 0.737 seconds
[2025-11-02T14:01:05.695+0000] {processor.py:161} INFO - Started process (PID=4816) to work on /opt/airflow/dags/pg_dbt.py
[2025-11-02T14:01:05.698+0000] {processor.py:830} INFO - Processing file /opt/airflow/dags/pg_dbt.py for tasks to queue
[2025-11-02T14:01:05.701+0000] {logging_mixin.py:188} INFO - [2025-11-02T14:01:05.700+0000] {dagbag.py:538} INFO - Filling up the DagBag from /opt/airflow/dags/pg_dbt.py
[2025-11-02T14:01:05.735+0000] {processor.py:840} INFO - DAG(s) 'scheduled_dbt_pg_daily' retrieved from /opt/airflow/dags/pg_dbt.py
[2025-11-02T14:01:05.784+0000] {logging_mixin.py:188} INFO - [2025-11-02T14:01:05.783+0000] {dag.py:3036} INFO - Sync 1 DAGs
[2025-11-02T14:01:05.831+0000] {logging_mixin.py:188} INFO - [2025-11-02T14:01:05.830+0000] {dag.py:3823} INFO - Setting next_dagrun for scheduled_dbt_pg_daily to None, run_after=None
[2025-11-02T14:01:05.904+0000] {processor.py:183} INFO - Processing /opt/airflow/dags/pg_dbt.py took 0.218 seconds
[2025-11-02T14:01:39.393+0000] {processor.py:161} INFO - Started process (PID=4828) to work on /opt/airflow/dags/pg_dbt.py
[2025-11-02T14:01:39.396+0000] {processor.py:830} INFO - Processing file /opt/airflow/dags/pg_dbt.py for tasks to queue
[2025-11-02T14:01:39.399+0000] {logging_mixin.py:188} INFO - [2025-11-02T14:01:39.398+0000] {dagbag.py:538} INFO - Filling up the DagBag from /opt/airflow/dags/pg_dbt.py
[2025-11-02T14:01:39.498+0000] {processor.py:840} INFO - DAG(s) 'scheduled_dbt_pg_daily' retrieved from /opt/airflow/dags/pg_dbt.py
[2025-11-02T14:01:39.679+0000] {logging_mixin.py:188} INFO - [2025-11-02T14:01:39.678+0000] {dag.py:3036} INFO - Sync 1 DAGs
[2025-11-02T14:01:39.856+0000] {logging_mixin.py:188} INFO - [2025-11-02T14:01:39.856+0000] {dag.py:3823} INFO - Setting next_dagrun for scheduled_dbt_pg_daily to None, run_after=None
[2025-11-02T14:01:40.042+0000] {processor.py:183} INFO - Processing /opt/airflow/dags/pg_dbt.py took 0.663 seconds
[2025-11-02T14:02:12.246+0000] {processor.py:161} INFO - Started process (PID=4840) to work on /opt/airflow/dags/pg_dbt.py
[2025-11-02T14:02:12.250+0000] {processor.py:830} INFO - Processing file /opt/airflow/dags/pg_dbt.py for tasks to queue
[2025-11-02T14:02:12.252+0000] {logging_mixin.py:188} INFO - [2025-11-02T14:02:12.251+0000] {dagbag.py:538} INFO - Filling up the DagBag from /opt/airflow/dags/pg_dbt.py
[2025-11-02T14:02:12.296+0000] {processor.py:840} INFO - DAG(s) 'scheduled_dbt_pg_daily' retrieved from /opt/airflow/dags/pg_dbt.py
[2025-11-02T14:02:12.356+0000] {logging_mixin.py:188} INFO - [2025-11-02T14:02:12.355+0000] {dag.py:3036} INFO - Sync 1 DAGs
[2025-11-02T14:02:12.401+0000] {logging_mixin.py:188} INFO - [2025-11-02T14:02:12.401+0000] {dag.py:3823} INFO - Setting next_dagrun for scheduled_dbt_pg_daily to None, run_after=None
[2025-11-02T14:02:12.481+0000] {processor.py:183} INFO - Processing /opt/airflow/dags/pg_dbt.py took 0.247 seconds
[2025-11-02T14:02:45.535+0000] {processor.py:161} INFO - Started process (PID=4852) to work on /opt/airflow/dags/pg_dbt.py
[2025-11-02T14:02:45.538+0000] {processor.py:830} INFO - Processing file /opt/airflow/dags/pg_dbt.py for tasks to queue
[2025-11-02T14:02:45.542+0000] {logging_mixin.py:188} INFO - [2025-11-02T14:02:45.541+0000] {dagbag.py:538} INFO - Filling up the DagBag from /opt/airflow/dags/pg_dbt.py
[2025-11-02T14:02:45.658+0000] {processor.py:840} INFO - DAG(s) 'scheduled_dbt_pg_daily' retrieved from /opt/airflow/dags/pg_dbt.py
[2025-11-02T14:02:45.785+0000] {logging_mixin.py:188} INFO - [2025-11-02T14:02:45.785+0000] {dag.py:3036} INFO - Sync 1 DAGs
[2025-11-02T14:02:45.848+0000] {logging_mixin.py:188} INFO - [2025-11-02T14:02:45.847+0000] {dag.py:3823} INFO - Setting next_dagrun for scheduled_dbt_pg_daily to None, run_after=None
[2025-11-02T14:02:46.008+0000] {processor.py:183} INFO - Processing /opt/airflow/dags/pg_dbt.py took 0.486 seconds
[2025-11-02T14:03:19.634+0000] {processor.py:161} INFO - Started process (PID=4863) to work on /opt/airflow/dags/pg_dbt.py
[2025-11-02T14:03:19.636+0000] {processor.py:830} INFO - Processing file /opt/airflow/dags/pg_dbt.py for tasks to queue
[2025-11-02T14:03:19.647+0000] {logging_mixin.py:188} INFO - [2025-11-02T14:03:19.646+0000] {dagbag.py:538} INFO - Filling up the DagBag from /opt/airflow/dags/pg_dbt.py
[2025-11-02T14:03:19.698+0000] {processor.py:840} INFO - DAG(s) 'scheduled_dbt_pg_daily' retrieved from /opt/airflow/dags/pg_dbt.py
[2025-11-02T14:03:19.797+0000] {logging_mixin.py:188} INFO - [2025-11-02T14:03:19.794+0000] {dag.py:3036} INFO - Sync 1 DAGs
[2025-11-02T14:03:19.929+0000] {logging_mixin.py:188} INFO - [2025-11-02T14:03:19.929+0000] {dag.py:3823} INFO - Setting next_dagrun for scheduled_dbt_pg_daily to None, run_after=None
[2025-11-02T14:03:20.045+0000] {processor.py:183} INFO - Processing /opt/airflow/dags/pg_dbt.py took 0.424 seconds
[2025-11-02T14:03:52.598+0000] {processor.py:161} INFO - Started process (PID=4876) to work on /opt/airflow/dags/pg_dbt.py
[2025-11-02T14:03:52.600+0000] {processor.py:830} INFO - Processing file /opt/airflow/dags/pg_dbt.py for tasks to queue
[2025-11-02T14:03:52.602+0000] {logging_mixin.py:188} INFO - [2025-11-02T14:03:52.601+0000] {dagbag.py:538} INFO - Filling up the DagBag from /opt/airflow/dags/pg_dbt.py
[2025-11-02T14:03:52.638+0000] {processor.py:840} INFO - DAG(s) 'scheduled_dbt_pg_daily' retrieved from /opt/airflow/dags/pg_dbt.py
[2025-11-02T14:03:52.699+0000] {logging_mixin.py:188} INFO - [2025-11-02T14:03:52.698+0000] {dag.py:3036} INFO - Sync 1 DAGs
[2025-11-02T14:03:52.740+0000] {logging_mixin.py:188} INFO - [2025-11-02T14:03:52.740+0000] {dag.py:3823} INFO - Setting next_dagrun for scheduled_dbt_pg_daily to None, run_after=None
[2025-11-02T14:03:52.833+0000] {processor.py:183} INFO - Processing /opt/airflow/dags/pg_dbt.py took 0.245 seconds
[2025-11-02T14:04:26.331+0000] {processor.py:161} INFO - Started process (PID=4888) to work on /opt/airflow/dags/pg_dbt.py
[2025-11-02T14:04:26.345+0000] {processor.py:830} INFO - Processing file /opt/airflow/dags/pg_dbt.py for tasks to queue
[2025-11-02T14:04:26.348+0000] {logging_mixin.py:188} INFO - [2025-11-02T14:04:26.347+0000] {dagbag.py:538} INFO - Filling up the DagBag from /opt/airflow/dags/pg_dbt.py
[2025-11-02T14:04:26.485+0000] {processor.py:840} INFO - DAG(s) 'scheduled_dbt_pg_daily' retrieved from /opt/airflow/dags/pg_dbt.py
[2025-11-02T14:04:26.678+0000] {logging_mixin.py:188} INFO - [2025-11-02T14:04:26.677+0000] {dag.py:3036} INFO - Sync 1 DAGs
[2025-11-02T14:04:26.838+0000] {logging_mixin.py:188} INFO - [2025-11-02T14:04:26.830+0000] {dag.py:3823} INFO - Setting next_dagrun for scheduled_dbt_pg_daily to None, run_after=None
[2025-11-02T14:04:26.996+0000] {processor.py:183} INFO - Processing /opt/airflow/dags/pg_dbt.py took 0.677 seconds
[2025-11-02T14:04:59.820+0000] {processor.py:161} INFO - Started process (PID=4900) to work on /opt/airflow/dags/pg_dbt.py
[2025-11-02T14:04:59.843+0000] {processor.py:830} INFO - Processing file /opt/airflow/dags/pg_dbt.py for tasks to queue
[2025-11-02T14:04:59.854+0000] {logging_mixin.py:188} INFO - [2025-11-02T14:04:59.853+0000] {dagbag.py:538} INFO - Filling up the DagBag from /opt/airflow/dags/pg_dbt.py
[2025-11-02T14:05:00.060+0000] {processor.py:840} INFO - DAG(s) 'scheduled_dbt_pg_daily' retrieved from /opt/airflow/dags/pg_dbt.py
[2025-11-02T14:05:00.551+0000] {logging_mixin.py:188} INFO - [2025-11-02T14:05:00.550+0000] {dag.py:3036} INFO - Sync 1 DAGs
[2025-11-02T14:05:00.833+0000] {logging_mixin.py:188} INFO - [2025-11-02T14:05:00.832+0000] {dag.py:3823} INFO - Setting next_dagrun for scheduled_dbt_pg_daily to None, run_after=None
[2025-11-02T14:05:01.342+0000] {processor.py:183} INFO - Processing /opt/airflow/dags/pg_dbt.py took 1.825 seconds
[2025-11-02T14:05:37.949+0000] {processor.py:161} INFO - Started process (PID=4912) to work on /opt/airflow/dags/pg_dbt.py
[2025-11-02T14:05:38.011+0000] {processor.py:830} INFO - Processing file /opt/airflow/dags/pg_dbt.py for tasks to queue
[2025-11-02T14:05:38.076+0000] {logging_mixin.py:188} INFO - [2025-11-02T14:05:38.068+0000] {dagbag.py:538} INFO - Filling up the DagBag from /opt/airflow/dags/pg_dbt.py
[2025-11-02T14:05:38.676+0000] {processor.py:840} INFO - DAG(s) 'scheduled_dbt_pg_daily' retrieved from /opt/airflow/dags/pg_dbt.py
[2025-11-02T14:05:39.084+0000] {logging_mixin.py:188} INFO - [2025-11-02T14:05:39.083+0000] {dag.py:3036} INFO - Sync 1 DAGs
[2025-11-02T14:05:39.381+0000] {logging_mixin.py:188} INFO - [2025-11-02T14:05:39.380+0000] {dag.py:3823} INFO - Setting next_dagrun for scheduled_dbt_pg_daily to None, run_after=None
[2025-11-02T14:05:39.673+0000] {processor.py:183} INFO - Processing /opt/airflow/dags/pg_dbt.py took 1.773 seconds
[2025-11-02T14:06:12.692+0000] {processor.py:161} INFO - Started process (PID=4924) to work on /opt/airflow/dags/pg_dbt.py
[2025-11-02T14:06:12.729+0000] {processor.py:830} INFO - Processing file /opt/airflow/dags/pg_dbt.py for tasks to queue
[2025-11-02T14:06:12.745+0000] {logging_mixin.py:188} INFO - [2025-11-02T14:06:12.745+0000] {dagbag.py:538} INFO - Filling up the DagBag from /opt/airflow/dags/pg_dbt.py
[2025-11-02T14:06:12.918+0000] {processor.py:840} INFO - DAG(s) 'scheduled_dbt_pg_daily' retrieved from /opt/airflow/dags/pg_dbt.py
[2025-11-02T14:06:13.195+0000] {logging_mixin.py:188} INFO - [2025-11-02T14:06:13.195+0000] {dag.py:3036} INFO - Sync 1 DAGs
[2025-11-02T14:06:13.390+0000] {logging_mixin.py:188} INFO - [2025-11-02T14:06:13.389+0000] {dag.py:3823} INFO - Setting next_dagrun for scheduled_dbt_pg_daily to None, run_after=None
[2025-11-02T14:06:13.742+0000] {processor.py:183} INFO - Processing /opt/airflow/dags/pg_dbt.py took 1.130 seconds
[2025-11-02T14:06:44.067+0000] {processor.py:161} INFO - Started process (PID=4936) to work on /opt/airflow/dags/pg_dbt.py
[2025-11-02T14:06:44.071+0000] {processor.py:830} INFO - Processing file /opt/airflow/dags/pg_dbt.py for tasks to queue
[2025-11-02T14:06:44.074+0000] {logging_mixin.py:188} INFO - [2025-11-02T14:06:44.073+0000] {dagbag.py:538} INFO - Filling up the DagBag from /opt/airflow/dags/pg_dbt.py
[2025-11-02T14:06:44.137+0000] {processor.py:840} INFO - DAG(s) 'scheduled_dbt_pg_daily' retrieved from /opt/airflow/dags/pg_dbt.py
[2025-11-02T14:06:44.225+0000] {logging_mixin.py:188} INFO - [2025-11-02T14:06:44.224+0000] {dag.py:3036} INFO - Sync 1 DAGs
[2025-11-02T14:06:44.344+0000] {logging_mixin.py:188} INFO - [2025-11-02T14:06:44.343+0000] {dag.py:3823} INFO - Setting next_dagrun for scheduled_dbt_pg_daily to None, run_after=None
[2025-11-02T14:06:44.455+0000] {processor.py:183} INFO - Processing /opt/airflow/dags/pg_dbt.py took 0.407 seconds
[2025-11-02T14:07:15.338+0000] {processor.py:161} INFO - Started process (PID=4947) to work on /opt/airflow/dags/pg_dbt.py
[2025-11-02T14:07:15.340+0000] {processor.py:830} INFO - Processing file /opt/airflow/dags/pg_dbt.py for tasks to queue
[2025-11-02T14:07:15.343+0000] {logging_mixin.py:188} INFO - [2025-11-02T14:07:15.342+0000] {dagbag.py:538} INFO - Filling up the DagBag from /opt/airflow/dags/pg_dbt.py
[2025-11-02T14:07:15.458+0000] {processor.py:840} INFO - DAG(s) 'scheduled_dbt_pg_daily' retrieved from /opt/airflow/dags/pg_dbt.py
[2025-11-02T14:07:15.804+0000] {logging_mixin.py:188} INFO - [2025-11-02T14:07:15.803+0000] {dag.py:3036} INFO - Sync 1 DAGs
[2025-11-02T14:07:16.011+0000] {logging_mixin.py:188} INFO - [2025-11-02T14:07:16.011+0000] {dag.py:3823} INFO - Setting next_dagrun for scheduled_dbt_pg_daily to None, run_after=None
[2025-11-02T14:07:16.333+0000] {processor.py:183} INFO - Processing /opt/airflow/dags/pg_dbt.py took 1.013 seconds
[2025-11-02T14:07:46.545+0000] {processor.py:161} INFO - Started process (PID=4959) to work on /opt/airflow/dags/pg_dbt.py
[2025-11-02T14:07:46.548+0000] {processor.py:830} INFO - Processing file /opt/airflow/dags/pg_dbt.py for tasks to queue
[2025-11-02T14:07:46.552+0000] {logging_mixin.py:188} INFO - [2025-11-02T14:07:46.551+0000] {dagbag.py:538} INFO - Filling up the DagBag from /opt/airflow/dags/pg_dbt.py
[2025-11-02T14:07:46.600+0000] {processor.py:840} INFO - DAG(s) 'scheduled_dbt_pg_daily' retrieved from /opt/airflow/dags/pg_dbt.py
[2025-11-02T14:07:46.687+0000] {logging_mixin.py:188} INFO - [2025-11-02T14:07:46.687+0000] {dag.py:3036} INFO - Sync 1 DAGs
[2025-11-02T14:07:46.773+0000] {logging_mixin.py:188} INFO - [2025-11-02T14:07:46.772+0000] {dag.py:3823} INFO - Setting next_dagrun for scheduled_dbt_pg_daily to None, run_after=None
[2025-11-02T14:07:46.921+0000] {processor.py:183} INFO - Processing /opt/airflow/dags/pg_dbt.py took 0.395 seconds
[2025-11-02T14:08:19.092+0000] {processor.py:161} INFO - Started process (PID=4972) to work on /opt/airflow/dags/pg_dbt.py
[2025-11-02T14:08:19.097+0000] {processor.py:830} INFO - Processing file /opt/airflow/dags/pg_dbt.py for tasks to queue
[2025-11-02T14:08:19.107+0000] {logging_mixin.py:188} INFO - [2025-11-02T14:08:19.106+0000] {dagbag.py:538} INFO - Filling up the DagBag from /opt/airflow/dags/pg_dbt.py
[2025-11-02T14:08:19.207+0000] {processor.py:840} INFO - DAG(s) 'scheduled_dbt_pg_daily' retrieved from /opt/airflow/dags/pg_dbt.py
[2025-11-02T14:08:19.369+0000] {logging_mixin.py:188} INFO - [2025-11-02T14:08:19.368+0000] {dag.py:3036} INFO - Sync 1 DAGs
[2025-11-02T14:08:19.526+0000] {logging_mixin.py:188} INFO - [2025-11-02T14:08:19.526+0000] {dag.py:3823} INFO - Setting next_dagrun for scheduled_dbt_pg_daily to None, run_after=None
[2025-11-02T14:08:19.660+0000] {processor.py:183} INFO - Processing /opt/airflow/dags/pg_dbt.py took 0.586 seconds
[2025-11-02T14:08:53.005+0000] {processor.py:161} INFO - Started process (PID=4984) to work on /opt/airflow/dags/pg_dbt.py
[2025-11-02T14:08:53.008+0000] {processor.py:830} INFO - Processing file /opt/airflow/dags/pg_dbt.py for tasks to queue
[2025-11-02T14:08:53.014+0000] {logging_mixin.py:188} INFO - [2025-11-02T14:08:53.013+0000] {dagbag.py:538} INFO - Filling up the DagBag from /opt/airflow/dags/pg_dbt.py
[2025-11-02T14:08:53.067+0000] {processor.py:840} INFO - DAG(s) 'scheduled_dbt_pg_daily' retrieved from /opt/airflow/dags/pg_dbt.py
[2025-11-02T14:08:53.236+0000] {logging_mixin.py:188} INFO - [2025-11-02T14:08:53.235+0000] {dag.py:3036} INFO - Sync 1 DAGs
[2025-11-02T14:08:53.301+0000] {logging_mixin.py:188} INFO - [2025-11-02T14:08:53.301+0000] {dag.py:3823} INFO - Setting next_dagrun for scheduled_dbt_pg_daily to None, run_after=None
[2025-11-02T14:08:53.373+0000] {processor.py:183} INFO - Processing /opt/airflow/dags/pg_dbt.py took 0.379 seconds
[2025-11-02T14:09:26.952+0000] {processor.py:161} INFO - Started process (PID=4996) to work on /opt/airflow/dags/pg_dbt.py
[2025-11-02T14:09:26.956+0000] {processor.py:830} INFO - Processing file /opt/airflow/dags/pg_dbt.py for tasks to queue
[2025-11-02T14:09:26.961+0000] {logging_mixin.py:188} INFO - [2025-11-02T14:09:26.960+0000] {dagbag.py:538} INFO - Filling up the DagBag from /opt/airflow/dags/pg_dbt.py
[2025-11-02T14:09:27.039+0000] {processor.py:840} INFO - DAG(s) 'scheduled_dbt_pg_daily' retrieved from /opt/airflow/dags/pg_dbt.py
[2025-11-02T14:09:27.179+0000] {logging_mixin.py:188} INFO - [2025-11-02T14:09:27.178+0000] {dag.py:3036} INFO - Sync 1 DAGs
[2025-11-02T14:09:27.282+0000] {logging_mixin.py:188} INFO - [2025-11-02T14:09:27.281+0000] {dag.py:3823} INFO - Setting next_dagrun for scheduled_dbt_pg_daily to None, run_after=None
[2025-11-02T14:09:27.648+0000] {processor.py:183} INFO - Processing /opt/airflow/dags/pg_dbt.py took 0.721 seconds
[2025-11-02T14:09:59.860+0000] {processor.py:161} INFO - Started process (PID=5008) to work on /opt/airflow/dags/pg_dbt.py
[2025-11-02T14:09:59.869+0000] {processor.py:830} INFO - Processing file /opt/airflow/dags/pg_dbt.py for tasks to queue
[2025-11-02T14:09:59.887+0000] {logging_mixin.py:188} INFO - [2025-11-02T14:09:59.886+0000] {dagbag.py:538} INFO - Filling up the DagBag from /opt/airflow/dags/pg_dbt.py
[2025-11-02T14:10:00.013+0000] {processor.py:840} INFO - DAG(s) 'scheduled_dbt_pg_daily' retrieved from /opt/airflow/dags/pg_dbt.py
[2025-11-02T14:10:00.104+0000] {logging_mixin.py:188} INFO - [2025-11-02T14:10:00.103+0000] {dag.py:3036} INFO - Sync 1 DAGs
[2025-11-02T14:10:00.194+0000] {logging_mixin.py:188} INFO - [2025-11-02T14:10:00.194+0000] {dag.py:3823} INFO - Setting next_dagrun for scheduled_dbt_pg_daily to None, run_after=None
[2025-11-02T14:10:00.407+0000] {processor.py:183} INFO - Processing /opt/airflow/dags/pg_dbt.py took 0.565 seconds
[2025-11-02T14:10:33.108+0000] {processor.py:161} INFO - Started process (PID=5020) to work on /opt/airflow/dags/pg_dbt.py
[2025-11-02T14:10:33.110+0000] {processor.py:830} INFO - Processing file /opt/airflow/dags/pg_dbt.py for tasks to queue
[2025-11-02T14:10:33.113+0000] {logging_mixin.py:188} INFO - [2025-11-02T14:10:33.112+0000] {dagbag.py:538} INFO - Filling up the DagBag from /opt/airflow/dags/pg_dbt.py
[2025-11-02T14:10:33.150+0000] {processor.py:840} INFO - DAG(s) 'scheduled_dbt_pg_daily' retrieved from /opt/airflow/dags/pg_dbt.py
[2025-11-02T14:10:33.237+0000] {logging_mixin.py:188} INFO - [2025-11-02T14:10:33.236+0000] {dag.py:3036} INFO - Sync 1 DAGs
[2025-11-02T14:10:33.277+0000] {logging_mixin.py:188} INFO - [2025-11-02T14:10:33.277+0000] {dag.py:3823} INFO - Setting next_dagrun for scheduled_dbt_pg_daily to None, run_after=None
[2025-11-02T14:10:33.356+0000] {processor.py:183} INFO - Processing /opt/airflow/dags/pg_dbt.py took 0.257 seconds
[2025-11-02T14:11:07.087+0000] {processor.py:161} INFO - Started process (PID=5032) to work on /opt/airflow/dags/pg_dbt.py
[2025-11-02T14:11:07.090+0000] {processor.py:830} INFO - Processing file /opt/airflow/dags/pg_dbt.py for tasks to queue
[2025-11-02T14:11:07.114+0000] {logging_mixin.py:188} INFO - [2025-11-02T14:11:07.113+0000] {dagbag.py:538} INFO - Filling up the DagBag from /opt/airflow/dags/pg_dbt.py
[2025-11-02T14:11:07.279+0000] {processor.py:840} INFO - DAG(s) 'scheduled_dbt_pg_daily' retrieved from /opt/airflow/dags/pg_dbt.py
[2025-11-02T14:11:07.358+0000] {logging_mixin.py:188} INFO - [2025-11-02T14:11:07.357+0000] {dag.py:3036} INFO - Sync 1 DAGs
[2025-11-02T14:11:07.441+0000] {logging_mixin.py:188} INFO - [2025-11-02T14:11:07.441+0000] {dag.py:3823} INFO - Setting next_dagrun for scheduled_dbt_pg_daily to None, run_after=None
[2025-11-02T14:11:07.566+0000] {processor.py:183} INFO - Processing /opt/airflow/dags/pg_dbt.py took 0.496 seconds
[2025-11-02T14:11:39.514+0000] {processor.py:161} INFO - Started process (PID=5038) to work on /opt/airflow/dags/pg_dbt.py
[2025-11-02T14:11:39.526+0000] {processor.py:830} INFO - Processing file /opt/airflow/dags/pg_dbt.py for tasks to queue
[2025-11-02T14:11:39.535+0000] {logging_mixin.py:188} INFO - [2025-11-02T14:11:39.534+0000] {dagbag.py:538} INFO - Filling up the DagBag from /opt/airflow/dags/pg_dbt.py
[2025-11-02T14:11:39.675+0000] {processor.py:840} INFO - DAG(s) 'scheduled_dbt_pg_daily' retrieved from /opt/airflow/dags/pg_dbt.py
[2025-11-02T14:11:39.761+0000] {logging_mixin.py:188} INFO - [2025-11-02T14:11:39.760+0000] {dag.py:3036} INFO - Sync 1 DAGs
[2025-11-02T14:11:39.964+0000] {logging_mixin.py:188} INFO - [2025-11-02T14:11:39.953+0000] {dag.py:3823} INFO - Setting next_dagrun for scheduled_dbt_pg_daily to None, run_after=None
[2025-11-02T14:11:40.092+0000] {processor.py:183} INFO - Processing /opt/airflow/dags/pg_dbt.py took 0.597 seconds
[2025-11-02T14:12:12.705+0000] {processor.py:161} INFO - Started process (PID=5050) to work on /opt/airflow/dags/pg_dbt.py
[2025-11-02T14:12:12.708+0000] {processor.py:830} INFO - Processing file /opt/airflow/dags/pg_dbt.py for tasks to queue
[2025-11-02T14:12:12.711+0000] {logging_mixin.py:188} INFO - [2025-11-02T14:12:12.710+0000] {dagbag.py:538} INFO - Filling up the DagBag from /opt/airflow/dags/pg_dbt.py
[2025-11-02T14:12:12.768+0000] {processor.py:840} INFO - DAG(s) 'scheduled_dbt_pg_daily' retrieved from /opt/airflow/dags/pg_dbt.py
[2025-11-02T14:12:12.921+0000] {logging_mixin.py:188} INFO - [2025-11-02T14:12:12.921+0000] {dag.py:3036} INFO - Sync 1 DAGs
[2025-11-02T14:12:13.022+0000] {logging_mixin.py:188} INFO - [2025-11-02T14:12:13.022+0000] {dag.py:3823} INFO - Setting next_dagrun for scheduled_dbt_pg_daily to None, run_after=None
[2025-11-02T14:12:13.144+0000] {processor.py:183} INFO - Processing /opt/airflow/dags/pg_dbt.py took 0.453 seconds
[2025-11-02T14:12:47.384+0000] {processor.py:161} INFO - Started process (PID=5068) to work on /opt/airflow/dags/pg_dbt.py
[2025-11-02T14:12:47.463+0000] {processor.py:830} INFO - Processing file /opt/airflow/dags/pg_dbt.py for tasks to queue
[2025-11-02T14:12:47.466+0000] {logging_mixin.py:188} INFO - [2025-11-02T14:12:47.465+0000] {dagbag.py:538} INFO - Filling up the DagBag from /opt/airflow/dags/pg_dbt.py
[2025-11-02T14:12:47.585+0000] {processor.py:840} INFO - DAG(s) 'scheduled_dbt_pg_daily' retrieved from /opt/airflow/dags/pg_dbt.py
[2025-11-02T14:12:47.639+0000] {logging_mixin.py:188} INFO - [2025-11-02T14:12:47.639+0000] {dag.py:3036} INFO - Sync 1 DAGs
[2025-11-02T14:12:47.687+0000] {logging_mixin.py:188} INFO - [2025-11-02T14:12:47.687+0000] {dag.py:3823} INFO - Setting next_dagrun for scheduled_dbt_pg_daily to None, run_after=None
[2025-11-02T14:12:47.998+0000] {processor.py:183} INFO - Processing /opt/airflow/dags/pg_dbt.py took 0.630 seconds
[2025-11-02T14:13:19.764+0000] {processor.py:161} INFO - Started process (PID=5074) to work on /opt/airflow/dags/pg_dbt.py
[2025-11-02T14:13:19.770+0000] {processor.py:830} INFO - Processing file /opt/airflow/dags/pg_dbt.py for tasks to queue
[2025-11-02T14:13:19.775+0000] {logging_mixin.py:188} INFO - [2025-11-02T14:13:19.774+0000] {dagbag.py:538} INFO - Filling up the DagBag from /opt/airflow/dags/pg_dbt.py
[2025-11-02T14:13:19.840+0000] {processor.py:840} INFO - DAG(s) 'scheduled_dbt_pg_daily' retrieved from /opt/airflow/dags/pg_dbt.py
[2025-11-02T14:13:19.929+0000] {logging_mixin.py:188} INFO - [2025-11-02T14:13:19.928+0000] {dag.py:3036} INFO - Sync 1 DAGs
[2025-11-02T14:13:20.042+0000] {logging_mixin.py:188} INFO - [2025-11-02T14:13:20.041+0000] {dag.py:3823} INFO - Setting next_dagrun for scheduled_dbt_pg_daily to None, run_after=None
[2025-11-02T14:13:20.118+0000] {processor.py:183} INFO - Processing /opt/airflow/dags/pg_dbt.py took 0.368 seconds
[2025-11-02T14:13:53.947+0000] {processor.py:161} INFO - Started process (PID=5086) to work on /opt/airflow/dags/pg_dbt.py
[2025-11-02T14:13:53.949+0000] {processor.py:830} INFO - Processing file /opt/airflow/dags/pg_dbt.py for tasks to queue
[2025-11-02T14:13:53.951+0000] {logging_mixin.py:188} INFO - [2025-11-02T14:13:53.950+0000] {dagbag.py:538} INFO - Filling up the DagBag from /opt/airflow/dags/pg_dbt.py
[2025-11-02T14:13:53.986+0000] {processor.py:840} INFO - DAG(s) 'scheduled_dbt_pg_daily' retrieved from /opt/airflow/dags/pg_dbt.py
[2025-11-02T14:13:54.032+0000] {logging_mixin.py:188} INFO - [2025-11-02T14:13:54.031+0000] {dag.py:3036} INFO - Sync 1 DAGs
[2025-11-02T14:13:54.069+0000] {logging_mixin.py:188} INFO - [2025-11-02T14:13:54.068+0000] {dag.py:3823} INFO - Setting next_dagrun for scheduled_dbt_pg_daily to None, run_after=None
[2025-11-02T14:13:54.409+0000] {processor.py:183} INFO - Processing /opt/airflow/dags/pg_dbt.py took 0.466 seconds
[2025-11-02T14:14:26.131+0000] {processor.py:161} INFO - Started process (PID=5098) to work on /opt/airflow/dags/pg_dbt.py
[2025-11-02T14:14:26.136+0000] {processor.py:830} INFO - Processing file /opt/airflow/dags/pg_dbt.py for tasks to queue
[2025-11-02T14:14:26.139+0000] {logging_mixin.py:188} INFO - [2025-11-02T14:14:26.138+0000] {dagbag.py:538} INFO - Filling up the DagBag from /opt/airflow/dags/pg_dbt.py
[2025-11-02T14:14:26.184+0000] {processor.py:840} INFO - DAG(s) 'scheduled_dbt_pg_daily' retrieved from /opt/airflow/dags/pg_dbt.py
[2025-11-02T14:14:26.247+0000] {logging_mixin.py:188} INFO - [2025-11-02T14:14:26.246+0000] {dag.py:3036} INFO - Sync 1 DAGs
[2025-11-02T14:14:26.294+0000] {logging_mixin.py:188} INFO - [2025-11-02T14:14:26.294+0000] {dag.py:3823} INFO - Setting next_dagrun for scheduled_dbt_pg_daily to None, run_after=None
[2025-11-02T14:14:26.356+0000] {processor.py:183} INFO - Processing /opt/airflow/dags/pg_dbt.py took 0.235 seconds
[2025-11-02T14:14:59.885+0000] {processor.py:161} INFO - Started process (PID=5110) to work on /opt/airflow/dags/pg_dbt.py
[2025-11-02T14:14:59.887+0000] {processor.py:830} INFO - Processing file /opt/airflow/dags/pg_dbt.py for tasks to queue
[2025-11-02T14:14:59.892+0000] {logging_mixin.py:188} INFO - [2025-11-02T14:14:59.889+0000] {dagbag.py:538} INFO - Filling up the DagBag from /opt/airflow/dags/pg_dbt.py
[2025-11-02T14:14:59.959+0000] {processor.py:840} INFO - DAG(s) 'scheduled_dbt_pg_daily' retrieved from /opt/airflow/dags/pg_dbt.py
[2025-11-02T14:15:00.023+0000] {logging_mixin.py:188} INFO - [2025-11-02T14:15:00.023+0000] {dag.py:3036} INFO - Sync 1 DAGs
[2025-11-02T14:15:00.063+0000] {logging_mixin.py:188} INFO - [2025-11-02T14:15:00.063+0000] {dag.py:3823} INFO - Setting next_dagrun for scheduled_dbt_pg_daily to None, run_after=None
[2025-11-02T14:15:00.108+0000] {processor.py:183} INFO - Processing /opt/airflow/dags/pg_dbt.py took 0.232 seconds
[2025-11-02T14:15:33.252+0000] {processor.py:161} INFO - Started process (PID=5122) to work on /opt/airflow/dags/pg_dbt.py
[2025-11-02T14:15:33.255+0000] {processor.py:830} INFO - Processing file /opt/airflow/dags/pg_dbt.py for tasks to queue
[2025-11-02T14:15:33.258+0000] {logging_mixin.py:188} INFO - [2025-11-02T14:15:33.256+0000] {dagbag.py:538} INFO - Filling up the DagBag from /opt/airflow/dags/pg_dbt.py
[2025-11-02T14:15:33.299+0000] {processor.py:840} INFO - DAG(s) 'scheduled_dbt_pg_daily' retrieved from /opt/airflow/dags/pg_dbt.py
[2025-11-02T14:15:33.357+0000] {logging_mixin.py:188} INFO - [2025-11-02T14:15:33.357+0000] {dag.py:3036} INFO - Sync 1 DAGs
[2025-11-02T14:15:33.408+0000] {logging_mixin.py:188} INFO - [2025-11-02T14:15:33.408+0000] {dag.py:3823} INFO - Setting next_dagrun for scheduled_dbt_pg_daily to None, run_after=None
[2025-11-02T14:15:33.490+0000] {processor.py:183} INFO - Processing /opt/airflow/dags/pg_dbt.py took 0.247 seconds
[2025-11-02T14:16:06.477+0000] {processor.py:161} INFO - Started process (PID=5134) to work on /opt/airflow/dags/pg_dbt.py
[2025-11-02T14:16:06.479+0000] {processor.py:830} INFO - Processing file /opt/airflow/dags/pg_dbt.py for tasks to queue
[2025-11-02T14:16:06.482+0000] {logging_mixin.py:188} INFO - [2025-11-02T14:16:06.481+0000] {dagbag.py:538} INFO - Filling up the DagBag from /opt/airflow/dags/pg_dbt.py
[2025-11-02T14:16:06.514+0000] {processor.py:840} INFO - DAG(s) 'scheduled_dbt_pg_daily' retrieved from /opt/airflow/dags/pg_dbt.py
[2025-11-02T14:16:06.566+0000] {logging_mixin.py:188} INFO - [2025-11-02T14:16:06.565+0000] {dag.py:3036} INFO - Sync 1 DAGs
[2025-11-02T14:16:06.603+0000] {logging_mixin.py:188} INFO - [2025-11-02T14:16:06.603+0000] {dag.py:3823} INFO - Setting next_dagrun for scheduled_dbt_pg_daily to None, run_after=None
[2025-11-02T14:16:06.645+0000] {processor.py:183} INFO - Processing /opt/airflow/dags/pg_dbt.py took 0.179 seconds
[2025-11-02T14:16:39.876+0000] {processor.py:161} INFO - Started process (PID=5146) to work on /opt/airflow/dags/pg_dbt.py
[2025-11-02T14:16:39.882+0000] {processor.py:830} INFO - Processing file /opt/airflow/dags/pg_dbt.py for tasks to queue
[2025-11-02T14:16:39.885+0000] {logging_mixin.py:188} INFO - [2025-11-02T14:16:39.884+0000] {dagbag.py:538} INFO - Filling up the DagBag from /opt/airflow/dags/pg_dbt.py
[2025-11-02T14:16:39.939+0000] {processor.py:840} INFO - DAG(s) 'scheduled_dbt_pg_daily' retrieved from /opt/airflow/dags/pg_dbt.py
[2025-11-02T14:16:40.051+0000] {logging_mixin.py:188} INFO - [2025-11-02T14:16:40.050+0000] {dag.py:3036} INFO - Sync 1 DAGs
[2025-11-02T14:16:40.124+0000] {logging_mixin.py:188} INFO - [2025-11-02T14:16:40.124+0000] {dag.py:3823} INFO - Setting next_dagrun for scheduled_dbt_pg_daily to None, run_after=None
[2025-11-02T14:16:40.187+0000] {processor.py:183} INFO - Processing /opt/airflow/dags/pg_dbt.py took 0.319 seconds
[2025-11-02T14:17:12.998+0000] {processor.py:161} INFO - Started process (PID=5158) to work on /opt/airflow/dags/pg_dbt.py
[2025-11-02T14:17:13.004+0000] {processor.py:830} INFO - Processing file /opt/airflow/dags/pg_dbt.py for tasks to queue
[2025-11-02T14:17:13.008+0000] {logging_mixin.py:188} INFO - [2025-11-02T14:17:13.007+0000] {dagbag.py:538} INFO - Filling up the DagBag from /opt/airflow/dags/pg_dbt.py
[2025-11-02T14:17:13.109+0000] {processor.py:840} INFO - DAG(s) 'scheduled_dbt_pg_daily' retrieved from /opt/airflow/dags/pg_dbt.py
[2025-11-02T14:17:13.241+0000] {logging_mixin.py:188} INFO - [2025-11-02T14:17:13.240+0000] {dag.py:3036} INFO - Sync 1 DAGs
[2025-11-02T14:17:13.329+0000] {logging_mixin.py:188} INFO - [2025-11-02T14:17:13.329+0000] {dag.py:3823} INFO - Setting next_dagrun for scheduled_dbt_pg_daily to None, run_after=None
[2025-11-02T14:17:13.481+0000] {processor.py:183} INFO - Processing /opt/airflow/dags/pg_dbt.py took 0.515 seconds
[2025-11-02T14:17:46.386+0000] {processor.py:161} INFO - Started process (PID=5170) to work on /opt/airflow/dags/pg_dbt.py
[2025-11-02T14:17:46.390+0000] {processor.py:830} INFO - Processing file /opt/airflow/dags/pg_dbt.py for tasks to queue
[2025-11-02T14:17:46.393+0000] {logging_mixin.py:188} INFO - [2025-11-02T14:17:46.392+0000] {dagbag.py:538} INFO - Filling up the DagBag from /opt/airflow/dags/pg_dbt.py
[2025-11-02T14:17:46.829+0000] {processor.py:840} INFO - DAG(s) 'scheduled_dbt_pg_daily' retrieved from /opt/airflow/dags/pg_dbt.py
[2025-11-02T14:17:46.875+0000] {logging_mixin.py:188} INFO - [2025-11-02T14:17:46.874+0000] {dag.py:3036} INFO - Sync 1 DAGs
[2025-11-02T14:17:46.913+0000] {logging_mixin.py:188} INFO - [2025-11-02T14:17:46.912+0000] {dag.py:3823} INFO - Setting next_dagrun for scheduled_dbt_pg_daily to None, run_after=None
[2025-11-02T14:17:47.028+0000] {processor.py:183} INFO - Processing /opt/airflow/dags/pg_dbt.py took 0.651 seconds
[2025-11-02T14:18:19.589+0000] {processor.py:161} INFO - Started process (PID=5182) to work on /opt/airflow/dags/pg_dbt.py
[2025-11-02T14:18:19.592+0000] {processor.py:830} INFO - Processing file /opt/airflow/dags/pg_dbt.py for tasks to queue
[2025-11-02T14:18:19.595+0000] {logging_mixin.py:188} INFO - [2025-11-02T14:18:19.595+0000] {dagbag.py:538} INFO - Filling up the DagBag from /opt/airflow/dags/pg_dbt.py
[2025-11-02T14:18:19.630+0000] {processor.py:840} INFO - DAG(s) 'scheduled_dbt_pg_daily' retrieved from /opt/airflow/dags/pg_dbt.py
[2025-11-02T14:18:19.750+0000] {logging_mixin.py:188} INFO - [2025-11-02T14:18:19.750+0000] {dag.py:3036} INFO - Sync 1 DAGs
[2025-11-02T14:18:19.798+0000] {logging_mixin.py:188} INFO - [2025-11-02T14:18:19.798+0000] {dag.py:3823} INFO - Setting next_dagrun for scheduled_dbt_pg_daily to None, run_after=None
[2025-11-02T14:18:19.925+0000] {processor.py:183} INFO - Processing /opt/airflow/dags/pg_dbt.py took 0.345 seconds
[2025-11-02T14:18:53.304+0000] {processor.py:161} INFO - Started process (PID=5194) to work on /opt/airflow/dags/pg_dbt.py
[2025-11-02T14:18:53.306+0000] {processor.py:830} INFO - Processing file /opt/airflow/dags/pg_dbt.py for tasks to queue
[2025-11-02T14:18:53.309+0000] {logging_mixin.py:188} INFO - [2025-11-02T14:18:53.308+0000] {dagbag.py:538} INFO - Filling up the DagBag from /opt/airflow/dags/pg_dbt.py
[2025-11-02T14:18:53.347+0000] {processor.py:840} INFO - DAG(s) 'scheduled_dbt_pg_daily' retrieved from /opt/airflow/dags/pg_dbt.py
[2025-11-02T14:18:53.408+0000] {logging_mixin.py:188} INFO - [2025-11-02T14:18:53.408+0000] {dag.py:3036} INFO - Sync 1 DAGs
[2025-11-02T14:18:53.461+0000] {logging_mixin.py:188} INFO - [2025-11-02T14:18:53.460+0000] {dag.py:3823} INFO - Setting next_dagrun for scheduled_dbt_pg_daily to None, run_after=None
[2025-11-02T14:18:53.589+0000] {processor.py:183} INFO - Processing /opt/airflow/dags/pg_dbt.py took 0.296 seconds
[2025-11-02T14:19:26.423+0000] {processor.py:161} INFO - Started process (PID=5206) to work on /opt/airflow/dags/pg_dbt.py
[2025-11-02T14:19:26.426+0000] {processor.py:830} INFO - Processing file /opt/airflow/dags/pg_dbt.py for tasks to queue
[2025-11-02T14:19:26.430+0000] {logging_mixin.py:188} INFO - [2025-11-02T14:19:26.429+0000] {dagbag.py:538} INFO - Filling up the DagBag from /opt/airflow/dags/pg_dbt.py
[2025-11-02T14:19:26.473+0000] {processor.py:840} INFO - DAG(s) 'scheduled_dbt_pg_daily' retrieved from /opt/airflow/dags/pg_dbt.py
[2025-11-02T14:19:26.524+0000] {logging_mixin.py:188} INFO - [2025-11-02T14:19:26.524+0000] {dag.py:3036} INFO - Sync 1 DAGs
[2025-11-02T14:19:26.574+0000] {logging_mixin.py:188} INFO - [2025-11-02T14:19:26.574+0000] {dag.py:3823} INFO - Setting next_dagrun for scheduled_dbt_pg_daily to None, run_after=None
[2025-11-02T14:19:26.848+0000] {processor.py:183} INFO - Processing /opt/airflow/dags/pg_dbt.py took 0.444 seconds
[2025-11-02T14:19:59.750+0000] {processor.py:161} INFO - Started process (PID=5217) to work on /opt/airflow/dags/pg_dbt.py
[2025-11-02T14:19:59.753+0000] {processor.py:830} INFO - Processing file /opt/airflow/dags/pg_dbt.py for tasks to queue
[2025-11-02T14:19:59.755+0000] {logging_mixin.py:188} INFO - [2025-11-02T14:19:59.754+0000] {dagbag.py:538} INFO - Filling up the DagBag from /opt/airflow/dags/pg_dbt.py
[2025-11-02T14:19:59.791+0000] {processor.py:840} INFO - DAG(s) 'scheduled_dbt_pg_daily' retrieved from /opt/airflow/dags/pg_dbt.py
[2025-11-02T14:19:59.854+0000] {logging_mixin.py:188} INFO - [2025-11-02T14:19:59.854+0000] {dag.py:3036} INFO - Sync 1 DAGs
[2025-11-02T14:19:59.908+0000] {logging_mixin.py:188} INFO - [2025-11-02T14:19:59.908+0000] {dag.py:3823} INFO - Setting next_dagrun for scheduled_dbt_pg_daily to None, run_after=None
[2025-11-02T14:20:00.184+0000] {processor.py:183} INFO - Processing /opt/airflow/dags/pg_dbt.py took 0.446 seconds
[2025-11-02T14:20:33.070+0000] {processor.py:161} INFO - Started process (PID=5228) to work on /opt/airflow/dags/pg_dbt.py
[2025-11-02T14:20:33.073+0000] {processor.py:830} INFO - Processing file /opt/airflow/dags/pg_dbt.py for tasks to queue
[2025-11-02T14:20:33.075+0000] {logging_mixin.py:188} INFO - [2025-11-02T14:20:33.074+0000] {dagbag.py:538} INFO - Filling up the DagBag from /opt/airflow/dags/pg_dbt.py
[2025-11-02T14:20:33.111+0000] {processor.py:840} INFO - DAG(s) 'scheduled_dbt_pg_daily' retrieved from /opt/airflow/dags/pg_dbt.py
[2025-11-02T14:20:33.155+0000] {logging_mixin.py:188} INFO - [2025-11-02T14:20:33.155+0000] {dag.py:3036} INFO - Sync 1 DAGs
[2025-11-02T14:20:33.187+0000] {logging_mixin.py:188} INFO - [2025-11-02T14:20:33.187+0000] {dag.py:3823} INFO - Setting next_dagrun for scheduled_dbt_pg_daily to None, run_after=None
[2025-11-02T14:20:33.316+0000] {processor.py:183} INFO - Processing /opt/airflow/dags/pg_dbt.py took 0.254 seconds
[2025-11-02T14:21:06.581+0000] {processor.py:161} INFO - Started process (PID=5239) to work on /opt/airflow/dags/pg_dbt.py
[2025-11-02T14:21:06.584+0000] {processor.py:830} INFO - Processing file /opt/airflow/dags/pg_dbt.py for tasks to queue
[2025-11-02T14:21:06.586+0000] {logging_mixin.py:188} INFO - [2025-11-02T14:21:06.586+0000] {dagbag.py:538} INFO - Filling up the DagBag from /opt/airflow/dags/pg_dbt.py
[2025-11-02T14:21:06.691+0000] {processor.py:840} INFO - DAG(s) 'scheduled_dbt_pg_daily' retrieved from /opt/airflow/dags/pg_dbt.py
[2025-11-02T14:21:06.913+0000] {logging_mixin.py:188} INFO - [2025-11-02T14:21:06.913+0000] {dag.py:3036} INFO - Sync 1 DAGs
[2025-11-02T14:21:07.053+0000] {logging_mixin.py:188} INFO - [2025-11-02T14:21:07.053+0000] {dag.py:3823} INFO - Setting next_dagrun for scheduled_dbt_pg_daily to None, run_after=None
[2025-11-02T14:21:07.136+0000] {processor.py:183} INFO - Processing /opt/airflow/dags/pg_dbt.py took 0.562 seconds
[2025-11-02T14:21:39.653+0000] {processor.py:161} INFO - Started process (PID=5250) to work on /opt/airflow/dags/pg_dbt.py
[2025-11-02T14:21:39.655+0000] {processor.py:830} INFO - Processing file /opt/airflow/dags/pg_dbt.py for tasks to queue
[2025-11-02T14:21:39.659+0000] {logging_mixin.py:188} INFO - [2025-11-02T14:21:39.658+0000] {dagbag.py:538} INFO - Filling up the DagBag from /opt/airflow/dags/pg_dbt.py
[2025-11-02T14:21:39.692+0000] {processor.py:840} INFO - DAG(s) 'scheduled_dbt_pg_daily' retrieved from /opt/airflow/dags/pg_dbt.py
[2025-11-02T14:21:39.748+0000] {logging_mixin.py:188} INFO - [2025-11-02T14:21:39.747+0000] {dag.py:3036} INFO - Sync 1 DAGs
[2025-11-02T14:21:39.791+0000] {logging_mixin.py:188} INFO - [2025-11-02T14:21:39.791+0000] {dag.py:3823} INFO - Setting next_dagrun for scheduled_dbt_pg_daily to None, run_after=None
[2025-11-02T14:21:39.849+0000] {processor.py:183} INFO - Processing /opt/airflow/dags/pg_dbt.py took 0.204 seconds
[2025-11-02T14:22:13.756+0000] {processor.py:161} INFO - Started process (PID=5261) to work on /opt/airflow/dags/pg_dbt.py
[2025-11-02T14:22:13.758+0000] {processor.py:830} INFO - Processing file /opt/airflow/dags/pg_dbt.py for tasks to queue
[2025-11-02T14:22:13.760+0000] {logging_mixin.py:188} INFO - [2025-11-02T14:22:13.759+0000] {dagbag.py:538} INFO - Filling up the DagBag from /opt/airflow/dags/pg_dbt.py
[2025-11-02T14:22:13.809+0000] {processor.py:840} INFO - DAG(s) 'scheduled_dbt_pg_daily' retrieved from /opt/airflow/dags/pg_dbt.py
[2025-11-02T14:22:13.860+0000] {logging_mixin.py:188} INFO - [2025-11-02T14:22:13.859+0000] {dag.py:3036} INFO - Sync 1 DAGs
[2025-11-02T14:22:13.908+0000] {logging_mixin.py:188} INFO - [2025-11-02T14:22:13.907+0000] {dag.py:3823} INFO - Setting next_dagrun for scheduled_dbt_pg_daily to None, run_after=None
[2025-11-02T14:22:13.957+0000] {processor.py:183} INFO - Processing /opt/airflow/dags/pg_dbt.py took 0.208 seconds
[2025-11-02T14:22:46.320+0000] {processor.py:161} INFO - Started process (PID=5272) to work on /opt/airflow/dags/pg_dbt.py
[2025-11-02T14:22:46.323+0000] {processor.py:830} INFO - Processing file /opt/airflow/dags/pg_dbt.py for tasks to queue
[2025-11-02T14:22:46.329+0000] {logging_mixin.py:188} INFO - [2025-11-02T14:22:46.328+0000] {dagbag.py:538} INFO - Filling up the DagBag from /opt/airflow/dags/pg_dbt.py
[2025-11-02T14:22:46.379+0000] {processor.py:840} INFO - DAG(s) 'scheduled_dbt_pg_daily' retrieved from /opt/airflow/dags/pg_dbt.py
[2025-11-02T14:22:46.540+0000] {logging_mixin.py:188} INFO - [2025-11-02T14:22:46.539+0000] {dag.py:3036} INFO - Sync 1 DAGs
[2025-11-02T14:22:46.714+0000] {logging_mixin.py:188} INFO - [2025-11-02T14:22:46.713+0000] {dag.py:3823} INFO - Setting next_dagrun for scheduled_dbt_pg_daily to None, run_after=None
[2025-11-02T14:22:46.881+0000] {processor.py:183} INFO - Processing /opt/airflow/dags/pg_dbt.py took 0.571 seconds
[2025-11-02T14:23:19.607+0000] {processor.py:161} INFO - Started process (PID=5283) to work on /opt/airflow/dags/pg_dbt.py
[2025-11-02T14:23:19.610+0000] {processor.py:830} INFO - Processing file /opt/airflow/dags/pg_dbt.py for tasks to queue
[2025-11-02T14:23:19.612+0000] {logging_mixin.py:188} INFO - [2025-11-02T14:23:19.611+0000] {dagbag.py:538} INFO - Filling up the DagBag from /opt/airflow/dags/pg_dbt.py
[2025-11-02T14:23:19.650+0000] {processor.py:840} INFO - DAG(s) 'scheduled_dbt_pg_daily' retrieved from /opt/airflow/dags/pg_dbt.py
[2025-11-02T14:23:19.707+0000] {logging_mixin.py:188} INFO - [2025-11-02T14:23:19.706+0000] {dag.py:3036} INFO - Sync 1 DAGs
[2025-11-02T14:23:19.758+0000] {logging_mixin.py:188} INFO - [2025-11-02T14:23:19.758+0000] {dag.py:3823} INFO - Setting next_dagrun for scheduled_dbt_pg_daily to None, run_after=None
[2025-11-02T14:23:19.813+0000] {processor.py:183} INFO - Processing /opt/airflow/dags/pg_dbt.py took 0.213 seconds
[2025-11-02T14:23:54.120+0000] {processor.py:161} INFO - Started process (PID=5296) to work on /opt/airflow/dags/pg_dbt.py
[2025-11-02T14:23:54.124+0000] {processor.py:830} INFO - Processing file /opt/airflow/dags/pg_dbt.py for tasks to queue
[2025-11-02T14:23:54.127+0000] {logging_mixin.py:188} INFO - [2025-11-02T14:23:54.127+0000] {dagbag.py:538} INFO - Filling up the DagBag from /opt/airflow/dags/pg_dbt.py
[2025-11-02T14:23:54.203+0000] {processor.py:840} INFO - DAG(s) 'scheduled_dbt_pg_daily' retrieved from /opt/airflow/dags/pg_dbt.py
[2025-11-02T14:23:54.365+0000] {logging_mixin.py:188} INFO - [2025-11-02T14:23:54.364+0000] {dag.py:3036} INFO - Sync 1 DAGs
[2025-11-02T14:23:54.453+0000] {logging_mixin.py:188} INFO - [2025-11-02T14:23:54.452+0000] {dag.py:3823} INFO - Setting next_dagrun for scheduled_dbt_pg_daily to None, run_after=None
[2025-11-02T14:23:54.630+0000] {processor.py:183} INFO - Processing /opt/airflow/dags/pg_dbt.py took 0.519 seconds
[2025-11-02T14:24:26.628+0000] {processor.py:161} INFO - Started process (PID=5307) to work on /opt/airflow/dags/pg_dbt.py
[2025-11-02T14:24:26.640+0000] {processor.py:830} INFO - Processing file /opt/airflow/dags/pg_dbt.py for tasks to queue
[2025-11-02T14:24:26.657+0000] {logging_mixin.py:188} INFO - [2025-11-02T14:24:26.655+0000] {dagbag.py:538} INFO - Filling up the DagBag from /opt/airflow/dags/pg_dbt.py
[2025-11-02T14:24:26.785+0000] {processor.py:840} INFO - DAG(s) 'scheduled_dbt_pg_daily' retrieved from /opt/airflow/dags/pg_dbt.py
[2025-11-02T14:24:27.076+0000] {logging_mixin.py:188} INFO - [2025-11-02T14:24:27.075+0000] {dag.py:3036} INFO - Sync 1 DAGs
[2025-11-02T14:24:27.354+0000] {logging_mixin.py:188} INFO - [2025-11-02T14:24:27.353+0000] {dag.py:3823} INFO - Setting next_dagrun for scheduled_dbt_pg_daily to None, run_after=None
[2025-11-02T14:24:27.619+0000] {processor.py:183} INFO - Processing /opt/airflow/dags/pg_dbt.py took 1.020 seconds
[2025-11-02T14:24:59.948+0000] {processor.py:161} INFO - Started process (PID=5320) to work on /opt/airflow/dags/pg_dbt.py
[2025-11-02T14:24:59.951+0000] {processor.py:830} INFO - Processing file /opt/airflow/dags/pg_dbt.py for tasks to queue
[2025-11-02T14:24:59.954+0000] {logging_mixin.py:188} INFO - [2025-11-02T14:24:59.953+0000] {dagbag.py:538} INFO - Filling up the DagBag from /opt/airflow/dags/pg_dbt.py
[2025-11-02T14:25:00.031+0000] {processor.py:840} INFO - DAG(s) 'scheduled_dbt_pg_daily' retrieved from /opt/airflow/dags/pg_dbt.py
[2025-11-02T14:25:00.152+0000] {logging_mixin.py:188} INFO - [2025-11-02T14:25:00.143+0000] {dag.py:3036} INFO - Sync 1 DAGs
[2025-11-02T14:25:00.336+0000] {logging_mixin.py:188} INFO - [2025-11-02T14:25:00.335+0000] {dag.py:3823} INFO - Setting next_dagrun for scheduled_dbt_pg_daily to None, run_after=None
[2025-11-02T14:25:00.601+0000] {processor.py:183} INFO - Processing /opt/airflow/dags/pg_dbt.py took 0.673 seconds
[2025-11-02T14:25:33.514+0000] {processor.py:161} INFO - Started process (PID=5332) to work on /opt/airflow/dags/pg_dbt.py
[2025-11-02T14:25:33.526+0000] {processor.py:830} INFO - Processing file /opt/airflow/dags/pg_dbt.py for tasks to queue
[2025-11-02T14:25:33.529+0000] {logging_mixin.py:188} INFO - [2025-11-02T14:25:33.528+0000] {dagbag.py:538} INFO - Filling up the DagBag from /opt/airflow/dags/pg_dbt.py
[2025-11-02T14:25:33.610+0000] {processor.py:840} INFO - DAG(s) 'scheduled_dbt_pg_daily' retrieved from /opt/airflow/dags/pg_dbt.py
[2025-11-02T14:25:33.746+0000] {logging_mixin.py:188} INFO - [2025-11-02T14:25:33.746+0000] {dag.py:3036} INFO - Sync 1 DAGs
[2025-11-02T14:25:33.824+0000] {logging_mixin.py:188} INFO - [2025-11-02T14:25:33.823+0000] {dag.py:3823} INFO - Setting next_dagrun for scheduled_dbt_pg_daily to None, run_after=None
[2025-11-02T14:25:34.037+0000] {processor.py:183} INFO - Processing /opt/airflow/dags/pg_dbt.py took 0.540 seconds
[2025-11-02T14:26:06.930+0000] {processor.py:161} INFO - Started process (PID=5344) to work on /opt/airflow/dags/pg_dbt.py
[2025-11-02T14:26:06.932+0000] {processor.py:830} INFO - Processing file /opt/airflow/dags/pg_dbt.py for tasks to queue
[2025-11-02T14:26:06.935+0000] {logging_mixin.py:188} INFO - [2025-11-02T14:26:06.934+0000] {dagbag.py:538} INFO - Filling up the DagBag from /opt/airflow/dags/pg_dbt.py
[2025-11-02T14:26:07.275+0000] {processor.py:840} INFO - DAG(s) 'scheduled_dbt_pg_daily' retrieved from /opt/airflow/dags/pg_dbt.py
[2025-11-02T14:26:07.380+0000] {logging_mixin.py:188} INFO - [2025-11-02T14:26:07.380+0000] {dag.py:3036} INFO - Sync 1 DAGs
[2025-11-02T14:26:07.483+0000] {logging_mixin.py:188} INFO - [2025-11-02T14:26:07.483+0000] {dag.py:3823} INFO - Setting next_dagrun for scheduled_dbt_pg_daily to None, run_after=None
[2025-11-02T14:26:07.632+0000] {processor.py:183} INFO - Processing /opt/airflow/dags/pg_dbt.py took 0.714 seconds
[2025-11-02T14:26:40.950+0000] {processor.py:161} INFO - Started process (PID=5356) to work on /opt/airflow/dags/pg_dbt.py
[2025-11-02T14:26:40.958+0000] {processor.py:830} INFO - Processing file /opt/airflow/dags/pg_dbt.py for tasks to queue
[2025-11-02T14:26:40.982+0000] {logging_mixin.py:188} INFO - [2025-11-02T14:26:40.981+0000] {dagbag.py:538} INFO - Filling up the DagBag from /opt/airflow/dags/pg_dbt.py
[2025-11-02T14:26:41.467+0000] {processor.py:840} INFO - DAG(s) 'scheduled_dbt_pg_daily' retrieved from /opt/airflow/dags/pg_dbt.py
[2025-11-02T14:26:41.846+0000] {logging_mixin.py:188} INFO - [2025-11-02T14:26:41.845+0000] {dag.py:3036} INFO - Sync 1 DAGs
[2025-11-02T14:26:42.171+0000] {logging_mixin.py:188} INFO - [2025-11-02T14:26:42.170+0000] {dag.py:3823} INFO - Setting next_dagrun for scheduled_dbt_pg_daily to None, run_after=None
[2025-11-02T14:26:42.742+0000] {processor.py:183} INFO - Processing /opt/airflow/dags/pg_dbt.py took 1.833 seconds
[2025-11-02T14:27:14.005+0000] {processor.py:161} INFO - Started process (PID=5368) to work on /opt/airflow/dags/pg_dbt.py
[2025-11-02T14:27:14.012+0000] {processor.py:830} INFO - Processing file /opt/airflow/dags/pg_dbt.py for tasks to queue
[2025-11-02T14:27:14.016+0000] {logging_mixin.py:188} INFO - [2025-11-02T14:27:14.015+0000] {dagbag.py:538} INFO - Filling up the DagBag from /opt/airflow/dags/pg_dbt.py
[2025-11-02T14:27:14.224+0000] {processor.py:840} INFO - DAG(s) 'scheduled_dbt_pg_daily' retrieved from /opt/airflow/dags/pg_dbt.py
[2025-11-02T14:27:14.445+0000] {logging_mixin.py:188} INFO - [2025-11-02T14:27:14.445+0000] {dag.py:3036} INFO - Sync 1 DAGs
[2025-11-02T14:27:14.604+0000] {logging_mixin.py:188} INFO - [2025-11-02T14:27:14.603+0000] {dag.py:3823} INFO - Setting next_dagrun for scheduled_dbt_pg_daily to None, run_after=None
[2025-11-02T14:27:14.825+0000] {processor.py:183} INFO - Processing /opt/airflow/dags/pg_dbt.py took 0.837 seconds
[2025-11-02T14:27:46.956+0000] {processor.py:161} INFO - Started process (PID=5380) to work on /opt/airflow/dags/pg_dbt.py
[2025-11-02T14:27:46.958+0000] {processor.py:830} INFO - Processing file /opt/airflow/dags/pg_dbt.py for tasks to queue
[2025-11-02T14:27:46.970+0000] {logging_mixin.py:188} INFO - [2025-11-02T14:27:46.969+0000] {dagbag.py:538} INFO - Filling up the DagBag from /opt/airflow/dags/pg_dbt.py
[2025-11-02T14:27:47.034+0000] {processor.py:840} INFO - DAG(s) 'scheduled_dbt_pg_daily' retrieved from /opt/airflow/dags/pg_dbt.py
[2025-11-02T14:27:47.162+0000] {logging_mixin.py:188} INFO - [2025-11-02T14:27:47.161+0000] {dag.py:3036} INFO - Sync 1 DAGs
[2025-11-02T14:27:47.288+0000] {logging_mixin.py:188} INFO - [2025-11-02T14:27:47.279+0000] {dag.py:3823} INFO - Setting next_dagrun for scheduled_dbt_pg_daily to None, run_after=None
[2025-11-02T14:27:47.445+0000] {processor.py:183} INFO - Processing /opt/airflow/dags/pg_dbt.py took 0.509 seconds
[2025-11-02T14:28:20.970+0000] {processor.py:161} INFO - Started process (PID=5392) to work on /opt/airflow/dags/pg_dbt.py
[2025-11-02T14:28:20.973+0000] {processor.py:830} INFO - Processing file /opt/airflow/dags/pg_dbt.py for tasks to queue
[2025-11-02T14:28:20.976+0000] {logging_mixin.py:188} INFO - [2025-11-02T14:28:20.975+0000] {dagbag.py:538} INFO - Filling up the DagBag from /opt/airflow/dags/pg_dbt.py
[2025-11-02T14:28:21.009+0000] {processor.py:840} INFO - DAG(s) 'scheduled_dbt_pg_daily' retrieved from /opt/airflow/dags/pg_dbt.py
[2025-11-02T14:28:21.072+0000] {logging_mixin.py:188} INFO - [2025-11-02T14:28:21.072+0000] {dag.py:3036} INFO - Sync 1 DAGs
[2025-11-02T14:28:21.122+0000] {logging_mixin.py:188} INFO - [2025-11-02T14:28:21.121+0000] {dag.py:3823} INFO - Setting next_dagrun for scheduled_dbt_pg_daily to None, run_after=None
[2025-11-02T14:28:21.188+0000] {processor.py:183} INFO - Processing /opt/airflow/dags/pg_dbt.py took 0.225 seconds
[2025-11-02T14:28:53.464+0000] {processor.py:161} INFO - Started process (PID=5404) to work on /opt/airflow/dags/pg_dbt.py
[2025-11-02T14:28:53.468+0000] {processor.py:830} INFO - Processing file /opt/airflow/dags/pg_dbt.py for tasks to queue
[2025-11-02T14:28:53.470+0000] {logging_mixin.py:188} INFO - [2025-11-02T14:28:53.469+0000] {dagbag.py:538} INFO - Filling up the DagBag from /opt/airflow/dags/pg_dbt.py
[2025-11-02T14:28:53.503+0000] {processor.py:840} INFO - DAG(s) 'scheduled_dbt_pg_daily' retrieved from /opt/airflow/dags/pg_dbt.py
[2025-11-02T14:28:53.563+0000] {logging_mixin.py:188} INFO - [2025-11-02T14:28:53.563+0000] {dag.py:3036} INFO - Sync 1 DAGs
[2025-11-02T14:28:53.641+0000] {logging_mixin.py:188} INFO - [2025-11-02T14:28:53.641+0000] {dag.py:3823} INFO - Setting next_dagrun for scheduled_dbt_pg_daily to None, run_after=None
[2025-11-02T14:28:54.027+0000] {processor.py:183} INFO - Processing /opt/airflow/dags/pg_dbt.py took 0.571 seconds
[2025-11-02T14:29:26.852+0000] {processor.py:161} INFO - Started process (PID=5416) to work on /opt/airflow/dags/pg_dbt.py
[2025-11-02T14:29:26.855+0000] {processor.py:830} INFO - Processing file /opt/airflow/dags/pg_dbt.py for tasks to queue
[2025-11-02T14:29:26.858+0000] {logging_mixin.py:188} INFO - [2025-11-02T14:29:26.857+0000] {dagbag.py:538} INFO - Filling up the DagBag from /opt/airflow/dags/pg_dbt.py
[2025-11-02T14:29:26.905+0000] {processor.py:840} INFO - DAG(s) 'scheduled_dbt_pg_daily' retrieved from /opt/airflow/dags/pg_dbt.py
[2025-11-02T14:29:26.968+0000] {logging_mixin.py:188} INFO - [2025-11-02T14:29:26.967+0000] {dag.py:3036} INFO - Sync 1 DAGs
[2025-11-02T14:29:27.030+0000] {logging_mixin.py:188} INFO - [2025-11-02T14:29:27.030+0000] {dag.py:3823} INFO - Setting next_dagrun for scheduled_dbt_pg_daily to None, run_after=None
[2025-11-02T14:29:27.092+0000] {processor.py:183} INFO - Processing /opt/airflow/dags/pg_dbt.py took 0.248 seconds
[2025-11-02T14:30:00.191+0000] {processor.py:161} INFO - Started process (PID=5428) to work on /opt/airflow/dags/pg_dbt.py
[2025-11-02T14:30:00.193+0000] {processor.py:830} INFO - Processing file /opt/airflow/dags/pg_dbt.py for tasks to queue
[2025-11-02T14:30:00.196+0000] {logging_mixin.py:188} INFO - [2025-11-02T14:30:00.195+0000] {dagbag.py:538} INFO - Filling up the DagBag from /opt/airflow/dags/pg_dbt.py
[2025-11-02T14:30:00.244+0000] {processor.py:840} INFO - DAG(s) 'scheduled_dbt_pg_daily' retrieved from /opt/airflow/dags/pg_dbt.py
[2025-11-02T14:30:00.307+0000] {logging_mixin.py:188} INFO - [2025-11-02T14:30:00.306+0000] {dag.py:3036} INFO - Sync 1 DAGs
[2025-11-02T14:30:00.355+0000] {logging_mixin.py:188} INFO - [2025-11-02T14:30:00.355+0000] {dag.py:3823} INFO - Setting next_dagrun for scheduled_dbt_pg_daily to None, run_after=None
[2025-11-02T14:30:00.411+0000] {processor.py:183} INFO - Processing /opt/airflow/dags/pg_dbt.py took 0.229 seconds
[2025-11-02T14:30:30.631+0000] {processor.py:161} INFO - Started process (PID=5440) to work on /opt/airflow/dags/pg_dbt.py
[2025-11-02T14:30:30.635+0000] {processor.py:830} INFO - Processing file /opt/airflow/dags/pg_dbt.py for tasks to queue
[2025-11-02T14:30:30.637+0000] {logging_mixin.py:188} INFO - [2025-11-02T14:30:30.637+0000] {dagbag.py:538} INFO - Filling up the DagBag from /opt/airflow/dags/pg_dbt.py
[2025-11-02T14:30:30.680+0000] {processor.py:840} INFO - DAG(s) 'scheduled_dbt_pg_daily' retrieved from /opt/airflow/dags/pg_dbt.py
[2025-11-02T14:30:30.735+0000] {logging_mixin.py:188} INFO - [2025-11-02T14:30:30.735+0000] {dag.py:3036} INFO - Sync 1 DAGs
[2025-11-02T14:30:30.776+0000] {logging_mixin.py:188} INFO - [2025-11-02T14:30:30.775+0000] {dag.py:3823} INFO - Setting next_dagrun for scheduled_dbt_pg_daily to None, run_after=None
[2025-11-02T14:30:30.820+0000] {processor.py:183} INFO - Processing /opt/airflow/dags/pg_dbt.py took 0.199 seconds
[2025-11-02T14:31:01.002+0000] {processor.py:161} INFO - Started process (PID=5452) to work on /opt/airflow/dags/pg_dbt.py
[2025-11-02T14:31:01.004+0000] {processor.py:830} INFO - Processing file /opt/airflow/dags/pg_dbt.py for tasks to queue
[2025-11-02T14:31:01.007+0000] {logging_mixin.py:188} INFO - [2025-11-02T14:31:01.006+0000] {dagbag.py:538} INFO - Filling up the DagBag from /opt/airflow/dags/pg_dbt.py
[2025-11-02T14:31:01.038+0000] {processor.py:840} INFO - DAG(s) 'scheduled_dbt_pg_daily' retrieved from /opt/airflow/dags/pg_dbt.py
[2025-11-02T14:31:01.098+0000] {logging_mixin.py:188} INFO - [2025-11-02T14:31:01.098+0000] {dag.py:3036} INFO - Sync 1 DAGs
[2025-11-02T14:31:01.138+0000] {logging_mixin.py:188} INFO - [2025-11-02T14:31:01.138+0000] {dag.py:3823} INFO - Setting next_dagrun for scheduled_dbt_pg_daily to None, run_after=None
[2025-11-02T14:31:01.199+0000] {processor.py:183} INFO - Processing /opt/airflow/dags/pg_dbt.py took 0.205 seconds
[2025-11-02T14:31:31.521+0000] {processor.py:161} INFO - Started process (PID=5464) to work on /opt/airflow/dags/pg_dbt.py
[2025-11-02T14:31:31.523+0000] {processor.py:830} INFO - Processing file /opt/airflow/dags/pg_dbt.py for tasks to queue
[2025-11-02T14:31:31.525+0000] {logging_mixin.py:188} INFO - [2025-11-02T14:31:31.524+0000] {dagbag.py:538} INFO - Filling up the DagBag from /opt/airflow/dags/pg_dbt.py
[2025-11-02T14:31:31.561+0000] {processor.py:840} INFO - DAG(s) 'scheduled_dbt_pg_daily' retrieved from /opt/airflow/dags/pg_dbt.py
[2025-11-02T14:31:31.609+0000] {logging_mixin.py:188} INFO - [2025-11-02T14:31:31.609+0000] {dag.py:3036} INFO - Sync 1 DAGs
[2025-11-02T14:31:31.645+0000] {logging_mixin.py:188} INFO - [2025-11-02T14:31:31.644+0000] {dag.py:3823} INFO - Setting next_dagrun for scheduled_dbt_pg_daily to None, run_after=None
[2025-11-02T14:31:31.701+0000] {processor.py:183} INFO - Processing /opt/airflow/dags/pg_dbt.py took 0.188 seconds
[2025-11-02T14:32:01.991+0000] {processor.py:161} INFO - Started process (PID=5476) to work on /opt/airflow/dags/pg_dbt.py
[2025-11-02T14:32:01.994+0000] {processor.py:830} INFO - Processing file /opt/airflow/dags/pg_dbt.py for tasks to queue
[2025-11-02T14:32:01.996+0000] {logging_mixin.py:188} INFO - [2025-11-02T14:32:01.995+0000] {dagbag.py:538} INFO - Filling up the DagBag from /opt/airflow/dags/pg_dbt.py
[2025-11-02T14:32:02.033+0000] {processor.py:840} INFO - DAG(s) 'scheduled_dbt_pg_daily' retrieved from /opt/airflow/dags/pg_dbt.py
[2025-11-02T14:32:02.079+0000] {logging_mixin.py:188} INFO - [2025-11-02T14:32:02.079+0000] {dag.py:3036} INFO - Sync 1 DAGs
[2025-11-02T14:32:02.114+0000] {logging_mixin.py:188} INFO - [2025-11-02T14:32:02.114+0000] {dag.py:3823} INFO - Setting next_dagrun for scheduled_dbt_pg_daily to None, run_after=None
[2025-11-02T14:32:02.159+0000] {processor.py:183} INFO - Processing /opt/airflow/dags/pg_dbt.py took 0.176 seconds
[2025-11-02T14:32:32.315+0000] {processor.py:161} INFO - Started process (PID=5487) to work on /opt/airflow/dags/pg_dbt.py
[2025-11-02T14:32:32.317+0000] {processor.py:830} INFO - Processing file /opt/airflow/dags/pg_dbt.py for tasks to queue
[2025-11-02T14:32:32.320+0000] {logging_mixin.py:188} INFO - [2025-11-02T14:32:32.319+0000] {dagbag.py:538} INFO - Filling up the DagBag from /opt/airflow/dags/pg_dbt.py
[2025-11-02T14:32:32.363+0000] {processor.py:840} INFO - DAG(s) 'scheduled_dbt_pg_daily' retrieved from /opt/airflow/dags/pg_dbt.py
[2025-11-02T14:32:32.417+0000] {logging_mixin.py:188} INFO - [2025-11-02T14:32:32.417+0000] {dag.py:3036} INFO - Sync 1 DAGs
[2025-11-02T14:32:32.459+0000] {logging_mixin.py:188} INFO - [2025-11-02T14:32:32.458+0000] {dag.py:3823} INFO - Setting next_dagrun for scheduled_dbt_pg_daily to None, run_after=None
[2025-11-02T14:32:32.512+0000] {processor.py:183} INFO - Processing /opt/airflow/dags/pg_dbt.py took 0.207 seconds
[2025-11-02T14:33:02.715+0000] {processor.py:161} INFO - Started process (PID=5499) to work on /opt/airflow/dags/pg_dbt.py
[2025-11-02T14:33:02.718+0000] {processor.py:830} INFO - Processing file /opt/airflow/dags/pg_dbt.py for tasks to queue
[2025-11-02T14:33:02.721+0000] {logging_mixin.py:188} INFO - [2025-11-02T14:33:02.720+0000] {dagbag.py:538} INFO - Filling up the DagBag from /opt/airflow/dags/pg_dbt.py
[2025-11-02T14:33:02.758+0000] {processor.py:840} INFO - DAG(s) 'scheduled_dbt_pg_daily' retrieved from /opt/airflow/dags/pg_dbt.py
[2025-11-02T14:33:02.807+0000] {logging_mixin.py:188} INFO - [2025-11-02T14:33:02.807+0000] {dag.py:3036} INFO - Sync 1 DAGs
[2025-11-02T14:33:02.843+0000] {logging_mixin.py:188} INFO - [2025-11-02T14:33:02.843+0000] {dag.py:3823} INFO - Setting next_dagrun for scheduled_dbt_pg_daily to None, run_after=None
[2025-11-02T14:33:02.885+0000] {processor.py:183} INFO - Processing /opt/airflow/dags/pg_dbt.py took 0.179 seconds
[2025-11-02T14:33:33.049+0000] {processor.py:161} INFO - Started process (PID=5511) to work on /opt/airflow/dags/pg_dbt.py
[2025-11-02T14:33:33.051+0000] {processor.py:830} INFO - Processing file /opt/airflow/dags/pg_dbt.py for tasks to queue
[2025-11-02T14:33:33.053+0000] {logging_mixin.py:188} INFO - [2025-11-02T14:33:33.052+0000] {dagbag.py:538} INFO - Filling up the DagBag from /opt/airflow/dags/pg_dbt.py
[2025-11-02T14:33:33.082+0000] {processor.py:840} INFO - DAG(s) 'scheduled_dbt_pg_daily' retrieved from /opt/airflow/dags/pg_dbt.py
[2025-11-02T14:33:33.134+0000] {logging_mixin.py:188} INFO - [2025-11-02T14:33:33.133+0000] {dag.py:3036} INFO - Sync 1 DAGs
[2025-11-02T14:33:33.172+0000] {logging_mixin.py:188} INFO - [2025-11-02T14:33:33.172+0000] {dag.py:3823} INFO - Setting next_dagrun for scheduled_dbt_pg_daily to None, run_after=None
[2025-11-02T14:33:33.213+0000] {processor.py:183} INFO - Processing /opt/airflow/dags/pg_dbt.py took 0.172 seconds
[2025-11-02T14:34:03.416+0000] {processor.py:161} INFO - Started process (PID=5523) to work on /opt/airflow/dags/pg_dbt.py
[2025-11-02T14:34:03.418+0000] {processor.py:830} INFO - Processing file /opt/airflow/dags/pg_dbt.py for tasks to queue
[2025-11-02T14:34:03.421+0000] {logging_mixin.py:188} INFO - [2025-11-02T14:34:03.420+0000] {dagbag.py:538} INFO - Filling up the DagBag from /opt/airflow/dags/pg_dbt.py
[2025-11-02T14:34:03.453+0000] {processor.py:840} INFO - DAG(s) 'scheduled_dbt_pg_daily' retrieved from /opt/airflow/dags/pg_dbt.py
[2025-11-02T14:34:03.508+0000] {logging_mixin.py:188} INFO - [2025-11-02T14:34:03.507+0000] {dag.py:3036} INFO - Sync 1 DAGs
[2025-11-02T14:34:03.553+0000] {logging_mixin.py:188} INFO - [2025-11-02T14:34:03.552+0000] {dag.py:3823} INFO - Setting next_dagrun for scheduled_dbt_pg_daily to None, run_after=None
[2025-11-02T14:34:03.602+0000] {processor.py:183} INFO - Processing /opt/airflow/dags/pg_dbt.py took 0.192 seconds
[2025-11-02T14:34:33.781+0000] {processor.py:161} INFO - Started process (PID=5529) to work on /opt/airflow/dags/pg_dbt.py
[2025-11-02T14:34:33.784+0000] {processor.py:830} INFO - Processing file /opt/airflow/dags/pg_dbt.py for tasks to queue
[2025-11-02T14:34:33.786+0000] {logging_mixin.py:188} INFO - [2025-11-02T14:34:33.786+0000] {dagbag.py:538} INFO - Filling up the DagBag from /opt/airflow/dags/pg_dbt.py
[2025-11-02T14:34:33.822+0000] {processor.py:840} INFO - DAG(s) 'scheduled_dbt_pg_daily' retrieved from /opt/airflow/dags/pg_dbt.py
[2025-11-02T14:34:33.895+0000] {logging_mixin.py:188} INFO - [2025-11-02T14:34:33.895+0000] {dag.py:3036} INFO - Sync 1 DAGs
[2025-11-02T14:34:33.946+0000] {logging_mixin.py:188} INFO - [2025-11-02T14:34:33.945+0000] {dag.py:3823} INFO - Setting next_dagrun for scheduled_dbt_pg_daily to None, run_after=None
[2025-11-02T14:34:33.988+0000] {processor.py:183} INFO - Processing /opt/airflow/dags/pg_dbt.py took 0.217 seconds
[2025-11-02T14:35:04.231+0000] {processor.py:161} INFO - Started process (PID=5541) to work on /opt/airflow/dags/pg_dbt.py
[2025-11-02T14:35:04.233+0000] {processor.py:830} INFO - Processing file /opt/airflow/dags/pg_dbt.py for tasks to queue
[2025-11-02T14:35:04.236+0000] {logging_mixin.py:188} INFO - [2025-11-02T14:35:04.235+0000] {dagbag.py:538} INFO - Filling up the DagBag from /opt/airflow/dags/pg_dbt.py
[2025-11-02T14:35:04.277+0000] {processor.py:840} INFO - DAG(s) 'scheduled_dbt_pg_daily' retrieved from /opt/airflow/dags/pg_dbt.py
[2025-11-02T14:35:04.335+0000] {logging_mixin.py:188} INFO - [2025-11-02T14:35:04.335+0000] {dag.py:3036} INFO - Sync 1 DAGs
[2025-11-02T14:35:04.381+0000] {logging_mixin.py:188} INFO - [2025-11-02T14:35:04.381+0000] {dag.py:3823} INFO - Setting next_dagrun for scheduled_dbt_pg_daily to None, run_after=None
[2025-11-02T14:35:04.438+0000] {processor.py:183} INFO - Processing /opt/airflow/dags/pg_dbt.py took 0.217 seconds
[2025-11-02T14:35:34.690+0000] {processor.py:161} INFO - Started process (PID=5553) to work on /opt/airflow/dags/pg_dbt.py
[2025-11-02T14:35:34.693+0000] {processor.py:830} INFO - Processing file /opt/airflow/dags/pg_dbt.py for tasks to queue
[2025-11-02T14:35:34.696+0000] {logging_mixin.py:188} INFO - [2025-11-02T14:35:34.695+0000] {dagbag.py:538} INFO - Filling up the DagBag from /opt/airflow/dags/pg_dbt.py
[2025-11-02T14:35:34.726+0000] {processor.py:840} INFO - DAG(s) 'scheduled_dbt_pg_daily' retrieved from /opt/airflow/dags/pg_dbt.py
[2025-11-02T14:35:34.769+0000] {logging_mixin.py:188} INFO - [2025-11-02T14:35:34.768+0000] {dag.py:3036} INFO - Sync 1 DAGs
[2025-11-02T14:35:34.807+0000] {logging_mixin.py:188} INFO - [2025-11-02T14:35:34.807+0000] {dag.py:3823} INFO - Setting next_dagrun for scheduled_dbt_pg_daily to None, run_after=None
[2025-11-02T14:35:34.849+0000] {processor.py:183} INFO - Processing /opt/airflow/dags/pg_dbt.py took 0.166 seconds
[2025-11-02T14:36:06.928+0000] {processor.py:161} INFO - Started process (PID=5563) to work on /opt/airflow/dags/pg_dbt.py
[2025-11-02T14:36:06.931+0000] {processor.py:830} INFO - Processing file /opt/airflow/dags/pg_dbt.py for tasks to queue
[2025-11-02T14:36:06.933+0000] {logging_mixin.py:188} INFO - [2025-11-02T14:36:06.932+0000] {dagbag.py:538} INFO - Filling up the DagBag from /opt/airflow/dags/pg_dbt.py
[2025-11-02T14:36:06.982+0000] {processor.py:840} INFO - DAG(s) 'scheduled_dbt_pg_daily' retrieved from /opt/airflow/dags/pg_dbt.py
[2025-11-02T14:36:07.056+0000] {logging_mixin.py:188} INFO - [2025-11-02T14:36:07.056+0000] {dag.py:3036} INFO - Sync 1 DAGs
[2025-11-02T14:36:07.109+0000] {logging_mixin.py:188} INFO - [2025-11-02T14:36:07.108+0000] {dag.py:3823} INFO - Setting next_dagrun for scheduled_dbt_pg_daily to None, run_after=None
[2025-11-02T14:36:07.169+0000] {processor.py:183} INFO - Processing /opt/airflow/dags/pg_dbt.py took 0.248 seconds
[2025-11-02T14:36:40.054+0000] {processor.py:161} INFO - Started process (PID=5575) to work on /opt/airflow/dags/pg_dbt.py
[2025-11-02T14:36:40.056+0000] {processor.py:830} INFO - Processing file /opt/airflow/dags/pg_dbt.py for tasks to queue
[2025-11-02T14:36:40.059+0000] {logging_mixin.py:188} INFO - [2025-11-02T14:36:40.058+0000] {dagbag.py:538} INFO - Filling up the DagBag from /opt/airflow/dags/pg_dbt.py
[2025-11-02T14:36:40.095+0000] {processor.py:840} INFO - DAG(s) 'scheduled_dbt_pg_daily' retrieved from /opt/airflow/dags/pg_dbt.py
[2025-11-02T14:36:40.140+0000] {logging_mixin.py:188} INFO - [2025-11-02T14:36:40.140+0000] {dag.py:3036} INFO - Sync 1 DAGs
[2025-11-02T14:36:40.169+0000] {logging_mixin.py:188} INFO - [2025-11-02T14:36:40.169+0000] {dag.py:3823} INFO - Setting next_dagrun for scheduled_dbt_pg_daily to None, run_after=None
[2025-11-02T14:36:40.209+0000] {processor.py:183} INFO - Processing /opt/airflow/dags/pg_dbt.py took 0.161 seconds
[2025-11-02T14:37:13.488+0000] {processor.py:161} INFO - Started process (PID=5587) to work on /opt/airflow/dags/pg_dbt.py
[2025-11-02T14:37:13.492+0000] {processor.py:830} INFO - Processing file /opt/airflow/dags/pg_dbt.py for tasks to queue
[2025-11-02T14:37:13.500+0000] {logging_mixin.py:188} INFO - [2025-11-02T14:37:13.495+0000] {dagbag.py:538} INFO - Filling up the DagBag from /opt/airflow/dags/pg_dbt.py
[2025-11-02T14:37:13.544+0000] {processor.py:840} INFO - DAG(s) 'scheduled_dbt_pg_daily' retrieved from /opt/airflow/dags/pg_dbt.py
[2025-11-02T14:37:13.621+0000] {logging_mixin.py:188} INFO - [2025-11-02T14:37:13.620+0000] {dag.py:3036} INFO - Sync 1 DAGs
[2025-11-02T14:37:13.681+0000] {logging_mixin.py:188} INFO - [2025-11-02T14:37:13.680+0000] {dag.py:3823} INFO - Setting next_dagrun for scheduled_dbt_pg_daily to None, run_after=None
[2025-11-02T14:37:13.725+0000] {processor.py:183} INFO - Processing /opt/airflow/dags/pg_dbt.py took 0.257 seconds
[2025-11-02T14:37:46.969+0000] {processor.py:161} INFO - Started process (PID=5599) to work on /opt/airflow/dags/pg_dbt.py
[2025-11-02T14:37:46.972+0000] {processor.py:830} INFO - Processing file /opt/airflow/dags/pg_dbt.py for tasks to queue
[2025-11-02T14:37:46.975+0000] {logging_mixin.py:188} INFO - [2025-11-02T14:37:46.974+0000] {dagbag.py:538} INFO - Filling up the DagBag from /opt/airflow/dags/pg_dbt.py
[2025-11-02T14:37:47.011+0000] {processor.py:840} INFO - DAG(s) 'scheduled_dbt_pg_daily' retrieved from /opt/airflow/dags/pg_dbt.py
[2025-11-02T14:37:47.055+0000] {logging_mixin.py:188} INFO - [2025-11-02T14:37:47.054+0000] {dag.py:3036} INFO - Sync 1 DAGs
[2025-11-02T14:37:47.088+0000] {logging_mixin.py:188} INFO - [2025-11-02T14:37:47.088+0000] {dag.py:3823} INFO - Setting next_dagrun for scheduled_dbt_pg_daily to None, run_after=None
[2025-11-02T14:37:47.134+0000] {processor.py:183} INFO - Processing /opt/airflow/dags/pg_dbt.py took 0.173 seconds
[2025-11-02T14:38:20.029+0000] {processor.py:161} INFO - Started process (PID=5611) to work on /opt/airflow/dags/pg_dbt.py
[2025-11-02T14:38:20.031+0000] {processor.py:830} INFO - Processing file /opt/airflow/dags/pg_dbt.py for tasks to queue
[2025-11-02T14:38:20.034+0000] {logging_mixin.py:188} INFO - [2025-11-02T14:38:20.033+0000] {dagbag.py:538} INFO - Filling up the DagBag from /opt/airflow/dags/pg_dbt.py
[2025-11-02T14:38:20.068+0000] {processor.py:840} INFO - DAG(s) 'scheduled_dbt_pg_daily' retrieved from /opt/airflow/dags/pg_dbt.py
[2025-11-02T14:38:20.121+0000] {logging_mixin.py:188} INFO - [2025-11-02T14:38:20.121+0000] {dag.py:3036} INFO - Sync 1 DAGs
[2025-11-02T14:38:20.156+0000] {logging_mixin.py:188} INFO - [2025-11-02T14:38:20.156+0000] {dag.py:3823} INFO - Setting next_dagrun for scheduled_dbt_pg_daily to None, run_after=None
[2025-11-02T14:38:20.204+0000] {processor.py:183} INFO - Processing /opt/airflow/dags/pg_dbt.py took 0.181 seconds
[2025-11-02T14:38:53.465+0000] {processor.py:161} INFO - Started process (PID=5623) to work on /opt/airflow/dags/pg_dbt.py
[2025-11-02T14:38:53.468+0000] {processor.py:830} INFO - Processing file /opt/airflow/dags/pg_dbt.py for tasks to queue
[2025-11-02T14:38:53.470+0000] {logging_mixin.py:188} INFO - [2025-11-02T14:38:53.470+0000] {dagbag.py:538} INFO - Filling up the DagBag from /opt/airflow/dags/pg_dbt.py
[2025-11-02T14:38:53.524+0000] {processor.py:840} INFO - DAG(s) 'scheduled_dbt_pg_daily' retrieved from /opt/airflow/dags/pg_dbt.py
[2025-11-02T14:38:53.570+0000] {logging_mixin.py:188} INFO - [2025-11-02T14:38:53.569+0000] {dag.py:3036} INFO - Sync 1 DAGs
[2025-11-02T14:38:53.609+0000] {logging_mixin.py:188} INFO - [2025-11-02T14:38:53.609+0000] {dag.py:3823} INFO - Setting next_dagrun for scheduled_dbt_pg_daily to None, run_after=None
[2025-11-02T14:38:53.652+0000] {processor.py:183} INFO - Processing /opt/airflow/dags/pg_dbt.py took 0.194 seconds
[2025-11-02T14:39:26.701+0000] {processor.py:161} INFO - Started process (PID=5635) to work on /opt/airflow/dags/pg_dbt.py
[2025-11-02T14:39:26.703+0000] {processor.py:830} INFO - Processing file /opt/airflow/dags/pg_dbt.py for tasks to queue
[2025-11-02T14:39:26.706+0000] {logging_mixin.py:188} INFO - [2025-11-02T14:39:26.706+0000] {dagbag.py:538} INFO - Filling up the DagBag from /opt/airflow/dags/pg_dbt.py
[2025-11-02T14:39:26.756+0000] {processor.py:840} INFO - DAG(s) 'scheduled_dbt_pg_daily' retrieved from /opt/airflow/dags/pg_dbt.py
[2025-11-02T14:39:26.840+0000] {logging_mixin.py:188} INFO - [2025-11-02T14:39:26.839+0000] {dag.py:3036} INFO - Sync 1 DAGs
[2025-11-02T14:39:26.924+0000] {logging_mixin.py:188} INFO - [2025-11-02T14:39:26.924+0000] {dag.py:3823} INFO - Setting next_dagrun for scheduled_dbt_pg_daily to None, run_after=None
[2025-11-02T14:39:27.065+0000] {processor.py:183} INFO - Processing /opt/airflow/dags/pg_dbt.py took 0.378 seconds
[2025-11-02T14:40:00.442+0000] {processor.py:161} INFO - Started process (PID=5647) to work on /opt/airflow/dags/pg_dbt.py
[2025-11-02T14:40:00.444+0000] {processor.py:830} INFO - Processing file /opt/airflow/dags/pg_dbt.py for tasks to queue
[2025-11-02T14:40:00.448+0000] {logging_mixin.py:188} INFO - [2025-11-02T14:40:00.446+0000] {dagbag.py:538} INFO - Filling up the DagBag from /opt/airflow/dags/pg_dbt.py
[2025-11-02T14:40:00.502+0000] {processor.py:840} INFO - DAG(s) 'scheduled_dbt_pg_daily' retrieved from /opt/airflow/dags/pg_dbt.py
[2025-11-02T14:40:00.623+0000] {logging_mixin.py:188} INFO - [2025-11-02T14:40:00.623+0000] {dag.py:3036} INFO - Sync 1 DAGs
[2025-11-02T14:40:00.676+0000] {logging_mixin.py:188} INFO - [2025-11-02T14:40:00.675+0000] {dag.py:3823} INFO - Setting next_dagrun for scheduled_dbt_pg_daily to None, run_after=None
[2025-11-02T14:40:00.788+0000] {processor.py:183} INFO - Processing /opt/airflow/dags/pg_dbt.py took 0.354 seconds
[2025-11-02T14:40:33.377+0000] {processor.py:161} INFO - Started process (PID=5659) to work on /opt/airflow/dags/pg_dbt.py
[2025-11-02T14:40:33.397+0000] {processor.py:830} INFO - Processing file /opt/airflow/dags/pg_dbt.py for tasks to queue
[2025-11-02T14:40:33.413+0000] {logging_mixin.py:188} INFO - [2025-11-02T14:40:33.412+0000] {dagbag.py:538} INFO - Filling up the DagBag from /opt/airflow/dags/pg_dbt.py
[2025-11-02T14:40:33.592+0000] {processor.py:840} INFO - DAG(s) 'scheduled_dbt_pg_daily' retrieved from /opt/airflow/dags/pg_dbt.py
[2025-11-02T14:40:33.730+0000] {logging_mixin.py:188} INFO - [2025-11-02T14:40:33.730+0000] {dag.py:3036} INFO - Sync 1 DAGs
[2025-11-02T14:40:33.862+0000] {logging_mixin.py:188} INFO - [2025-11-02T14:40:33.862+0000] {dag.py:3823} INFO - Setting next_dagrun for scheduled_dbt_pg_daily to None, run_after=None
[2025-11-02T14:40:33.952+0000] {processor.py:183} INFO - Processing /opt/airflow/dags/pg_dbt.py took 0.601 seconds
[2025-11-02T14:41:06.743+0000] {processor.py:161} INFO - Started process (PID=5671) to work on /opt/airflow/dags/pg_dbt.py
[2025-11-02T14:41:06.745+0000] {processor.py:830} INFO - Processing file /opt/airflow/dags/pg_dbt.py for tasks to queue
[2025-11-02T14:41:06.748+0000] {logging_mixin.py:188} INFO - [2025-11-02T14:41:06.747+0000] {dagbag.py:538} INFO - Filling up the DagBag from /opt/airflow/dags/pg_dbt.py
[2025-11-02T14:41:06.796+0000] {processor.py:840} INFO - DAG(s) 'scheduled_dbt_pg_daily' retrieved from /opt/airflow/dags/pg_dbt.py
[2025-11-02T14:41:06.861+0000] {logging_mixin.py:188} INFO - [2025-11-02T14:41:06.861+0000] {dag.py:3036} INFO - Sync 1 DAGs
[2025-11-02T14:41:06.961+0000] {logging_mixin.py:188} INFO - [2025-11-02T14:41:06.961+0000] {dag.py:3823} INFO - Setting next_dagrun for scheduled_dbt_pg_daily to None, run_after=None
[2025-11-02T14:41:07.017+0000] {processor.py:183} INFO - Processing /opt/airflow/dags/pg_dbt.py took 0.283 seconds
[2025-11-02T14:41:37.861+0000] {processor.py:161} INFO - Started process (PID=5683) to work on /opt/airflow/dags/pg_dbt.py
[2025-11-02T14:41:37.863+0000] {processor.py:830} INFO - Processing file /opt/airflow/dags/pg_dbt.py for tasks to queue
[2025-11-02T14:41:37.866+0000] {logging_mixin.py:188} INFO - [2025-11-02T14:41:37.865+0000] {dagbag.py:538} INFO - Filling up the DagBag from /opt/airflow/dags/pg_dbt.py
[2025-11-02T14:41:37.917+0000] {processor.py:840} INFO - DAG(s) 'scheduled_dbt_pg_daily' retrieved from /opt/airflow/dags/pg_dbt.py
[2025-11-02T14:41:38.057+0000] {logging_mixin.py:188} INFO - [2025-11-02T14:41:38.056+0000] {dag.py:3036} INFO - Sync 1 DAGs
[2025-11-02T14:41:38.228+0000] {logging_mixin.py:188} INFO - [2025-11-02T14:41:38.218+0000] {dag.py:3823} INFO - Setting next_dagrun for scheduled_dbt_pg_daily to None, run_after=None
[2025-11-02T14:41:38.556+0000] {processor.py:183} INFO - Processing /opt/airflow/dags/pg_dbt.py took 0.706 seconds
[2025-11-02T14:42:09.727+0000] {processor.py:161} INFO - Started process (PID=5695) to work on /opt/airflow/dags/pg_dbt.py
[2025-11-02T14:42:09.742+0000] {processor.py:830} INFO - Processing file /opt/airflow/dags/pg_dbt.py for tasks to queue
[2025-11-02T14:42:09.745+0000] {logging_mixin.py:188} INFO - [2025-11-02T14:42:09.744+0000] {dagbag.py:538} INFO - Filling up the DagBag from /opt/airflow/dags/pg_dbt.py
[2025-11-02T14:42:09.872+0000] {processor.py:840} INFO - DAG(s) 'scheduled_dbt_pg_daily' retrieved from /opt/airflow/dags/pg_dbt.py
[2025-11-02T14:42:10.103+0000] {logging_mixin.py:188} INFO - [2025-11-02T14:42:10.101+0000] {dag.py:3036} INFO - Sync 1 DAGs
[2025-11-02T14:42:10.215+0000] {logging_mixin.py:188} INFO - [2025-11-02T14:42:10.214+0000] {dag.py:3823} INFO - Setting next_dagrun for scheduled_dbt_pg_daily to None, run_after=None
[2025-11-02T14:42:10.621+0000] {processor.py:183} INFO - Processing /opt/airflow/dags/pg_dbt.py took 0.908 seconds
[2025-11-02T14:42:41.730+0000] {processor.py:161} INFO - Started process (PID=5708) to work on /opt/airflow/dags/pg_dbt.py
[2025-11-02T14:42:41.759+0000] {processor.py:830} INFO - Processing file /opt/airflow/dags/pg_dbt.py for tasks to queue
[2025-11-02T14:42:41.761+0000] {logging_mixin.py:188} INFO - [2025-11-02T14:42:41.761+0000] {dagbag.py:538} INFO - Filling up the DagBag from /opt/airflow/dags/pg_dbt.py
[2025-11-02T14:42:41.829+0000] {processor.py:840} INFO - DAG(s) 'scheduled_dbt_pg_daily' retrieved from /opt/airflow/dags/pg_dbt.py
[2025-11-02T14:42:41.934+0000] {logging_mixin.py:188} INFO - [2025-11-02T14:42:41.933+0000] {dag.py:3036} INFO - Sync 1 DAGs
[2025-11-02T14:42:42.093+0000] {logging_mixin.py:188} INFO - [2025-11-02T14:42:42.093+0000] {dag.py:3823} INFO - Setting next_dagrun for scheduled_dbt_pg_daily to None, run_after=None
[2025-11-02T14:42:42.445+0000] {processor.py:183} INFO - Processing /opt/airflow/dags/pg_dbt.py took 0.729 seconds
[2025-11-02T14:43:12.952+0000] {processor.py:161} INFO - Started process (PID=5719) to work on /opt/airflow/dags/pg_dbt.py
[2025-11-02T14:43:12.954+0000] {processor.py:830} INFO - Processing file /opt/airflow/dags/pg_dbt.py for tasks to queue
[2025-11-02T14:43:12.955+0000] {logging_mixin.py:188} INFO - [2025-11-02T14:43:12.955+0000] {dagbag.py:538} INFO - Filling up the DagBag from /opt/airflow/dags/pg_dbt.py
[2025-11-02T14:43:13.022+0000] {processor.py:840} INFO - DAG(s) 'scheduled_dbt_pg_daily' retrieved from /opt/airflow/dags/pg_dbt.py
[2025-11-02T14:43:13.090+0000] {logging_mixin.py:188} INFO - [2025-11-02T14:43:13.089+0000] {dag.py:3036} INFO - Sync 1 DAGs
[2025-11-02T14:43:13.133+0000] {logging_mixin.py:188} INFO - [2025-11-02T14:43:13.132+0000] {dag.py:3823} INFO - Setting next_dagrun for scheduled_dbt_pg_daily to None, run_after=None
[2025-11-02T14:43:13.218+0000] {processor.py:183} INFO - Processing /opt/airflow/dags/pg_dbt.py took 0.273 seconds
[2025-11-02T14:43:43.677+0000] {processor.py:161} INFO - Started process (PID=5731) to work on /opt/airflow/dags/pg_dbt.py
[2025-11-02T14:43:43.684+0000] {processor.py:830} INFO - Processing file /opt/airflow/dags/pg_dbt.py for tasks to queue
[2025-11-02T14:43:43.762+0000] {logging_mixin.py:188} INFO - [2025-11-02T14:43:43.761+0000] {dagbag.py:538} INFO - Filling up the DagBag from /opt/airflow/dags/pg_dbt.py
[2025-11-02T14:43:43.805+0000] {processor.py:840} INFO - DAG(s) 'scheduled_dbt_pg_daily' retrieved from /opt/airflow/dags/pg_dbt.py
[2025-11-02T14:43:43.918+0000] {logging_mixin.py:188} INFO - [2025-11-02T14:43:43.917+0000] {dag.py:3036} INFO - Sync 1 DAGs
[2025-11-02T14:43:44.306+0000] {logging_mixin.py:188} INFO - [2025-11-02T14:43:44.305+0000] {dag.py:3823} INFO - Setting next_dagrun for scheduled_dbt_pg_daily to None, run_after=None
[2025-11-02T14:43:44.479+0000] {processor.py:183} INFO - Processing /opt/airflow/dags/pg_dbt.py took 0.819 seconds
[2025-11-02T14:44:15.202+0000] {processor.py:161} INFO - Started process (PID=5743) to work on /opt/airflow/dags/pg_dbt.py
[2025-11-02T14:44:15.204+0000] {processor.py:830} INFO - Processing file /opt/airflow/dags/pg_dbt.py for tasks to queue
[2025-11-02T14:44:15.207+0000] {logging_mixin.py:188} INFO - [2025-11-02T14:44:15.206+0000] {dagbag.py:538} INFO - Filling up the DagBag from /opt/airflow/dags/pg_dbt.py
[2025-11-02T14:44:15.259+0000] {processor.py:840} INFO - DAG(s) 'scheduled_dbt_pg_daily' retrieved from /opt/airflow/dags/pg_dbt.py
[2025-11-02T14:44:15.356+0000] {logging_mixin.py:188} INFO - [2025-11-02T14:44:15.355+0000] {dag.py:3036} INFO - Sync 1 DAGs
[2025-11-02T14:44:15.553+0000] {logging_mixin.py:188} INFO - [2025-11-02T14:44:15.552+0000] {dag.py:3823} INFO - Setting next_dagrun for scheduled_dbt_pg_daily to None, run_after=None
[2025-11-02T14:44:15.609+0000] {processor.py:183} INFO - Processing /opt/airflow/dags/pg_dbt.py took 0.415 seconds
[2025-11-02T14:44:46.242+0000] {processor.py:161} INFO - Started process (PID=5755) to work on /opt/airflow/dags/pg_dbt.py
[2025-11-02T14:44:46.245+0000] {processor.py:830} INFO - Processing file /opt/airflow/dags/pg_dbt.py for tasks to queue
[2025-11-02T14:44:46.248+0000] {logging_mixin.py:188} INFO - [2025-11-02T14:44:46.247+0000] {dagbag.py:538} INFO - Filling up the DagBag from /opt/airflow/dags/pg_dbt.py
[2025-11-02T14:44:46.370+0000] {processor.py:840} INFO - DAG(s) 'scheduled_dbt_pg_daily' retrieved from /opt/airflow/dags/pg_dbt.py
[2025-11-02T14:44:46.475+0000] {logging_mixin.py:188} INFO - [2025-11-02T14:44:46.475+0000] {dag.py:3036} INFO - Sync 1 DAGs
[2025-11-02T14:44:46.565+0000] {logging_mixin.py:188} INFO - [2025-11-02T14:44:46.565+0000] {dag.py:3823} INFO - Setting next_dagrun for scheduled_dbt_pg_daily to None, run_after=None
[2025-11-02T14:44:46.731+0000] {processor.py:183} INFO - Processing /opt/airflow/dags/pg_dbt.py took 0.504 seconds
